chargeback_id,txn_id,filed_at,reason_code,outcome
CB0000022,T0000022,2026-03-03 02:59:00,duplicate,lost
CB0000084,T0000084,2026-08-01 06:14:00,product_not_received,pending
CB0000120,T0000120,2026-07-19 12:23:00,credit_not_processed,won
CB0000153,T0000153,2026-03-19 03:48:00,duplicate,won
CB0000158,T0000158,2026-03-22 09:07:00,duplicate,pending
CB0000166,T0000166,2026-06-07 12:27:00,duplicate,won
CB0000179,T0000179,2026-04-25 17:51:00,product_not_received,won
CB0000281,T0000281,2026-04-29 22:02:00,duplicate,lost
CB0000292,T0000292,2026-03-08 23:23:00,product_not_received,pending
CB0000314,T0000314,2026-05-22 18:26:00,product_not_received,pending
CB0000316,T0000316,2026-06-03 05:32:00,duplicate,lost
CB0000317,T0000317,2026-03-03 00:34:00,credit_not_processed,pending
CB0000358,T0000358,2026-07-04 08:00:00,duplicate,pending
CB0000380,T0000380,2026-02-17 18:26:00,duplicate,won
CB0000391,T0000391,2026-02-21 22:54:00,fraud,pending
CB0000408,T0000408,2026-04-12 04:26:00,credit_not_processed,pending
CB0000440,T0000440,2026-03-13 17:35:00,credit_not_processed,pending
CB0000478,T0000478,2026-05-14 10:02:00,fraud,lost
CB0000497,T0000497,2026-02-21 21:22:00,product_not_received,won
CB0000539,T0000539,2026-07-28 10:04:00,credit_not_processed,lost
CB0000588,T0000588,2026-03-16 21:36:00,credit_not_processed,won
CB0000589,T0000589,2026-06-15 00:48:00,duplicate,lost
CB0000607,T0000607,2026-07-18 15:33:00,duplicate,pending
CB0000646,T0000646,2026-02-04 03:06:00,credit_not_processed,pending
CB0000678,T0000678,2026-07-28 20:58:00,duplicate,won
CB0000846,T0000846,2026-04-28 22:59:00,product_not_received,won
CB0000855,T0000855,2026-05-26 07:26:00,fraud,lost
CB0000884,T0000884,2026-04-17 20:18:00,fraud,won
CB0000937,T0000937,2026-03-23 13:32:00,credit_not_processed,won
CB0000958,T0000958,2026-02-13 01:29:00,credit_not_processed,won
CB0000966,T0000966,2026-01-31 16:27:00,product_not_received,pending
CB0001021,T0001021,2026-03-31 00:09:00,duplicate,lost
CB0001108,T0001108,2026-06-25 04:36:00,fraud,pending
CB0001231,T0001231,2026-04-17 01:53:00,credit_not_processed,pending
CB0001241,T0001241,2026-06-04 00:05:00,duplicate,won
CB0001321,T0001321,2026-03-04 19:27:00,credit_not_processed,pending
CB0001363,T0001363,2026-05-19 04:57:00,duplicate,lost
CB0001370,T0001370,2026-05-31 00:22:00,fraud,won
CB0001389,T0001389,2026-07-31 03:48:00,duplicate,won
CB0001392,T0001392,2026-07-14 17:11:00,duplicate,lost
CB0001466,T0001466,2026-04-17 15:02:00,product_not_received,pending
CB0001509,T0001509,2026-06-27 01:41:00,product_not_received,pending
CB0001529,T0001529,2026-01-29 09:48:00,fraud,pending
CB0001543,T0001543,2026-01-14 15:40:00,fraud,lost
CB0001596,T0001596,2026-01-24 18:42:00,credit_not_processed,won
CB0001599,T0001599,2026-02-02 11:40:00,fraud,lost
CB0001678,T0001678,2026-04-20 13:26:00,fraud,pending
CB0001785,T0001785,2026-07-11 10:10:00,fraud,pending
CB0001836,T0001836,2026-06-27 19:27:00,duplicate,lost
CB0001846,T0001846,2026-01-31 15:59:00,fraud,lost
CB0001849,T0001849,2026-07-11 09:11:00,credit_not_processed,lost
CB0001906,T0001906,2026-01-25 17:59:00,duplicate,pending
CB0001929,T0001929,2026-03-18 02:18:00,fraud,pending
CB0001955,T0001955,2026-06-05 05:38:00,product_not_received,won
CB0001965,T0001965,2026-08-05 15:31:00,credit_not_processed,won
CB0001978,T0001978,2026-07-27 17:34:00,product_not_received,pending
CB0002020,T0002020,2026-06-13 14:48:00,duplicate,won
CB0002043,T0002043,2026-07-10 13:19:00,fraud,won
CB0002050,T0002050,2026-05-03 00:38:00,duplicate,won
CB0002055,T0002055,2026-04-26 08:24:00,credit_not_processed,lost
CB0002078,T0002078,2026-05-18 11:20:00,credit_not_processed,pending
CB0002154,T0002154,2026-03-27 00:02:00,product_not_received,won
CB0002213,T0002213,2026-01-16 07:47:00,product_not_received,lost
CB0002294,T0002294,2026-05-24 06:59:00,product_not_received,won
CB0002313,T0002313,2026-03-01 22:12:00,credit_not_processed,lost
CB0002356,T0002356,2026-06-04 14:38:00,fraud,pending
CB0002404,T0002404,2026-07-15 17:17:00,duplicate,pending
CB0002420,T0002420,2026-04-01 03:46:00,product_not_received,pending
CB0002425,T0002425,2026-01-25 16:42:00,product_not_received,lost
CB0002472,T0002472,2026-05-22 04:27:00,fraud,pending
CB0002545,T0002545,2026-06-09 00:28:00,fraud,pending
CB0002623,T0002623,2026-05-07 04:09:00,fraud,pending
CB0002648,T0002648,2026-06-29 10:14:00,fraud,pending
CB0002709,T0002709,2026-01-31 10:24:00,product_not_received,won
CB0002726,T0002726,2026-03-12 18:52:00,fraud,lost
CB0002753,T0002753,2026-02-01 02:26:00,duplicate,lost
CB0002802,T0002802,2026-01-17 19:07:00,credit_not_processed,pending
CB0002850,T0002850,2026-07-29 13:42:00,credit_not_processed,won
CB0002880,T0002880,2026-01-20 18:12:00,fraud,won
CB0002907,T0002907,2026-03-11 08:30:00,credit_not_processed,lost
CB0003005,T0003005,2026-01-09 23:34:00,product_not_received,pending
CB0003062,T0003062,2026-03-07 17:10:00,fraud,pending
CB0003108,T0003108,2026-02-20 02:17:00,credit_not_processed,pending
CB0003149,T0003149,2026-03-05 12:02:00,duplicate,pending
CB0003305,T0003305,2026-02-03 23:53:00,credit_not_processed,lost
CB0003310,T0003310,2026-02-14 19:06:00,duplicate,pending
CB0003312,T0003312,2026-07-05 00:45:00,credit_not_processed,lost
CB0003343,T0003343,2026-03-28 03:35:00,fraud,won
CB0003354,T0003354,2026-04-17 14:31:00,product_not_received,pending
CB0003440,T0003440,2026-01-18 00:41:00,fraud,lost
CB0003609,T0003609,2026-03-19 05:39:00,product_not_received,lost
CB0003677,T0003677,2026-08-09 04:07:00,duplicate,lost
CB0003701,T0003701,2026-07-25 12:01:00,credit_not_processed,won
CB0003780,T0003780,2026-02-04 23:24:00,product_not_received,won
CB0003788,T0003788,2026-02-01 08:33:00,credit_not_processed,won
CB0003861,T0003861,2026-05-25 09:32:00,fraud,pending
CB0003961,T0003961,2026-05-11 02:56:00,product_not_received,won
CB0003984,T0003984,2026-04-02 00:56:00,duplicate,won
CB0003993,T0003993,2026-05-20 15:35:00,credit_not_processed,won
CB0004031,T0004031,2026-02-18 09:29:00,fraud,pending
CB0004076,T0004076,2026-06-13 00:41:00,product_not_received,lost
CB0004087,T0004087,2026-06-24 08:07:00,fraud,pending
CB0004097,T0004097,2026-02-01 16:23:00,duplicate,lost
CB0004154,T0004154,2026-03-09 10:53:00,fraud,lost
CB0004176,T0004176,2026-03-14 00:35:00,credit_not_processed,won
CB0004211,T0004211,2026-05-02 15:47:00,credit_not_processed,pending
CB0004214,T0004214,2026-06-05 21:53:00,product_not_received,won
CB0004270,T0004270,2026-03-21 00:14:00,duplicate,pending
CB0004277,T0004277,2026-02-21 00:26:00,product_not_received,lost
CB0004283,T0004283,2026-07-28 19:08:00,credit_not_processed,won
CB0004315,T0004315,2026-02-15 00:41:00,duplicate,pending
CB0004359,T0004359,2026-07-22 17:37:00,credit_not_processed,pending
CB0004395,T0004395,2026-01-22 13:01:00,product_not_received,won
CB0004423,T0004423,2026-04-22 18:02:00,product_not_received,won
CB0004434,T0004434,2026-03-13 01:02:00,duplicate,lost
CB0004443,T0004443,2026-04-14 12:48:00,fraud,won
CB0004481,T0004481,2026-05-31 13:52:00,duplicate,won
CB0004484,T0004484,2026-06-08 02:32:00,duplicate,won
CB0004486,T0004486,2026-03-11 14:33:00,fraud,lost
CB0004538,T0004538,2026-01-26 20:01:00,product_not_received,won
CB0004545,T0004545,2026-02-24 00:11:00,credit_not_processed,won
CB0004616,T0004616,2026-06-21 05:25:00,fraud,pending
CB0004626,T0004626,2026-03-08 04:43:00,product_not_received,won
CB0004683,T0004683,2026-03-09 11:51:00,product_not_received,won
CB0004691,T0004691,2026-04-13 08:55:00,fraud,won
CB0004699,T0004699,2026-07-14 01:17:00,credit_not_processed,lost
CB0004709,T0004709,2026-04-22 00:03:00,duplicate,lost
CB0004840,T0004840,2026-06-02 04:21:00,product_not_received,won
CB0004873,T0004873,2026-06-21 05:27:00,credit_not_processed,won
CB0004914,T0004914,2026-02-18 18:06:00,fraud,pending
CB0004936,T0004936,2026-07-20 07:44:00,duplicate,won
CB0004966,T0004966,2026-06-13 23:20:00,duplicate,won
CB0004989,T0004989,2026-06-14 05:11:00,product_not_received,pending
CB0004993,T0004993,2026-04-24 00:52:00,product_not_received,won
CB0004994,T0004994,2026-02-01 16:40:00,duplicate,pending
CB0004999,T0004999,2026-03-15 12:30:00,fraud,won
CB0005041,T0005041,2026-01-16 17:25:00,fraud,won
CB0005094,T0005094,2026-01-17 23:10:00,product_not_received,pending
CB0005122,T0005122,2026-06-07 06:34:00,product_not_received,pending
CB0005143,T0005143,2026-04-23 21:18:00,credit_not_processed,lost
CB0005148,T0005148,2026-01-22 12:34:00,product_not_received,won
CB0005166,T0005166,2026-02-17 01:57:00,product_not_received,lost
CB0005216,T0005216,2026-04-16 00:55:00,credit_not_processed,won
CB0005321,T0005321,2026-01-20 17:53:00,duplicate,lost
CB0005395,T0005395,2026-05-09 05:20:00,duplicate,lost
CB0005417,T0005417,2026-03-22 00:20:00,product_not_received,pending
CB0005509,T0005509,2026-02-18 11:26:00,credit_not_processed,won
CB0005548,T0005548,2026-06-19 04:02:00,fraud,won
CB0005637,T0005637,2026-02-07 02:26:00,credit_not_processed,lost
CB0005639,T0005639,2026-04-05 20:41:00,product_not_received,lost
CB0005653,T0005653,2026-05-23 21:45:00,product_not_received,lost
CB0005807,T0005807,2026-05-20 11:49:00,fraud,pending
CB0005853,T0005853,2026-02-23 17:36:00,credit_not_processed,lost
CB0005969,T0005969,2026-04-05 16:21:00,duplicate,pending
CB0005989,T0005989,2026-07-25 01:26:00,credit_not_processed,won
CB0005997,T0005997,2026-07-29 16:41:00,duplicate,lost
CB0006045,T0006045,2026-05-14 00:08:00,duplicate,pending
CB0006046,T0006046,2026-04-29 00:58:00,credit_not_processed,won
CB0006119,T0006119,2026-02-05 07:45:00,duplicate,lost
CB0006125,T0006125,2026-07-19 08:10:00,fraud,won
CB0006167,T0006167,2026-07-19 13:34:00,credit_not_processed,won
CB0006207,T0006207,2026-07-22 09:18:00,product_not_received,lost
CB0006220,T0006220,2026-07-28 08:47:00,fraud,pending
CB0006277,T0006277,2026-02-07 05:20:00,product_not_received,won
CB0006310,T0006310,2026-02-10 16:34:00,duplicate,pending
CB0006311,T0006311,2026-04-15 00:45:00,credit_not_processed,lost
CB0006419,T0006419,2026-03-23 02:22:00,product_not_received,won
CB0006431,T0006431,2026-01-10 17:16:00,fraud,lost
CB0006537,T0006537,2026-02-14 18:02:00,product_not_received,won
CB0006542,T0006542,2026-07-29 02:35:00,credit_not_processed,won
CB0006562,T0006562,2026-05-29 00:42:00,fraud,pending
CB0006641,T0006641,2026-07-23 19:32:00,fraud,lost
CB0006644,T0006644,2026-04-20 05:58:00,credit_not_processed,lost
CB0006665,T0006665,2026-07-03 15:57:00,duplicate,lost
CB0006774,T0006774,2026-07-31 13:57:00,fraud,won
CB0006810,T0006810,2026-07-02 03:06:00,duplicate,won
CB0006813,T0006813,2026-03-20 02:21:00,duplicate,won
CB0006820,T0006820,2026-04-06 01:40:00,product_not_received,lost
CB0006828,T0006828,2026-07-09 09:52:00,fraud,pending
CB0006871,T0006871,2026-04-30 21:55:00,product_not_received,pending
CB0006899,T0006899,2026-07-31 05:48:00,product_not_received,won
CB0006902,T0006902,2026-03-09 05:48:00,duplicate,lost
CB0006940,T0006940,2026-03-20 17:54:00,fraud,won
CB0006957,T0006957,2026-06-16 09:59:00,credit_not_processed,lost
CB0006989,T0006989,2026-07-24 04:52:00,credit_not_processed,won
CB0007010,T0007010,2026-01-30 10:11:00,product_not_received,pending
CB0007014,T0007014,2026-03-26 02:39:00,product_not_received,won
CB0007027,T0007027,2026-07-25 07:05:00,credit_not_processed,won
CB0007050,T0007050,2026-06-30 21:45:00,fraud,lost
CB0007096,T0007096,2026-02-22 12:16:00,product_not_received,pending
CB0007111,T0007111,2026-05-24 00:37:00,credit_not_processed,lost
CB0007140,T0007140,2026-01-14 10:52:00,fraud,pending
CB0007175,T0007175,2026-07-14 22:15:00,credit_not_processed,lost
CB0007208,T0007208,2026-06-07 00:50:00,product_not_received,won
CB0007239,T0007239,2026-04-09 02:48:00,product_not_received,lost
CB0007345,T0007345,2026-05-19 06:17:00,credit_not_processed,lost
CB0007399,T0007399,2026-06-17 15:14:00,duplicate,pending
CB0007427,T0007427,2026-06-13 16:33:00,duplicate,lost
CB0007428,T0007428,2026-07-15 21:21:00,product_not_received,lost
CB0007455,T0007455,2026-01-23 08:17:00,product_not_received,won
CB0007484,T0007484,2026-02-18 17:03:00,credit_not_processed,won
CB0007492,T0007492,2026-02-12 07:42:00,fraud,lost
CB0007498,T0007498,2026-06-30 00:04:00,duplicate,pending
CB0007525,T0007525,2026-02-15 00:18:00,product_not_received,won
CB0007534,T0007534,2026-04-18 00:26:00,product_not_received,lost
CB0007537,T0007537,2026-01-05 07:29:00,duplicate,pending
CB0007569,T0007569,2026-05-29 00:21:00,duplicate,lost
CB0007618,T0007618,2026-07-27 00:44:00,credit_not_processed,won
CB0007641,T0007641,2026-03-25 00:07:00,product_not_received,pending
CB0007684,T0007684,2026-07-30 05:17:00,duplicate,pending
CB0007691,T0007691,2026-03-24 03:34:00,product_not_received,won
CB0007704,T0007704,2026-07-28 21:28:00,fraud,won
CB0007737,T0007737,2026-01-30 03:30:00,duplicate,pending
CB0007817,T0007817,2026-08-02 08:42:00,credit_not_processed,won
CB0007882,T0007882,2026-04-18 03:11:00,product_not_received,won
CB0007940,T0007940,2026-07-04 07:22:00,product_not_received,lost
CB0007950,T0007950,2026-07-10 11:47:00,duplicate,lost
CB0007991,T0007991,2026-06-02 16:50:00,product_not_received,won
CB0008051,T0008051,2026-03-26 13:34:00,fraud,won
CB0008059,T0008059,2026-08-02 09:09:00,fraud,won
CB0008101,T0008101,2026-04-04 08:56:00,duplicate,lost
CB0008174,T0008174,2026-02-18 16:57:00,duplicate,pending
CB0008242,T0008242,2026-03-28 15:23:00,product_not_received,lost
CB0008407,T0008407,2026-03-27 23:50:00,duplicate,lost
CB0008426,T0008426,2026-04-04 04:27:00,duplicate,pending
CB0008462,T0008462,2026-02-10 00:41:00,product_not_received,won
CB0008496,T0008496,2026-05-08 06:55:00,credit_not_processed,won
CB0008506,T0008506,2026-03-01 19:48:00,credit_not_processed,lost
CB0008544,T0008544,2026-06-26 15:58:00,product_not_received,won
CB0008578,T0008578,2026-05-22 17:32:00,credit_not_processed,lost
CB0008647,T0008647,2026-06-21 13:29:00,credit_not_processed,pending
CB0008649,T0008649,2026-05-03 18:54:00,fraud,lost
CB0008728,T0008728,2026-04-17 16:20:00,fraud,lost
CB0008746,T0008746,2026-04-03 14:20:00,credit_not_processed,lost
CB0008811,T0008811,2026-07-18 07:52:00,product_not_received,won
CB0008828,T0008828,2026-02-28 22:18:00,product_not_received,won
CB0008888,T0008888,2026-03-15 09:42:00,product_not_received,won
CB0008900,T0008900,2026-04-20 00:39:00,duplicate,lost
CB0008982,T0008982,2026-05-01 01:47:00,duplicate,lost
CB0009044,T0009044,2026-03-11 10:45:00,credit_not_processed,pending
CB0009056,T0009056,2026-06-27 18:11:00,credit_not_processed,lost
CB0009096,T0009096,2026-05-18 09:50:00,fraud,lost
CB0009097,T0009097,2026-04-13 20:55:00,duplicate,won
CB0009131,T0009131,2026-07-28 02:39:00,fraud,pending
CB0009133,T0009133,2026-03-07 07:48:00,credit_not_processed,pending
CB0009139,T0009139,2026-05-03 03:37:00,fraud,pending
CB0009142,T0009142,2026-01-22 20:06:00,product_not_received,lost
CB0009203,T0009203,2026-07-24 03:29:00,duplicate,won
CB0009462,T0009462,2026-04-02 02:00:00,duplicate,pending
CB0009487,T0009487,2026-03-25 22:26:00,duplicate,won
CB0009518,T0009518,2026-07-17 03:16:00,duplicate,won
CB0009534,T0009534,2026-06-17 12:19:00,credit_not_processed,lost
CB0009552,T0009552,2026-02-08 04:32:00,duplicate,lost
CB0009579,T0009579,2026-05-12 04:14:00,product_not_received,won
CB0009672,T0009672,2026-04-08 00:27:00,product_not_received,lost
CB0009674,T0009674,2026-07-24 15:13:00,product_not_received,lost
CB0009677,T0009677,2026-07-25 03:22:00,product_not_received,pending
CB0009687,T0009687,2026-04-13 01:19:00,product_not_received,lost
CB0009813,T0009813,2026-05-11 14:30:00,duplicate,pending
CB0009825,T0009825,2026-02-02 13:40:00,fraud,lost
CB0009940,T0009940,2026-01-29 09:19:00,fraud,pending
CB0009955,T0009955,2026-02-19 17:12:00,credit_not_processed,lost
CB0009962,T0009962,2026-07-20 11:10:00,credit_not_processed,lost
CB0010002,T0010002,2026-04-29 08:12:00,duplicate,lost
CB0010007,T0010007,2026-05-11 16:50:00,product_not_received,won
CB0010015,T0010015,2026-05-10 18:44:00,credit_not_processed,won
CB0010040,T0010040,2026-03-17 07:15:00,fraud,lost
CB0010129,T0010129,2026-05-28 11:23:00,credit_not_processed,won
CB0010142,T0010142,2026-04-24 00:14:00,credit_not_processed,lost
CB0010175,T0010175,2026-02-04 12:53:00,duplicate,pending
CB0010217,T0010217,2026-03-27 00:36:00,fraud,won
CB0010300,T0010300,2026-05-11 01:30:00,fraud,lost
CB0010348,T0010348,2026-05-27 16:08:00,fraud,lost
CB0010385,T0010385,2026-07-26 01:20:00,product_not_received,won
CB0010425,T0010425,2026-05-17 17:32:00,duplicate,pending
CB0010428,T0010428,2026-05-02 00:28:00,duplicate,pending
CB0010534,T0010534,2026-07-21 10:15:00,fraud,pending
CB0010615,T0010615,2026-06-29 18:20:00,fraud,pending
CB0010626,T0010626,2026-02-24 11:03:00,credit_not_processed,pending
CB0010640,T0010640,2026-02-11 11:36:00,credit_not_processed,pending
CB0010678,T0010678,2026-01-24 15:18:00,product_not_received,pending
CB0010698,T0010698,2026-05-26 21:25:00,fraud,won
CB0010724,T0010724,2026-06-17 16:27:00,credit_not_processed,won
CB0010731,T0010731,2026-07-05 04:24:00,product_not_received,lost
CB0010750,T0010750,2026-07-15 12:16:00,duplicate,pending
CB0010767,T0010767,2026-05-03 02:22:00,fraud,pending
CB0010777,T0010777,2026-07-27 14:52:00,duplicate,won
CB0010802,T0010802,2026-06-20 01:21:00,credit_not_processed,pending
CB0010814,T0010814,2026-02-04 10:03:00,fraud,pending
CB0010826,T0010826,2026-02-26 08:20:00,duplicate,pending
CB0010836,T0010836,2026-06-16 00:06:00,product_not_received,lost
CB0010866,T0010866,2026-03-01 21:53:00,credit_not_processed,lost
CB0010920,T0010920,2026-05-24 03:55:00,fraud,won
CB0010937,T0010937,2026-02-10 06:03:00,credit_not_processed,won
CB0010965,T0010965,2026-06-13 03:40:00,duplicate,lost
CB0010968,T0010968,2026-07-23 14:04:00,duplicate,won
CB0010969,T0010969,2026-07-18 07:12:00,duplicate,won
CB0010989,T0010989,2026-01-28 13:45:00,product_not_received,pending
CB0010999,T0010999,2026-04-11 07:43:00,product_not_received,lost
CB0011048,T0011048,2026-08-01 06:55:00,product_not_received,won
CB0011069,T0011069,2026-06-28 15:07:00,product_not_received,won
CB0011076,T0011076,2026-03-24 04:57:00,fraud,pending
CB0011089,T0011089,2026-05-12 10:21:00,fraud,lost
CB0011102,T0011102,2026-05-15 11:19:00,duplicate,pending
CB0011117,T0011117,2026-05-29 04:25:00,fraud,pending
CB0011134,T0011134,2026-06-23 10:47:00,credit_not_processed,pending
CB0011136,T0011136,2026-04-05 00:40:00,fraud,pending
CB0011169,T0011169,2026-01-21 15:29:00,credit_not_processed,won
CB0011227,T0011227,2026-03-04 00:39:00,credit_not_processed,won
CB0011233,T0011233,2026-07-19 20:11:00,fraud,lost
CB0011245,T0011245,2026-03-18 03:31:00,product_not_received,lost
CB0011257,T0011257,2026-06-12 01:58:00,duplicate,pending
CB0011317,T0011317,2026-04-10 08:00:00,product_not_received,pending
CB0011353,T0011353,2026-04-19 09:49:00,duplicate,won
CB0011358,T0011358,2026-06-24 10:06:00,fraud,pending
CB0011437,T0011437,2026-05-23 17:25:00,fraud,pending
CB0011490,T0011490,2026-03-09 16:16:00,duplicate,lost
CB0011567,T0011567,2026-06-18 05:24:00,duplicate,pending
CB0011636,T0011636,2026-02-11 19:16:00,duplicate,lost
CB0011660,T0011660,2026-07-02 21:28:00,product_not_received,lost
CB0011698,T0011698,2026-03-06 13:19:00,credit_not_processed,pending
CB0011762,T0011762,2026-04-30 14:16:00,duplicate,lost
CB0011776,T0011776,2026-02-15 11:44:00,credit_not_processed,won
CB0011817,T0011817,2026-02-08 15:40:00,duplicate,pending
CB0011920,T0011920,2026-03-16 10:50:00,credit_not_processed,won
CB0011923,T0011923,2026-06-14 00:43:00,duplicate,pending
CB0011948,T0011948,2026-07-28 02:31:00,credit_not_processed,won
CB0011949,T0011949,2026-04-11 22:07:00,credit_not_processed,lost
CB0011974,T0011974,2026-06-10 00:06:00,duplicate,won
CB0012021,T0012021,2026-06-12 10:22:00,credit_not_processed,pending
CB0012044,T0012044,2026-04-07 00:36:00,product_not_received,won
CB0012079,T0012079,2026-01-22 05:29:00,credit_not_processed,won
CB0012084,T0012084,2026-06-26 21:07:00,fraud,pending
CB0012118,T0012118,2026-07-29 21:37:00,duplicate,pending
CB0012130,T0012130,2026-05-21 00:18:00,duplicate,won
CB0012267,T0012267,2026-05-03 21:39:00,credit_not_processed,lost
CB0012327,T0012327,2026-04-16 10:09:00,credit_not_processed,pending
CB0012463,T0012463,2026-06-12 18:11:00,fraud,lost
CB0012481,T0012481,2026-01-12 15:52:00,credit_not_processed,won
CB0012552,T0012552,2026-04-05 20:09:00,product_not_received,pending
CB0012610,T0012610,2026-01-17 16:32:00,credit_not_processed,pending
CB0012631,T0012631,2026-05-18 23:07:00,credit_not_processed,lost
CB0012670,T0012670,2026-05-24 11:36:00,fraud,pending
CB0012725,T0012725,2026-04-28 03:40:00,product_not_received,lost
CB0012799,T0012799,2026-02-24 07:17:00,duplicate,pending
CB0012801,T0012801,2026-06-18 18:03:00,fraud,lost
CB0012810,T0012810,2026-01-18 07:56:00,credit_not_processed,lost
CB0012918,T0012918,2026-06-19 00:04:00,duplicate,pending
CB0012999,T0012999,2026-04-22 20:08:00,duplicate,won
CB0013036,T0013036,2026-01-10 17:44:00,duplicate,pending
CB0013055,T0013055,2026-05-04 14:44:00,duplicate,won
CB0013111,T0013111,2026-04-09 03:37:00,credit_not_processed,pending
CB0013157,T0013157,2026-02-06 21:28:00,product_not_received,pending
CB0013175,T0013175,2026-02-18 19:55:00,credit_not_processed,lost
CB0013195,T0013195,2026-03-09 08:41:00,fraud,lost
CB0013209,T0013209,2026-06-07 20:33:00,product_not_received,pending
CB0013217,T0013217,2026-06-21 07:11:00,duplicate,won
CB0013337,T0013337,2026-03-28 11:39:00,duplicate,won
CB0013343,T0013343,2026-05-25 16:47:00,duplicate,lost
CB0013345,T0013345,2026-07-03 04:11:00,product_not_received,pending
CB0013347,T0013347,2026-07-10 19:08:00,duplicate,won
CB0013350,T0013350,2026-04-08 14:20:00,product_not_received,won
CB0013375,T0013375,2026-05-10 17:13:00,credit_not_processed,won
CB0013389,T0013389,2026-04-16 20:48:00,product_not_received,lost
CB0013489,T0013489,2026-05-27 13:30:00,duplicate,pending
CB0013539,T0013539,2026-05-08 11:00:00,credit_not_processed,lost
CB0013568,T0013568,2026-06-03 00:49:00,product_not_received,lost
CB0013602,T0013602,2026-05-23 00:52:00,product_not_received,lost
CB0013648,T0013648,2026-06-15 00:43:00,product_not_received,pending
CB0013703,T0013703,2026-07-21 21:58:00,duplicate,won
CB0013708,T0013708,2026-08-01 12:41:00,fraud,pending
CB0013741,T0013741,2026-02-10 13:49:00,duplicate,won
CB0013749,T0013749,2026-01-12 11:52:00,fraud,pending
CB0013832,T0013832,2026-06-02 11:49:00,product_not_received,pending
CB0013844,T0013844,2026-03-13 05:48:00,fraud,lost
CB0013860,T0013860,2026-02-13 09:31:00,product_not_received,won
CB0013891,T0013891,2026-05-11 02:19:00,credit_not_processed,pending
CB0013940,T0013940,2026-03-07 16:30:00,duplicate,won
CB0013962,T0013962,2026-04-25 00:44:00,fraud,won
CB0013970,T0013970,2026-04-04 04:21:00,duplicate,won
CB0014021,T0014021,2026-03-15 00:56:00,duplicate,won
CB0014089,T0014089,2026-04-11 07:06:00,duplicate,pending
CB0014128,T0014128,2026-03-12 09:48:00,credit_not_processed,won
CB0014142,T0014142,2026-01-17 01:49:00,credit_not_processed,pending
CB0014143,T0014143,2026-05-07 11:32:00,fraud,lost
CB0014170,T0014170,2026-03-26 09:42:00,product_not_received,pending
CB0014180,T0014180,2026-04-01 05:43:00,credit_not_processed,lost
CB0014188,T0014188,2026-05-31 00:06:00,fraud,won
CB0014197,T0014197,2026-05-18 00:18:00,fraud,lost
CB0014254,T0014254,2026-01-11 04:27:00,duplicate,pending
CB0014272,T0014272,2026-05-12 17:01:00,credit_not_processed,lost
CB0014273,T0014273,2026-01-15 20:19:00,product_not_received,lost
CB0014333,T0014333,2026-03-23 03:24:00,product_not_received,pending
CB0014366,T0014366,2026-07-10 16:50:00,fraud,pending
CB0014527,T0014527,2026-05-27 17:19:00,product_not_received,won
CB0014542,T0014542,2026-02-13 11:43:00,fraud,won
CB0014547,T0014547,2026-07-07 08:34:00,duplicate,pending
CB0014558,T0014558,2026-04-29 07:08:00,fraud,pending
CB0014573,T0014573,2026-06-07 05:55:00,credit_not_processed,lost
CB0014618,T0014618,2026-03-03 20:47:00,duplicate,pending
CB0014636,T0014636,2026-02-13 22:06:00,product_not_received,won
CB0014726,T0014726,2026-01-31 10:00:00,product_not_received,won
CB0014729,T0014729,2026-03-28 04:51:00,product_not_received,won
CB0014745,T0014745,2026-03-11 05:27:00,product_not_received,pending
CB0014828,T0014828,2026-02-09 15:32:00,duplicate,lost
CB0014865,T0014865,2026-06-09 03:26:00,product_not_received,pending
CB0014890,T0014890,2026-05-09 22:54:00,fraud,pending
CB0014902,T0014902,2026-03-30 13:49:00,product_not_received,won
CB0014907,T0014907,2026-01-11 00:14:00,fraud,pending
CB0014965,T0014965,2026-07-16 22:52:00,credit_not_processed,won
CB0015030,T0015030,2026-07-04 08:28:00,fraud,lost
CB0015038,T0015038,2026-07-16 23:22:00,duplicate,pending
CB0015044,T0015044,2026-03-30 20:14:00,fraud,won
CB0015067,T0015067,2026-07-06 20:20:00,product_not_received,lost
CB0015078,T0015078,2026-03-19 22:40:00,duplicate,pending
CB0015105,T0015105,2026-04-10 00:05:00,fraud,won
CB0015111,T0015111,2026-04-02 22:17:00,credit_not_processed,lost
CB0015131,T0015131,2026-03-30 14:44:00,duplicate,lost
CB0015154,T0015154,2026-01-31 16:16:00,fraud,pending
CB0015160,T0015160,2026-04-26 11:10:00,credit_not_processed,won
CB0015173,T0015173,2026-08-02 02:00:00,fraud,lost
CB0015183,T0015183,2026-01-19 08:31:00,fraud,pending
CB0015186,T0015186,2026-02-26 00:49:00,duplicate,pending
CB0015272,T0015272,2026-05-18 03:50:00,duplicate,pending
CB0015346,T0015346,2026-07-13 04:28:00,fraud,pending
CB0015352,T0015352,2026-06-26 11:31:00,duplicate,lost
CB0015408,T0015408,2026-06-16 19:51:00,duplicate,pending
CB0015441,T0015441,2026-02-02 12:12:00,fraud,pending
CB0015453,T0015453,2026-05-21 20:53:00,fraud,lost
CB0015475,T0015475,2026-06-13 11:46:00,duplicate,pending
CB0015481,T0015481,2026-04-10 12:46:00,fraud,pending
CB0015505,T0015505,2026-07-09 08:30:00,credit_not_processed,won
CB0015535,T0015535,2026-03-04 03:59:00,fraud,lost
CB0015565,T0015565,2026-04-20 14:33:00,product_not_received,pending
CB0015679,T0015679,2026-03-02 23:23:00,credit_not_processed,lost
CB0015726,T0015726,2026-03-14 08:57:00,duplicate,lost
CB0015755,T0015755,2026-05-05 03:32:00,credit_not_processed,won
CB0015761,T0015761,2026-07-07 10:36:00,credit_not_processed,pending
CB0015811,T0015811,2026-03-21 16:16:00,fraud,lost
CB0015813,T0015813,2026-02-13 14:50:00,product_not_received,won
CB0015877,T0015877,2026-04-16 11:34:00,product_not_received,won
CB0015890,T0015890,2026-03-11 10:53:00,product_not_received,won
CB0015899,T0015899,2026-03-17 04:44:00,duplicate,pending
CB0015977,T0015977,2026-05-14 00:30:00,duplicate,lost
CB0015981,T0015981,2026-03-16 00:39:00,duplicate,lost
CB0015990,T0015990,2026-05-29 22:10:00,fraud,pending
CB0016000,T0016000,2026-02-06 12:14:00,duplicate,lost
CB0016017,T0016017,2026-08-03 10:34:00,credit_not_processed,lost
CB0016160,T0016160,2026-03-19 06:45:00,credit_not_processed,won
CB0016167,T0016167,2026-05-13 04:11:00,credit_not_processed,won
CB0016176,T0016176,2026-04-30 18:12:00,fraud,won
CB0016231,T0016231,2026-04-02 21:22:00,duplicate,lost
CB0016304,T0016304,2026-06-08 11:11:00,duplicate,won
CB0016349,T0016349,2026-06-28 00:13:00,product_not_received,lost
CB0016358,T0016358,2026-03-18 18:54:00,fraud,lost
CB0016427,T0016427,2026-03-21 02:38:00,product_not_received,pending
CB0016438,T0016438,2026-01-05 00:51:00,credit_not_processed,won
CB0016468,T0016468,2026-03-22 21:02:00,fraud,won
CB0016476,T0016476,2026-04-04 09:36:00,duplicate,pending
CB0016499,T0016499,2026-04-18 20:23:00,duplicate,lost
CB0016588,T0016588,2026-02-15 20:27:00,fraud,pending
CB0016640,T0016640,2026-02-21 09:35:00,product_not_received,pending
CB0016672,T0016672,2026-06-19 00:24:00,product_not_received,won
CB0016720,T0016720,2026-03-11 20:00:00,fraud,pending
CB0016728,T0016728,2026-07-03 11:27:00,duplicate,won
CB0016773,T0016773,2026-03-11 18:56:00,product_not_received,won
CB0016782,T0016782,2026-07-27 10:24:00,fraud,pending
CB0016794,T0016794,2026-06-09 12:58:00,fraud,won
CB0016838,T0016838,2026-04-06 19:38:00,fraud,won
CB0016848,T0016848,2026-07-31 09:24:00,product_not_received,won
CB0016897,T0016897,2026-07-01 14:03:00,product_not_received,won
CB0016922,T0016922,2026-02-10 07:18:00,fraud,won
CB0016984,T0016984,2026-04-10 13:28:00,duplicate,won
CB0017005,T0017005,2026-01-20 01:29:00,duplicate,pending
CB0017009,T0017009,2026-04-14 00:12:00,duplicate,lost
CB0017020,T0017020,2026-05-24 00:19:00,credit_not_processed,lost
CB0017021,T0017021,2026-06-10 15:01:00,product_not_received,pending
CB0017032,T0017032,2026-05-17 00:44:00,duplicate,pending
CB0017040,T0017040,2026-07-08 10:22:00,product_not_received,won
CB0017088,T0017088,2026-04-01 05:06:00,fraud,lost
CB0017113,T0017113,2026-06-05 14:28:00,credit_not_processed,won
CB0017122,T0017122,2026-04-30 06:06:00,duplicate,pending
CB0017137,T0017137,2026-05-09 11:31:00,duplicate,lost
CB0017193,T0017193,2026-06-27 18:05:00,credit_not_processed,won
CB0017204,T0017204,2026-03-03 04:38:00,fraud,lost
CB0017223,T0017223,2026-03-25 20:35:00,fraud,won
CB0017277,T0017277,2026-04-29 21:58:00,duplicate,lost
CB0017377,T0017377,2026-04-01 15:13:00,duplicate,pending
CB0017394,T0017394,2026-08-02 05:51:00,duplicate,lost
CB0017483,T0017483,2026-07-25 16:00:00,fraud,lost
CB0017614,T0017614,2026-04-10 19:45:00,product_not_received,won
CB0017654,T0017654,2026-01-31 15:37:00,product_not_received,pending
CB0017701,T0017701,2026-02-25 01:04:00,credit_not_processed,pending
CB0017709,T0017709,2026-07-06 00:02:00,fraud,lost
CB0017723,T0017723,2026-04-27 17:55:00,credit_not_processed,pending
CB0017827,T0017827,2026-07-28 13:12:00,credit_not_processed,won
CB0017830,T0017830,2026-05-02 21:58:00,duplicate,pending
CB0017837,T0017837,2026-03-25 00:08:00,fraud,pending
CB0017905,T0017905,2026-03-21 12:19:00,fraud,lost
CB0017991,T0017991,2026-07-18 01:07:00,fraud,won
CB0018028,T0018028,2026-06-29 09:12:00,product_not_received,lost
CB0018071,T0018071,2026-05-20 11:59:00,credit_not_processed,won
CB0018079,T0018079,2026-02-02 10:45:00,duplicate,pending
CB0018164,T0018164,2026-07-22 14:47:00,credit_not_processed,won
CB0018310,T0018310,2026-07-13 15:10:00,credit_not_processed,lost
CB0018353,T0018353,2026-06-05 09:33:00,fraud,lost
CB0018438,T0018438,2026-04-22 00:59:00,credit_not_processed,won
CB0018443,T0018443,2026-02-04 17:22:00,credit_not_processed,lost
CB0018474,T0018474,2026-01-23 11:02:00,credit_not_processed,lost
CB0018478,T0018478,2026-01-27 22:04:00,credit_not_processed,lost
CB0018507,T0018507,2026-05-14 11:16:00,credit_not_processed,won
CB0018514,T0018514,2026-07-18 02:28:00,credit_not_processed,lost
CB0018593,T0018593,2026-03-03 07:47:00,credit_not_processed,pending
CB0018600,T0018600,2026-05-05 22:46:00,product_not_received,lost
CB0018620,T0018620,2026-07-09 16:06:00,duplicate,lost
CB0018629,T0018629,2026-05-08 02:33:00,product_not_received,won
CB0018676,T0018676,2026-06-26 16:12:00,fraud,lost
CB0018760,T0018760,2026-08-02 11:45:00,product_not_received,pending
CB0018795,T0018795,2026-03-11 10:21:00,product_not_received,lost
CB0018841,T0018841,2026-06-19 00:34:00,product_not_received,lost
CB0018861,T0018861,2026-02-02 18:45:00,credit_not_processed,pending
CB0018911,T0018911,2026-02-07 04:17:00,duplicate,won
CB0018938,T0018938,2026-03-14 14:33:00,fraud,pending
CB0018958,T0018958,2026-06-11 00:01:00,duplicate,pending
CB0018965,T0018965,2026-07-19 19:30:00,credit_not_processed,pending
CB0019177,T0019177,2026-03-06 02:03:00,credit_not_processed,lost
CB0019189,T0019189,2026-05-01 06:54:00,duplicate,won
CB0019226,T0019226,2026-08-03 08:42:00,fraud,pending
CB0019245,T0019245,2026-04-04 06:51:00,fraud,pending
CB0019260,T0019260,2026-03-12 11:47:00,product_not_received,won
CB0019341,T0019341,2026-06-04 10:38:00,product_not_received,lost
CB0019383,T0019383,2026-07-03 00:41:00,credit_not_processed,lost
CB0019441,T0019441,2026-04-18 07:21:00,duplicate,won
CB0019451,T0019451,2026-01-15 20:34:00,credit_not_processed,won
CB0019472,T0019472,2026-06-20 10:24:00,product_not_received,lost
CB0019476,T0019476,2026-02-23 23:09:00,product_not_received,pending
CB0019484,T0019484,2026-07-06 04:49:00,duplicate,pending
CB0019516,T0019516,2026-06-24 11:07:00,fraud,lost
CB0019544,T0019544,2026-06-24 13:56:00,product_not_received,lost
CB0019586,T0019586,2026-04-19 19:25:00,fraud,pending
CB0019594,T0019594,2026-01-18 08:20:00,product_not_received,lost
CB0019605,T0019605,2026-04-26 10:38:00,credit_not_processed,lost
CB0019620,T0019620,2026-05-24 14:23:00,credit_not_processed,won
CB0019635,T0019635,2026-06-12 18:20:00,credit_not_processed,pending
CB0019671,T0019671,2026-05-31 16:25:00,product_not_received,pending
CB0019812,T0019812,2026-05-30 10:40:00,product_not_received,lost
CB0019824,T0019824,2026-03-17 09:24:00,credit_not_processed,won
CB0019928,T0019928,2026-06-25 18:00:00,fraud,lost
CB0019935,T0019935,2026-06-23 10:17:00,credit_not_processed,won
CB0019937,T0019937,2026-08-06 08:54:00,product_not_received,pending
CB0019944,T0019944,2026-04-03 18:00:00,credit_not_processed,pending
CB0019961,T0019961,2026-01-28 09:41:00,fraud,won
CB0020025,T0020025,2026-05-29 19:35:00,credit_not_processed,lost
CB0020045,T0020045,2026-02-27 13:34:00,duplicate,pending
CB0020102,T0020102,2026-02-24 03:40:00,product_not_received,pending
CB0020116,T0020116,2026-04-14 23:48:00,product_not_received,pending
CB0020161,T0020161,2026-05-13 06:20:00,duplicate,lost
CB0020210,T0020210,2026-03-27 20:33:00,duplicate,won
CB0020309,T0020309,2026-07-13 21:18:00,product_not_received,pending
CB0020321,T0020321,2026-05-05 14:03:00,credit_not_processed,won
CB0020350,T0020350,2026-08-04 06:14:00,product_not_received,pending
CB0020411,T0020411,2026-04-13 00:17:00,duplicate,pending
CB0020470,T0020470,2026-07-06 22:48:00,product_not_received,won
CB0020504,T0020504,2026-04-11 10:49:00,duplicate,won
CB0020576,T0020576,2026-05-08 04:11:00,credit_not_processed,won
CB0020599,T0020599,2026-05-14 18:33:00,fraud,lost
CB0020604,T0020604,2026-02-19 02:35:00,duplicate,pending
CB0020641,T0020641,2026-01-30 15:22:00,product_not_received,lost
CB0020678,T0020678,2026-04-23 17:36:00,duplicate,lost
CB0020718,T0020718,2026-02-23 23:36:00,duplicate,pending
CB0020738,T0020738,2026-04-02 18:54:00,credit_not_processed,pending
CB0020748,T0020748,2026-05-10 18:28:00,duplicate,pending
CB0020891,T0020891,2026-05-14 02:50:00,duplicate,lost
CB0020925,T0020925,2026-03-12 03:17:00,product_not_received,pending
CB0021006,T0021006,2026-04-29 04:56:00,credit_not_processed,pending
CB0021027,T0021027,2026-03-09 17:29:00,fraud,lost
CB0021044,T0021044,2026-04-26 00:45:00,fraud,won
CB0021097,T0021097,2026-03-28 09:58:00,fraud,pending
CB0021122,T0021122,2026-07-21 05:17:00,product_not_received,won
CB0021126,T0021126,2026-06-16 06:40:00,credit_not_processed,lost
CB0021130,T0021130,2026-05-08 06:35:00,duplicate,lost
CB0021233,T0021233,2026-01-28 08:22:00,duplicate,pending
CB0021257,T0021257,2026-05-07 14:22:00,duplicate,pending
CB0021263,T0021263,2026-01-21 04:37:00,product_not_received,lost
CB0021304,T0021304,2026-05-17 00:19:00,credit_not_processed,won
CB0021321,T0021321,2026-04-18 00:36:00,duplicate,lost
CB0021344,T0021344,2026-07-18 21:24:00,credit_not_processed,lost
CB0021346,T0021346,2026-07-30 03:23:00,product_not_received,lost
CB0021355,T0021355,2026-05-08 00:23:00,duplicate,lost
CB0021487,T0021487,2026-04-13 12:40:00,fraud,pending
CB0021676,T0021676,2026-02-07 04:27:00,credit_not_processed,won
CB0021755,T0021755,2026-03-22 19:12:00,product_not_received,won
CB0021767,T0021767,2026-07-28 14:38:00,credit_not_processed,pending
CB0021795,T0021795,2026-05-12 09:27:00,product_not_received,pending
CB0021841,T0021841,2026-02-07 23:25:00,product_not_received,lost
CB0021927,T0021927,2026-06-13 14:05:00,product_not_received,pending
CB0021943,T0021943,2026-07-25 04:18:00,fraud,pending
CB0021983,T0021983,2026-07-25 09:36:00,fraud,lost
CB0021993,T0021993,2026-02-15 17:32:00,product_not_received,pending
CB0022005,T0022005,2026-05-31 00:36:00,duplicate,won
CB0022082,T0022082,2026-06-02 07:45:00,product_not_received,pending
CB0022084,T0022084,2026-06-30 22:09:00,product_not_received,pending
CB0022137,T0022137,2026-03-04 04:39:00,fraud,won
CB0022218,T0022218,2026-05-03 00:22:00,product_not_received,won
CB0022251,T0022251,2026-03-21 00:46:00,product_not_received,lost
CB0022293,T0022293,2026-08-05 07:06:00,product_not_received,lost
CB0022440,T0022440,2026-03-19 05:03:00,fraud,lost
CB0022453,T0022453,2026-05-29 20:05:00,credit_not_processed,won
CB0022454,T0022454,2026-03-18 00:42:00,product_not_received,lost
CB0022489,T0022489,2026-04-24 14:13:00,fraud,pending
CB0022523,T0022523,2026-03-29 19:19:00,credit_not_processed,lost
CB0022525,T0022525,2026-03-20 12:43:00,fraud,lost
CB0022568,T0022568,2026-01-31 13:47:00,duplicate,pending
CB0022589,T0022589,2026-07-08 15:36:00,credit_not_processed,pending
CB0022619,T0022619,2026-07-12 02:58:00,fraud,pending
CB0022621,T0022621,2026-06-15 12:49:00,fraud,won
CB0022645,T0022645,2026-06-01 23:41:00,credit_not_processed,lost
CB0022670,T0022670,2026-05-29 17:11:00,product_not_received,lost
CB0022767,T0022767,2026-03-12 21:38:00,duplicate,won
CB0022807,T0022807,2026-07-26 12:16:00,duplicate,pending
CB0022830,T0022830,2026-06-21 23:20:00,product_not_received,lost
CB0022862,T0022862,2026-07-13 05:27:00,credit_not_processed,lost
CB0022888,T0022888,2026-06-16 20:13:00,fraud,pending
CB0022905,T0022905,2026-02-04 11:35:00,credit_not_processed,pending
CB0022941,T0022941,2026-05-23 13:34:00,duplicate,lost
CB0022967,T0022967,2026-05-26 23:08:00,credit_not_processed,lost
CB0023008,T0023008,2026-04-01 08:06:00,credit_not_processed,lost
CB0023031,T0023031,2026-03-03 00:11:00,credit_not_processed,pending
CB0023096,T0023096,2026-07-09 14:31:00,fraud,won
CB0023128,T0023128,2026-06-13 00:24:00,fraud,pending
CB0023133,T0023133,2026-03-18 20:00:00,product_not_received,lost
CB0023136,T0023136,2026-08-01 05:57:00,product_not_received,won
CB0023185,T0023185,2026-07-15 19:01:00,fraud,won
CB0023224,T0023224,2026-05-14 02:13:00,duplicate,won
CB0023284,T0023284,2026-06-02 17:24:00,product_not_received,pending
CB0023300,T0023300,2026-03-19 16:35:00,credit_not_processed,won
CB0023365,T0023365,2026-05-30 08:41:00,product_not_received,pending
CB0023367,T0023367,2026-01-16 15:40:00,credit_not_processed,won
CB0023412,T0023412,2026-05-20 17:49:00,fraud,pending
CB0023414,T0023414,2026-03-29 00:44:00,product_not_received,pending
CB0023433,T0023433,2026-06-16 08:39:00,product_not_received,pending
CB0023439,T0023439,2026-01-04 12:11:00,fraud,won
CB0023477,T0023477,2026-03-25 21:28:00,product_not_received,won
CB0023481,T0023481,2026-06-05 03:34:00,fraud,pending
CB0023553,T0023553,2026-06-26 18:15:00,product_not_received,won
CB0023589,T0023589,2026-04-13 01:55:00,product_not_received,lost
CB0023605,T0023605,2026-07-07 06:18:00,credit_not_processed,won
CB0023697,T0023697,2026-05-30 13:56:00,duplicate,won
CB0023727,T0023727,2026-03-25 00:55:00,fraud,pending
CB0023757,T0023757,2026-06-13 04:31:00,duplicate,lost
CB0023774,T0023774,2026-02-19 12:28:00,duplicate,pending
CB0023798,T0023798,2026-06-20 08:44:00,duplicate,pending
CB0023823,T0023823,2026-02-21 20:13:00,product_not_received,lost
CB0023848,T0023848,2026-03-25 00:08:00,duplicate,lost
CB0023879,T0023879,2026-01-20 13:02:00,product_not_received,lost
CB0023938,T0023938,2026-05-22 22:15:00,fraud,lost
CB0024027,T0024027,2026-04-25 07:38:00,product_not_received,pending
CB0024043,T0024043,2026-05-24 00:15:00,fraud,won
CB0024105,T0024105,2026-07-14 11:45:00,duplicate,won
CB0024128,T0024128,2026-07-17 04:58:00,fraud,lost
CB0024180,T0024180,2026-02-06 08:37:00,product_not_received,lost
CB0024188,T0024188,2026-02-12 01:58:00,credit_not_processed,lost
CB0024229,T0024229,2026-06-01 23:11:00,credit_not_processed,won
CB0024231,T0024231,2026-07-29 01:20:00,duplicate,lost
CB0024250,T0024250,2026-06-06 16:07:00,credit_not_processed,won
CB0024312,T0024312,2026-05-02 20:53:00,fraud,pending
CB0024342,T0024342,2026-06-28 19:20:00,fraud,won
CB0024387,T0024387,2026-02-27 21:39:00,fraud,won
CB0024401,T0024401,2026-02-21 00:22:00,fraud,won
CB0024451,T0024451,2026-06-05 21:42:00,fraud,won
CB0024531,T0024531,2026-06-29 00:53:00,product_not_received,pending
CB0024589,T0024589,2026-06-24 17:14:00,product_not_received,pending
CB0024605,T0024605,2026-05-20 12:04:00,duplicate,pending
CB0024641,T0024641,2026-02-21 00:24:00,credit_not_processed,pending
CB0024694,T0024694,2026-05-08 09:52:00,credit_not_processed,lost
CB0024749,T0024749,2026-03-21 00:55:00,product_not_received,lost
CB0024802,T0024802,2026-02-07 00:47:00,product_not_received,lost
CB0024818,T0024818,2026-06-08 22:14:00,credit_not_processed,pending
CB0024855,T0024855,2026-05-28 00:12:00,fraud,won
CB0024862,T0024862,2026-01-24 00:17:00,duplicate,won
CB0024886,T0024886,2026-07-21 08:33:00,credit_not_processed,pending
CB0024889,T0024889,2026-03-26 00:02:00,credit_not_processed,won
CB0024890,T0024890,2026-07-10 13:03:00,product_not_received,pending
CB0024909,T0024909,2026-02-10 00:18:00,duplicate,lost
CB0024917,T0024917,2026-07-18 11:29:00,credit_not_processed,pending
CB0024935,T0024935,2026-02-10 22:45:00,duplicate,won
CB0024949,T0024949,2026-05-17 06:08:00,duplicate,won
CB0024964,T0024964,2026-06-10 17:31:00,credit_not_processed,pending
CB0024976,T0024976,2026-06-15 23:45:00,credit_not_processed,won
CB0025030,T0025030,2026-01-20 01:24:00,credit_not_processed,won
CB0025039,T0025039,2026-01-27 23:54:00,product_not_received,lost
CB0025055,T0025055,2026-02-22 03:00:00,duplicate,pending
CB0025113,T0025113,2026-05-01 03:06:00,product_not_received,lost
CB0025143,T0025143,2026-02-22 05:13:00,credit_not_processed,lost
CB0025155,T0025155,2026-05-31 00:19:00,credit_not_processed,pending
CB0025192,T0025192,2026-03-25 15:05:00,credit_not_processed,lost
CB0025200,T0025200,2026-03-08 20:40:00,credit_not_processed,lost
CB0025218,T0025218,2026-04-16 16:27:00,fraud,lost
CB0025255,T0025255,2026-04-30 05:31:00,fraud,won
CB0025256,T0025256,2026-06-11 09:41:00,product_not_received,lost
CB0025299,T0025299,2026-01-08 07:58:00,duplicate,won
CB0025332,T0025332,2026-04-23 14:54:00,duplicate,lost
CB0025411,T0025411,2026-05-12 07:06:00,duplicate,lost
CB0025474,T0025474,2026-07-02 10:22:00,duplicate,won
CB0025483,T0025483,2026-07-11 19:09:00,fraud,won
CB0025509,T0025509,2026-07-14 01:02:00,duplicate,lost
CB0025518,T0025518,2026-02-24 16:22:00,fraud,lost
CB0025522,T0025522,2026-05-09 18:09:00,fraud,pending
CB0025534,T0025534,2026-05-16 00:59:00,fraud,lost
CB0025559,T0025559,2026-06-06 13:24:00,duplicate,pending
CB0025564,T0025564,2026-01-25 23:49:00,product_not_received,lost
CB0025661,T0025661,2026-02-27 07:53:00,fraud,lost
CB0025675,T0025675,2026-01-24 01:24:00,fraud,pending
CB0025852,T0025852,2026-05-08 22:44:00,product_not_received,pending
CB0025913,T0025913,2026-01-16 18:34:00,duplicate,lost
CB0025983,T0025983,2026-06-06 22:31:00,credit_not_processed,won
CB0026060,T0026060,2026-02-12 00:58:00,product_not_received,lost
CB0026111,T0026111,2026-05-16 03:38:00,fraud,pending
CB0026191,T0026191,2026-04-15 17:02:00,product_not_received,pending
CB0026249,T0026249,2026-07-05 00:26:00,product_not_received,pending
CB0026256,T0026256,2026-07-25 17:46:00,duplicate,won
CB0026272,T0026272,2026-07-05 22:32:00,product_not_received,won
CB0026273,T0026273,2026-05-22 15:36:00,credit_not_processed,won
CB0026292,T0026292,2026-03-18 19:12:00,product_not_received,pending
CB0026296,T0026296,2026-05-05 18:11:00,product_not_received,lost
CB0026456,T0026456,2026-07-28 06:35:00,product_not_received,pending
CB0026566,T0026566,2026-06-15 23:02:00,product_not_received,pending
CB0026611,T0026611,2026-03-01 01:59:00,product_not_received,lost
CB0026631,T0026631,2026-02-11 08:52:00,product_not_received,pending
CB0026690,T0026690,2026-04-12 18:39:00,credit_not_processed,won
CB0026751,T0026751,2026-01-24 08:14:00,credit_not_processed,pending
CB0026829,T0026829,2026-06-02 03:47:00,duplicate,lost
CB0026837,T0026837,2026-07-14 21:10:00,credit_not_processed,lost
CB0026848,T0026848,2026-05-16 04:42:00,duplicate,pending
CB0026855,T0026855,2026-04-25 19:13:00,credit_not_processed,won
CB0026926,T0026926,2026-05-12 09:01:00,credit_not_processed,pending
CB0027054,T0027054,2026-07-25 14:05:00,product_not_received,pending
CB0027090,T0027090,2026-02-12 20:55:00,fraud,lost
CB0027099,T0027099,2026-02-24 19:31:00,fraud,pending
CB0027117,T0027117,2026-06-13 07:13:00,product_not_received,pending
CB0027125,T0027125,2026-03-09 20:31:00,product_not_received,lost
CB0027142,T0027142,2026-03-31 14:51:00,product_not_received,lost
CB0027168,T0027168,2026-02-24 15:11:00,fraud,won
CB0027228,T0027228,2026-04-25 09:50:00,product_not_received,won
CB0027244,T0027244,2026-01-14 04:22:00,duplicate,pending
CB0027251,T0027251,2026-03-14 00:11:00,product_not_received,lost
CB0027268,T0027268,2026-04-11 05:07:00,fraud,won
CB0027490,T0027490,2026-02-12 03:26:00,fraud,pending
CB0027502,T0027502,2026-04-22 06:45:00,fraud,lost
CB0027526,T0027526,2026-03-11 06:56:00,credit_not_processed,won
CB0027541,T0027541,2026-06-25 02:23:00,credit_not_processed,lost
CB0027655,T0027655,2026-04-11 16:31:00,credit_not_processed,pending
CB0027712,T0027712,2026-01-28 23:22:00,fraud,lost
CB0027729,T0027729,2026-02-20 06:03:00,credit_not_processed,lost
CB0027775,T0027775,2026-06-29 23:35:00,fraud,pending
CB0027883,T0027883,2026-07-28 21:00:00,fraud,lost
CB0027913,T0027913,2026-05-03 02:03:00,product_not_received,won
CB0027963,T0027963,2026-07-28 12:52:00,product_not_received,pending
CB0027987,T0027987,2026-04-16 07:06:00,product_not_received,won
CB0027990,T0027990,2026-07-12 06:43:00,fraud,pending
CB0028004,T0028004,2026-07-03 00:56:00,credit_not_processed,won
CB0028023,T0028023,2026-05-08 10:14:00,product_not_received,pending
CB0028090,T0028090,2026-01-31 20:07:00,credit_not_processed,won
CB0028142,T0028142,2026-05-01 18:53:00,fraud,won
CB0028143,T0028143,2026-06-28 20:21:00,duplicate,pending
CB0028271,T0028271,2026-02-23 11:33:00,product_not_received,won
CB0028302,T0028302,2026-02-24 04:21:00,product_not_received,lost
CB0028327,T0028327,2026-03-16 08:31:00,fraud,pending
CB0028364,T0028364,2026-05-27 12:33:00,fraud,won
CB0028385,T0028385,2026-07-11 02:13:00,product_not_received,lost
CB0028414,T0028414,2026-01-13 19:26:00,fraud,lost
CB0028424,T0028424,2026-03-03 00:32:00,duplicate,won
CB0028434,T0028434,2026-05-31 12:09:00,product_not_received,pending
CB0028513,T0028513,2026-07-02 00:55:00,duplicate,won
CB0028516,T0028516,2026-04-15 15:30:00,credit_not_processed,lost
CB0028625,T0028625,2026-05-25 13:50:00,credit_not_processed,pending
CB0028633,T0028633,2026-06-29 09:28:00,credit_not_processed,won
CB0028659,T0028659,2026-07-26 12:29:00,fraud,won
CB0028661,T0028661,2026-07-21 09:24:00,duplicate,lost
CB0028671,T0028671,2026-02-03 11:36:00,fraud,lost
CB0028684,T0028684,2026-03-25 22:13:00,product_not_received,lost
CB0028703,T0028703,2026-07-06 00:52:00,fraud,pending
CB0028719,T0028719,2026-05-30 18:47:00,fraud,lost
CB0028758,T0028758,2026-05-03 22:11:00,fraud,won
CB0028790,T0028790,2026-05-04 01:00:00,product_not_received,lost
CB0028842,T0028842,2026-01-08 23:57:00,duplicate,lost
CB0028874,T0028874,2026-02-19 17:52:00,fraud,pending
CB0028896,T0028896,2026-07-10 12:54:00,duplicate,lost
CB0028902,T0028902,2026-05-09 00:16:00,product_not_received,pending
CB0028916,T0028916,2026-06-30 22:44:00,fraud,lost
CB0028930,T0028930,2026-07-09 22:43:00,credit_not_processed,pending
CB0028934,T0028934,2026-07-05 05:11:00,product_not_received,lost
CB0028954,T0028954,2026-04-02 07:47:00,product_not_received,won
CB0029000,T0029000,2026-04-15 19:32:00,product_not_received,pending
CB0029002,T0029002,2026-06-08 07:26:00,duplicate,lost
CB0029017,T0029017,2026-05-09 06:42:00,duplicate,won
CB0029021,T0029021,2026-06-23 08:59:00,fraud,pending
CB0029084,T0029084,2026-02-23 17:51:00,fraud,pending
CB0029119,T0029119,2026-07-17 10:12:00,credit_not_processed,won
CB0029176,T0029176,2026-02-01 12:01:00,fraud,lost
CB0029202,T0029202,2026-04-09 00:50:00,fraud,pending
CB0029237,T0029237,2026-04-25 18:20:00,fraud,pending
CB0029295,T0029295,2026-04-22 23:29:00,product_not_received,won
CB0029358,T0029358,2026-03-31 20:14:00,product_not_received,pending
CB0029397,T0029397,2026-04-01 09:27:00,product_not_received,lost
CB0029451,T0029451,2026-06-12 09:42:00,fraud,won
CB0029528,T0029528,2026-02-22 11:05:00,fraud,pending
CB0029638,T0029638,2026-07-13 22:33:00,product_not_received,lost
CB0029755,T0029755,2026-06-19 01:35:00,duplicate,won
CB0029835,T0029835,2026-04-11 00:54:00,duplicate,won
CB0029924,T0029924,2026-03-23 11:36:00,fraud,pending
CB0029926,T0029926,2026-02-24 20:57:00,credit_not_processed,pending
CB0030104,T0030104,2026-03-02 05:19:00,credit_not_processed,pending
CB0030172,T0030172,2026-02-27 00:36:00,credit_not_processed,pending
CB0030239,T0030239,2026-04-05 17:29:00,credit_not_processed,lost
CB0030257,T0030257,2026-06-27 00:42:00,fraud,lost
CB0030306,T0030306,2026-06-08 20:58:00,credit_not_processed,pending
CB0030333,T0030333,2026-07-24 00:52:00,product_not_received,lost
CB0030402,T0030402,2026-03-13 00:39:00,fraud,won
CB0030406,T0030406,2026-07-20 14:36:00,duplicate,won
CB0030453,T0030453,2026-07-09 05:22:00,duplicate,won
CB0030463,T0030463,2026-06-29 06:03:00,duplicate,won
CB0030503,T0030503,2026-04-22 00:52:00,fraud,won
CB0030543,T0030543,2026-06-15 07:52:00,credit_not_processed,pending
CB0030567,T0030567,2026-01-30 12:08:00,duplicate,lost
CB0030574,T0030574,2026-01-06 04:22:00,credit_not_processed,pending
CB0030587,T0030587,2026-04-11 06:24:00,fraud,pending
CB0030601,T0030601,2026-03-17 00:15:00,duplicate,won
CB0030620,T0030620,2026-05-31 06:29:00,product_not_received,pending
CB0030693,T0030693,2026-05-19 11:50:00,duplicate,pending
CB0030709,T0030709,2026-07-23 15:09:00,fraud,won
CB0030746,T0030746,2026-06-02 06:07:00,fraud,won
CB0030751,T0030751,2026-06-10 00:41:00,fraud,lost
CB0030835,T0030835,2026-05-28 03:57:00,product_not_received,lost
CB0030926,T0030926,2026-06-06 00:31:00,credit_not_processed,pending
CB0030931,T0030931,2026-04-15 09:39:00,fraud,lost
CB0030971,T0030971,2026-04-08 02:30:00,fraud,won
CB0031054,T0031054,2026-07-07 17:27:00,fraud,won
CB0031074,T0031074,2026-08-01 23:37:00,fraud,lost
CB0031113,T0031113,2026-03-30 02:06:00,credit_not_processed,lost
CB0031124,T0031124,2026-05-29 05:09:00,duplicate,won
CB0031164,T0031164,2026-02-09 23:08:00,duplicate,won
CB0031238,T0031238,2026-04-20 08:34:00,credit_not_processed,won
CB0031239,T0031239,2026-03-04 00:59:00,product_not_received,pending
CB0031259,T0031259,2026-03-07 10:28:00,duplicate,won
CB0031278,T0031278,2026-02-02 14:24:00,duplicate,won
CB0031317,T0031317,2026-03-19 03:33:00,credit_not_processed,won
CB0031319,T0031319,2026-01-28 06:42:00,product_not_received,won
CB0031338,T0031338,2026-02-01 04:52:00,duplicate,lost
CB0031343,T0031343,2026-03-31 22:21:00,credit_not_processed,won
CB0031377,T0031377,2026-06-06 21:35:00,duplicate,won
CB0031442,T0031442,2026-07-23 13:23:00,duplicate,lost
CB0031457,T0031457,2026-08-04 18:38:00,fraud,won
CB0031488,T0031488,2026-02-26 11:35:00,credit_not_processed,lost
CB0031605,T0031605,2026-03-18 00:16:00,product_not_received,lost
CB0031649,T0031649,2026-04-20 01:46:00,duplicate,won
CB0031672,T0031672,2026-01-06 10:24:00,product_not_received,pending
CB0031674,T0031674,2026-01-10 09:53:00,fraud,lost
CB0031760,T0031760,2026-04-14 00:56:00,fraud,won
CB0031774,T0031774,2026-02-21 19:53:00,product_not_received,pending
CB0031798,T0031798,2026-08-02 00:57:00,credit_not_processed,lost
CB0031837,T0031837,2026-08-05 23:57:00,product_not_received,won
CB0031976,T0031976,2026-07-29 22:43:00,duplicate,pending
CB0032005,T0032005,2026-06-01 13:50:00,duplicate,lost
CB0032019,T0032019,2026-04-25 17:34:00,duplicate,pending
CB0032042,T0032042,2026-02-03 22:34:00,credit_not_processed,lost
CB0032043,T0032043,2026-06-13 15:52:00,fraud,pending
CB0032052,T0032052,2026-01-17 23:55:00,credit_not_processed,lost
CB0032117,T0032117,2026-04-24 00:41:00,fraud,won
CB0032195,T0032195,2026-06-30 23:19:00,product_not_received,lost
CB0032214,T0032214,2026-01-17 20:46:00,product_not_received,pending
CB0032259,T0032259,2026-01-21 21:43:00,duplicate,lost
CB0032314,T0032314,2026-02-20 23:38:00,product_not_received,pending
CB0032343,T0032343,2026-01-12 05:56:00,fraud,lost
CB0032344,T0032344,2026-07-02 23:43:00,fraud,lost
CB0032428,T0032428,2026-02-18 18:32:00,product_not_received,lost
CB0032450,T0032450,2026-01-31 11:07:00,fraud,won
CB0032586,T0032586,2026-03-31 21:03:00,fraud,pending
CB0032633,T0032633,2026-01-28 05:19:00,credit_not_processed,lost
CB0032638,T0032638,2026-04-10 22:17:00,duplicate,won
CB0032672,T0032672,2026-04-25 00:32:00,product_not_received,lost
CB0032735,T0032735,2026-04-17 18:52:00,product_not_received,lost
CB0032772,T0032772,2026-06-06 18:36:00,credit_not_processed,lost
CB0032816,T0032816,2026-06-01 12:00:00,product_not_received,won
CB0032817,T0032817,2026-06-07 21:28:00,credit_not_processed,won
CB0032896,T0032896,2026-04-15 03:13:00,duplicate,lost
CB0032902,T0032902,2026-03-31 12:31:00,credit_not_processed,pending
CB0033010,T0033010,2026-04-02 00:19:00,product_not_received,won
CB0033050,T0033050,2026-06-18 14:58:00,credit_not_processed,won
CB0033178,T0033178,2026-01-18 21:01:00,credit_not_processed,lost
CB0033183,T0033183,2026-07-06 13:10:00,credit_not_processed,won
CB0033209,T0033209,2026-03-02 19:50:00,product_not_received,won
CB0033215,T0033215,2026-06-27 23:01:00,fraud,lost
CB0033239,T0033239,2026-05-23 16:30:00,duplicate,lost
CB0033258,T0033258,2026-04-09 17:37:00,product_not_received,won
CB0033305,T0033305,2026-02-16 11:53:00,duplicate,pending
CB0033319,T0033319,2026-05-22 18:53:00,product_not_received,lost
CB0033374,T0033374,2026-06-19 08:01:00,fraud,won
CB0033378,T0033378,2026-03-02 23:30:00,duplicate,lost
CB0033428,T0033428,2026-07-09 08:43:00,product_not_received,won
CB0033461,T0033461,2026-08-03 22:57:00,duplicate,lost
CB0033596,T0033596,2026-04-14 23:35:00,fraud,lost
CB0033618,T0033618,2026-05-24 09:02:00,fraud,lost
CB0033677,T0033677,2026-02-18 09:52:00,duplicate,pending
CB0033686,T0033686,2026-04-11 05:30:00,credit_not_processed,lost
CB0033725,T0033725,2026-05-10 07:04:00,credit_not_processed,lost
CB0033726,T0033726,2026-06-22 14:58:00,fraud,lost
CB0033771,T0033771,2026-03-21 00:42:00,fraud,pending
CB0033790,T0033790,2026-06-05 01:12:00,product_not_received,lost
CB0033802,T0033802,2026-03-31 12:18:00,product_not_received,pending
CB0033853,T0033853,2026-01-21 23:36:00,product_not_received,won
CB0033859,T0033859,2026-02-10 00:44:00,credit_not_processed,lost
CB0033861,T0033861,2026-07-06 09:10:00,credit_not_processed,won
CB0033870,T0033870,2026-06-28 00:59:00,duplicate,pending
CB0033892,T0033892,2026-05-12 02:52:00,product_not_received,lost
CB0033932,T0033932,2026-07-27 14:59:00,duplicate,lost
CB0033937,T0033937,2026-04-01 00:15:00,product_not_received,won
CB0033999,T0033999,2026-02-02 13:56:00,duplicate,lost
CB0034001,T0034001,2026-05-25 13:16:00,fraud,lost
CB0034090,T0034090,2026-02-22 13:58:00,product_not_received,won
CB0034103,T0034103,2026-03-01 08:39:00,duplicate,lost
CB0034104,T0034104,2026-05-13 15:53:00,fraud,pending
CB0034108,T0034108,2026-03-01 18:16:00,product_not_received,pending
CB0034147,T0034147,2026-01-14 10:11:00,fraud,pending
CB0034167,T0034167,2026-05-14 00:51:00,fraud,pending
CB0034222,T0034222,2026-03-11 12:38:00,product_not_received,won
CB0034237,T0034237,2026-05-24 07:22:00,fraud,lost
CB0034243,T0034243,2026-03-09 10:30:00,fraud,pending
CB0034246,T0034246,2026-03-02 17:54:00,duplicate,pending
CB0034340,T0034340,2026-04-30 22:57:00,fraud,lost
CB0034349,T0034349,2026-04-11 11:06:00,duplicate,won
CB0034358,T0034358,2026-04-23 07:18:00,product_not_received,lost
CB0034438,T0034438,2026-03-10 08:02:00,product_not_received,pending
CB0034439,T0034439,2026-03-03 01:36:00,credit_not_processed,won
CB0034460,T0034460,2026-03-31 08:36:00,credit_not_processed,pending
CB0034477,T0034477,2026-02-26 14:33:00,product_not_received,lost
CB0034513,T0034513,2026-04-13 14:10:00,credit_not_processed,pending
CB0034518,T0034518,2026-01-29 00:29:00,product_not_received,pending
CB0034556,T0034556,2026-08-07 20:06:00,product_not_received,pending
CB0034594,T0034594,2026-01-20 14:41:00,fraud,won
CB0034612,T0034612,2026-05-19 05:53:00,fraud,won
CB0034624,T0034624,2026-06-10 12:54:00,product_not_received,lost
CB0034640,T0034640,2026-02-20 01:27:00,duplicate,pending
CB0034663,T0034663,2026-06-08 13:48:00,credit_not_processed,pending
CB0034682,T0034682,2026-04-18 15:54:00,fraud,won
CB0034691,T0034691,2026-02-02 03:49:00,credit_not_processed,pending
CB0034762,T0034762,2026-05-13 17:59:00,fraud,lost
CB0034834,T0034834,2026-06-06 00:08:00,duplicate,pending
CB0034837,T0034837,2026-03-30 00:42:00,credit_not_processed,pending
CB0034858,T0034858,2026-03-02 08:08:00,duplicate,pending
CB0034925,T0034925,2026-04-05 04:46:00,duplicate,won
CB0034944,T0034944,2026-03-22 18:40:00,product_not_received,lost
CB0034974,T0034974,2026-02-21 11:12:00,fraud,pending
CB0035078,T0035078,2026-04-11 00:15:00,credit_not_processed,won
CB0035083,T0035083,2026-05-10 15:07:00,fraud,lost
CB0035299,T0035299,2026-07-07 17:01:00,credit_not_processed,lost
CB0035319,T0035319,2026-04-23 23:32:00,fraud,lost
CB0035350,T0035350,2026-06-07 05:00:00,credit_not_processed,pending
CB0035354,T0035354,2026-04-03 20:12:00,duplicate,won
CB0035391,T0035391,2026-06-19 12:03:00,duplicate,lost
CB0035409,T0035409,2026-02-12 02:11:00,credit_not_processed,won
CB0035415,T0035415,2026-01-30 00:27:00,product_not_received,won
CB0035417,T0035417,2026-01-25 21:45:00,duplicate,lost
CB0035422,T0035422,2026-05-08 02:07:00,duplicate,lost
CB0035442,T0035442,2026-03-04 10:31:00,product_not_received,won
CB0035469,T0035469,2026-04-23 20:51:00,product_not_received,lost
CB0035519,T0035519,2026-02-14 00:56:00,duplicate,lost
CB0035586,T0035586,2026-04-07 23:02:00,credit_not_processed,lost
CB0035620,T0035620,2026-03-02 00:33:00,credit_not_processed,lost
CB0035699,T0035699,2026-01-27 21:18:00,product_not_received,pending
CB0035711,T0035711,2026-02-26 14:52:00,duplicate,pending
CB0035768,T0035768,2026-02-23 00:28:00,fraud,won
CB0035787,T0035787,2026-06-04 18:56:00,product_not_received,pending
CB0035801,T0035801,2026-03-26 06:02:00,product_not_received,pending
CB0035832,T0035832,2026-02-13 13:37:00,duplicate,pending
CB0035843,T0035843,2026-05-25 11:18:00,fraud,pending
CB0035866,T0035866,2026-03-05 12:07:00,fraud,won
CB0035945,T0035945,2026-02-17 00:33:00,fraud,pending
CB0035994,T0035994,2026-03-29 00:02:00,credit_not_processed,lost
CB0036051,T0036051,2026-04-09 01:05:00,duplicate,pending
CB0036079,T0036079,2026-03-26 03:26:00,credit_not_processed,won
CB0036131,T0036131,2026-01-16 23:28:00,credit_not_processed,lost
CB0036174,T0036174,2026-03-22 00:35:00,product_not_received,lost
CB0036184,T0036184,2026-03-17 16:30:00,product_not_received,won
CB0036210,T0036210,2026-01-21 10:47:00,duplicate,won
CB0036215,T0036215,2026-06-21 00:09:00,credit_not_processed,pending
CB0036243,T0036243,2026-03-31 02:08:00,product_not_received,won
CB0036250,T0036250,2026-07-21 08:49:00,credit_not_processed,lost
CB0036379,T0036379,2026-06-03 15:40:00,credit_not_processed,won
CB0036554,T0036554,2026-05-14 15:03:00,duplicate,won
CB0036568,T0036568,2026-06-13 00:02:00,credit_not_processed,lost
CB0036578,T0036578,2026-02-27 16:55:00,fraud,pending
CB0036688,T0036688,2026-01-31 10:25:00,credit_not_processed,won
CB0036705,T0036705,2026-06-27 23:12:00,fraud,lost
CB0036726,T0036726,2026-01-10 08:27:00,credit_not_processed,won
CB0036939,T0036939,2026-01-19 05:47:00,credit_not_processed,lost
CB0036949,T0036949,2026-07-16 23:01:00,credit_not_processed,won
CB0036993,T0036993,2026-06-04 04:45:00,credit_not_processed,pending
CB0037007,T0037007,2026-06-14 20:16:00,credit_not_processed,lost
CB0037008,T0037008,2026-03-15 03:12:00,duplicate,won
CB0037044,T0037044,2026-05-31 14:59:00,product_not_received,won
CB0037049,T0037049,2026-05-29 00:21:00,fraud,lost
CB0037060,T0037060,2026-05-14 13:10:00,credit_not_processed,won
CB0037063,T0037063,2026-06-23 22:37:00,product_not_received,lost
CB0037109,T0037109,2026-03-13 00:45:00,product_not_received,won
CB0037138,T0037138,2026-06-18 07:02:00,duplicate,won
CB0037160,T0037160,2026-06-13 05:55:00,duplicate,won
CB0037166,T0037166,2026-04-06 00:53:00,duplicate,won
CB0037220,T0037220,2026-04-29 15:44:00,fraud,lost
CB0037223,T0037223,2026-05-11 13:56:00,product_not_received,won
CB0037281,T0037281,2026-03-26 14:16:00,product_not_received,won
CB0037291,T0037291,2026-06-04 04:46:00,credit_not_processed,lost
CB0037336,T0037336,2026-03-27 04:36:00,fraud,pending
CB0037352,T0037352,2026-04-05 18:58:00,credit_not_processed,lost
CB0037381,T0037381,2026-07-07 16:14:00,product_not_received,pending
CB0037392,T0037392,2026-06-04 07:24:00,duplicate,pending
CB0037431,T0037431,2026-08-01 12:10:00,credit_not_processed,won
CB0037440,T0037440,2026-05-19 00:46:00,fraud,won
CB0037454,T0037454,2026-05-20 04:17:00,product_not_received,pending
CB0037460,T0037460,2026-07-29 14:16:00,duplicate,won
CB0037464,T0037464,2026-01-21 14:19:00,fraud,pending
CB0037525,T0037525,2026-04-24 22:27:00,duplicate,pending
CB0037581,T0037581,2026-04-28 13:32:00,product_not_received,lost
CB0037633,T0037633,2026-03-27 19:11:00,duplicate,pending
CB0037657,T0037657,2026-05-07 09:22:00,duplicate,pending
CB0037663,T0037663,2026-06-05 00:03:00,duplicate,pending
CB0037669,T0037669,2026-06-10 00:44:00,credit_not_processed,lost
CB0037676,T0037676,2026-02-10 17:08:00,fraud,won
CB0037689,T0037689,2026-02-27 12:01:00,fraud,pending
CB0037693,T0037693,2026-07-27 21:17:00,fraud,lost
CB0037771,T0037771,2026-05-11 00:30:00,fraud,lost
CB0037805,T0037805,2026-02-17 09:16:00,credit_not_processed,lost
CB0037810,T0037810,2026-01-30 02:03:00,duplicate,won
CB0037818,T0037818,2026-04-22 00:04:00,fraud,won
CB0037834,T0037834,2026-01-14 03:01:00,credit_not_processed,lost
CB0037850,T0037850,2026-03-30 03:50:00,product_not_received,won
CB0037878,T0037878,2026-07-10 22:55:00,fraud,pending
CB0037887,T0037887,2026-03-02 03:30:00,credit_not_processed,pending
CB0037925,T0037925,2026-05-24 03:40:00,product_not_received,won
CB0038098,T0038098,2026-03-23 23:12:00,credit_not_processed,won
CB0038124,T0038124,2026-05-30 20:44:00,fraud,won
CB0038158,T0038158,2026-06-26 00:45:00,credit_not_processed,won
CB0038184,T0038184,2026-01-06 08:20:00,fraud,pending
CB0038195,T0038195,2026-05-31 00:45:00,product_not_received,lost
CB0038205,T0038205,2026-01-27 09:46:00,fraud,won
CB0038231,T0038231,2026-04-16 22:49:00,product_not_received,pending
CB0038296,T0038296,2026-05-18 17:40:00,credit_not_processed,won
CB0038471,T0038471,2026-04-23 21:28:00,credit_not_processed,won
CB0038497,T0038497,2026-03-24 11:30:00,duplicate,pending
CB0038573,T0038573,2026-01-12 04:06:00,fraud,won
CB0038576,T0038576,2026-06-30 02:53:00,product_not_received,won
CB0038641,T0038641,2026-05-09 00:44:00,product_not_received,lost
CB0038660,T0038660,2026-06-19 19:13:00,duplicate,lost
CB0038718,T0038718,2026-04-05 00:40:00,product_not_received,pending
CB0038723,T0038723,2026-05-08 22:39:00,credit_not_processed,pending
CB0038842,T0038842,2026-03-13 00:02:00,fraud,lost
CB0038861,T0038861,2026-02-09 16:28:00,fraud,won
CB0038906,T0038906,2026-01-15 03:41:00,duplicate,won
CB0038959,T0038959,2026-03-13 13:46:00,product_not_received,pending
CB0038961,T0038961,2026-06-23 06:43:00,credit_not_processed,lost
CB0038992,T0038992,2026-02-22 16:00:00,product_not_received,won
CB0039020,T0039020,2026-01-23 20:44:00,duplicate,pending
CB0039030,T0039030,2026-04-17 00:13:00,duplicate,lost
CB0039057,T0039057,2026-02-06 14:26:00,duplicate,won
CB0039059,T0039059,2026-07-28 14:28:00,product_not_received,won
CB0039079,T0039079,2026-06-10 11:46:00,fraud,won
CB0039160,T0039160,2026-05-16 13:08:00,duplicate,won
CB0039252,T0039252,2026-04-18 22:23:00,fraud,won
CB0039312,T0039312,2026-05-13 22:23:00,duplicate,won
CB0039335,T0039335,2026-06-08 17:07:00,product_not_received,lost
CB0039384,T0039384,2026-01-13 04:06:00,product_not_received,pending
CB0039462,T0039462,2026-06-23 16:43:00,duplicate,won
CB0039547,T0039547,2026-06-04 00:23:00,product_not_received,lost
CB0039550,T0039550,2026-02-05 13:19:00,credit_not_processed,lost
CB0039568,T0039568,2026-05-22 14:01:00,duplicate,pending
CB0039573,T0039573,2026-06-03 00:58:00,duplicate,won
CB0039577,T0039577,2026-04-03 20:06:00,fraud,won
CB0039585,T0039585,2026-05-29 22:08:00,product_not_received,pending
CB0039598,T0039598,2026-03-05 09:06:00,duplicate,won
CB0039612,T0039612,2026-02-23 17:50:00,product_not_received,lost
CB0039678,T0039678,2026-05-04 03:06:00,credit_not_processed,won
CB0039715,T0039715,2026-01-09 19:19:00,product_not_received,lost
CB0039759,T0039759,2026-02-24 16:28:00,fraud,won
CB0039776,T0039776,2026-06-06 00:03:00,product_not_received,lost
CB0039821,T0039821,2026-05-26 10:19:00,duplicate,won
CB0039889,T0039889,2026-05-02 20:20:00,fraud,lost
CB0039918,T0039918,2026-02-26 18:25:00,product_not_received,pending
CB0039941,T0039941,2026-07-06 00:35:00,duplicate,lost
CB0039955,T0039955,2026-03-24 09:52:00,credit_not_processed,lost
CB0039973,T0039973,2026-07-11 00:43:00,credit_not_processed,won
CB0039990,T0039990,2026-03-16 00:48:00,duplicate,pending
CB0040044,T0040044,2026-03-04 13:29:00,product_not_received,won
CB0040051,T0040051,2026-02-01 13:12:00,product_not_received,pending
CB0040064,T0040064,2026-01-08 21:17:00,fraud,won
CB0040077,T0040077,2026-06-14 16:31:00,credit_not_processed,lost
CB0040089,T0040089,2026-01-15 20:30:00,credit_not_processed,lost
CB0040126,T0040126,2026-03-29 06:38:00,credit_not_processed,pending
CB0040140,T0040140,2026-08-09 00:05:00,credit_not_processed,pending
CB0040173,T0040173,2026-07-06 19:33:00,credit_not_processed,lost
CB0040204,T0040204,2026-07-31 23:58:00,fraud,pending
CB0040211,T0040211,2026-06-26 19:15:00,duplicate,pending
CB0040260,T0040260,2026-07-30 19:21:00,credit_not_processed,won
CB0040319,T0040319,2026-05-12 23:49:00,fraud,pending
CB0040399,T0040399,2026-06-24 03:34:00,credit_not_processed,won
CB0040468,T0040468,2026-03-29 13:06:00,credit_not_processed,lost
CB0040474,T0040474,2026-02-08 04:09:00,product_not_received,lost
CB0040490,T0040490,2026-04-04 03:52:00,fraud,won
CB0040586,T0040586,2026-01-13 00:11:00,fraud,won
CB0040599,T0040599,2026-03-04 18:43:00,fraud,pending
CB0040603,T0040603,2026-06-02 01:51:00,credit_not_processed,pending
CB0040614,T0040614,2026-04-20 02:59:00,duplicate,lost
CB0040624,T0040624,2026-04-23 22:33:00,credit_not_processed,won
CB0040656,T0040656,2026-01-18 04:20:00,duplicate,won
CB0040677,T0040677,2026-04-05 00:21:00,duplicate,pending
CB0040764,T0040764,2026-05-03 15:44:00,fraud,pending
CB0040771,T0040771,2026-07-25 06:45:00,credit_not_processed,won
CB0040798,T0040798,2026-03-22 09:37:00,product_not_received,lost
CB0040826,T0040826,2026-01-21 12:20:00,fraud,won
CB0041034,T0041034,2026-04-08 05:58:00,product_not_received,won
CB0041063,T0041063,2026-02-14 00:09:00,credit_not_processed,pending
CB0041116,T0041116,2026-05-08 03:06:00,duplicate,won
CB0041128,T0041128,2026-06-21 12:32:00,duplicate,won
CB0041194,T0041194,2026-05-21 01:29:00,duplicate,pending
CB0041261,T0041261,2026-04-01 10:57:00,duplicate,pending
CB0041289,T0041289,2026-05-14 17:58:00,product_not_received,won
CB0041316,T0041316,2026-06-18 08:59:00,duplicate,lost
CB0041332,T0041332,2026-02-25 22:13:00,credit_not_processed,pending
CB0041382,T0041382,2026-02-19 12:43:00,duplicate,won
CB0041419,T0041419,2026-06-02 02:58:00,credit_not_processed,lost
CB0041440,T0041440,2026-02-26 20:01:00,fraud,pending
CB0041501,T0041501,2026-06-22 22:32:00,fraud,lost
CB0041503,T0041503,2026-04-08 22:02:00,fraud,pending
CB0041505,T0041505,2026-07-26 18:42:00,fraud,won
CB0041534,T0041534,2026-06-06 13:23:00,duplicate,won
CB0041588,T0041588,2026-02-22 07:56:00,fraud,won
CB0041652,T0041652,2026-06-05 03:45:00,fraud,lost
CB0041669,T0041669,2026-02-17 06:16:00,fraud,lost
CB0041683,T0041683,2026-03-03 00:06:00,product_not_received,lost
CB0041758,T0041758,2026-03-12 06:09:00,fraud,pending
CB0041763,T0041763,2026-03-04 02:17:00,duplicate,pending
CB0041814,T0041814,2026-07-12 02:44:00,product_not_received,pending
CB0041922,T0041922,2026-04-21 00:04:00,duplicate,pending
CB0041934,T0041934,2026-05-23 07:34:00,duplicate,won
CB0041958,T0041958,2026-06-16 04:53:00,credit_not_processed,pending
CB0041975,T0041975,2026-06-12 00:50:00,product_not_received,won
CB0041988,T0041988,2026-02-05 15:00:00,duplicate,won
CB0042034,T0042034,2026-06-03 17:41:00,duplicate,won
CB0042054,T0042054,2026-02-03 01:12:00,duplicate,lost
CB0042080,T0042080,2026-01-21 22:40:00,duplicate,won
CB0042106,T0042106,2026-07-06 02:52:00,duplicate,won
CB0042119,T0042119,2026-07-15 16:31:00,fraud,won
CB0042150,T0042150,2026-04-21 20:34:00,credit_not_processed,pending
CB0042210,T0042210,2026-06-07 13:06:00,credit_not_processed,lost
CB0042216,T0042216,2026-03-24 02:32:00,credit_not_processed,won
CB0042342,T0042342,2026-03-13 07:06:00,duplicate,pending
CB0042381,T0042381,2026-02-09 00:37:00,product_not_received,won
CB0042480,T0042480,2026-02-12 22:11:00,duplicate,won
CB0042525,T0042525,2026-06-28 01:51:00,product_not_received,lost
CB0042534,T0042534,2026-02-28 01:20:00,fraud,lost
CB0042613,T0042613,2026-03-11 00:13:00,duplicate,lost
CB0042623,T0042623,2026-06-16 00:07:00,credit_not_processed,won
CB0042704,T0042704,2026-03-26 16:18:00,duplicate,won
CB0042840,T0042840,2026-03-16 02:01:00,credit_not_processed,pending
CB0042841,T0042841,2026-03-27 07:02:00,fraud,lost
CB0042870,T0042870,2026-03-30 16:23:00,duplicate,pending
CB0042878,T0042878,2026-03-09 06:13:00,product_not_received,won
CB0042898,T0042898,2026-07-01 18:05:00,credit_not_processed,won
CB0042905,T0042905,2026-06-10 13:24:00,duplicate,lost
CB0042921,T0042921,2026-03-22 03:41:00,credit_not_processed,won
CB0042960,T0042960,2026-06-18 02:46:00,credit_not_processed,pending
CB0043007,T0043007,2026-04-01 00:00:00,duplicate,lost
CB0043105,T0043105,2026-03-05 00:28:00,credit_not_processed,pending
CB0043127,T0043127,2026-02-09 00:54:00,product_not_received,won
CB0043146,T0043146,2026-03-04 00:59:00,duplicate,lost
CB0043170,T0043170,2026-04-19 09:31:00,fraud,lost
CB0043195,T0043195,2026-01-20 15:43:00,product_not_received,won
CB0043197,T0043197,2026-03-24 15:00:00,credit_not_processed,pending
CB0043277,T0043277,2026-03-13 00:09:00,duplicate,pending
CB0043289,T0043289,2026-03-30 19:06:00,fraud,lost
CB0043296,T0043296,2026-01-20 12:14:00,product_not_received,won
CB0043328,T0043328,2026-07-21 18:03:00,fraud,lost
CB0043368,T0043368,2026-06-25 21:17:00,credit_not_processed,pending
CB0043385,T0043385,2026-05-06 06:06:00,product_not_received,lost
CB0043440,T0043440,2026-03-27 22:06:00,credit_not_processed,won
CB0043451,T0043451,2026-05-02 06:39:00,duplicate,pending
CB0043490,T0043490,2026-02-12 04:19:00,credit_not_processed,pending
CB0043682,T0043682,2026-05-09 22:04:00,product_not_received,pending
CB0043690,T0043690,2026-02-15 07:21:00,product_not_received,lost
CB0043716,T0043716,2026-02-11 19:43:00,product_not_received,lost
CB0043848,T0043848,2026-02-18 16:56:00,fraud,pending
CB0043929,T0043929,2026-04-30 00:24:00,credit_not_processed,pending
CB0043939,T0043939,2026-06-28 00:09:00,fraud,pending
CB0043975,T0043975,2026-03-30 19:42:00,credit_not_processed,lost
CB0043976,T0043976,2026-07-23 07:18:00,fraud,lost
CB0044038,T0044038,2026-02-11 00:19:00,credit_not_processed,pending
CB0044095,T0044095,2026-06-24 20:22:00,product_not_received,won
CB0044097,T0044097,2026-01-09 16:12:00,credit_not_processed,pending
CB0044108,T0044108,2026-07-23 07:20:00,credit_not_processed,lost
CB0044198,T0044198,2026-02-25 08:44:00,credit_not_processed,lost
CB0044204,T0044204,2026-05-30 03:20:00,product_not_received,lost
CB0044246,T0044246,2026-07-28 14:02:00,product_not_received,pending
CB0044349,T0044349,2026-01-05 05:39:00,product_not_received,pending
CB0044403,T0044403,2026-07-24 04:20:00,credit_not_processed,pending
CB0044586,T0044586,2026-01-14 00:44:00,duplicate,pending
CB0044602,T0044602,2026-03-02 07:19:00,credit_not_processed,won
CB0044638,T0044638,2026-05-07 00:43:00,credit_not_processed,lost
CB0044714,T0044714,2026-05-10 22:55:00,duplicate,lost
CB0044718,T0044718,2026-02-14 11:48:00,duplicate,pending
CB0044738,T0044738,2026-06-18 14:21:00,duplicate,won
CB0044742,T0044742,2026-06-16 00:10:00,product_not_received,pending
CB0044794,T0044794,2026-06-12 04:34:00,fraud,won
CB0044799,T0044799,2026-02-05 15:50:00,product_not_received,won
CB0044807,T0044807,2026-06-27 06:29:00,credit_not_processed,lost
CB0044811,T0044811,2026-03-17 05:21:00,product_not_received,won
CB0044844,T0044844,2026-01-28 16:09:00,product_not_received,won
CB0044865,T0044865,2026-01-25 13:14:00,duplicate,pending
CB0044871,T0044871,2026-03-09 05:32:00,fraud,lost
CB0044892,T0044892,2026-04-29 00:42:00,product_not_received,won
CB0044893,T0044893,2026-02-20 00:14:00,product_not_received,pending
CB0044896,T0044896,2026-03-11 03:09:00,credit_not_processed,won
CB0044918,T0044918,2026-02-05 00:13:00,credit_not_processed,pending
CB0044967,T0044967,2026-03-29 00:48:00,duplicate,lost
CB0044971,T0044971,2026-03-09 00:11:00,fraud,pending
CB0044980,T0044980,2026-05-06 15:41:00,credit_not_processed,won
CB0044996,T0044996,2026-06-16 07:12:00,fraud,pending
CB0045007,T0045007,2026-05-13 10:45:00,fraud,won
CB0045044,T0045044,2026-02-16 02:30:00,duplicate,pending
CB0045089,T0045089,2026-04-19 00:08:00,fraud,lost
CB0045107,T0045107,2026-02-03 06:53:00,credit_not_processed,pending
CB0045115,T0045115,2026-03-29 11:19:00,credit_not_processed,won
CB0045144,T0045144,2026-05-18 00:06:00,fraud,won
CB0045179,T0045179,2026-07-22 15:57:00,fraud,lost
CB0045193,T0045193,2026-03-24 17:01:00,fraud,won
CB0045313,T0045313,2026-03-26 13:23:00,duplicate,won
CB0045374,T0045374,2026-07-06 10:39:00,product_not_received,won
CB0045436,T0045436,2026-06-02 21:43:00,credit_not_processed,won
CB0045445,T0045445,2026-03-08 18:17:00,fraud,pending
CB0045454,T0045454,2026-06-20 15:49:00,credit_not_processed,won
CB0045464,T0045464,2026-03-31 08:34:00,product_not_received,lost
CB0045482,T0045482,2026-06-04 06:48:00,product_not_received,pending
CB0045488,T0045488,2026-06-09 17:32:00,fraud,won
CB0045709,T0045709,2026-04-26 03:02:00,fraud,won
CB0045712,T0045712,2026-08-02 17:19:00,credit_not_processed,lost
CB0045734,T0045734,2026-03-01 08:56:00,duplicate,pending
CB0045767,T0045767,2026-07-04 00:52:00,credit_not_processed,won
CB0045797,T0045797,2026-06-04 11:48:00,fraud,won
CB0045820,T0045820,2026-07-18 12:13:00,product_not_received,won
CB0045828,T0045828,2026-02-19 10:50:00,credit_not_processed,pending
CB0045884,T0045884,2026-04-29 15:09:00,fraud,lost
CB0045963,T0045963,2026-04-30 03:17:00,credit_not_processed,lost
CB0045984,T0045984,2026-04-06 18:31:00,credit_not_processed,pending
CB0045995,T0045995,2026-03-05 03:18:00,fraud,lost
CB0046006,T0046006,2026-05-12 03:31:00,fraud,lost
CB0046100,T0046100,2026-06-02 00:54:00,duplicate,pending
CB0046169,T0046169,2026-03-16 01:44:00,fraud,lost
CB0046171,T0046171,2026-07-16 03:24:00,product_not_received,lost
CB0046175,T0046175,2026-06-03 02:26:00,fraud,won
CB0046278,T0046278,2026-06-04 16:56:00,credit_not_processed,lost
CB0046296,T0046296,2026-07-04 22:14:00,duplicate,lost
CB0046370,T0046370,2026-04-03 21:10:00,credit_not_processed,won
CB0046559,T0046559,2026-07-19 20:42:00,credit_not_processed,pending
CB0046614,T0046614,2026-03-30 20:43:00,product_not_received,pending
CB0046678,T0046678,2026-04-10 03:01:00,fraud,lost
CB0046682,T0046682,2026-07-22 12:14:00,credit_not_processed,pending
CB0046724,T0046724,2026-07-19 12:35:00,fraud,pending
CB0046733,T0046733,2026-04-24 16:05:00,duplicate,lost
CB0046752,T0046752,2026-02-25 14:47:00,duplicate,lost
CB0046777,T0046777,2026-03-08 03:57:00,fraud,lost
CB0046806,T0046806,2026-07-02 05:48:00,product_not_received,pending
CB0046814,T0046814,2026-03-24 00:59:00,product_not_received,lost
CB0046929,T0046929,2026-03-22 12:50:00,duplicate,won
CB0046958,T0046958,2026-04-16 07:05:00,credit_not_processed,pending
CB0046966,T0046966,2026-02-18 01:14:00,fraud,lost
CB0047004,T0047004,2026-04-08 14:33:00,fraud,pending
CB0047033,T0047033,2026-05-08 02:41:00,product_not_received,pending
CB0047185,T0047185,2026-02-08 08:44:00,duplicate,pending
CB0047215,T0047215,2026-01-23 15:40:00,duplicate,won
CB0047240,T0047240,2026-07-23 04:51:00,duplicate,pending
CB0047251,T0047251,2026-01-25 09:37:00,fraud,won
CB0047317,T0047317,2026-01-22 04:35:00,duplicate,won
CB0047334,T0047334,2026-02-10 10:08:00,credit_not_processed,won
CB0047398,T0047398,2026-05-18 00:35:00,credit_not_processed,won
CB0047401,T0047401,2026-07-07 13:55:00,credit_not_processed,won
CB0047425,T0047425,2026-02-01 06:16:00,duplicate,won
CB0047463,T0047463,2026-06-27 21:25:00,product_not_received,pending
CB0047471,T0047471,2026-06-05 14:07:00,credit_not_processed,pending
CB0047483,T0047483,2026-01-22 13:32:00,product_not_received,won
CB0047521,T0047521,2026-04-04 20:48:00,product_not_received,lost
CB0047528,T0047528,2026-06-26 06:58:00,credit_not_processed,won
CB0047574,T0047574,2026-07-12 10:17:00,fraud,lost
CB0047588,T0047588,2026-06-27 00:22:00,fraud,won
CB0047601,T0047601,2026-02-03 09:33:00,credit_not_processed,pending
CB0047667,T0047667,2026-06-29 01:07:00,fraud,lost
CB0047677,T0047677,2026-06-15 00:30:00,duplicate,won
CB0047696,T0047696,2026-01-25 07:35:00,duplicate,lost
CB0047738,T0047738,2026-01-30 09:55:00,credit_not_processed,lost
CB0047760,T0047760,2026-04-08 11:16:00,product_not_received,pending
CB0047779,T0047779,2026-04-15 08:17:00,product_not_received,won
CB0047793,T0047793,2026-05-15 01:24:00,duplicate,lost
CB0047819,T0047819,2026-02-24 03:29:00,fraud,lost
CB0047853,T0047853,2026-03-14 16:47:00,duplicate,lost
CB0047890,T0047890,2026-05-20 13:58:00,duplicate,lost
CB0047917,T0047917,2026-04-23 04:04:00,fraud,won
CB0047970,T0047970,2026-06-16 12:31:00,fraud,won
CB0047997,T0047997,2026-03-10 12:17:00,product_not_received,pending
CB0048053,T0048053,2026-04-23 16:16:00,credit_not_processed,won
CB0048068,T0048068,2026-03-23 05:48:00,duplicate,lost
CB0048094,T0048094,2026-06-01 07:46:00,product_not_received,pending
CB0048157,T0048157,2026-05-25 12:06:00,credit_not_processed,won
CB0048188,T0048188,2026-06-05 01:21:00,product_not_received,lost
CB0048224,T0048224,2026-06-01 00:08:00,product_not_received,won
CB0048261,T0048261,2026-05-08 13:32:00,duplicate,pending
CB0048338,T0048338,2026-06-04 00:32:00,credit_not_processed,pending
CB0048394,T0048394,2026-04-29 13:03:00,duplicate,lost
CB0048415,T0048415,2026-05-18 14:57:00,credit_not_processed,lost
CB0048467,T0048467,2026-04-11 05:30:00,credit_not_processed,won
CB0048483,T0048483,2026-06-29 00:48:00,fraud,lost
CB0048503,T0048503,2026-06-12 08:11:00,product_not_received,pending
CB0048559,T0048559,2026-07-05 00:24:00,credit_not_processed,lost
CB0048657,T0048657,2026-04-23 10:44:00,duplicate,pending
CB0048687,T0048687,2026-04-13 22:39:00,product_not_received,lost
CB0048717,T0048717,2026-01-02 03:44:00,fraud,lost
CB0048770,T0048770,2026-06-14 20:47:00,product_not_received,pending
CB0048792,T0048792,2026-06-02 00:56:00,fraud,pending
CB0048925,T0048925,2026-04-24 02:58:00,product_not_received,won
CB0048959,T0048959,2026-03-09 00:34:00,credit_not_processed,lost
CB0048987,T0048987,2026-04-08 00:33:00,fraud,won
CB0049030,T0049030,2026-04-06 11:57:00,fraud,lost
CB0049059,T0049059,2026-07-16 08:33:00,credit_not_processed,won
CB0049067,T0049067,2026-02-08 07:50:00,product_not_received,pending
CB0049115,T0049115,2026-07-28 19:10:00,product_not_received,won
CB0049117,T0049117,2026-06-27 23:10:00,duplicate,pending
CB0049134,T0049134,2026-03-20 11:13:00,product_not_received,won
CB0049212,T0049212,2026-01-25 22:07:00,credit_not_processed,lost
CB0049218,T0049218,2026-05-10 16:39:00,fraud,won
CB0049251,T0049251,2026-05-12 14:33:00,fraud,lost
CB0049255,T0049255,2026-03-03 17:22:00,product_not_received,won
CB0049286,T0049286,2026-02-17 00:52:00,duplicate,lost
CB0049308,T0049308,2026-05-01 00:41:00,product_not_received,won
CB0049367,T0049367,2026-01-19 09:11:00,product_not_received,pending
CB0049413,T0049413,2026-05-26 12:17:00,credit_not_processed,lost
CB0049425,T0049425,2026-03-01 13:01:00,duplicate,lost
CB0049454,T0049454,2026-05-31 03:38:00,duplicate,lost
CB0049489,T0049489,2026-04-14 16:44:00,fraud,won
CB0049547,T0049547,2026-02-05 23:49:00,credit_not_processed,lost
CB0049551,T0049551,2026-05-10 11:52:00,credit_not_processed,won
CB0049571,T0049571,2026-05-30 09:53:00,duplicate,won
CB0049604,T0049604,2026-07-25 05:10:00,duplicate,lost
CB0049614,T0049614,2026-04-22 09:42:00,duplicate,won
CB0049637,T0049637,2026-06-03 17:37:00,credit_not_processed,lost
CB0049653,T0049653,2026-03-26 23:14:00,credit_not_processed,lost
CB0049659,T0049659,2026-02-08 11:42:00,fraud,pending
CB0049699,T0049699,2026-01-11 10:51:00,fraud,pending
CB0049711,T0049711,2026-05-05 00:15:00,duplicate,pending
CB0049753,T0049753,2026-06-01 19:16:00,credit_not_processed,won
CB0049762,T0049762,2026-06-07 00:32:00,duplicate,won
CB0049770,T0049770,2026-02-12 00:56:00,product_not_received,pending
CB0049772,T0049772,2026-05-14 12:06:00,product_not_received,lost
CB0049797,T0049797,2026-06-13 18:58:00,credit_not_processed,pending
CB0049798,T0049798,2026-06-19 17:26:00,product_not_received,won
CB0049862,T0049862,2026-03-30 17:29:00,duplicate,won
CB0049905,T0049905,2026-06-20 22:46:00,credit_not_processed,pending
CB0049913,T0049913,2026-03-27 01:02:00,duplicate,won
CB0049914,T0049914,2026-02-18 00:31:00,product_not_received,lost
CB0049964,T0049964,2026-05-16 21:22:00,credit_not_processed,pending
CB0049993,T0049993,2026-03-05 11:51:00,credit_not_processed,pending
CB0049999,T0049999,2026-08-04 21:26:00,credit_not_processed,pending
CB0050047,T0050047,2026-05-12 07:33:00,duplicate,won
CB0050059,T0050059,2026-07-07 05:43:00,duplicate,won
CB0050071,T0050071,2026-06-13 00:56:00,credit_not_processed,won
CB0050075,T0050075,2026-03-16 07:20:00,duplicate,won
CB0050126,T0050126,2026-07-07 00:26:00,fraud,lost
CB0050149,T0050149,2026-01-25 13:45:00,duplicate,pending
CB0050240,T0050240,2026-07-13 03:16:00,credit_not_processed,lost
CB0050264,T0050264,2026-04-22 00:01:00,credit_not_processed,won
CB0050273,T0050273,2026-04-20 00:07:00,product_not_received,won
CB0050284,T0050284,2026-05-18 06:56:00,fraud,won
CB0050290,T0050290,2026-04-22 17:52:00,product_not_received,won
CB0050320,T0050320,2026-01-19 01:47:00,fraud,pending
CB0050370,T0050370,2026-05-21 14:03:00,product_not_received,pending
CB0050388,T0050388,2026-04-09 22:02:00,product_not_received,pending
CB0050394,T0050394,2026-05-01 08:01:00,duplicate,pending
CB0050433,T0050433,2026-02-10 00:56:00,fraud,pending
CB0050466,T0050466,2026-06-21 11:53:00,fraud,pending
CB0050495,T0050495,2026-06-26 07:42:00,fraud,pending
CB0050556,T0050556,2026-07-24 21:54:00,fraud,won
CB0050565,T0050565,2026-04-06 12:01:00,duplicate,won
CB0050649,T0050649,2026-06-20 07:34:00,product_not_received,won
CB0050672,T0050672,2026-01-15 13:16:00,duplicate,lost
CB0050686,T0050686,2026-06-12 09:31:00,fraud,won
CB0050734,T0050734,2026-04-20 00:30:00,duplicate,lost
CB0050742,T0050742,2026-02-28 16:08:00,credit_not_processed,won
CB0050757,T0050757,2026-02-12 18:58:00,duplicate,won
CB0050799,T0050799,2026-08-01 09:25:00,fraud,lost
CB0050816,T0050816,2026-05-06 21:28:00,product_not_received,won
CB0050823,T0050823,2026-06-16 13:36:00,credit_not_processed,won
CB0050852,T0050852,2026-05-15 21:26:00,credit_not_processed,won
CB0050937,T0050937,2026-05-08 08:22:00,credit_not_processed,won
CB0050981,T0050981,2026-04-25 04:17:00,credit_not_processed,won
CB0051027,T0051027,2026-05-28 00:44:00,credit_not_processed,pending
CB0051043,T0051043,2026-04-16 20:23:00,duplicate,won
CB0051096,T0051096,2026-05-10 23:04:00,product_not_received,pending
CB0051149,T0051149,2026-01-07 02:37:00,product_not_received,won
CB0051171,T0051171,2026-06-10 14:51:00,credit_not_processed,lost
CB0051260,T0051260,2026-07-18 13:48:00,product_not_received,won
CB0051292,T0051292,2026-05-09 12:30:00,duplicate,won
CB0051349,T0051349,2026-02-07 05:19:00,duplicate,pending
CB0051382,T0051382,2026-01-24 13:28:00,product_not_received,pending
CB0051463,T0051463,2026-06-15 04:50:00,credit_not_processed,pending
CB0051489,T0051489,2026-03-23 09:22:00,fraud,lost
CB0051495,T0051495,2026-04-05 17:43:00,duplicate,won
CB0051518,T0051518,2026-03-21 12:14:00,product_not_received,won
CB0051538,T0051538,2026-05-01 21:46:00,product_not_received,won
CB0051542,T0051542,2026-06-06 16:38:00,fraud,lost
CB0051547,T0051547,2026-02-17 12:30:00,fraud,lost
CB0051597,T0051597,2026-06-21 10:20:00,credit_not_processed,lost
CB0051635,T0051635,2026-01-23 19:25:00,duplicate,lost
CB0051643,T0051643,2026-01-28 18:08:00,credit_not_processed,lost
CB0051653,T0051653,2026-03-12 00:05:00,duplicate,pending
CB0051659,T0051659,2026-04-08 10:38:00,fraud,lost
CB0051716,T0051716,2026-06-02 15:49:00,fraud,lost
CB0051737,T0051737,2026-06-15 09:47:00,fraud,pending
CB0051765,T0051765,2026-06-17 00:39:00,duplicate,won
CB0051772,T0051772,2026-03-03 21:59:00,fraud,pending
CB0051836,T0051836,2026-02-27 00:51:00,credit_not_processed,pending
CB0051849,T0051849,2026-07-15 23:08:00,duplicate,won
CB0051920,T0051920,2026-06-15 10:30:00,product_not_received,won
CB0051924,T0051924,2026-01-31 08:44:00,credit_not_processed,won
CB0051963,T0051963,2026-05-30 21:20:00,product_not_received,pending
CB0051983,T0051983,2026-02-01 08:03:00,product_not_received,pending
CB0052021,T0052021,2026-03-06 06:10:00,credit_not_processed,pending
CB0052028,T0052028,2026-03-05 05:13:00,duplicate,lost
CB0052036,T0052036,2026-03-25 00:40:00,credit_not_processed,won
CB0052129,T0052129,2026-06-30 23:00:00,product_not_received,pending
CB0052133,T0052133,2026-07-24 06:53:00,product_not_received,pending
CB0052172,T0052172,2026-07-16 15:17:00,credit_not_processed,lost
CB0052292,T0052292,2026-07-21 14:06:00,duplicate,lost
CB0052297,T0052297,2026-05-19 00:14:00,fraud,won
CB0052299,T0052299,2026-06-17 12:00:00,fraud,lost
CB0052334,T0052334,2026-04-12 13:25:00,product_not_received,pending
CB0052371,T0052371,2026-06-01 15:55:00,credit_not_processed,pending
CB0052373,T0052373,2026-07-16 16:30:00,fraud,lost
CB0052398,T0052398,2026-04-25 12:56:00,product_not_received,pending
CB0052403,T0052403,2026-05-15 14:10:00,fraud,won
CB0052406,T0052406,2026-03-10 14:25:00,product_not_received,pending
CB0052426,T0052426,2026-05-03 05:32:00,product_not_received,won
CB0052461,T0052461,2026-01-19 22:08:00,product_not_received,won
CB0052475,T0052475,2026-06-23 11:47:00,duplicate,won
CB0052477,T0052477,2026-03-05 19:23:00,duplicate,won
CB0052517,T0052517,2026-03-06 12:27:00,duplicate,lost
CB0052564,T0052564,2026-05-19 15:43:00,duplicate,pending
CB0052572,T0052572,2026-01-11 19:30:00,credit_not_processed,lost
CB0052618,T0052618,2026-05-17 01:46:00,credit_not_processed,pending
CB0052664,T0052664,2026-07-10 23:06:00,product_not_received,won
CB0052667,T0052667,2026-01-31 02:52:00,credit_not_processed,won
CB0052706,T0052706,2026-03-05 10:54:00,product_not_received,lost
CB0052707,T0052707,2026-07-28 01:13:00,duplicate,pending
CB0052773,T0052773,2026-02-20 22:35:00,fraud,pending
CB0052795,T0052795,2026-05-25 13:59:00,duplicate,won
CB0052850,T0052850,2026-03-18 00:25:00,duplicate,pending
CB0052978,T0052978,2026-01-20 22:27:00,fraud,lost
CB0053005,T0053005,2026-01-24 12:11:00,product_not_received,won
CB0053023,T0053023,2026-06-12 23:29:00,credit_not_processed,lost
CB0053079,T0053079,2026-08-07 13:22:00,credit_not_processed,lost
CB0053092,T0053092,2026-01-21 16:58:00,duplicate,pending
CB0053138,T0053138,2026-05-10 22:36:00,fraud,pending
CB0053221,T0053221,2026-02-25 06:37:00,duplicate,pending
CB0053260,T0053260,2026-02-25 15:22:00,credit_not_processed,won
CB0053309,T0053309,2026-04-04 00:56:00,duplicate,lost
CB0053311,T0053311,2026-04-18 02:35:00,credit_not_processed,lost
CB0053335,T0053335,2026-02-24 23:17:00,duplicate,lost
CB0053381,T0053381,2026-01-28 23:14:00,credit_not_processed,lost
CB0053417,T0053417,2026-04-09 00:13:00,credit_not_processed,pending
CB0053450,T0053450,2026-03-28 01:36:00,duplicate,lost
CB0053490,T0053490,2026-03-25 11:14:00,fraud,won
CB0053554,T0053554,2026-03-05 15:35:00,product_not_received,lost
CB0053555,T0053555,2026-03-14 18:46:00,credit_not_processed,lost
CB0053595,T0053595,2026-07-19 23:44:00,credit_not_processed,won
CB0053607,T0053607,2026-07-07 00:37:00,duplicate,pending
CB0053634,T0053634,2026-03-07 18:16:00,product_not_received,lost
CB0053644,T0053644,2026-04-17 10:07:00,credit_not_processed,lost
CB0053655,T0053655,2026-05-18 18:17:00,fraud,won
CB0053688,T0053688,2026-03-29 00:35:00,credit_not_processed,won
CB0053692,T0053692,2026-05-10 00:36:00,credit_not_processed,pending
CB0053715,T0053715,2026-03-22 19:41:00,duplicate,lost
CB0053746,T0053746,2026-07-28 23:33:00,credit_not_processed,won
CB0053759,T0053759,2026-05-30 02:22:00,duplicate,lost
CB0053761,T0053761,2026-04-17 23:07:00,duplicate,won
CB0053781,T0053781,2026-01-09 11:33:00,duplicate,pending
CB0053788,T0053788,2026-05-10 10:01:00,credit_not_processed,lost
CB0053803,T0053803,2026-01-30 12:22:00,duplicate,lost
CB0053891,T0053891,2026-07-24 05:02:00,product_not_received,lost
CB0053909,T0053909,2026-07-27 15:27:00,credit_not_processed,pending
CB0054026,T0054026,2026-06-04 11:40:00,duplicate,won
CB0054034,T0054034,2026-02-09 01:08:00,fraud,pending
CB0054035,T0054035,2026-03-28 13:52:00,product_not_received,lost
CB0054037,T0054037,2026-05-15 02:45:00,product_not_received,pending
CB0054158,T0054158,2026-03-07 00:56:00,credit_not_processed,won
CB0054162,T0054162,2026-03-18 17:37:00,fraud,pending
CB0054198,T0054198,2026-02-18 09:42:00,product_not_received,pending
CB0054231,T0054231,2026-02-18 00:18:00,fraud,lost
CB0054235,T0054235,2026-01-05 07:38:00,duplicate,won
CB0054237,T0054237,2026-03-06 08:47:00,credit_not_processed,lost
CB0054251,T0054251,2026-04-13 21:32:00,fraud,won
CB0054255,T0054255,2026-02-22 16:59:00,credit_not_processed,pending
CB0054325,T0054325,2026-04-20 21:51:00,product_not_received,won
CB0054464,T0054464,2026-04-03 01:36:00,duplicate,won
CB0054479,T0054479,2026-01-06 00:42:00,product_not_received,pending
CB0054522,T0054522,2026-02-18 03:46:00,product_not_received,won
CB0054601,T0054601,2026-01-28 00:57:00,fraud,pending
CB0054612,T0054612,2026-06-13 21:15:00,credit_not_processed,won
CB0054687,T0054687,2026-07-02 17:34:00,fraud,won
CB0054731,T0054731,2026-04-23 16:02:00,fraud,pending
CB0054765,T0054765,2026-05-27 19:47:00,product_not_received,won
CB0054777,T0054777,2026-05-17 20:36:00,product_not_received,lost
CB0054787,T0054787,2026-06-25 06:20:00,fraud,pending
CB0054805,T0054805,2026-07-18 17:58:00,duplicate,pending
CB0054943,T0054943,2026-01-14 05:03:00,credit_not_processed,won
CB0054998,T0054998,2026-05-21 04:14:00,product_not_received,pending
CB0055010,T0055010,2026-06-21 10:08:00,duplicate,lost
CB0055033,T0055033,2026-07-09 03:42:00,duplicate,pending
CB0055056,T0055056,2026-07-27 19:37:00,credit_not_processed,won
CB0055091,T0055091,2026-06-14 00:58:00,duplicate,won
CB0055093,T0055093,2026-05-15 17:21:00,credit_not_processed,pending
CB0055108,T0055108,2026-01-13 03:49:00,credit_not_processed,lost
CB0055133,T0055133,2026-07-05 00:01:00,product_not_received,pending
CB0055152,T0055152,2026-03-28 04:56:00,fraud,lost
CB0055153,T0055153,2026-07-30 17:50:00,fraud,won
CB0055177,T0055177,2026-02-05 02:39:00,credit_not_processed,won
CB0055215,T0055215,2026-03-01 12:15:00,product_not_received,lost
CB0055223,T0055223,2026-06-07 16:55:00,product_not_received,lost
CB0055228,T0055228,2026-03-21 16:19:00,credit_not_processed,lost
CB0055260,T0055260,2026-05-21 08:28:00,fraud,lost
CB0055324,T0055324,2026-02-12 19:41:00,credit_not_processed,won
CB0055355,T0055355,2026-06-04 00:58:00,fraud,lost
CB0055359,T0055359,2026-06-12 03:34:00,credit_not_processed,won
CB0055403,T0055403,2026-02-25 00:07:00,product_not_received,won
CB0055432,T0055432,2026-04-13 07:18:00,credit_not_processed,pending
CB0055438,T0055438,2026-03-27 12:01:00,credit_not_processed,lost
CB0055460,T0055460,2026-06-07 14:09:00,product_not_received,lost
CB0055470,T0055470,2026-06-18 20:38:00,product_not_received,lost
CB0055560,T0055560,2026-03-22 06:42:00,duplicate,won
CB0055570,T0055570,2026-07-31 19:10:00,duplicate,lost
CB0055621,T0055621,2026-05-07 02:29:00,fraud,lost
CB0055718,T0055718,2026-04-30 00:56:00,duplicate,pending
CB0055807,T0055807,2026-03-06 06:16:00,duplicate,won
CB0055826,T0055826,2026-07-22 03:33:00,fraud,lost
CB0055827,T0055827,2026-03-26 08:07:00,credit_not_processed,won
CB0055833,T0055833,2026-04-25 04:45:00,credit_not_processed,pending
CB0055838,T0055838,2026-03-06 10:44:00,duplicate,won
CB0055875,T0055875,2026-05-09 07:57:00,credit_not_processed,lost
CB0055943,T0055943,2026-06-29 00:45:00,fraud,won
CB0055965,T0055965,2026-01-10 17:30:00,credit_not_processed,pending
CB0056060,T0056060,2026-02-05 00:03:00,credit_not_processed,won
CB0056069,T0056069,2026-04-27 09:34:00,fraud,won
CB0056091,T0056091,2026-04-03 00:11:00,duplicate,lost
CB0056103,T0056103,2026-03-05 15:31:00,credit_not_processed,won
CB0056169,T0056169,2026-02-22 22:09:00,product_not_received,pending
CB0056265,T0056265,2026-04-24 21:34:00,product_not_received,won
CB0056266,T0056266,2026-06-04 00:54:00,fraud,pending
CB0056287,T0056287,2026-07-23 17:58:00,product_not_received,lost
CB0056301,T0056301,2026-04-27 00:54:00,credit_not_processed,lost
CB0056346,T0056346,2026-02-16 14:35:00,duplicate,won
CB0056481,T0056481,2026-03-24 00:14:00,duplicate,lost
CB0056485,T0056485,2026-01-30 16:10:00,fraud,lost
CB0056548,T0056548,2026-07-26 18:32:00,fraud,lost
CB0056567,T0056567,2026-05-10 10:59:00,product_not_received,lost
CB0056591,T0056591,2026-02-23 11:55:00,product_not_received,pending
CB0056598,T0056598,2026-05-10 06:19:00,duplicate,pending
CB0056709,T0056709,2026-05-30 00:16:00,fraud,won
CB0056712,T0056712,2026-07-07 15:56:00,credit_not_processed,won
CB0056788,T0056788,2026-01-06 17:07:00,product_not_received,won
CB0056903,T0056903,2026-07-30 16:42:00,duplicate,pending
CB0056936,T0056936,2026-02-28 03:40:00,fraud,lost
CB0056955,T0056955,2026-06-15 00:48:00,fraud,won
CB0057040,T0057040,2026-06-15 00:43:00,duplicate,won
CB0057042,T0057042,2026-07-17 22:13:00,credit_not_processed,won
CB0057049,T0057049,2026-06-18 23:18:00,product_not_received,won
CB0057089,T0057089,2026-03-31 09:01:00,fraud,won
CB0057145,T0057145,2026-03-06 00:30:00,fraud,lost
CB0057248,T0057248,2026-04-11 11:50:00,duplicate,lost
CB0057257,T0057257,2026-02-23 05:21:00,credit_not_processed,lost
CB0057262,T0057262,2026-03-15 23:41:00,duplicate,won
CB0057283,T0057283,2026-02-02 19:09:00,credit_not_processed,pending
CB0057306,T0057306,2026-06-25 09:15:00,product_not_received,won
CB0057312,T0057312,2026-05-31 23:02:00,fraud,lost
CB0057329,T0057329,2026-02-03 00:56:00,product_not_received,pending
CB0057331,T0057331,2026-01-19 07:32:00,product_not_received,pending
CB0057394,T0057394,2026-08-01 21:53:00,credit_not_processed,lost
CB0057414,T0057414,2026-03-31 18:46:00,credit_not_processed,pending
CB0057452,T0057452,2026-02-08 13:59:00,fraud,pending
CB0057457,T0057457,2026-06-18 19:07:00,fraud,lost
CB0057462,T0057462,2026-06-07 23:23:00,product_not_received,won
CB0057472,T0057472,2026-05-14 02:06:00,fraud,won
CB0057506,T0057506,2026-07-03 00:45:00,credit_not_processed,lost
CB0057540,T0057540,2026-06-24 10:45:00,duplicate,lost
CB0057594,T0057594,2026-06-07 18:59:00,fraud,lost
CB0057597,T0057597,2026-06-21 17:13:00,credit_not_processed,pending
CB0057655,T0057655,2026-02-21 19:58:00,credit_not_processed,won
CB0057679,T0057679,2026-07-09 19:57:00,product_not_received,lost
CB0057710,T0057710,2026-05-10 02:19:00,fraud,pending
CB0057711,T0057711,2026-04-09 20:14:00,fraud,pending
CB0057763,T0057763,2026-03-14 11:14:00,duplicate,pending
CB0057847,T0057847,2026-04-06 16:19:00,fraud,pending
CB0057885,T0057885,2026-04-15 00:42:00,duplicate,pending
CB0057953,T0057953,2026-04-25 04:32:00,fraud,won
CB0058000,T0058000,2026-02-14 19:05:00,credit_not_processed,won
CB0058079,T0058079,2026-04-17 17:10:00,credit_not_processed,pending
CB0058109,T0058109,2026-05-30 00:31:00,credit_not_processed,won
CB0058183,T0058183,2026-06-21 16:52:00,product_not_received,lost
CB0058207,T0058207,2026-01-04 17:23:00,duplicate,lost
CB0058235,T0058235,2026-02-26 01:13:00,credit_not_processed,won
CB0058272,T0058272,2026-05-20 16:23:00,duplicate,pending
CB0058371,T0058371,2026-05-03 05:11:00,duplicate,won
CB0058403,T0058403,2026-02-19 05:41:00,fraud,pending
CB0058417,T0058417,2026-02-17 00:35:00,duplicate,pending
CB0058509,T0058509,2026-08-04 03:35:00,duplicate,lost
CB0058515,T0058515,2026-01-09 03:35:00,duplicate,won
CB0058548,T0058548,2026-06-06 01:46:00,credit_not_processed,pending
CB0058552,T0058552,2026-04-19 09:02:00,duplicate,won
CB0058573,T0058573,2026-06-05 01:06:00,product_not_received,won
CB0058592,T0058592,2026-04-14 00:16:00,duplicate,lost
CB0058610,T0058610,2026-04-03 00:56:00,credit_not_processed,won
CB0058629,T0058629,2026-02-17 01:51:00,duplicate,won
CB0058671,T0058671,2026-03-01 11:40:00,credit_not_processed,lost
CB0058705,T0058705,2026-07-20 21:58:00,duplicate,lost
CB0058740,T0058740,2026-04-13 01:05:00,credit_not_processed,pending
CB0058780,T0058780,2026-05-04 00:46:00,product_not_received,lost
CB0058841,T0058841,2026-03-15 06:25:00,product_not_received,won
CB0058969,T0058969,2026-02-10 19:50:00,credit_not_processed,pending
CB0058977,T0058977,2026-01-16 21:22:00,product_not_received,pending
CB0059138,T0059138,2026-03-19 16:52:00,product_not_received,won
CB0059142,T0059142,2026-07-28 21:27:00,duplicate,won
CB0059159,T0059159,2026-05-15 00:00:00,credit_not_processed,won
CB0059171,T0059171,2026-01-10 03:38:00,fraud,pending
CB0059176,T0059176,2026-06-25 22:35:00,fraud,pending
CB0059212,T0059212,2026-06-19 09:40:00,product_not_received,won
CB0059246,T0059246,2026-01-22 10:57:00,product_not_received,pending
CB0059360,T0059360,2026-06-26 11:00:00,credit_not_processed,won
CB0059390,T0059390,2026-02-27 00:05:00,credit_not_processed,lost
CB0059432,T0059432,2026-06-07 21:12:00,product_not_received,lost
CB0059435,T0059435,2026-02-17 08:05:00,duplicate,won
CB0059481,T0059481,2026-06-07 23:50:00,credit_not_processed,pending
CB0059539,T0059539,2026-06-25 19:55:00,product_not_received,lost
CB0059580,T0059580,2026-05-20 00:40:00,credit_not_processed,pending
CB0059696,T0059696,2026-07-15 07:50:00,product_not_received,won
CB0059718,T0059718,2026-01-11 06:34:00,fraud,lost
CB0059720,T0059720,2026-05-27 04:40:00,credit_not_processed,lost
CB0059753,T0059753,2026-01-15 18:56:00,fraud,pending
CB0059779,T0059779,2026-02-26 03:29:00,credit_not_processed,pending
CB0059814,T0059814,2026-02-26 00:37:00,credit_not_processed,won
CB0059923,T0059923,2026-02-08 19:09:00,product_not_received,pending
CB0059986,T0059986,2026-04-12 19:29:00,fraud,pending
CB0060078,T0060078,2026-01-29 19:16:00,product_not_received,pending
CB0060119,T0060119,2026-04-30 19:03:00,credit_not_processed,won
CB0060135,T0060135,2026-05-02 00:55:00,credit_not_processed,lost
CB0060285,T0060285,2026-06-19 14:08:00,product_not_received,won
CB0060342,T0060342,2026-03-15 15:47:00,credit_not_processed,lost
CB0060351,T0060351,2026-01-23 08:11:00,product_not_received,lost
CB0060380,T0060380,2026-07-14 01:14:00,fraud,won
CB0060397,T0060397,2026-06-13 13:37:00,duplicate,lost
CB0060435,T0060435,2026-04-18 01:16:00,product_not_received,won
CB0060504,T0060504,2026-02-15 09:38:00,credit_not_processed,lost
CB0060550,T0060550,2026-02-15 04:08:00,fraud,won
CB0060555,T0060555,2026-01-13 22:57:00,fraud,lost
CB0060588,T0060588,2026-07-04 11:12:00,duplicate,won
CB0060605,T0060605,2026-01-08 15:59:00,product_not_received,pending
CB0060609,T0060609,2026-03-01 18:12:00,duplicate,won
CB0060637,T0060637,2026-02-27 17:34:00,credit_not_processed,pending
CB0060690,T0060690,2026-06-12 03:59:00,product_not_received,pending
CB0060807,T0060807,2026-02-06 03:08:00,product_not_received,pending
CB0060919,T0060919,2026-03-29 06:36:00,fraud,won
CB0060924,T0060924,2026-01-26 22:26:00,product_not_received,won
CB0060964,T0060964,2026-06-17 06:11:00,duplicate,lost
CB0061098,T0061098,2026-06-17 09:40:00,duplicate,won
CB0061162,T0061162,2026-04-30 00:43:00,credit_not_processed,won
CB0061186,T0061186,2026-03-14 05:56:00,credit_not_processed,pending
CB0061192,T0061192,2026-04-20 00:37:00,duplicate,won
CB0061240,T0061240,2026-06-27 09:58:00,fraud,won
CB0061265,T0061265,2026-01-12 18:25:00,duplicate,won
CB0061291,T0061291,2026-05-01 07:03:00,duplicate,lost
CB0061306,T0061306,2026-04-01 17:23:00,fraud,won
CB0061315,T0061315,2026-01-09 11:50:00,credit_not_processed,lost
CB0061327,T0061327,2026-05-16 22:38:00,duplicate,won
CB0061363,T0061363,2026-07-17 00:09:00,credit_not_processed,lost
CB0061463,T0061463,2026-06-09 01:18:00,product_not_received,lost
CB0061501,T0061501,2026-03-27 03:32:00,credit_not_processed,pending
CB0061528,T0061528,2026-02-24 09:08:00,product_not_received,lost
CB0061530,T0061530,2026-07-31 11:35:00,credit_not_processed,won
CB0061552,T0061552,2026-04-11 00:38:00,fraud,pending
CB0061606,T0061606,2026-01-27 22:13:00,product_not_received,won
CB0061699,T0061699,2026-06-25 08:52:00,product_not_received,won
CB0061746,T0061746,2026-04-26 05:53:00,product_not_received,lost
CB0061765,T0061765,2026-05-14 04:24:00,credit_not_processed,won
CB0061800,T0061800,2026-06-14 10:01:00,credit_not_processed,lost
CB0061819,T0061819,2026-06-18 21:48:00,credit_not_processed,won
CB0061861,T0061861,2026-01-28 20:44:00,product_not_received,won
CB0061967,T0061967,2026-03-12 15:07:00,credit_not_processed,lost
CB0061990,T0061990,2026-07-22 07:01:00,duplicate,won
CB0061995,T0061995,2026-05-25 22:33:00,credit_not_processed,won
CB0062041,T0062041,2026-01-22 09:49:00,credit_not_processed,won
CB0062044,T0062044,2026-01-11 19:42:00,fraud,pending
CB0062048,T0062048,2026-02-12 14:58:00,duplicate,lost
CB0062107,T0062107,2026-03-09 00:40:00,duplicate,won
CB0062193,T0062193,2026-02-10 00:13:00,credit_not_processed,lost
CB0062223,T0062223,2026-04-22 00:57:00,product_not_received,won
CB0062288,T0062288,2026-06-30 07:32:00,fraud,won
CB0062297,T0062297,2026-07-23 07:39:00,product_not_received,lost
CB0062329,T0062329,2026-01-21 07:04:00,product_not_received,won
CB0062378,T0062378,2026-02-05 12:50:00,credit_not_processed,lost
CB0062406,T0062406,2026-03-18 16:17:00,product_not_received,won
CB0062450,T0062450,2026-03-28 23:04:00,credit_not_processed,pending
CB0062492,T0062492,2026-06-28 10:13:00,fraud,won
CB0062530,T0062530,2026-03-06 00:59:00,fraud,pending
CB0062578,T0062578,2026-07-20 11:47:00,duplicate,pending
CB0062594,T0062594,2026-05-01 12:03:00,duplicate,lost
CB0062622,T0062622,2026-01-29 12:51:00,fraud,pending
CB0062640,T0062640,2026-07-18 13:54:00,credit_not_processed,won
CB0062666,T0062666,2026-07-23 02:05:00,credit_not_processed,pending
CB0062728,T0062728,2026-04-20 22:48:00,fraud,lost
CB0062770,T0062770,2026-04-27 15:48:00,fraud,pending
CB0062782,T0062782,2026-03-21 07:20:00,duplicate,pending
CB0062803,T0062803,2026-03-04 17:36:00,product_not_received,pending
CB0062815,T0062815,2026-01-12 10:49:00,duplicate,lost
CB0062818,T0062818,2026-02-22 18:31:00,credit_not_processed,won
CB0062875,T0062875,2026-04-03 06:41:00,credit_not_processed,lost
CB0062909,T0062909,2026-02-22 04:04:00,duplicate,pending
CB0062923,T0062923,2026-05-24 00:33:00,duplicate,won
CB0062953,T0062953,2026-03-12 15:25:00,fraud,lost
CB0062968,T0062968,2026-01-22 18:31:00,fraud,won
CB0063008,T0063008,2026-05-19 14:12:00,duplicate,won
CB0063101,T0063101,2026-03-22 00:57:00,duplicate,won
CB0063131,T0063131,2026-06-30 16:03:00,duplicate,lost
CB0063162,T0063162,2026-08-09 09:03:00,credit_not_processed,pending
CB0063165,T0063165,2026-04-01 04:47:00,duplicate,pending
CB0063191,T0063191,2026-08-06 22:06:00,credit_not_processed,lost
CB0063251,T0063251,2026-04-08 00:49:00,credit_not_processed,won
CB0063287,T0063287,2026-07-25 09:28:00,product_not_received,won
CB0063317,T0063317,2026-06-29 04:17:00,fraud,lost
CB0063333,T0063333,2026-04-08 10:35:00,credit_not_processed,lost
CB0063469,T0063469,2026-04-23 05:29:00,product_not_received,won
CB0063501,T0063501,2026-03-12 00:40:00,duplicate,won
CB0063570,T0063570,2026-02-08 04:05:00,duplicate,pending
CB0063593,T0063593,2026-02-24 04:00:00,fraud,pending
CB0063615,T0063615,2026-01-10 15:22:00,product_not_received,pending
CB0063724,T0063724,2026-06-24 21:19:00,duplicate,won
CB0063753,T0063753,2026-07-15 13:39:00,duplicate,won
CB0063768,T0063768,2026-06-25 04:39:00,credit_not_processed,won
CB0063771,T0063771,2026-05-21 01:59:00,duplicate,pending
CB0063820,T0063820,2026-04-08 01:11:00,credit_not_processed,pending
CB0063847,T0063847,2026-04-28 07:01:00,product_not_received,won
CB0064069,T0064069,2026-06-24 21:44:00,fraud,pending
CB0064075,T0064075,2026-06-24 08:51:00,duplicate,lost
CB0064152,T0064152,2026-02-02 00:26:00,credit_not_processed,won
CB0064153,T0064153,2026-08-09 18:24:00,fraud,won
CB0064172,T0064172,2026-03-24 22:52:00,product_not_received,won
CB0064208,T0064208,2026-02-16 03:51:00,credit_not_processed,lost
CB0064220,T0064220,2026-06-27 15:18:00,duplicate,pending
CB0064253,T0064253,2026-05-28 09:02:00,credit_not_processed,won
CB0064280,T0064280,2026-01-27 06:35:00,duplicate,lost
CB0064291,T0064291,2026-03-15 16:01:00,duplicate,won
CB0064372,T0064372,2026-04-05 23:02:00,product_not_received,pending
CB0064383,T0064383,2026-06-16 06:30:00,duplicate,pending
CB0064403,T0064403,2026-03-21 17:20:00,fraud,won
CB0064431,T0064431,2026-03-25 00:18:00,product_not_received,lost
CB0064485,T0064485,2026-07-16 20:33:00,product_not_received,won
CB0064514,T0064514,2026-05-25 00:48:00,credit_not_processed,won
CB0064545,T0064545,2026-01-20 08:05:00,product_not_received,lost
CB0064551,T0064551,2026-02-06 10:12:00,product_not_received,pending
CB0064581,T0064581,2026-01-17 09:06:00,product_not_received,pending
CB0064603,T0064603,2026-01-22 16:57:00,duplicate,lost
CB0064627,T0064627,2026-05-21 00:44:00,duplicate,pending
CB0064657,T0064657,2026-04-25 23:47:00,duplicate,lost
CB0064678,T0064678,2026-01-28 20:44:00,fraud,won
CB0064689,T0064689,2026-07-09 17:13:00,product_not_received,lost
CB0064834,T0064834,2026-01-21 14:20:00,product_not_received,pending
CB0064897,T0064897,2026-03-11 16:18:00,credit_not_processed,lost
CB0064909,T0064909,2026-03-22 07:16:00,fraud,pending
CB0064917,T0064917,2026-02-19 18:25:00,fraud,won
CB0064945,T0064945,2026-06-28 11:49:00,credit_not_processed,pending
CB0064946,T0064946,2026-07-09 16:03:00,fraud,won
CB0064996,T0064996,2026-07-31 19:58:00,product_not_received,pending
CB0065035,T0065035,2026-05-14 04:57:00,duplicate,pending
CB0065063,T0065063,2026-03-03 03:30:00,duplicate,lost
CB0065074,T0065074,2026-03-11 03:08:00,credit_not_processed,pending
CB0065125,T0065125,2026-07-20 21:23:00,fraud,lost
CB0065135,T0065135,2026-01-12 07:02:00,credit_not_processed,pending
CB0065291,T0065291,2026-06-13 11:41:00,credit_not_processed,won
CB0065296,T0065296,2026-05-24 00:06:00,credit_not_processed,won
CB0065338,T0065338,2026-04-30 13:32:00,fraud,pending
CB0065372,T0065372,2026-01-28 19:00:00,credit_not_processed,won
CB0065435,T0065435,2026-06-19 18:50:00,fraud,won
CB0065441,T0065441,2026-08-09 03:58:00,credit_not_processed,lost
CB0065447,T0065447,2026-07-12 19:01:00,product_not_received,won
CB0065466,T0065466,2026-06-25 14:39:00,fraud,lost
CB0065537,T0065537,2026-03-31 15:41:00,product_not_received,won
CB0065539,T0065539,2026-05-26 14:53:00,fraud,lost
CB0065792,T0065792,2026-02-18 18:35:00,credit_not_processed,won
CB0065827,T0065827,2026-03-17 16:38:00,product_not_received,lost
CB0065848,T0065848,2026-06-15 01:29:00,credit_not_processed,pending
CB0065857,T0065857,2026-05-04 02:08:00,duplicate,lost
CB0065947,T0065947,2026-04-19 21:53:00,fraud,lost
CB0065950,T0065950,2026-04-12 00:18:00,duplicate,pending
CB0065980,T0065980,2026-05-17 08:10:00,product_not_received,won
CB0065986,T0065986,2026-03-07 11:51:00,product_not_received,won
CB0065987,T0065987,2026-04-14 23:26:00,fraud,lost
CB0066032,T0066032,2026-02-04 23:58:00,fraud,pending
CB0066035,T0066035,2026-05-15 10:05:00,duplicate,lost
CB0066069,T0066069,2026-01-17 19:13:00,credit_not_processed,won
CB0066093,T0066093,2026-03-26 04:37:00,duplicate,won
CB0066106,T0066106,2026-07-04 06:42:00,duplicate,won
CB0066121,T0066121,2026-07-30 22:18:00,duplicate,pending
CB0066136,T0066136,2026-06-01 18:41:00,fraud,won
CB0066151,T0066151,2026-07-26 02:36:00,duplicate,won
CB0066152,T0066152,2026-06-20 21:41:00,product_not_received,lost
CB0066236,T0066236,2026-01-09 08:13:00,credit_not_processed,won
CB0066260,T0066260,2026-06-11 14:48:00,duplicate,lost
CB0066303,T0066303,2026-03-13 22:54:00,fraud,won
CB0066330,T0066330,2026-05-10 00:20:00,fraud,lost
CB0066342,T0066342,2026-02-16 22:23:00,fraud,lost
CB0066392,T0066392,2026-04-06 20:49:00,credit_not_processed,lost
CB0066428,T0066428,2026-07-14 01:51:00,credit_not_processed,won
CB0066441,T0066441,2026-05-25 22:58:00,duplicate,pending
CB0066450,T0066450,2026-03-19 06:21:00,credit_not_processed,won
CB0066451,T0066451,2026-03-20 17:48:00,credit_not_processed,won
CB0066481,T0066481,2026-01-08 02:01:00,credit_not_processed,lost
CB0066496,T0066496,2026-03-30 09:14:00,fraud,won
CB0066508,T0066508,2026-02-28 16:30:00,duplicate,pending
CB0066616,T0066616,2026-02-13 12:00:00,credit_not_processed,pending
CB0066617,T0066617,2026-07-08 01:18:00,fraud,pending
CB0066655,T0066655,2026-07-26 07:11:00,duplicate,pending
CB0066667,T0066667,2026-01-23 20:29:00,duplicate,pending
CB0066671,T0066671,2026-05-20 00:26:00,fraud,lost
CB0066689,T0066689,2026-01-18 18:31:00,credit_not_processed,pending
CB0066730,T0066730,2026-03-20 16:39:00,product_not_received,lost
CB0066745,T0066745,2026-01-17 04:40:00,duplicate,pending
CB0066776,T0066776,2026-03-29 10:01:00,product_not_received,pending
CB0066800,T0066800,2026-06-20 03:35:00,fraud,won
CB0066803,T0066803,2026-06-15 16:05:00,credit_not_processed,pending
CB0066858,T0066858,2026-03-06 00:04:00,duplicate,lost
CB0066872,T0066872,2026-01-19 04:43:00,credit_not_processed,won
CB0066961,T0066961,2026-03-12 20:16:00,duplicate,lost
CB0066970,T0066970,2026-02-07 00:03:00,fraud,lost
CB0067004,T0067004,2026-07-24 19:06:00,product_not_received,won
CB0067036,T0067036,2026-05-06 22:14:00,product_not_received,lost
CB0067068,T0067068,2026-03-28 03:38:00,duplicate,lost
CB0067130,T0067130,2026-08-01 03:50:00,fraud,lost
CB0067170,T0067170,2026-08-02 22:20:00,product_not_received,lost
CB0067183,T0067183,2026-06-03 05:18:00,credit_not_processed,won
CB0067223,T0067223,2026-03-25 10:41:00,fraud,lost
CB0067233,T0067233,2026-04-04 06:45:00,product_not_received,pending
CB0067311,T0067311,2026-05-12 18:01:00,credit_not_processed,lost
CB0067348,T0067348,2026-05-21 21:29:00,duplicate,lost
CB0067381,T0067381,2026-06-11 10:46:00,fraud,lost
CB0067421,T0067421,2026-04-02 16:40:00,fraud,pending
CB0067529,T0067529,2026-03-24 07:34:00,product_not_received,won
CB0067548,T0067548,2026-05-17 00:25:00,product_not_received,won
CB0067624,T0067624,2026-02-19 07:55:00,duplicate,won
CB0067655,T0067655,2026-08-01 22:55:00,credit_not_processed,lost
CB0067750,T0067750,2026-06-22 08:19:00,duplicate,lost
CB0067803,T0067803,2026-02-17 09:20:00,product_not_received,won
CB0067847,T0067847,2026-06-29 09:34:00,duplicate,won
CB0067881,T0067881,2026-07-23 02:28:00,credit_not_processed,lost
CB0067923,T0067923,2026-01-10 15:13:00,duplicate,won
CB0067930,T0067930,2026-05-06 00:48:00,fraud,won
CB0067945,T0067945,2026-02-07 09:55:00,credit_not_processed,pending
CB0067959,T0067959,2026-01-14 11:33:00,duplicate,lost
CB0068056,T0068056,2026-05-17 13:29:00,product_not_received,lost
CB0068174,T0068174,2026-07-24 07:00:00,fraud,lost
CB0068271,T0068271,2026-07-24 06:46:00,product_not_received,won
CB0068280,T0068280,2026-04-21 18:39:00,product_not_received,lost
CB0068282,T0068282,2026-02-03 04:23:00,duplicate,pending
CB0068374,T0068374,2026-06-10 14:28:00,product_not_received,pending
CB0068375,T0068375,2026-06-15 14:16:00,fraud,pending
CB0068403,T0068403,2026-03-09 19:10:00,duplicate,pending
CB0068405,T0068405,2026-07-24 18:27:00,fraud,lost
CB0068427,T0068427,2026-07-10 02:09:00,product_not_received,pending
CB0068439,T0068439,2026-07-01 18:20:00,fraud,won
CB0068487,T0068487,2026-02-06 06:39:00,fraud,lost
CB0068516,T0068516,2026-01-14 08:11:00,product_not_received,pending
CB0068665,T0068665,2026-02-14 23:21:00,credit_not_processed,pending
CB0068682,T0068682,2026-06-24 04:14:00,product_not_received,won
CB0068721,T0068721,2026-03-10 14:42:00,credit_not_processed,pending
CB0068761,T0068761,2026-05-23 05:08:00,product_not_received,lost
CB0068787,T0068787,2026-04-16 19:12:00,duplicate,pending
CB0068803,T0068803,2026-04-19 11:46:00,fraud,won
CB0068947,T0068947,2026-02-22 00:37:00,product_not_received,lost
CB0069024,T0069024,2026-04-18 16:02:00,duplicate,pending
CB0069214,T0069214,2026-05-05 13:34:00,product_not_received,pending
CB0069348,T0069348,2026-05-28 07:57:00,credit_not_processed,pending
CB0069351,T0069351,2026-05-20 09:53:00,product_not_received,pending
CB0069371,T0069371,2026-02-01 17:22:00,fraud,pending
CB0069414,T0069414,2026-04-01 01:13:00,fraud,pending
CB0069416,T0069416,2026-02-19 06:29:00,product_not_received,lost
CB0069441,T0069441,2026-03-01 12:19:00,credit_not_processed,won
CB0069466,T0069466,2026-04-16 01:22:00,product_not_received,lost
CB0069467,T0069467,2026-01-05 11:39:00,duplicate,lost
CB0069506,T0069506,2026-07-15 01:25:00,credit_not_processed,lost
CB0069517,T0069517,2026-04-07 08:51:00,credit_not_processed,pending
CB0069660,T0069660,2026-03-14 00:28:00,fraud,won
CB0069666,T0069666,2026-03-01 17:32:00,product_not_received,won
CB0069682,T0069682,2026-01-27 16:17:00,duplicate,lost
CB0069735,T0069735,2026-05-21 09:39:00,product_not_received,lost
CB0069748,T0069748,2026-07-23 16:03:00,credit_not_processed,lost
CB0069850,T0069850,2026-04-02 00:21:00,credit_not_processed,pending
CB0069856,T0069856,2026-07-01 09:44:00,duplicate,lost
CB0069873,T0069873,2026-06-26 12:42:00,credit_not_processed,pending
CB0069896,T0069896,2026-05-09 00:01:00,duplicate,pending
CB0069940,T0069940,2026-04-25 00:52:00,fraud,pending
CB0069951,T0069951,2026-03-22 02:06:00,product_not_received,pending
CB0070007,T0070007,2026-03-13 15:26:00,duplicate,lost
CB0070017,T0070017,2026-04-11 12:57:00,product_not_received,won
CB0070024,T0070024,2026-04-29 18:22:00,duplicate,lost
CB0070060,T0070060,2026-05-09 17:17:00,product_not_received,lost
CB0070122,T0070122,2026-04-22 00:23:00,product_not_received,pending
CB0070138,T0070138,2026-04-26 15:27:00,duplicate,pending
CB0070175,T0070175,2026-08-03 02:35:00,credit_not_processed,lost
CB0070192,T0070192,2026-05-27 17:29:00,product_not_received,pending
CB0070211,T0070211,2026-07-07 06:21:00,fraud,won
CB0070231,T0070231,2026-07-28 03:00:00,duplicate,lost
CB0070245,T0070245,2026-06-24 12:45:00,fraud,lost
CB0070328,T0070328,2026-07-11 17:52:00,duplicate,won
CB0070381,T0070381,2026-03-29 23:27:00,fraud,pending
CB0070445,T0070445,2026-07-17 18:17:00,credit_not_processed,pending
CB0070522,T0070522,2026-02-24 07:37:00,credit_not_processed,pending
CB0070568,T0070568,2026-07-21 05:00:00,fraud,won
CB0070757,T0070757,2026-06-07 23:33:00,duplicate,won
CB0070830,T0070830,2026-07-29 01:57:00,fraud,pending
CB0070861,T0070861,2026-05-23 10:11:00,product_not_received,pending
CB0070865,T0070865,2026-03-14 11:05:00,credit_not_processed,lost
CB0070886,T0070886,2026-03-22 22:24:00,credit_not_processed,pending
CB0070907,T0070907,2026-04-05 07:33:00,product_not_received,pending
CB0071030,T0071030,2026-04-10 05:52:00,fraud,lost
CB0071032,T0071032,2026-04-15 14:32:00,product_not_received,won
CB0071037,T0071037,2026-06-15 00:48:00,product_not_received,pending
CB0071070,T0071070,2026-03-16 19:35:00,duplicate,won
CB0071096,T0071096,2026-02-23 00:21:00,fraud,lost
CB0071107,T0071107,2026-04-19 23:03:00,duplicate,lost
CB0071142,T0071142,2026-06-30 17:23:00,product_not_received,pending
CB0071153,T0071153,2026-01-15 17:14:00,fraud,won
CB0071191,T0071191,2026-02-22 07:55:00,fraud,won
CB0071207,T0071207,2026-03-20 04:21:00,fraud,won
CB0071251,T0071251,2026-08-02 15:17:00,credit_not_processed,won
CB0071290,T0071290,2026-01-27 19:32:00,fraud,pending
CB0071315,T0071315,2026-05-21 08:30:00,product_not_received,pending
CB0071323,T0071323,2026-07-31 18:50:00,duplicate,won
CB0071382,T0071382,2026-07-13 21:43:00,fraud,won
CB0071390,T0071390,2026-05-01 21:20:00,credit_not_processed,won
CB0071451,T0071451,2026-02-01 13:29:00,credit_not_processed,pending
CB0071454,T0071454,2026-05-25 04:42:00,duplicate,pending
CB0071455,T0071455,2026-02-16 01:27:00,product_not_received,won
CB0071564,T0071564,2026-02-14 00:32:00,product_not_received,lost
CB0071625,T0071625,2026-06-10 22:37:00,duplicate,pending
CB0071641,T0071641,2026-05-31 20:37:00,duplicate,pending
CB0071649,T0071649,2026-06-17 14:12:00,credit_not_processed,pending
CB0071679,T0071679,2026-02-14 06:43:00,credit_not_processed,won
CB0071695,T0071695,2026-06-04 00:22:00,product_not_received,lost
CB0071794,T0071794,2026-07-26 11:54:00,product_not_received,pending
CB0071808,T0071808,2026-04-24 04:33:00,product_not_received,won
CB0071861,T0071861,2026-04-22 08:23:00,fraud,won
CB0071880,T0071880,2026-06-19 16:45:00,product_not_received,won
CB0071881,T0071881,2026-07-28 01:51:00,product_not_received,won
CB0071938,T0071938,2026-01-11 17:40:00,product_not_received,pending
CB0071989,T0071989,2026-06-24 00:17:00,product_not_received,lost
CB0072070,T0072070,2026-02-10 11:11:00,fraud,won
CB0072110,T0072110,2026-03-22 20:42:00,fraud,lost
CB0072162,T0072162,2026-04-01 19:40:00,product_not_received,pending
CB0072289,T0072289,2026-07-06 05:37:00,product_not_received,pending
CB0072309,T0072309,2026-06-28 09:45:00,credit_not_processed,pending
CB0072330,T0072330,2026-03-14 23:08:00,fraud,won
CB0072365,T0072365,2026-05-22 13:23:00,product_not_received,won
CB0072399,T0072399,2026-03-14 17:51:00,credit_not_processed,won
CB0072425,T0072425,2026-01-16 00:01:00,credit_not_processed,won
CB0072426,T0072426,2026-03-30 19:28:00,fraud,lost
CB0072483,T0072483,2026-07-20 14:27:00,duplicate,lost
CB0072484,T0072484,2026-05-24 01:37:00,product_not_received,lost
CB0072497,T0072497,2026-06-25 00:58:00,fraud,lost
CB0072546,T0072546,2026-07-07 17:32:00,duplicate,lost
CB0072554,T0072554,2026-05-02 00:59:00,credit_not_processed,won
CB0072555,T0072555,2026-04-16 15:04:00,duplicate,lost
CB0072587,T0072587,2026-05-22 01:24:00,fraud,won
CB0072614,T0072614,2026-03-07 15:24:00,duplicate,lost
CB0072623,T0072623,2026-07-07 23:45:00,duplicate,won
CB0072656,T0072656,2026-01-21 04:05:00,duplicate,pending
CB0072663,T0072663,2026-04-26 00:05:00,fraud,lost
CB0072667,T0072667,2026-02-18 05:43:00,fraud,won
CB0072716,T0072716,2026-07-08 02:18:00,credit_not_processed,pending
CB0072738,T0072738,2026-06-21 04:34:00,fraud,lost
CB0072843,T0072843,2026-07-03 09:57:00,fraud,pending
CB0072850,T0072850,2026-03-06 22:33:00,duplicate,won
CB0072869,T0072869,2026-07-21 14:27:00,product_not_received,lost
CB0072877,T0072877,2026-05-15 13:35:00,duplicate,lost
CB0072947,T0072947,2026-06-11 23:46:00,fraud,lost
CB0072973,T0072973,2026-07-07 20:15:00,product_not_received,lost
CB0073009,T0073009,2026-04-01 09:55:00,product_not_received,won
CB0073071,T0073071,2026-05-29 10:38:00,duplicate,won
CB0073162,T0073162,2026-08-05 01:41:00,duplicate,lost
CB0073170,T0073170,2026-06-22 08:25:00,fraud,lost
CB0073240,T0073240,2026-07-17 02:16:00,fraud,pending
CB0073251,T0073251,2026-06-16 19:00:00,duplicate,pending
CB0073253,T0073253,2026-04-28 13:20:00,fraud,pending
CB0073414,T0073414,2026-06-19 08:18:00,product_not_received,pending
CB0073527,T0073527,2026-07-09 14:35:00,product_not_received,lost
CB0073544,T0073544,2026-02-03 02:36:00,credit_not_processed,lost
CB0073586,T0073586,2026-07-01 01:32:00,product_not_received,pending
CB0073660,T0073660,2026-04-22 21:17:00,fraud,lost
CB0073669,T0073669,2026-02-28 15:24:00,duplicate,lost
CB0073702,T0073702,2026-04-30 09:22:00,product_not_received,pending
CB0073710,T0073710,2026-05-02 00:34:00,fraud,pending
CB0073733,T0073733,2026-06-23 19:31:00,fraud,pending
CB0073735,T0073735,2026-03-13 15:06:00,duplicate,won
CB0073781,T0073781,2026-01-05 11:49:00,fraud,won
CB0073811,T0073811,2026-03-21 19:52:00,fraud,pending
CB0073821,T0073821,2026-04-26 19:08:00,fraud,lost
CB0073892,T0073892,2026-04-10 12:44:00,credit_not_processed,won
CB0073912,T0073912,2026-04-30 22:51:00,duplicate,won
CB0073960,T0073960,2026-04-10 04:54:00,product_not_received,lost
CB0073969,T0073969,2026-04-15 17:59:00,credit_not_processed,pending
CB0074040,T0074040,2026-02-07 15:02:00,credit_not_processed,won
CB0074052,T0074052,2026-03-07 00:04:00,duplicate,lost
CB0074053,T0074053,2026-05-14 13:48:00,fraud,pending
CB0074094,T0074094,2026-07-02 10:03:00,fraud,lost
CB0074123,T0074123,2026-03-17 21:21:00,credit_not_processed,won
CB0074159,T0074159,2026-07-15 14:16:00,credit_not_processed,pending
CB0074197,T0074197,2026-06-13 03:15:00,duplicate,won
CB0074204,T0074204,2026-04-09 12:38:00,fraud,lost
CB0074262,T0074262,2026-06-11 01:58:00,fraud,pending
CB0074360,T0074360,2026-06-19 00:26:00,duplicate,won
CB0074414,T0074414,2026-05-05 22:58:00,product_not_received,lost
CB0074425,T0074425,2026-06-02 05:01:00,fraud,pending
CB0074438,T0074438,2026-02-20 12:52:00,fraud,lost
CB0074440,T0074440,2026-04-06 14:19:00,credit_not_processed,won
CB0074442,T0074442,2026-02-16 06:47:00,credit_not_processed,lost
CB0074448,T0074448,2026-01-29 03:51:00,fraud,pending
CB0074450,T0074450,2026-05-28 20:02:00,fraud,lost
CB0074467,T0074467,2026-04-04 11:24:00,product_not_received,pending
CB0074512,T0074512,2026-03-29 17:25:00,fraud,lost
CB0074520,T0074520,2026-07-02 00:57:00,credit_not_processed,won
CB0074545,T0074545,2026-03-25 21:02:00,credit_not_processed,pending
CB0074565,T0074565,2026-04-29 01:34:00,duplicate,won
CB0074647,T0074647,2026-07-19 04:20:00,fraud,won
CB0074651,T0074651,2026-08-02 11:24:00,product_not_received,pending
CB0074675,T0074675,2026-04-22 18:55:00,duplicate,lost
CB0074703,T0074703,2026-01-27 15:48:00,credit_not_processed,lost
CB0074731,T0074731,2026-07-07 10:44:00,duplicate,pending
CB0074777,T0074777,2026-01-22 03:39:00,fraud,pending
CB0074953,T0074953,2026-03-22 01:51:00,duplicate,pending
CB0074993,T0074993,2026-05-08 00:39:00,credit_not_processed,pending
CB0075030,T0075030,2026-07-27 01:27:00,duplicate,lost
CB0075033,T0075033,2026-06-22 14:45:00,duplicate,lost
CB0075126,T0075126,2026-04-13 19:15:00,duplicate,lost
CB0075220,T0075220,2026-05-04 18:21:00,duplicate,pending
CB0075251,T0075251,2026-04-05 06:37:00,fraud,lost
CB0075322,T0075322,2026-07-09 17:43:00,product_not_received,won
CB0075439,T0075439,2026-04-06 00:14:00,credit_not_processed,won
CB0075473,T0075473,2026-01-14 02:33:00,fraud,lost
CB0075554,T0075554,2026-01-20 03:15:00,product_not_received,pending
CB0075604,T0075604,2026-03-28 20:58:00,fraud,lost
CB0075708,T0075708,2026-05-17 01:55:00,duplicate,won
CB0075714,T0075714,2026-05-21 10:51:00,fraud,pending
CB0075767,T0075767,2026-01-21 11:50:00,duplicate,pending
CB0075788,T0075788,2026-05-05 22:25:00,fraud,pending
CB0075795,T0075795,2026-02-05 08:12:00,duplicate,lost
CB0075807,T0075807,2026-06-17 20:35:00,duplicate,pending
CB0075864,T0075864,2026-02-25 12:36:00,product_not_received,won
CB0075891,T0075891,2026-04-02 17:40:00,duplicate,lost
CB0075901,T0075901,2026-05-25 10:50:00,credit_not_processed,lost
CB0075984,T0075984,2026-05-01 17:55:00,product_not_received,lost
CB0076043,T0076043,2026-04-04 06:18:00,product_not_received,lost
CB0076046,T0076046,2026-07-16 03:51:00,product_not_received,pending
CB0076047,T0076047,2026-02-17 04:06:00,fraud,won
CB0076049,T0076049,2026-05-11 10:13:00,fraud,pending
CB0076079,T0076079,2026-06-05 01:59:00,product_not_received,won
CB0076095,T0076095,2026-07-30 05:36:00,credit_not_processed,pending
CB0076098,T0076098,2026-06-20 04:43:00,product_not_received,pending
CB0076124,T0076124,2026-02-03 07:32:00,duplicate,lost
CB0076131,T0076131,2026-07-20 20:52:00,fraud,pending
CB0076198,T0076198,2026-07-02 06:23:00,fraud,pending
CB0076231,T0076231,2026-05-25 03:22:00,duplicate,won
CB0076302,T0076302,2026-04-23 12:55:00,product_not_received,pending
CB0076352,T0076352,2026-02-10 08:31:00,fraud,won
CB0076354,T0076354,2026-06-03 14:37:00,fraud,lost
CB0076420,T0076420,2026-05-29 05:19:00,product_not_received,lost
CB0076565,T0076565,2026-03-22 00:31:00,fraud,lost
CB0076566,T0076566,2026-02-10 01:59:00,fraud,pending
CB0076638,T0076638,2026-03-13 14:51:00,product_not_received,pending
CB0076684,T0076684,2026-02-10 10:11:00,duplicate,won
CB0076685,T0076685,2026-06-24 06:33:00,fraud,pending
CB0076758,T0076758,2026-02-27 04:46:00,duplicate,won
CB0076783,T0076783,2026-02-17 07:24:00,credit_not_processed,lost
CB0076809,T0076809,2026-03-30 00:46:00,duplicate,pending
CB0076811,T0076811,2026-03-05 20:55:00,fraud,pending
CB0076816,T0076816,2026-07-27 00:55:00,duplicate,lost
CB0076822,T0076822,2026-03-23 06:34:00,credit_not_processed,won
CB0076922,T0076922,2026-06-25 21:27:00,fraud,pending
CB0077030,T0077030,2026-03-22 07:07:00,product_not_received,pending
CB0077058,T0077058,2026-07-10 19:17:00,fraud,pending
CB0077098,T0077098,2026-03-15 19:34:00,credit_not_processed,pending
CB0077108,T0077108,2026-05-18 00:53:00,credit_not_processed,lost
CB0077152,T0077152,2026-07-16 07:12:00,credit_not_processed,lost
CB0077214,T0077214,2026-02-01 09:24:00,credit_not_processed,lost
CB0077216,T0077216,2026-04-25 16:48:00,duplicate,lost
CB0077235,T0077235,2026-04-15 10:14:00,product_not_received,pending
CB0077255,T0077255,2026-05-01 05:27:00,fraud,won
CB0077263,T0077263,2026-07-15 22:00:00,product_not_received,pending
CB0077316,T0077316,2026-02-20 21:03:00,product_not_received,won
CB0077318,T0077318,2026-04-03 00:05:00,fraud,pending
CB0077382,T0077382,2026-04-22 12:29:00,fraud,won
CB0077400,T0077400,2026-06-22 23:51:00,duplicate,lost
CB0077410,T0077410,2026-06-18 03:14:00,fraud,pending
CB0077432,T0077432,2026-05-04 15:19:00,product_not_received,won
CB0077446,T0077446,2026-08-07 11:21:00,duplicate,pending
CB0077518,T0077518,2026-05-10 04:17:00,duplicate,pending
CB0077529,T0077529,2026-05-29 03:48:00,product_not_received,won
CB0077579,T0077579,2026-04-09 09:15:00,credit_not_processed,pending
CB0077581,T0077581,2026-02-04 21:38:00,product_not_received,pending
CB0077631,T0077631,2026-06-11 15:58:00,credit_not_processed,pending
CB0077780,T0077780,2026-06-03 14:03:00,duplicate,pending
CB0077793,T0077793,2026-03-15 00:27:00,fraud,lost
CB0077864,T0077864,2026-06-26 15:35:00,credit_not_processed,lost
CB0077878,T0077878,2026-04-24 12:24:00,product_not_received,won
CB0077927,T0077927,2026-03-29 01:19:00,duplicate,won
CB0077955,T0077955,2026-03-17 10:40:00,credit_not_processed,won
CB0077983,T0077983,2026-05-31 03:24:00,credit_not_processed,pending
CB0078000,T0078000,2026-07-14 03:15:00,credit_not_processed,lost
CB0078058,T0078058,2026-06-20 10:48:00,product_not_received,lost
CB0078075,T0078075,2026-04-07 18:24:00,credit_not_processed,lost
CB0078124,T0078124,2026-04-29 02:35:00,product_not_received,pending
CB0078129,T0078129,2026-03-17 23:47:00,product_not_received,pending
CB0078130,T0078130,2026-07-21 09:54:00,credit_not_processed,won
CB0078152,T0078152,2026-01-15 07:23:00,duplicate,pending
CB0078253,T0078253,2026-03-01 01:31:00,duplicate,lost
CB0078255,T0078255,2026-03-19 19:26:00,fraud,won
CB0078306,T0078306,2026-05-31 19:18:00,product_not_received,pending
CB0078334,T0078334,2026-07-04 00:39:00,duplicate,lost
CB0078365,T0078365,2026-03-12 10:02:00,product_not_received,lost
CB0078398,T0078398,2026-04-06 09:18:00,duplicate,pending
CB0078422,T0078422,2026-01-09 11:11:00,fraud,lost
CB0078753,T0078753,2026-07-28 16:55:00,duplicate,won
CB0078762,T0078762,2026-04-15 00:19:00,credit_not_processed,pending
CB0078797,T0078797,2026-07-26 16:35:00,duplicate,lost
CB0078832,T0078832,2026-06-04 00:55:00,credit_not_processed,lost
CB0078846,T0078846,2026-03-05 00:37:00,fraud,lost
CB0078885,T0078885,2026-01-12 07:37:00,product_not_received,lost
CB0078897,T0078897,2026-03-12 05:21:00,fraud,pending
CB0078911,T0078911,2026-07-02 07:57:00,duplicate,lost
CB0078948,T0078948,2026-05-01 19:42:00,duplicate,pending
CB0078962,T0078962,2026-04-25 22:27:00,fraud,pending
CB0078987,T0078987,2026-05-19 15:48:00,fraud,pending
CB0079006,T0079006,2026-02-24 20:38:00,fraud,pending
CB0079031,T0079031,2026-07-17 11:05:00,credit_not_processed,pending
CB0079062,T0079062,2026-07-22 11:07:00,credit_not_processed,won
CB0079140,T0079140,2026-04-28 22:49:00,credit_not_processed,pending
CB0079199,T0079199,2026-05-29 00:20:00,product_not_received,pending
CB0079223,T0079223,2026-03-28 00:16:00,product_not_received,won
CB0079251,T0079251,2026-04-18 01:15:00,fraud,lost
CB0079296,T0079296,2026-07-17 01:19:00,product_not_received,won
CB0079302,T0079302,2026-02-20 00:22:00,product_not_received,lost
CB0079407,T0079407,2026-07-26 09:44:00,credit_not_processed,pending
CB0079540,T0079540,2026-04-10 14:47:00,fraud,lost
CB0079660,T0079660,2026-06-11 07:40:00,product_not_received,lost
CB0079666,T0079666,2026-03-18 18:42:00,credit_not_processed,lost
CB0079755,T0079755,2026-01-28 10:04:00,credit_not_processed,won
CB0079781,T0079781,2026-02-18 08:27:00,fraud,pending
CB0079829,T0079829,2026-03-24 08:27:00,duplicate,won
CB0079879,T0079879,2026-02-06 21:00:00,product_not_received,pending
CB0079882,T0079882,2026-01-04 13:44:00,credit_not_processed,won
CB0079898,T0079898,2026-02-02 00:48:00,fraud,pending
CB0079952,T0079952,2026-06-15 11:19:00,fraud,lost
CB0079965,T0079965,2026-06-22 00:51:00,credit_not_processed,lost
