customer_id,signup_date,kyc_status,home_address_id,label,ring_id
C00001,2026-04-13,verified,A00237,NORMAL,
C00002,2025-03-22,verified,A00617,NORMAL,
C00003,2026-01-12,verified,A00073,NORMAL,
C00004,2025-03-24,verified,A00699,NORMAL,
C00005,2026-08-16,verified,A00691,NORMAL,
C00006,2025-03-24,verified,A00327,NORMAL,
C00007,2025-09-13,verified,A00479,NORMAL,
C00008,2025-02-28,verified,A00481,LEGITIMATE_SHARED_RESOURCE,
C00009,2025-01-04,verified,A00384,NORMAL,
C00010,2025-01-07,verified,A00565,LEGITIMATE_SHARED_RESOURCE,
C00011,2025-11-01,verified,A00675,NORMAL,
C00012,2026-08-15,verified,A00410,NORMAL,
C00013,2025-07-22,verified,A00468,NORMAL,
C00014,2026-01-22,verified,A00425,NORMAL,
C00015,2025-05-09,verified,A00244,NORMAL,
C00016,2026-07-14,pending,A00334,NORMAL,
C00017,2026-08-16,verified,A00626,LEGITIMATE_SHARED_RESOURCE,
C00018,2025-09-21,verified,A00368,ABUSE_RING,R0107
C00019,2025-10-12,verified,A00167,NORMAL,
C00020,2026-01-15,verified,A00345,ABUSE_RING,R0084
C00021,2025-04-14,verified,A00194,ABUSE_RING,R0012
C00022,2025-02-05,verified,A00628,NORMAL,
C00023,2025-03-10,verified,A00099,NORMAL,
C00024,2026-08-19,verified,A00676,NORMAL,
C00025,2025-12-29,verified,A00102,NORMAL,
C00026,2025-01-27,verified,A00510,NORMAL,
C00027,2025-11-13,verified,A00689,LEGITIMATE_SHARED_RESOURCE,
C00028,2025-08-24,pending,A00440,NORMAL,
C00029,2025-08-23,verified,A00365,NORMAL,
C00030,2025-01-11,pending,A00344,NORMAL,
C00031,2025-02-01,verified,A00504,NORMAL,
C00032,2025-09-01,verified,A00146,NORMAL,
C00033,2025-05-25,verified,A00138,NORMAL,
C00034,2026-03-06,verified,A00499,NORMAL,
C00035,2026-05-30,verified,A00478,NORMAL,
C00036,2025-02-10,pending,A00204,LEGITIMATE_SHARED_RESOURCE,
C00037,2025-06-26,verified,A00559,NORMAL,
C00038,2025-04-25,verified,A00083,NORMAL,
C00039,2026-03-28,verified,A00539,LEGITIMATE_SHARED_RESOURCE,
C00040,2026-08-07,verified,A00362,NORMAL,
C00041,2025-11-11,verified,A00699,NORMAL,
C00042,2025-11-24,verified,A00123,ABUSE_RING,R0093
C00043,2025-03-14,pending,A00452,NORMAL,
C00044,2025-11-21,pending,A00434,NORMAL,
C00045,2025-09-08,verified,A00510,NORMAL,
C00046,2025-08-11,verified,A00314,NORMAL,
C00047,2025-07-30,verified,A00108,NORMAL,
C00048,2025-01-17,pending,A00516,LEGITIMATE_SHARED_RESOURCE,
C00049,2026-02-17,verified,A00247,NORMAL,
C00050,2025-02-25,verified,A00343,NORMAL,
C00051,2026-08-19,verified,A00690,NORMAL,
C00052,2025-01-27,verified,A00546,NORMAL,
C00053,2025-04-08,verified,A00020,NORMAL,
C00054,2025-09-07,verified,A00305,NORMAL,
C00055,2026-07-15,pending,A00095,NORMAL,
C00056,2025-02-08,pending,A00133,ABUSE_RING,R0021
C00057,2025-03-11,verified,A00312,LEGITIMATE_SHARED_RESOURCE,
C00058,2025-03-19,verified,A00025,NORMAL,
C00059,2026-07-12,verified,A00047,LEGITIMATE_SHARED_RESOURCE,
C00060,2025-05-18,verified,A00433,LEGITIMATE_SHARED_RESOURCE,
C00061,2025-03-06,verified,A00564,NORMAL,
C00062,2026-04-27,verified,A00657,LEGITIMATE_SHARED_RESOURCE,
C00063,2025-07-16,verified,A00066,LEGITIMATE_SHARED_RESOURCE,
C00064,2025-10-16,verified,A00588,LEGITIMATE_SHARED_RESOURCE,
C00065,2026-05-05,verified,A00012,NORMAL,
C00066,2025-08-03,verified,A00022,NORMAL,
C00067,2025-10-14,verified,A00319,NORMAL,
C00068,2026-05-23,verified,A00210,NORMAL,
C00069,2025-11-11,verified,A00107,NORMAL,
C00070,2025-02-14,verified,A00068,NORMAL,
C00071,2025-02-16,verified,A00302,NORMAL,
C00072,2026-02-09,verified,A00013,ABUSE_RING,R0002
C00073,2025-10-27,verified,A00125,NORMAL,
C00074,2025-08-29,verified,A00342,NORMAL,
C00075,2026-04-12,verified,A00137,NORMAL,
C00076,2025-02-18,verified,A00151,NORMAL,
C00077,2025-05-11,verified,A00612,NORMAL,
C00078,2026-01-01,verified,A00710,NORMAL,
C00079,2026-04-21,verified,A00088,NORMAL,
C00080,2026-05-16,verified,A00079,NORMAL,
C00081,2026-06-20,verified,A00615,LEGITIMATE_SHARED_RESOURCE,
C00082,2026-07-27,pending,A00568,NORMAL,
C00083,2026-05-24,verified,A00465,LEGITIMATE_SHARED_RESOURCE,
C00084,2026-05-18,verified,A00449,NORMAL,
C00085,2026-01-15,verified,A00223,NORMAL,
C00086,2026-05-28,verified,A00673,LEGITIMATE_SHARED_RESOURCE,
C00087,2025-03-20,verified,A00219,LEGITIMATE_SHARED_RESOURCE,
C00088,2026-07-04,verified,A00588,NORMAL,
C00089,2025-08-17,verified,A00659,LEGITIMATE_SHARED_RESOURCE,
C00090,2025-06-14,verified,A00519,NORMAL,
C00091,2026-05-03,verified,A00282,NORMAL,
C00092,2026-01-05,verified,A00259,LEGITIMATE_SHARED_RESOURCE,
C00093,2025-11-23,verified,A00514,NORMAL,
C00094,2026-02-24,pending,A00087,ABUSE_RING,R0109
C00095,2026-04-13,verified,A00229,NORMAL,
C00096,2025-10-15,verified,A00569,LEGITIMATE_SHARED_RESOURCE,
C00097,2025-02-01,verified,A00593,ABUSE_RING,R0002
C00098,2026-02-17,verified,A00694,NORMAL,
C00099,2025-02-11,verified,A00649,LEGITIMATE_SHARED_RESOURCE,
C00100,2025-04-20,verified,A00497,LEGITIMATE_SHARED_RESOURCE,
C00101,2025-11-23,verified,A00635,LEGITIMATE_SHARED_RESOURCE,
C00102,2025-07-17,pending,A00109,NORMAL,
C00103,2026-07-07,verified,A00245,NORMAL,
C00104,2026-02-05,verified,A00034,NORMAL,
C00105,2026-01-06,pending,A00314,NORMAL,
C00106,2025-07-15,verified,A00598,NORMAL,
C00107,2025-07-07,verified,A00691,NORMAL,
C00108,2026-08-01,verified,A00032,NORMAL,
C00109,2026-02-25,verified,A00322,LEGITIMATE_SHARED_RESOURCE,
C00110,2026-03-07,verified,A00009,NORMAL,
C00111,2025-05-24,pending,A00480,NORMAL,
C00112,2025-03-18,verified,A00202,NORMAL,
C00113,2026-04-15,verified,A00286,NORMAL,
C00114,2025-07-10,verified,A00355,ABUSE_RING,R0071
C00115,2026-01-03,verified,A00357,NORMAL,
C00116,2025-12-11,verified,A00690,LEGITIMATE_SHARED_RESOURCE,
C00117,2025-11-24,verified,A00037,NORMAL,
C00118,2026-04-06,verified,A00529,NORMAL,
C00119,2026-02-28,verified,A00516,LEGITIMATE_SHARED_RESOURCE,
C00120,2026-06-23,verified,A00602,NORMAL,
C00121,2025-06-18,verified,A00139,NORMAL,
C00122,2025-04-19,verified,A00033,NORMAL,
C00123,2025-02-09,verified,A00144,NORMAL,
C00124,2025-01-10,pending,A00023,LEGITIMATE_SHARED_RESOURCE,
C00125,2025-11-14,verified,A00070,NORMAL,
C00126,2025-05-08,verified,A00303,NORMAL,
C00127,2026-02-17,verified,A00455,LEGITIMATE_SHARED_RESOURCE,
C00128,2026-01-11,verified,A00551,NORMAL,
C00129,2025-01-16,verified,A00287,NORMAL,
C00130,2025-04-08,pending,A00024,LEGITIMATE_SHARED_RESOURCE,
C00131,2025-11-15,verified,A00419,MIXED,
C00132,2026-05-11,verified,A00429,NORMAL,
C00133,2025-09-21,pending,A00153,LEGITIMATE_SHARED_RESOURCE,
C00134,2026-03-20,verified,A00300,NORMAL,
C00135,2025-11-04,verified,A00510,NORMAL,
C00136,2025-03-02,verified,A00577,NORMAL,
C00137,2026-07-16,verified,A00085,NORMAL,
C00138,2025-04-28,verified,A00121,NORMAL,
C00139,2026-05-30,verified,A00015,NORMAL,
C00140,2025-08-25,verified,A00335,LEGITIMATE_SHARED_RESOURCE,
C00141,2026-04-20,verified,A00710,NORMAL,
C00142,2025-10-20,verified,A00230,NORMAL,
C00143,2025-01-30,verified,A00138,NORMAL,
C00144,2025-11-12,verified,A00676,NORMAL,
C00145,2026-03-10,verified,A00580,LEGITIMATE_SHARED_RESOURCE,
C00146,2026-05-10,verified,A00263,NORMAL,
C00147,2025-03-03,verified,A00655,NORMAL,
C00148,2025-02-28,verified,A00234,NORMAL,
C00149,2026-06-10,pending,A00476,NORMAL,
C00150,2026-03-29,verified,A00513,LEGITIMATE_SHARED_RESOURCE,
C00151,2026-08-11,verified,A00414,LEGITIMATE_SHARED_RESOURCE,
C00152,2026-08-11,verified,A00479,ABUSE_RING,R0032
C00153,2025-01-23,verified,A00541,NORMAL,
C00154,2025-05-05,verified,A00697,NORMAL,
C00155,2025-07-16,verified,A00524,NORMAL,
C00156,2026-03-13,verified,A00296,NORMAL,
C00157,2025-09-08,verified,A00086,NORMAL,
C00158,2025-09-28,pending,A00706,NORMAL,
C00159,2026-01-24,verified,A00100,ABUSE_RING,R0056
C00160,2026-06-07,verified,A00171,NORMAL,
C00161,2026-04-20,verified,A00083,NORMAL,
C00162,2026-05-02,verified,A00252,ABUSE_RING,R0077
C00163,2025-10-05,verified,A00472,NORMAL,
C00164,2025-10-05,verified,A00159,NORMAL,
C00165,2025-12-29,verified,A00700,NORMAL,
C00166,2026-04-26,verified,A00706,NORMAL,
C00167,2025-12-05,verified,A00142,NORMAL,
C00168,2025-11-19,verified,A00665,NORMAL,
C00169,2025-06-08,verified,A00075,ABUSE_RING,R0011
C00170,2025-12-11,verified,A00653,LEGITIMATE_SHARED_RESOURCE,
C00171,2025-03-10,verified,A00028,NORMAL,
C00172,2025-05-21,verified,A00012,NORMAL,
C00173,2026-05-16,verified,A00412,ABUSE_RING,R0003
C00174,2026-08-21,verified,A00034,NORMAL,
C00175,2026-01-05,verified,A00181,NORMAL,
C00176,2025-03-19,pending,A00317,NORMAL,
C00177,2025-09-29,verified,A00435,NORMAL,
C00178,2026-03-25,verified,A00251,NORMAL,
C00179,2026-01-10,verified,A00574,NORMAL,
C00180,2025-09-29,verified,A00324,NORMAL,
C00181,2026-03-11,verified,A00420,NORMAL,
C00182,2025-04-22,pending,A00321,NORMAL,
C00183,2026-08-08,verified,A00319,NORMAL,
C00184,2025-10-04,verified,A00424,LEGITIMATE_SHARED_RESOURCE,
C00185,2025-03-29,verified,A00338,NORMAL,
C00186,2025-11-19,verified,A00325,LEGITIMATE_SHARED_RESOURCE,
C00187,2026-07-03,pending,A00412,ABUSE_RING,R0026
C00188,2026-06-27,verified,A00657,LEGITIMATE_SHARED_RESOURCE,
C00189,2026-01-13,verified,A00110,NORMAL,
C00190,2025-10-04,verified,A00595,NORMAL,
C00191,2025-11-15,pending,A00188,NORMAL,
C00192,2025-07-16,verified,A00356,NORMAL,
C00193,2026-07-23,verified,A00236,LEGITIMATE_SHARED_RESOURCE,
C00194,2025-12-23,verified,A00212,NORMAL,
C00195,2025-12-08,verified,A00176,NORMAL,
C00196,2026-06-05,verified,A00345,NORMAL,
C00197,2025-01-29,pending,A00508,LEGITIMATE_SHARED_RESOURCE,
C00198,2025-11-20,verified,A00510,LEGITIMATE_SHARED_RESOURCE,
C00199,2026-06-05,verified,A00703,NORMAL,
C00200,2026-04-07,verified,A00370,NORMAL,
C00201,2025-09-23,verified,A00302,NORMAL,
C00202,2025-05-15,verified,A00288,NORMAL,
C00203,2026-04-30,verified,A00495,NORMAL,
C00204,2025-09-17,verified,A00281,LEGITIMATE_SHARED_RESOURCE,
C00205,2026-08-03,verified,A00602,LEGITIMATE_SHARED_RESOURCE,
C00206,2025-09-09,verified,A00438,NORMAL,
C00207,2025-10-17,verified,A00050,LEGITIMATE_SHARED_RESOURCE,
C00208,2026-03-22,verified,A00582,NORMAL,
C00209,2026-06-29,verified,A00139,NORMAL,
C00210,2026-02-04,verified,A00445,NORMAL,
C00211,2025-05-09,pending,A00688,NORMAL,
C00212,2026-04-14,verified,A00374,NORMAL,
C00213,2025-08-01,verified,A00608,NORMAL,
C00214,2025-08-22,verified,A00576,NORMAL,
C00215,2025-12-27,pending,A00298,NORMAL,
C00216,2026-01-24,verified,A00104,NORMAL,
C00217,2025-05-24,verified,A00261,NORMAL,
C00218,2025-01-25,verified,A00370,NORMAL,
C00219,2025-09-17,verified,A00363,LEGITIMATE_SHARED_RESOURCE,
C00220,2025-07-22,verified,A00045,NORMAL,
C00221,2025-04-05,verified,A00062,NORMAL,
C00222,2026-08-11,verified,A00630,LEGITIMATE_SHARED_RESOURCE,
C00223,2025-08-16,verified,A00648,NORMAL,
C00224,2025-09-16,verified,A00451,LEGITIMATE_SHARED_RESOURCE,
C00225,2026-08-01,verified,A00140,NORMAL,
C00226,2026-01-05,verified,A00107,NORMAL,
C00227,2026-05-04,verified,A00128,NORMAL,
C00228,2026-02-08,verified,A00223,NORMAL,
C00229,2025-05-15,verified,A00665,NORMAL,
C00230,2025-08-25,verified,A00710,NORMAL,
C00231,2026-08-22,verified,A00691,NORMAL,
C00232,2026-06-05,pending,A00265,NORMAL,
C00233,2025-10-01,pending,A00471,NORMAL,
C00234,2026-07-25,verified,A00160,NORMAL,
C00235,2025-09-06,verified,A00512,NORMAL,
C00236,2025-09-28,verified,A00269,LEGITIMATE_SHARED_RESOURCE,
C00237,2025-12-11,pending,A00314,NORMAL,
C00238,2025-12-29,verified,A00363,NORMAL,
C00239,2026-04-13,verified,A00119,LEGITIMATE_SHARED_RESOURCE,
C00240,2025-06-27,verified,A00198,LEGITIMATE_SHARED_RESOURCE,
C00241,2025-04-22,verified,A00295,NORMAL,
C00242,2025-05-28,verified,A00110,LEGITIMATE_SHARED_RESOURCE,
C00243,2026-06-26,verified,A00149,LEGITIMATE_SHARED_RESOURCE,
C00244,2025-10-14,pending,A00166,NORMAL,
C00245,2025-08-07,verified,A00214,LEGITIMATE_SHARED_RESOURCE,
C00246,2026-02-08,verified,A00133,NORMAL,
C00247,2026-05-03,verified,A00473,LEGITIMATE_SHARED_RESOURCE,
C00248,2026-02-23,pending,A00278,NORMAL,
C00249,2025-02-01,verified,A00284,ABUSE_RING,R0055
C00250,2025-02-11,verified,A00399,NORMAL,
C00251,2025-12-11,verified,A00102,NORMAL,
C00252,2025-03-24,verified,A00387,MIXED,
C00253,2025-08-25,verified,A00126,NORMAL,
C00254,2025-01-17,verified,A00140,NORMAL,
C00255,2025-05-15,verified,A00618,NORMAL,
C00256,2025-06-15,verified,A00666,NORMAL,
C00257,2025-10-26,verified,A00347,ABUSE_RING,R0082
C00258,2026-01-01,verified,A00539,NORMAL,
C00259,2025-05-19,verified,A00431,NORMAL,
C00260,2026-05-18,verified,A00280,NORMAL,
C00261,2025-07-06,verified,A00216,NORMAL,
C00262,2025-11-22,verified,A00223,NORMAL,
C00263,2025-08-23,verified,A00468,NORMAL,
C00264,2025-07-18,verified,A00137,NORMAL,
C00265,2026-03-28,verified,A00222,NORMAL,
C00266,2026-03-05,verified,A00593,NORMAL,
C00267,2025-07-11,verified,A00353,NORMAL,
C00268,2025-05-03,verified,A00142,NORMAL,
C00269,2026-01-24,verified,A00452,NORMAL,
C00270,2025-06-19,verified,A00199,NORMAL,
C00271,2025-09-15,pending,A00535,NORMAL,
C00272,2026-01-30,pending,A00583,NORMAL,
C00273,2026-01-27,pending,A00352,NORMAL,
C00274,2025-08-10,verified,A00070,LEGITIMATE_SHARED_RESOURCE,
C00275,2026-01-05,pending,A00488,NORMAL,
C00276,2025-09-12,verified,A00027,NORMAL,
C00277,2025-12-31,verified,A00574,NORMAL,
C00278,2026-08-05,verified,A00068,NORMAL,
C00279,2026-07-24,verified,A00032,NORMAL,
C00280,2026-08-05,pending,A00053,LEGITIMATE_SHARED_RESOURCE,
C00281,2026-05-03,verified,A00239,NORMAL,
C00282,2026-04-24,verified,A00234,NORMAL,
C00283,2025-04-18,pending,A00627,NORMAL,
C00284,2026-05-03,pending,A00282,NORMAL,
C00285,2025-03-29,verified,A00530,NORMAL,
C00286,2025-12-15,verified,A00164,NORMAL,
C00287,2026-04-10,verified,A00383,NORMAL,
C00288,2025-01-28,verified,A00422,NORMAL,
C00289,2026-07-12,verified,A00001,LEGITIMATE_SHARED_RESOURCE,
C00290,2025-03-02,verified,A00177,LEGITIMATE_SHARED_RESOURCE,
C00291,2025-01-29,verified,A00644,NORMAL,
C00292,2026-05-05,verified,A00161,NORMAL,
C00293,2025-05-05,verified,A00286,NORMAL,
C00294,2025-12-22,verified,A00611,LEGITIMATE_SHARED_RESOURCE,
C00295,2025-11-28,verified,A00039,NORMAL,
C00296,2025-05-15,verified,A00078,NORMAL,
C00297,2025-12-02,verified,A00639,NORMAL,
C00298,2026-06-13,verified,A00360,NORMAL,
C00299,2025-04-28,verified,A00457,NORMAL,
C00300,2025-01-31,verified,A00202,NORMAL,
C00301,2025-01-15,verified,A00565,NORMAL,
C00302,2026-06-23,verified,A00445,NORMAL,
C00303,2025-01-04,verified,A00290,LEGITIMATE_SHARED_RESOURCE,
C00304,2025-03-10,verified,A00013,NORMAL,
C00305,2025-06-23,pending,A00287,NORMAL,
C00306,2025-05-05,pending,A00025,NORMAL,
C00307,2025-02-18,verified,A00641,LEGITIMATE_SHARED_RESOURCE,
C00308,2026-07-14,verified,A00666,NORMAL,
C00309,2025-12-24,verified,A00497,ABUSE_RING,R0013
C00310,2025-11-29,verified,A00555,LEGITIMATE_SHARED_RESOURCE,
C00311,2025-12-13,pending,A00006,NORMAL,
C00312,2025-12-13,verified,A00100,NORMAL,
C00313,2025-11-07,verified,A00304,ABUSE_RING,R0021
C00314,2026-03-25,verified,A00255,NORMAL,
C00315,2026-02-05,verified,A00299,NORMAL,
C00316,2026-02-07,verified,A00183,LEGITIMATE_SHARED_RESOURCE,
C00317,2026-05-29,verified,A00348,NORMAL,
C00318,2025-04-17,verified,A00128,LEGITIMATE_SHARED_RESOURCE,
C00319,2025-10-22,verified,A00138,LEGITIMATE_SHARED_RESOURCE,
C00320,2025-02-10,verified,A00232,LEGITIMATE_SHARED_RESOURCE,
C00321,2026-07-21,verified,A00679,NORMAL,
C00322,2025-11-28,pending,A00699,NORMAL,
C00323,2025-09-23,pending,A00150,NORMAL,
C00324,2025-04-19,verified,A00396,NORMAL,
C00325,2025-09-25,verified,A00303,NORMAL,
C00326,2025-07-26,verified,A00294,NORMAL,
C00327,2025-04-20,verified,A00387,NORMAL,
C00328,2026-04-05,verified,A00035,NORMAL,
C00329,2026-03-29,verified,A00696,NORMAL,
C00330,2026-07-28,verified,A00430,NORMAL,
C00331,2026-08-01,verified,A00369,ABUSE_RING,R0028
C00332,2026-06-30,verified,A00278,NORMAL,
C00333,2025-03-19,pending,A00089,NORMAL,
C00334,2025-02-25,verified,A00448,NORMAL,
C00335,2026-04-14,verified,A00440,LEGITIMATE_SHARED_RESOURCE,
C00336,2025-10-24,pending,A00517,LEGITIMATE_SHARED_RESOURCE,
C00337,2026-04-04,verified,A00669,NORMAL,
C00338,2026-08-16,verified,A00626,LEGITIMATE_SHARED_RESOURCE,
C00339,2025-11-21,verified,A00485,NORMAL,
C00340,2025-02-23,verified,A00164,NORMAL,
C00341,2025-10-13,verified,A00113,NORMAL,
C00342,2026-03-18,verified,A00365,NORMAL,
C00343,2026-06-19,pending,A00265,LEGITIMATE_SHARED_RESOURCE,
C00344,2025-09-10,pending,A00450,LEGITIMATE_SHARED_RESOURCE,
C00345,2026-07-14,verified,A00451,NORMAL,
C00346,2025-01-03,verified,A00495,NORMAL,
C00347,2025-07-25,verified,A00070,NORMAL,
C00348,2026-06-06,verified,A00383,NORMAL,
C00349,2026-02-08,verified,A00183,LEGITIMATE_SHARED_RESOURCE,
C00350,2026-03-19,verified,A00604,NORMAL,
C00351,2025-05-23,verified,A00226,NORMAL,
C00352,2025-06-12,verified,A00214,NORMAL,
C00353,2025-12-17,verified,A00121,MIXED,
C00354,2025-05-25,verified,A00496,ABUSE_RING,R0013
C00355,2025-07-09,pending,A00159,NORMAL,
C00356,2025-09-13,verified,A00566,ABUSE_RING,R0012
C00357,2025-12-16,verified,A00519,NORMAL,
C00358,2026-08-13,verified,A00602,NORMAL,
C00359,2025-04-28,verified,A00146,NORMAL,
C00360,2025-11-09,verified,A00398,NORMAL,
C00361,2026-01-25,verified,A00595,NORMAL,
C00362,2026-07-07,verified,A00001,LEGITIMATE_SHARED_RESOURCE,
C00363,2025-12-08,pending,A00551,NORMAL,
C00364,2025-08-06,verified,A00621,LEGITIMATE_SHARED_RESOURCE,
C00365,2025-02-17,verified,A00211,NORMAL,
C00366,2025-02-01,verified,A00276,NORMAL,
C00367,2025-03-16,verified,A00252,NORMAL,
C00368,2026-02-20,verified,A00194,ABUSE_RING,R0002
C00369,2025-05-09,verified,A00331,MIXED,R0124
C00370,2026-03-21,verified,A00549,NORMAL,
C00371,2025-10-01,verified,A00696,NORMAL,
C00372,2026-03-31,verified,A00452,NORMAL,
C00373,2025-01-29,verified,A00045,NORMAL,
C00374,2026-03-13,verified,A00511,LEGITIMATE_SHARED_RESOURCE,
C00375,2025-10-06,pending,A00102,NORMAL,
C00376,2025-10-12,verified,A00254,NORMAL,
C00377,2026-04-01,verified,A00053,NORMAL,
C00378,2025-10-12,verified,A00082,NORMAL,
C00379,2026-05-15,pending,A00291,NORMAL,
C00380,2025-07-21,verified,A00449,LEGITIMATE_SHARED_RESOURCE,
C00381,2025-03-26,verified,A00653,LEGITIMATE_SHARED_RESOURCE,
C00382,2026-01-26,verified,A00470,NORMAL,
C00383,2026-03-24,verified,A00082,NORMAL,
C00384,2026-01-02,verified,A00502,NORMAL,
C00385,2025-11-05,verified,A00333,NORMAL,
C00386,2025-09-19,pending,A00514,NORMAL,
C00387,2026-03-24,verified,A00537,NORMAL,
C00388,2025-06-02,verified,A00553,LEGITIMATE_SHARED_RESOURCE,
C00389,2026-05-27,verified,A00281,LEGITIMATE_SHARED_RESOURCE,
C00390,2025-06-24,verified,A00371,LEGITIMATE_SHARED_RESOURCE,
C00391,2025-08-28,verified,A00257,NORMAL,
C00392,2025-04-22,verified,A00619,NORMAL,
C00393,2026-05-31,verified,A00178,NORMAL,
C00394,2026-03-05,verified,A00265,NORMAL,
C00395,2026-08-09,verified,A00649,LEGITIMATE_SHARED_RESOURCE,
C00396,2025-06-14,verified,A00225,LEGITIMATE_SHARED_RESOURCE,
C00397,2026-08-14,verified,A00537,NORMAL,
C00398,2025-06-13,verified,A00577,NORMAL,
C00399,2025-01-25,verified,A00126,NORMAL,
C00400,2025-08-05,verified,A00142,LEGITIMATE_SHARED_RESOURCE,
C00401,2025-01-07,verified,A00280,NORMAL,
C00402,2026-06-08,verified,A00360,LEGITIMATE_SHARED_RESOURCE,
C00403,2026-03-06,verified,A00495,ABUSE_RING,R0104
C00404,2025-03-14,verified,A00683,LEGITIMATE_SHARED_RESOURCE,
C00405,2025-09-30,verified,A00476,LEGITIMATE_SHARED_RESOURCE,
C00406,2026-01-24,verified,A00304,NORMAL,
C00407,2025-11-20,verified,A00604,NORMAL,
C00408,2025-08-25,verified,A00102,ABUSE_RING,R0076
C00409,2026-02-16,verified,A00318,LEGITIMATE_SHARED_RESOURCE,
C00410,2026-01-15,verified,A00411,NORMAL,
C00411,2026-05-19,pending,A00684,NORMAL,
C00412,2026-04-06,verified,A00410,ABUSE_RING,R0064
C00413,2026-01-17,verified,A00444,NORMAL,
C00414,2026-01-30,verified,A00258,NORMAL,
C00415,2026-05-08,pending,A00048,LEGITIMATE_SHARED_RESOURCE,
C00416,2026-07-30,verified,A00009,NORMAL,
C00417,2026-05-28,verified,A00351,NORMAL,
C00418,2025-05-24,verified,A00319,NORMAL,
C00419,2025-12-04,verified,A00190,NORMAL,
C00420,2025-03-14,verified,A00064,NORMAL,
C00421,2025-10-22,verified,A00551,NORMAL,
C00422,2026-06-16,verified,A00138,LEGITIMATE_SHARED_RESOURCE,
C00423,2026-07-26,verified,A00148,ABUSE_RING,R0090
C00424,2026-04-25,verified,A00283,LEGITIMATE_SHARED_RESOURCE,
C00425,2025-05-26,verified,A00442,NORMAL,
C00426,2025-03-20,verified,A00568,NORMAL,
C00427,2026-01-06,verified,A00425,LEGITIMATE_SHARED_RESOURCE,
C00428,2025-06-24,verified,A00550,NORMAL,
C00429,2026-04-24,verified,A00238,NORMAL,
C00430,2026-06-23,verified,A00703,NORMAL,
C00431,2025-10-10,verified,A00390,LEGITIMATE_SHARED_RESOURCE,
C00432,2026-05-06,verified,A00425,ABUSE_RING,R0083
C00433,2026-03-19,verified,A00039,NORMAL,
C00434,2025-09-09,verified,A00090,LEGITIMATE_SHARED_RESOURCE,
C00435,2025-09-21,verified,A00199,NORMAL,
C00436,2025-04-02,verified,A00195,NORMAL,
C00437,2026-08-04,verified,A00245,LEGITIMATE_SHARED_RESOURCE,
C00438,2025-09-05,verified,A00081,LEGITIMATE_SHARED_RESOURCE,
C00439,2025-04-22,pending,A00521,NORMAL,
C00440,2025-09-27,verified,A00411,NORMAL,
C00441,2025-12-29,verified,A00545,NORMAL,
C00442,2025-11-28,verified,A00511,NORMAL,
C00443,2025-11-24,verified,A00297,NORMAL,
C00444,2025-12-31,verified,A00403,NORMAL,
C00445,2025-04-17,verified,A00284,NORMAL,
C00446,2025-07-17,verified,A00469,LEGITIMATE_SHARED_RESOURCE,
C00447,2025-09-17,verified,A00536,NORMAL,
C00448,2025-08-05,verified,A00464,NORMAL,
C00449,2026-08-09,verified,A00205,NORMAL,
C00450,2026-05-29,verified,A00092,ABUSE_RING,R0091
C00451,2025-09-05,verified,A00407,NORMAL,
C00452,2026-03-11,pending,A00443,NORMAL,
C00453,2025-09-11,verified,A00209,NORMAL,
C00454,2026-07-10,verified,A00589,NORMAL,
C00455,2025-12-30,verified,A00551,NORMAL,
C00456,2026-03-24,verified,A00070,NORMAL,
C00457,2026-04-21,verified,A00145,NORMAL,
C00458,2025-12-01,pending,A00397,NORMAL,
C00459,2025-02-17,verified,A00615,NORMAL,
C00460,2026-08-21,pending,A00443,NORMAL,
C00461,2025-05-13,verified,A00435,LEGITIMATE_SHARED_RESOURCE,
C00462,2025-11-10,verified,A00432,ABUSE_RING,R0084
C00463,2025-06-22,verified,A00403,NORMAL,
C00464,2026-07-04,verified,A00442,NORMAL,
C00465,2026-06-22,verified,A00120,NORMAL,
C00466,2026-05-12,pending,A00469,ABUSE_RING,R0044
C00467,2025-07-15,verified,A00579,NORMAL,
C00468,2025-02-19,verified,A00005,NORMAL,
C00469,2025-05-15,verified,A00507,NORMAL,
C00470,2025-03-20,verified,A00060,NORMAL,
C00471,2025-11-17,verified,A00693,MIXED,
C00472,2025-05-11,verified,A00193,NORMAL,
C00473,2026-07-07,pending,A00466,NORMAL,
C00474,2025-06-12,verified,A00132,NORMAL,
C00475,2025-05-08,verified,A00375,LEGITIMATE_SHARED_RESOURCE,
C00476,2025-03-19,verified,A00650,LEGITIMATE_SHARED_RESOURCE,
C00477,2025-10-08,verified,A00392,NORMAL,
C00478,2025-06-25,verified,A00278,NORMAL,
C00479,2026-03-04,verified,A00155,NORMAL,
C00480,2025-02-06,verified,A00345,NORMAL,
C00481,2026-03-12,verified,A00648,NORMAL,
C00482,2025-08-30,verified,A00695,NORMAL,
C00483,2025-12-28,verified,A00160,LEGITIMATE_SHARED_RESOURCE,
C00484,2025-10-22,verified,A00135,MIXED,
C00485,2026-01-28,verified,A00247,ABUSE_RING,R0090
C00486,2026-07-06,verified,A00284,LEGITIMATE_SHARED_RESOURCE,
C00487,2025-01-15,verified,A00659,NORMAL,
C00488,2026-05-22,verified,A00610,NORMAL,
C00489,2026-06-24,verified,A00068,NORMAL,
C00490,2025-10-08,verified,A00063,LEGITIMATE_SHARED_RESOURCE,
C00491,2025-05-25,verified,A00542,NORMAL,
C00492,2025-11-01,verified,A00355,NORMAL,
C00493,2025-02-20,verified,A00378,NORMAL,
C00494,2025-01-15,verified,A00615,NORMAL,
C00495,2025-08-06,verified,A00253,LEGITIMATE_SHARED_RESOURCE,
C00496,2025-07-08,verified,A00599,NORMAL,
C00497,2026-08-02,verified,A00477,ABUSE_RING,R0095
C00498,2025-01-26,verified,A00277,NORMAL,
C00499,2025-01-05,verified,A00208,NORMAL,
C00500,2025-03-30,verified,A00635,NORMAL,
C00501,2025-01-13,verified,A00099,LEGITIMATE_SHARED_RESOURCE,
C00502,2026-07-25,verified,A00694,NORMAL,
C00503,2025-12-03,verified,A00248,NORMAL,
C00504,2025-05-13,verified,A00501,NORMAL,
C00505,2026-05-02,verified,A00226,LEGITIMATE_SHARED_RESOURCE,
C00506,2026-05-17,verified,A00352,NORMAL,
C00507,2025-09-21,verified,A00067,NORMAL,
C00508,2026-03-25,verified,A00366,LEGITIMATE_SHARED_RESOURCE,
C00509,2026-05-03,pending,A00346,NORMAL,
C00510,2025-11-25,verified,A00110,NORMAL,
C00511,2025-10-23,verified,A00100,NORMAL,
C00512,2025-07-04,pending,A00417,ABUSE_RING,R0106
C00513,2026-03-15,verified,A00700,NORMAL,
C00514,2025-09-10,verified,A00591,ABUSE_RING,R0014
C00515,2025-05-11,verified,A00184,ABUSE_RING,R0048
C00516,2026-04-19,verified,A00143,NORMAL,
C00517,2025-03-12,verified,A00658,LEGITIMATE_SHARED_RESOURCE,
C00518,2025-04-11,verified,A00261,NORMAL,
C00519,2025-08-16,verified,A00584,NORMAL,
C00520,2025-02-21,verified,A00484,LEGITIMATE_SHARED_RESOURCE,
C00521,2026-07-07,pending,A00660,NORMAL,
C00522,2025-12-05,verified,A00295,LEGITIMATE_SHARED_RESOURCE,
C00523,2026-04-03,verified,A00221,ABUSE_RING,R0019
C00524,2026-08-02,verified,A00135,LEGITIMATE_SHARED_RESOURCE,
C00525,2025-02-14,verified,A00115,NORMAL,
C00526,2025-04-23,verified,A00453,LEGITIMATE_SHARED_RESOURCE,
C00527,2025-12-21,verified,A00581,NORMAL,
C00528,2026-01-07,verified,A00684,ABUSE_RING,R0036
C00529,2025-03-31,pending,A00186,NORMAL,
C00530,2025-03-28,verified,A00092,NORMAL,
C00531,2026-03-08,pending,A00192,NORMAL,
C00532,2025-07-01,verified,A00401,NORMAL,
C00533,2025-11-30,verified,A00047,NORMAL,
C00534,2025-01-04,verified,A00258,NORMAL,
C00535,2025-07-14,verified,A00221,NORMAL,
C00536,2026-02-06,verified,A00258,NORMAL,
C00537,2025-08-04,verified,A00577,NORMAL,
C00538,2026-03-05,verified,A00259,NORMAL,
C00539,2025-05-31,verified,A00008,NORMAL,
C00540,2025-02-27,verified,A00154,LEGITIMATE_SHARED_RESOURCE,
C00541,2025-06-19,pending,A00453,LEGITIMATE_SHARED_RESOURCE,
C00542,2026-02-12,verified,A00245,LEGITIMATE_SHARED_RESOURCE,
C00543,2025-11-23,verified,A00521,NORMAL,
C00544,2025-02-18,verified,A00520,NORMAL,
C00545,2026-04-02,pending,A00328,LEGITIMATE_SHARED_RESOURCE,
C00546,2026-05-09,verified,A00617,NORMAL,
C00547,2025-08-12,verified,A00382,NORMAL,
C00548,2025-08-12,verified,A00045,NORMAL,
C00549,2025-02-14,verified,A00682,NORMAL,
C00550,2026-03-10,verified,A00144,NORMAL,
C00551,2025-12-17,verified,A00435,NORMAL,
C00552,2026-05-03,pending,A00339,LEGITIMATE_SHARED_RESOURCE,
C00553,2025-10-18,verified,A00565,NORMAL,
C00554,2026-02-28,verified,A00170,LEGITIMATE_SHARED_RESOURCE,
C00555,2026-07-21,verified,A00474,NORMAL,
C00556,2025-01-29,verified,A00281,NORMAL,
C00557,2026-03-08,verified,A00226,NORMAL,
C00558,2025-07-08,verified,A00388,LEGITIMATE_SHARED_RESOURCE,
C00559,2025-12-29,verified,A00687,NORMAL,
C00560,2026-02-28,verified,A00542,LEGITIMATE_SHARED_RESOURCE,
C00561,2025-10-19,pending,A00067,NORMAL,
C00562,2025-12-09,verified,A00421,NORMAL,
C00563,2025-07-25,verified,A00477,LEGITIMATE_SHARED_RESOURCE,
C00564,2025-11-17,verified,A00322,LEGITIMATE_SHARED_RESOURCE,
C00565,2025-03-11,verified,A00528,NORMAL,
C00566,2026-01-11,verified,A00512,NORMAL,
C00567,2026-02-10,verified,A00396,NORMAL,
C00568,2026-01-03,verified,A00580,NORMAL,
C00569,2026-01-05,pending,A00419,LEGITIMATE_SHARED_RESOURCE,
C00570,2025-12-02,verified,A00013,NORMAL,
C00571,2025-02-12,verified,A00656,NORMAL,
C00572,2025-08-23,verified,A00459,LEGITIMATE_SHARED_RESOURCE,
C00573,2025-11-19,verified,A00584,NORMAL,
C00574,2026-02-09,verified,A00529,NORMAL,
C00575,2025-09-20,verified,A00091,NORMAL,
C00576,2025-01-09,verified,A00189,LEGITIMATE_SHARED_RESOURCE,
C00577,2025-05-11,verified,A00272,NORMAL,
C00578,2025-12-13,verified,A00602,NORMAL,
C00579,2026-01-13,verified,A00203,NORMAL,
C00580,2026-04-10,verified,A00236,NORMAL,
C00581,2026-05-12,verified,A00047,NORMAL,
C00582,2025-10-07,verified,A00148,NORMAL,
C00583,2026-03-16,verified,A00059,LEGITIMATE_SHARED_RESOURCE,
C00584,2025-07-09,verified,A00484,LEGITIMATE_SHARED_RESOURCE,
C00585,2025-02-17,verified,A00226,NORMAL,
C00586,2026-05-14,verified,A00605,LEGITIMATE_SHARED_RESOURCE,
C00587,2026-07-27,verified,A00017,NORMAL,
C00588,2025-07-25,verified,A00153,NORMAL,
C00589,2025-11-15,verified,A00688,NORMAL,
C00590,2025-07-14,verified,A00171,LEGITIMATE_SHARED_RESOURCE,
C00591,2026-01-14,verified,A00690,NORMAL,
C00592,2025-11-09,verified,A00137,NORMAL,
C00593,2026-07-25,verified,A00472,NORMAL,
C00594,2026-03-19,verified,A00684,NORMAL,
C00595,2025-12-03,verified,A00056,NORMAL,
C00596,2026-07-13,verified,A00218,NORMAL,
C00597,2025-10-29,verified,A00413,ABUSE_RING,R0022
C00598,2026-04-14,verified,A00025,NORMAL,
C00599,2025-02-21,pending,A00449,NORMAL,
C00600,2026-06-02,verified,A00311,LEGITIMATE_SHARED_RESOURCE,
C00601,2026-02-13,verified,A00402,LEGITIMATE_SHARED_RESOURCE,
C00602,2026-01-22,verified,A00705,LEGITIMATE_SHARED_RESOURCE,
C00603,2026-07-30,verified,A00701,NORMAL,
C00604,2025-01-05,verified,A00579,NORMAL,
C00605,2025-11-13,verified,A00419,LEGITIMATE_SHARED_RESOURCE,
C00606,2026-06-02,verified,A00699,NORMAL,
C00607,2025-12-31,pending,A00017,LEGITIMATE_SHARED_RESOURCE,
C00608,2026-06-27,verified,A00594,NORMAL,
C00609,2025-07-05,verified,A00649,NORMAL,
C00610,2026-03-14,verified,A00489,NORMAL,
C00611,2025-07-08,verified,A00580,NORMAL,
C00612,2025-05-30,verified,A00147,LEGITIMATE_SHARED_RESOURCE,
C00613,2025-12-02,verified,A00163,NORMAL,
C00614,2026-05-15,verified,A00312,NORMAL,
C00615,2026-02-27,pending,A00621,NORMAL,
C00616,2025-06-19,verified,A00057,NORMAL,
C00617,2025-10-04,verified,A00198,LEGITIMATE_SHARED_RESOURCE,
C00618,2025-09-04,verified,A00258,NORMAL,
C00619,2026-03-17,verified,A00108,LEGITIMATE_SHARED_RESOURCE,
C00620,2025-02-17,verified,A00306,NORMAL,
C00621,2026-01-31,verified,A00050,NORMAL,
C00622,2026-01-23,verified,A00406,NORMAL,
C00623,2025-06-22,verified,A00563,NORMAL,
C00624,2026-01-31,verified,A00533,NORMAL,
C00625,2026-06-19,pending,A00631,NORMAL,
C00626,2025-06-23,verified,A00257,NORMAL,
C00627,2025-09-18,verified,A00252,NORMAL,
C00628,2026-01-04,verified,A00438,NORMAL,
C00629,2025-11-28,verified,A00089,NORMAL,
C00630,2025-08-24,verified,A00280,LEGITIMATE_SHARED_RESOURCE,
C00631,2025-02-18,verified,A00554,ABUSE_RING,R0093
C00632,2025-08-22,verified,A00241,LEGITIMATE_SHARED_RESOURCE,
C00633,2025-04-14,verified,A00558,ABUSE_RING,R0040
C00634,2025-01-29,verified,A00594,NORMAL,
C00635,2025-07-15,verified,A00431,NORMAL,
C00636,2026-08-23,verified,A00139,LEGITIMATE_SHARED_RESOURCE,
C00637,2025-07-28,verified,A00506,NORMAL,
C00638,2025-09-11,verified,A00625,NORMAL,
C00639,2026-07-19,verified,A00094,NORMAL,
C00640,2025-06-11,verified,A00029,NORMAL,
C00641,2025-03-20,verified,A00099,NORMAL,
C00642,2026-05-29,verified,A00185,NORMAL,
C00643,2025-02-01,verified,A00157,NORMAL,
C00644,2025-09-04,verified,A00373,LEGITIMATE_SHARED_RESOURCE,
C00645,2025-06-05,verified,A00200,NORMAL,
C00646,2025-09-06,verified,A00405,NORMAL,
C00647,2025-08-11,verified,A00299,NORMAL,
C00648,2025-01-05,verified,A00182,NORMAL,
C00649,2025-03-23,verified,A00047,NORMAL,
C00650,2025-07-07,verified,A00563,NORMAL,
C00651,2026-03-13,verified,A00036,NORMAL,
C00652,2025-04-26,verified,A00357,NORMAL,
C00653,2025-01-19,verified,A00251,NORMAL,
C00654,2025-04-11,verified,A00468,LEGITIMATE_SHARED_RESOURCE,
C00655,2026-05-13,verified,A00409,NORMAL,
C00656,2026-08-13,verified,A00015,NORMAL,
C00657,2025-01-08,verified,A00707,LEGITIMATE_SHARED_RESOURCE,
C00658,2025-04-18,verified,A00655,LEGITIMATE_SHARED_RESOURCE,
C00659,2025-03-23,pending,A00386,NORMAL,
C00660,2025-12-17,verified,A00218,LEGITIMATE_SHARED_RESOURCE,
C00661,2025-06-28,pending,A00317,NORMAL,
C00662,2026-06-27,verified,A00224,LEGITIMATE_SHARED_RESOURCE,
C00663,2026-06-07,pending,A00493,NORMAL,
C00664,2025-04-27,verified,A00075,LEGITIMATE_SHARED_RESOURCE,
C00665,2025-11-17,verified,A00505,NORMAL,
C00666,2025-11-08,verified,A00119,LEGITIMATE_SHARED_RESOURCE,
C00667,2025-04-27,verified,A00642,NORMAL,
C00668,2025-03-01,verified,A00707,LEGITIMATE_SHARED_RESOURCE,
C00669,2026-07-20,verified,A00137,NORMAL,
C00670,2026-05-10,verified,A00191,NORMAL,
C00671,2025-02-03,verified,A00055,NORMAL,
C00672,2025-02-17,verified,A00673,MIXED,
C00673,2026-06-17,verified,A00559,NORMAL,
C00674,2025-07-26,verified,A00582,LEGITIMATE_SHARED_RESOURCE,
C00675,2025-04-27,verified,A00210,NORMAL,
C00676,2025-06-21,verified,A00683,ABUSE_RING,R0116
C00677,2025-01-13,verified,A00615,NORMAL,
C00678,2025-08-08,verified,A00078,ABUSE_RING,R0056
C00679,2026-07-14,verified,A00700,NORMAL,
C00680,2025-12-25,verified,A00462,NORMAL,
C00681,2026-01-29,verified,A00152,NORMAL,
C00682,2025-02-13,verified,A00091,NORMAL,
C00683,2025-08-14,verified,A00448,NORMAL,
C00684,2026-04-24,verified,A00298,NORMAL,
C00685,2025-06-19,verified,A00221,NORMAL,
C00686,2025-06-21,verified,A00506,NORMAL,
C00687,2025-01-28,verified,A00086,NORMAL,
C00688,2026-02-15,verified,A00114,NORMAL,
C00689,2025-04-26,verified,A00480,NORMAL,
C00690,2026-07-04,verified,A00139,NORMAL,
C00691,2025-01-08,verified,A00099,NORMAL,
C00692,2025-12-08,verified,A00407,NORMAL,
C00693,2025-09-20,verified,A00443,MIXED,
C00694,2026-03-30,verified,A00017,NORMAL,
C00695,2025-06-24,verified,A00630,NORMAL,
C00696,2026-08-11,verified,A00495,NORMAL,
C00697,2025-12-13,verified,A00024,LEGITIMATE_SHARED_RESOURCE,
C00698,2025-10-17,pending,A00013,NORMAL,
C00699,2026-01-05,verified,A00080,LEGITIMATE_SHARED_RESOURCE,
C00700,2026-06-19,verified,A00077,NORMAL,
C00701,2025-03-04,verified,A00029,ABUSE_RING,R0004
C00702,2026-04-04,verified,A00328,NORMAL,
C00703,2025-01-03,verified,A00514,NORMAL,
C00704,2025-11-24,verified,A00299,NORMAL,
C00705,2026-02-27,pending,A00458,ABUSE_RING,R0033
C00706,2025-03-05,verified,A00509,NORMAL,
C00707,2026-06-01,verified,A00463,NORMAL,
C00708,2026-05-19,verified,A00008,NORMAL,
C00709,2026-07-27,verified,A00233,NORMAL,
C00710,2025-01-25,verified,A00403,NORMAL,
C00711,2025-10-07,verified,A00042,NORMAL,
C00712,2025-12-14,pending,A00238,NORMAL,
C00713,2025-11-26,verified,A00008,NORMAL,
C00714,2025-03-28,verified,A00168,NORMAL,
C00715,2026-03-29,verified,A00657,NORMAL,
C00716,2026-03-30,verified,A00141,NORMAL,
C00717,2026-07-16,verified,A00027,NORMAL,
C00718,2025-05-01,verified,A00561,LEGITIMATE_SHARED_RESOURCE,
C00719,2025-08-30,verified,A00370,LEGITIMATE_SHARED_RESOURCE,
C00720,2025-04-21,verified,A00162,MIXED,R0136
C00721,2025-03-06,verified,A00262,NORMAL,
C00722,2025-01-29,verified,A00201,LEGITIMATE_SHARED_RESOURCE,
C00723,2026-01-28,verified,A00075,NORMAL,
C00724,2025-02-10,verified,A00184,LEGITIMATE_SHARED_RESOURCE,
C00725,2025-11-07,verified,A00323,NORMAL,
C00726,2025-03-07,verified,A00481,LEGITIMATE_SHARED_RESOURCE,
C00727,2025-10-07,verified,A00487,NORMAL,
C00728,2025-03-21,verified,A00472,NORMAL,
C00729,2025-02-20,verified,A00279,NORMAL,
C00730,2026-07-08,verified,A00451,NORMAL,
C00731,2026-08-04,verified,A00523,LEGITIMATE_SHARED_RESOURCE,
C00732,2026-07-24,verified,A00200,NORMAL,
C00733,2025-04-02,verified,A00261,LEGITIMATE_SHARED_RESOURCE,
C00734,2025-02-27,verified,A00677,NORMAL,
C00735,2025-01-26,verified,A00305,NORMAL,
C00736,2026-07-11,verified,A00253,NORMAL,
C00737,2026-07-10,pending,A00534,LEGITIMATE_SHARED_RESOURCE,
C00738,2025-05-04,verified,A00128,LEGITIMATE_SHARED_RESOURCE,
C00739,2025-04-13,pending,A00281,NORMAL,
C00740,2025-12-10,verified,A00512,NORMAL,
C00741,2026-02-16,verified,A00427,LEGITIMATE_SHARED_RESOURCE,
C00742,2025-03-14,verified,A00347,LEGITIMATE_SHARED_RESOURCE,
C00743,2025-05-13,verified,A00409,LEGITIMATE_SHARED_RESOURCE,
C00744,2025-01-30,verified,A00040,LEGITIMATE_SHARED_RESOURCE,
C00745,2026-08-05,verified,A00097,NORMAL,
C00746,2026-04-06,verified,A00340,MIXED,
C00747,2025-03-18,pending,A00495,LEGITIMATE_SHARED_RESOURCE,
C00748,2026-04-23,verified,A00042,NORMAL,
C00749,2025-05-13,verified,A00682,NORMAL,
C00750,2025-07-30,verified,A00258,NORMAL,
C00751,2025-12-25,pending,A00313,NORMAL,
C00752,2026-04-08,verified,A00167,NORMAL,
C00753,2026-03-27,verified,A00140,NORMAL,
C00754,2025-11-27,verified,A00153,NORMAL,
C00755,2025-03-02,verified,A00362,NORMAL,
C00756,2025-07-06,verified,A00537,LEGITIMATE_SHARED_RESOURCE,
C00757,2026-08-01,verified,A00242,NORMAL,
C00758,2026-01-05,verified,A00511,NORMAL,
C00759,2025-06-28,pending,A00176,NORMAL,
C00760,2025-07-14,verified,A00348,NORMAL,
C00761,2026-04-29,verified,A00643,NORMAL,
C00762,2025-01-17,verified,A00262,NORMAL,
C00763,2025-01-31,verified,A00628,NORMAL,
C00764,2025-09-06,verified,A00411,NORMAL,
C00765,2026-03-10,verified,A00621,NORMAL,
C00766,2026-06-26,verified,A00394,NORMAL,
C00767,2025-10-21,verified,A00273,NORMAL,
C00768,2025-05-19,verified,A00255,LEGITIMATE_SHARED_RESOURCE,
C00769,2026-08-23,verified,A00327,LEGITIMATE_SHARED_RESOURCE,
C00770,2026-02-07,verified,A00356,NORMAL,
C00771,2025-05-15,verified,A00618,NORMAL,
C00772,2025-03-21,verified,A00567,NORMAL,
C00773,2026-03-03,verified,A00415,NORMAL,
C00774,2025-06-20,verified,A00160,NORMAL,
C00775,2026-04-30,verified,A00232,NORMAL,
C00776,2025-08-29,verified,A00004,NORMAL,
C00777,2026-02-04,verified,A00058,LEGITIMATE_SHARED_RESOURCE,
C00778,2025-04-17,verified,A00200,LEGITIMATE_SHARED_RESOURCE,
C00779,2025-09-09,verified,A00061,NORMAL,
C00780,2025-04-30,verified,A00137,NORMAL,
C00781,2025-04-05,verified,A00707,NORMAL,
C00782,2025-07-20,verified,A00706,NORMAL,
C00783,2025-12-18,verified,A00426,LEGITIMATE_SHARED_RESOURCE,
C00784,2025-08-05,verified,A00541,NORMAL,
C00785,2026-07-24,verified,A00223,NORMAL,
C00786,2025-07-19,verified,A00033,LEGITIMATE_SHARED_RESOURCE,
C00787,2025-10-18,verified,A00373,NORMAL,
C00788,2026-01-07,verified,A00121,NORMAL,
C00789,2025-11-10,verified,A00298,LEGITIMATE_SHARED_RESOURCE,
C00790,2025-05-31,verified,A00108,NORMAL,
C00791,2026-04-24,verified,A00590,NORMAL,
C00792,2025-09-29,verified,A00582,NORMAL,
C00793,2025-12-07,verified,A00296,NORMAL,
C00794,2025-06-20,verified,A00083,NORMAL,
C00795,2026-07-22,verified,A00307,ABUSE_RING,R0033
C00796,2025-07-03,verified,A00308,NORMAL,
C00797,2026-01-23,verified,A00113,NORMAL,
C00798,2026-01-11,verified,A00640,NORMAL,
C00799,2025-04-24,verified,A00418,NORMAL,
C00800,2025-10-07,verified,A00658,NORMAL,
C00801,2025-06-27,pending,A00677,NORMAL,
C00802,2026-02-01,verified,A00601,NORMAL,
C00803,2026-05-29,pending,A00178,NORMAL,
C00804,2025-09-17,verified,A00210,NORMAL,
C00805,2025-11-27,verified,A00637,LEGITIMATE_SHARED_RESOURCE,
C00806,2026-06-25,verified,A00384,NORMAL,
C00807,2026-08-07,verified,A00369,NORMAL,
C00808,2025-09-03,verified,A00063,NORMAL,
C00809,2026-04-21,verified,A00123,ABUSE_RING,R0075
C00810,2025-09-25,verified,A00667,NORMAL,
C00811,2025-03-19,verified,A00226,NORMAL,
C00812,2025-10-12,verified,A00583,NORMAL,
C00813,2025-07-01,pending,A00241,NORMAL,
C00814,2025-02-19,verified,A00477,LEGITIMATE_SHARED_RESOURCE,
C00815,2026-07-26,verified,A00333,NORMAL,
C00816,2025-07-21,pending,A00027,NORMAL,
C00817,2026-05-31,verified,A00258,NORMAL,
C00818,2026-02-19,pending,A00245,NORMAL,
C00819,2026-05-05,verified,A00697,NORMAL,
C00820,2026-01-29,pending,A00316,NORMAL,
C00821,2025-07-30,verified,A00651,LEGITIMATE_SHARED_RESOURCE,
C00822,2025-03-14,pending,A00648,NORMAL,
C00823,2026-03-02,verified,A00431,NORMAL,
C00824,2026-02-03,verified,A00028,ABUSE_RING,R0100
C00825,2026-01-22,verified,A00610,LEGITIMATE_SHARED_RESOURCE,
C00826,2026-02-28,verified,A00457,NORMAL,
C00827,2025-11-13,verified,A00151,NORMAL,
C00828,2025-03-07,verified,A00503,NORMAL,
C00829,2025-02-07,verified,A00010,NORMAL,
C00830,2026-03-11,verified,A00273,NORMAL,
C00831,2026-03-25,verified,A00596,NORMAL,
C00832,2025-01-10,verified,A00169,NORMAL,
C00833,2025-11-23,verified,A00196,ABUSE_RING,R0105
C00834,2025-03-25,verified,A00002,NORMAL,
C00835,2025-09-18,verified,A00192,NORMAL,
C00836,2026-05-08,verified,A00636,ABUSE_RING,R0113
C00837,2026-07-09,verified,A00524,ABUSE_RING,R0061
C00838,2025-08-21,verified,A00116,NORMAL,
C00839,2025-06-26,verified,A00401,NORMAL,
C00840,2025-03-23,verified,A00632,LEGITIMATE_SHARED_RESOURCE,
C00841,2026-07-16,verified,A00381,NORMAL,
C00842,2025-02-07,verified,A00634,MIXED,
C00843,2026-02-09,verified,A00633,NORMAL,
C00844,2026-04-09,verified,A00268,NORMAL,
C00845,2025-06-17,verified,A00064,NORMAL,
C00846,2025-03-11,verified,A00285,ABUSE_RING,R0029
C00847,2025-10-04,verified,A00402,NORMAL,
C00848,2025-01-15,verified,A00229,NORMAL,
C00849,2026-05-16,verified,A00547,LEGITIMATE_SHARED_RESOURCE,
C00850,2026-03-10,verified,A00363,NORMAL,
C00851,2026-08-16,verified,A00532,LEGITIMATE_SHARED_RESOURCE,
C00852,2025-11-26,verified,A00615,NORMAL,
C00853,2025-10-07,verified,A00332,LEGITIMATE_SHARED_RESOURCE,
C00854,2026-04-27,verified,A00219,NORMAL,
C00855,2026-05-17,verified,A00624,NORMAL,
C00856,2026-05-31,verified,A00236,NORMAL,
C00857,2025-01-30,verified,A00511,NORMAL,
C00858,2026-05-05,verified,A00676,NORMAL,
C00859,2026-07-02,verified,A00214,ABUSE_RING,R0093
C00860,2026-02-04,verified,A00017,NORMAL,
C00861,2026-04-26,verified,A00641,NORMAL,
C00862,2025-04-13,verified,A00601,NORMAL,
C00863,2025-08-12,verified,A00689,NORMAL,
C00864,2026-07-03,verified,A00005,LEGITIMATE_SHARED_RESOURCE,
C00865,2025-10-15,verified,A00236,NORMAL,
C00866,2026-08-07,verified,A00243,LEGITIMATE_SHARED_RESOURCE,
C00867,2025-12-16,pending,A00445,ABUSE_RING,R0015
C00868,2025-01-27,verified,A00544,NORMAL,
C00869,2025-12-31,verified,A00648,NORMAL,
C00870,2026-02-24,verified,A00393,NORMAL,
C00871,2026-03-12,verified,A00633,NORMAL,
C00872,2026-03-06,verified,A00315,LEGITIMATE_SHARED_RESOURCE,
C00873,2026-04-25,pending,A00403,LEGITIMATE_SHARED_RESOURCE,
C00874,2025-01-18,pending,A00335,MIXED,R0127
C00875,2025-03-25,verified,A00090,LEGITIMATE_SHARED_RESOURCE,
C00876,2025-02-28,verified,A00298,NORMAL,
C00877,2025-05-13,verified,A00680,NORMAL,
C00878,2025-05-21,verified,A00672,NORMAL,
C00879,2025-10-20,pending,A00540,NORMAL,
C00880,2025-01-24,verified,A00134,NORMAL,
C00881,2025-10-12,verified,A00301,NORMAL,
C00882,2025-03-04,verified,A00622,NORMAL,
C00883,2025-08-28,verified,A00383,LEGITIMATE_SHARED_RESOURCE,
C00884,2025-09-04,verified,A00284,NORMAL,
C00885,2025-09-08,verified,A00465,NORMAL,
C00886,2025-12-05,verified,A00458,NORMAL,
C00887,2026-03-04,pending,A00372,NORMAL,
C00888,2025-11-27,verified,A00229,NORMAL,
C00889,2026-05-13,verified,A00259,NORMAL,
C00890,2026-07-28,verified,A00362,LEGITIMATE_SHARED_RESOURCE,
C00891,2025-06-08,verified,A00175,ABUSE_RING,R0113
C00892,2025-06-24,pending,A00565,LEGITIMATE_SHARED_RESOURCE,
C00893,2025-10-25,verified,A00607,NORMAL,
C00894,2025-02-22,verified,A00504,NORMAL,
C00895,2025-11-29,verified,A00162,NORMAL,
C00896,2026-05-07,verified,A00650,LEGITIMATE_SHARED_RESOURCE,
C00897,2025-06-29,verified,A00577,NORMAL,
C00898,2026-03-15,verified,A00166,NORMAL,
C00899,2025-08-03,verified,A00407,NORMAL,
C00900,2026-05-24,verified,A00599,NORMAL,
C00901,2026-08-01,verified,A00146,NORMAL,
C00902,2025-03-03,verified,A00681,NORMAL,
C00903,2026-06-14,verified,A00039,LEGITIMATE_SHARED_RESOURCE,
C00904,2026-03-25,verified,A00574,LEGITIMATE_SHARED_RESOURCE,
C00905,2025-09-26,verified,A00351,NORMAL,
C00906,2026-08-08,verified,A00132,NORMAL,
C00907,2025-10-17,verified,A00578,NORMAL,
C00908,2025-11-24,verified,A00328,NORMAL,
C00909,2025-08-15,verified,A00557,NORMAL,
C00910,2025-12-15,verified,A00207,NORMAL,
C00911,2026-05-09,verified,A00254,LEGITIMATE_SHARED_RESOURCE,
C00912,2025-12-08,verified,A00292,NORMAL,
C00913,2026-03-04,verified,A00134,LEGITIMATE_SHARED_RESOURCE,
C00914,2026-03-21,verified,A00023,LEGITIMATE_SHARED_RESOURCE,
C00915,2025-10-05,verified,A00363,NORMAL,
C00916,2025-05-25,verified,A00252,LEGITIMATE_SHARED_RESOURCE,
C00917,2025-07-29,verified,A00418,NORMAL,
C00918,2025-03-20,verified,A00614,LEGITIMATE_SHARED_RESOURCE,
C00919,2026-05-26,verified,A00194,ABUSE_RING,R0094
C00920,2026-04-05,verified,A00184,LEGITIMATE_SHARED_RESOURCE,
C00921,2026-01-27,pending,A00618,NORMAL,
C00922,2025-07-13,verified,A00709,MIXED,
C00923,2026-06-04,verified,A00105,LEGITIMATE_SHARED_RESOURCE,
C00924,2025-03-09,verified,A00394,NORMAL,
C00925,2025-02-19,pending,A00208,NORMAL,
C00926,2025-08-25,verified,A00383,NORMAL,
C00927,2025-10-26,verified,A00542,LEGITIMATE_SHARED_RESOURCE,
C00928,2025-11-05,verified,A00669,NORMAL,
C00929,2026-03-17,verified,A00186,ABUSE_RING,R0072
C00930,2025-01-17,verified,A00204,NORMAL,
C00931,2025-03-31,verified,A00567,NORMAL,
C00932,2026-07-08,verified,A00163,NORMAL,
C00933,2025-03-10,verified,A00247,NORMAL,
C00934,2026-03-02,verified,A00424,NORMAL,
C00935,2026-05-26,pending,A00475,LEGITIMATE_SHARED_RESOURCE,
C00936,2026-04-11,verified,A00427,ABUSE_RING,R0074
C00937,2025-12-17,verified,A00468,NORMAL,
C00938,2026-01-22,verified,A00357,NORMAL,
C00939,2025-11-02,verified,A00060,NORMAL,
C00940,2025-08-02,verified,A00517,NORMAL,
C00941,2025-04-24,verified,A00257,NORMAL,
C00942,2025-07-26,verified,A00114,ABUSE_RING,R0021
C00943,2025-04-21,pending,A00144,NORMAL,
C00944,2026-01-26,verified,A00588,NORMAL,
C00945,2025-11-19,verified,A00241,NORMAL,
C00946,2025-02-20,verified,A00139,NORMAL,
C00947,2025-07-16,verified,A00194,LEGITIMATE_SHARED_RESOURCE,
C00948,2025-03-26,verified,A00696,LEGITIMATE_SHARED_RESOURCE,
C00949,2025-03-13,verified,A00671,NORMAL,
C00950,2026-06-17,verified,A00030,NORMAL,
C00951,2026-04-21,verified,A00386,NORMAL,
C00952,2025-09-14,verified,A00142,LEGITIMATE_SHARED_RESOURCE,
C00953,2026-03-09,verified,A00451,NORMAL,
C00954,2025-10-16,verified,A00328,NORMAL,
C00955,2025-05-07,verified,A00305,NORMAL,
C00956,2025-11-10,verified,A00489,NORMAL,
C00957,2026-03-24,verified,A00431,NORMAL,
C00958,2025-10-20,verified,A00251,NORMAL,
C00959,2025-09-19,verified,A00465,NORMAL,
C00960,2026-08-16,verified,A00056,NORMAL,
C00961,2025-06-28,verified,A00055,NORMAL,
C00962,2026-03-24,verified,A00490,NORMAL,
C00963,2025-06-22,verified,A00683,NORMAL,
C00964,2025-02-04,verified,A00370,LEGITIMATE_SHARED_RESOURCE,
C00965,2026-06-04,verified,A00465,NORMAL,
C00966,2026-04-19,verified,A00165,NORMAL,
C00967,2026-01-19,verified,A00550,ABUSE_RING,R0067
C00968,2025-09-28,verified,A00573,NORMAL,
C00969,2025-03-28,verified,A00604,NORMAL,
C00970,2025-11-04,verified,A00367,NORMAL,
C00971,2025-03-26,verified,A00342,LEGITIMATE_SHARED_RESOURCE,
C00972,2026-08-20,verified,A00598,LEGITIMATE_SHARED_RESOURCE,
C00973,2025-10-10,verified,A00404,NORMAL,
C00974,2025-10-28,pending,A00443,LEGITIMATE_SHARED_RESOURCE,
C00975,2025-09-15,verified,A00148,NORMAL,
C00976,2025-09-01,verified,A00007,NORMAL,
C00977,2025-01-31,verified,A00380,NORMAL,
C00978,2025-06-23,verified,A00160,LEGITIMATE_SHARED_RESOURCE,
C00979,2026-06-23,verified,A00552,NORMAL,
C00980,2026-01-10,verified,A00506,NORMAL,
C00981,2025-01-10,verified,A00515,NORMAL,
C00982,2026-04-27,verified,A00614,NORMAL,
C00983,2025-12-21,verified,A00128,NORMAL,
C00984,2025-11-05,verified,A00045,NORMAL,
C00985,2025-08-22,verified,A00147,NORMAL,
C00986,2025-12-18,pending,A00132,NORMAL,
C00987,2026-05-31,verified,A00059,NORMAL,
C00988,2025-11-14,verified,A00473,NORMAL,
C00989,2026-05-11,pending,A00034,NORMAL,
C00990,2026-05-23,verified,A00434,NORMAL,
C00991,2025-02-13,verified,A00109,NORMAL,
C00992,2026-02-28,verified,A00680,NORMAL,
C00993,2025-11-02,verified,A00500,NORMAL,
C00994,2025-05-11,verified,A00090,LEGITIMATE_SHARED_RESOURCE,
C00995,2026-01-30,verified,A00359,LEGITIMATE_SHARED_RESOURCE,
C00996,2026-05-08,verified,A00182,LEGITIMATE_SHARED_RESOURCE,
C00997,2026-05-15,verified,A00664,NORMAL,
C00998,2025-07-03,verified,A00683,LEGITIMATE_SHARED_RESOURCE,
C00999,2025-07-26,verified,A00576,LEGITIMATE_SHARED_RESOURCE,
C01000,2026-02-14,verified,A00515,MIXED,
C01001,2025-12-13,pending,A00364,NORMAL,
C01002,2025-02-23,verified,A00401,NORMAL,
C01003,2026-06-18,pending,A00072,NORMAL,
C01004,2025-12-22,verified,A00480,NORMAL,
C01005,2025-04-23,verified,A00374,LEGITIMATE_SHARED_RESOURCE,
C01006,2026-03-02,verified,A00083,NORMAL,
C01007,2026-03-08,verified,A00597,MIXED,R0123
C01008,2025-11-05,pending,A00580,ABUSE_RING,R0061
C01009,2025-09-03,verified,A00245,NORMAL,
C01010,2026-02-02,verified,A00655,NORMAL,
C01011,2025-01-15,verified,A00380,NORMAL,
C01012,2025-11-18,verified,A00424,ABUSE_RING,R0054
C01013,2025-04-30,verified,A00074,NORMAL,
C01014,2025-08-13,verified,A00343,NORMAL,
C01015,2026-03-02,pending,A00192,NORMAL,
C01016,2025-05-15,verified,A00381,NORMAL,
C01017,2025-03-18,verified,A00383,NORMAL,
C01018,2026-02-09,verified,A00069,NORMAL,
C01019,2025-05-12,verified,A00149,NORMAL,
C01020,2026-03-16,pending,A00462,NORMAL,
C01021,2025-11-16,verified,A00398,NORMAL,
C01022,2026-08-17,verified,A00312,ABUSE_RING,R0002
C01023,2026-06-23,verified,A00520,NORMAL,
C01024,2026-02-23,verified,A00088,NORMAL,
C01025,2026-08-09,verified,A00230,NORMAL,
C01026,2025-03-01,verified,A00507,LEGITIMATE_SHARED_RESOURCE,
C01027,2025-02-22,verified,A00210,LEGITIMATE_SHARED_RESOURCE,
C01028,2026-02-03,verified,A00188,LEGITIMATE_SHARED_RESOURCE,
C01029,2025-07-04,verified,A00577,NORMAL,
C01030,2025-03-22,verified,A00137,LEGITIMATE_SHARED_RESOURCE,
C01031,2025-08-29,verified,A00124,NORMAL,
C01032,2025-05-18,verified,A00416,ABUSE_RING,R0045
C01033,2026-08-24,pending,A00011,NORMAL,
C01034,2025-04-24,verified,A00209,NORMAL,
C01035,2025-04-21,verified,A00093,NORMAL,
C01036,2026-08-08,verified,A00436,NORMAL,
C01037,2025-09-07,verified,A00699,LEGITIMATE_SHARED_RESOURCE,
C01038,2025-01-18,verified,A00372,LEGITIMATE_SHARED_RESOURCE,
C01039,2025-12-21,verified,A00398,NORMAL,
C01040,2025-01-05,verified,A00154,NORMAL,
C01041,2025-06-27,verified,A00424,LEGITIMATE_SHARED_RESOURCE,
C01042,2025-07-13,verified,A00482,NORMAL,
C01043,2025-07-31,verified,A00362,MIXED,R0126
C01044,2026-05-18,verified,A00401,NORMAL,
C01045,2025-10-24,verified,A00623,NORMAL,
C01046,2026-06-18,verified,A00067,NORMAL,
C01047,2025-01-02,verified,A00009,NORMAL,
C01048,2025-02-06,verified,A00164,LEGITIMATE_SHARED_RESOURCE,
C01049,2026-04-26,verified,A00224,NORMAL,
C01050,2025-05-11,verified,A00537,NORMAL,
C01051,2025-06-28,verified,A00312,LEGITIMATE_SHARED_RESOURCE,
C01052,2026-01-26,verified,A00333,ABUSE_RING,R0082
C01053,2025-05-11,verified,A00235,NORMAL,
C01054,2025-12-16,verified,A00083,NORMAL,
C01055,2025-04-29,verified,A00708,NORMAL,
C01056,2025-06-04,verified,A00249,NORMAL,
C01057,2026-07-08,verified,A00440,ABUSE_RING,R0051
C01058,2026-08-20,verified,A00683,NORMAL,
C01059,2026-02-27,pending,A00678,NORMAL,
C01060,2025-03-10,verified,A00205,LEGITIMATE_SHARED_RESOURCE,
C01061,2025-03-07,verified,A00097,LEGITIMATE_SHARED_RESOURCE,
C01062,2025-06-17,verified,A00081,NORMAL,
C01063,2026-04-23,verified,A00618,NORMAL,
C01064,2025-01-31,verified,A00215,ABUSE_RING,R0056
C01065,2026-02-05,verified,A00403,NORMAL,
C01066,2025-08-23,verified,A00632,NORMAL,
C01067,2025-11-08,verified,A00520,NORMAL,
C01068,2025-03-17,verified,A00163,NORMAL,
C01069,2026-03-01,pending,A00335,NORMAL,
C01070,2026-08-19,verified,A00345,NORMAL,
C01071,2025-01-11,verified,A00701,NORMAL,
C01072,2026-05-19,verified,A00178,NORMAL,
C01073,2025-10-12,pending,A00032,LEGITIMATE_SHARED_RESOURCE,
C01074,2025-08-19,verified,A00224,NORMAL,
C01075,2025-12-20,verified,A00203,NORMAL,
C01076,2025-04-21,verified,A00160,LEGITIMATE_SHARED_RESOURCE,
C01077,2025-09-14,verified,A00130,NORMAL,
C01078,2026-04-04,pending,A00338,LEGITIMATE_SHARED_RESOURCE,
C01079,2026-03-01,verified,A00101,NORMAL,
C01080,2026-08-20,verified,A00049,NORMAL,
C01081,2025-09-13,verified,A00413,LEGITIMATE_SHARED_RESOURCE,
C01082,2026-05-29,verified,A00064,NORMAL,
C01083,2026-04-13,verified,A00129,NORMAL,
C01084,2026-02-12,verified,A00291,NORMAL,
C01085,2025-10-27,verified,A00619,LEGITIMATE_SHARED_RESOURCE,
C01086,2025-03-15,verified,A00164,LEGITIMATE_SHARED_RESOURCE,
C01087,2026-06-02,verified,A00515,NORMAL,
C01088,2025-06-23,pending,A00076,NORMAL,
C01089,2025-12-02,verified,A00602,NORMAL,
C01090,2026-04-24,verified,A00424,LEGITIMATE_SHARED_RESOURCE,
C01091,2025-10-02,verified,A00252,NORMAL,
C01092,2026-02-14,verified,A00419,NORMAL,
C01093,2025-12-27,verified,A00355,NORMAL,
C01094,2025-05-21,verified,A00171,NORMAL,
C01095,2025-05-18,verified,A00397,LEGITIMATE_SHARED_RESOURCE,
C01096,2025-04-22,verified,A00672,LEGITIMATE_SHARED_RESOURCE,
C01097,2025-12-02,verified,A00578,LEGITIMATE_SHARED_RESOURCE,
C01098,2025-01-25,verified,A00135,NORMAL,
C01099,2026-07-31,verified,A00270,NORMAL,
C01100,2026-08-18,verified,A00195,NORMAL,
C01101,2025-09-20,verified,A00328,NORMAL,
C01102,2026-04-15,verified,A00420,NORMAL,
C01103,2026-02-09,verified,A00244,LEGITIMATE_SHARED_RESOURCE,
C01104,2026-07-10,verified,A00448,NORMAL,
C01105,2025-12-18,verified,A00017,NORMAL,
C01106,2025-02-04,verified,A00597,LEGITIMATE_SHARED_RESOURCE,
C01107,2025-04-03,verified,A00609,NORMAL,
C01108,2025-12-21,verified,A00455,NORMAL,
C01109,2026-06-12,verified,A00214,LEGITIMATE_SHARED_RESOURCE,
C01110,2026-08-01,verified,A00374,NORMAL,
C01111,2025-07-12,verified,A00016,NORMAL,
C01112,2025-04-30,verified,A00292,LEGITIMATE_SHARED_RESOURCE,
C01113,2025-03-31,verified,A00471,NORMAL,
C01114,2025-02-01,verified,A00109,LEGITIMATE_SHARED_RESOURCE,
C01115,2026-07-30,verified,A00688,NORMAL,
C01116,2025-08-24,verified,A00544,NORMAL,
C01117,2026-05-20,verified,A00449,NORMAL,
C01118,2025-05-20,verified,A00144,NORMAL,
C01119,2025-01-30,pending,A00229,NORMAL,
C01120,2025-08-08,verified,A00563,NORMAL,
C01121,2025-04-13,pending,A00162,NORMAL,
C01122,2025-01-12,verified,A00592,NORMAL,
C01123,2026-03-14,verified,A00489,NORMAL,
C01124,2026-03-15,pending,A00454,NORMAL,
C01125,2025-06-17,pending,A00205,NORMAL,
C01126,2026-03-31,verified,A00257,NORMAL,
C01127,2026-05-31,verified,A00385,NORMAL,
C01128,2026-01-06,verified,A00001,ABUSE_RING,R0016
C01129,2026-04-17,verified,A00594,NORMAL,
C01130,2025-01-03,verified,A00676,NORMAL,
C01131,2025-11-30,verified,A00294,LEGITIMATE_SHARED_RESOURCE,
C01132,2025-07-18,verified,A00501,LEGITIMATE_SHARED_RESOURCE,
C01133,2026-05-05,verified,A00267,NORMAL,
C01134,2026-02-05,verified,A00207,NORMAL,
C01135,2025-09-07,verified,A00258,NORMAL,
C01136,2025-01-06,verified,A00350,NORMAL,
C01137,2025-10-05,pending,A00563,NORMAL,
C01138,2026-06-30,verified,A00247,NORMAL,
C01139,2025-02-21,verified,A00530,NORMAL,
C01140,2026-05-30,verified,A00128,LEGITIMATE_SHARED_RESOURCE,
C01141,2025-03-01,verified,A00339,NORMAL,
C01142,2025-08-06,pending,A00140,NORMAL,
C01143,2025-06-30,verified,A00430,NORMAL,
C01144,2025-05-11,verified,A00508,NORMAL,
C01145,2026-06-05,verified,A00703,NORMAL,
C01146,2025-02-03,verified,A00529,NORMAL,
C01147,2025-02-22,verified,A00093,ABUSE_RING,R0103
C01148,2025-10-28,verified,A00324,NORMAL,
C01149,2026-04-24,verified,A00014,NORMAL,
C01150,2025-02-11,verified,A00594,NORMAL,
C01151,2025-02-26,pending,A00036,NORMAL,
C01152,2026-04-07,verified,A00519,NORMAL,
C01153,2025-11-24,verified,A00452,NORMAL,
C01154,2025-08-26,verified,A00509,NORMAL,
C01155,2025-10-17,verified,A00412,NORMAL,
C01156,2026-08-10,verified,A00588,NORMAL,
C01157,2025-02-03,verified,A00283,NORMAL,
C01158,2025-04-18,verified,A00589,NORMAL,
C01159,2026-06-28,verified,A00590,NORMAL,
C01160,2026-01-23,verified,A00537,NORMAL,
C01161,2025-08-13,verified,A00206,NORMAL,
C01162,2025-01-14,verified,A00129,NORMAL,
C01163,2026-07-09,verified,A00671,NORMAL,
C01164,2025-06-29,verified,A00070,NORMAL,
C01165,2025-04-17,verified,A00597,NORMAL,
C01166,2025-02-12,verified,A00362,NORMAL,
C01167,2025-11-04,verified,A00015,NORMAL,
C01168,2026-08-15,verified,A00678,LEGITIMATE_SHARED_RESOURCE,
C01169,2026-08-15,verified,A00186,LEGITIMATE_SHARED_RESOURCE,
C01170,2025-11-18,verified,A00637,LEGITIMATE_SHARED_RESOURCE,
C01171,2025-02-07,verified,A00234,MIXED,
C01172,2025-05-23,verified,A00556,LEGITIMATE_SHARED_RESOURCE,
C01173,2026-04-04,verified,A00480,NORMAL,
C01174,2026-02-03,verified,A00038,NORMAL,
C01175,2026-02-01,verified,A00537,NORMAL,
C01176,2026-08-15,pending,A00073,NORMAL,
C01177,2025-07-26,verified,A00318,NORMAL,
C01178,2025-01-18,verified,A00578,NORMAL,
C01179,2026-04-27,verified,A00547,NORMAL,
C01180,2026-04-18,verified,A00686,NORMAL,
C01181,2025-07-19,verified,A00103,LEGITIMATE_SHARED_RESOURCE,
C01182,2026-06-07,verified,A00245,NORMAL,
C01183,2025-06-14,verified,A00583,LEGITIMATE_SHARED_RESOURCE,
C01184,2025-07-29,verified,A00701,NORMAL,
C01185,2026-04-04,verified,A00185,NORMAL,
C01186,2026-01-30,verified,A00249,NORMAL,
C01187,2026-06-07,verified,A00005,NORMAL,
C01188,2026-04-29,verified,A00317,NORMAL,
C01189,2026-07-27,verified,A00334,NORMAL,
C01190,2025-05-01,verified,A00108,NORMAL,
C01191,2025-03-21,verified,A00522,NORMAL,
C01192,2026-03-01,verified,A00449,NORMAL,
C01193,2026-04-05,verified,A00464,NORMAL,
C01194,2026-05-21,verified,A00140,NORMAL,
C01195,2026-07-27,verified,A00139,NORMAL,
C01196,2025-02-04,verified,A00061,NORMAL,
C01197,2025-06-09,verified,A00455,LEGITIMATE_SHARED_RESOURCE,
C01198,2025-11-24,verified,A00277,NORMAL,
C01199,2025-02-04,verified,A00640,NORMAL,
C01200,2025-07-10,verified,A00014,NORMAL,
C01201,2025-08-03,verified,A00388,NORMAL,
C01202,2026-03-25,verified,A00494,LEGITIMATE_SHARED_RESOURCE,
C01203,2025-04-24,verified,A00659,NORMAL,
C01204,2025-06-23,verified,A00612,ABUSE_RING,R0093
C01205,2026-04-29,verified,A00180,LEGITIMATE_SHARED_RESOURCE,
C01206,2026-01-23,verified,A00477,LEGITIMATE_SHARED_RESOURCE,
C01207,2025-03-07,verified,A00415,NORMAL,
C01208,2025-10-16,verified,A00425,NORMAL,
C01209,2026-05-04,pending,A00373,NORMAL,
C01210,2025-04-08,verified,A00317,LEGITIMATE_SHARED_RESOURCE,
C01211,2025-11-20,verified,A00365,LEGITIMATE_SHARED_RESOURCE,
C01212,2025-07-01,verified,A00308,LEGITIMATE_SHARED_RESOURCE,
C01213,2025-11-01,verified,A00531,NORMAL,
C01214,2026-06-29,verified,A00331,LEGITIMATE_SHARED_RESOURCE,
C01215,2025-05-23,verified,A00671,NORMAL,
C01216,2026-08-11,pending,A00116,NORMAL,
C01217,2026-06-18,verified,A00107,NORMAL,
C01218,2025-04-16,verified,A00323,NORMAL,
C01219,2026-03-20,verified,A00256,NORMAL,
C01220,2025-08-26,verified,A00353,LEGITIMATE_SHARED_RESOURCE,
C01221,2025-03-18,verified,A00439,NORMAL,
C01222,2025-10-21,verified,A00507,NORMAL,
C01223,2025-02-07,verified,A00062,NORMAL,
C01224,2026-02-28,verified,A00545,LEGITIMATE_SHARED_RESOURCE,
C01225,2025-01-10,pending,A00558,LEGITIMATE_SHARED_RESOURCE,
C01226,2025-07-27,verified,A00215,NORMAL,
C01227,2025-03-11,verified,A00229,LEGITIMATE_SHARED_RESOURCE,
C01228,2025-09-23,verified,A00062,NORMAL,
C01229,2025-07-01,verified,A00328,NORMAL,
C01230,2026-06-06,pending,A00053,NORMAL,
C01231,2025-09-12,pending,A00307,LEGITIMATE_SHARED_RESOURCE,
C01232,2025-12-19,verified,A00705,ABUSE_RING,R0030
C01233,2025-09-04,verified,A00554,ABUSE_RING,R0099
C01234,2026-08-15,verified,A00308,LEGITIMATE_SHARED_RESOURCE,
C01235,2026-01-04,verified,A00329,NORMAL,
C01236,2026-04-08,verified,A00079,NORMAL,
C01237,2025-11-21,verified,A00346,NORMAL,
C01238,2026-04-27,verified,A00654,NORMAL,
C01239,2025-05-17,verified,A00549,LEGITIMATE_SHARED_RESOURCE,
C01240,2026-07-11,verified,A00656,NORMAL,
C01241,2025-07-27,verified,A00276,NORMAL,
C01242,2025-05-29,verified,A00387,LEGITIMATE_SHARED_RESOURCE,
C01243,2025-04-23,verified,A00688,NORMAL,
C01244,2026-02-04,verified,A00705,LEGITIMATE_SHARED_RESOURCE,
C01245,2026-06-08,pending,A00387,LEGITIMATE_SHARED_RESOURCE,
C01246,2026-08-17,pending,A00257,LEGITIMATE_SHARED_RESOURCE,
C01247,2026-05-08,verified,A00185,NORMAL,
C01248,2025-08-09,verified,A00026,NORMAL,
C01249,2025-08-03,verified,A00353,NORMAL,
C01250,2025-10-13,verified,A00455,NORMAL,
C01251,2025-07-09,verified,A00099,ABUSE_RING,R0047
C01252,2026-08-08,pending,A00194,NORMAL,
C01253,2025-05-06,verified,A00159,LEGITIMATE_SHARED_RESOURCE,
C01254,2025-07-03,verified,A00288,LEGITIMATE_SHARED_RESOURCE,
C01255,2025-04-03,verified,A00180,NORMAL,
C01256,2025-08-17,verified,A00001,NORMAL,
C01257,2026-02-06,verified,A00247,ABUSE_RING,R0057
C01258,2026-08-17,verified,A00098,NORMAL,
C01259,2026-05-29,verified,A00350,NORMAL,
C01260,2026-01-12,verified,A00553,NORMAL,
C01261,2025-06-18,verified,A00543,ABUSE_RING,R0052
C01262,2025-09-02,verified,A00004,LEGITIMATE_SHARED_RESOURCE,
C01263,2025-02-22,verified,A00356,NORMAL,
C01264,2026-02-16,verified,A00208,NORMAL,
C01265,2025-06-12,verified,A00442,NORMAL,
C01266,2026-05-02,verified,A00684,NORMAL,
C01267,2025-11-07,verified,A00010,LEGITIMATE_SHARED_RESOURCE,
C01268,2025-11-12,pending,A00594,LEGITIMATE_SHARED_RESOURCE,
C01269,2026-07-14,pending,A00369,LEGITIMATE_SHARED_RESOURCE,
C01270,2026-03-30,verified,A00516,NORMAL,
C01271,2026-08-22,verified,A00670,NORMAL,
C01272,2025-05-23,verified,A00152,NORMAL,
C01273,2026-01-11,verified,A00428,NORMAL,
C01274,2025-06-26,verified,A00418,NORMAL,
C01275,2026-07-04,verified,A00300,NORMAL,
C01276,2025-08-04,verified,A00396,LEGITIMATE_SHARED_RESOURCE,
C01277,2025-02-21,verified,A00537,NORMAL,
C01278,2026-07-06,verified,A00021,ABUSE_RING,R0032
C01279,2026-08-14,verified,A00371,NORMAL,
C01280,2026-07-12,verified,A00534,NORMAL,
C01281,2025-10-24,verified,A00681,NORMAL,
C01282,2025-08-07,verified,A00080,NORMAL,
C01283,2026-02-11,verified,A00017,NORMAL,
C01284,2026-07-22,verified,A00043,NORMAL,
C01285,2025-04-16,verified,A00404,NORMAL,
C01286,2025-06-05,verified,A00015,NORMAL,
C01287,2025-08-30,pending,A00415,NORMAL,
C01288,2025-11-16,verified,A00528,LEGITIMATE_SHARED_RESOURCE,
C01289,2025-10-18,verified,A00684,NORMAL,
C01290,2026-05-27,verified,A00083,LEGITIMATE_SHARED_RESOURCE,
C01291,2025-04-03,verified,A00246,ABUSE_RING,R0041
C01292,2025-09-18,verified,A00228,LEGITIMATE_SHARED_RESOURCE,
C01293,2025-02-05,verified,A00098,NORMAL,
C01294,2025-03-04,verified,A00707,NORMAL,
C01295,2025-04-11,verified,A00241,NORMAL,
C01296,2026-01-20,verified,A00148,NORMAL,
C01297,2026-06-21,verified,A00326,ABUSE_RING,R0045
C01298,2025-11-10,verified,A00003,LEGITIMATE_SHARED_RESOURCE,
C01299,2026-07-01,verified,A00465,LEGITIMATE_SHARED_RESOURCE,
C01300,2026-01-23,verified,A00589,NORMAL,
C01301,2025-12-27,verified,A00107,NORMAL,
C01302,2025-01-02,verified,A00540,NORMAL,
C01303,2026-03-14,verified,A00392,NORMAL,
C01304,2026-03-01,verified,A00676,NORMAL,
C01305,2025-03-03,verified,A00399,NORMAL,
C01306,2025-01-07,verified,A00606,ABUSE_RING,R0115
C01307,2025-01-19,verified,A00453,NORMAL,
C01308,2025-09-26,verified,A00344,NORMAL,
C01309,2025-07-24,verified,A00650,NORMAL,
C01310,2025-04-19,pending,A00389,NORMAL,
C01311,2025-05-18,pending,A00285,NORMAL,
C01312,2025-03-16,pending,A00427,LEGITIMATE_SHARED_RESOURCE,
C01313,2026-02-03,verified,A00559,NORMAL,
C01314,2026-07-12,verified,A00482,LEGITIMATE_SHARED_RESOURCE,
C01315,2025-08-15,verified,A00152,NORMAL,
C01316,2025-03-19,verified,A00058,NORMAL,
C01317,2025-07-01,pending,A00281,NORMAL,
C01318,2025-06-06,verified,A00538,NORMAL,
C01319,2026-08-09,verified,A00273,NORMAL,
C01320,2025-09-18,verified,A00015,NORMAL,
C01321,2026-04-17,verified,A00070,NORMAL,
C01322,2025-01-16,verified,A00176,NORMAL,
C01323,2026-06-13,verified,A00173,NORMAL,
C01324,2025-09-07,verified,A00027,NORMAL,
C01325,2025-12-21,verified,A00032,LEGITIMATE_SHARED_RESOURCE,
C01326,2026-03-12,verified,A00097,NORMAL,
C01327,2025-09-16,verified,A00240,NORMAL,
C01328,2025-08-16,verified,A00125,LEGITIMATE_SHARED_RESOURCE,
C01329,2026-05-27,verified,A00261,NORMAL,
C01330,2026-04-12,verified,A00325,LEGITIMATE_SHARED_RESOURCE,
C01331,2026-01-01,verified,A00068,NORMAL,
C01332,2025-06-24,verified,A00566,LEGITIMATE_SHARED_RESOURCE,
C01333,2025-06-19,verified,A00593,LEGITIMATE_SHARED_RESOURCE,
C01334,2025-07-02,verified,A00185,LEGITIMATE_SHARED_RESOURCE,
C01335,2026-06-04,pending,A00563,NORMAL,
C01336,2025-03-15,verified,A00670,NORMAL,
C01337,2025-07-05,verified,A00601,NORMAL,
C01338,2025-12-29,verified,A00452,LEGITIMATE_SHARED_RESOURCE,
C01339,2026-02-06,verified,A00124,NORMAL,
C01340,2025-06-11,verified,A00441,ABUSE_RING,R0003
C01341,2025-06-20,verified,A00047,NORMAL,
C01342,2025-12-02,verified,A00489,NORMAL,
C01343,2025-08-22,pending,A00140,NORMAL,
C01344,2025-10-13,verified,A00615,ABUSE_RING,R0025
C01345,2025-03-06,verified,A00616,NORMAL,
C01346,2025-10-30,verified,A00253,LEGITIMATE_SHARED_RESOURCE,
C01347,2025-06-22,verified,A00173,NORMAL,
C01348,2026-05-14,verified,A00407,NORMAL,
C01349,2025-06-05,verified,A00246,NORMAL,
C01350,2026-07-29,verified,A00289,NORMAL,
C01351,2025-10-30,verified,A00696,NORMAL,
C01352,2025-08-26,verified,A00403,LEGITIMATE_SHARED_RESOURCE,
C01353,2025-12-30,verified,A00611,NORMAL,
C01354,2026-08-22,verified,A00159,NORMAL,
C01355,2026-07-30,verified,A00538,ABUSE_RING,R0065
C01356,2025-01-20,verified,A00027,NORMAL,
C01357,2026-06-20,verified,A00261,NORMAL,
C01358,2025-04-09,verified,A00422,NORMAL,
C01359,2025-09-09,verified,A00605,ABUSE_RING,R0034
C01360,2025-02-17,verified,A00021,NORMAL,
C01361,2025-12-07,pending,A00279,NORMAL,
C01362,2026-06-08,verified,A00677,NORMAL,
C01363,2025-04-19,verified,A00029,LEGITIMATE_SHARED_RESOURCE,
C01364,2025-11-19,verified,A00129,NORMAL,
C01365,2025-08-05,verified,A00175,NORMAL,
C01366,2025-04-18,verified,A00054,LEGITIMATE_SHARED_RESOURCE,
C01367,2026-05-10,verified,A00264,NORMAL,
C01368,2026-04-27,verified,A00238,NORMAL,
C01369,2026-08-05,verified,A00074,NORMAL,
C01370,2026-04-28,verified,A00258,NORMAL,
C01371,2025-01-11,verified,A00263,ABUSE_RING,R0027
C01372,2026-01-01,verified,A00696,LEGITIMATE_SHARED_RESOURCE,
C01373,2026-06-01,verified,A00543,NORMAL,
C01374,2026-02-10,verified,A00499,NORMAL,
C01375,2025-08-02,verified,A00285,NORMAL,
C01376,2026-01-23,verified,A00006,ABUSE_RING,R0020
C01377,2026-03-30,verified,A00404,NORMAL,
C01378,2026-01-23,verified,A00300,NORMAL,
C01379,2026-04-27,verified,A00152,NORMAL,
C01380,2025-01-07,verified,A00557,NORMAL,
C01381,2025-01-02,verified,A00530,NORMAL,
C01382,2025-08-04,verified,A00158,LEGITIMATE_SHARED_RESOURCE,
C01383,2025-12-31,verified,A00136,NORMAL,
C01384,2026-07-01,verified,A00600,ABUSE_RING,R0022
C01385,2025-10-16,verified,A00222,NORMAL,
C01386,2026-08-18,verified,A00374,LEGITIMATE_SHARED_RESOURCE,
C01387,2025-04-30,verified,A00141,NORMAL,
C01388,2026-02-10,verified,A00337,NORMAL,
C01389,2026-05-10,pending,A00383,NORMAL,
C01390,2025-05-16,verified,A00441,LEGITIMATE_SHARED_RESOURCE,
C01391,2026-03-05,verified,A00573,NORMAL,
C01392,2025-02-22,verified,A00102,LEGITIMATE_SHARED_RESOURCE,
C01393,2026-03-14,verified,A00482,LEGITIMATE_SHARED_RESOURCE,
C01394,2026-06-20,verified,A00323,NORMAL,
C01395,2025-06-03,verified,A00664,NORMAL,
C01396,2026-07-21,verified,A00347,LEGITIMATE_SHARED_RESOURCE,
C01397,2025-09-07,verified,A00275,NORMAL,
C01398,2025-06-10,verified,A00528,NORMAL,
C01399,2025-08-24,verified,A00226,NORMAL,
C01400,2025-01-12,verified,A00640,LEGITIMATE_SHARED_RESOURCE,
C01401,2026-01-02,verified,A00376,LEGITIMATE_SHARED_RESOURCE,
C01402,2025-05-19,verified,A00407,NORMAL,
C01403,2025-02-12,verified,A00551,NORMAL,
C01404,2025-12-21,verified,A00615,NORMAL,
C01405,2026-07-27,verified,A00243,NORMAL,
C01406,2025-10-25,verified,A00031,NORMAL,
C01407,2025-04-06,verified,A00635,NORMAL,
C01408,2026-05-16,verified,A00312,ABUSE_RING,R0106
C01409,2026-04-12,pending,A00279,NORMAL,
C01410,2026-05-17,verified,A00670,NORMAL,
C01411,2026-04-06,verified,A00038,NORMAL,
C01412,2025-10-10,verified,A00631,NORMAL,
C01413,2025-02-10,verified,A00428,NORMAL,
C01414,2026-04-15,verified,A00618,NORMAL,
C01415,2025-11-14,verified,A00399,LEGITIMATE_SHARED_RESOURCE,
C01416,2025-12-11,verified,A00462,NORMAL,
C01417,2025-08-27,verified,A00097,NORMAL,
C01418,2025-02-02,verified,A00704,NORMAL,
C01419,2025-09-14,verified,A00482,NORMAL,
C01420,2025-07-30,pending,A00412,NORMAL,
C01421,2026-07-09,pending,A00595,NORMAL,
C01422,2025-04-09,pending,A00532,NORMAL,
C01423,2025-01-21,verified,A00113,NORMAL,
C01424,2026-05-24,pending,A00322,NORMAL,
C01425,2026-03-16,verified,A00285,LEGITIMATE_SHARED_RESOURCE,
C01426,2025-08-08,verified,A00166,NORMAL,
C01427,2025-04-17,verified,A00515,ABUSE_RING,R0001
C01428,2026-06-03,verified,A00465,NORMAL,
C01429,2025-03-11,verified,A00435,ABUSE_RING,R0029
C01430,2026-08-14,verified,A00397,NORMAL,
C01431,2025-11-24,verified,A00186,NORMAL,
C01432,2025-08-26,verified,A00316,NORMAL,
C01433,2025-03-13,verified,A00271,NORMAL,
C01434,2026-07-05,verified,A00451,NORMAL,
C01435,2026-07-24,pending,A00430,NORMAL,
C01436,2026-04-06,pending,A00114,NORMAL,
C01437,2025-05-29,verified,A00489,NORMAL,
C01438,2025-06-13,verified,A00069,LEGITIMATE_SHARED_RESOURCE,
C01439,2026-07-21,pending,A00601,NORMAL,
C01440,2025-05-01,verified,A00503,LEGITIMATE_SHARED_RESOURCE,
C01441,2026-07-30,verified,A00547,NORMAL,
C01442,2026-06-06,verified,A00665,NORMAL,
C01443,2025-06-18,verified,A00690,NORMAL,
C01444,2026-08-20,verified,A00415,NORMAL,
C01445,2025-01-27,verified,A00300,NORMAL,
C01446,2025-04-13,verified,A00357,NORMAL,
C01447,2026-07-28,verified,A00377,ABUSE_RING,R0080
C01448,2025-07-17,verified,A00233,NORMAL,
C01449,2025-03-05,verified,A00285,NORMAL,
C01450,2025-08-08,verified,A00427,LEGITIMATE_SHARED_RESOURCE,
C01451,2025-07-28,verified,A00329,NORMAL,
C01452,2026-01-13,verified,A00506,NORMAL,
C01453,2025-01-23,verified,A00127,NORMAL,
C01454,2026-03-22,verified,A00262,NORMAL,
C01455,2025-09-19,verified,A00098,NORMAL,
C01456,2025-10-05,verified,A00003,NORMAL,
C01457,2025-01-05,verified,A00279,LEGITIMATE_SHARED_RESOURCE,
C01458,2025-02-07,verified,A00379,NORMAL,
C01459,2026-02-25,verified,A00245,NORMAL,
C01460,2025-05-06,verified,A00433,NORMAL,
C01461,2025-11-16,pending,A00042,NORMAL,
C01462,2026-04-01,verified,A00622,NORMAL,
C01463,2026-05-13,verified,A00421,NORMAL,
C01464,2026-06-21,verified,A00181,NORMAL,
C01465,2026-07-30,verified,A00339,NORMAL,
C01466,2025-11-09,verified,A00212,NORMAL,
C01467,2025-10-01,verified,A00603,LEGITIMATE_SHARED_RESOURCE,
C01468,2026-05-13,verified,A00614,NORMAL,
C01469,2025-06-02,verified,A00384,LEGITIMATE_SHARED_RESOURCE,
C01470,2025-04-28,verified,A00658,LEGITIMATE_SHARED_RESOURCE,
C01471,2026-05-07,verified,A00421,NORMAL,
C01472,2026-02-22,verified,A00330,ABUSE_RING,R0013
C01473,2025-10-10,verified,A00376,NORMAL,
C01474,2026-06-05,pending,A00473,NORMAL,
C01475,2026-07-28,verified,A00684,NORMAL,
C01476,2025-09-07,pending,A00496,NORMAL,
C01477,2025-03-10,pending,A00331,NORMAL,
C01478,2025-07-12,pending,A00147,NORMAL,
C01479,2025-12-30,verified,A00605,LEGITIMATE_SHARED_RESOURCE,
C01480,2025-02-26,verified,A00710,NORMAL,
C01481,2026-05-23,verified,A00572,LEGITIMATE_SHARED_RESOURCE,
C01482,2025-11-28,verified,A00411,NORMAL,
C01483,2025-01-03,verified,A00110,NORMAL,
C01484,2026-05-02,verified,A00230,ABUSE_RING,R0025
C01485,2025-01-21,verified,A00162,NORMAL,
C01486,2025-12-25,verified,A00061,NORMAL,
C01487,2025-02-17,verified,A00206,ABUSE_RING,R0050
C01488,2025-04-12,verified,A00407,NORMAL,
C01489,2026-05-22,verified,A00152,NORMAL,
C01490,2026-05-07,verified,A00001,LEGITIMATE_SHARED_RESOURCE,
C01491,2026-03-25,verified,A00160,NORMAL,
C01492,2026-04-04,verified,A00706,LEGITIMATE_SHARED_RESOURCE,
C01493,2026-04-25,verified,A00441,NORMAL,
C01494,2025-08-07,verified,A00334,NORMAL,
C01495,2025-01-10,verified,A00303,NORMAL,
C01496,2025-07-02,pending,A00470,NORMAL,
C01497,2025-06-11,verified,A00623,LEGITIMATE_SHARED_RESOURCE,
C01498,2025-01-25,verified,A00216,NORMAL,
C01499,2026-06-09,verified,A00104,NORMAL,
C01500,2026-05-14,pending,A00417,NORMAL,
C01501,2026-04-18,verified,A00172,NORMAL,
C01502,2026-03-25,verified,A00357,NORMAL,
C01503,2025-11-16,verified,A00074,NORMAL,
C01504,2026-02-10,verified,A00238,LEGITIMATE_SHARED_RESOURCE,
C01505,2026-08-12,verified,A00523,NORMAL,
C01506,2025-11-13,pending,A00280,NORMAL,
C01507,2026-05-10,verified,A00429,NORMAL,
C01508,2025-02-25,verified,A00394,LEGITIMATE_SHARED_RESOURCE,
C01509,2026-04-24,pending,A00525,NORMAL,
C01510,2025-06-11,pending,A00046,LEGITIMATE_SHARED_RESOURCE,
C01511,2025-07-29,verified,A00022,LEGITIMATE_SHARED_RESOURCE,
C01512,2026-02-05,verified,A00111,NORMAL,
C01513,2025-11-24,verified,A00360,LEGITIMATE_SHARED_RESOURCE,
C01514,2025-02-03,verified,A00190,NORMAL,
C01515,2026-02-07,pending,A00244,NORMAL,
C01516,2025-09-21,verified,A00639,NORMAL,
C01517,2026-04-28,verified,A00139,NORMAL,
C01518,2025-06-08,verified,A00689,NORMAL,
C01519,2025-02-26,verified,A00443,LEGITIMATE_SHARED_RESOURCE,
C01520,2026-01-29,verified,A00416,NORMAL,
C01521,2025-11-27,verified,A00005,NORMAL,
C01522,2025-11-29,verified,A00651,LEGITIMATE_SHARED_RESOURCE,
C01523,2025-07-03,verified,A00643,NORMAL,
C01524,2025-04-27,verified,A00422,LEGITIMATE_SHARED_RESOURCE,
C01525,2026-08-02,verified,A00343,NORMAL,
C01526,2025-08-18,verified,A00513,LEGITIMATE_SHARED_RESOURCE,
C01527,2026-03-21,pending,A00478,NORMAL,
C01528,2026-07-18,verified,A00375,NORMAL,
C01529,2026-07-22,verified,A00246,NORMAL,
C01530,2026-06-16,verified,A00341,NORMAL,
C01531,2026-04-09,verified,A00119,MIXED,R0121
C01532,2025-08-17,verified,A00455,NORMAL,
C01533,2026-07-26,verified,A00670,NORMAL,
C01534,2026-07-28,verified,A00366,NORMAL,
C01535,2025-12-07,verified,A00137,NORMAL,
C01536,2026-02-23,verified,A00123,LEGITIMATE_SHARED_RESOURCE,
C01537,2025-01-31,verified,A00357,NORMAL,
C01538,2026-01-10,pending,A00009,LEGITIMATE_SHARED_RESOURCE,
C01539,2026-01-08,pending,A00161,NORMAL,
C01540,2026-01-18,verified,A00409,LEGITIMATE_SHARED_RESOURCE,
C01541,2026-06-29,verified,A00274,NORMAL,
C01542,2025-10-24,verified,A00196,NORMAL,
C01543,2025-12-18,pending,A00601,NORMAL,
C01544,2026-08-20,verified,A00560,NORMAL,
C01545,2026-03-21,verified,A00326,LEGITIMATE_SHARED_RESOURCE,
C01546,2026-07-29,verified,A00155,NORMAL,
C01547,2026-02-13,verified,A00442,LEGITIMATE_SHARED_RESOURCE,
C01548,2025-01-26,verified,A00664,NORMAL,
C01549,2025-07-11,verified,A00355,NORMAL,
C01550,2025-03-06,verified,A00495,NORMAL,
C01551,2026-04-03,verified,A00372,NORMAL,
C01552,2025-03-19,verified,A00206,NORMAL,
C01553,2026-05-02,verified,A00257,NORMAL,
C01554,2025-12-09,verified,A00177,NORMAL,
C01555,2026-04-11,verified,A00274,NORMAL,
C01556,2025-09-15,verified,A00343,NORMAL,
C01557,2026-06-27,verified,A00686,NORMAL,
C01558,2025-03-09,verified,A00505,NORMAL,
C01559,2026-03-10,verified,A00115,NORMAL,
C01560,2025-07-22,pending,A00427,NORMAL,
C01561,2025-04-02,verified,A00700,NORMAL,
C01562,2026-01-21,verified,A00153,LEGITIMATE_SHARED_RESOURCE,
C01563,2026-03-18,verified,A00255,NORMAL,
C01564,2025-06-04,verified,A00131,NORMAL,
C01565,2025-09-25,pending,A00461,NORMAL,
C01566,2025-02-10,verified,A00523,NORMAL,
C01567,2025-04-08,pending,A00003,LEGITIMATE_SHARED_RESOURCE,
C01568,2025-04-20,verified,A00708,LEGITIMATE_SHARED_RESOURCE,
C01569,2025-04-21,verified,A00454,NORMAL,
C01570,2025-03-16,verified,A00549,LEGITIMATE_SHARED_RESOURCE,
C01571,2025-10-07,verified,A00569,LEGITIMATE_SHARED_RESOURCE,
C01572,2025-09-15,verified,A00310,NORMAL,
C01573,2026-07-22,verified,A00664,NORMAL,
C01574,2025-05-03,verified,A00412,NORMAL,
C01575,2026-06-12,verified,A00616,NORMAL,
C01576,2025-09-13,verified,A00015,NORMAL,
C01577,2026-06-18,verified,A00332,LEGITIMATE_SHARED_RESOURCE,
C01578,2026-06-12,verified,A00607,NORMAL,
C01579,2025-01-13,verified,A00671,LEGITIMATE_SHARED_RESOURCE,
C01580,2026-06-05,verified,A00124,ABUSE_RING,R0069
C01581,2025-10-02,verified,A00222,NORMAL,
C01582,2025-10-17,verified,A00026,NORMAL,
C01583,2025-12-15,pending,A00567,NORMAL,
C01584,2025-04-26,verified,A00050,NORMAL,
C01585,2025-12-14,verified,A00227,NORMAL,
C01586,2025-12-16,pending,A00531,NORMAL,
C01587,2026-03-19,verified,A00606,NORMAL,
C01588,2025-02-08,verified,A00109,NORMAL,
C01589,2025-08-30,pending,A00100,NORMAL,
C01590,2026-02-25,verified,A00583,NORMAL,
C01591,2025-11-07,verified,A00141,NORMAL,
C01592,2025-03-18,verified,A00298,NORMAL,
C01593,2026-03-17,pending,A00433,NORMAL,
C01594,2025-09-22,verified,A00118,NORMAL,
C01595,2025-06-02,verified,A00356,NORMAL,
C01596,2026-08-03,verified,A00195,NORMAL,
C01597,2026-02-11,verified,A00053,NORMAL,
C01598,2026-04-14,verified,A00274,NORMAL,
C01599,2026-06-06,verified,A00270,NORMAL,
C01600,2026-08-22,pending,A00329,NORMAL,
C01601,2025-03-18,verified,A00399,NORMAL,
C01602,2025-01-05,verified,A00153,NORMAL,
C01603,2025-01-01,verified,A00081,NORMAL,
C01604,2025-09-23,verified,A00379,NORMAL,
C01605,2026-03-04,pending,A00363,NORMAL,
C01606,2026-05-23,verified,A00123,LEGITIMATE_SHARED_RESOURCE,
C01607,2026-03-06,verified,A00503,NORMAL,
C01608,2026-06-09,verified,A00217,NORMAL,
C01609,2025-01-24,verified,A00589,NORMAL,
C01610,2025-12-20,verified,A00311,NORMAL,
C01611,2025-08-29,pending,A00584,NORMAL,
C01612,2026-02-10,verified,A00103,LEGITIMATE_SHARED_RESOURCE,
C01613,2026-02-12,verified,A00041,NORMAL,
C01614,2026-06-26,verified,A00578,NORMAL,
C01615,2025-11-27,verified,A00134,NORMAL,
C01616,2025-05-11,verified,A00024,NORMAL,
C01617,2026-04-29,pending,A00278,NORMAL,
C01618,2026-07-20,pending,A00395,LEGITIMATE_SHARED_RESOURCE,
C01619,2025-09-18,verified,A00191,NORMAL,
C01620,2026-02-28,verified,A00223,NORMAL,
C01621,2026-08-06,verified,A00372,NORMAL,
C01622,2026-05-17,verified,A00558,NORMAL,
C01623,2026-02-11,verified,A00014,NORMAL,
C01624,2025-11-27,verified,A00205,LEGITIMATE_SHARED_RESOURCE,
C01625,2026-08-14,verified,A00038,NORMAL,
C01626,2026-06-15,verified,A00278,LEGITIMATE_SHARED_RESOURCE,
C01627,2025-10-13,verified,A00692,NORMAL,
C01628,2026-05-01,verified,A00362,NORMAL,
C01629,2026-08-02,verified,A00523,NORMAL,
C01630,2025-05-08,verified,A00016,LEGITIMATE_SHARED_RESOURCE,
C01631,2026-03-20,verified,A00382,NORMAL,
C01632,2026-01-26,verified,A00183,NORMAL,
C01633,2026-01-15,verified,A00613,NORMAL,
C01634,2026-03-01,verified,A00470,LEGITIMATE_SHARED_RESOURCE,
C01635,2026-03-23,verified,A00143,NORMAL,
C01636,2025-09-03,verified,A00242,ABUSE_RING,R0113
C01637,2025-03-26,verified,A00482,ABUSE_RING,R0010
C01638,2025-12-15,verified,A00261,NORMAL,
C01639,2025-05-06,verified,A00628,LEGITIMATE_SHARED_RESOURCE,
C01640,2025-12-19,pending,A00651,LEGITIMATE_SHARED_RESOURCE,
C01641,2026-04-27,verified,A00034,LEGITIMATE_SHARED_RESOURCE,
C01642,2025-06-14,pending,A00138,LEGITIMATE_SHARED_RESOURCE,
C01643,2026-06-11,verified,A00466,NORMAL,
C01644,2026-05-25,verified,A00028,NORMAL,
C01645,2026-03-07,verified,A00304,LEGITIMATE_SHARED_RESOURCE,
C01646,2026-01-07,verified,A00019,NORMAL,
C01647,2025-05-17,verified,A00677,NORMAL,
C01648,2026-08-09,verified,A00466,NORMAL,
C01649,2025-08-17,verified,A00683,NORMAL,
C01650,2025-08-07,verified,A00658,LEGITIMATE_SHARED_RESOURCE,
C01651,2025-10-16,verified,A00637,NORMAL,
C01652,2025-03-16,verified,A00223,NORMAL,
C01653,2025-07-10,pending,A00127,NORMAL,
C01654,2026-06-26,verified,A00679,NORMAL,
C01655,2026-03-14,pending,A00587,NORMAL,
C01656,2025-02-21,verified,A00433,NORMAL,
C01657,2026-05-14,pending,A00264,NORMAL,
C01658,2026-04-27,verified,A00650,ABUSE_RING,R0034
C01659,2025-05-20,verified,A00100,NORMAL,
C01660,2025-03-23,verified,A00063,NORMAL,
C01661,2025-10-30,verified,A00236,NORMAL,
C01662,2026-06-06,verified,A00480,NORMAL,
C01663,2026-07-26,verified,A00019,LEGITIMATE_SHARED_RESOURCE,
C01664,2025-03-28,verified,A00458,LEGITIMATE_SHARED_RESOURCE,
C01665,2026-04-26,verified,A00636,LEGITIMATE_SHARED_RESOURCE,
C01666,2025-12-21,verified,A00193,LEGITIMATE_SHARED_RESOURCE,
C01667,2025-10-17,verified,A00333,NORMAL,
C01668,2025-08-05,verified,A00631,NORMAL,
C01669,2025-05-13,verified,A00132,NORMAL,
C01670,2026-01-04,verified,A00505,NORMAL,
C01671,2026-05-04,verified,A00186,NORMAL,
C01672,2026-04-12,verified,A00371,LEGITIMATE_SHARED_RESOURCE,
C01673,2026-04-02,verified,A00050,NORMAL,
C01674,2025-06-18,pending,A00675,NORMAL,
C01675,2026-06-18,verified,A00353,LEGITIMATE_SHARED_RESOURCE,
C01676,2025-07-11,verified,A00289,NORMAL,
C01677,2026-06-23,verified,A00036,NORMAL,
C01678,2025-08-21,verified,A00195,NORMAL,
C01679,2026-06-28,verified,A00406,NORMAL,
C01680,2026-07-02,verified,A00518,NORMAL,
C01681,2025-11-01,verified,A00017,NORMAL,
C01682,2025-10-20,verified,A00705,NORMAL,
C01683,2026-07-28,verified,A00680,NORMAL,
C01684,2026-05-31,verified,A00319,NORMAL,
C01685,2026-04-03,verified,A00058,NORMAL,
C01686,2026-01-28,verified,A00251,NORMAL,
C01687,2025-07-01,verified,A00248,NORMAL,
C01688,2025-05-14,verified,A00056,NORMAL,
C01689,2025-06-03,pending,A00325,NORMAL,
C01690,2025-11-14,verified,A00430,NORMAL,
C01691,2026-05-01,verified,A00297,NORMAL,
C01692,2026-02-26,verified,A00456,NORMAL,
C01693,2026-04-09,verified,A00070,ABUSE_RING,R0106
C01694,2026-06-17,pending,A00584,NORMAL,
C01695,2026-06-14,verified,A00221,NORMAL,
C01696,2026-03-01,verified,A00081,LEGITIMATE_SHARED_RESOURCE,
C01697,2025-08-19,verified,A00334,NORMAL,
C01698,2025-10-25,verified,A00336,NORMAL,
C01699,2026-08-23,verified,A00067,NORMAL,
C01700,2025-04-28,verified,A00344,NORMAL,
C01701,2026-03-25,verified,A00648,NORMAL,
C01702,2025-12-07,pending,A00053,NORMAL,
C01703,2025-03-31,verified,A00472,NORMAL,
C01704,2025-08-07,verified,A00585,NORMAL,
C01705,2026-03-09,verified,A00691,NORMAL,
C01706,2025-07-21,verified,A00598,NORMAL,
C01707,2026-01-24,verified,A00362,NORMAL,
C01708,2025-10-27,verified,A00577,NORMAL,
C01709,2026-05-21,verified,A00584,NORMAL,
C01710,2025-03-29,verified,A00568,NORMAL,
C01711,2025-06-07,verified,A00139,NORMAL,
C01712,2025-01-21,verified,A00661,NORMAL,
C01713,2025-05-07,verified,A00031,NORMAL,
C01714,2025-04-10,verified,A00183,NORMAL,
C01715,2026-06-01,verified,A00684,ABUSE_RING,R0116
C01716,2026-03-03,verified,A00405,NORMAL,
C01717,2025-07-06,verified,A00330,LEGITIMATE_SHARED_RESOURCE,
C01718,2026-05-16,verified,A00349,NORMAL,
C01719,2025-04-21,verified,A00597,NORMAL,
C01720,2025-02-13,verified,A00408,NORMAL,
C01721,2026-04-01,verified,A00687,LEGITIMATE_SHARED_RESOURCE,
C01722,2025-01-15,verified,A00009,NORMAL,
C01723,2025-01-02,verified,A00647,MIXED,
C01724,2025-12-28,verified,A00496,LEGITIMATE_SHARED_RESOURCE,
C01725,2025-07-07,verified,A00675,NORMAL,
C01726,2025-06-28,verified,A00690,NORMAL,
C01727,2025-10-28,verified,A00709,NORMAL,
C01728,2026-02-08,verified,A00676,NORMAL,
C01729,2025-05-12,verified,A00529,NORMAL,
C01730,2025-07-23,verified,A00354,NORMAL,
C01731,2025-04-28,verified,A00601,LEGITIMATE_SHARED_RESOURCE,
C01732,2026-04-21,verified,A00340,LEGITIMATE_SHARED_RESOURCE,
C01733,2025-03-07,verified,A00223,LEGITIMATE_SHARED_RESOURCE,
C01734,2025-09-20,verified,A00241,LEGITIMATE_SHARED_RESOURCE,
C01735,2025-12-02,verified,A00443,LEGITIMATE_SHARED_RESOURCE,
C01736,2026-04-20,verified,A00459,NORMAL,
C01737,2026-05-11,verified,A00218,NORMAL,
C01738,2025-09-14,pending,A00134,NORMAL,
C01739,2026-02-02,verified,A00343,NORMAL,
C01740,2026-06-29,verified,A00331,NORMAL,
C01741,2025-02-19,verified,A00072,NORMAL,
C01742,2025-01-10,verified,A00663,NORMAL,
C01743,2026-03-25,verified,A00263,NORMAL,
C01744,2025-01-02,verified,A00489,NORMAL,
C01745,2025-03-18,verified,A00703,NORMAL,
C01746,2025-07-06,verified,A00031,NORMAL,
C01747,2026-02-27,verified,A00677,NORMAL,
C01748,2026-08-14,verified,A00493,NORMAL,
C01749,2025-09-28,pending,A00403,NORMAL,
C01750,2026-02-27,verified,A00510,NORMAL,
C01751,2025-10-07,verified,A00093,LEGITIMATE_SHARED_RESOURCE,
C01752,2026-04-16,verified,A00175,LEGITIMATE_SHARED_RESOURCE,
C01753,2025-10-24,verified,A00378,NORMAL,
C01754,2026-02-04,verified,A00673,ABUSE_RING,R0012
C01755,2025-09-08,verified,A00052,NORMAL,
C01756,2025-08-12,verified,A00202,NORMAL,
C01757,2026-02-01,pending,A00587,ABUSE_RING,R0105
C01758,2026-01-16,verified,A00372,NORMAL,
C01759,2025-11-30,verified,A00389,NORMAL,
C01760,2026-05-17,verified,A00011,NORMAL,
C01761,2026-05-01,pending,A00096,LEGITIMATE_SHARED_RESOURCE,
C01762,2025-02-26,verified,A00181,NORMAL,
C01763,2026-06-20,verified,A00669,LEGITIMATE_SHARED_RESOURCE,
C01764,2025-11-01,verified,A00396,MIXED,
C01765,2025-10-02,pending,A00426,NORMAL,
C01766,2025-03-15,verified,A00388,NORMAL,
C01767,2025-04-01,verified,A00655,NORMAL,
C01768,2025-07-29,verified,A00687,NORMAL,
C01769,2025-08-31,verified,A00587,LEGITIMATE_SHARED_RESOURCE,
C01770,2026-02-09,verified,A00452,NORMAL,
C01771,2025-12-08,verified,A00306,NORMAL,
C01772,2025-09-19,verified,A00040,NORMAL,
C01773,2026-08-21,verified,A00645,LEGITIMATE_SHARED_RESOURCE,
C01774,2025-12-11,verified,A00411,NORMAL,
C01775,2025-08-11,pending,A00064,NORMAL,
C01776,2026-02-08,verified,A00149,ABUSE_RING,R0043
C01777,2025-05-01,verified,A00056,NORMAL,
C01778,2026-01-03,verified,A00399,NORMAL,
C01779,2025-09-23,verified,A00523,NORMAL,
C01780,2026-04-19,verified,A00664,NORMAL,
C01781,2025-02-26,verified,A00514,NORMAL,
C01782,2025-04-21,verified,A00670,LEGITIMATE_SHARED_RESOURCE,
C01783,2026-01-08,verified,A00201,NORMAL,
C01784,2026-05-03,verified,A00687,NORMAL,
C01785,2025-09-10,verified,A00374,LEGITIMATE_SHARED_RESOURCE,
C01786,2025-06-13,verified,A00644,LEGITIMATE_SHARED_RESOURCE,
C01787,2025-06-17,verified,A00610,NORMAL,
C01788,2025-11-21,verified,A00558,NORMAL,
C01789,2026-02-06,verified,A00481,NORMAL,
C01790,2025-03-04,verified,A00306,NORMAL,
C01791,2026-06-14,verified,A00038,LEGITIMATE_SHARED_RESOURCE,
C01792,2026-05-01,verified,A00187,NORMAL,
C01793,2026-01-29,verified,A00616,LEGITIMATE_SHARED_RESOURCE,
C01794,2025-04-09,verified,A00563,NORMAL,
C01795,2025-07-07,pending,A00490,NORMAL,
C01796,2025-01-10,verified,A00131,NORMAL,
C01797,2026-08-11,verified,A00108,NORMAL,
C01798,2025-08-06,pending,A00401,NORMAL,
C01799,2026-06-06,verified,A00483,NORMAL,
C01800,2025-09-26,verified,A00161,LEGITIMATE_SHARED_RESOURCE,
C01801,2025-03-07,verified,A00559,NORMAL,
C01802,2026-07-03,verified,A00369,NORMAL,
C01803,2026-05-27,verified,A00710,NORMAL,
C01804,2025-05-19,verified,A00070,NORMAL,
C01805,2026-06-23,verified,A00641,LEGITIMATE_SHARED_RESOURCE,
C01806,2026-01-19,verified,A00605,NORMAL,
C01807,2025-12-28,verified,A00088,NORMAL,
C01808,2026-04-30,verified,A00374,ABUSE_RING,R0046
C01809,2025-12-11,verified,A00161,LEGITIMATE_SHARED_RESOURCE,
C01810,2025-06-08,verified,A00378,NORMAL,
C01811,2026-01-06,verified,A00708,NORMAL,
C01812,2026-07-14,verified,A00503,NORMAL,
C01813,2025-01-27,verified,A00448,NORMAL,
C01814,2025-07-19,verified,A00683,LEGITIMATE_SHARED_RESOURCE,
C01815,2025-06-04,verified,A00561,NORMAL,
C01816,2025-07-01,verified,A00229,NORMAL,
C01817,2025-08-30,verified,A00148,NORMAL,
C01818,2026-07-11,verified,A00540,NORMAL,
C01819,2026-05-25,verified,A00199,NORMAL,
C01820,2025-12-26,verified,A00613,NORMAL,
C01821,2026-02-24,verified,A00161,NORMAL,
C01822,2026-02-25,verified,A00318,NORMAL,
C01823,2026-05-26,verified,A00284,NORMAL,
C01824,2026-01-04,verified,A00466,NORMAL,
C01825,2025-06-04,verified,A00252,NORMAL,
C01826,2025-04-16,verified,A00126,NORMAL,
C01827,2026-07-18,pending,A00701,LEGITIMATE_SHARED_RESOURCE,
C01828,2025-02-20,verified,A00051,NORMAL,
C01829,2026-07-07,verified,A00413,LEGITIMATE_SHARED_RESOURCE,
C01830,2025-11-14,verified,A00360,NORMAL,
C01831,2025-01-27,verified,A00347,NORMAL,
C01832,2026-07-10,verified,A00013,LEGITIMATE_SHARED_RESOURCE,
C01833,2025-11-24,verified,A00112,NORMAL,
C01834,2025-01-02,verified,A00658,LEGITIMATE_SHARED_RESOURCE,
C01835,2026-07-24,verified,A00431,LEGITIMATE_SHARED_RESOURCE,
C01836,2026-05-14,verified,A00267,NORMAL,
C01837,2025-09-17,verified,A00082,LEGITIMATE_SHARED_RESOURCE,
C01838,2025-08-06,verified,A00562,NORMAL,
C01839,2026-03-14,verified,A00394,NORMAL,
C01840,2025-10-30,verified,A00339,NORMAL,
C01841,2025-09-06,pending,A00240,NORMAL,
C01842,2025-11-04,verified,A00454,LEGITIMATE_SHARED_RESOURCE,
C01843,2025-10-11,verified,A00419,NORMAL,
C01844,2025-08-23,verified,A00492,NORMAL,
C01845,2026-08-15,verified,A00152,LEGITIMATE_SHARED_RESOURCE,
C01846,2025-06-09,verified,A00710,NORMAL,
C01847,2026-03-17,pending,A00175,NORMAL,
C01848,2026-05-30,verified,A00077,NORMAL,
C01849,2025-12-20,verified,A00224,NORMAL,
C01850,2026-05-12,verified,A00563,NORMAL,
C01851,2026-05-26,verified,A00321,NORMAL,
C01852,2025-02-21,verified,A00169,NORMAL,
C01853,2025-04-29,verified,A00009,NORMAL,
C01854,2025-11-24,pending,A00004,LEGITIMATE_SHARED_RESOURCE,
C01855,2025-09-16,verified,A00427,NORMAL,
C01856,2025-01-28,verified,A00657,NORMAL,
C01857,2026-08-01,verified,A00610,NORMAL,
C01858,2025-03-19,verified,A00602,ABUSE_RING,R0007
C01859,2026-05-14,verified,A00420,ABUSE_RING,R0086
C01860,2026-01-22,verified,A00546,ABUSE_RING,R0114
C01861,2025-11-21,verified,A00622,NORMAL,
C01862,2026-07-25,verified,A00306,NORMAL,
C01863,2026-05-12,pending,A00238,NORMAL,
C01864,2026-02-03,verified,A00210,NORMAL,
C01865,2026-03-28,verified,A00540,LEGITIMATE_SHARED_RESOURCE,
C01866,2025-12-25,verified,A00307,NORMAL,
C01867,2026-06-03,verified,A00700,NORMAL,
C01868,2025-12-21,pending,A00371,NORMAL,
C01869,2026-04-09,verified,A00116,NORMAL,
C01870,2026-07-03,verified,A00269,NORMAL,
C01871,2025-09-28,pending,A00616,NORMAL,
C01872,2026-02-04,verified,A00446,NORMAL,
C01873,2025-09-06,verified,A00328,NORMAL,
C01874,2025-07-05,verified,A00257,NORMAL,
C01875,2026-05-04,verified,A00285,NORMAL,
C01876,2025-08-31,verified,A00162,ABUSE_RING,R0070
C01877,2025-03-23,verified,A00520,NORMAL,
C01878,2025-10-08,verified,A00456,NORMAL,
C01879,2026-01-14,verified,A00075,NORMAL,
C01880,2025-03-25,pending,A00577,NORMAL,
C01881,2026-06-16,verified,A00383,NORMAL,
C01882,2026-05-20,verified,A00685,LEGITIMATE_SHARED_RESOURCE,
C01883,2026-07-05,verified,A00227,LEGITIMATE_SHARED_RESOURCE,
C01884,2025-05-10,verified,A00609,NORMAL,
C01885,2025-02-11,verified,A00030,NORMAL,
C01886,2025-03-03,verified,A00013,NORMAL,
C01887,2025-11-24,verified,A00117,NORMAL,
C01888,2026-03-25,verified,A00330,NORMAL,
C01889,2026-07-18,verified,A00034,NORMAL,
C01890,2025-11-27,verified,A00069,LEGITIMATE_SHARED_RESOURCE,
C01891,2026-08-09,verified,A00311,NORMAL,
C01892,2025-07-09,verified,A00129,NORMAL,
C01893,2026-04-26,verified,A00138,NORMAL,
C01894,2025-07-12,verified,A00253,NORMAL,
C01895,2025-02-26,verified,A00417,NORMAL,
C01896,2025-12-11,verified,A00381,ABUSE_RING,R0070
C01897,2025-07-19,verified,A00378,LEGITIMATE_SHARED_RESOURCE,
C01898,2026-04-29,verified,A00600,NORMAL,
C01899,2026-07-09,verified,A00406,NORMAL,
C01900,2025-06-10,verified,A00123,NORMAL,
C01901,2026-02-18,pending,A00538,NORMAL,
C01902,2026-05-17,verified,A00645,NORMAL,
C01903,2025-11-30,verified,A00517,NORMAL,
C01904,2026-07-20,verified,A00488,NORMAL,
C01905,2025-07-14,verified,A00436,NORMAL,
C01906,2025-09-11,verified,A00481,NORMAL,
C01907,2026-04-12,verified,A00657,NORMAL,
C01908,2026-06-12,verified,A00448,LEGITIMATE_SHARED_RESOURCE,
C01909,2026-01-30,verified,A00583,NORMAL,
C01910,2026-05-27,verified,A00511,NORMAL,
C01911,2026-05-31,verified,A00344,NORMAL,
C01912,2025-01-12,verified,A00057,NORMAL,
C01913,2025-10-27,verified,A00373,NORMAL,
C01914,2025-02-17,verified,A00144,NORMAL,
C01915,2026-02-14,verified,A00625,NORMAL,
C01916,2025-01-28,verified,A00018,NORMAL,
C01917,2026-03-29,verified,A00187,NORMAL,
C01918,2025-06-01,verified,A00152,NORMAL,
C01919,2026-04-05,verified,A00354,LEGITIMATE_SHARED_RESOURCE,
C01920,2025-10-24,verified,A00017,MIXED,
C01921,2025-12-07,verified,A00687,NORMAL,
C01922,2025-03-22,verified,A00436,NORMAL,
C01923,2026-05-27,verified,A00470,LEGITIMATE_SHARED_RESOURCE,
C01924,2026-03-29,verified,A00599,LEGITIMATE_SHARED_RESOURCE,
C01925,2026-07-19,verified,A00453,NORMAL,
C01926,2025-06-18,verified,A00653,LEGITIMATE_SHARED_RESOURCE,
C01927,2025-11-20,verified,A00605,MIXED,R0123
C01928,2026-07-21,verified,A00036,ABUSE_RING,R0039
C01929,2026-06-03,verified,A00312,LEGITIMATE_SHARED_RESOURCE,
C01930,2025-01-08,verified,A00323,LEGITIMATE_SHARED_RESOURCE,
C01931,2025-07-25,verified,A00003,LEGITIMATE_SHARED_RESOURCE,
C01932,2026-01-09,verified,A00402,NORMAL,
C01933,2025-12-13,verified,A00489,NORMAL,
C01934,2025-05-26,verified,A00223,NORMAL,
C01935,2026-01-15,verified,A00465,NORMAL,
C01936,2025-01-25,verified,A00195,LEGITIMATE_SHARED_RESOURCE,
C01937,2025-02-16,verified,A00426,NORMAL,
C01938,2026-04-05,verified,A00132,NORMAL,
C01939,2026-07-02,verified,A00398,NORMAL,
C01940,2026-07-15,verified,A00461,NORMAL,
C01941,2025-01-29,verified,A00188,LEGITIMATE_SHARED_RESOURCE,
C01942,2026-05-11,verified,A00534,NORMAL,
C01943,2025-12-08,verified,A00583,NORMAL,
C01944,2026-07-25,verified,A00115,NORMAL,
C01945,2025-10-23,pending,A00588,NORMAL,
C01946,2025-06-24,verified,A00229,ABUSE_RING,R0105
C01947,2026-04-30,verified,A00248,NORMAL,
C01948,2025-01-03,verified,A00437,NORMAL,
C01949,2025-07-16,verified,A00542,NORMAL,
C01950,2026-01-16,verified,A00035,NORMAL,
C01951,2026-02-22,verified,A00700,NORMAL,
C01952,2026-05-29,verified,A00436,NORMAL,
C01953,2026-06-13,pending,A00434,NORMAL,
C01954,2026-03-30,verified,A00549,NORMAL,
C01955,2026-02-09,verified,A00683,NORMAL,
C01956,2026-02-28,verified,A00409,NORMAL,
C01957,2026-05-02,verified,A00359,NORMAL,
C01958,2026-08-01,verified,A00250,NORMAL,
C01959,2025-12-01,verified,A00004,LEGITIMATE_SHARED_RESOURCE,
C01960,2025-11-23,pending,A00655,NORMAL,
C01961,2026-03-29,verified,A00675,NORMAL,
C01962,2025-05-14,verified,A00013,NORMAL,
C01963,2025-10-28,verified,A00337,LEGITIMATE_SHARED_RESOURCE,
C01964,2026-06-30,verified,A00515,NORMAL,
C01965,2026-07-16,verified,A00644,LEGITIMATE_SHARED_RESOURCE,
C01966,2026-07-08,pending,A00334,NORMAL,
C01967,2026-06-26,verified,A00217,NORMAL,
C01968,2025-12-17,verified,A00299,ABUSE_RING,R0006
C01969,2026-01-04,verified,A00645,LEGITIMATE_SHARED_RESOURCE,
C01970,2025-06-02,verified,A00022,NORMAL,
C01971,2025-06-06,verified,A00117,NORMAL,
C01972,2025-01-17,verified,A00088,NORMAL,
C01973,2026-01-14,verified,A00479,NORMAL,
C01974,2025-11-07,verified,A00120,LEGITIMATE_SHARED_RESOURCE,
C01975,2026-02-20,verified,A00536,NORMAL,
C01976,2025-05-02,verified,A00697,LEGITIMATE_SHARED_RESOURCE,
C01977,2025-04-28,verified,A00651,NORMAL,
C01978,2026-01-11,verified,A00448,LEGITIMATE_SHARED_RESOURCE,
C01979,2025-04-02,verified,A00292,NORMAL,
C01980,2025-01-18,verified,A00452,LEGITIMATE_SHARED_RESOURCE,
C01981,2025-12-31,verified,A00043,NORMAL,
C01982,2025-11-16,verified,A00309,ABUSE_RING,R0101
C01983,2025-02-04,pending,A00568,LEGITIMATE_SHARED_RESOURCE,
C01984,2025-05-22,verified,A00490,NORMAL,
C01985,2025-01-24,verified,A00585,NORMAL,
C01986,2025-02-08,pending,A00394,NORMAL,
C01987,2025-11-14,verified,A00316,NORMAL,
C01988,2025-09-05,verified,A00665,NORMAL,
C01989,2025-12-23,verified,A00666,NORMAL,
C01990,2026-06-03,pending,A00695,NORMAL,
C01991,2025-08-19,verified,A00404,NORMAL,
C01992,2025-08-05,verified,A00414,LEGITIMATE_SHARED_RESOURCE,
C01993,2025-10-27,verified,A00169,LEGITIMATE_SHARED_RESOURCE,
C01994,2025-11-08,verified,A00523,NORMAL,
C01995,2025-04-10,verified,A00537,LEGITIMATE_SHARED_RESOURCE,
C01996,2025-08-15,verified,A00067,NORMAL,
C01997,2025-10-31,verified,A00684,NORMAL,
C01998,2025-07-08,verified,A00663,NORMAL,
C01999,2026-02-21,verified,A00254,NORMAL,
C02000,2025-02-06,verified,A00036,NORMAL,
C02001,2025-09-24,verified,A00606,NORMAL,
C02002,2026-07-16,verified,A00564,LEGITIMATE_SHARED_RESOURCE,
C02003,2026-07-11,verified,A00428,NORMAL,
C02004,2026-05-23,verified,A00324,LEGITIMATE_SHARED_RESOURCE,
C02005,2025-04-17,verified,A00704,NORMAL,
C02006,2026-08-13,verified,A00449,NORMAL,
C02007,2025-02-22,verified,A00515,NORMAL,
C02008,2026-04-04,verified,A00510,ABUSE_RING,R0115
C02009,2025-01-15,pending,A00514,NORMAL,
C02010,2025-04-29,verified,A00417,NORMAL,
C02011,2026-07-01,pending,A00106,NORMAL,
C02012,2025-08-17,verified,A00236,NORMAL,
C02013,2026-07-13,verified,A00618,LEGITIMATE_SHARED_RESOURCE,
C02014,2025-04-22,verified,A00563,NORMAL,
C02015,2025-04-09,verified,A00104,NORMAL,
C02016,2026-01-26,verified,A00268,LEGITIMATE_SHARED_RESOURCE,
C02017,2026-02-23,verified,A00158,LEGITIMATE_SHARED_RESOURCE,
C02018,2026-01-14,verified,A00115,NORMAL,
C02019,2025-06-08,verified,A00225,NORMAL,
C02020,2026-03-08,verified,A00452,NORMAL,
C02021,2026-02-17,verified,A00464,LEGITIMATE_SHARED_RESOURCE,
C02022,2026-02-09,verified,A00166,NORMAL,
C02023,2026-08-22,verified,A00511,ABUSE_RING,R0022
C02024,2026-08-22,pending,A00501,NORMAL,
C02025,2025-10-14,verified,A00569,LEGITIMATE_SHARED_RESOURCE,
C02026,2025-03-03,verified,A00664,NORMAL,
C02027,2026-06-02,verified,A00463,NORMAL,
C02028,2025-05-03,verified,A00238,NORMAL,
C02029,2025-08-14,verified,A00345,LEGITIMATE_SHARED_RESOURCE,
C02030,2026-05-23,verified,A00435,NORMAL,
C02031,2025-02-07,verified,A00177,ABUSE_RING,R0051
C02032,2026-01-27,pending,A00085,NORMAL,
C02033,2025-09-29,verified,A00259,NORMAL,
C02034,2026-04-04,verified,A00428,NORMAL,
C02035,2025-12-07,verified,A00272,LEGITIMATE_SHARED_RESOURCE,
C02036,2025-09-26,verified,A00379,NORMAL,
C02037,2025-07-09,verified,A00291,LEGITIMATE_SHARED_RESOURCE,
C02038,2025-12-20,verified,A00513,ABUSE_RING,R0070
C02039,2025-05-27,verified,A00425,LEGITIMATE_SHARED_RESOURCE,
C02040,2025-10-20,verified,A00378,LEGITIMATE_SHARED_RESOURCE,
C02041,2025-09-21,verified,A00690,NORMAL,
C02042,2026-08-11,verified,A00118,LEGITIMATE_SHARED_RESOURCE,
C02043,2025-08-13,pending,A00475,LEGITIMATE_SHARED_RESOURCE,
C02044,2026-07-26,verified,A00610,NORMAL,
C02045,2026-06-03,verified,A00439,NORMAL,
C02046,2025-05-19,verified,A00194,LEGITIMATE_SHARED_RESOURCE,
C02047,2026-07-15,verified,A00455,NORMAL,
C02048,2025-09-10,verified,A00334,NORMAL,
C02049,2025-06-18,verified,A00178,NORMAL,
C02050,2026-05-02,verified,A00003,NORMAL,
C02051,2026-05-13,verified,A00693,LEGITIMATE_SHARED_RESOURCE,
C02052,2025-05-04,verified,A00268,NORMAL,
C02053,2025-10-04,verified,A00175,NORMAL,
C02054,2026-03-22,verified,A00195,LEGITIMATE_SHARED_RESOURCE,
C02055,2025-12-27,verified,A00159,LEGITIMATE_SHARED_RESOURCE,
C02056,2025-11-30,verified,A00395,NORMAL,
C02057,2025-03-30,verified,A00147,NORMAL,
C02058,2026-03-17,verified,A00091,LEGITIMATE_SHARED_RESOURCE,
C02059,2025-08-01,verified,A00126,NORMAL,
C02060,2026-01-04,verified,A00010,LEGITIMATE_SHARED_RESOURCE,
C02061,2026-08-13,verified,A00280,NORMAL,
C02062,2025-05-16,verified,A00644,NORMAL,
C02063,2026-01-06,verified,A00493,NORMAL,
C02064,2025-12-14,verified,A00412,LEGITIMATE_SHARED_RESOURCE,
C02065,2026-07-09,verified,A00064,NORMAL,
C02066,2026-06-07,pending,A00663,NORMAL,
C02067,2026-06-23,pending,A00014,NORMAL,
C02068,2026-03-26,verified,A00074,NORMAL,
C02069,2025-06-04,verified,A00211,NORMAL,
C02070,2025-11-11,verified,A00680,NORMAL,
C02071,2025-07-08,verified,A00217,NORMAL,
C02072,2026-05-16,verified,A00108,ABUSE_RING,R0059
C02073,2025-09-12,verified,A00482,NORMAL,
C02074,2025-06-12,verified,A00250,NORMAL,
C02075,2025-06-08,verified,A00129,ABUSE_RING,R0033
C02076,2026-04-05,verified,A00440,LEGITIMATE_SHARED_RESOURCE,
C02077,2026-03-26,verified,A00630,NORMAL,
C02078,2025-12-10,pending,A00521,ABUSE_RING,R0085
C02079,2025-05-07,verified,A00300,NORMAL,
C02080,2026-01-30,verified,A00458,LEGITIMATE_SHARED_RESOURCE,
C02081,2026-04-14,verified,A00598,NORMAL,
C02082,2025-06-04,pending,A00297,NORMAL,
C02083,2025-10-02,verified,A00199,ABUSE_RING,R0040
C02084,2025-03-16,verified,A00501,LEGITIMATE_SHARED_RESOURCE,
C02085,2025-12-21,verified,A00507,LEGITIMATE_SHARED_RESOURCE,
C02086,2025-06-10,pending,A00413,NORMAL,
C02087,2026-02-23,verified,A00619,NORMAL,
C02088,2025-01-05,pending,A00339,NORMAL,
C02089,2025-08-24,verified,A00433,NORMAL,
C02090,2026-03-26,verified,A00215,NORMAL,
C02091,2025-07-11,verified,A00078,NORMAL,
C02092,2026-02-11,verified,A00212,NORMAL,
C02093,2025-04-20,verified,A00612,NORMAL,
C02094,2025-01-16,verified,A00310,LEGITIMATE_SHARED_RESOURCE,
C02095,2025-02-12,pending,A00568,NORMAL,
C02096,2026-07-01,verified,A00205,NORMAL,
C02097,2025-04-15,verified,A00681,NORMAL,
C02098,2025-04-09,verified,A00108,NORMAL,
C02099,2026-02-12,verified,A00554,LEGITIMATE_SHARED_RESOURCE,
C02100,2025-01-12,verified,A00434,NORMAL,
C02101,2025-05-19,verified,A00123,NORMAL,
C02102,2025-08-16,verified,A00710,LEGITIMATE_SHARED_RESOURCE,
C02103,2026-01-10,pending,A00074,NORMAL,
C02104,2025-04-23,verified,A00685,LEGITIMATE_SHARED_RESOURCE,
C02105,2025-09-04,verified,A00558,LEGITIMATE_SHARED_RESOURCE,
C02106,2025-04-07,verified,A00252,NORMAL,
C02107,2025-09-24,verified,A00326,NORMAL,
C02108,2026-08-17,verified,A00023,LEGITIMATE_SHARED_RESOURCE,
C02109,2026-01-22,verified,A00013,LEGITIMATE_SHARED_RESOURCE,
C02110,2026-05-28,verified,A00188,NORMAL,
C02111,2025-08-30,verified,A00362,NORMAL,
C02112,2025-03-03,verified,A00039,LEGITIMATE_SHARED_RESOURCE,
C02113,2025-05-25,verified,A00669,LEGITIMATE_SHARED_RESOURCE,
C02114,2025-06-28,verified,A00319,LEGITIMATE_SHARED_RESOURCE,
C02115,2026-05-22,verified,A00620,LEGITIMATE_SHARED_RESOURCE,
C02116,2025-05-15,verified,A00345,NORMAL,
C02117,2025-04-18,verified,A00564,NORMAL,
C02118,2025-05-30,verified,A00437,NORMAL,
C02119,2025-04-12,pending,A00251,NORMAL,
C02120,2025-12-12,verified,A00426,NORMAL,
C02121,2025-05-09,verified,A00543,NORMAL,
C02122,2025-10-24,verified,A00331,LEGITIMATE_SHARED_RESOURCE,
C02123,2026-05-07,verified,A00596,NORMAL,
C02124,2026-05-24,pending,A00019,LEGITIMATE_SHARED_RESOURCE,
C02125,2026-02-09,verified,A00630,NORMAL,
C02126,2026-06-21,verified,A00578,NORMAL,
C02127,2026-05-05,verified,A00189,MIXED,
C02128,2026-03-09,verified,A00429,NORMAL,
C02129,2026-01-19,verified,A00547,NORMAL,
C02130,2025-08-08,verified,A00096,NORMAL,
C02131,2026-02-05,verified,A00690,NORMAL,
C02132,2025-06-17,verified,A00043,LEGITIMATE_SHARED_RESOURCE,
C02133,2026-03-30,pending,A00483,LEGITIMATE_SHARED_RESOURCE,
C02134,2025-07-20,verified,A00703,NORMAL,
C02135,2026-04-10,verified,A00288,NORMAL,
C02136,2025-07-22,verified,A00200,NORMAL,
C02137,2025-01-11,verified,A00159,NORMAL,
C02138,2025-01-27,pending,A00350,NORMAL,
C02139,2026-02-05,verified,A00041,NORMAL,
C02140,2026-05-09,verified,A00182,NORMAL,
C02141,2025-10-19,verified,A00526,ABUSE_RING,R0046
C02142,2025-12-01,verified,A00460,NORMAL,
C02143,2026-06-20,verified,A00543,NORMAL,
C02144,2025-06-25,verified,A00173,NORMAL,
C02145,2026-04-18,verified,A00121,NORMAL,
C02146,2025-12-05,pending,A00157,NORMAL,
C02147,2025-08-01,verified,A00589,NORMAL,
C02148,2026-04-10,verified,A00179,NORMAL,
C02149,2025-12-02,verified,A00115,NORMAL,
C02150,2025-10-31,verified,A00693,NORMAL,
C02151,2025-09-12,verified,A00303,NORMAL,
C02152,2026-05-17,verified,A00377,ABUSE_RING,R0073
C02153,2025-10-26,verified,A00088,ABUSE_RING,R0046
C02154,2026-06-03,verified,A00319,NORMAL,
C02155,2026-01-05,verified,A00466,LEGITIMATE_SHARED_RESOURCE,
C02156,2026-07-14,verified,A00487,NORMAL,
C02157,2026-08-11,verified,A00277,NORMAL,
C02158,2026-03-15,verified,A00421,NORMAL,
C02159,2026-06-20,verified,A00359,NORMAL,
C02160,2026-01-04,pending,A00666,LEGITIMATE_SHARED_RESOURCE,
C02161,2026-01-10,verified,A00287,NORMAL,
C02162,2025-12-11,verified,A00553,NORMAL,
C02163,2026-05-20,verified,A00014,NORMAL,
C02164,2026-05-27,verified,A00033,NORMAL,
C02165,2026-08-19,verified,A00193,LEGITIMATE_SHARED_RESOURCE,
C02166,2025-04-29,verified,A00149,NORMAL,
C02167,2025-04-08,verified,A00080,LEGITIMATE_SHARED_RESOURCE,
C02168,2025-08-21,verified,A00602,NORMAL,
C02169,2026-05-28,verified,A00198,LEGITIMATE_SHARED_RESOURCE,
C02170,2025-08-03,verified,A00384,NORMAL,
C02171,2026-03-07,verified,A00271,LEGITIMATE_SHARED_RESOURCE,
C02172,2025-01-19,verified,A00086,LEGITIMATE_SHARED_RESOURCE,
C02173,2025-11-16,verified,A00093,NORMAL,
C02174,2025-07-24,pending,A00214,NORMAL,
C02175,2025-12-01,verified,A00446,NORMAL,
C02176,2025-06-20,pending,A00393,NORMAL,
C02177,2025-02-25,verified,A00213,NORMAL,
C02178,2025-03-21,pending,A00283,ABUSE_RING,R0088
C02179,2025-05-14,verified,A00409,LEGITIMATE_SHARED_RESOURCE,
C02180,2025-08-21,verified,A00389,NORMAL,
C02181,2025-04-07,verified,A00563,LEGITIMATE_SHARED_RESOURCE,
C02182,2025-06-09,verified,A00008,LEGITIMATE_SHARED_RESOURCE,
C02183,2025-03-07,verified,A00708,NORMAL,
C02184,2026-04-05,verified,A00597,NORMAL,
C02185,2025-10-30,verified,A00257,NORMAL,
C02186,2025-02-17,verified,A00113,LEGITIMATE_SHARED_RESOURCE,
C02187,2026-08-10,verified,A00568,LEGITIMATE_SHARED_RESOURCE,
C02188,2025-03-17,verified,A00012,NORMAL,
C02189,2025-01-06,verified,A00341,LEGITIMATE_SHARED_RESOURCE,
C02190,2026-02-27,verified,A00239,NORMAL,
C02191,2026-01-02,verified,A00428,NORMAL,
C02192,2025-08-20,verified,A00378,LEGITIMATE_SHARED_RESOURCE,
C02193,2025-03-31,verified,A00443,LEGITIMATE_SHARED_RESOURCE,
C02194,2025-09-02,verified,A00271,NORMAL,
C02195,2025-04-23,verified,A00029,NORMAL,
C02196,2025-06-03,verified,A00540,LEGITIMATE_SHARED_RESOURCE,
C02197,2026-01-21,verified,A00101,NORMAL,
C02198,2025-02-25,verified,A00335,NORMAL,
C02199,2026-03-10,verified,A00302,NORMAL,
C02200,2026-08-19,verified,A00198,NORMAL,
C02201,2026-01-11,verified,A00451,LEGITIMATE_SHARED_RESOURCE,
C02202,2026-03-31,verified,A00681,NORMAL,
C02203,2025-11-05,verified,A00377,NORMAL,
C02204,2026-04-28,verified,A00346,LEGITIMATE_SHARED_RESOURCE,
C02205,2025-07-16,verified,A00508,NORMAL,
C02206,2026-05-21,verified,A00694,LEGITIMATE_SHARED_RESOURCE,
C02207,2025-12-23,verified,A00125,LEGITIMATE_SHARED_RESOURCE,
C02208,2025-11-20,verified,A00536,NORMAL,
C02209,2026-06-21,verified,A00119,NORMAL,
C02210,2026-02-15,verified,A00568,NORMAL,
C02211,2025-09-13,verified,A00109,NORMAL,
C02212,2025-11-21,verified,A00117,NORMAL,
C02213,2025-04-06,verified,A00167,NORMAL,
C02214,2025-09-27,verified,A00300,LEGITIMATE_SHARED_RESOURCE,
C02215,2026-05-28,verified,A00374,NORMAL,
C02216,2025-11-09,pending,A00451,NORMAL,
C02217,2025-08-11,verified,A00689,NORMAL,
C02218,2025-07-28,verified,A00482,NORMAL,
C02219,2025-09-28,verified,A00001,ABUSE_RING,R0026
C02220,2026-02-24,verified,A00329,NORMAL,
C02221,2025-11-14,pending,A00326,NORMAL,
C02222,2025-02-24,verified,A00488,NORMAL,
C02223,2025-01-06,verified,A00008,NORMAL,
C02224,2025-05-06,verified,A00093,LEGITIMATE_SHARED_RESOURCE,
C02225,2026-05-20,verified,A00092,NORMAL,
C02226,2026-04-18,verified,A00107,NORMAL,
C02227,2025-07-31,verified,A00038,NORMAL,
C02228,2025-04-27,verified,A00129,NORMAL,
C02229,2026-04-08,verified,A00227,NORMAL,
C02230,2025-04-03,verified,A00535,NORMAL,
C02231,2025-03-31,verified,A00031,LEGITIMATE_SHARED_RESOURCE,
C02232,2025-09-08,pending,A00482,NORMAL,
C02233,2026-01-25,verified,A00433,NORMAL,
C02234,2025-09-23,verified,A00066,NORMAL,
C02235,2026-08-07,verified,A00666,NORMAL,
C02236,2025-11-21,verified,A00133,ABUSE_RING,R0043
C02237,2026-02-13,verified,A00449,LEGITIMATE_SHARED_RESOURCE,
C02238,2026-07-21,verified,A00153,LEGITIMATE_SHARED_RESOURCE,
C02239,2025-10-25,verified,A00432,NORMAL,
C02240,2025-10-14,verified,A00706,NORMAL,
C02241,2025-06-26,verified,A00677,NORMAL,
C02242,2025-03-13,verified,A00260,LEGITIMATE_SHARED_RESOURCE,
C02243,2026-04-30,verified,A00299,LEGITIMATE_SHARED_RESOURCE,
C02244,2026-02-10,pending,A00148,LEGITIMATE_SHARED_RESOURCE,
C02245,2025-10-09,pending,A00541,NORMAL,
C02246,2025-05-30,verified,A00064,NORMAL,
C02247,2026-03-12,verified,A00301,LEGITIMATE_SHARED_RESOURCE,
C02248,2025-05-10,verified,A00082,LEGITIMATE_SHARED_RESOURCE,
C02249,2026-03-09,pending,A00268,LEGITIMATE_SHARED_RESOURCE,
C02250,2026-02-14,verified,A00531,NORMAL,
C02251,2025-12-23,verified,A00347,NORMAL,
C02252,2025-06-02,verified,A00706,ABUSE_RING,R0055
C02253,2026-03-09,verified,A00151,NORMAL,
C02254,2025-03-08,verified,A00508,NORMAL,
C02255,2025-10-21,verified,A00333,MIXED,R0132
C02256,2025-07-12,verified,A00240,NORMAL,
C02257,2025-04-11,pending,A00277,LEGITIMATE_SHARED_RESOURCE,
C02258,2026-08-18,verified,A00010,NORMAL,
C02259,2026-03-17,verified,A00332,NORMAL,
C02260,2025-10-22,verified,A00708,NORMAL,
C02261,2025-08-07,verified,A00669,NORMAL,
C02262,2025-04-17,pending,A00658,NORMAL,
C02263,2025-10-25,verified,A00248,LEGITIMATE_SHARED_RESOURCE,
C02264,2025-04-18,verified,A00013,NORMAL,
C02265,2026-05-24,verified,A00701,NORMAL,
C02266,2025-02-16,verified,A00549,NORMAL,
C02267,2026-03-15,verified,A00701,NORMAL,
C02268,2025-11-25,verified,A00385,ABUSE_RING,R0042
C02269,2025-02-24,verified,A00540,LEGITIMATE_SHARED_RESOURCE,
C02270,2025-08-21,pending,A00281,LEGITIMATE_SHARED_RESOURCE,
C02271,2025-04-20,verified,A00331,LEGITIMATE_SHARED_RESOURCE,
C02272,2025-10-12,verified,A00501,NORMAL,
C02273,2025-11-10,verified,A00247,NORMAL,
C02274,2025-09-01,verified,A00229,LEGITIMATE_SHARED_RESOURCE,
C02275,2026-01-16,pending,A00669,NORMAL,
C02276,2026-04-26,verified,A00618,NORMAL,
C02277,2026-05-05,verified,A00681,LEGITIMATE_SHARED_RESOURCE,
C02278,2026-03-13,verified,A00369,NORMAL,
C02279,2025-06-09,verified,A00372,LEGITIMATE_SHARED_RESOURCE,
C02280,2025-09-05,verified,A00496,NORMAL,
C02281,2025-11-24,verified,A00005,NORMAL,
C02282,2026-08-01,verified,A00019,NORMAL,
C02283,2025-03-26,pending,A00119,NORMAL,
C02284,2026-06-15,verified,A00408,LEGITIMATE_SHARED_RESOURCE,
C02285,2026-07-25,verified,A00459,NORMAL,
C02286,2025-10-03,verified,A00636,LEGITIMATE_SHARED_RESOURCE,
C02287,2026-01-03,verified,A00022,NORMAL,
C02288,2025-12-02,verified,A00673,NORMAL,
C02289,2025-12-29,verified,A00359,NORMAL,
C02290,2026-05-10,pending,A00157,LEGITIMATE_SHARED_RESOURCE,
C02291,2026-05-30,verified,A00274,NORMAL,
C02292,2026-04-03,verified,A00400,NORMAL,
C02293,2026-02-12,verified,A00407,ABUSE_RING,R0023
C02294,2025-07-30,verified,A00621,NORMAL,
C02295,2025-06-26,verified,A00437,NORMAL,
C02296,2025-04-08,verified,A00355,LEGITIMATE_SHARED_RESOURCE,
C02297,2025-10-03,verified,A00707,LEGITIMATE_SHARED_RESOURCE,
C02298,2026-01-26,verified,A00500,NORMAL,
C02299,2026-06-10,verified,A00627,NORMAL,
C02300,2025-01-27,verified,A00546,NORMAL,
C02301,2025-02-25,verified,A00207,LEGITIMATE_SHARED_RESOURCE,
C02302,2025-04-02,verified,A00154,LEGITIMATE_SHARED_RESOURCE,
C02303,2025-05-01,verified,A00597,ABUSE_RING,R0094
C02304,2025-12-07,verified,A00568,LEGITIMATE_SHARED_RESOURCE,
C02305,2025-06-02,verified,A00165,NORMAL,
C02306,2025-08-03,verified,A00084,NORMAL,
C02307,2025-07-09,verified,A00498,NORMAL,
C02308,2026-05-26,verified,A00003,LEGITIMATE_SHARED_RESOURCE,
C02309,2025-08-08,verified,A00353,NORMAL,
C02310,2026-03-16,verified,A00180,NORMAL,
C02311,2026-04-17,verified,A00268,NORMAL,
C02312,2025-04-05,verified,A00179,NORMAL,
C02313,2026-05-24,verified,A00507,NORMAL,
C02314,2025-07-13,verified,A00324,LEGITIMATE_SHARED_RESOURCE,
C02315,2026-05-19,verified,A00502,NORMAL,
C02316,2025-09-18,verified,A00104,LEGITIMATE_SHARED_RESOURCE,
C02317,2025-11-13,verified,A00013,NORMAL,
C02318,2025-09-16,verified,A00450,NORMAL,
C02319,2025-09-02,verified,A00268,LEGITIMATE_SHARED_RESOURCE,
C02320,2025-04-25,verified,A00521,NORMAL,
C02321,2026-04-12,verified,A00632,NORMAL,
C02322,2025-10-22,verified,A00052,NORMAL,
C02323,2025-12-04,pending,A00140,NORMAL,
C02324,2025-12-04,verified,A00657,NORMAL,
C02325,2025-01-03,verified,A00589,NORMAL,
C02326,2026-01-08,verified,A00701,NORMAL,
C02327,2026-07-15,verified,A00623,LEGITIMATE_SHARED_RESOURCE,
C02328,2025-08-18,verified,A00688,NORMAL,
C02329,2025-07-06,verified,A00472,NORMAL,
C02330,2026-08-23,verified,A00153,LEGITIMATE_SHARED_RESOURCE,
C02331,2025-08-16,verified,A00642,NORMAL,
C02332,2025-04-12,verified,A00698,NORMAL,
C02333,2025-03-15,verified,A00153,MIXED,R0125
C02334,2025-03-29,verified,A00107,NORMAL,
C02335,2025-04-15,verified,A00652,NORMAL,
C02336,2025-03-17,verified,A00213,NORMAL,
C02337,2025-02-21,verified,A00487,LEGITIMATE_SHARED_RESOURCE,
C02338,2025-12-03,verified,A00693,NORMAL,
C02339,2025-02-15,verified,A00267,LEGITIMATE_SHARED_RESOURCE,
C02340,2026-02-19,pending,A00286,NORMAL,
C02341,2026-06-22,verified,A00296,NORMAL,
C02342,2025-04-17,verified,A00143,ABUSE_RING,R0054
C02343,2025-05-10,verified,A00175,NORMAL,
C02344,2025-02-04,verified,A00256,LEGITIMATE_SHARED_RESOURCE,
C02345,2026-06-21,verified,A00486,NORMAL,
C02346,2025-03-02,pending,A00590,NORMAL,
C02347,2025-11-08,verified,A00108,NORMAL,
C02348,2025-09-12,verified,A00540,NORMAL,
C02349,2025-12-28,verified,A00451,NORMAL,
C02350,2026-06-16,verified,A00633,NORMAL,
C02351,2025-06-23,verified,A00115,LEGITIMATE_SHARED_RESOURCE,
C02352,2026-03-11,verified,A00568,NORMAL,
C02353,2025-07-10,verified,A00666,NORMAL,
C02354,2025-02-25,verified,A00633,LEGITIMATE_SHARED_RESOURCE,
C02355,2025-08-03,verified,A00382,NORMAL,
C02356,2025-04-20,verified,A00077,NORMAL,
C02357,2026-04-05,verified,A00309,LEGITIMATE_SHARED_RESOURCE,
C02358,2025-10-04,verified,A00558,LEGITIMATE_SHARED_RESOURCE,
C02359,2026-07-27,verified,A00253,NORMAL,
C02360,2026-07-08,verified,A00455,NORMAL,
C02361,2025-10-12,pending,A00449,NORMAL,
C02362,2025-08-25,verified,A00099,NORMAL,
C02363,2025-08-17,verified,A00457,ABUSE_RING,R0084
C02364,2025-03-04,verified,A00589,NORMAL,
C02365,2025-09-30,verified,A00314,LEGITIMATE_SHARED_RESOURCE,
C02366,2026-01-11,verified,A00032,LEGITIMATE_SHARED_RESOURCE,
C02367,2026-03-27,verified,A00016,NORMAL,
C02368,2025-01-16,verified,A00239,NORMAL,
C02369,2025-12-31,verified,A00520,NORMAL,
C02370,2026-06-16,verified,A00210,LEGITIMATE_SHARED_RESOURCE,
C02371,2025-09-28,verified,A00104,LEGITIMATE_SHARED_RESOURCE,
C02372,2025-05-08,verified,A00029,LEGITIMATE_SHARED_RESOURCE,
C02373,2026-07-23,verified,A00579,NORMAL,
C02374,2025-08-26,verified,A00330,NORMAL,
C02375,2025-03-01,verified,A00140,NORMAL,
C02376,2026-07-02,verified,A00493,NORMAL,
C02377,2026-07-21,verified,A00349,NORMAL,
C02378,2026-06-12,verified,A00363,NORMAL,
C02379,2025-08-13,verified,A00381,LEGITIMATE_SHARED_RESOURCE,
C02380,2026-03-13,verified,A00103,NORMAL,
C02381,2025-11-25,verified,A00241,NORMAL,
C02382,2025-08-10,verified,A00457,NORMAL,
C02383,2025-01-17,verified,A00427,LEGITIMATE_SHARED_RESOURCE,
C02384,2026-05-21,verified,A00679,NORMAL,
C02385,2026-02-16,verified,A00239,NORMAL,
C02386,2025-04-03,verified,A00071,LEGITIMATE_SHARED_RESOURCE,
C02387,2026-03-18,verified,A00107,NORMAL,
C02388,2025-12-07,verified,A00226,NORMAL,
C02389,2025-01-27,verified,A00502,LEGITIMATE_SHARED_RESOURCE,
C02390,2025-07-30,verified,A00195,NORMAL,
C02391,2025-09-19,verified,A00236,NORMAL,
C02392,2026-05-15,verified,A00080,NORMAL,
C02393,2026-04-23,verified,A00221,LEGITIMATE_SHARED_RESOURCE,
C02394,2026-05-13,verified,A00668,LEGITIMATE_SHARED_RESOURCE,
C02395,2025-08-05,verified,A00100,NORMAL,
C02396,2026-07-06,verified,A00053,NORMAL,
C02397,2025-01-15,verified,A00380,NORMAL,
C02398,2026-06-14,verified,A00489,LEGITIMATE_SHARED_RESOURCE,
C02399,2025-05-28,verified,A00401,LEGITIMATE_SHARED_RESOURCE,
C02400,2025-07-06,verified,A00460,NORMAL,
C02401,2025-11-02,verified,A00442,NORMAL,
C02402,2026-07-27,verified,A00490,LEGITIMATE_SHARED_RESOURCE,
C02403,2025-09-07,verified,A00329,NORMAL,
C02404,2025-03-04,verified,A00337,NORMAL,
C02405,2025-05-18,verified,A00621,ABUSE_RING,R0004
C02406,2025-01-25,verified,A00225,ABUSE_RING,R0003
C02407,2026-01-29,verified,A00452,NORMAL,
C02408,2025-05-03,verified,A00462,NORMAL,
C02409,2025-06-12,pending,A00036,ABUSE_RING,R0050
C02410,2025-12-20,verified,A00678,LEGITIMATE_SHARED_RESOURCE,
C02411,2025-01-24,verified,A00322,MIXED,R0137
C02412,2025-11-25,verified,A00551,ABUSE_RING,R0102
C02413,2025-04-12,verified,A00425,NORMAL,
C02414,2026-07-07,verified,A00270,LEGITIMATE_SHARED_RESOURCE,
C02415,2025-10-12,verified,A00335,NORMAL,
C02416,2026-04-03,pending,A00552,NORMAL,
C02417,2025-03-23,verified,A00458,NORMAL,
C02418,2025-09-27,verified,A00190,NORMAL,
C02419,2025-02-04,pending,A00267,NORMAL,
C02420,2025-02-26,pending,A00652,NORMAL,
C02421,2026-01-06,pending,A00379,LEGITIMATE_SHARED_RESOURCE,
C02422,2025-11-30,verified,A00288,NORMAL,
C02423,2025-01-10,verified,A00179,MIXED,
C02424,2025-02-19,verified,A00404,NORMAL,
C02425,2026-05-26,verified,A00616,NORMAL,
C02426,2025-09-06,verified,A00025,NORMAL,
C02427,2025-03-15,verified,A00264,NORMAL,
C02428,2025-03-22,verified,A00035,NORMAL,
C02429,2025-12-24,verified,A00552,LEGITIMATE_SHARED_RESOURCE,
C02430,2025-02-23,verified,A00491,NORMAL,
C02431,2025-01-20,verified,A00261,NORMAL,
C02432,2025-10-06,pending,A00368,LEGITIMATE_SHARED_RESOURCE,
C02433,2025-11-13,verified,A00006,LEGITIMATE_SHARED_RESOURCE,
C02434,2025-02-20,verified,A00301,NORMAL,
C02435,2025-02-08,verified,A00423,NORMAL,
C02436,2025-09-18,verified,A00258,NORMAL,
C02437,2026-04-19,verified,A00217,ABUSE_RING,R0047
C02438,2025-10-30,verified,A00549,NORMAL,
C02439,2026-03-28,verified,A00370,NORMAL,
C02440,2026-02-21,verified,A00565,NORMAL,
C02441,2026-08-18,verified,A00289,NORMAL,
C02442,2026-02-10,verified,A00324,LEGITIMATE_SHARED_RESOURCE,
C02443,2026-03-31,verified,A00086,NORMAL,
C02444,2025-07-17,verified,A00482,LEGITIMATE_SHARED_RESOURCE,
C02445,2025-12-06,verified,A00092,NORMAL,
C02446,2026-06-04,verified,A00684,NORMAL,
C02447,2025-04-20,verified,A00394,NORMAL,
C02448,2025-12-28,verified,A00674,NORMAL,
C02449,2026-01-17,verified,A00692,LEGITIMATE_SHARED_RESOURCE,
C02450,2025-05-01,verified,A00338,NORMAL,
C02451,2025-01-24,verified,A00112,NORMAL,
C02452,2025-12-13,pending,A00450,NORMAL,
C02453,2025-03-14,verified,A00263,NORMAL,
C02454,2025-03-14,verified,A00701,NORMAL,
C02455,2025-10-09,verified,A00496,NORMAL,
C02456,2026-02-01,verified,A00104,NORMAL,
C02457,2025-02-10,verified,A00235,NORMAL,
C02458,2025-06-10,verified,A00125,ABUSE_RING,R0039
C02459,2026-08-21,verified,A00484,NORMAL,
C02460,2025-03-01,verified,A00315,NORMAL,
C02461,2026-01-20,verified,A00523,LEGITIMATE_SHARED_RESOURCE,
C02462,2025-09-18,pending,A00285,LEGITIMATE_SHARED_RESOURCE,
C02463,2026-01-24,verified,A00290,NORMAL,
C02464,2026-01-10,verified,A00660,NORMAL,
C02465,2026-06-02,verified,A00185,NORMAL,
C02466,2025-09-15,verified,A00087,LEGITIMATE_SHARED_RESOURCE,
C02467,2026-07-10,verified,A00521,NORMAL,
C02468,2025-03-10,verified,A00248,NORMAL,
C02469,2026-03-31,verified,A00279,LEGITIMATE_SHARED_RESOURCE,
C02470,2025-10-13,verified,A00610,LEGITIMATE_SHARED_RESOURCE,
C02471,2025-06-10,verified,A00469,NORMAL,
C02472,2025-11-29,pending,A00095,NORMAL,
C02473,2025-09-30,pending,A00307,NORMAL,
C02474,2026-06-27,pending,A00590,LEGITIMATE_SHARED_RESOURCE,
C02475,2025-11-10,verified,A00006,LEGITIMATE_SHARED_RESOURCE,
C02476,2026-08-12,verified,A00394,LEGITIMATE_SHARED_RESOURCE,
C02477,2025-12-14,verified,A00558,NORMAL,
C02478,2025-09-19,verified,A00241,NORMAL,
C02479,2026-08-17,verified,A00297,NORMAL,
C02480,2026-07-28,verified,A00516,LEGITIMATE_SHARED_RESOURCE,
C02481,2026-05-22,verified,A00660,NORMAL,
C02482,2026-05-04,verified,A00490,NORMAL,
C02483,2026-02-11,verified,A00690,NORMAL,
C02484,2026-05-04,verified,A00261,NORMAL,
C02485,2026-08-09,verified,A00211,LEGITIMATE_SHARED_RESOURCE,
C02486,2026-04-09,verified,A00330,LEGITIMATE_SHARED_RESOURCE,
C02487,2025-09-12,verified,A00152,NORMAL,
C02488,2025-12-26,verified,A00103,NORMAL,
C02489,2026-07-05,verified,A00434,NORMAL,
C02490,2025-05-10,verified,A00586,NORMAL,
C02491,2026-04-03,verified,A00446,LEGITIMATE_SHARED_RESOURCE,
C02492,2026-04-14,verified,A00410,NORMAL,
C02493,2025-02-28,verified,A00084,NORMAL,
C02494,2025-05-04,verified,A00374,NORMAL,
C02495,2025-06-17,verified,A00260,NORMAL,
C02496,2025-05-10,verified,A00674,NORMAL,
C02497,2025-08-04,verified,A00446,NORMAL,
C02498,2026-08-17,verified,A00016,LEGITIMATE_SHARED_RESOURCE,
C02499,2026-06-28,verified,A00431,NORMAL,
C02500,2026-04-04,verified,A00120,NORMAL,
C02501,2025-01-27,verified,A00669,NORMAL,
C02502,2026-03-23,verified,A00218,NORMAL,
C02503,2026-03-02,verified,A00678,LEGITIMATE_SHARED_RESOURCE,
C02504,2025-11-07,verified,A00457,MIXED,R0134
C02505,2026-05-04,pending,A00114,NORMAL,
C02506,2025-10-06,verified,A00462,NORMAL,
C02507,2026-04-25,pending,A00057,NORMAL,
C02508,2025-05-19,pending,A00019,NORMAL,
C02509,2025-03-29,verified,A00289,NORMAL,
C02510,2025-09-20,verified,A00037,LEGITIMATE_SHARED_RESOURCE,
C02511,2026-07-06,verified,A00332,NORMAL,
C02512,2025-05-16,verified,A00646,NORMAL,
C02513,2025-08-10,verified,A00274,NORMAL,
C02514,2026-07-17,verified,A00345,NORMAL,
C02515,2025-12-11,verified,A00671,LEGITIMATE_SHARED_RESOURCE,
C02516,2026-04-30,verified,A00690,LEGITIMATE_SHARED_RESOURCE,
C02517,2026-02-24,verified,A00347,LEGITIMATE_SHARED_RESOURCE,
C02518,2025-10-06,pending,A00004,NORMAL,
C02519,2025-12-08,verified,A00579,LEGITIMATE_SHARED_RESOURCE,
C02520,2025-12-16,pending,A00011,NORMAL,
C02521,2026-04-06,verified,A00482,NORMAL,
C02522,2025-05-14,verified,A00147,LEGITIMATE_SHARED_RESOURCE,
C02523,2026-05-02,verified,A00335,NORMAL,
C02524,2026-06-04,verified,A00510,LEGITIMATE_SHARED_RESOURCE,
C02525,2025-03-03,pending,A00569,LEGITIMATE_SHARED_RESOURCE,
C02526,2026-08-19,pending,A00162,NORMAL,
C02527,2026-03-13,verified,A00024,ABUSE_RING,R0044
C02528,2025-08-29,verified,A00434,NORMAL,
C02529,2026-07-08,verified,A00652,NORMAL,
C02530,2025-07-11,verified,A00446,NORMAL,
C02531,2025-11-10,verified,A00177,LEGITIMATE_SHARED_RESOURCE,
C02532,2025-10-20,verified,A00370,LEGITIMATE_SHARED_RESOURCE,
C02533,2025-02-17,verified,A00494,NORMAL,
C02534,2026-02-12,verified,A00443,LEGITIMATE_SHARED_RESOURCE,
C02535,2025-12-30,verified,A00508,NORMAL,
C02536,2026-04-24,verified,A00263,NORMAL,
C02537,2025-05-23,verified,A00109,NORMAL,
C02538,2026-03-07,pending,A00578,LEGITIMATE_SHARED_RESOURCE,
C02539,2025-03-08,verified,A00399,NORMAL,
C02540,2025-07-17,pending,A00439,NORMAL,
C02541,2026-08-19,verified,A00704,NORMAL,
C02542,2026-04-28,verified,A00352,NORMAL,
C02543,2025-06-30,verified,A00102,MIXED,R0125
C02544,2026-02-02,verified,A00358,NORMAL,
C02545,2026-03-14,verified,A00543,LEGITIMATE_SHARED_RESOURCE,
C02546,2025-03-05,verified,A00522,NORMAL,
C02547,2025-05-26,verified,A00490,MIXED,R0120
C02548,2025-02-17,verified,A00065,NORMAL,
C02549,2025-07-21,verified,A00316,NORMAL,
C02550,2026-08-17,verified,A00214,NORMAL,
C02551,2026-05-07,verified,A00183,MIXED,
C02552,2026-03-19,verified,A00180,NORMAL,
C02553,2025-10-13,verified,A00101,NORMAL,
C02554,2026-07-20,verified,A00389,NORMAL,
C02555,2026-08-15,verified,A00626,NORMAL,
C02556,2025-05-01,verified,A00179,NORMAL,
C02557,2026-08-10,verified,A00431,NORMAL,
C02558,2025-09-27,verified,A00070,NORMAL,
C02559,2025-04-20,verified,A00567,NORMAL,
C02560,2026-04-19,pending,A00097,NORMAL,
C02561,2025-09-27,verified,A00366,NORMAL,
C02562,2025-12-24,verified,A00085,LEGITIMATE_SHARED_RESOURCE,
C02563,2025-05-29,verified,A00194,NORMAL,
C02564,2025-08-25,verified,A00061,NORMAL,
C02565,2026-01-12,verified,A00395,NORMAL,
C02566,2026-03-19,verified,A00662,NORMAL,
C02567,2026-08-17,verified,A00223,NORMAL,
C02568,2026-08-11,pending,A00298,NORMAL,
C02569,2025-07-13,verified,A00213,ABUSE_RING,R0020
C02570,2026-05-09,verified,A00693,NORMAL,
C02571,2025-10-21,verified,A00543,NORMAL,
C02572,2026-05-28,verified,A00249,NORMAL,
C02573,2026-05-01,verified,A00248,NORMAL,
C02574,2025-11-10,verified,A00646,ABUSE_RING,R0098
C02575,2025-11-29,verified,A00250,ABUSE_RING,R0073
C02576,2025-01-10,verified,A00184,LEGITIMATE_SHARED_RESOURCE,
C02577,2026-04-05,verified,A00140,NORMAL,
C02578,2025-03-23,pending,A00590,NORMAL,
C02579,2025-07-29,verified,A00411,LEGITIMATE_SHARED_RESOURCE,
C02580,2025-06-12,verified,A00338,NORMAL,
C02581,2025-12-27,verified,A00435,NORMAL,
C02582,2026-03-31,verified,A00150,NORMAL,
C02583,2025-10-12,verified,A00671,LEGITIMATE_SHARED_RESOURCE,
C02584,2025-11-09,verified,A00524,NORMAL,
C02585,2025-09-09,verified,A00148,NORMAL,
C02586,2026-02-09,pending,A00473,NORMAL,
C02587,2026-05-15,verified,A00247,ABUSE_RING,R0063
C02588,2026-06-07,verified,A00540,NORMAL,
C02589,2026-08-07,verified,A00609,MIXED,R0127
C02590,2025-03-23,verified,A00540,NORMAL,
C02591,2026-03-23,verified,A00519,LEGITIMATE_SHARED_RESOURCE,
C02592,2026-05-15,verified,A00510,NORMAL,
C02593,2026-07-06,verified,A00632,NORMAL,
C02594,2025-03-27,verified,A00019,NORMAL,
C02595,2026-03-30,verified,A00170,ABUSE_RING,R0109
C02596,2026-01-22,verified,A00391,NORMAL,
C02597,2025-11-18,verified,A00289,NORMAL,
C02598,2025-04-13,verified,A00498,LEGITIMATE_SHARED_RESOURCE,
C02599,2025-08-14,verified,A00527,LEGITIMATE_SHARED_RESOURCE,
C02600,2025-02-21,verified,A00293,NORMAL,
C02601,2025-01-21,verified,A00009,NORMAL,
C02602,2026-04-17,verified,A00581,NORMAL,
C02603,2025-03-12,verified,A00287,NORMAL,
C02604,2025-09-13,verified,A00255,NORMAL,
C02605,2026-04-13,verified,A00185,NORMAL,
C02606,2026-03-09,verified,A00542,NORMAL,
C02607,2025-04-13,verified,A00406,NORMAL,
C02608,2025-08-16,verified,A00326,LEGITIMATE_SHARED_RESOURCE,
C02609,2025-01-31,verified,A00215,NORMAL,
C02610,2026-01-14,verified,A00065,NORMAL,
C02611,2025-03-23,verified,A00117,NORMAL,
C02612,2025-11-28,verified,A00379,ABUSE_RING,R0100
C02613,2026-02-10,verified,A00231,NORMAL,
C02614,2025-04-04,verified,A00489,NORMAL,
C02615,2025-02-28,verified,A00068,LEGITIMATE_SHARED_RESOURCE,
C02616,2026-04-18,verified,A00196,NORMAL,
C02617,2025-04-05,pending,A00462,NORMAL,
C02618,2026-01-04,verified,A00029,NORMAL,
C02619,2026-05-27,pending,A00007,NORMAL,
C02620,2025-07-09,pending,A00456,NORMAL,
C02621,2025-08-07,verified,A00242,NORMAL,
C02622,2026-05-08,verified,A00675,LEGITIMATE_SHARED_RESOURCE,
C02623,2025-02-15,verified,A00006,NORMAL,
C02624,2025-04-11,verified,A00297,NORMAL,
C02625,2026-08-03,verified,A00161,LEGITIMATE_SHARED_RESOURCE,
C02626,2025-03-20,verified,A00565,ABUSE_RING,R0108
C02627,2025-06-11,pending,A00164,NORMAL,
C02628,2025-09-25,verified,A00001,NORMAL,
C02629,2026-03-02,verified,A00537,LEGITIMATE_SHARED_RESOURCE,
C02630,2026-01-26,verified,A00710,LEGITIMATE_SHARED_RESOURCE,
C02631,2026-03-13,pending,A00055,NORMAL,
C02632,2025-06-25,pending,A00321,NORMAL,
C02633,2025-03-29,pending,A00278,NORMAL,
C02634,2025-09-13,verified,A00043,NORMAL,
C02635,2025-10-11,verified,A00086,NORMAL,
C02636,2025-03-07,verified,A00032,NORMAL,
C02637,2025-02-03,pending,A00348,NORMAL,
C02638,2025-02-23,verified,A00324,NORMAL,
C02639,2025-09-06,pending,A00116,LEGITIMATE_SHARED_RESOURCE,
C02640,2026-08-09,pending,A00626,NORMAL,
C02641,2026-02-21,verified,A00155,NORMAL,
C02642,2026-05-09,verified,A00196,LEGITIMATE_SHARED_RESOURCE,
C02643,2025-10-08,verified,A00507,NORMAL,
C02644,2026-05-12,verified,A00428,NORMAL,
C02645,2025-02-20,verified,A00263,NORMAL,
C02646,2026-05-30,verified,A00341,NORMAL,
C02647,2026-01-21,verified,A00484,LEGITIMATE_SHARED_RESOURCE,
C02648,2025-12-25,verified,A00280,LEGITIMATE_SHARED_RESOURCE,
C02649,2025-06-23,verified,A00411,NORMAL,
C02650,2025-09-25,verified,A00397,NORMAL,
C02651,2025-09-27,verified,A00709,ABUSE_RING,R0107
C02652,2026-05-28,verified,A00113,NORMAL,
C02653,2026-05-19,verified,A00265,LEGITIMATE_SHARED_RESOURCE,
C02654,2025-04-19,verified,A00164,MIXED,R0136
C02655,2026-05-26,verified,A00112,LEGITIMATE_SHARED_RESOURCE,
C02656,2025-04-29,verified,A00572,ABUSE_RING,R0073
C02657,2025-04-10,verified,A00378,NORMAL,
C02658,2026-07-24,verified,A00078,ABUSE_RING,R0073
C02659,2026-08-05,verified,A00339,NORMAL,
C02660,2025-12-29,pending,A00044,LEGITIMATE_SHARED_RESOURCE,
C02661,2026-07-25,verified,A00504,LEGITIMATE_SHARED_RESOURCE,
C02662,2026-07-16,verified,A00334,LEGITIMATE_SHARED_RESOURCE,
C02663,2025-02-17,verified,A00297,LEGITIMATE_SHARED_RESOURCE,
C02664,2025-04-04,pending,A00286,NORMAL,
C02665,2025-05-21,verified,A00267,LEGITIMATE_SHARED_RESOURCE,
C02666,2025-05-29,verified,A00506,NORMAL,
C02667,2025-01-20,verified,A00063,LEGITIMATE_SHARED_RESOURCE,
C02668,2025-12-21,verified,A00067,NORMAL,
C02669,2025-12-03,verified,A00233,NORMAL,
C02670,2026-03-25,verified,A00674,LEGITIMATE_SHARED_RESOURCE,
C02671,2026-03-02,pending,A00182,NORMAL,
C02672,2026-02-25,verified,A00633,NORMAL,
C02673,2026-03-31,verified,A00147,LEGITIMATE_SHARED_RESOURCE,
C02674,2025-09-18,verified,A00577,NORMAL,
C02675,2026-06-02,verified,A00154,NORMAL,
C02676,2025-01-06,verified,A00392,NORMAL,
C02677,2026-07-06,verified,A00670,NORMAL,
C02678,2025-01-11,verified,A00548,NORMAL,
C02679,2025-03-21,pending,A00226,NORMAL,
C02680,2026-03-13,verified,A00484,NORMAL,
C02681,2025-06-07,verified,A00232,NORMAL,
C02682,2026-04-24,verified,A00108,NORMAL,
C02683,2025-02-18,verified,A00125,NORMAL,
C02684,2026-04-16,verified,A00331,NORMAL,
C02685,2025-02-08,verified,A00507,NORMAL,
C02686,2026-03-19,verified,A00705,NORMAL,
C02687,2026-04-14,verified,A00114,NORMAL,
C02688,2026-07-04,verified,A00006,NORMAL,
C02689,2026-04-05,pending,A00567,NORMAL,
C02690,2025-09-14,verified,A00291,NORMAL,
C02691,2026-01-12,verified,A00448,LEGITIMATE_SHARED_RESOURCE,
C02692,2025-04-16,verified,A00439,NORMAL,
C02693,2026-05-10,verified,A00047,NORMAL,
C02694,2026-03-20,verified,A00135,NORMAL,
C02695,2025-04-05,verified,A00164,NORMAL,
C02696,2025-07-01,verified,A00239,NORMAL,
C02697,2025-11-03,verified,A00121,LEGITIMATE_SHARED_RESOURCE,
C02698,2025-09-23,verified,A00651,NORMAL,
C02699,2025-06-04,verified,A00163,NORMAL,
C02700,2026-04-09,pending,A00373,NORMAL,
C02701,2026-05-12,verified,A00201,NORMAL,
C02702,2026-03-09,pending,A00475,NORMAL,
C02703,2025-10-15,verified,A00056,NORMAL,
C02704,2026-06-21,verified,A00105,NORMAL,
C02705,2025-06-24,verified,A00047,NORMAL,
C02706,2025-12-20,verified,A00275,NORMAL,
C02707,2025-10-21,verified,A00644,LEGITIMATE_SHARED_RESOURCE,
C02708,2026-02-05,verified,A00547,NORMAL,
C02709,2026-07-07,verified,A00181,NORMAL,
C02710,2025-06-19,verified,A00415,LEGITIMATE_SHARED_RESOURCE,
C02711,2025-05-13,verified,A00222,NORMAL,
C02712,2026-03-01,verified,A00015,ABUSE_RING,R0039
C02713,2026-07-27,verified,A00153,NORMAL,
C02714,2026-01-02,verified,A00674,NORMAL,
C02715,2025-02-09,verified,A00414,NORMAL,
C02716,2025-06-22,verified,A00670,NORMAL,
C02717,2026-02-12,verified,A00469,NORMAL,
C02718,2025-03-05,verified,A00381,NORMAL,
C02719,2025-12-12,verified,A00638,LEGITIMATE_SHARED_RESOURCE,
C02720,2025-04-19,verified,A00401,NORMAL,
C02721,2026-03-25,verified,A00079,NORMAL,
C02722,2026-03-23,verified,A00156,LEGITIMATE_SHARED_RESOURCE,
C02723,2026-08-10,verified,A00356,NORMAL,
C02724,2026-07-09,verified,A00198,NORMAL,
C02725,2026-01-31,verified,A00056,NORMAL,
C02726,2025-05-16,verified,A00250,LEGITIMATE_SHARED_RESOURCE,
C02727,2026-01-20,verified,A00193,NORMAL,
C02728,2025-05-28,verified,A00634,NORMAL,
C02729,2025-06-01,verified,A00283,LEGITIMATE_SHARED_RESOURCE,
C02730,2026-01-04,verified,A00563,NORMAL,
C02731,2025-01-21,verified,A00275,LEGITIMATE_SHARED_RESOURCE,
C02732,2025-01-19,verified,A00573,NORMAL,
C02733,2026-04-20,verified,A00666,NORMAL,
C02734,2026-07-27,verified,A00100,ABUSE_RING,R0047
C02735,2026-07-03,pending,A00652,NORMAL,
C02736,2025-10-22,verified,A00058,LEGITIMATE_SHARED_RESOURCE,
C02737,2025-02-22,verified,A00448,NORMAL,
C02738,2026-02-03,verified,A00300,NORMAL,
C02739,2026-06-12,verified,A00247,NORMAL,
C02740,2026-08-01,verified,A00028,ABUSE_RING,R0023
C02741,2025-01-06,verified,A00064,LEGITIMATE_SHARED_RESOURCE,
C02742,2025-08-19,verified,A00321,NORMAL,
C02743,2026-03-01,verified,A00547,NORMAL,
C02744,2026-05-24,verified,A00394,NORMAL,
C02745,2025-10-10,verified,A00700,NORMAL,
C02746,2025-09-08,verified,A00639,LEGITIMATE_SHARED_RESOURCE,
C02747,2025-01-06,verified,A00479,NORMAL,
C02748,2025-02-22,verified,A00323,LEGITIMATE_SHARED_RESOURCE,
C02749,2026-07-22,verified,A00060,NORMAL,
C02750,2025-09-27,verified,A00130,NORMAL,
C02751,2026-05-16,verified,A00591,ABUSE_RING,R0089
C02752,2025-01-25,verified,A00467,ABUSE_RING,R0054
C02753,2026-03-12,verified,A00117,ABUSE_RING,R0024
C02754,2025-07-12,verified,A00049,NORMAL,
C02755,2025-11-25,pending,A00052,NORMAL,
C02756,2025-05-02,verified,A00559,NORMAL,
C02757,2025-12-02,pending,A00337,ABUSE_RING,R0083
C02758,2025-11-02,verified,A00556,NORMAL,
C02759,2026-06-05,verified,A00555,NORMAL,
C02760,2025-10-17,verified,A00315,LEGITIMATE_SHARED_RESOURCE,
C02761,2025-01-25,verified,A00523,NORMAL,
C02762,2025-06-18,verified,A00003,NORMAL,
C02763,2026-04-01,verified,A00323,NORMAL,
C02764,2025-08-18,verified,A00380,LEGITIMATE_SHARED_RESOURCE,
C02765,2025-05-24,pending,A00370,LEGITIMATE_SHARED_RESOURCE,
C02766,2025-03-16,verified,A00379,NORMAL,
C02767,2025-02-27,verified,A00338,NORMAL,
C02768,2025-06-10,verified,A00083,LEGITIMATE_SHARED_RESOURCE,
C02769,2025-04-05,verified,A00567,LEGITIMATE_SHARED_RESOURCE,
C02770,2026-06-07,verified,A00354,NORMAL,
C02771,2025-01-14,verified,A00126,NORMAL,
C02772,2025-08-02,pending,A00638,NORMAL,
C02773,2025-05-04,verified,A00651,NORMAL,
C02774,2025-10-01,verified,A00026,LEGITIMATE_SHARED_RESOURCE,
C02775,2026-01-03,verified,A00297,ABUSE_RING,R0001
C02776,2025-04-15,verified,A00004,NORMAL,
C02777,2026-05-20,verified,A00043,NORMAL,
C02778,2025-10-09,verified,A00383,NORMAL,
C02779,2025-03-11,verified,A00595,NORMAL,
C02780,2025-08-06,verified,A00158,NORMAL,
C02781,2026-04-30,verified,A00640,NORMAL,
C02782,2025-05-29,verified,A00392,NORMAL,
C02783,2026-07-30,verified,A00598,NORMAL,
C02784,2025-09-29,verified,A00524,LEGITIMATE_SHARED_RESOURCE,
C02785,2026-04-22,verified,A00208,LEGITIMATE_SHARED_RESOURCE,
C02786,2025-02-13,verified,A00155,NORMAL,
C02787,2026-01-14,verified,A00209,NORMAL,
C02788,2025-02-19,verified,A00053,NORMAL,
C02789,2026-01-11,verified,A00422,NORMAL,
C02790,2025-02-16,verified,A00153,NORMAL,
C02791,2025-11-05,verified,A00127,NORMAL,
C02792,2025-07-28,verified,A00625,LEGITIMATE_SHARED_RESOURCE,
C02793,2025-11-01,verified,A00141,NORMAL,
C02794,2025-11-17,verified,A00072,NORMAL,
C02795,2026-08-05,verified,A00441,NORMAL,
C02796,2026-02-03,verified,A00195,NORMAL,
C02797,2026-03-18,verified,A00438,NORMAL,
C02798,2025-12-25,verified,A00200,NORMAL,
C02799,2025-03-28,verified,A00323,NORMAL,
C02800,2025-10-14,verified,A00431,MIXED,
C02801,2026-07-20,verified,A00377,NORMAL,
C02802,2025-02-02,verified,A00598,NORMAL,
C02803,2025-11-24,pending,A00301,NORMAL,
C02804,2026-01-26,verified,A00669,LEGITIMATE_SHARED_RESOURCE,
C02805,2025-04-21,verified,A00633,ABUSE_RING,R0112
C02806,2026-07-18,verified,A00421,NORMAL,
C02807,2025-08-22,verified,A00690,NORMAL,
C02808,2025-02-17,verified,A00009,NORMAL,
C02809,2025-10-15,verified,A00216,NORMAL,
C02810,2025-09-04,verified,A00709,LEGITIMATE_SHARED_RESOURCE,
C02811,2026-06-15,verified,A00246,LEGITIMATE_SHARED_RESOURCE,
C02812,2025-04-17,verified,A00396,LEGITIMATE_SHARED_RESOURCE,
C02813,2025-01-05,verified,A00333,ABUSE_RING,R0099
C02814,2025-01-28,verified,A00675,NORMAL,
C02815,2025-06-07,verified,A00265,NORMAL,
C02816,2025-01-06,verified,A00318,NORMAL,
C02817,2025-09-09,verified,A00560,NORMAL,
C02818,2026-03-22,pending,A00440,NORMAL,
C02819,2026-06-12,verified,A00042,ABUSE_RING,R0074
C02820,2026-05-27,verified,A00399,NORMAL,
C02821,2025-02-13,verified,A00476,LEGITIMATE_SHARED_RESOURCE,
C02822,2025-11-19,verified,A00519,LEGITIMATE_SHARED_RESOURCE,
C02823,2026-03-05,pending,A00208,NORMAL,
C02824,2026-02-28,verified,A00366,NORMAL,
C02825,2025-07-30,pending,A00498,NORMAL,
C02826,2025-07-18,verified,A00569,NORMAL,
C02827,2026-06-23,pending,A00151,LEGITIMATE_SHARED_RESOURCE,
C02828,2025-07-26,verified,A00045,NORMAL,
C02829,2026-08-01,verified,A00096,NORMAL,
C02830,2026-08-18,verified,A00302,NORMAL,
C02831,2026-04-21,verified,A00647,NORMAL,
C02832,2026-04-23,verified,A00537,NORMAL,
C02833,2026-02-10,verified,A00004,NORMAL,
C02834,2026-07-31,verified,A00641,NORMAL,
C02835,2026-02-28,verified,A00414,NORMAL,
C02836,2026-04-17,verified,A00703,NORMAL,
C02837,2025-06-28,verified,A00666,LEGITIMATE_SHARED_RESOURCE,
C02838,2025-03-11,verified,A00558,NORMAL,
C02839,2026-08-11,verified,A00015,NORMAL,
C02840,2026-01-23,verified,A00409,NORMAL,
C02841,2026-06-01,verified,A00537,LEGITIMATE_SHARED_RESOURCE,
C02842,2025-03-06,verified,A00164,LEGITIMATE_SHARED_RESOURCE,
C02843,2026-05-14,verified,A00320,NORMAL,
C02844,2025-06-17,verified,A00558,NORMAL,
C02845,2025-09-30,verified,A00516,NORMAL,
C02846,2025-01-24,verified,A00077,LEGITIMATE_SHARED_RESOURCE,
C02847,2026-04-06,verified,A00161,NORMAL,
C02848,2025-10-20,verified,A00626,LEGITIMATE_SHARED_RESOURCE,
C02849,2026-04-13,pending,A00454,NORMAL,
C02850,2025-01-09,verified,A00043,NORMAL,
C02851,2026-07-25,verified,A00218,NORMAL,
C02852,2025-09-28,verified,A00005,NORMAL,
C02853,2026-07-14,pending,A00355,NORMAL,
C02854,2025-09-22,verified,A00544,NORMAL,
C02855,2026-04-12,verified,A00046,NORMAL,
C02856,2025-10-06,verified,A00547,LEGITIMATE_SHARED_RESOURCE,
C02857,2025-09-10,verified,A00427,LEGITIMATE_SHARED_RESOURCE,
C02858,2025-11-22,verified,A00709,LEGITIMATE_SHARED_RESOURCE,
C02859,2026-04-14,pending,A00650,NORMAL,
C02860,2025-05-19,verified,A00188,NORMAL,
C02861,2025-04-13,verified,A00687,NORMAL,
C02862,2026-06-01,verified,A00433,NORMAL,
C02863,2026-03-09,verified,A00425,NORMAL,
C02864,2025-11-01,verified,A00656,NORMAL,
C02865,2026-08-15,verified,A00701,ABUSE_RING,R0030
C02866,2025-11-07,verified,A00025,LEGITIMATE_SHARED_RESOURCE,
C02867,2026-06-28,verified,A00570,LEGITIMATE_SHARED_RESOURCE,
C02868,2025-01-09,verified,A00217,NORMAL,
C02869,2026-04-01,verified,A00658,NORMAL,
C02870,2025-12-09,verified,A00247,NORMAL,
C02871,2026-03-26,verified,A00429,NORMAL,
C02872,2026-06-23,verified,A00024,NORMAL,
C02873,2025-10-22,pending,A00083,LEGITIMATE_SHARED_RESOURCE,
C02874,2025-12-08,verified,A00328,NORMAL,
C02875,2026-05-14,verified,A00652,LEGITIMATE_SHARED_RESOURCE,
C02876,2025-04-11,verified,A00451,LEGITIMATE_SHARED_RESOURCE,
C02877,2025-07-25,verified,A00291,LEGITIMATE_SHARED_RESOURCE,
C02878,2025-06-21,pending,A00123,NORMAL,
C02879,2026-05-05,verified,A00398,LEGITIMATE_SHARED_RESOURCE,
C02880,2025-05-21,verified,A00609,NORMAL,
C02881,2025-10-10,pending,A00259,ABUSE_RING,R0103
C02882,2025-09-10,verified,A00114,NORMAL,
C02883,2026-05-24,pending,A00163,NORMAL,
C02884,2026-04-06,verified,A00040,NORMAL,
C02885,2025-12-27,verified,A00632,NORMAL,
C02886,2026-05-05,verified,A00139,ABUSE_RING,R0026
C02887,2025-02-02,verified,A00015,LEGITIMATE_SHARED_RESOURCE,
C02888,2026-03-28,verified,A00411,NORMAL,
C02889,2025-09-17,verified,A00118,NORMAL,
C02890,2025-12-07,verified,A00302,NORMAL,
C02891,2026-02-21,pending,A00143,LEGITIMATE_SHARED_RESOURCE,
C02892,2025-04-30,verified,A00498,NORMAL,
C02893,2026-06-08,verified,A00438,LEGITIMATE_SHARED_RESOURCE,
C02894,2025-12-18,verified,A00324,NORMAL,
C02895,2025-12-18,verified,A00308,NORMAL,
C02896,2025-06-03,verified,A00576,LEGITIMATE_SHARED_RESOURCE,
C02897,2026-03-09,verified,A00179,NORMAL,
C02898,2025-07-02,verified,A00057,NORMAL,
C02899,2026-04-20,verified,A00431,MIXED,R0130
C02900,2026-04-29,verified,A00045,NORMAL,
C02901,2026-03-20,verified,A00102,LEGITIMATE_SHARED_RESOURCE,
C02902,2025-11-18,pending,A00267,LEGITIMATE_SHARED_RESOURCE,
C02903,2025-04-17,verified,A00168,NORMAL,
C02904,2026-03-25,verified,A00239,LEGITIMATE_SHARED_RESOURCE,
C02905,2026-07-25,verified,A00551,NORMAL,
C02906,2026-06-23,verified,A00243,NORMAL,
C02907,2025-05-19,verified,A00550,NORMAL,
C02908,2026-06-22,verified,A00159,ABUSE_RING,R0020
C02909,2026-01-02,verified,A00259,NORMAL,
C02910,2026-03-10,verified,A00432,MIXED,R0135
C02911,2025-07-11,verified,A00442,LEGITIMATE_SHARED_RESOURCE,
C02912,2025-03-30,verified,A00370,NORMAL,
C02913,2026-02-16,verified,A00276,NORMAL,
C02914,2026-07-22,verified,A00320,ABUSE_RING,R0029
C02915,2025-07-25,verified,A00082,ABUSE_RING,R0001
C02916,2025-11-09,verified,A00594,LEGITIMATE_SHARED_RESOURCE,
C02917,2025-06-14,verified,A00493,NORMAL,
C02918,2025-08-26,verified,A00005,LEGITIMATE_SHARED_RESOURCE,
C02919,2026-02-13,verified,A00080,NORMAL,
C02920,2025-06-02,verified,A00423,NORMAL,
C02921,2025-10-20,verified,A00652,NORMAL,
C02922,2025-02-07,verified,A00445,NORMAL,
C02923,2025-03-19,verified,A00038,NORMAL,
C02924,2026-08-04,pending,A00086,LEGITIMATE_SHARED_RESOURCE,
C02925,2025-01-07,verified,A00109,NORMAL,
C02926,2026-03-17,verified,A00682,NORMAL,
C02927,2025-11-27,verified,A00319,NORMAL,
C02928,2025-09-12,verified,A00099,NORMAL,
C02929,2026-05-01,verified,A00276,NORMAL,
C02930,2026-02-14,verified,A00503,NORMAL,
C02931,2025-11-02,verified,A00667,LEGITIMATE_SHARED_RESOURCE,
C02932,2025-06-10,verified,A00005,LEGITIMATE_SHARED_RESOURCE,
C02933,2025-11-19,verified,A00134,NORMAL,
C02934,2025-12-15,verified,A00564,NORMAL,
C02935,2026-08-08,verified,A00469,NORMAL,
C02936,2025-07-22,verified,A00204,LEGITIMATE_SHARED_RESOURCE,
C02937,2025-06-11,verified,A00407,NORMAL,
C02938,2026-01-18,verified,A00410,LEGITIMATE_SHARED_RESOURCE,
C02939,2026-08-07,verified,A00047,NORMAL,
C02940,2026-04-04,verified,A00545,LEGITIMATE_SHARED_RESOURCE,
C02941,2026-02-18,verified,A00068,NORMAL,
C02942,2025-05-01,verified,A00096,LEGITIMATE_SHARED_RESOURCE,
C02943,2025-08-07,verified,A00259,LEGITIMATE_SHARED_RESOURCE,
C02944,2025-01-01,verified,A00367,NORMAL,
C02945,2025-02-04,pending,A00417,NORMAL,
C02946,2025-10-04,verified,A00470,NORMAL,
C02947,2026-03-07,pending,A00264,LEGITIMATE_SHARED_RESOURCE,
C02948,2025-09-09,verified,A00590,NORMAL,
C02949,2025-11-10,verified,A00424,LEGITIMATE_SHARED_RESOURCE,
C02950,2025-12-13,verified,A00442,LEGITIMATE_SHARED_RESOURCE,
C02951,2025-12-31,verified,A00328,NORMAL,
C02952,2025-07-17,verified,A00503,LEGITIMATE_SHARED_RESOURCE,
C02953,2025-09-27,verified,A00422,NORMAL,
C02954,2025-01-16,verified,A00383,NORMAL,
C02955,2026-08-10,verified,A00197,NORMAL,
C02956,2026-07-17,verified,A00511,NORMAL,
C02957,2025-12-18,verified,A00655,NORMAL,
C02958,2026-07-29,verified,A00325,LEGITIMATE_SHARED_RESOURCE,
C02959,2026-08-01,pending,A00192,NORMAL,
C02960,2025-03-02,verified,A00072,NORMAL,
C02961,2025-12-19,verified,A00168,LEGITIMATE_SHARED_RESOURCE,
C02962,2026-06-27,verified,A00169,LEGITIMATE_SHARED_RESOURCE,
C02963,2025-08-22,verified,A00102,NORMAL,
C02964,2026-02-13,pending,A00281,LEGITIMATE_SHARED_RESOURCE,
C02965,2025-08-25,verified,A00675,NORMAL,
C02966,2025-09-10,verified,A00138,NORMAL,
C02967,2026-05-22,verified,A00286,NORMAL,
C02968,2025-10-29,verified,A00295,NORMAL,
C02969,2025-08-21,verified,A00149,NORMAL,
C02970,2025-11-13,verified,A00468,NORMAL,
C02971,2026-06-22,verified,A00511,NORMAL,
C02972,2025-10-17,verified,A00056,NORMAL,
C02973,2025-10-30,pending,A00484,LEGITIMATE_SHARED_RESOURCE,
C02974,2026-04-11,verified,A00652,LEGITIMATE_SHARED_RESOURCE,
C02975,2026-02-07,verified,A00636,NORMAL,
C02976,2026-05-08,verified,A00523,NORMAL,
C02977,2025-08-05,verified,A00303,NORMAL,
C02978,2025-04-16,verified,A00011,NORMAL,
C02979,2026-02-24,verified,A00675,NORMAL,
C02980,2025-03-18,verified,A00611,LEGITIMATE_SHARED_RESOURCE,
C02981,2026-08-10,verified,A00299,LEGITIMATE_SHARED_RESOURCE,
C02982,2025-10-26,pending,A00629,NORMAL,
C02983,2026-06-05,verified,A00584,NORMAL,
C02984,2025-09-11,verified,A00652,LEGITIMATE_SHARED_RESOURCE,
C02985,2025-09-23,verified,A00132,ABUSE_RING,R0064
C02986,2026-05-30,verified,A00365,LEGITIMATE_SHARED_RESOURCE,
C02987,2026-06-03,verified,A00619,NORMAL,
C02988,2026-04-27,pending,A00052,NORMAL,
C02989,2025-07-04,verified,A00607,NORMAL,
C02990,2025-03-15,verified,A00659,NORMAL,
C02991,2026-01-08,verified,A00587,NORMAL,
C02992,2026-08-05,verified,A00542,NORMAL,
C02993,2025-09-25,verified,A00695,NORMAL,
C02994,2025-12-26,verified,A00359,NORMAL,
C02995,2025-04-30,verified,A00229,NORMAL,
C02996,2025-10-21,verified,A00272,NORMAL,
C02997,2025-10-09,verified,A00479,ABUSE_RING,R0097
C02998,2025-01-28,verified,A00021,NORMAL,
C02999,2026-03-01,verified,A00222,NORMAL,
C03000,2025-03-14,pending,A00246,NORMAL,
C03001,2025-12-03,verified,A00300,NORMAL,
C03002,2025-09-02,verified,A00461,LEGITIMATE_SHARED_RESOURCE,
C03003,2026-07-07,verified,A00672,ABUSE_RING,R0110
C03004,2025-10-03,verified,A00635,LEGITIMATE_SHARED_RESOURCE,
C03005,2025-01-22,verified,A00215,LEGITIMATE_SHARED_RESOURCE,
C03006,2025-05-07,verified,A00168,NORMAL,
C03007,2025-03-17,verified,A00074,LEGITIMATE_SHARED_RESOURCE,
C03008,2025-07-06,verified,A00653,NORMAL,
C03009,2025-06-05,verified,A00676,NORMAL,
C03010,2026-06-08,verified,A00263,NORMAL,
C03011,2025-09-26,verified,A00567,LEGITIMATE_SHARED_RESOURCE,
C03012,2026-06-02,verified,A00476,NORMAL,
C03013,2026-04-12,verified,A00060,NORMAL,
C03014,2026-01-14,verified,A00455,NORMAL,
C03015,2025-01-26,verified,A00661,LEGITIMATE_SHARED_RESOURCE,
C03016,2025-01-21,verified,A00134,NORMAL,
C03017,2026-01-30,verified,A00190,LEGITIMATE_SHARED_RESOURCE,
C03018,2026-03-31,verified,A00262,NORMAL,
C03019,2025-07-27,verified,A00343,ABUSE_RING,R0037
C03020,2026-04-09,verified,A00508,NORMAL,
C03021,2026-06-22,verified,A00503,LEGITIMATE_SHARED_RESOURCE,
C03022,2025-02-11,verified,A00637,NORMAL,
C03023,2025-09-05,verified,A00530,NORMAL,
C03024,2026-05-26,verified,A00337,NORMAL,
C03025,2025-06-16,verified,A00668,NORMAL,
C03026,2025-07-15,verified,A00637,NORMAL,
C03027,2026-03-22,verified,A00200,LEGITIMATE_SHARED_RESOURCE,
C03028,2026-02-03,verified,A00112,NORMAL,
C03029,2026-06-16,verified,A00284,NORMAL,
C03030,2025-10-02,verified,A00696,LEGITIMATE_SHARED_RESOURCE,
C03031,2026-08-24,verified,A00230,NORMAL,
C03032,2026-06-04,pending,A00464,NORMAL,
C03033,2026-08-06,verified,A00170,NORMAL,
C03034,2026-02-14,verified,A00620,NORMAL,
C03035,2025-01-19,verified,A00361,NORMAL,
C03036,2025-04-18,verified,A00592,NORMAL,
C03037,2025-11-18,verified,A00291,NORMAL,
C03038,2026-04-03,verified,A00557,LEGITIMATE_SHARED_RESOURCE,
C03039,2026-05-21,pending,A00370,NORMAL,
C03040,2025-12-06,verified,A00198,NORMAL,
C03041,2025-07-29,verified,A00664,NORMAL,
C03042,2026-04-02,verified,A00234,LEGITIMATE_SHARED_RESOURCE,
C03043,2025-03-14,verified,A00219,NORMAL,
C03044,2025-11-02,verified,A00338,NORMAL,
C03045,2026-01-28,verified,A00632,NORMAL,
C03046,2026-03-10,verified,A00476,LEGITIMATE_SHARED_RESOURCE,
C03047,2026-01-24,verified,A00052,NORMAL,
C03048,2025-05-26,verified,A00021,NORMAL,
C03049,2025-01-21,verified,A00176,NORMAL,
C03050,2026-05-26,verified,A00316,LEGITIMATE_SHARED_RESOURCE,
C03051,2026-07-31,verified,A00535,ABUSE_RING,R0046
C03052,2026-04-21,verified,A00006,NORMAL,
C03053,2025-12-26,verified,A00129,NORMAL,
C03054,2025-11-30,verified,A00668,NORMAL,
C03055,2025-02-24,verified,A00432,NORMAL,
C03056,2025-07-17,verified,A00003,LEGITIMATE_SHARED_RESOURCE,
C03057,2025-12-05,pending,A00508,LEGITIMATE_SHARED_RESOURCE,
C03058,2026-01-28,pending,A00214,NORMAL,
C03059,2025-06-24,verified,A00479,ABUSE_RING,R0058
C03060,2026-08-13,pending,A00701,NORMAL,
C03061,2025-06-21,verified,A00510,MIXED,R0119
C03062,2025-10-21,verified,A00395,NORMAL,
C03063,2025-07-11,verified,A00528,NORMAL,
C03064,2026-05-03,verified,A00091,LEGITIMATE_SHARED_RESOURCE,
C03065,2025-03-20,verified,A00357,ABUSE_RING,R0010
C03066,2025-06-17,verified,A00212,ABUSE_RING,R0076
C03067,2026-07-06,verified,A00673,NORMAL,
C03068,2025-01-27,verified,A00457,LEGITIMATE_SHARED_RESOURCE,
C03069,2025-07-17,verified,A00318,NORMAL,
C03070,2025-11-03,verified,A00624,NORMAL,
C03071,2025-10-02,verified,A00118,NORMAL,
C03072,2026-08-02,verified,A00277,LEGITIMATE_SHARED_RESOURCE,
C03073,2025-11-20,pending,A00589,LEGITIMATE_SHARED_RESOURCE,
C03074,2026-01-29,verified,A00270,LEGITIMATE_SHARED_RESOURCE,
C03075,2025-07-27,verified,A00007,LEGITIMATE_SHARED_RESOURCE,
C03076,2026-08-12,pending,A00145,NORMAL,
C03077,2026-05-20,verified,A00681,LEGITIMATE_SHARED_RESOURCE,
C03078,2025-03-18,verified,A00462,NORMAL,
C03079,2025-08-23,verified,A00424,NORMAL,
C03080,2026-06-25,verified,A00663,LEGITIMATE_SHARED_RESOURCE,
C03081,2026-04-01,verified,A00691,NORMAL,
C03082,2025-04-23,verified,A00160,ABUSE_RING,R0037
C03083,2025-12-24,verified,A00122,NORMAL,
C03084,2025-02-01,pending,A00092,NORMAL,
C03085,2026-06-29,verified,A00134,NORMAL,
C03086,2025-01-20,verified,A00593,NORMAL,
C03087,2025-04-18,verified,A00383,ABUSE_RING,R0034
C03088,2026-03-01,verified,A00080,LEGITIMATE_SHARED_RESOURCE,
C03089,2026-02-22,verified,A00471,NORMAL,
C03090,2026-01-21,verified,A00095,NORMAL,
C03091,2025-12-07,verified,A00277,NORMAL,
C03092,2025-08-29,verified,A00002,NORMAL,
C03093,2025-03-25,verified,A00190,NORMAL,
C03094,2026-02-06,verified,A00351,NORMAL,
C03095,2026-04-10,verified,A00312,NORMAL,
C03096,2026-04-18,verified,A00658,NORMAL,
C03097,2026-02-09,verified,A00469,NORMAL,
C03098,2025-07-17,verified,A00603,NORMAL,
C03099,2026-05-04,verified,A00309,NORMAL,
C03100,2025-03-27,verified,A00346,NORMAL,
C03101,2025-01-03,verified,A00333,NORMAL,
C03102,2025-01-22,verified,A00156,NORMAL,
C03103,2025-09-05,verified,A00627,NORMAL,
C03104,2025-11-01,verified,A00437,ABUSE_RING,R0112
C03105,2025-07-10,verified,A00497,LEGITIMATE_SHARED_RESOURCE,
C03106,2025-01-24,verified,A00101,NORMAL,
C03107,2026-01-20,pending,A00343,NORMAL,
C03108,2025-08-14,verified,A00474,LEGITIMATE_SHARED_RESOURCE,
C03109,2025-08-14,verified,A00013,MIXED,R0136
C03110,2025-11-26,verified,A00304,NORMAL,
C03111,2025-06-18,verified,A00001,LEGITIMATE_SHARED_RESOURCE,
C03112,2026-05-18,verified,A00072,NORMAL,
C03113,2026-03-04,verified,A00208,NORMAL,
C03114,2025-03-05,pending,A00665,NORMAL,
C03115,2026-01-22,verified,A00058,NORMAL,
C03116,2026-05-06,verified,A00052,NORMAL,
C03117,2026-03-19,verified,A00407,NORMAL,
C03118,2025-02-25,verified,A00471,LEGITIMATE_SHARED_RESOURCE,
C03119,2025-03-01,verified,A00061,NORMAL,
C03120,2025-10-03,verified,A00472,NORMAL,
C03121,2026-08-11,verified,A00698,ABUSE_RING,R0032
C03122,2026-04-26,verified,A00442,LEGITIMATE_SHARED_RESOURCE,
C03123,2025-07-27,verified,A00590,NORMAL,
C03124,2025-10-19,verified,A00034,NORMAL,
C03125,2026-08-05,pending,A00397,NORMAL,
C03126,2025-02-19,verified,A00278,NORMAL,
C03127,2026-03-07,verified,A00153,NORMAL,
C03128,2025-06-03,verified,A00524,LEGITIMATE_SHARED_RESOURCE,
C03129,2025-08-13,verified,A00686,NORMAL,
C03130,2026-05-17,verified,A00319,NORMAL,
C03131,2026-04-26,verified,A00577,NORMAL,
C03132,2026-07-07,verified,A00517,LEGITIMATE_SHARED_RESOURCE,
C03133,2025-06-06,verified,A00222,NORMAL,
C03134,2026-04-12,verified,A00413,NORMAL,
C03135,2026-06-28,verified,A00551,ABUSE_RING,R0093
C03136,2026-03-18,pending,A00458,NORMAL,
C03137,2025-09-17,pending,A00192,NORMAL,
C03138,2025-08-28,verified,A00037,LEGITIMATE_SHARED_RESOURCE,
C03139,2026-08-07,verified,A00067,NORMAL,
C03140,2025-11-29,verified,A00341,NORMAL,
C03141,2025-12-30,verified,A00200,NORMAL,
C03142,2025-08-10,verified,A00156,NORMAL,
C03143,2025-03-31,verified,A00336,NORMAL,
C03144,2026-01-27,verified,A00535,NORMAL,
C03145,2025-03-09,verified,A00549,NORMAL,
C03146,2025-06-13,pending,A00187,LEGITIMATE_SHARED_RESOURCE,
C03147,2025-10-28,verified,A00416,NORMAL,
C03148,2025-11-12,pending,A00658,NORMAL,
C03149,2025-05-02,verified,A00461,ABUSE_RING,R0081
C03150,2025-03-23,verified,A00334,NORMAL,
C03151,2025-02-27,verified,A00687,ABUSE_RING,R0096
C03152,2025-06-21,verified,A00222,ABUSE_RING,R0068
C03153,2025-04-19,verified,A00584,ABUSE_RING,R0111
C03154,2026-02-23,verified,A00481,NORMAL,
C03155,2026-07-06,verified,A00229,NORMAL,
C03156,2025-05-01,verified,A00626,NORMAL,
C03157,2025-03-06,verified,A00525,NORMAL,
C03158,2025-03-18,verified,A00391,NORMAL,
C03159,2026-08-18,verified,A00027,LEGITIMATE_SHARED_RESOURCE,
C03160,2025-10-10,pending,A00609,NORMAL,
C03161,2025-02-19,verified,A00313,NORMAL,
C03162,2025-10-16,verified,A00062,NORMAL,
C03163,2025-12-22,verified,A00560,NORMAL,
C03164,2025-03-08,verified,A00620,LEGITIMATE_SHARED_RESOURCE,
C03165,2025-08-17,verified,A00160,LEGITIMATE_SHARED_RESOURCE,
C03166,2026-05-22,verified,A00096,NORMAL,
C03167,2025-03-16,verified,A00703,LEGITIMATE_SHARED_RESOURCE,
C03168,2025-06-14,verified,A00548,NORMAL,
C03169,2025-02-25,verified,A00513,LEGITIMATE_SHARED_RESOURCE,
C03170,2026-03-13,pending,A00052,NORMAL,
C03171,2026-03-09,verified,A00536,LEGITIMATE_SHARED_RESOURCE,
C03172,2025-03-16,verified,A00299,NORMAL,
C03173,2025-11-12,verified,A00440,NORMAL,
C03174,2026-03-13,verified,A00399,LEGITIMATE_SHARED_RESOURCE,
C03175,2025-04-09,verified,A00478,NORMAL,
C03176,2025-06-05,verified,A00285,NORMAL,
C03177,2025-06-17,pending,A00420,NORMAL,
C03178,2026-04-26,verified,A00031,NORMAL,
C03179,2025-12-17,verified,A00353,ABUSE_RING,R0008
C03180,2026-07-22,verified,A00695,NORMAL,
C03181,2025-01-12,verified,A00664,LEGITIMATE_SHARED_RESOURCE,
C03182,2026-05-07,verified,A00701,NORMAL,
C03183,2025-11-27,verified,A00181,LEGITIMATE_SHARED_RESOURCE,
C03184,2025-10-19,pending,A00035,NORMAL,
C03185,2025-08-25,verified,A00086,NORMAL,
C03186,2026-01-10,verified,A00533,NORMAL,
C03187,2026-02-28,verified,A00356,LEGITIMATE_SHARED_RESOURCE,
C03188,2026-07-26,verified,A00183,LEGITIMATE_SHARED_RESOURCE,
C03189,2025-06-05,verified,A00626,NORMAL,
C03190,2025-11-08,verified,A00480,NORMAL,
C03191,2026-03-06,verified,A00103,LEGITIMATE_SHARED_RESOURCE,
C03192,2025-10-04,verified,A00355,LEGITIMATE_SHARED_RESOURCE,
C03193,2026-06-03,pending,A00186,NORMAL,
C03194,2026-01-07,verified,A00587,NORMAL,
C03195,2025-02-08,verified,A00140,NORMAL,
C03196,2026-02-18,verified,A00269,LEGITIMATE_SHARED_RESOURCE,
C03197,2025-05-18,pending,A00454,NORMAL,
C03198,2026-05-13,verified,A00485,NORMAL,
C03199,2025-02-26,verified,A00592,NORMAL,
C03200,2025-11-10,verified,A00170,NORMAL,
C03201,2026-03-09,verified,A00241,NORMAL,
C03202,2026-01-05,verified,A00271,MIXED,
C03203,2025-07-23,verified,A00263,ABUSE_RING,R0107
C03204,2026-07-06,verified,A00094,NORMAL,
C03205,2025-09-04,verified,A00005,NORMAL,
C03206,2025-05-01,verified,A00664,NORMAL,
C03207,2025-12-14,verified,A00617,LEGITIMATE_SHARED_RESOURCE,
C03208,2025-10-11,verified,A00689,LEGITIMATE_SHARED_RESOURCE,
C03209,2026-01-15,verified,A00106,LEGITIMATE_SHARED_RESOURCE,
C03210,2025-08-04,verified,A00372,NORMAL,
C03211,2026-01-13,verified,A00255,LEGITIMATE_SHARED_RESOURCE,
C03212,2025-06-10,pending,A00210,NORMAL,
C03213,2026-04-27,verified,A00517,LEGITIMATE_SHARED_RESOURCE,
C03214,2025-08-09,verified,A00249,NORMAL,
C03215,2025-05-01,verified,A00171,NORMAL,
C03216,2025-11-24,verified,A00226,NORMAL,
C03217,2025-05-31,verified,A00258,NORMAL,
C03218,2025-05-29,verified,A00210,NORMAL,
C03219,2026-08-06,verified,A00495,LEGITIMATE_SHARED_RESOURCE,
C03220,2026-08-13,verified,A00334,NORMAL,
C03221,2026-03-24,verified,A00007,LEGITIMATE_SHARED_RESOURCE,
C03222,2026-05-18,verified,A00229,NORMAL,
C03223,2026-01-18,verified,A00431,NORMAL,
C03224,2025-09-23,verified,A00334,NORMAL,
C03225,2025-11-30,verified,A00046,NORMAL,
C03226,2025-11-09,verified,A00175,NORMAL,
C03227,2025-10-27,verified,A00696,NORMAL,
C03228,2026-07-09,verified,A00389,NORMAL,
C03229,2025-07-11,verified,A00356,LEGITIMATE_SHARED_RESOURCE,
C03230,2026-06-19,verified,A00185,LEGITIMATE_SHARED_RESOURCE,
C03231,2026-08-14,verified,A00463,NORMAL,
C03232,2025-01-24,verified,A00162,NORMAL,
C03233,2026-01-05,verified,A00475,LEGITIMATE_SHARED_RESOURCE,
C03234,2025-08-11,verified,A00537,LEGITIMATE_SHARED_RESOURCE,
C03235,2025-03-03,verified,A00552,NORMAL,
C03236,2025-05-17,verified,A00140,NORMAL,
C03237,2026-03-05,verified,A00208,LEGITIMATE_SHARED_RESOURCE,
C03238,2025-03-26,pending,A00472,NORMAL,
C03239,2026-01-18,verified,A00066,NORMAL,
C03240,2025-03-28,verified,A00139,NORMAL,
C03241,2026-04-06,verified,A00221,LEGITIMATE_SHARED_RESOURCE,
C03242,2025-11-04,verified,A00293,NORMAL,
C03243,2026-03-31,verified,A00346,NORMAL,
C03244,2026-01-24,verified,A00558,NORMAL,
C03245,2026-06-06,verified,A00432,NORMAL,
C03246,2025-08-05,verified,A00092,LEGITIMATE_SHARED_RESOURCE,
C03247,2025-08-31,pending,A00605,NORMAL,
C03248,2026-07-05,verified,A00538,NORMAL,
C03249,2025-02-01,verified,A00707,NORMAL,
C03250,2025-12-07,verified,A00189,LEGITIMATE_SHARED_RESOURCE,
C03251,2026-07-07,pending,A00564,NORMAL,
C03252,2025-03-19,verified,A00154,NORMAL,
C03253,2025-08-17,pending,A00627,ABUSE_RING,R0051
C03254,2026-02-04,verified,A00339,LEGITIMATE_SHARED_RESOURCE,
C03255,2026-04-09,verified,A00373,NORMAL,
C03256,2025-07-19,verified,A00499,NORMAL,
C03257,2026-02-03,verified,A00296,LEGITIMATE_SHARED_RESOURCE,
C03258,2025-12-07,verified,A00642,NORMAL,
C03259,2025-12-02,pending,A00159,NORMAL,
C03260,2025-06-23,verified,A00555,LEGITIMATE_SHARED_RESOURCE,
C03261,2025-07-30,verified,A00418,ABUSE_RING,R0016
C03262,2025-09-20,verified,A00135,NORMAL,
C03263,2026-08-03,verified,A00396,NORMAL,
C03264,2025-05-05,verified,A00059,ABUSE_RING,R0058
C03265,2026-04-04,verified,A00695,NORMAL,
C03266,2026-01-21,verified,A00443,LEGITIMATE_SHARED_RESOURCE,
C03267,2026-08-07,verified,A00668,NORMAL,
C03268,2025-07-27,verified,A00270,NORMAL,
C03269,2025-12-15,verified,A00394,NORMAL,
C03270,2026-06-26,verified,A00156,NORMAL,
C03271,2025-05-25,verified,A00150,NORMAL,
C03272,2026-08-20,verified,A00387,ABUSE_RING,R0067
C03273,2025-01-16,verified,A00190,LEGITIMATE_SHARED_RESOURCE,
C03274,2026-05-12,verified,A00508,NORMAL,
C03275,2025-04-19,verified,A00252,NORMAL,
C03276,2026-03-08,verified,A00650,NORMAL,
C03277,2025-01-13,verified,A00613,NORMAL,
C03278,2025-12-08,verified,A00667,NORMAL,
C03279,2026-03-02,pending,A00324,NORMAL,
C03280,2025-02-05,verified,A00393,NORMAL,
C03281,2025-11-04,verified,A00220,LEGITIMATE_SHARED_RESOURCE,
C03282,2025-11-23,verified,A00542,NORMAL,
C03283,2026-07-14,verified,A00692,NORMAL,
C03284,2025-01-02,verified,A00562,NORMAL,
C03285,2026-06-11,verified,A00532,ABUSE_RING,R0067
C03286,2026-01-28,verified,A00538,LEGITIMATE_SHARED_RESOURCE,
C03287,2025-03-12,verified,A00004,NORMAL,
C03288,2026-04-17,verified,A00611,NORMAL,
C03289,2025-06-28,pending,A00210,NORMAL,
C03290,2026-02-14,verified,A00424,NORMAL,
C03291,2026-06-08,verified,A00666,NORMAL,
C03292,2025-12-08,pending,A00679,NORMAL,
C03293,2026-06-02,verified,A00279,NORMAL,
C03294,2025-08-03,verified,A00500,NORMAL,
C03295,2025-05-18,verified,A00204,NORMAL,
C03296,2025-06-27,verified,A00507,NORMAL,
C03297,2026-05-23,verified,A00218,NORMAL,
C03298,2026-07-27,verified,A00230,LEGITIMATE_SHARED_RESOURCE,
C03299,2025-03-16,verified,A00078,NORMAL,
C03300,2026-06-01,verified,A00312,LEGITIMATE_SHARED_RESOURCE,
C03301,2025-08-27,verified,A00305,NORMAL,
C03302,2025-09-04,verified,A00606,NORMAL,
C03303,2026-04-26,verified,A00500,LEGITIMATE_SHARED_RESOURCE,
C03304,2025-12-04,pending,A00385,NORMAL,
C03305,2026-06-09,verified,A00268,NORMAL,
C03306,2025-06-30,verified,A00125,NORMAL,
C03307,2026-07-24,verified,A00034,ABUSE_RING,R0028
C03308,2025-03-09,verified,A00484,ABUSE_RING,R0081
C03309,2025-10-13,verified,A00613,NORMAL,
C03310,2025-04-04,verified,A00710,LEGITIMATE_SHARED_RESOURCE,
C03311,2025-08-22,verified,A00164,NORMAL,
C03312,2026-01-31,verified,A00709,NORMAL,
C03313,2026-03-28,verified,A00008,LEGITIMATE_SHARED_RESOURCE,
C03314,2025-08-11,verified,A00703,NORMAL,
C03315,2025-08-06,verified,A00074,LEGITIMATE_SHARED_RESOURCE,
C03316,2026-05-17,verified,A00459,NORMAL,
C03317,2025-01-18,verified,A00251,NORMAL,
C03318,2025-05-24,verified,A00323,LEGITIMATE_SHARED_RESOURCE,
C03319,2026-06-23,verified,A00095,NORMAL,
C03320,2025-03-23,verified,A00626,LEGITIMATE_SHARED_RESOURCE,
C03321,2025-06-20,verified,A00224,NORMAL,
C03322,2025-01-25,verified,A00120,NORMAL,
C03323,2026-01-26,verified,A00465,NORMAL,
C03324,2025-06-21,verified,A00092,NORMAL,
C03325,2026-07-21,verified,A00106,NORMAL,
C03326,2025-01-10,verified,A00231,NORMAL,
C03327,2025-04-10,pending,A00020,NORMAL,
C03328,2025-03-13,verified,A00675,LEGITIMATE_SHARED_RESOURCE,
C03329,2025-07-05,verified,A00066,LEGITIMATE_SHARED_RESOURCE,
C03330,2025-08-19,verified,A00653,NORMAL,
C03331,2025-06-23,verified,A00557,NORMAL,
C03332,2025-01-19,verified,A00679,NORMAL,
C03333,2026-04-05,pending,A00181,NORMAL,
C03334,2025-01-31,verified,A00669,NORMAL,
C03335,2026-07-28,verified,A00094,LEGITIMATE_SHARED_RESOURCE,
C03336,2025-11-16,verified,A00284,LEGITIMATE_SHARED_RESOURCE,
C03337,2026-02-02,verified,A00085,NORMAL,
C03338,2025-08-30,verified,A00037,NORMAL,
C03339,2026-04-22,verified,A00503,NORMAL,
C03340,2025-06-10,verified,A00290,NORMAL,
C03341,2026-01-09,verified,A00586,NORMAL,
C03342,2026-07-19,verified,A00210,NORMAL,
C03343,2025-12-26,verified,A00212,MIXED,R0128
C03344,2026-01-07,verified,A00412,NORMAL,
C03345,2025-07-11,verified,A00334,NORMAL,
C03346,2025-03-11,verified,A00591,MIXED,R0135
C03347,2025-10-06,verified,A00123,NORMAL,
C03348,2026-05-12,verified,A00372,ABUSE_RING,R0060
C03349,2025-03-18,verified,A00347,NORMAL,
C03350,2025-04-13,verified,A00674,LEGITIMATE_SHARED_RESOURCE,
C03351,2025-05-09,verified,A00406,NORMAL,
C03352,2026-03-30,verified,A00601,NORMAL,
C03353,2025-06-03,verified,A00001,NORMAL,
C03354,2026-05-05,verified,A00654,NORMAL,
C03355,2025-07-26,verified,A00647,NORMAL,
C03356,2026-03-06,verified,A00245,LEGITIMATE_SHARED_RESOURCE,
C03357,2025-08-31,verified,A00228,ABUSE_RING,R0059
C03358,2026-01-29,verified,A00530,NORMAL,
C03359,2026-01-06,verified,A00206,ABUSE_RING,R0004
C03360,2025-08-15,verified,A00603,NORMAL,
C03361,2025-11-24,verified,A00020,NORMAL,
C03362,2025-01-12,verified,A00566,NORMAL,
C03363,2025-11-02,verified,A00146,LEGITIMATE_SHARED_RESOURCE,
C03364,2026-01-22,verified,A00045,LEGITIMATE_SHARED_RESOURCE,
C03365,2025-04-05,verified,A00441,NORMAL,
C03366,2026-06-16,verified,A00125,LEGITIMATE_SHARED_RESOURCE,
C03367,2025-10-02,verified,A00006,NORMAL,
C03368,2025-01-19,verified,A00262,NORMAL,
C03369,2026-01-15,verified,A00370,NORMAL,
C03370,2026-06-08,verified,A00298,NORMAL,
C03371,2026-02-02,verified,A00295,NORMAL,
C03372,2025-06-15,verified,A00515,NORMAL,
C03373,2025-04-19,verified,A00613,LEGITIMATE_SHARED_RESOURCE,
C03374,2025-01-22,verified,A00174,NORMAL,
C03375,2025-01-03,verified,A00357,LEGITIMATE_SHARED_RESOURCE,
C03376,2025-04-18,verified,A00561,NORMAL,
C03377,2025-01-08,verified,A00017,NORMAL,
C03378,2025-04-25,verified,A00358,NORMAL,
C03379,2025-02-03,verified,A00352,MIXED,R0139
C03380,2025-05-03,pending,A00593,LEGITIMATE_SHARED_RESOURCE,
C03381,2025-06-15,verified,A00473,NORMAL,
C03382,2026-04-30,verified,A00022,NORMAL,
C03383,2025-10-15,verified,A00401,NORMAL,
C03384,2025-06-13,verified,A00690,NORMAL,
C03385,2026-06-12,verified,A00291,NORMAL,
C03386,2025-07-20,verified,A00691,NORMAL,
C03387,2026-03-18,verified,A00551,NORMAL,
C03388,2026-07-26,verified,A00655,NORMAL,
C03389,2026-05-27,verified,A00169,NORMAL,
C03390,2025-01-11,verified,A00004,NORMAL,
C03391,2025-09-21,verified,A00570,NORMAL,
C03392,2026-05-13,verified,A00031,LEGITIMATE_SHARED_RESOURCE,
C03393,2025-08-21,verified,A00690,NORMAL,
C03394,2025-12-14,verified,A00500,NORMAL,
C03395,2026-01-21,verified,A00091,LEGITIMATE_SHARED_RESOURCE,
C03396,2025-09-16,verified,A00147,NORMAL,
C03397,2026-04-26,verified,A00597,NORMAL,
C03398,2026-03-25,pending,A00346,NORMAL,
C03399,2025-08-12,verified,A00304,NORMAL,
C03400,2026-01-08,verified,A00364,NORMAL,
C03401,2025-01-16,pending,A00053,NORMAL,
C03402,2025-02-20,verified,A00633,NORMAL,
C03403,2025-01-19,pending,A00597,NORMAL,
C03404,2025-12-25,verified,A00201,NORMAL,
C03405,2025-11-19,verified,A00261,NORMAL,
C03406,2025-05-19,verified,A00705,NORMAL,
C03407,2025-05-23,verified,A00209,ABUSE_RING,R0069
C03408,2026-02-27,verified,A00039,ABUSE_RING,R0066
C03409,2025-01-26,verified,A00164,NORMAL,
C03410,2025-09-25,verified,A00661,NORMAL,
C03411,2026-06-19,verified,A00441,NORMAL,
C03412,2025-11-01,verified,A00155,LEGITIMATE_SHARED_RESOURCE,
C03413,2025-07-22,verified,A00451,LEGITIMATE_SHARED_RESOURCE,
C03414,2025-10-30,verified,A00061,NORMAL,
C03415,2026-03-15,verified,A00178,NORMAL,
C03416,2026-01-07,verified,A00331,NORMAL,
C03417,2025-07-27,verified,A00083,NORMAL,
C03418,2025-07-12,verified,A00096,NORMAL,
C03419,2026-04-06,verified,A00192,NORMAL,
C03420,2026-07-14,verified,A00590,NORMAL,
C03421,2025-12-21,verified,A00071,NORMAL,
C03422,2026-05-19,verified,A00696,LEGITIMATE_SHARED_RESOURCE,
C03423,2025-02-02,verified,A00254,NORMAL,
C03424,2026-04-05,verified,A00360,NORMAL,
C03425,2026-07-17,verified,A00169,LEGITIMATE_SHARED_RESOURCE,
C03426,2026-07-21,verified,A00193,LEGITIMATE_SHARED_RESOURCE,
C03427,2025-07-29,verified,A00626,LEGITIMATE_SHARED_RESOURCE,
C03428,2026-02-20,verified,A00106,LEGITIMATE_SHARED_RESOURCE,
C03429,2025-01-27,verified,A00557,MIXED,R0130
C03430,2025-06-17,verified,A00434,NORMAL,
C03431,2025-12-29,verified,A00112,NORMAL,
C03432,2025-05-20,verified,A00392,LEGITIMATE_SHARED_RESOURCE,
C03433,2025-10-19,verified,A00419,NORMAL,
C03434,2026-05-07,verified,A00475,NORMAL,
C03435,2026-07-23,verified,A00392,NORMAL,
C03436,2025-06-23,verified,A00049,NORMAL,
C03437,2026-07-23,verified,A00362,LEGITIMATE_SHARED_RESOURCE,
C03438,2025-03-01,verified,A00080,LEGITIMATE_SHARED_RESOURCE,
C03439,2025-11-10,verified,A00588,LEGITIMATE_SHARED_RESOURCE,
C03440,2026-08-18,verified,A00365,NORMAL,
C03441,2026-04-25,verified,A00595,NORMAL,
C03442,2026-08-16,verified,A00527,NORMAL,
C03443,2026-03-19,verified,A00148,LEGITIMATE_SHARED_RESOURCE,
C03444,2026-06-18,verified,A00343,NORMAL,
C03445,2025-04-20,verified,A00542,NORMAL,
C03446,2025-06-06,verified,A00342,NORMAL,
C03447,2025-05-25,verified,A00191,NORMAL,
C03448,2026-07-09,verified,A00346,NORMAL,
C03449,2026-08-01,verified,A00126,NORMAL,
C03450,2026-07-31,verified,A00542,NORMAL,
C03451,2025-02-06,verified,A00191,NORMAL,
C03452,2026-06-27,verified,A00620,ABUSE_RING,R0077
C03453,2025-02-13,verified,A00347,LEGITIMATE_SHARED_RESOURCE,
C03454,2025-07-19,verified,A00444,NORMAL,
C03455,2026-05-16,verified,A00016,NORMAL,
C03456,2026-07-09,verified,A00055,NORMAL,
C03457,2025-08-21,verified,A00540,LEGITIMATE_SHARED_RESOURCE,
C03458,2025-10-24,verified,A00442,LEGITIMATE_SHARED_RESOURCE,
C03459,2026-05-02,verified,A00412,NORMAL,
C03460,2025-05-26,verified,A00067,LEGITIMATE_SHARED_RESOURCE,
C03461,2026-08-19,verified,A00126,NORMAL,
C03462,2025-01-18,verified,A00502,NORMAL,
C03463,2025-04-14,verified,A00036,NORMAL,
C03464,2025-12-29,pending,A00301,LEGITIMATE_SHARED_RESOURCE,
C03465,2025-11-10,verified,A00285,NORMAL,
C03466,2025-01-26,verified,A00606,NORMAL,
C03467,2025-04-30,verified,A00254,NORMAL,
C03468,2026-06-07,verified,A00445,NORMAL,
C03469,2026-04-28,verified,A00659,NORMAL,
C03470,2025-11-09,verified,A00709,NORMAL,
C03471,2025-11-22,verified,A00382,NORMAL,
C03472,2026-02-28,verified,A00623,NORMAL,
C03473,2025-11-19,verified,A00473,NORMAL,
C03474,2025-06-17,verified,A00185,NORMAL,
C03475,2026-02-23,verified,A00488,NORMAL,
C03476,2025-08-12,verified,A00271,NORMAL,
C03477,2025-08-22,verified,A00044,LEGITIMATE_SHARED_RESOURCE,
C03478,2025-07-15,verified,A00650,NORMAL,
C03479,2025-03-22,verified,A00042,NORMAL,
C03480,2025-12-01,verified,A00329,LEGITIMATE_SHARED_RESOURCE,
C03481,2025-04-22,pending,A00272,NORMAL,
C03482,2025-03-06,verified,A00316,NORMAL,
C03483,2025-07-15,verified,A00460,NORMAL,
C03484,2026-02-11,verified,A00237,NORMAL,
C03485,2025-06-03,pending,A00520,NORMAL,
C03486,2026-03-31,verified,A00561,NORMAL,
C03487,2025-03-29,verified,A00442,NORMAL,
C03488,2025-02-04,pending,A00643,NORMAL,
C03489,2025-03-30,verified,A00483,NORMAL,
C03490,2025-01-08,verified,A00275,NORMAL,
C03491,2025-07-10,verified,A00439,NORMAL,
C03492,2025-09-04,verified,A00678,NORMAL,
C03493,2025-08-09,verified,A00547,NORMAL,
C03494,2025-02-16,verified,A00078,NORMAL,
C03495,2026-06-23,pending,A00198,NORMAL,
C03496,2025-10-22,verified,A00353,NORMAL,
C03497,2026-05-09,verified,A00448,LEGITIMATE_SHARED_RESOURCE,
C03498,2026-07-30,verified,A00128,LEGITIMATE_SHARED_RESOURCE,
C03499,2025-03-08,verified,A00294,NORMAL,
C03500,2026-04-18,verified,A00175,NORMAL,
C03501,2025-01-26,verified,A00262,NORMAL,
C03502,2026-04-18,verified,A00235,NORMAL,
C03503,2025-12-19,verified,A00288,NORMAL,
C03504,2025-11-28,pending,A00428,NORMAL,
C03505,2025-11-09,verified,A00199,NORMAL,
C03506,2025-03-07,verified,A00406,NORMAL,
C03507,2026-06-09,verified,A00607,NORMAL,
C03508,2025-06-30,verified,A00237,NORMAL,
C03509,2026-04-30,verified,A00020,NORMAL,
C03510,2025-01-15,verified,A00663,NORMAL,
C03511,2026-06-20,verified,A00275,NORMAL,
C03512,2025-08-17,verified,A00047,LEGITIMATE_SHARED_RESOURCE,
C03513,2025-05-08,verified,A00684,NORMAL,
C03514,2026-01-10,verified,A00107,NORMAL,
C03515,2026-02-19,verified,A00444,NORMAL,
C03516,2025-01-11,verified,A00049,NORMAL,
C03517,2025-09-28,verified,A00521,NORMAL,
C03518,2025-02-08,verified,A00688,NORMAL,
C03519,2025-05-13,verified,A00412,NORMAL,
C03520,2025-07-09,verified,A00175,LEGITIMATE_SHARED_RESOURCE,
C03521,2026-03-19,verified,A00211,LEGITIMATE_SHARED_RESOURCE,
C03522,2025-09-26,verified,A00035,LEGITIMATE_SHARED_RESOURCE,
C03523,2026-07-13,verified,A00445,LEGITIMATE_SHARED_RESOURCE,
C03524,2025-07-26,verified,A00578,NORMAL,
C03525,2025-07-19,verified,A00529,LEGITIMATE_SHARED_RESOURCE,
C03526,2025-03-29,verified,A00137,LEGITIMATE_SHARED_RESOURCE,
C03527,2025-06-05,verified,A00207,NORMAL,
C03528,2026-06-17,verified,A00008,NORMAL,
C03529,2025-11-09,verified,A00666,LEGITIMATE_SHARED_RESOURCE,
C03530,2025-08-23,verified,A00658,NORMAL,
C03531,2026-06-22,verified,A00236,NORMAL,
C03532,2025-10-11,verified,A00671,NORMAL,
C03533,2025-03-24,verified,A00502,NORMAL,
C03534,2026-02-27,verified,A00190,NORMAL,
C03535,2026-05-04,verified,A00708,NORMAL,
C03536,2026-02-21,verified,A00099,LEGITIMATE_SHARED_RESOURCE,
C03537,2025-07-28,verified,A00487,NORMAL,
C03538,2025-05-15,verified,A00166,NORMAL,
C03539,2026-05-15,verified,A00572,LEGITIMATE_SHARED_RESOURCE,
C03540,2025-04-16,verified,A00373,NORMAL,
C03541,2025-12-20,verified,A00675,NORMAL,
C03542,2026-08-17,verified,A00705,NORMAL,
C03543,2026-05-31,verified,A00035,NORMAL,
C03544,2025-06-29,verified,A00408,NORMAL,
C03545,2026-05-14,verified,A00053,NORMAL,
C03546,2025-09-02,verified,A00319,LEGITIMATE_SHARED_RESOURCE,
C03547,2025-03-16,pending,A00485,LEGITIMATE_SHARED_RESOURCE,
C03548,2026-06-18,verified,A00014,NORMAL,
C03549,2025-06-08,verified,A00318,NORMAL,
C03550,2025-01-15,verified,A00424,NORMAL,
C03551,2025-09-14,verified,A00073,NORMAL,
C03552,2025-01-04,verified,A00032,NORMAL,
C03553,2025-09-12,verified,A00428,NORMAL,
C03554,2026-05-08,verified,A00178,ABUSE_RING,R0077
C03555,2026-06-28,verified,A00250,LEGITIMATE_SHARED_RESOURCE,
C03556,2026-03-31,verified,A00227,NORMAL,
C03557,2026-07-08,verified,A00650,NORMAL,
C03558,2026-08-04,verified,A00060,NORMAL,
C03559,2026-07-24,verified,A00189,ABUSE_RING,R0088
C03560,2026-04-04,verified,A00530,NORMAL,
C03561,2025-04-09,verified,A00586,NORMAL,
C03562,2025-12-23,verified,A00325,LEGITIMATE_SHARED_RESOURCE,
C03563,2025-09-08,verified,A00432,LEGITIMATE_SHARED_RESOURCE,
C03564,2026-06-13,verified,A00249,NORMAL,
C03565,2025-06-28,verified,A00172,NORMAL,
C03566,2025-11-04,verified,A00425,NORMAL,
C03567,2025-04-12,verified,A00088,NORMAL,
C03568,2025-12-15,verified,A00689,NORMAL,
C03569,2025-06-13,verified,A00054,NORMAL,
C03570,2026-02-03,verified,A00031,NORMAL,
C03571,2025-03-08,verified,A00287,LEGITIMATE_SHARED_RESOURCE,
C03572,2026-01-30,verified,A00087,LEGITIMATE_SHARED_RESOURCE,
C03573,2025-10-11,verified,A00080,NORMAL,
C03574,2025-06-04,verified,A00001,NORMAL,
C03575,2025-09-19,verified,A00108,LEGITIMATE_SHARED_RESOURCE,
C03576,2025-06-12,verified,A00576,NORMAL,
C03577,2025-07-26,verified,A00132,NORMAL,
C03578,2025-10-19,verified,A00315,NORMAL,
C03579,2026-05-31,verified,A00191,LEGITIMATE_SHARED_RESOURCE,
C03580,2025-08-08,verified,A00558,NORMAL,
C03581,2026-07-24,verified,A00072,NORMAL,
C03582,2026-05-07,pending,A00134,NORMAL,
C03583,2026-04-08,verified,A00418,NORMAL,
C03584,2025-01-26,verified,A00193,ABUSE_RING,R0080
C03585,2025-12-06,verified,A00246,NORMAL,
C03586,2026-02-22,verified,A00597,NORMAL,
C03587,2025-02-20,verified,A00486,NORMAL,
C03588,2025-10-26,verified,A00423,NORMAL,
C03589,2026-07-16,verified,A00225,NORMAL,
C03590,2026-03-02,verified,A00250,NORMAL,
C03591,2025-09-10,verified,A00381,NORMAL,
C03592,2026-03-03,verified,A00520,NORMAL,
C03593,2025-10-06,verified,A00351,NORMAL,
C03594,2026-05-09,verified,A00508,NORMAL,
C03595,2026-06-22,verified,A00142,NORMAL,
C03596,2025-10-11,pending,A00518,NORMAL,
C03597,2025-08-28,verified,A00549,LEGITIMATE_SHARED_RESOURCE,
C03598,2026-06-10,pending,A00197,NORMAL,
C03599,2026-03-27,verified,A00555,NORMAL,
C03600,2026-08-03,pending,A00195,LEGITIMATE_SHARED_RESOURCE,
C03601,2026-01-22,verified,A00134,NORMAL,
C03602,2025-10-03,verified,A00005,LEGITIMATE_SHARED_RESOURCE,
C03603,2025-07-06,verified,A00400,NORMAL,
C03604,2026-05-24,verified,A00160,NORMAL,
C03605,2025-05-04,pending,A00530,LEGITIMATE_SHARED_RESOURCE,
C03606,2025-06-27,verified,A00602,NORMAL,
C03607,2026-07-23,verified,A00074,LEGITIMATE_SHARED_RESOURCE,
C03608,2026-02-12,verified,A00004,NORMAL,
C03609,2025-08-28,verified,A00421,NORMAL,
C03610,2025-08-02,verified,A00604,LEGITIMATE_SHARED_RESOURCE,
C03611,2025-10-26,verified,A00521,NORMAL,
C03612,2025-02-01,verified,A00503,NORMAL,
C03613,2025-09-19,verified,A00161,NORMAL,
C03614,2026-03-24,verified,A00563,NORMAL,
C03615,2025-01-10,verified,A00385,NORMAL,
C03616,2025-11-23,verified,A00124,LEGITIMATE_SHARED_RESOURCE,
C03617,2025-01-16,verified,A00105,NORMAL,
C03618,2026-04-19,pending,A00004,NORMAL,
C03619,2026-05-23,verified,A00515,NORMAL,
C03620,2025-07-31,verified,A00212,LEGITIMATE_SHARED_RESOURCE,
C03621,2025-03-23,verified,A00638,NORMAL,
C03622,2025-11-08,verified,A00693,LEGITIMATE_SHARED_RESOURCE,
C03623,2026-04-28,verified,A00603,NORMAL,
C03624,2025-10-25,verified,A00044,NORMAL,
C03625,2025-03-09,verified,A00414,LEGITIMATE_SHARED_RESOURCE,
C03626,2026-01-18,verified,A00374,NORMAL,
C03627,2025-11-24,verified,A00534,NORMAL,
C03628,2026-01-23,verified,A00153,NORMAL,
C03629,2026-07-23,verified,A00012,NORMAL,
C03630,2026-05-23,verified,A00004,NORMAL,
C03631,2025-12-16,verified,A00346,NORMAL,
C03632,2025-11-19,verified,A00536,NORMAL,
C03633,2025-10-18,verified,A00586,NORMAL,
C03634,2026-02-19,verified,A00030,LEGITIMATE_SHARED_RESOURCE,
C03635,2026-03-18,pending,A00120,NORMAL,
C03636,2026-02-22,verified,A00691,NORMAL,
C03637,2025-03-10,verified,A00199,NORMAL,
C03638,2025-03-23,verified,A00416,NORMAL,
C03639,2025-01-22,verified,A00169,NORMAL,
C03640,2025-10-28,verified,A00384,NORMAL,
C03641,2026-01-21,verified,A00605,NORMAL,
C03642,2025-04-04,verified,A00301,ABUSE_RING,R0031
C03643,2025-08-07,verified,A00708,NORMAL,
C03644,2026-02-01,verified,A00463,NORMAL,
C03645,2025-12-03,verified,A00371,NORMAL,
C03646,2025-09-27,verified,A00018,NORMAL,
C03647,2026-01-29,verified,A00275,LEGITIMATE_SHARED_RESOURCE,
C03648,2025-07-04,verified,A00382,NORMAL,
C03649,2025-07-19,verified,A00538,LEGITIMATE_SHARED_RESOURCE,
C03650,2026-07-14,verified,A00645,NORMAL,
C03651,2025-11-14,verified,A00603,ABUSE_RING,R0004
C03652,2026-03-22,verified,A00387,NORMAL,
C03653,2025-02-21,verified,A00702,NORMAL,
C03654,2025-04-29,verified,A00328,NORMAL,
C03655,2026-06-14,verified,A00296,NORMAL,
C03656,2025-04-21,verified,A00021,NORMAL,
C03657,2025-07-17,verified,A00229,LEGITIMATE_SHARED_RESOURCE,
C03658,2025-11-10,verified,A00267,ABUSE_RING,R0008
C03659,2025-12-08,verified,A00400,NORMAL,
C03660,2025-05-04,pending,A00247,NORMAL,
C03661,2026-04-06,verified,A00169,NORMAL,
C03662,2025-06-11,verified,A00622,LEGITIMATE_SHARED_RESOURCE,
C03663,2025-08-02,verified,A00616,NORMAL,
C03664,2025-10-26,verified,A00072,NORMAL,
C03665,2025-06-17,verified,A00203,NORMAL,
C03666,2025-10-09,pending,A00332,NORMAL,
C03667,2025-12-05,verified,A00622,NORMAL,
C03668,2025-02-01,pending,A00487,LEGITIMATE_SHARED_RESOURCE,
C03669,2025-07-09,verified,A00397,NORMAL,
C03670,2026-07-25,verified,A00256,LEGITIMATE_SHARED_RESOURCE,
C03671,2025-02-28,verified,A00215,NORMAL,
C03672,2026-03-06,verified,A00540,NORMAL,
C03673,2025-07-22,verified,A00076,NORMAL,
C03674,2026-01-15,verified,A00054,MIXED,
C03675,2025-10-19,verified,A00409,NORMAL,
C03676,2026-05-13,verified,A00389,LEGITIMATE_SHARED_RESOURCE,
C03677,2026-05-14,verified,A00594,NORMAL,
C03678,2025-07-26,verified,A00136,NORMAL,
C03679,2025-10-05,verified,A00393,NORMAL,
C03680,2026-05-06,verified,A00082,NORMAL,
C03681,2026-03-08,verified,A00337,LEGITIMATE_SHARED_RESOURCE,
C03682,2026-04-08,verified,A00122,ABUSE_RING,R0015
C03683,2025-05-16,verified,A00620,NORMAL,
C03684,2025-11-10,verified,A00687,NORMAL,
C03685,2025-01-25,pending,A00552,NORMAL,
C03686,2025-10-12,pending,A00209,NORMAL,
C03687,2026-07-28,pending,A00542,NORMAL,
C03688,2025-05-22,verified,A00603,LEGITIMATE_SHARED_RESOURCE,
C03689,2026-04-03,verified,A00286,NORMAL,
C03690,2025-05-04,verified,A00398,LEGITIMATE_SHARED_RESOURCE,
C03691,2026-02-01,verified,A00560,NORMAL,
C03692,2026-06-18,verified,A00519,NORMAL,
C03693,2026-08-21,verified,A00009,NORMAL,
C03694,2026-06-16,verified,A00531,NORMAL,
C03695,2026-03-11,verified,A00081,NORMAL,
C03696,2025-11-01,verified,A00710,ABUSE_RING,R0100
C03697,2025-09-03,verified,A00040,NORMAL,
C03698,2025-10-20,verified,A00704,NORMAL,
C03699,2025-10-16,verified,A00267,NORMAL,
C03700,2026-04-23,verified,A00470,NORMAL,
C03701,2025-02-24,verified,A00371,NORMAL,
C03702,2025-11-04,verified,A00155,NORMAL,
C03703,2026-05-07,verified,A00066,LEGITIMATE_SHARED_RESOURCE,
C03704,2025-03-04,verified,A00259,NORMAL,
C03705,2026-04-17,verified,A00168,LEGITIMATE_SHARED_RESOURCE,
C03706,2026-07-17,verified,A00057,LEGITIMATE_SHARED_RESOURCE,
C03707,2026-04-13,verified,A00093,LEGITIMATE_SHARED_RESOURCE,
C03708,2025-09-09,verified,A00259,NORMAL,
C03709,2026-01-26,verified,A00245,NORMAL,
C03710,2026-04-05,verified,A00573,NORMAL,
C03711,2025-02-01,verified,A00424,NORMAL,
C03712,2026-06-20,pending,A00624,NORMAL,
C03713,2025-04-28,verified,A00020,LEGITIMATE_SHARED_RESOURCE,
C03714,2026-07-28,verified,A00382,NORMAL,
C03715,2026-07-02,verified,A00471,ABUSE_RING,R0015
C03716,2025-01-01,verified,A00481,LEGITIMATE_SHARED_RESOURCE,
C03717,2026-01-02,verified,A00196,NORMAL,
C03718,2026-08-13,verified,A00640,NORMAL,
C03719,2025-08-09,verified,A00616,NORMAL,
C03720,2025-06-27,pending,A00404,NORMAL,
C03721,2026-04-08,verified,A00490,LEGITIMATE_SHARED_RESOURCE,
C03722,2025-11-08,verified,A00404,NORMAL,
C03723,2025-09-08,verified,A00491,NORMAL,
C03724,2026-05-09,verified,A00413,NORMAL,
C03725,2025-07-05,verified,A00451,NORMAL,
C03726,2026-06-25,verified,A00414,NORMAL,
C03727,2025-08-27,verified,A00576,NORMAL,
C03728,2026-02-06,verified,A00547,NORMAL,
C03729,2025-05-03,verified,A00203,NORMAL,
C03730,2025-05-26,verified,A00420,NORMAL,
C03731,2025-05-13,verified,A00630,NORMAL,
C03732,2026-06-13,verified,A00028,LEGITIMATE_SHARED_RESOURCE,
C03733,2025-09-16,verified,A00376,NORMAL,
C03734,2025-10-11,verified,A00464,ABUSE_RING,R0062
C03735,2025-02-01,verified,A00231,LEGITIMATE_SHARED_RESOURCE,
C03736,2026-02-08,verified,A00255,NORMAL,
C03737,2025-09-20,pending,A00666,LEGITIMATE_SHARED_RESOURCE,
C03738,2025-12-11,verified,A00136,NORMAL,
C03739,2025-04-22,verified,A00390,NORMAL,
C03740,2025-06-24,verified,A00554,LEGITIMATE_SHARED_RESOURCE,
C03741,2025-02-02,verified,A00181,NORMAL,
C03742,2026-06-28,verified,A00261,NORMAL,
C03743,2026-06-04,verified,A00010,LEGITIMATE_SHARED_RESOURCE,
C03744,2025-01-25,verified,A00604,MIXED,R0134
C03745,2025-06-16,verified,A00364,NORMAL,
C03746,2025-09-10,verified,A00330,NORMAL,
C03747,2025-01-27,verified,A00364,NORMAL,
C03748,2026-02-13,verified,A00634,NORMAL,
C03749,2026-03-05,verified,A00040,LEGITIMATE_SHARED_RESOURCE,
C03750,2025-03-23,verified,A00224,NORMAL,
C03751,2025-07-12,verified,A00324,NORMAL,
C03752,2025-05-17,verified,A00015,ABUSE_RING,R0087
C03753,2025-10-06,verified,A00126,NORMAL,
C03754,2025-11-17,verified,A00335,NORMAL,
C03755,2026-06-11,verified,A00149,NORMAL,
C03756,2026-04-19,verified,A00428,NORMAL,
C03757,2025-04-06,verified,A00179,NORMAL,
C03758,2026-05-07,verified,A00585,LEGITIMATE_SHARED_RESOURCE,
C03759,2025-07-22,verified,A00232,LEGITIMATE_SHARED_RESOURCE,
C03760,2025-09-02,verified,A00447,NORMAL,
C03761,2025-11-15,pending,A00021,NORMAL,
C03762,2025-04-06,verified,A00263,NORMAL,
C03763,2025-11-25,verified,A00388,LEGITIMATE_SHARED_RESOURCE,
C03764,2025-03-27,verified,A00685,LEGITIMATE_SHARED_RESOURCE,
C03765,2025-06-29,verified,A00373,NORMAL,
C03766,2025-02-24,verified,A00289,ABUSE_RING,R0111
C03767,2025-03-08,verified,A00080,NORMAL,
C03768,2026-07-02,verified,A00652,NORMAL,
C03769,2026-05-14,verified,A00685,NORMAL,
C03770,2025-07-04,verified,A00378,LEGITIMATE_SHARED_RESOURCE,
C03771,2025-05-24,verified,A00650,NORMAL,
C03772,2026-03-15,verified,A00371,LEGITIMATE_SHARED_RESOURCE,
C03773,2025-10-16,verified,A00066,NORMAL,
C03774,2025-05-11,verified,A00064,NORMAL,
C03775,2025-08-14,verified,A00555,ABUSE_RING,R0060
C03776,2025-10-15,verified,A00422,NORMAL,
C03777,2026-04-11,verified,A00447,NORMAL,
C03778,2025-09-24,verified,A00054,NORMAL,
C03779,2025-03-19,verified,A00526,NORMAL,
C03780,2025-06-27,verified,A00523,LEGITIMATE_SHARED_RESOURCE,
C03781,2025-04-28,verified,A00696,NORMAL,
C03782,2025-08-04,verified,A00218,LEGITIMATE_SHARED_RESOURCE,
C03783,2025-12-14,verified,A00656,LEGITIMATE_SHARED_RESOURCE,
C03784,2025-09-26,verified,A00352,NORMAL,
C03785,2026-03-17,verified,A00546,NORMAL,
C03786,2026-03-09,verified,A00663,NORMAL,
C03787,2025-01-03,verified,A00524,LEGITIMATE_SHARED_RESOURCE,
C03788,2025-03-28,verified,A00255,LEGITIMATE_SHARED_RESOURCE,
C03789,2026-06-03,verified,A00466,NORMAL,
C03790,2025-12-08,verified,A00251,LEGITIMATE_SHARED_RESOURCE,
C03791,2025-09-21,verified,A00475,NORMAL,
C03792,2025-10-07,verified,A00516,NORMAL,
C03793,2025-11-21,verified,A00549,NORMAL,
C03794,2025-05-22,verified,A00054,NORMAL,
C03795,2025-12-21,verified,A00323,NORMAL,
C03796,2025-10-03,verified,A00360,NORMAL,
C03797,2025-03-21,verified,A00412,NORMAL,
C03798,2025-01-24,verified,A00661,NORMAL,
C03799,2026-03-18,verified,A00640,LEGITIMATE_SHARED_RESOURCE,
C03800,2025-12-24,verified,A00466,LEGITIMATE_SHARED_RESOURCE,
C03801,2025-08-12,verified,A00160,NORMAL,
C03802,2025-12-03,verified,A00002,LEGITIMATE_SHARED_RESOURCE,
C03803,2025-08-26,verified,A00548,LEGITIMATE_SHARED_RESOURCE,
C03804,2025-10-07,verified,A00234,NORMAL,
C03805,2025-09-14,verified,A00131,LEGITIMATE_SHARED_RESOURCE,
C03806,2026-07-15,verified,A00329,NORMAL,
C03807,2025-09-18,verified,A00063,NORMAL,
C03808,2026-08-22,pending,A00216,LEGITIMATE_SHARED_RESOURCE,
C03809,2025-04-21,verified,A00049,NORMAL,
C03810,2026-04-29,verified,A00249,LEGITIMATE_SHARED_RESOURCE,
C03811,2025-01-16,verified,A00351,LEGITIMATE_SHARED_RESOURCE,
C03812,2025-07-13,verified,A00039,LEGITIMATE_SHARED_RESOURCE,
C03813,2025-09-03,verified,A00650,NORMAL,
C03814,2025-08-03,pending,A00638,LEGITIMATE_SHARED_RESOURCE,
C03815,2025-06-12,verified,A00146,NORMAL,
C03816,2025-01-26,verified,A00698,NORMAL,
C03817,2026-01-09,verified,A00377,NORMAL,
C03818,2025-12-21,pending,A00392,NORMAL,
C03819,2025-06-01,verified,A00309,NORMAL,
C03820,2026-05-25,verified,A00354,NORMAL,
C03821,2026-03-30,verified,A00225,NORMAL,
C03822,2025-08-23,verified,A00617,NORMAL,
C03823,2026-08-18,verified,A00213,NORMAL,
C03824,2025-03-15,verified,A00699,LEGITIMATE_SHARED_RESOURCE,
C03825,2025-12-26,verified,A00553,NORMAL,
C03826,2026-06-01,verified,A00456,NORMAL,
C03827,2026-07-15,verified,A00192,LEGITIMATE_SHARED_RESOURCE,
C03828,2026-06-27,pending,A00016,NORMAL,
C03829,2026-08-03,verified,A00185,LEGITIMATE_SHARED_RESOURCE,
C03830,2026-06-06,verified,A00457,NORMAL,
C03831,2026-06-15,verified,A00699,NORMAL,
C03832,2025-03-14,verified,A00576,NORMAL,
C03833,2026-03-19,verified,A00647,LEGITIMATE_SHARED_RESOURCE,
C03834,2026-06-20,verified,A00651,LEGITIMATE_SHARED_RESOURCE,
C03835,2025-01-19,verified,A00300,NORMAL,
C03836,2025-12-16,verified,A00162,NORMAL,
C03837,2025-11-24,verified,A00387,NORMAL,
C03838,2026-04-24,verified,A00215,LEGITIMATE_SHARED_RESOURCE,
C03839,2025-06-10,verified,A00548,NORMAL,
C03840,2026-06-04,verified,A00533,NORMAL,
C03841,2026-04-08,verified,A00055,NORMAL,
C03842,2026-08-17,verified,A00033,LEGITIMATE_SHARED_RESOURCE,
C03843,2025-05-16,verified,A00350,NORMAL,
C03844,2025-05-10,verified,A00410,NORMAL,
C03845,2026-08-23,pending,A00474,ABUSE_RING,R0018
C03846,2025-10-22,verified,A00022,NORMAL,
C03847,2026-02-13,verified,A00546,NORMAL,
C03848,2025-09-15,verified,A00507,NORMAL,
C03849,2025-07-14,verified,A00043,NORMAL,
C03850,2025-06-02,verified,A00262,NORMAL,
C03851,2025-10-03,verified,A00490,LEGITIMATE_SHARED_RESOURCE,
C03852,2025-08-30,verified,A00588,NORMAL,
C03853,2026-05-11,verified,A00555,LEGITIMATE_SHARED_RESOURCE,
C03854,2025-01-01,verified,A00186,NORMAL,
C03855,2025-03-01,verified,A00408,NORMAL,
C03856,2026-05-16,pending,A00626,LEGITIMATE_SHARED_RESOURCE,
C03857,2025-03-15,verified,A00634,NORMAL,
C03858,2025-09-16,pending,A00444,NORMAL,
C03859,2025-03-26,pending,A00402,NORMAL,
C03860,2026-03-02,verified,A00282,NORMAL,
C03861,2026-05-11,verified,A00030,NORMAL,
C03862,2026-05-16,verified,A00226,NORMAL,
C03863,2025-12-21,verified,A00350,NORMAL,
C03864,2026-03-07,verified,A00026,LEGITIMATE_SHARED_RESOURCE,
C03865,2026-07-11,verified,A00702,NORMAL,
C03866,2025-07-17,verified,A00006,NORMAL,
C03867,2025-03-19,verified,A00082,NORMAL,
C03868,2026-06-22,verified,A00093,NORMAL,
C03869,2025-12-05,verified,A00583,NORMAL,
C03870,2025-02-17,verified,A00505,NORMAL,
C03871,2025-10-30,verified,A00393,NORMAL,
C03872,2026-01-22,verified,A00275,NORMAL,
C03873,2025-08-04,pending,A00564,NORMAL,
C03874,2026-01-22,verified,A00304,NORMAL,
C03875,2025-06-01,verified,A00680,NORMAL,
C03876,2025-08-29,verified,A00503,LEGITIMATE_SHARED_RESOURCE,
C03877,2025-05-24,verified,A00308,LEGITIMATE_SHARED_RESOURCE,
C03878,2026-01-27,verified,A00259,NORMAL,
C03879,2025-10-15,verified,A00040,NORMAL,
C03880,2026-01-25,verified,A00403,NORMAL,
C03881,2025-03-04,verified,A00660,NORMAL,
C03882,2025-08-31,verified,A00465,NORMAL,
C03883,2026-06-26,verified,A00634,NORMAL,
C03884,2025-06-18,verified,A00126,LEGITIMATE_SHARED_RESOURCE,
C03885,2026-07-11,verified,A00062,NORMAL,
C03886,2026-04-16,verified,A00623,NORMAL,
C03887,2025-01-27,verified,A00264,NORMAL,
C03888,2026-04-28,verified,A00546,NORMAL,
C03889,2025-02-17,verified,A00672,LEGITIMATE_SHARED_RESOURCE,
C03890,2025-04-08,verified,A00354,ABUSE_RING,R0025
C03891,2026-02-05,verified,A00654,LEGITIMATE_SHARED_RESOURCE,
C03892,2026-03-15,verified,A00553,ABUSE_RING,R0082
C03893,2026-01-15,verified,A00374,NORMAL,
C03894,2026-04-06,verified,A00231,NORMAL,
C03895,2025-08-19,verified,A00473,LEGITIMATE_SHARED_RESOURCE,
C03896,2025-11-24,verified,A00287,NORMAL,
C03897,2026-05-16,pending,A00086,NORMAL,
C03898,2025-01-22,verified,A00633,LEGITIMATE_SHARED_RESOURCE,
C03899,2026-08-21,verified,A00223,LEGITIMATE_SHARED_RESOURCE,
C03900,2026-05-10,verified,A00553,NORMAL,
C03901,2026-02-16,verified,A00223,NORMAL,
C03902,2025-02-14,verified,A00296,NORMAL,
C03903,2025-11-20,verified,A00199,NORMAL,
C03904,2025-09-28,verified,A00026,NORMAL,
C03905,2025-09-28,verified,A00558,NORMAL,
C03906,2025-06-28,verified,A00475,NORMAL,
C03907,2025-02-03,verified,A00158,NORMAL,
C03908,2026-02-07,pending,A00480,ABUSE_RING,R0068
C03909,2025-12-24,verified,A00458,NORMAL,
C03910,2025-12-22,verified,A00631,NORMAL,
C03911,2026-03-21,verified,A00092,LEGITIMATE_SHARED_RESOURCE,
C03912,2026-03-11,verified,A00143,NORMAL,
C03913,2025-12-16,verified,A00483,NORMAL,
C03914,2025-05-25,verified,A00650,NORMAL,
C03915,2025-07-27,verified,A00358,NORMAL,
C03916,2026-06-04,verified,A00487,NORMAL,
C03917,2025-06-29,pending,A00231,NORMAL,
C03918,2025-09-12,verified,A00558,NORMAL,
C03919,2025-02-24,verified,A00265,NORMAL,
C03920,2026-07-21,pending,A00653,NORMAL,
C03921,2025-01-14,verified,A00708,LEGITIMATE_SHARED_RESOURCE,
C03922,2026-06-12,verified,A00081,NORMAL,
C03923,2025-04-20,verified,A00377,NORMAL,
C03924,2026-05-30,verified,A00312,LEGITIMATE_SHARED_RESOURCE,
C03925,2025-08-26,verified,A00327,NORMAL,
C03926,2026-04-21,pending,A00130,NORMAL,
C03927,2025-04-05,verified,A00456,LEGITIMATE_SHARED_RESOURCE,
C03928,2025-04-20,verified,A00529,NORMAL,
C03929,2025-04-19,verified,A00544,LEGITIMATE_SHARED_RESOURCE,
C03930,2025-04-08,pending,A00676,NORMAL,
C03931,2026-04-10,pending,A00440,NORMAL,
C03932,2025-08-27,pending,A00132,NORMAL,
C03933,2025-03-29,verified,A00429,LEGITIMATE_SHARED_RESOURCE,
C03934,2026-05-11,verified,A00670,NORMAL,
C03935,2026-04-08,verified,A00013,NORMAL,
C03936,2026-04-08,verified,A00405,NORMAL,
C03937,2026-07-01,verified,A00661,NORMAL,
C03938,2026-03-20,verified,A00315,NORMAL,
C03939,2025-04-14,verified,A00241,NORMAL,
C03940,2025-12-25,verified,A00319,NORMAL,
C03941,2026-03-14,verified,A00344,LEGITIMATE_SHARED_RESOURCE,
C03942,2025-07-16,verified,A00299,NORMAL,
C03943,2025-07-10,verified,A00326,NORMAL,
C03944,2026-04-16,verified,A00389,MIXED,R0131
C03945,2026-07-06,verified,A00584,ABUSE_RING,R0009
C03946,2026-05-19,verified,A00227,NORMAL,
C03947,2026-08-10,verified,A00398,NORMAL,
C03948,2026-01-31,verified,A00165,NORMAL,
C03949,2025-09-13,verified,A00031,NORMAL,
C03950,2025-04-13,verified,A00018,NORMAL,
C03951,2025-12-28,verified,A00064,LEGITIMATE_SHARED_RESOURCE,
C03952,2026-03-27,verified,A00079,LEGITIMATE_SHARED_RESOURCE,
C03953,2025-12-26,verified,A00100,NORMAL,
C03954,2026-01-25,verified,A00647,LEGITIMATE_SHARED_RESOURCE,
C03955,2025-08-16,verified,A00060,LEGITIMATE_SHARED_RESOURCE,
C03956,2025-11-11,verified,A00504,LEGITIMATE_SHARED_RESOURCE,
C03957,2025-06-04,verified,A00606,NORMAL,
C03958,2026-03-05,verified,A00094,NORMAL,
C03959,2026-01-06,verified,A00658,NORMAL,
C03960,2025-12-19,verified,A00645,NORMAL,
C03961,2025-08-24,verified,A00518,LEGITIMATE_SHARED_RESOURCE,
C03962,2025-10-26,verified,A00129,NORMAL,
C03963,2026-08-17,verified,A00018,NORMAL,
C03964,2026-03-21,verified,A00522,LEGITIMATE_SHARED_RESOURCE,
C03965,2025-03-31,verified,A00419,NORMAL,
C03966,2026-02-12,verified,A00198,NORMAL,
C03967,2025-01-28,pending,A00590,NORMAL,
C03968,2026-07-02,verified,A00086,LEGITIMATE_SHARED_RESOURCE,
C03969,2026-06-19,verified,A00205,NORMAL,
C03970,2025-10-08,verified,A00210,LEGITIMATE_SHARED_RESOURCE,
C03971,2026-02-22,verified,A00446,LEGITIMATE_SHARED_RESOURCE,
C03972,2026-06-25,verified,A00535,NORMAL,
C03973,2026-05-26,verified,A00645,NORMAL,
C03974,2025-09-12,verified,A00149,NORMAL,
C03975,2025-10-29,pending,A00267,NORMAL,
C03976,2025-04-07,verified,A00475,ABUSE_RING,R0025
C03977,2026-02-01,verified,A00550,NORMAL,
C03978,2026-05-18,verified,A00248,NORMAL,
C03979,2025-01-22,verified,A00293,LEGITIMATE_SHARED_RESOURCE,
C03980,2026-05-27,verified,A00618,NORMAL,
C03981,2025-07-25,verified,A00541,NORMAL,
C03982,2025-08-30,verified,A00536,NORMAL,
C03983,2026-05-10,verified,A00654,NORMAL,
C03984,2025-06-26,verified,A00344,NORMAL,
C03985,2025-04-17,verified,A00173,NORMAL,
C03986,2026-07-28,verified,A00042,NORMAL,
C03987,2026-07-24,verified,A00272,NORMAL,
C03988,2026-06-23,verified,A00387,LEGITIMATE_SHARED_RESOURCE,
C03989,2025-05-24,verified,A00211,NORMAL,
C03990,2025-08-17,verified,A00192,LEGITIMATE_SHARED_RESOURCE,
C03991,2025-12-12,verified,A00134,NORMAL,
C03992,2026-07-28,pending,A00403,ABUSE_RING,R0096
C03993,2026-02-17,verified,A00008,NORMAL,
C03994,2025-09-20,verified,A00638,LEGITIMATE_SHARED_RESOURCE,
C03995,2026-03-29,pending,A00259,LEGITIMATE_SHARED_RESOURCE,
C03996,2025-09-25,pending,A00479,NORMAL,
C03997,2026-03-12,verified,A00187,LEGITIMATE_SHARED_RESOURCE,
C03998,2025-05-13,verified,A00626,LEGITIMATE_SHARED_RESOURCE,
C03999,2026-02-15,verified,A00340,NORMAL,
C04000,2025-04-28,verified,A00183,NORMAL,
C04001,2025-03-10,verified,A00074,NORMAL,
C04002,2026-04-18,verified,A00381,NORMAL,
C04003,2025-05-28,verified,A00305,NORMAL,
C04004,2025-12-02,verified,A00466,NORMAL,
C04005,2025-01-30,verified,A00335,LEGITIMATE_SHARED_RESOURCE,
C04006,2025-01-08,verified,A00363,LEGITIMATE_SHARED_RESOURCE,
C04007,2026-03-27,verified,A00341,NORMAL,
C04008,2026-06-24,pending,A00497,NORMAL,
C04009,2026-03-02,verified,A00548,LEGITIMATE_SHARED_RESOURCE,
C04010,2026-04-16,verified,A00118,NORMAL,
C04011,2025-08-20,verified,A00256,NORMAL,
C04012,2025-05-02,verified,A00447,NORMAL,
C04013,2025-02-17,verified,A00241,NORMAL,
C04014,2025-07-21,verified,A00294,NORMAL,
C04015,2026-07-08,verified,A00131,NORMAL,
C04016,2025-09-20,verified,A00294,NORMAL,
C04017,2026-07-09,verified,A00397,NORMAL,
C04018,2025-01-16,verified,A00374,NORMAL,
C04019,2025-09-12,verified,A00499,NORMAL,
C04020,2026-03-11,verified,A00362,LEGITIMATE_SHARED_RESOURCE,
C04021,2025-11-15,verified,A00269,NORMAL,
C04022,2025-04-12,verified,A00593,NORMAL,
C04023,2025-04-22,verified,A00103,LEGITIMATE_SHARED_RESOURCE,
C04024,2025-10-27,verified,A00474,NORMAL,
C04025,2025-08-16,verified,A00677,LEGITIMATE_SHARED_RESOURCE,
C04026,2025-03-23,verified,A00591,LEGITIMATE_SHARED_RESOURCE,
C04027,2026-06-03,verified,A00241,NORMAL,
C04028,2025-11-17,verified,A00289,NORMAL,
C04029,2026-07-28,pending,A00009,NORMAL,
C04030,2025-04-12,verified,A00487,NORMAL,
C04031,2025-03-17,verified,A00454,NORMAL,
C04032,2026-05-17,verified,A00330,MIXED,
C04033,2026-01-30,verified,A00347,NORMAL,
C04034,2025-07-19,verified,A00617,NORMAL,
C04035,2025-01-05,verified,A00099,NORMAL,
C04036,2026-04-07,verified,A00500,NORMAL,
C04037,2026-08-07,pending,A00259,NORMAL,
C04038,2025-01-15,pending,A00003,NORMAL,
C04039,2025-07-16,verified,A00551,NORMAL,
C04040,2025-06-13,verified,A00651,NORMAL,
C04041,2025-02-15,verified,A00268,LEGITIMATE_SHARED_RESOURCE,
C04042,2025-04-10,verified,A00399,NORMAL,
C04043,2025-11-30,verified,A00303,NORMAL,
C04044,2025-02-03,verified,A00579,NORMAL,
C04045,2025-09-08,verified,A00258,LEGITIMATE_SHARED_RESOURCE,
C04046,2025-11-26,verified,A00426,NORMAL,
C04047,2025-11-23,verified,A00133,NORMAL,
C04048,2026-06-22,verified,A00173,NORMAL,
C04049,2025-09-01,verified,A00395,NORMAL,
C04050,2025-11-24,verified,A00424,NORMAL,
C04051,2025-02-14,pending,A00568,NORMAL,
C04052,2025-01-09,verified,A00557,NORMAL,
C04053,2025-01-27,verified,A00124,NORMAL,
C04054,2026-06-23,verified,A00524,NORMAL,
C04055,2025-01-14,verified,A00254,NORMAL,
C04056,2025-01-01,verified,A00200,LEGITIMATE_SHARED_RESOURCE,
C04057,2026-04-13,verified,A00560,LEGITIMATE_SHARED_RESOURCE,
C04058,2026-02-11,verified,A00491,NORMAL,
C04059,2025-06-14,verified,A00672,NORMAL,
C04060,2025-06-08,verified,A00196,NORMAL,
C04061,2025-01-11,verified,A00063,NORMAL,
C04062,2026-07-10,verified,A00435,NORMAL,
C04063,2026-08-08,verified,A00171,LEGITIMATE_SHARED_RESOURCE,
C04064,2025-07-29,verified,A00605,NORMAL,
C04065,2026-04-24,verified,A00664,LEGITIMATE_SHARED_RESOURCE,
C04066,2026-02-05,verified,A00376,NORMAL,
C04067,2025-10-03,verified,A00070,NORMAL,
C04068,2026-08-16,pending,A00061,ABUSE_RING,R0009
C04069,2026-04-02,verified,A00696,NORMAL,
C04070,2025-05-10,verified,A00138,ABUSE_RING,R0071
C04071,2025-06-20,verified,A00609,NORMAL,
C04072,2025-11-12,verified,A00159,NORMAL,
C04073,2026-07-27,verified,A00341,LEGITIMATE_SHARED_RESOURCE,
C04074,2026-07-05,verified,A00244,NORMAL,
C04075,2025-11-10,verified,A00400,LEGITIMATE_SHARED_RESOURCE,
C04076,2025-07-25,verified,A00653,LEGITIMATE_SHARED_RESOURCE,
C04077,2026-07-08,verified,A00671,LEGITIMATE_SHARED_RESOURCE,
C04078,2025-10-03,verified,A00360,NORMAL,
C04079,2025-04-01,verified,A00145,NORMAL,
C04080,2025-08-24,pending,A00369,LEGITIMATE_SHARED_RESOURCE,
C04081,2026-01-07,verified,A00517,NORMAL,
C04082,2025-12-23,verified,A00153,NORMAL,
C04083,2026-06-12,verified,A00269,NORMAL,
C04084,2026-02-14,verified,A00664,NORMAL,
C04085,2026-06-13,verified,A00100,LEGITIMATE_SHARED_RESOURCE,
C04086,2026-03-22,verified,A00615,ABUSE_RING,R0028
C04087,2025-01-28,verified,A00569,NORMAL,
C04088,2026-05-15,verified,A00019,NORMAL,
C04089,2025-06-03,verified,A00089,ABUSE_RING,R0112
C04090,2025-10-06,verified,A00616,NORMAL,
C04091,2025-02-28,pending,A00693,NORMAL,
C04092,2025-11-01,verified,A00480,NORMAL,
C04093,2026-08-03,verified,A00675,LEGITIMATE_SHARED_RESOURCE,
C04094,2025-06-10,verified,A00192,NORMAL,
C04095,2026-04-21,verified,A00521,NORMAL,
C04096,2025-04-09,verified,A00270,NORMAL,
C04097,2026-07-09,verified,A00073,ABUSE_RING,R0095
C04098,2026-07-30,pending,A00124,LEGITIMATE_SHARED_RESOURCE,
C04099,2026-04-30,verified,A00526,NORMAL,
C04100,2025-10-14,verified,A00529,NORMAL,
C04101,2025-11-05,verified,A00496,NORMAL,
C04102,2025-10-04,verified,A00044,NORMAL,
C04103,2025-02-15,verified,A00179,NORMAL,
C04104,2026-03-07,verified,A00530,NORMAL,
C04105,2026-02-12,verified,A00554,NORMAL,
C04106,2025-01-23,pending,A00506,LEGITIMATE_SHARED_RESOURCE,
C04107,2025-07-09,pending,A00058,NORMAL,
C04108,2026-07-25,verified,A00024,LEGITIMATE_SHARED_RESOURCE,
C04109,2025-12-31,verified,A00022,NORMAL,
C04110,2025-03-24,verified,A00510,NORMAL,
C04111,2025-10-20,verified,A00674,LEGITIMATE_SHARED_RESOURCE,
C04112,2025-11-26,verified,A00703,ABUSE_RING,R0045
C04113,2025-05-31,verified,A00632,NORMAL,
C04114,2025-05-12,verified,A00383,NORMAL,
C04115,2026-03-08,verified,A00705,NORMAL,
C04116,2026-07-15,verified,A00615,NORMAL,
C04117,2025-01-14,verified,A00348,LEGITIMATE_SHARED_RESOURCE,
C04118,2026-07-30,verified,A00217,LEGITIMATE_SHARED_RESOURCE,
C04119,2026-01-25,verified,A00280,NORMAL,
C04120,2025-07-11,verified,A00662,NORMAL,
C04121,2025-10-20,verified,A00695,NORMAL,
C04122,2025-02-08,verified,A00354,NORMAL,
C04123,2025-04-29,verified,A00041,NORMAL,
C04124,2026-02-07,verified,A00460,NORMAL,
C04125,2025-05-23,verified,A00276,NORMAL,
C04126,2026-03-12,verified,A00369,NORMAL,
C04127,2026-04-30,verified,A00164,NORMAL,
C04128,2025-10-22,verified,A00497,LEGITIMATE_SHARED_RESOURCE,
C04129,2025-10-23,verified,A00249,NORMAL,
C04130,2025-02-25,pending,A00545,LEGITIMATE_SHARED_RESOURCE,
C04131,2025-08-06,verified,A00136,NORMAL,
C04132,2026-07-04,verified,A00633,NORMAL,
C04133,2025-04-07,verified,A00691,NORMAL,
C04134,2025-02-28,verified,A00708,NORMAL,
C04135,2026-03-04,verified,A00657,LEGITIMATE_SHARED_RESOURCE,
C04136,2026-04-17,verified,A00692,ABUSE_RING,R0100
C04137,2025-03-24,verified,A00271,NORMAL,
C04138,2025-05-18,verified,A00158,NORMAL,
C04139,2025-06-10,verified,A00324,LEGITIMATE_SHARED_RESOURCE,
C04140,2026-08-01,verified,A00353,NORMAL,
C04141,2026-04-13,verified,A00444,NORMAL,
C04142,2026-07-23,verified,A00192,NORMAL,
C04143,2026-05-29,verified,A00388,LEGITIMATE_SHARED_RESOURCE,
C04144,2025-12-19,pending,A00369,NORMAL,
C04145,2026-01-01,verified,A00340,LEGITIMATE_SHARED_RESOURCE,
C04146,2026-06-06,verified,A00332,NORMAL,
C04147,2026-01-29,verified,A00369,NORMAL,
C04148,2025-01-26,verified,A00437,NORMAL,
C04149,2026-01-29,verified,A00513,NORMAL,
C04150,2026-05-04,verified,A00674,LEGITIMATE_SHARED_RESOURCE,
C04151,2026-02-15,verified,A00523,NORMAL,
C04152,2026-04-30,verified,A00047,LEGITIMATE_SHARED_RESOURCE,
C04153,2025-02-22,verified,A00352,NORMAL,
C04154,2025-12-27,verified,A00657,NORMAL,
C04155,2025-09-29,verified,A00256,NORMAL,
C04156,2025-09-02,verified,A00637,NORMAL,
C04157,2026-06-06,verified,A00600,NORMAL,
C04158,2025-09-29,verified,A00521,NORMAL,
C04159,2025-10-21,verified,A00007,NORMAL,
C04160,2025-10-21,verified,A00706,LEGITIMATE_SHARED_RESOURCE,
C04161,2025-11-15,verified,A00337,LEGITIMATE_SHARED_RESOURCE,
C04162,2026-01-30,verified,A00201,NORMAL,
C04163,2026-05-09,verified,A00618,LEGITIMATE_SHARED_RESOURCE,
C04164,2025-12-09,verified,A00068,NORMAL,
C04165,2026-06-20,verified,A00404,ABUSE_RING,R0105
C04166,2025-05-04,verified,A00661,NORMAL,
C04167,2026-03-28,verified,A00373,LEGITIMATE_SHARED_RESOURCE,
C04168,2025-12-23,verified,A00287,NORMAL,
C04169,2025-06-17,verified,A00538,NORMAL,
C04170,2025-04-16,verified,A00253,NORMAL,
C04171,2025-06-05,verified,A00631,NORMAL,
C04172,2026-04-17,verified,A00474,NORMAL,
C04173,2025-03-31,verified,A00006,NORMAL,
C04174,2025-04-21,verified,A00387,NORMAL,
C04175,2026-03-29,verified,A00472,NORMAL,
C04176,2025-10-29,pending,A00199,LEGITIMATE_SHARED_RESOURCE,
C04177,2026-01-24,verified,A00271,NORMAL,
C04178,2026-07-13,verified,A00003,NORMAL,
C04179,2026-06-17,verified,A00159,NORMAL,
C04180,2026-03-26,verified,A00265,NORMAL,
C04181,2025-08-17,verified,A00588,NORMAL,
C04182,2025-10-05,verified,A00619,LEGITIMATE_SHARED_RESOURCE,
C04183,2025-07-30,pending,A00314,NORMAL,
C04184,2026-05-07,verified,A00530,NORMAL,
C04185,2026-07-01,verified,A00518,NORMAL,
C04186,2026-03-04,verified,A00648,NORMAL,
C04187,2025-04-03,verified,A00540,NORMAL,
C04188,2026-05-08,verified,A00393,NORMAL,
C04189,2025-11-11,pending,A00324,NORMAL,
C04190,2026-06-21,verified,A00553,NORMAL,
C04191,2025-10-27,verified,A00634,NORMAL,
C04192,2026-03-01,verified,A00167,NORMAL,
C04193,2025-03-10,pending,A00458,NORMAL,
C04194,2026-08-01,verified,A00656,NORMAL,
C04195,2025-01-29,verified,A00199,LEGITIMATE_SHARED_RESOURCE,
C04196,2025-03-08,verified,A00430,ABUSE_RING,R0065
C04197,2025-01-21,verified,A00502,NORMAL,
C04198,2025-11-03,verified,A00644,LEGITIMATE_SHARED_RESOURCE,
C04199,2026-06-29,verified,A00310,NORMAL,
C04200,2025-12-11,verified,A00551,NORMAL,
C04201,2026-03-29,verified,A00329,NORMAL,
C04202,2026-01-19,verified,A00097,NORMAL,
C04203,2025-06-24,verified,A00093,LEGITIMATE_SHARED_RESOURCE,
C04204,2025-08-21,verified,A00531,NORMAL,
C04205,2025-09-05,verified,A00215,NORMAL,
C04206,2025-04-22,verified,A00707,LEGITIMATE_SHARED_RESOURCE,
C04207,2025-09-05,verified,A00315,NORMAL,
C04208,2025-04-22,verified,A00242,NORMAL,
C04209,2025-09-25,verified,A00177,NORMAL,
C04210,2025-07-26,verified,A00379,NORMAL,
C04211,2026-06-13,verified,A00186,LEGITIMATE_SHARED_RESOURCE,
C04212,2025-10-23,verified,A00512,ABUSE_RING,R0005
C04213,2025-03-21,pending,A00393,NORMAL,
C04214,2025-07-03,verified,A00477,MIXED,R0122
C04215,2025-10-04,verified,A00341,NORMAL,
C04216,2025-04-16,pending,A00290,ABUSE_RING,R0001
C04217,2025-05-09,verified,A00422,NORMAL,
C04218,2025-07-25,verified,A00057,NORMAL,
C04219,2025-06-07,verified,A00476,NORMAL,
C04220,2025-09-20,verified,A00035,LEGITIMATE_SHARED_RESOURCE,
C04221,2025-05-13,verified,A00077,NORMAL,
C04222,2025-02-15,pending,A00003,LEGITIMATE_SHARED_RESOURCE,
C04223,2026-05-12,verified,A00304,ABUSE_RING,R0016
C04224,2025-10-08,verified,A00287,NORMAL,
C04225,2026-03-02,verified,A00666,NORMAL,
C04226,2026-01-20,pending,A00214,NORMAL,
C04227,2025-09-09,verified,A00408,NORMAL,
C04228,2025-10-12,verified,A00414,NORMAL,
C04229,2025-07-03,verified,A00561,NORMAL,
C04230,2026-05-23,verified,A00176,LEGITIMATE_SHARED_RESOURCE,
C04231,2025-12-05,verified,A00369,NORMAL,
C04232,2025-04-01,verified,A00656,NORMAL,
C04233,2025-08-22,pending,A00098,NORMAL,
C04234,2026-05-02,verified,A00203,LEGITIMATE_SHARED_RESOURCE,
C04235,2026-01-26,pending,A00375,NORMAL,
C04236,2025-02-14,verified,A00675,NORMAL,
C04237,2025-11-16,verified,A00174,LEGITIMATE_SHARED_RESOURCE,
C04238,2026-02-02,verified,A00146,LEGITIMATE_SHARED_RESOURCE,
C04239,2025-09-09,verified,A00671,ABUSE_RING,R0075
C04240,2026-04-27,verified,A00173,NORMAL,
C04241,2025-09-20,verified,A00328,NORMAL,
C04242,2026-01-04,verified,A00243,NORMAL,
C04243,2025-02-16,verified,A00079,MIXED,R0121
C04244,2025-04-29,pending,A00628,NORMAL,
C04245,2025-01-18,verified,A00375,LEGITIMATE_SHARED_RESOURCE,
C04246,2026-06-28,pending,A00139,NORMAL,
C04247,2026-04-30,verified,A00650,NORMAL,
C04248,2025-06-19,verified,A00053,NORMAL,
C04249,2026-06-03,verified,A00384,LEGITIMATE_SHARED_RESOURCE,
C04250,2026-03-05,verified,A00681,NORMAL,
C04251,2025-08-19,verified,A00375,NORMAL,
C04252,2026-01-02,verified,A00522,NORMAL,
C04253,2026-01-15,verified,A00065,NORMAL,
C04254,2026-06-23,verified,A00570,NORMAL,
C04255,2025-09-24,verified,A00628,NORMAL,
C04256,2026-08-01,verified,A00305,NORMAL,
C04257,2026-06-27,verified,A00594,NORMAL,
C04258,2026-07-28,verified,A00354,LEGITIMATE_SHARED_RESOURCE,
C04259,2026-01-04,verified,A00214,NORMAL,
C04260,2025-07-27,pending,A00004,NORMAL,
C04261,2026-04-17,verified,A00129,LEGITIMATE_SHARED_RESOURCE,
C04262,2026-02-20,verified,A00001,ABUSE_RING,R0003
C04263,2026-08-15,verified,A00011,NORMAL,
C04264,2025-11-08,verified,A00380,NORMAL,
C04265,2025-01-27,verified,A00323,NORMAL,
C04266,2025-01-16,verified,A00696,NORMAL,
C04267,2026-02-06,verified,A00331,NORMAL,
C04268,2026-06-13,verified,A00627,NORMAL,
C04269,2025-02-09,verified,A00331,NORMAL,
C04270,2026-07-02,pending,A00605,NORMAL,
C04271,2026-05-24,verified,A00137,NORMAL,
C04272,2025-06-17,verified,A00297,LEGITIMATE_SHARED_RESOURCE,
C04273,2025-07-06,verified,A00246,NORMAL,
C04274,2025-01-19,verified,A00245,LEGITIMATE_SHARED_RESOURCE,
C04275,2025-03-07,verified,A00039,NORMAL,
C04276,2026-03-16,verified,A00481,NORMAL,
C04277,2025-04-14,verified,A00253,NORMAL,
C04278,2026-01-26,verified,A00349,LEGITIMATE_SHARED_RESOURCE,
C04279,2025-03-22,verified,A00094,NORMAL,
C04280,2025-11-05,pending,A00151,NORMAL,
C04281,2025-02-20,pending,A00158,NORMAL,
C04282,2026-07-15,verified,A00137,NORMAL,
C04283,2025-05-28,verified,A00568,NORMAL,
C04284,2026-02-26,verified,A00124,LEGITIMATE_SHARED_RESOURCE,
C04285,2025-10-04,verified,A00135,NORMAL,
C04286,2025-10-22,pending,A00306,LEGITIMATE_SHARED_RESOURCE,
C04287,2025-05-20,verified,A00609,NORMAL,
C04288,2025-06-09,verified,A00246,ABUSE_RING,R0055
C04289,2025-01-23,verified,A00708,LEGITIMATE_SHARED_RESOURCE,
C04290,2025-05-15,verified,A00058,NORMAL,
C04291,2025-01-16,verified,A00196,ABUSE_RING,R0043
C04292,2025-05-13,verified,A00619,LEGITIMATE_SHARED_RESOURCE,
C04293,2025-06-25,verified,A00689,NORMAL,
C04294,2025-06-14,verified,A00242,NORMAL,
C04295,2025-12-07,verified,A00601,NORMAL,
C04296,2026-05-16,verified,A00239,NORMAL,
C04297,2025-12-10,verified,A00166,NORMAL,
C04298,2025-11-27,pending,A00120,ABUSE_RING,R0078
C04299,2026-05-12,pending,A00189,NORMAL,
C04300,2025-10-15,verified,A00532,NORMAL,
C04301,2025-10-09,verified,A00500,NORMAL,
C04302,2026-01-20,verified,A00551,NORMAL,
C04303,2026-04-11,verified,A00372,ABUSE_RING,R0098
C04304,2025-08-09,verified,A00282,NORMAL,
C04305,2025-01-04,verified,A00001,NORMAL,
C04306,2026-04-22,verified,A00056,NORMAL,
C04307,2026-02-06,verified,A00244,NORMAL,
C04308,2026-01-21,verified,A00497,NORMAL,
C04309,2025-07-12,pending,A00343,MIXED,R0131
C04310,2026-03-10,verified,A00168,LEGITIMATE_SHARED_RESOURCE,
C04311,2026-03-08,verified,A00203,NORMAL,
C04312,2026-03-16,verified,A00150,NORMAL,
C04313,2025-10-26,verified,A00613,NORMAL,
C04314,2026-07-13,verified,A00462,NORMAL,
C04315,2026-04-11,verified,A00187,LEGITIMATE_SHARED_RESOURCE,
C04316,2025-11-04,verified,A00515,NORMAL,
C04317,2025-06-09,verified,A00443,NORMAL,
C04318,2025-06-20,verified,A00170,LEGITIMATE_SHARED_RESOURCE,
C04319,2025-07-10,pending,A00543,NORMAL,
C04320,2025-08-17,verified,A00085,NORMAL,
C04321,2025-07-21,verified,A00334,NORMAL,
C04322,2025-06-30,verified,A00223,ABUSE_RING,R0020
C04323,2025-12-12,verified,A00029,NORMAL,
C04324,2026-01-30,verified,A00698,LEGITIMATE_SHARED_RESOURCE,
C04325,2025-01-29,verified,A00299,NORMAL,
C04326,2025-02-13,verified,A00704,ABUSE_RING,R0042
C04327,2025-04-09,pending,A00307,NORMAL,
C04328,2025-03-18,verified,A00347,NORMAL,
C04329,2025-06-14,verified,A00159,LEGITIMATE_SHARED_RESOURCE,
C04330,2025-09-15,verified,A00398,NORMAL,
C04331,2026-03-30,verified,A00535,NORMAL,
C04332,2026-08-04,verified,A00233,NORMAL,
C04333,2025-12-23,verified,A00425,NORMAL,
C04334,2025-06-10,verified,A00629,NORMAL,
C04335,2025-07-13,verified,A00471,LEGITIMATE_SHARED_RESOURCE,
C04336,2025-10-13,verified,A00202,NORMAL,
C04337,2025-12-17,verified,A00240,LEGITIMATE_SHARED_RESOURCE,
C04338,2025-08-01,verified,A00458,NORMAL,
C04339,2026-06-05,verified,A00597,NORMAL,
C04340,2026-01-09,verified,A00082,NORMAL,
C04341,2025-01-23,verified,A00034,NORMAL,
C04342,2026-08-17,verified,A00275,NORMAL,
C04343,2025-12-15,verified,A00371,NORMAL,
C04344,2026-08-08,verified,A00521,NORMAL,
C04345,2025-07-09,verified,A00489,LEGITIMATE_SHARED_RESOURCE,
C04346,2025-05-13,verified,A00698,LEGITIMATE_SHARED_RESOURCE,
C04347,2025-07-15,verified,A00494,NORMAL,
C04348,2025-01-05,verified,A00072,NORMAL,
C04349,2026-07-25,verified,A00311,NORMAL,
C04350,2026-05-31,verified,A00404,NORMAL,
C04351,2026-04-13,verified,A00646,NORMAL,
C04352,2025-12-25,verified,A00635,NORMAL,
C04353,2025-04-11,verified,A00256,MIXED,
C04354,2026-01-11,pending,A00390,NORMAL,
C04355,2026-01-07,verified,A00654,NORMAL,
C04356,2026-01-26,verified,A00681,LEGITIMATE_SHARED_RESOURCE,
C04357,2025-05-23,verified,A00677,LEGITIMATE_SHARED_RESOURCE,
C04358,2025-01-01,verified,A00341,NORMAL,
C04359,2025-05-14,verified,A00378,NORMAL,
C04360,2025-09-28,verified,A00106,NORMAL,
C04361,2025-04-24,verified,A00064,ABUSE_RING,R0035
C04362,2026-01-12,verified,A00421,NORMAL,
C04363,2025-07-02,verified,A00074,LEGITIMATE_SHARED_RESOURCE,
C04364,2025-05-27,verified,A00418,LEGITIMATE_SHARED_RESOURCE,
C04365,2026-04-02,verified,A00661,NORMAL,
C04366,2026-06-04,verified,A00663,NORMAL,
C04367,2026-08-07,verified,A00051,ABUSE_RING,R0104
C04368,2025-11-17,verified,A00310,NORMAL,
C04369,2026-05-11,verified,A00206,NORMAL,
C04370,2026-03-11,verified,A00175,NORMAL,
C04371,2025-10-23,verified,A00333,NORMAL,
C04372,2025-07-23,pending,A00160,NORMAL,
C04373,2025-01-25,verified,A00278,NORMAL,
C04374,2025-08-19,verified,A00418,LEGITIMATE_SHARED_RESOURCE,
C04375,2025-03-10,verified,A00226,LEGITIMATE_SHARED_RESOURCE,
C04376,2025-11-02,verified,A00682,ABUSE_RING,R0015
C04377,2025-08-01,verified,A00354,NORMAL,
C04378,2025-06-02,verified,A00273,NORMAL,
C04379,2025-07-14,verified,A00045,NORMAL,
C04380,2025-03-08,verified,A00422,NORMAL,
C04381,2026-07-01,verified,A00031,NORMAL,
C04382,2026-01-09,verified,A00080,NORMAL,
C04383,2025-07-10,verified,A00373,NORMAL,
C04384,2025-06-17,verified,A00412,LEGITIMATE_SHARED_RESOURCE,
C04385,2025-10-10,verified,A00289,LEGITIMATE_SHARED_RESOURCE,
C04386,2026-03-25,verified,A00064,NORMAL,
C04387,2026-03-22,verified,A00642,NORMAL,
C04388,2026-01-26,verified,A00168,NORMAL,
C04389,2026-06-03,verified,A00239,NORMAL,
C04390,2025-02-07,verified,A00675,LEGITIMATE_SHARED_RESOURCE,
C04391,2025-01-31,verified,A00082,NORMAL,
C04392,2025-02-10,verified,A00038,NORMAL,
C04393,2025-04-22,verified,A00297,NORMAL,
C04394,2026-06-21,verified,A00381,NORMAL,
C04395,2026-02-06,verified,A00305,NORMAL,
C04396,2025-05-12,verified,A00522,NORMAL,
C04397,2026-05-09,verified,A00601,NORMAL,
C04398,2025-01-21,verified,A00263,NORMAL,
C04399,2026-08-22,verified,A00056,LEGITIMATE_SHARED_RESOURCE,
C04400,2025-03-05,verified,A00197,LEGITIMATE_SHARED_RESOURCE,
C04401,2025-03-15,verified,A00301,NORMAL,
C04402,2026-08-07,verified,A00032,NORMAL,
C04403,2025-10-18,verified,A00213,NORMAL,
C04404,2025-01-17,verified,A00425,NORMAL,
C04405,2025-10-24,verified,A00272,LEGITIMATE_SHARED_RESOURCE,
C04406,2025-03-29,verified,A00061,NORMAL,
C04407,2026-04-15,verified,A00282,NORMAL,
C04408,2025-07-31,verified,A00357,NORMAL,
C04409,2026-01-15,verified,A00223,NORMAL,
C04410,2025-04-01,verified,A00535,LEGITIMATE_SHARED_RESOURCE,
C04411,2026-06-10,verified,A00325,NORMAL,
C04412,2025-02-09,verified,A00016,NORMAL,
C04413,2026-03-17,verified,A00367,NORMAL,
C04414,2025-04-29,verified,A00272,NORMAL,
C04415,2026-06-19,verified,A00074,NORMAL,
C04416,2025-12-07,verified,A00581,NORMAL,
C04417,2025-12-26,verified,A00135,LEGITIMATE_SHARED_RESOURCE,
C04418,2026-04-14,verified,A00702,ABUSE_RING,R0063
C04419,2025-06-09,verified,A00236,NORMAL,
C04420,2026-07-07,verified,A00108,NORMAL,
C04421,2025-12-09,verified,A00082,LEGITIMATE_SHARED_RESOURCE,
C04422,2026-03-21,verified,A00483,NORMAL,
C04423,2025-04-09,verified,A00379,NORMAL,
C04424,2025-07-17,verified,A00037,NORMAL,
C04425,2026-02-07,verified,A00432,NORMAL,
C04426,2025-11-30,verified,A00261,NORMAL,
C04427,2026-05-26,verified,A00326,NORMAL,
C04428,2025-12-23,verified,A00037,NORMAL,
C04429,2026-05-24,verified,A00077,LEGITIMATE_SHARED_RESOURCE,
C04430,2025-07-11,verified,A00450,NORMAL,
C04431,2025-05-29,verified,A00033,NORMAL,
C04432,2026-07-13,verified,A00314,NORMAL,
C04433,2025-11-25,verified,A00182,LEGITIMATE_SHARED_RESOURCE,
C04434,2025-11-04,pending,A00562,NORMAL,
C04435,2026-06-14,verified,A00036,ABUSE_RING,R0054
C04436,2026-03-15,verified,A00132,NORMAL,
C04437,2025-11-22,verified,A00236,LEGITIMATE_SHARED_RESOURCE,
C04438,2025-08-29,verified,A00102,NORMAL,
C04439,2025-01-16,pending,A00597,LEGITIMATE_SHARED_RESOURCE,
C04440,2026-08-12,verified,A00077,NORMAL,
C04441,2025-04-11,pending,A00276,NORMAL,
C04442,2025-03-02,verified,A00610,NORMAL,
C04443,2026-06-02,verified,A00640,NORMAL,
C04444,2026-04-08,pending,A00114,NORMAL,
C04445,2025-05-19,verified,A00659,NORMAL,
C04446,2025-07-09,verified,A00459,NORMAL,
C04447,2025-11-10,verified,A00344,NORMAL,
C04448,2025-09-21,verified,A00365,LEGITIMATE_SHARED_RESOURCE,
C04449,2025-09-29,verified,A00306,NORMAL,
C04450,2025-12-05,verified,A00153,NORMAL,
C04451,2026-02-19,verified,A00661,NORMAL,
C04452,2025-06-27,verified,A00546,NORMAL,
C04453,2026-03-20,verified,A00404,NORMAL,
C04454,2026-03-24,verified,A00562,NORMAL,
C04455,2025-03-06,verified,A00039,LEGITIMATE_SHARED_RESOURCE,
C04456,2025-12-09,verified,A00176,NORMAL,
C04457,2026-08-03,verified,A00139,NORMAL,
C04458,2026-04-25,verified,A00278,LEGITIMATE_SHARED_RESOURCE,
C04459,2025-07-13,verified,A00437,LEGITIMATE_SHARED_RESOURCE,
C04460,2026-05-20,verified,A00633,NORMAL,
C04461,2026-06-14,verified,A00395,NORMAL,
C04462,2026-04-12,verified,A00069,NORMAL,
C04463,2025-01-12,verified,A00523,NORMAL,
C04464,2025-05-18,verified,A00056,NORMAL,
C04465,2026-05-31,verified,A00229,NORMAL,
C04466,2026-01-03,verified,A00225,NORMAL,
C04467,2025-07-15,verified,A00100,NORMAL,
C04468,2025-12-30,verified,A00183,NORMAL,
C04469,2025-02-26,verified,A00688,LEGITIMATE_SHARED_RESOURCE,
C04470,2025-09-12,verified,A00395,LEGITIMATE_SHARED_RESOURCE,
C04471,2025-03-27,verified,A00397,NORMAL,
C04472,2025-06-17,verified,A00457,NORMAL,
C04473,2025-06-04,verified,A00334,LEGITIMATE_SHARED_RESOURCE,
C04474,2025-04-30,verified,A00391,LEGITIMATE_SHARED_RESOURCE,
C04475,2026-02-15,verified,A00699,LEGITIMATE_SHARED_RESOURCE,
C04476,2026-07-30,pending,A00429,NORMAL,
C04477,2026-08-24,verified,A00114,NORMAL,
C04478,2025-03-31,verified,A00021,NORMAL,
C04479,2026-07-22,verified,A00690,NORMAL,
C04480,2025-09-03,verified,A00582,NORMAL,
C04481,2025-07-04,verified,A00688,NORMAL,
C04482,2026-05-04,verified,A00496,NORMAL,
C04483,2025-08-10,verified,A00022,LEGITIMATE_SHARED_RESOURCE,
C04484,2026-06-26,verified,A00212,NORMAL,
C04485,2025-08-12,verified,A00610,LEGITIMATE_SHARED_RESOURCE,
C04486,2025-12-21,verified,A00401,NORMAL,
C04487,2026-02-19,verified,A00506,NORMAL,
C04488,2026-03-15,verified,A00349,ABUSE_RING,R0009
C04489,2025-12-29,verified,A00662,NORMAL,
C04490,2025-01-28,verified,A00348,NORMAL,
C04491,2025-02-19,verified,A00055,NORMAL,
C04492,2026-07-16,verified,A00427,LEGITIMATE_SHARED_RESOURCE,
C04493,2025-07-11,verified,A00709,LEGITIMATE_SHARED_RESOURCE,
C04494,2026-06-02,verified,A00360,NORMAL,
C04495,2026-01-15,verified,A00303,NORMAL,
C04496,2025-11-16,verified,A00600,LEGITIMATE_SHARED_RESOURCE,
C04497,2026-08-11,verified,A00070,NORMAL,
C04498,2025-05-10,verified,A00428,LEGITIMATE_SHARED_RESOURCE,
C04499,2025-03-09,verified,A00381,NORMAL,
C04500,2025-01-14,verified,A00611,NORMAL,
C04501,2026-08-22,verified,A00044,NORMAL,
C04502,2026-03-27,verified,A00596,NORMAL,
C04503,2025-05-01,verified,A00517,LEGITIMATE_SHARED_RESOURCE,
C04504,2025-04-23,verified,A00318,NORMAL,
C04505,2026-07-04,verified,A00506,NORMAL,
C04506,2026-06-19,verified,A00015,NORMAL,
C04507,2025-08-31,verified,A00096,ABUSE_RING,R0023
C04508,2026-04-06,verified,A00578,LEGITIMATE_SHARED_RESOURCE,
C04509,2025-04-06,pending,A00490,NORMAL,
C04510,2026-03-22,verified,A00381,NORMAL,
C04511,2025-01-24,pending,A00684,NORMAL,
C04512,2025-02-11,verified,A00506,LEGITIMATE_SHARED_RESOURCE,
C04513,2025-12-14,verified,A00204,NORMAL,
C04514,2025-04-18,verified,A00457,NORMAL,
C04515,2025-12-29,verified,A00681,NORMAL,
C04516,2025-05-16,verified,A00636,LEGITIMATE_SHARED_RESOURCE,
C04517,2025-11-26,verified,A00552,LEGITIMATE_SHARED_RESOURCE,
C04518,2025-09-11,verified,A00404,NORMAL,
C04519,2025-02-06,pending,A00598,LEGITIMATE_SHARED_RESOURCE,
C04520,2025-03-02,verified,A00508,NORMAL,
C04521,2025-10-26,verified,A00453,LEGITIMATE_SHARED_RESOURCE,
C04522,2026-01-04,verified,A00484,NORMAL,
C04523,2026-01-12,verified,A00333,NORMAL,
C04524,2025-03-18,verified,A00255,NORMAL,
C04525,2025-09-22,verified,A00506,NORMAL,
C04526,2025-10-19,verified,A00140,NORMAL,
C04527,2026-05-24,verified,A00108,LEGITIMATE_SHARED_RESOURCE,
C04528,2025-06-24,verified,A00559,NORMAL,
C04529,2025-02-15,verified,A00027,NORMAL,
C04530,2025-08-01,verified,A00092,LEGITIMATE_SHARED_RESOURCE,
C04531,2025-01-03,verified,A00256,NORMAL,
C04532,2025-05-27,verified,A00006,LEGITIMATE_SHARED_RESOURCE,
C04533,2026-05-30,verified,A00246,NORMAL,
C04534,2025-09-21,pending,A00415,MIXED,R0117
C04535,2025-01-10,verified,A00630,NORMAL,
C04536,2025-01-26,verified,A00356,NORMAL,
C04537,2026-05-16,verified,A00548,LEGITIMATE_SHARED_RESOURCE,
C04538,2025-12-29,verified,A00411,LEGITIMATE_SHARED_RESOURCE,
C04539,2026-02-13,verified,A00019,NORMAL,
C04540,2026-05-26,verified,A00267,NORMAL,
C04541,2025-11-16,verified,A00614,NORMAL,
C04542,2025-02-19,verified,A00605,NORMAL,
C04543,2025-10-23,verified,A00409,NORMAL,
C04544,2025-03-18,verified,A00663,LEGITIMATE_SHARED_RESOURCE,
C04545,2025-05-25,verified,A00173,NORMAL,
C04546,2026-04-23,verified,A00455,LEGITIMATE_SHARED_RESOURCE,
C04547,2025-05-16,verified,A00020,NORMAL,
C04548,2025-12-15,verified,A00664,LEGITIMATE_SHARED_RESOURCE,
C04549,2025-02-08,verified,A00391,NORMAL,
C04550,2025-01-20,verified,A00185,NORMAL,
C04551,2026-06-20,verified,A00423,NORMAL,
C04552,2025-12-31,verified,A00599,NORMAL,
C04553,2025-05-26,pending,A00544,NORMAL,
C04554,2025-11-21,verified,A00520,NORMAL,
C04555,2026-02-15,pending,A00640,LEGITIMATE_SHARED_RESOURCE,
C04556,2026-08-13,verified,A00197,NORMAL,
C04557,2026-08-23,verified,A00282,LEGITIMATE_SHARED_RESOURCE,
C04558,2025-12-27,verified,A00622,NORMAL,
C04559,2025-03-06,verified,A00181,NORMAL,
C04560,2025-08-27,verified,A00570,NORMAL,
C04561,2026-03-28,verified,A00655,NORMAL,
C04562,2025-11-08,verified,A00230,NORMAL,
C04563,2025-08-18,verified,A00452,LEGITIMATE_SHARED_RESOURCE,
C04564,2025-08-26,verified,A00660,LEGITIMATE_SHARED_RESOURCE,
C04565,2025-02-07,verified,A00064,NORMAL,
C04566,2026-06-09,verified,A00348,NORMAL,
C04567,2025-08-17,verified,A00480,LEGITIMATE_SHARED_RESOURCE,
C04568,2025-11-10,verified,A00222,LEGITIMATE_SHARED_RESOURCE,
C04569,2025-04-18,verified,A00224,NORMAL,
C04570,2025-09-19,verified,A00587,NORMAL,
C04571,2025-01-17,verified,A00293,NORMAL,
C04572,2025-06-19,verified,A00551,NORMAL,
C04573,2025-12-17,verified,A00208,LEGITIMATE_SHARED_RESOURCE,
C04574,2025-10-30,verified,A00675,NORMAL,
C04575,2025-03-22,verified,A00164,NORMAL,
C04576,2025-04-25,verified,A00437,NORMAL,
C04577,2026-05-19,verified,A00005,NORMAL,
C04578,2026-06-20,pending,A00419,NORMAL,
C04579,2025-02-15,verified,A00388,NORMAL,
C04580,2026-03-14,verified,A00518,NORMAL,
C04581,2026-04-02,verified,A00164,NORMAL,
C04582,2025-11-14,verified,A00379,LEGITIMATE_SHARED_RESOURCE,
C04583,2026-03-08,verified,A00134,NORMAL,
C04584,2026-08-14,verified,A00338,NORMAL,
C04585,2025-09-14,verified,A00043,LEGITIMATE_SHARED_RESOURCE,
C04586,2025-11-04,verified,A00642,LEGITIMATE_SHARED_RESOURCE,
C04587,2025-12-11,verified,A00239,NORMAL,
C04588,2026-08-12,verified,A00199,NORMAL,
C04589,2026-06-24,verified,A00204,LEGITIMATE_SHARED_RESOURCE,
C04590,2025-09-17,verified,A00400,NORMAL,
C04591,2025-01-24,verified,A00264,NORMAL,
C04592,2025-10-29,verified,A00401,NORMAL,
C04593,2025-02-14,verified,A00415,NORMAL,
C04594,2025-12-05,pending,A00188,LEGITIMATE_SHARED_RESOURCE,
C04595,2026-07-24,verified,A00229,NORMAL,
C04596,2025-03-20,verified,A00207,NORMAL,
C04597,2025-01-23,verified,A00478,NORMAL,
C04598,2025-04-17,verified,A00299,NORMAL,
C04599,2026-06-24,verified,A00529,NORMAL,
C04600,2026-03-12,pending,A00078,NORMAL,
C04601,2026-01-03,verified,A00653,LEGITIMATE_SHARED_RESOURCE,
C04602,2025-08-20,pending,A00245,NORMAL,
C04603,2025-10-11,verified,A00073,NORMAL,
C04604,2025-07-03,verified,A00153,NORMAL,
C04605,2025-09-15,verified,A00090,NORMAL,
C04606,2026-06-05,verified,A00509,NORMAL,
C04607,2026-07-28,verified,A00312,NORMAL,
C04608,2026-05-19,verified,A00315,NORMAL,
C04609,2025-05-29,verified,A00025,NORMAL,
C04610,2026-04-14,verified,A00316,NORMAL,
C04611,2025-08-16,verified,A00137,NORMAL,
C04612,2025-02-16,verified,A00610,ABUSE_RING,R0069
C04613,2025-12-31,verified,A00061,NORMAL,
C04614,2025-02-26,verified,A00439,NORMAL,
C04615,2026-04-03,verified,A00341,NORMAL,
C04616,2025-12-09,verified,A00329,NORMAL,
C04617,2025-07-14,pending,A00327,NORMAL,
C04618,2026-05-11,verified,A00653,NORMAL,
C04619,2026-01-28,verified,A00668,LEGITIMATE_SHARED_RESOURCE,
C04620,2025-08-14,verified,A00464,MIXED,R0130
C04621,2025-08-02,verified,A00399,NORMAL,
C04622,2025-03-11,verified,A00260,LEGITIMATE_SHARED_RESOURCE,
C04623,2026-04-29,verified,A00365,NORMAL,
C04624,2025-04-06,verified,A00230,LEGITIMATE_SHARED_RESOURCE,
C04625,2025-06-03,verified,A00448,NORMAL,
C04626,2026-03-02,verified,A00657,LEGITIMATE_SHARED_RESOURCE,
C04627,2025-10-09,verified,A00708,LEGITIMATE_SHARED_RESOURCE,
C04628,2025-06-10,pending,A00271,LEGITIMATE_SHARED_RESOURCE,
C04629,2025-09-05,verified,A00559,NORMAL,
C04630,2025-12-17,verified,A00541,LEGITIMATE_SHARED_RESOURCE,
C04631,2025-06-15,verified,A00698,NORMAL,
C04632,2026-01-06,verified,A00486,NORMAL,
C04633,2025-07-27,verified,A00397,ABUSE_RING,R0087
C04634,2025-03-11,verified,A00401,NORMAL,
C04635,2025-01-31,verified,A00686,NORMAL,
C04636,2025-09-19,verified,A00610,LEGITIMATE_SHARED_RESOURCE,
C04637,2026-01-22,verified,A00062,NORMAL,
C04638,2025-03-04,verified,A00603,NORMAL,
C04639,2025-06-08,verified,A00693,NORMAL,
C04640,2026-06-08,verified,A00694,LEGITIMATE_SHARED_RESOURCE,
C04641,2025-12-04,pending,A00671,NORMAL,
C04642,2026-03-13,verified,A00457,NORMAL,
C04643,2026-06-17,verified,A00571,NORMAL,
C04644,2026-05-01,verified,A00392,NORMAL,
C04645,2025-12-03,verified,A00138,NORMAL,
C04646,2025-08-18,verified,A00483,NORMAL,
C04647,2025-05-05,verified,A00118,LEGITIMATE_SHARED_RESOURCE,
C04648,2025-07-17,verified,A00675,ABUSE_RING,R0018
C04649,2025-01-07,verified,A00545,NORMAL,
C04650,2025-06-17,verified,A00365,NORMAL,
C04651,2026-03-18,pending,A00186,ABUSE_RING,R0056
C04652,2026-08-07,verified,A00684,LEGITIMATE_SHARED_RESOURCE,
C04653,2026-01-21,verified,A00398,NORMAL,
C04654,2025-07-03,verified,A00258,NORMAL,
C04655,2025-12-16,verified,A00265,NORMAL,
C04656,2025-01-15,verified,A00313,LEGITIMATE_SHARED_RESOURCE,
C04657,2026-08-22,verified,A00523,NORMAL,
C04658,2026-08-10,verified,A00460,LEGITIMATE_SHARED_RESOURCE,
C04659,2026-01-05,verified,A00338,NORMAL,
C04660,2025-08-31,verified,A00306,LEGITIMATE_SHARED_RESOURCE,
C04661,2025-06-23,verified,A00051,NORMAL,
C04662,2026-08-16,verified,A00035,NORMAL,
C04663,2025-12-06,verified,A00267,LEGITIMATE_SHARED_RESOURCE,
C04664,2026-05-22,verified,A00367,NORMAL,
C04665,2026-06-01,verified,A00206,NORMAL,
C04666,2025-01-12,verified,A00576,NORMAL,
C04667,2026-04-25,verified,A00708,ABUSE_RING,R0100
C04668,2025-06-18,verified,A00064,NORMAL,
C04669,2025-10-07,verified,A00524,NORMAL,
C04670,2026-07-08,verified,A00151,NORMAL,
C04671,2026-06-16,verified,A00362,NORMAL,
C04672,2026-06-15,verified,A00668,NORMAL,
C04673,2025-09-30,verified,A00135,NORMAL,
C04674,2026-08-20,verified,A00679,LEGITIMATE_SHARED_RESOURCE,
C04675,2026-04-23,verified,A00246,NORMAL,
C04676,2026-07-17,verified,A00277,NORMAL,
C04677,2025-06-30,verified,A00063,NORMAL,
C04678,2025-06-09,verified,A00266,NORMAL,
C04679,2026-07-03,verified,A00309,NORMAL,
C04680,2026-03-11,verified,A00395,NORMAL,
C04681,2026-07-26,verified,A00048,NORMAL,
C04682,2026-07-07,verified,A00411,NORMAL,
C04683,2025-07-24,verified,A00262,NORMAL,
C04684,2025-06-28,verified,A00315,NORMAL,
C04685,2026-03-26,verified,A00107,NORMAL,
C04686,2025-04-25,verified,A00564,NORMAL,
C04687,2026-04-13,verified,A00550,NORMAL,
C04688,2025-03-29,verified,A00417,LEGITIMATE_SHARED_RESOURCE,
C04689,2025-05-06,verified,A00414,NORMAL,
C04690,2025-06-10,verified,A00501,NORMAL,
C04691,2025-08-05,verified,A00486,NORMAL,
C04692,2025-03-29,verified,A00541,LEGITIMATE_SHARED_RESOURCE,
C04693,2026-05-23,verified,A00299,NORMAL,
C04694,2025-01-21,verified,A00221,NORMAL,
C04695,2025-03-19,verified,A00121,NORMAL,
C04696,2026-02-12,verified,A00124,LEGITIMATE_SHARED_RESOURCE,
C04697,2026-03-11,verified,A00691,NORMAL,
C04698,2026-02-11,verified,A00559,NORMAL,
C04699,2026-06-20,verified,A00659,NORMAL,
C04700,2026-03-18,verified,A00403,NORMAL,
C04701,2025-06-26,pending,A00078,NORMAL,
C04702,2026-05-30,verified,A00320,NORMAL,
C04703,2026-04-21,verified,A00645,NORMAL,
C04704,2025-07-05,verified,A00506,NORMAL,
C04705,2026-02-19,verified,A00566,NORMAL,
C04706,2026-03-10,verified,A00704,NORMAL,
C04707,2026-04-12,verified,A00454,NORMAL,
C04708,2025-04-05,verified,A00532,NORMAL,
C04709,2026-08-08,verified,A00625,NORMAL,
C04710,2025-05-25,verified,A00550,NORMAL,
C04711,2026-01-15,verified,A00197,NORMAL,
C04712,2025-11-20,pending,A00612,LEGITIMATE_SHARED_RESOURCE,
C04713,2026-05-30,verified,A00027,ABUSE_RING,R0015
C04714,2025-07-13,verified,A00072,NORMAL,
C04715,2025-08-17,verified,A00245,NORMAL,
C04716,2025-09-15,verified,A00132,NORMAL,
C04717,2025-10-20,verified,A00099,NORMAL,
C04718,2025-03-09,verified,A00323,NORMAL,
C04719,2026-06-15,pending,A00186,NORMAL,
C04720,2025-03-09,verified,A00580,NORMAL,
C04721,2025-12-08,verified,A00095,NORMAL,
C04722,2025-01-02,verified,A00027,LEGITIMATE_SHARED_RESOURCE,
C04723,2026-03-22,verified,A00669,NORMAL,
C04724,2026-03-14,pending,A00621,NORMAL,
C04725,2025-07-22,verified,A00120,NORMAL,
C04726,2025-08-03,verified,A00401,NORMAL,
C04727,2025-11-01,verified,A00567,LEGITIMATE_SHARED_RESOURCE,
C04728,2025-07-21,verified,A00304,NORMAL,
C04729,2025-06-15,verified,A00009,NORMAL,
C04730,2025-08-17,pending,A00251,NORMAL,
C04731,2025-09-06,verified,A00180,NORMAL,
C04732,2025-04-01,verified,A00165,LEGITIMATE_SHARED_RESOURCE,
C04733,2025-12-12,pending,A00414,NORMAL,
C04734,2026-04-07,verified,A00611,LEGITIMATE_SHARED_RESOURCE,
C04735,2025-03-12,verified,A00603,NORMAL,
C04736,2026-01-02,verified,A00460,NORMAL,
C04737,2026-04-28,verified,A00098,LEGITIMATE_SHARED_RESOURCE,
C04738,2026-05-07,verified,A00439,NORMAL,
C04739,2026-06-30,verified,A00129,LEGITIMATE_SHARED_RESOURCE,
C04740,2026-01-14,verified,A00192,LEGITIMATE_SHARED_RESOURCE,
C04741,2025-02-12,verified,A00273,LEGITIMATE_SHARED_RESOURCE,
C04742,2025-08-10,verified,A00380,NORMAL,
C04743,2026-02-02,verified,A00198,NORMAL,
C04744,2026-02-10,verified,A00631,NORMAL,
C04745,2026-06-07,verified,A00236,NORMAL,
C04746,2026-03-24,verified,A00241,LEGITIMATE_SHARED_RESOURCE,
C04747,2026-03-06,verified,A00308,LEGITIMATE_SHARED_RESOURCE,
C04748,2025-11-16,verified,A00594,NORMAL,
C04749,2026-06-04,verified,A00032,NORMAL,
C04750,2026-02-18,pending,A00199,NORMAL,
C04751,2025-05-16,verified,A00460,LEGITIMATE_SHARED_RESOURCE,
C04752,2025-07-17,verified,A00649,ABUSE_RING,R0029
C04753,2025-01-28,verified,A00024,NORMAL,
C04754,2025-10-09,verified,A00595,LEGITIMATE_SHARED_RESOURCE,
C04755,2025-10-29,verified,A00625,NORMAL,
C04756,2025-05-24,verified,A00092,NORMAL,
C04757,2025-06-29,verified,A00269,NORMAL,
C04758,2025-08-06,verified,A00646,NORMAL,
C04759,2025-12-16,verified,A00617,NORMAL,
C04760,2026-05-10,verified,A00174,NORMAL,
C04761,2025-03-03,verified,A00213,NORMAL,
C04762,2026-05-30,verified,A00122,NORMAL,
C04763,2025-04-07,verified,A00019,NORMAL,
C04764,2025-08-09,verified,A00607,NORMAL,
C04765,2026-06-02,verified,A00611,NORMAL,
C04766,2025-02-11,verified,A00003,NORMAL,
C04767,2026-01-12,verified,A00306,NORMAL,
C04768,2026-05-17,pending,A00081,NORMAL,
C04769,2026-03-22,verified,A00063,NORMAL,
C04770,2026-02-02,verified,A00244,LEGITIMATE_SHARED_RESOURCE,
C04771,2025-02-09,verified,A00032,NORMAL,
C04772,2025-01-07,verified,A00335,NORMAL,
C04773,2025-10-04,verified,A00534,ABUSE_RING,R0110
C04774,2025-01-18,verified,A00206,NORMAL,
C04775,2025-05-02,verified,A00281,NORMAL,
C04776,2025-08-05,pending,A00427,LEGITIMATE_SHARED_RESOURCE,
C04777,2025-01-01,pending,A00506,NORMAL,
C04778,2025-09-26,verified,A00105,LEGITIMATE_SHARED_RESOURCE,
C04779,2025-04-21,verified,A00353,NORMAL,
C04780,2025-09-30,verified,A00635,LEGITIMATE_SHARED_RESOURCE,
C04781,2025-05-14,verified,A00700,LEGITIMATE_SHARED_RESOURCE,
C04782,2026-05-01,verified,A00111,NORMAL,
C04783,2026-01-24,verified,A00637,LEGITIMATE_SHARED_RESOURCE,
C04784,2025-02-18,verified,A00069,NORMAL,
C04785,2025-08-29,verified,A00068,LEGITIMATE_SHARED_RESOURCE,
C04786,2026-05-17,verified,A00325,NORMAL,
C04787,2026-08-06,verified,A00378,LEGITIMATE_SHARED_RESOURCE,
C04788,2026-08-11,verified,A00650,NORMAL,
C04789,2025-07-28,verified,A00026,NORMAL,
C04790,2026-08-07,pending,A00077,NORMAL,
C04791,2026-03-07,verified,A00014,NORMAL,
C04792,2025-04-20,verified,A00349,ABUSE_RING,R0087
C04793,2025-08-10,pending,A00427,LEGITIMATE_SHARED_RESOURCE,
C04794,2025-01-19,verified,A00299,NORMAL,
C04795,2025-08-04,verified,A00373,LEGITIMATE_SHARED_RESOURCE,
C04796,2025-07-20,verified,A00623,NORMAL,
C04797,2026-05-20,verified,A00061,NORMAL,
C04798,2025-01-04,verified,A00424,NORMAL,
C04799,2025-02-04,pending,A00381,NORMAL,
C04800,2025-07-21,verified,A00646,LEGITIMATE_SHARED_RESOURCE,
C04801,2025-01-30,verified,A00184,LEGITIMATE_SHARED_RESOURCE,
C04802,2025-12-19,pending,A00177,NORMAL,
C04803,2025-11-12,verified,A00575,NORMAL,
C04804,2026-07-14,verified,A00576,LEGITIMATE_SHARED_RESOURCE,
C04805,2026-07-07,verified,A00308,LEGITIMATE_SHARED_RESOURCE,
C04806,2026-05-23,verified,A00422,NORMAL,
C04807,2025-10-10,verified,A00339,NORMAL,
C04808,2025-11-27,verified,A00100,NORMAL,
C04809,2026-02-19,verified,A00216,NORMAL,
C04810,2025-06-16,verified,A00033,NORMAL,
C04811,2025-12-07,verified,A00654,LEGITIMATE_SHARED_RESOURCE,
C04812,2026-04-07,verified,A00689,LEGITIMATE_SHARED_RESOURCE,
C04813,2025-10-24,verified,A00656,LEGITIMATE_SHARED_RESOURCE,
C04814,2026-08-03,verified,A00204,NORMAL,
C04815,2026-08-04,verified,A00002,NORMAL,
C04816,2025-08-29,verified,A00594,NORMAL,
C04817,2025-03-17,verified,A00410,NORMAL,
C04818,2026-05-25,verified,A00028,NORMAL,
C04819,2026-01-04,verified,A00520,NORMAL,
C04820,2025-12-07,verified,A00388,NORMAL,
C04821,2026-06-28,verified,A00044,LEGITIMATE_SHARED_RESOURCE,
C04822,2025-09-25,verified,A00194,NORMAL,
C04823,2025-09-24,verified,A00015,LEGITIMATE_SHARED_RESOURCE,
C04824,2025-02-03,pending,A00528,NORMAL,
C04825,2026-06-28,verified,A00147,NORMAL,
C04826,2025-12-01,verified,A00553,NORMAL,
C04827,2025-11-29,verified,A00205,NORMAL,
C04828,2026-07-12,verified,A00490,LEGITIMATE_SHARED_RESOURCE,
C04829,2025-01-25,verified,A00483,NORMAL,
C04830,2025-07-31,verified,A00158,NORMAL,
C04831,2025-02-22,verified,A00566,NORMAL,
C04832,2026-07-23,verified,A00658,NORMAL,
C04833,2025-11-10,verified,A00211,NORMAL,
C04834,2025-03-05,verified,A00533,NORMAL,
C04835,2026-04-15,pending,A00080,NORMAL,
C04836,2025-07-13,verified,A00023,NORMAL,
C04837,2025-12-24,verified,A00121,LEGITIMATE_SHARED_RESOURCE,
C04838,2025-10-08,verified,A00059,NORMAL,
C04839,2025-03-15,verified,A00249,NORMAL,
C04840,2026-01-31,verified,A00035,NORMAL,
C04841,2025-01-03,verified,A00283,NORMAL,
C04842,2026-06-12,verified,A00312,NORMAL,
C04843,2025-04-22,verified,A00139,NORMAL,
C04844,2025-07-16,verified,A00519,NORMAL,
C04845,2025-04-17,verified,A00597,NORMAL,
C04846,2025-10-19,verified,A00170,NORMAL,
C04847,2025-11-22,verified,A00255,NORMAL,
C04848,2026-08-09,verified,A00331,NORMAL,
C04849,2026-01-05,verified,A00279,LEGITIMATE_SHARED_RESOURCE,
C04850,2025-10-03,verified,A00160,LEGITIMATE_SHARED_RESOURCE,
C04851,2026-08-01,verified,A00063,NORMAL,
C04852,2025-03-06,pending,A00060,NORMAL,
C04853,2025-07-15,verified,A00125,NORMAL,
C04854,2025-12-08,verified,A00262,NORMAL,
C04855,2025-04-21,verified,A00442,LEGITIMATE_SHARED_RESOURCE,
C04856,2025-04-23,verified,A00316,LEGITIMATE_SHARED_RESOURCE,
C04857,2026-06-12,pending,A00162,LEGITIMATE_SHARED_RESOURCE,
C04858,2025-09-14,verified,A00039,NORMAL,
C04859,2026-02-20,verified,A00139,NORMAL,
C04860,2026-02-26,verified,A00135,ABUSE_RING,R0066
C04861,2025-05-07,verified,A00423,NORMAL,
C04862,2026-08-01,verified,A00091,LEGITIMATE_SHARED_RESOURCE,
C04863,2025-03-03,verified,A00066,NORMAL,
C04864,2025-06-18,verified,A00225,LEGITIMATE_SHARED_RESOURCE,
C04865,2025-01-24,verified,A00466,NORMAL,
C04866,2026-08-17,verified,A00346,NORMAL,
C04867,2026-01-13,verified,A00400,LEGITIMATE_SHARED_RESOURCE,
C04868,2026-04-21,pending,A00192,NORMAL,
C04869,2025-08-15,verified,A00663,NORMAL,
C04870,2025-07-16,verified,A00315,ABUSE_RING,R0030
C04871,2025-04-12,verified,A00315,NORMAL,
C04872,2025-10-16,verified,A00174,NORMAL,
C04873,2025-06-29,verified,A00024,LEGITIMATE_SHARED_RESOURCE,
C04874,2026-05-14,verified,A00618,NORMAL,
C04875,2025-02-27,verified,A00205,NORMAL,
C04876,2026-06-09,verified,A00586,NORMAL,
C04877,2025-01-14,verified,A00629,NORMAL,
C04878,2026-01-12,verified,A00277,NORMAL,
C04879,2025-06-15,verified,A00071,NORMAL,
C04880,2026-03-23,verified,A00407,LEGITIMATE_SHARED_RESOURCE,
C04881,2025-06-06,verified,A00457,NORMAL,
C04882,2026-05-19,verified,A00027,LEGITIMATE_SHARED_RESOURCE,
C04883,2026-05-29,verified,A00479,LEGITIMATE_SHARED_RESOURCE,
C04884,2025-10-21,pending,A00126,NORMAL,
C04885,2025-02-21,verified,A00382,NORMAL,
C04886,2026-08-20,verified,A00359,ABUSE_RING,R0011
C04887,2026-04-17,pending,A00587,LEGITIMATE_SHARED_RESOURCE,
C04888,2026-06-06,verified,A00087,NORMAL,
C04889,2026-01-18,verified,A00094,NORMAL,
C04890,2026-07-20,verified,A00366,NORMAL,
C04891,2026-01-12,verified,A00435,LEGITIMATE_SHARED_RESOURCE,
C04892,2025-09-20,verified,A00326,NORMAL,
C04893,2025-05-24,verified,A00496,LEGITIMATE_SHARED_RESOURCE,
C04894,2025-07-23,verified,A00313,NORMAL,
C04895,2025-05-25,verified,A00538,NORMAL,
C04896,2026-05-07,pending,A00687,LEGITIMATE_SHARED_RESOURCE,
C04897,2025-06-25,verified,A00062,NORMAL,
C04898,2025-06-15,verified,A00159,NORMAL,
C04899,2025-03-19,verified,A00470,LEGITIMATE_SHARED_RESOURCE,
C04900,2025-06-26,verified,A00109,NORMAL,
C04901,2025-09-07,verified,A00150,LEGITIMATE_SHARED_RESOURCE,
C04902,2025-02-03,verified,A00344,NORMAL,
C04903,2026-05-18,verified,A00114,NORMAL,
C04904,2025-09-08,verified,A00372,LEGITIMATE_SHARED_RESOURCE,
C04905,2026-01-24,verified,A00382,LEGITIMATE_SHARED_RESOURCE,
C04906,2025-08-21,verified,A00062,LEGITIMATE_SHARED_RESOURCE,
C04907,2025-05-22,verified,A00067,LEGITIMATE_SHARED_RESOURCE,
C04908,2025-08-13,verified,A00119,LEGITIMATE_SHARED_RESOURCE,
C04909,2025-04-26,verified,A00289,NORMAL,
C04910,2026-03-11,verified,A00315,NORMAL,
C04911,2025-07-09,verified,A00255,NORMAL,
C04912,2026-04-22,verified,A00515,NORMAL,
C04913,2025-01-29,pending,A00381,NORMAL,
C04914,2025-12-10,verified,A00632,NORMAL,
C04915,2025-05-22,verified,A00490,NORMAL,
C04916,2026-05-01,verified,A00677,NORMAL,
C04917,2025-05-10,verified,A00314,LEGITIMATE_SHARED_RESOURCE,
C04918,2026-07-31,verified,A00638,NORMAL,
C04919,2026-04-30,verified,A00531,NORMAL,
C04920,2026-04-06,verified,A00360,NORMAL,
C04921,2026-02-17,verified,A00447,NORMAL,
C04922,2025-11-10,verified,A00217,LEGITIMATE_SHARED_RESOURCE,
C04923,2025-12-23,verified,A00459,LEGITIMATE_SHARED_RESOURCE,
C04924,2026-03-21,verified,A00633,NORMAL,
C04925,2026-01-25,verified,A00458,LEGITIMATE_SHARED_RESOURCE,
C04926,2026-02-17,verified,A00579,ABUSE_RING,R0040
C04927,2026-02-25,verified,A00042,NORMAL,
C04928,2026-03-30,verified,A00109,NORMAL,
C04929,2025-10-17,verified,A00049,NORMAL,
C04930,2025-12-31,verified,A00132,NORMAL,
C04931,2025-02-16,verified,A00148,LEGITIMATE_SHARED_RESOURCE,
C04932,2026-05-11,verified,A00009,NORMAL,
C04933,2025-10-16,verified,A00379,NORMAL,
C04934,2026-08-07,verified,A00242,NORMAL,
C04935,2025-05-22,verified,A00566,NORMAL,
C04936,2025-03-29,verified,A00238,NORMAL,
C04937,2025-08-06,verified,A00077,NORMAL,
C04938,2026-03-18,pending,A00637,LEGITIMATE_SHARED_RESOURCE,
C04939,2026-04-28,verified,A00315,LEGITIMATE_SHARED_RESOURCE,
C04940,2026-02-28,verified,A00041,NORMAL,
C04941,2026-05-15,verified,A00619,NORMAL,
C04942,2026-06-24,verified,A00594,NORMAL,
C04943,2025-12-05,verified,A00113,LEGITIMATE_SHARED_RESOURCE,
C04944,2025-05-01,verified,A00559,NORMAL,
C04945,2026-04-10,verified,A00597,ABUSE_RING,R0110
C04946,2025-03-03,pending,A00507,ABUSE_RING,R0020
C04947,2025-05-01,verified,A00378,LEGITIMATE_SHARED_RESOURCE,
C04948,2026-06-13,verified,A00187,LEGITIMATE_SHARED_RESOURCE,
C04949,2026-02-16,verified,A00216,LEGITIMATE_SHARED_RESOURCE,
C04950,2026-02-17,verified,A00310,LEGITIMATE_SHARED_RESOURCE,
C04951,2025-12-14,verified,A00551,LEGITIMATE_SHARED_RESOURCE,
C04952,2025-10-20,verified,A00595,NORMAL,
C04953,2025-07-31,verified,A00288,LEGITIMATE_SHARED_RESOURCE,
C04954,2026-04-18,verified,A00509,NORMAL,
C04955,2025-12-21,verified,A00532,NORMAL,
C04956,2025-01-24,verified,A00471,NORMAL,
C04957,2025-03-09,verified,A00510,NORMAL,
C04958,2026-06-26,verified,A00315,NORMAL,
C04959,2025-10-13,verified,A00160,LEGITIMATE_SHARED_RESOURCE,
C04960,2026-05-15,verified,A00522,NORMAL,
C04961,2025-09-19,verified,A00315,NORMAL,
C04962,2025-08-25,verified,A00210,NORMAL,
C04963,2026-02-20,verified,A00054,NORMAL,
C04964,2025-10-21,verified,A00407,NORMAL,
C04965,2026-04-15,verified,A00552,LEGITIMATE_SHARED_RESOURCE,
C04966,2026-06-21,verified,A00070,NORMAL,
C04967,2026-06-23,verified,A00502,NORMAL,
C04968,2026-03-28,verified,A00303,NORMAL,
C04969,2026-04-02,verified,A00603,NORMAL,
C04970,2026-03-04,verified,A00531,NORMAL,
C04971,2025-10-26,verified,A00129,NORMAL,
C04972,2026-04-19,verified,A00709,NORMAL,
C04973,2025-09-06,verified,A00656,LEGITIMATE_SHARED_RESOURCE,
C04974,2025-04-15,verified,A00533,NORMAL,
C04975,2025-04-18,verified,A00508,NORMAL,
C04976,2025-12-01,verified,A00124,NORMAL,
C04977,2025-08-07,verified,A00284,NORMAL,
C04978,2025-12-27,verified,A00449,LEGITIMATE_SHARED_RESOURCE,
C04979,2026-04-13,verified,A00031,NORMAL,
C04980,2026-04-17,verified,A00063,NORMAL,
C04981,2026-05-03,verified,A00658,NORMAL,
C04982,2025-02-26,verified,A00647,NORMAL,
C04983,2026-01-18,verified,A00216,LEGITIMATE_SHARED_RESOURCE,
C04984,2025-01-28,pending,A00073,LEGITIMATE_SHARED_RESOURCE,
C04985,2026-05-12,verified,A00269,NORMAL,
C04986,2025-04-17,verified,A00177,NORMAL,
C04987,2025-12-26,verified,A00112,LEGITIMATE_SHARED_RESOURCE,
C04988,2025-07-07,verified,A00568,NORMAL,
C04989,2026-01-01,verified,A00708,LEGITIMATE_SHARED_RESOURCE,
C04990,2025-05-11,verified,A00376,NORMAL,
C04991,2026-01-10,verified,A00662,NORMAL,
C04992,2025-06-16,verified,A00108,LEGITIMATE_SHARED_RESOURCE,
C04993,2026-05-26,verified,A00650,NORMAL,
C04994,2026-06-29,verified,A00329,NORMAL,
C04995,2025-06-09,pending,A00414,LEGITIMATE_SHARED_RESOURCE,
C04996,2025-11-12,pending,A00277,NORMAL,
C04997,2025-08-10,verified,A00159,NORMAL,
C04998,2026-06-02,verified,A00158,NORMAL,
C04999,2025-01-25,verified,A00053,NORMAL,
C05000,2025-10-09,verified,A00429,MIXED,
C05001,2025-10-27,pending,A00416,LEGITIMATE_SHARED_RESOURCE,
C05002,2025-02-12,verified,A00386,LEGITIMATE_SHARED_RESOURCE,
C05003,2025-12-15,verified,A00064,NORMAL,
C05004,2025-04-20,verified,A00526,LEGITIMATE_SHARED_RESOURCE,
C05005,2026-04-18,verified,A00638,LEGITIMATE_SHARED_RESOURCE,
C05006,2026-02-26,verified,A00238,NORMAL,
C05007,2026-03-26,verified,A00035,ABUSE_RING,R0045
C05008,2025-02-26,verified,A00165,NORMAL,
C05009,2025-05-01,verified,A00351,NORMAL,
C05010,2026-02-04,verified,A00638,NORMAL,
C05011,2025-07-19,verified,A00061,NORMAL,
C05012,2026-01-19,verified,A00433,NORMAL,
C05013,2025-12-22,verified,A00582,ABUSE_RING,R0044
C05014,2026-02-02,pending,A00117,NORMAL,
C05015,2025-12-10,pending,A00533,LEGITIMATE_SHARED_RESOURCE,
C05016,2025-09-17,verified,A00360,LEGITIMATE_SHARED_RESOURCE,
C05017,2025-05-10,verified,A00257,NORMAL,
C05018,2026-08-18,pending,A00074,NORMAL,
C05019,2025-04-16,pending,A00028,NORMAL,
C05020,2025-02-04,verified,A00694,LEGITIMATE_SHARED_RESOURCE,
C05021,2025-06-24,verified,A00584,NORMAL,
C05022,2026-01-20,verified,A00035,NORMAL,
C05023,2025-11-01,verified,A00422,ABUSE_RING,R0079
C05024,2025-05-28,verified,A00191,LEGITIMATE_SHARED_RESOURCE,
C05025,2025-04-09,verified,A00123,NORMAL,
C05026,2026-04-23,verified,A00617,NORMAL,
C05027,2026-01-21,verified,A00184,NORMAL,
C05028,2026-08-14,verified,A00346,LEGITIMATE_SHARED_RESOURCE,
C05029,2026-06-20,verified,A00240,LEGITIMATE_SHARED_RESOURCE,
C05030,2025-03-24,pending,A00696,NORMAL,
C05031,2025-08-05,verified,A00183,NORMAL,
C05032,2025-07-03,verified,A00048,LEGITIMATE_SHARED_RESOURCE,
C05033,2025-10-21,verified,A00702,NORMAL,
C05034,2025-02-16,pending,A00469,NORMAL,
C05035,2025-06-22,verified,A00575,NORMAL,
C05036,2026-04-23,verified,A00612,NORMAL,
C05037,2025-12-07,pending,A00581,NORMAL,
C05038,2025-07-17,verified,A00499,NORMAL,
C05039,2025-10-28,verified,A00408,NORMAL,
C05040,2025-02-03,verified,A00402,NORMAL,
C05041,2026-04-28,verified,A00543,NORMAL,
C05042,2026-04-07,pending,A00515,NORMAL,
C05043,2026-06-13,verified,A00107,NORMAL,
C05044,2025-03-07,verified,A00034,NORMAL,
C05045,2025-12-25,verified,A00595,NORMAL,
C05046,2025-06-04,pending,A00543,LEGITIMATE_SHARED_RESOURCE,
C05047,2025-08-16,verified,A00169,NORMAL,
C05048,2025-06-01,verified,A00506,NORMAL,
C05049,2025-12-10,verified,A00294,LEGITIMATE_SHARED_RESOURCE,
C05050,2026-06-21,verified,A00408,NORMAL,
C05051,2025-09-05,verified,A00271,NORMAL,
C05052,2025-10-13,verified,A00625,NORMAL,
C05053,2026-02-13,verified,A00420,NORMAL,
C05054,2025-02-05,verified,A00113,NORMAL,
C05055,2025-06-23,verified,A00406,NORMAL,
C05056,2026-01-11,verified,A00319,LEGITIMATE_SHARED_RESOURCE,
C05057,2025-05-13,verified,A00254,NORMAL,
C05058,2025-07-21,verified,A00585,NORMAL,
C05059,2026-04-26,verified,A00124,ABUSE_RING,R0085
C05060,2025-11-01,verified,A00080,NORMAL,
C05061,2026-01-30,verified,A00036,NORMAL,
C05062,2025-11-16,verified,A00390,NORMAL,
C05063,2025-03-16,verified,A00626,LEGITIMATE_SHARED_RESOURCE,
C05064,2026-03-14,verified,A00665,NORMAL,
C05065,2026-01-11,verified,A00085,NORMAL,
C05066,2025-02-15,verified,A00272,NORMAL,
C05067,2025-07-23,verified,A00034,NORMAL,
C05068,2025-06-20,verified,A00425,NORMAL,
C05069,2026-04-15,pending,A00034,NORMAL,
C05070,2025-12-05,verified,A00330,NORMAL,
C05071,2026-02-28,verified,A00173,NORMAL,
C05072,2025-09-01,pending,A00192,NORMAL,
C05073,2025-10-08,verified,A00275,NORMAL,
C05074,2025-11-30,pending,A00407,NORMAL,
C05075,2025-01-10,verified,A00366,LEGITIMATE_SHARED_RESOURCE,
C05076,2025-03-30,verified,A00608,NORMAL,
C05077,2025-02-02,pending,A00328,NORMAL,
C05078,2026-02-07,verified,A00181,LEGITIMATE_SHARED_RESOURCE,
C05079,2025-07-10,verified,A00497,LEGITIMATE_SHARED_RESOURCE,
C05080,2025-03-14,verified,A00079,NORMAL,
C05081,2026-05-19,verified,A00117,LEGITIMATE_SHARED_RESOURCE,
C05082,2025-07-04,verified,A00176,NORMAL,
C05083,2026-04-11,verified,A00596,NORMAL,
C05084,2025-03-21,verified,A00299,LEGITIMATE_SHARED_RESOURCE,
C05085,2025-05-23,verified,A00134,NORMAL,
C05086,2025-05-26,pending,A00253,NORMAL,
C05087,2026-07-14,verified,A00566,LEGITIMATE_SHARED_RESOURCE,
C05088,2026-03-30,verified,A00490,NORMAL,
C05089,2026-02-04,verified,A00415,NORMAL,
C05090,2026-01-19,verified,A00166,ABUSE_RING,R0052
C05091,2025-06-13,verified,A00373,NORMAL,
C05092,2026-06-18,verified,A00533,ABUSE_RING,R0102
C05093,2025-08-30,verified,A00015,NORMAL,
C05094,2026-05-27,verified,A00222,LEGITIMATE_SHARED_RESOURCE,
C05095,2025-08-29,pending,A00290,NORMAL,
C05096,2025-02-18,verified,A00200,LEGITIMATE_SHARED_RESOURCE,
C05097,2026-04-29,verified,A00402,NORMAL,
C05098,2025-04-26,verified,A00650,LEGITIMATE_SHARED_RESOURCE,
C05099,2026-08-14,verified,A00399,LEGITIMATE_SHARED_RESOURCE,
C05100,2026-03-01,verified,A00392,NORMAL,
C05101,2026-06-15,verified,A00023,NORMAL,
C05102,2026-05-08,verified,A00428,LEGITIMATE_SHARED_RESOURCE,
C05103,2025-12-10,verified,A00026,NORMAL,
C05104,2025-02-20,verified,A00147,NORMAL,
C05105,2026-05-12,pending,A00014,NORMAL,
C05106,2025-07-26,verified,A00675,LEGITIMATE_SHARED_RESOURCE,
C05107,2025-01-17,verified,A00006,LEGITIMATE_SHARED_RESOURCE,
C05108,2025-06-09,verified,A00241,LEGITIMATE_SHARED_RESOURCE,
C05109,2025-08-16,verified,A00090,NORMAL,
C05110,2025-09-29,verified,A00115,LEGITIMATE_SHARED_RESOURCE,
C05111,2025-08-10,verified,A00296,LEGITIMATE_SHARED_RESOURCE,
C05112,2026-04-06,verified,A00511,NORMAL,
C05113,2026-08-06,verified,A00180,NORMAL,
C05114,2025-05-28,verified,A00516,NORMAL,
C05115,2025-10-13,verified,A00336,NORMAL,
C05116,2025-09-24,verified,A00427,NORMAL,
C05117,2025-05-09,verified,A00253,NORMAL,
C05118,2026-02-09,verified,A00524,LEGITIMATE_SHARED_RESOURCE,
C05119,2025-08-08,verified,A00317,NORMAL,
C05120,2025-01-31,verified,A00179,LEGITIMATE_SHARED_RESOURCE,
C05121,2026-06-12,verified,A00632,NORMAL,
C05122,2025-12-20,verified,A00108,NORMAL,
C05123,2026-03-03,pending,A00681,NORMAL,
C05124,2026-05-29,verified,A00519,NORMAL,
C05125,2025-02-01,verified,A00575,NORMAL,
C05126,2025-03-05,verified,A00640,LEGITIMATE_SHARED_RESOURCE,
C05127,2025-08-01,verified,A00182,LEGITIMATE_SHARED_RESOURCE,
C05128,2026-03-25,verified,A00276,LEGITIMATE_SHARED_RESOURCE,
C05129,2025-11-06,verified,A00131,LEGITIMATE_SHARED_RESOURCE,
C05130,2025-07-10,verified,A00617,LEGITIMATE_SHARED_RESOURCE,
C05131,2025-09-23,verified,A00501,NORMAL,
C05132,2025-08-27,verified,A00707,LEGITIMATE_SHARED_RESOURCE,
C05133,2026-05-11,verified,A00152,NORMAL,
C05134,2025-04-15,verified,A00357,NORMAL,
C05135,2025-09-01,verified,A00052,LEGITIMATE_SHARED_RESOURCE,
C05136,2025-04-09,verified,A00593,NORMAL,
C05137,2025-07-12,verified,A00191,NORMAL,
C05138,2026-08-04,pending,A00454,LEGITIMATE_SHARED_RESOURCE,
C05139,2025-09-17,verified,A00088,NORMAL,
C05140,2026-02-09,verified,A00071,NORMAL,
C05141,2026-03-09,verified,A00409,NORMAL,
C05142,2025-06-27,verified,A00304,NORMAL,
C05143,2025-11-29,verified,A00231,NORMAL,
C05144,2025-07-24,verified,A00437,MIXED,
C05145,2025-01-05,pending,A00350,NORMAL,
C05146,2026-04-21,verified,A00153,NORMAL,
C05147,2026-08-12,verified,A00313,NORMAL,
C05148,2026-05-06,verified,A00697,NORMAL,
C05149,2025-04-06,verified,A00218,NORMAL,
C05150,2025-05-18,verified,A00465,NORMAL,
C05151,2025-06-08,verified,A00588,NORMAL,
C05152,2025-05-02,verified,A00090,LEGITIMATE_SHARED_RESOURCE,
C05153,2026-07-05,verified,A00410,NORMAL,
C05154,2025-12-04,pending,A00056,NORMAL,
C05155,2026-02-25,pending,A00444,LEGITIMATE_SHARED_RESOURCE,
C05156,2026-08-18,verified,A00521,NORMAL,
C05157,2025-12-15,pending,A00065,NORMAL,
C05158,2026-01-23,verified,A00431,NORMAL,
C05159,2026-01-05,verified,A00634,NORMAL,
C05160,2026-08-18,verified,A00612,NORMAL,
C05161,2026-01-24,pending,A00423,NORMAL,
C05162,2026-08-23,verified,A00063,NORMAL,
C05163,2025-07-08,verified,A00388,NORMAL,
C05164,2025-10-09,pending,A00586,LEGITIMATE_SHARED_RESOURCE,
C05165,2026-08-11,verified,A00356,LEGITIMATE_SHARED_RESOURCE,
C05166,2025-04-17,verified,A00241,NORMAL,
C05167,2026-04-07,verified,A00276,LEGITIMATE_SHARED_RESOURCE,
C05168,2025-07-21,verified,A00258,NORMAL,
C05169,2025-06-08,verified,A00107,NORMAL,
C05170,2026-03-05,verified,A00203,LEGITIMATE_SHARED_RESOURCE,
C05171,2025-05-03,verified,A00481,LEGITIMATE_SHARED_RESOURCE,
C05172,2025-10-06,verified,A00280,NORMAL,
C05173,2025-06-01,verified,A00102,NORMAL,
C05174,2025-07-10,verified,A00135,NORMAL,
C05175,2025-04-21,verified,A00605,LEGITIMATE_SHARED_RESOURCE,
C05176,2026-05-07,verified,A00526,ABUSE_RING,R0021
C05177,2025-04-05,verified,A00699,NORMAL,
C05178,2026-08-14,verified,A00239,NORMAL,
C05179,2025-09-21,verified,A00107,NORMAL,
C05180,2026-04-10,verified,A00033,LEGITIMATE_SHARED_RESOURCE,
C05181,2025-06-30,verified,A00375,NORMAL,
C05182,2026-07-08,verified,A00573,LEGITIMATE_SHARED_RESOURCE,
C05183,2025-12-01,verified,A00211,ABUSE_RING,R0009
C05184,2025-08-29,verified,A00104,NORMAL,
C05185,2025-01-25,verified,A00213,ABUSE_RING,R0076
C05186,2025-11-27,verified,A00223,LEGITIMATE_SHARED_RESOURCE,
C05187,2025-11-22,verified,A00207,NORMAL,
C05188,2025-10-29,pending,A00068,NORMAL,
C05189,2026-03-27,pending,A00620,NORMAL,
C05190,2025-03-08,verified,A00390,NORMAL,
C05191,2025-08-24,pending,A00201,NORMAL,
C05192,2025-12-23,verified,A00644,NORMAL,
C05193,2025-03-29,verified,A00267,NORMAL,
C05194,2025-08-05,verified,A00655,ABUSE_RING,R0016
C05195,2026-06-03,pending,A00171,ABUSE_RING,R0024
C05196,2025-11-28,verified,A00497,NORMAL,
C05197,2026-02-25,verified,A00145,NORMAL,
C05198,2025-05-31,verified,A00553,LEGITIMATE_SHARED_RESOURCE,
C05199,2025-05-17,verified,A00661,NORMAL,
C05200,2025-09-18,verified,A00565,NORMAL,
C05201,2025-02-12,verified,A00525,LEGITIMATE_SHARED_RESOURCE,
C05202,2025-11-07,verified,A00122,LEGITIMATE_SHARED_RESOURCE,
C05203,2026-07-25,verified,A00704,NORMAL,
C05204,2025-04-13,verified,A00680,LEGITIMATE_SHARED_RESOURCE,
C05205,2026-06-11,pending,A00438,LEGITIMATE_SHARED_RESOURCE,
C05206,2025-06-30,verified,A00301,NORMAL,
C05207,2025-07-20,verified,A00310,NORMAL,
C05208,2025-11-26,verified,A00429,NORMAL,
C05209,2025-12-13,verified,A00223,LEGITIMATE_SHARED_RESOURCE,
C05210,2026-06-14,pending,A00114,NORMAL,
C05211,2025-08-17,verified,A00709,NORMAL,
C05212,2025-10-25,verified,A00084,LEGITIMATE_SHARED_RESOURCE,
C05213,2026-03-18,verified,A00012,NORMAL,
C05214,2025-11-23,verified,A00232,NORMAL,
C05215,2026-04-09,verified,A00496,NORMAL,
C05216,2025-08-31,verified,A00081,ABUSE_RING,R0063
C05217,2025-05-11,verified,A00266,NORMAL,
C05218,2026-05-11,verified,A00621,NORMAL,
C05219,2026-01-19,pending,A00080,NORMAL,
C05220,2025-06-28,verified,A00542,NORMAL,
C05221,2025-11-06,verified,A00679,LEGITIMATE_SHARED_RESOURCE,
C05222,2026-02-02,verified,A00462,NORMAL,
C05223,2025-05-24,pending,A00437,NORMAL,
C05224,2026-04-03,pending,A00054,NORMAL,
C05225,2025-10-07,verified,A00441,NORMAL,
C05226,2025-06-23,verified,A00067,LEGITIMATE_SHARED_RESOURCE,
C05227,2025-04-19,verified,A00455,NORMAL,
C05228,2026-07-20,pending,A00648,NORMAL,
C05229,2026-04-09,verified,A00707,NORMAL,
C05230,2026-07-26,verified,A00265,NORMAL,
C05231,2026-05-19,pending,A00015,LEGITIMATE_SHARED_RESOURCE,
C05232,2025-04-30,verified,A00148,LEGITIMATE_SHARED_RESOURCE,
C05233,2026-01-08,verified,A00124,NORMAL,
C05234,2026-04-09,pending,A00335,MIXED,R0134
C05235,2025-01-02,verified,A00106,LEGITIMATE_SHARED_RESOURCE,
C05236,2026-03-21,verified,A00240,LEGITIMATE_SHARED_RESOURCE,
C05237,2026-07-09,verified,A00279,NORMAL,
C05238,2025-02-20,verified,A00478,NORMAL,
C05239,2025-05-09,verified,A00489,NORMAL,
C05240,2025-12-11,verified,A00451,LEGITIMATE_SHARED_RESOURCE,
C05241,2026-03-05,verified,A00648,NORMAL,
C05242,2025-02-28,verified,A00092,NORMAL,
C05243,2025-09-22,verified,A00676,NORMAL,
C05244,2025-03-05,verified,A00402,NORMAL,
C05245,2025-07-21,verified,A00058,NORMAL,
C05246,2025-08-12,verified,A00662,NORMAL,
C05247,2025-11-26,verified,A00536,LEGITIMATE_SHARED_RESOURCE,
C05248,2025-07-10,verified,A00216,NORMAL,
C05249,2025-06-02,verified,A00438,NORMAL,
C05250,2026-05-13,verified,A00317,NORMAL,
C05251,2025-07-27,pending,A00549,NORMAL,
C05252,2026-01-09,verified,A00111,NORMAL,
C05253,2026-04-20,verified,A00478,NORMAL,
C05254,2026-02-24,verified,A00371,NORMAL,
C05255,2026-06-09,pending,A00674,NORMAL,
C05256,2026-08-13,verified,A00343,NORMAL,
C05257,2025-10-04,verified,A00709,NORMAL,
C05258,2026-02-21,verified,A00415,NORMAL,
C05259,2025-06-30,verified,A00100,NORMAL,
C05260,2025-03-20,verified,A00119,NORMAL,
C05261,2026-03-24,verified,A00218,NORMAL,
C05262,2025-12-17,verified,A00341,NORMAL,
C05263,2025-12-22,pending,A00621,NORMAL,
C05264,2025-10-03,pending,A00049,NORMAL,
C05265,2026-03-12,verified,A00534,NORMAL,
C05266,2025-12-11,verified,A00674,NORMAL,
C05267,2025-05-12,verified,A00552,LEGITIMATE_SHARED_RESOURCE,
C05268,2026-02-27,verified,A00063,NORMAL,
C05269,2026-08-11,verified,A00155,NORMAL,
C05270,2026-06-18,verified,A00643,NORMAL,
C05271,2025-10-11,verified,A00595,NORMAL,
C05272,2025-07-29,verified,A00632,NORMAL,
C05273,2025-11-03,pending,A00088,NORMAL,
C05274,2025-11-16,verified,A00122,NORMAL,
C05275,2025-09-27,verified,A00073,LEGITIMATE_SHARED_RESOURCE,
C05276,2025-12-31,verified,A00034,NORMAL,
C05277,2026-08-17,verified,A00399,NORMAL,
C05278,2025-05-31,verified,A00147,NORMAL,
C05279,2026-07-18,pending,A00370,NORMAL,
C05280,2026-05-22,verified,A00317,NORMAL,
C05281,2025-01-24,pending,A00379,LEGITIMATE_SHARED_RESOURCE,
C05282,2025-06-12,verified,A00709,LEGITIMATE_SHARED_RESOURCE,
C05283,2026-05-12,verified,A00477,NORMAL,
C05284,2025-01-21,verified,A00258,ABUSE_RING,R0083
C05285,2026-04-18,verified,A00238,LEGITIMATE_SHARED_RESOURCE,
C05286,2025-02-21,pending,A00675,NORMAL,
C05287,2026-03-29,verified,A00623,NORMAL,
C05288,2026-05-16,verified,A00684,NORMAL,
C05289,2025-01-01,verified,A00405,NORMAL,
C05290,2025-12-29,verified,A00101,NORMAL,
C05291,2025-10-17,verified,A00174,ABUSE_RING,R0060
C05292,2025-08-22,verified,A00418,NORMAL,
C05293,2025-04-16,verified,A00043,NORMAL,
C05294,2025-10-06,verified,A00065,LEGITIMATE_SHARED_RESOURCE,
C05295,2026-05-27,verified,A00157,NORMAL,
C05296,2026-08-01,verified,A00054,NORMAL,
C05297,2025-05-27,verified,A00091,NORMAL,
C05298,2025-08-04,verified,A00005,NORMAL,
C05299,2025-07-03,verified,A00365,NORMAL,
C05300,2025-02-15,verified,A00096,NORMAL,
C05301,2025-11-08,verified,A00691,NORMAL,
C05302,2026-04-02,verified,A00586,ABUSE_RING,R0026
C05303,2025-02-26,verified,A00380,NORMAL,
C05304,2025-11-26,verified,A00494,NORMAL,
C05305,2026-06-01,verified,A00633,NORMAL,
C05306,2025-01-29,verified,A00507,NORMAL,
C05307,2025-12-20,verified,A00300,NORMAL,
C05308,2025-11-17,verified,A00558,NORMAL,
C05309,2025-10-17,verified,A00392,NORMAL,
C05310,2025-08-26,verified,A00252,NORMAL,
C05311,2026-07-26,verified,A00315,NORMAL,
C05312,2026-03-01,verified,A00585,NORMAL,
C05313,2025-02-13,verified,A00298,NORMAL,
C05314,2026-07-29,verified,A00055,NORMAL,
C05315,2026-07-27,verified,A00092,NORMAL,
C05316,2025-08-02,verified,A00433,NORMAL,
C05317,2025-02-20,verified,A00261,LEGITIMATE_SHARED_RESOURCE,
C05318,2025-09-27,verified,A00043,NORMAL,
C05319,2025-07-26,verified,A00580,NORMAL,
C05320,2025-09-06,verified,A00298,NORMAL,
C05321,2025-05-02,pending,A00700,NORMAL,
C05322,2026-05-11,verified,A00641,NORMAL,
C05323,2025-07-19,verified,A00704,NORMAL,
C05324,2025-08-28,pending,A00646,NORMAL,
C05325,2025-02-13,pending,A00465,LEGITIMATE_SHARED_RESOURCE,
C05326,2025-04-24,verified,A00156,NORMAL,
C05327,2025-04-13,verified,A00545,NORMAL,
C05328,2025-06-13,verified,A00393,NORMAL,
C05329,2025-01-18,verified,A00682,NORMAL,
C05330,2025-07-12,verified,A00226,NORMAL,
C05331,2025-03-10,verified,A00386,NORMAL,
C05332,2026-04-18,pending,A00682,NORMAL,
C05333,2026-06-18,verified,A00087,NORMAL,
C05334,2025-01-28,verified,A00063,NORMAL,
C05335,2025-06-07,pending,A00242,NORMAL,
C05336,2026-07-09,verified,A00409,LEGITIMATE_SHARED_RESOURCE,
C05337,2026-08-15,verified,A00007,LEGITIMATE_SHARED_RESOURCE,
C05338,2025-05-24,verified,A00687,NORMAL,
C05339,2025-12-31,verified,A00325,NORMAL,
C05340,2025-09-03,verified,A00434,NORMAL,
C05341,2025-11-14,verified,A00066,NORMAL,
C05342,2025-03-13,verified,A00698,NORMAL,
C05343,2025-07-13,verified,A00463,ABUSE_RING,R0080
C05344,2025-07-09,verified,A00255,NORMAL,
C05345,2026-08-03,verified,A00167,LEGITIMATE_SHARED_RESOURCE,
C05346,2025-11-10,verified,A00680,NORMAL,
C05347,2025-06-10,verified,A00269,NORMAL,
C05348,2025-05-28,verified,A00073,LEGITIMATE_SHARED_RESOURCE,
C05349,2026-05-02,verified,A00638,LEGITIMATE_SHARED_RESOURCE,
C05350,2025-03-19,verified,A00011,NORMAL,
C05351,2025-02-15,verified,A00025,LEGITIMATE_SHARED_RESOURCE,
C05352,2025-07-15,verified,A00374,NORMAL,
C05353,2026-05-06,verified,A00386,NORMAL,
C05354,2025-09-05,verified,A00242,ABUSE_RING,R0083
C05355,2026-08-14,pending,A00092,NORMAL,
C05356,2025-01-26,verified,A00493,LEGITIMATE_SHARED_RESOURCE,
C05357,2025-08-20,verified,A00533,LEGITIMATE_SHARED_RESOURCE,
C05358,2025-07-08,verified,A00328,LEGITIMATE_SHARED_RESOURCE,
C05359,2025-08-10,pending,A00303,NORMAL,
C05360,2026-07-08,verified,A00183,LEGITIMATE_SHARED_RESOURCE,
C05361,2025-11-04,verified,A00401,NORMAL,
C05362,2026-06-18,verified,A00176,LEGITIMATE_SHARED_RESOURCE,
C05363,2025-08-30,pending,A00371,ABUSE_RING,R0063
C05364,2026-07-15,verified,A00340,LEGITIMATE_SHARED_RESOURCE,
C05365,2025-07-06,verified,A00002,NORMAL,
C05366,2025-04-25,pending,A00710,NORMAL,
C05367,2026-01-08,verified,A00311,NORMAL,
C05368,2025-11-12,verified,A00318,NORMAL,
C05369,2026-05-19,verified,A00005,NORMAL,
C05370,2026-04-03,verified,A00376,NORMAL,
C05371,2025-04-18,verified,A00708,NORMAL,
C05372,2026-07-17,verified,A00478,NORMAL,
C05373,2025-01-15,pending,A00695,NORMAL,
C05374,2025-05-18,verified,A00668,NORMAL,
C05375,2026-04-08,verified,A00631,LEGITIMATE_SHARED_RESOURCE,
C05376,2025-02-25,verified,A00258,LEGITIMATE_SHARED_RESOURCE,
C05377,2026-06-27,verified,A00077,NORMAL,
C05378,2025-01-27,pending,A00214,NORMAL,
C05379,2025-06-30,verified,A00281,NORMAL,
C05380,2025-04-19,verified,A00236,NORMAL,
C05381,2026-05-14,verified,A00070,NORMAL,
C05382,2025-02-26,pending,A00612,NORMAL,
C05383,2026-04-10,verified,A00350,LEGITIMATE_SHARED_RESOURCE,
C05384,2026-04-04,verified,A00366,NORMAL,
C05385,2025-04-28,verified,A00220,NORMAL,
C05386,2026-04-20,verified,A00058,LEGITIMATE_SHARED_RESOURCE,
C05387,2026-05-21,verified,A00437,NORMAL,
C05388,2025-08-05,verified,A00024,NORMAL,
C05389,2025-07-05,verified,A00106,NORMAL,
C05390,2026-04-24,verified,A00448,LEGITIMATE_SHARED_RESOURCE,
C05391,2026-06-30,verified,A00179,NORMAL,
C05392,2025-05-01,pending,A00501,NORMAL,
C05393,2025-10-20,verified,A00102,LEGITIMATE_SHARED_RESOURCE,
C05394,2025-08-01,verified,A00374,ABUSE_RING,R0088
C05395,2026-08-14,verified,A00356,NORMAL,
C05396,2026-07-30,verified,A00638,NORMAL,
C05397,2026-01-12,pending,A00359,NORMAL,
C05398,2026-02-12,verified,A00594,NORMAL,
C05399,2025-06-25,verified,A00334,NORMAL,
C05400,2025-02-03,verified,A00581,LEGITIMATE_SHARED_RESOURCE,
C05401,2025-11-08,verified,A00077,NORMAL,
C05402,2025-11-02,verified,A00214,NORMAL,
C05403,2026-03-26,verified,A00201,NORMAL,
C05404,2026-04-08,verified,A00180,NORMAL,
C05405,2025-12-24,pending,A00300,NORMAL,
C05406,2026-06-05,verified,A00439,NORMAL,
C05407,2025-11-16,pending,A00448,NORMAL,
C05408,2026-03-04,verified,A00680,LEGITIMATE_SHARED_RESOURCE,
C05409,2025-11-28,verified,A00498,LEGITIMATE_SHARED_RESOURCE,
C05410,2025-01-05,verified,A00575,NORMAL,
C05411,2026-02-21,verified,A00054,LEGITIMATE_SHARED_RESOURCE,
C05412,2026-02-10,verified,A00596,NORMAL,
C05413,2026-02-28,pending,A00346,LEGITIMATE_SHARED_RESOURCE,
C05414,2025-03-10,verified,A00600,NORMAL,
C05415,2025-01-06,verified,A00141,LEGITIMATE_SHARED_RESOURCE,
C05416,2025-12-06,verified,A00468,LEGITIMATE_SHARED_RESOURCE,
C05417,2025-01-03,verified,A00170,NORMAL,
C05418,2026-03-11,verified,A00626,ABUSE_RING,R0038
C05419,2026-05-27,verified,A00048,ABUSE_RING,R0073
C05420,2026-07-13,verified,A00307,LEGITIMATE_SHARED_RESOURCE,
C05421,2026-02-11,verified,A00007,NORMAL,
C05422,2026-02-04,verified,A00188,NORMAL,
C05423,2026-06-01,verified,A00303,NORMAL,
C05424,2025-04-15,verified,A00476,NORMAL,
C05425,2025-12-05,verified,A00645,NORMAL,
C05426,2025-06-16,verified,A00630,NORMAL,
C05427,2025-06-11,verified,A00179,NORMAL,
C05428,2025-04-23,verified,A00230,NORMAL,
C05429,2026-07-29,verified,A00595,NORMAL,
C05430,2025-10-16,verified,A00392,LEGITIMATE_SHARED_RESOURCE,
C05431,2025-05-18,verified,A00388,LEGITIMATE_SHARED_RESOURCE,
C05432,2025-09-07,verified,A00099,NORMAL,
C05433,2025-10-28,verified,A00270,LEGITIMATE_SHARED_RESOURCE,
C05434,2026-04-28,verified,A00323,NORMAL,
C05435,2025-04-10,verified,A00612,NORMAL,
C05436,2025-12-03,verified,A00574,NORMAL,
C05437,2025-09-04,verified,A00560,NORMAL,
C05438,2025-11-17,verified,A00648,NORMAL,
C05439,2025-08-21,verified,A00677,NORMAL,
C05440,2025-10-28,verified,A00643,NORMAL,
C05441,2025-03-10,verified,A00356,NORMAL,
C05442,2025-08-17,pending,A00661,NORMAL,
C05443,2025-12-14,verified,A00564,NORMAL,
C05444,2026-04-30,verified,A00330,NORMAL,
C05445,2025-03-23,verified,A00008,NORMAL,
C05446,2026-08-09,verified,A00068,LEGITIMATE_SHARED_RESOURCE,
C05447,2026-07-16,verified,A00684,LEGITIMATE_SHARED_RESOURCE,
C05448,2025-11-06,verified,A00469,NORMAL,
C05449,2025-09-13,verified,A00126,LEGITIMATE_SHARED_RESOURCE,
C05450,2025-03-23,verified,A00622,NORMAL,
C05451,2026-03-10,verified,A00434,LEGITIMATE_SHARED_RESOURCE,
C05452,2025-01-27,verified,A00625,NORMAL,
C05453,2025-04-09,pending,A00056,ABUSE_RING,R0111
C05454,2025-11-19,verified,A00289,NORMAL,
C05455,2025-11-26,verified,A00399,NORMAL,
C05456,2025-04-15,verified,A00464,NORMAL,
C05457,2025-10-03,verified,A00371,LEGITIMATE_SHARED_RESOURCE,
C05458,2026-05-18,verified,A00533,NORMAL,
C05459,2025-08-01,verified,A00689,NORMAL,
C05460,2025-10-25,verified,A00280,LEGITIMATE_SHARED_RESOURCE,
C05461,2025-06-22,verified,A00307,NORMAL,
C05462,2025-06-16,verified,A00522,LEGITIMATE_SHARED_RESOURCE,
C05463,2025-10-29,verified,A00527,NORMAL,
C05464,2025-07-11,verified,A00417,NORMAL,
C05465,2025-11-25,verified,A00037,NORMAL,
C05466,2026-04-22,verified,A00179,NORMAL,
C05467,2025-11-29,verified,A00383,NORMAL,
C05468,2025-11-15,verified,A00124,NORMAL,
C05469,2025-02-19,verified,A00469,LEGITIMATE_SHARED_RESOURCE,
C05470,2026-01-14,verified,A00478,NORMAL,
C05471,2025-01-03,pending,A00454,NORMAL,
C05472,2026-08-17,pending,A00674,ABUSE_RING,R0076
C05473,2025-01-31,pending,A00699,NORMAL,
C05474,2026-02-16,verified,A00687,NORMAL,
C05475,2026-03-10,verified,A00116,NORMAL,
C05476,2025-08-05,verified,A00103,NORMAL,
C05477,2025-06-25,verified,A00269,NORMAL,
C05478,2026-07-24,verified,A00616,ABUSE_RING,R0031
C05479,2025-11-17,pending,A00369,NORMAL,
C05480,2026-01-09,verified,A00164,ABUSE_RING,R0112
C05481,2026-05-12,verified,A00064,NORMAL,
C05482,2026-02-24,verified,A00135,NORMAL,
C05483,2025-05-20,verified,A00673,NORMAL,
C05484,2025-04-24,verified,A00398,NORMAL,
C05485,2026-07-31,verified,A00258,NORMAL,
C05486,2025-01-30,verified,A00022,NORMAL,
C05487,2026-06-21,verified,A00510,NORMAL,
C05488,2026-03-11,verified,A00012,NORMAL,
C05489,2025-06-23,verified,A00363,LEGITIMATE_SHARED_RESOURCE,
C05490,2025-03-20,verified,A00028,ABUSE_RING,R0027
C05491,2025-09-23,verified,A00601,NORMAL,
C05492,2026-01-28,verified,A00343,NORMAL,
C05493,2026-04-26,verified,A00268,NORMAL,
C05494,2025-09-25,verified,A00576,LEGITIMATE_SHARED_RESOURCE,
C05495,2025-12-21,pending,A00677,NORMAL,
C05496,2026-03-10,verified,A00489,NORMAL,
C05497,2026-01-03,verified,A00525,NORMAL,
C05498,2025-10-03,verified,A00088,NORMAL,
C05499,2025-09-06,verified,A00485,NORMAL,
C05500,2026-06-26,verified,A00003,LEGITIMATE_SHARED_RESOURCE,
C05501,2025-04-26,verified,A00091,NORMAL,
C05502,2025-03-31,verified,A00237,LEGITIMATE_SHARED_RESOURCE,
C05503,2025-08-28,verified,A00625,NORMAL,
C05504,2025-11-30,verified,A00164,NORMAL,
C05505,2025-08-02,verified,A00273,ABUSE_RING,R0114
C05506,2025-08-29,verified,A00084,NORMAL,
C05507,2026-03-29,verified,A00477,NORMAL,
C05508,2025-04-11,verified,A00516,NORMAL,
C05509,2026-05-12,verified,A00427,NORMAL,
C05510,2025-09-03,verified,A00523,LEGITIMATE_SHARED_RESOURCE,
C05511,2026-05-12,verified,A00632,NORMAL,
C05512,2025-02-11,verified,A00071,LEGITIMATE_SHARED_RESOURCE,
C05513,2025-07-16,verified,A00177,NORMAL,
C05514,2025-06-26,verified,A00520,LEGITIMATE_SHARED_RESOURCE,
C05515,2025-05-26,verified,A00056,NORMAL,
C05516,2025-11-09,verified,A00301,MIXED,
C05517,2025-09-02,verified,A00115,NORMAL,
C05518,2026-05-18,verified,A00576,NORMAL,
C05519,2025-04-11,verified,A00262,NORMAL,
C05520,2026-08-24,verified,A00115,NORMAL,
C05521,2025-02-05,verified,A00145,NORMAL,
C05522,2025-12-15,pending,A00606,NORMAL,
C05523,2025-01-18,verified,A00648,NORMAL,
C05524,2025-07-10,verified,A00169,NORMAL,
C05525,2025-05-17,verified,A00100,NORMAL,
C05526,2026-05-26,verified,A00128,NORMAL,
C05527,2026-07-07,verified,A00670,ABUSE_RING,R0011
C05528,2025-08-17,verified,A00098,NORMAL,
C05529,2025-09-02,verified,A00693,LEGITIMATE_SHARED_RESOURCE,
C05530,2025-10-10,verified,A00036,NORMAL,
C05531,2025-08-18,pending,A00061,MIXED,R0139
C05532,2025-12-16,verified,A00485,NORMAL,
C05533,2026-08-11,verified,A00655,LEGITIMATE_SHARED_RESOURCE,
C05534,2025-04-04,verified,A00229,NORMAL,
C05535,2025-09-09,pending,A00534,NORMAL,
C05536,2025-04-28,verified,A00513,NORMAL,
C05537,2025-06-17,verified,A00049,NORMAL,
C05538,2025-03-25,verified,A00343,NORMAL,
C05539,2025-06-09,verified,A00706,NORMAL,
C05540,2026-05-14,verified,A00567,NORMAL,
C05541,2026-01-12,pending,A00414,NORMAL,
C05542,2025-06-29,verified,A00395,LEGITIMATE_SHARED_RESOURCE,
C05543,2026-04-08,verified,A00055,LEGITIMATE_SHARED_RESOURCE,
C05544,2026-03-04,verified,A00527,NORMAL,
C05545,2025-05-21,pending,A00136,NORMAL,
C05546,2025-10-02,verified,A00673,LEGITIMATE_SHARED_RESOURCE,
C05547,2026-01-22,verified,A00652,NORMAL,
C05548,2025-12-12,verified,A00219,NORMAL,
C05549,2026-02-03,verified,A00589,NORMAL,
C05550,2025-05-11,verified,A00252,NORMAL,
C05551,2025-12-07,verified,A00103,LEGITIMATE_SHARED_RESOURCE,
C05552,2025-04-18,verified,A00263,NORMAL,
C05553,2026-01-22,verified,A00706,NORMAL,
C05554,2026-08-17,verified,A00605,NORMAL,
C05555,2025-05-16,verified,A00085,NORMAL,
C05556,2026-06-24,verified,A00600,NORMAL,
C05557,2025-09-20,verified,A00685,ABUSE_RING,R0080
C05558,2026-08-21,verified,A00609,NORMAL,
C05559,2026-03-26,verified,A00302,NORMAL,
C05560,2026-04-23,verified,A00675,LEGITIMATE_SHARED_RESOURCE,
C05561,2025-02-26,verified,A00257,NORMAL,
C05562,2025-11-10,pending,A00696,NORMAL,
C05563,2025-04-21,verified,A00370,LEGITIMATE_SHARED_RESOURCE,
C05564,2026-02-26,verified,A00264,NORMAL,
C05565,2026-08-24,verified,A00270,ABUSE_RING,R0005
C05566,2026-01-29,verified,A00291,NORMAL,
C05567,2025-11-05,verified,A00431,NORMAL,
C05568,2026-01-07,verified,A00530,NORMAL,
C05569,2025-03-11,verified,A00326,LEGITIMATE_SHARED_RESOURCE,
C05570,2025-06-13,verified,A00524,NORMAL,
C05571,2026-06-08,verified,A00404,NORMAL,
C05572,2025-11-02,verified,A00018,NORMAL,
C05573,2026-07-28,verified,A00026,NORMAL,
C05574,2025-09-14,verified,A00085,LEGITIMATE_SHARED_RESOURCE,
C05575,2026-05-03,pending,A00301,NORMAL,
C05576,2025-06-08,verified,A00611,NORMAL,
C05577,2025-04-11,verified,A00448,NORMAL,
C05578,2026-05-27,verified,A00540,MIXED,R0138
C05579,2025-08-13,verified,A00500,ABUSE_RING,R0063
C05580,2026-05-12,verified,A00136,NORMAL,
C05581,2026-03-28,verified,A00371,NORMAL,
C05582,2025-09-15,verified,A00168,NORMAL,
C05583,2025-09-21,verified,A00325,NORMAL,
C05584,2025-01-02,verified,A00540,NORMAL,
C05585,2025-08-04,verified,A00101,NORMAL,
C05586,2025-07-10,verified,A00141,NORMAL,
C05587,2025-07-04,verified,A00467,NORMAL,
C05588,2025-05-30,verified,A00305,LEGITIMATE_SHARED_RESOURCE,
C05589,2025-03-12,verified,A00354,NORMAL,
C05590,2025-08-10,verified,A00051,LEGITIMATE_SHARED_RESOURCE,
C05591,2025-02-23,verified,A00242,LEGITIMATE_SHARED_RESOURCE,
C05592,2025-06-15,verified,A00619,NORMAL,
C05593,2026-07-25,verified,A00569,ABUSE_RING,R0053
C05594,2026-05-17,pending,A00215,NORMAL,
C05595,2025-08-20,pending,A00164,NORMAL,
C05596,2025-04-10,pending,A00544,LEGITIMATE_SHARED_RESOURCE,
C05597,2025-12-16,pending,A00194,NORMAL,
C05598,2026-04-17,verified,A00699,NORMAL,
C05599,2026-07-14,verified,A00184,NORMAL,
C05600,2026-03-02,pending,A00163,NORMAL,
C05601,2025-03-31,verified,A00288,NORMAL,
C05602,2026-01-14,verified,A00063,NORMAL,
C05603,2026-07-25,verified,A00520,NORMAL,
C05604,2026-08-01,verified,A00593,ABUSE_RING,R0090
C05605,2026-06-13,pending,A00685,NORMAL,
C05606,2025-04-06,verified,A00103,NORMAL,
C05607,2025-10-04,verified,A00123,LEGITIMATE_SHARED_RESOURCE,
C05608,2026-05-24,verified,A00574,LEGITIMATE_SHARED_RESOURCE,
C05609,2025-08-29,verified,A00658,LEGITIMATE_SHARED_RESOURCE,
C05610,2025-01-03,verified,A00195,LEGITIMATE_SHARED_RESOURCE,
C05611,2025-07-25,verified,A00603,NORMAL,
C05612,2025-11-23,verified,A00317,NORMAL,
C05613,2025-07-20,verified,A00578,NORMAL,
C05614,2026-04-10,verified,A00611,NORMAL,
C05615,2026-04-01,verified,A00013,NORMAL,
C05616,2025-10-04,verified,A00579,NORMAL,
C05617,2025-08-09,verified,A00152,NORMAL,
C05618,2025-10-11,verified,A00642,NORMAL,
C05619,2025-02-02,verified,A00628,LEGITIMATE_SHARED_RESOURCE,
C05620,2025-03-24,verified,A00471,NORMAL,
C05621,2025-08-19,verified,A00198,NORMAL,
C05622,2025-08-15,verified,A00664,NORMAL,
C05623,2025-08-21,verified,A00529,NORMAL,
C05624,2026-05-25,verified,A00175,NORMAL,
C05625,2025-11-10,verified,A00515,NORMAL,
C05626,2025-09-02,verified,A00030,NORMAL,
C05627,2026-05-13,verified,A00139,MIXED,R0129
C05628,2025-03-27,pending,A00172,NORMAL,
C05629,2026-01-10,verified,A00553,NORMAL,
C05630,2026-03-19,pending,A00080,NORMAL,
C05631,2025-02-21,verified,A00115,LEGITIMATE_SHARED_RESOURCE,
C05632,2026-08-06,pending,A00675,NORMAL,
C05633,2025-07-03,verified,A00167,NORMAL,
C05634,2025-10-15,verified,A00639,NORMAL,
C05635,2026-01-04,verified,A00039,NORMAL,
C05636,2026-03-28,verified,A00597,NORMAL,
C05637,2025-03-20,verified,A00554,NORMAL,
C05638,2025-08-04,verified,A00580,NORMAL,
C05639,2026-04-20,verified,A00591,LEGITIMATE_SHARED_RESOURCE,
C05640,2026-01-01,verified,A00416,NORMAL,
C05641,2026-01-02,verified,A00058,ABUSE_RING,R0065
C05642,2025-04-20,verified,A00050,NORMAL,
C05643,2025-02-23,verified,A00304,NORMAL,
C05644,2025-01-22,verified,A00478,LEGITIMATE_SHARED_RESOURCE,
C05645,2026-03-25,verified,A00120,LEGITIMATE_SHARED_RESOURCE,
C05646,2025-05-10,verified,A00399,NORMAL,
C05647,2025-05-21,verified,A00483,NORMAL,
C05648,2026-01-12,verified,A00035,NORMAL,
C05649,2025-01-20,verified,A00421,NORMAL,
C05650,2026-07-05,verified,A00320,NORMAL,
C05651,2025-09-02,verified,A00487,NORMAL,
C05652,2025-08-31,verified,A00462,NORMAL,
C05653,2025-04-04,verified,A00560,LEGITIMATE_SHARED_RESOURCE,
C05654,2025-10-03,verified,A00375,NORMAL,
C05655,2026-05-30,verified,A00398,NORMAL,
C05656,2025-08-21,verified,A00181,NORMAL,
C05657,2025-04-20,verified,A00080,NORMAL,
C05658,2026-07-03,verified,A00417,LEGITIMATE_SHARED_RESOURCE,
C05659,2025-07-18,pending,A00486,NORMAL,
C05660,2025-05-18,verified,A00116,NORMAL,
C05661,2025-04-06,verified,A00680,NORMAL,
C05662,2026-06-18,pending,A00211,NORMAL,
C05663,2025-03-30,verified,A00390,LEGITIMATE_SHARED_RESOURCE,
C05664,2025-06-06,verified,A00026,LEGITIMATE_SHARED_RESOURCE,
C05665,2026-01-07,verified,A00466,NORMAL,
C05666,2025-10-29,verified,A00179,LEGITIMATE_SHARED_RESOURCE,
C05667,2025-12-25,verified,A00157,LEGITIMATE_SHARED_RESOURCE,
C05668,2026-08-13,verified,A00289,LEGITIMATE_SHARED_RESOURCE,
C05669,2026-02-07,verified,A00689,LEGITIMATE_SHARED_RESOURCE,
C05670,2025-10-13,verified,A00228,NORMAL,
C05671,2025-03-20,verified,A00095,LEGITIMATE_SHARED_RESOURCE,
C05672,2025-11-01,verified,A00610,NORMAL,
C05673,2025-02-24,verified,A00347,NORMAL,
C05674,2025-08-19,verified,A00289,NORMAL,
C05675,2025-06-12,verified,A00209,NORMAL,
C05676,2026-03-28,verified,A00262,NORMAL,
C05677,2026-03-24,verified,A00394,NORMAL,
C05678,2025-05-09,verified,A00494,NORMAL,
C05679,2026-02-04,verified,A00312,NORMAL,
C05680,2026-03-27,verified,A00285,LEGITIMATE_SHARED_RESOURCE,
C05681,2025-12-31,pending,A00344,NORMAL,
C05682,2025-06-20,verified,A00302,NORMAL,
C05683,2025-06-24,verified,A00369,LEGITIMATE_SHARED_RESOURCE,
C05684,2026-03-14,verified,A00151,ABUSE_RING,R0098
C05685,2026-01-11,verified,A00461,NORMAL,
C05686,2026-06-30,verified,A00279,LEGITIMATE_SHARED_RESOURCE,
C05687,2025-08-23,verified,A00633,NORMAL,
C05688,2026-02-12,verified,A00663,LEGITIMATE_SHARED_RESOURCE,
C05689,2025-07-13,verified,A00524,NORMAL,
C05690,2026-05-13,pending,A00228,LEGITIMATE_SHARED_RESOURCE,
C05691,2025-03-12,verified,A00048,NORMAL,
C05692,2025-05-06,verified,A00352,LEGITIMATE_SHARED_RESOURCE,
C05693,2025-08-29,verified,A00580,LEGITIMATE_SHARED_RESOURCE,
C05694,2026-01-15,verified,A00095,LEGITIMATE_SHARED_RESOURCE,
C05695,2025-04-09,verified,A00655,NORMAL,
C05696,2025-11-22,verified,A00188,NORMAL,
C05697,2025-09-19,verified,A00356,NORMAL,
C05698,2025-01-24,verified,A00268,NORMAL,
C05699,2025-08-07,verified,A00477,NORMAL,
C05700,2025-03-04,verified,A00426,NORMAL,
C05701,2026-07-16,verified,A00525,NORMAL,
C05702,2025-09-04,verified,A00379,LEGITIMATE_SHARED_RESOURCE,
C05703,2025-12-27,pending,A00661,NORMAL,
C05704,2025-08-18,verified,A00329,NORMAL,
C05705,2025-09-27,verified,A00460,NORMAL,
C05706,2026-01-18,verified,A00460,LEGITIMATE_SHARED_RESOURCE,
C05707,2026-08-12,verified,A00495,NORMAL,
C05708,2025-09-24,verified,A00300,LEGITIMATE_SHARED_RESOURCE,
C05709,2025-06-15,verified,A00664,NORMAL,
C05710,2025-03-01,verified,A00311,NORMAL,
C05711,2025-08-07,verified,A00172,NORMAL,
C05712,2026-05-04,verified,A00528,LEGITIMATE_SHARED_RESOURCE,
C05713,2025-09-19,verified,A00507,NORMAL,
C05714,2026-06-25,verified,A00710,NORMAL,
C05715,2026-04-09,verified,A00657,ABUSE_RING,R0071
C05716,2026-03-18,pending,A00493,NORMAL,
C05717,2025-07-05,verified,A00239,NORMAL,
C05718,2025-02-28,verified,A00110,LEGITIMATE_SHARED_RESOURCE,
C05719,2025-12-08,verified,A00557,NORMAL,
C05720,2026-02-18,pending,A00535,NORMAL,
C05721,2025-09-25,verified,A00111,NORMAL,
C05722,2025-08-16,verified,A00163,LEGITIMATE_SHARED_RESOURCE,
C05723,2025-10-18,verified,A00073,LEGITIMATE_SHARED_RESOURCE,
C05724,2026-07-31,verified,A00159,NORMAL,
C05725,2026-04-21,verified,A00222,NORMAL,
C05726,2026-03-26,verified,A00021,NORMAL,
C05727,2025-01-09,verified,A00638,LEGITIMATE_SHARED_RESOURCE,
C05728,2026-01-12,verified,A00657,LEGITIMATE_SHARED_RESOURCE,
C05729,2026-01-30,verified,A00076,NORMAL,
C05730,2026-07-27,verified,A00360,LEGITIMATE_SHARED_RESOURCE,
C05731,2026-04-09,verified,A00209,NORMAL,
C05732,2025-07-05,verified,A00252,NORMAL,
C05733,2026-01-21,verified,A00701,NORMAL,
C05734,2025-01-21,verified,A00320,LEGITIMATE_SHARED_RESOURCE,
C05735,2026-02-22,verified,A00111,LEGITIMATE_SHARED_RESOURCE,
C05736,2026-05-09,verified,A00578,NORMAL,
C05737,2025-10-23,verified,A00059,NORMAL,
C05738,2025-08-05,verified,A00336,NORMAL,
C05739,2026-06-28,pending,A00397,NORMAL,
C05740,2026-08-05,verified,A00228,NORMAL,
C05741,2025-06-07,verified,A00537,NORMAL,
C05742,2025-09-30,verified,A00094,LEGITIMATE_SHARED_RESOURCE,
C05743,2026-04-13,verified,A00195,NORMAL,
C05744,2025-02-04,verified,A00497,NORMAL,
C05745,2025-01-29,verified,A00104,NORMAL,
C05746,2026-06-26,verified,A00470,NORMAL,
C05747,2025-02-28,verified,A00488,NORMAL,
C05748,2025-08-28,verified,A00653,NORMAL,
C05749,2025-04-19,pending,A00585,LEGITIMATE_SHARED_RESOURCE,
C05750,2025-05-27,verified,A00625,NORMAL,
C05751,2025-06-23,verified,A00424,NORMAL,
C05752,2025-02-18,verified,A00017,LEGITIMATE_SHARED_RESOURCE,
C05753,2026-02-14,verified,A00668,NORMAL,
C05754,2026-03-30,verified,A00053,NORMAL,
C05755,2025-01-02,verified,A00474,NORMAL,
C05756,2025-02-26,verified,A00221,NORMAL,
C05757,2025-05-16,verified,A00692,LEGITIMATE_SHARED_RESOURCE,
C05758,2026-02-12,verified,A00074,ABUSE_RING,R0061
C05759,2026-07-12,verified,A00097,NORMAL,
C05760,2025-01-04,verified,A00347,NORMAL,
C05761,2025-09-07,verified,A00042,NORMAL,
C05762,2025-01-07,verified,A00022,NORMAL,
C05763,2025-04-13,verified,A00154,NORMAL,
C05764,2025-05-24,verified,A00120,LEGITIMATE_SHARED_RESOURCE,
C05765,2025-06-23,verified,A00574,ABUSE_RING,R0038
C05766,2025-08-12,verified,A00629,NORMAL,
C05767,2025-02-12,verified,A00037,NORMAL,
C05768,2025-05-05,pending,A00079,NORMAL,
C05769,2026-07-14,pending,A00388,NORMAL,
C05770,2026-08-03,verified,A00276,NORMAL,
C05771,2025-04-25,verified,A00392,NORMAL,
C05772,2026-04-20,verified,A00531,NORMAL,
C05773,2026-05-04,verified,A00041,NORMAL,
C05774,2025-04-23,verified,A00313,NORMAL,
C05775,2025-03-23,verified,A00436,NORMAL,
C05776,2025-08-23,verified,A00573,NORMAL,
C05777,2025-06-03,verified,A00372,NORMAL,
C05778,2025-04-25,verified,A00264,ABUSE_RING,R0033
C05779,2025-05-19,pending,A00605,LEGITIMATE_SHARED_RESOURCE,
C05780,2025-12-04,verified,A00396,NORMAL,
C05781,2025-05-05,verified,A00150,LEGITIMATE_SHARED_RESOURCE,
C05782,2025-04-22,verified,A00497,NORMAL,
C05783,2025-01-21,verified,A00160,LEGITIMATE_SHARED_RESOURCE,
C05784,2025-12-01,verified,A00309,NORMAL,
C05785,2026-02-04,verified,A00037,NORMAL,
C05786,2025-06-10,verified,A00161,NORMAL,
C05787,2025-03-27,verified,A00680,NORMAL,
C05788,2025-05-26,pending,A00270,NORMAL,
C05789,2026-06-22,verified,A00478,ABUSE_RING,R0026
C05790,2025-12-20,verified,A00337,LEGITIMATE_SHARED_RESOURCE,
C05791,2025-01-03,pending,A00175,NORMAL,
C05792,2025-10-29,verified,A00258,NORMAL,
C05793,2025-05-22,verified,A00251,ABUSE_RING,R0034
C05794,2026-01-19,verified,A00119,NORMAL,
C05795,2026-04-20,verified,A00295,NORMAL,
C05796,2026-05-31,verified,A00128,NORMAL,
C05797,2025-07-18,verified,A00159,NORMAL,
C05798,2025-01-18,verified,A00707,NORMAL,
C05799,2025-07-31,verified,A00653,NORMAL,
C05800,2025-05-14,verified,A00109,LEGITIMATE_SHARED_RESOURCE,
C05801,2026-06-21,verified,A00436,NORMAL,
C05802,2026-04-19,verified,A00531,NORMAL,
C05803,2025-06-21,verified,A00501,NORMAL,
C05804,2026-07-22,verified,A00200,NORMAL,
C05805,2025-03-05,verified,A00307,NORMAL,
C05806,2026-03-19,verified,A00593,NORMAL,
C05807,2026-01-31,verified,A00460,NORMAL,
C05808,2026-03-24,verified,A00388,NORMAL,
C05809,2025-02-02,verified,A00624,LEGITIMATE_SHARED_RESOURCE,
C05810,2026-03-21,pending,A00320,NORMAL,
C05811,2025-03-13,pending,A00653,NORMAL,
C05812,2025-02-12,verified,A00505,NORMAL,
C05813,2025-05-06,pending,A00305,LEGITIMATE_SHARED_RESOURCE,
C05814,2025-12-02,verified,A00329,NORMAL,
C05815,2026-05-30,verified,A00312,NORMAL,
C05816,2026-02-21,verified,A00473,LEGITIMATE_SHARED_RESOURCE,
C05817,2025-05-01,verified,A00649,NORMAL,
C05818,2026-04-07,verified,A00203,NORMAL,
C05819,2025-09-18,verified,A00515,NORMAL,
C05820,2026-08-19,verified,A00179,NORMAL,
C05821,2026-06-18,pending,A00476,NORMAL,
C05822,2025-08-09,verified,A00178,ABUSE_RING,R0101
C05823,2026-04-25,verified,A00437,LEGITIMATE_SHARED_RESOURCE,
C05824,2025-11-25,verified,A00548,ABUSE_RING,R0048
C05825,2025-10-24,verified,A00313,LEGITIMATE_SHARED_RESOURCE,
C05826,2025-10-24,pending,A00706,LEGITIMATE_SHARED_RESOURCE,
C05827,2025-11-09,verified,A00282,LEGITIMATE_SHARED_RESOURCE,
C05828,2025-03-02,verified,A00031,ABUSE_RING,R0095
C05829,2025-01-29,verified,A00103,NORMAL,
C05830,2025-11-04,verified,A00426,NORMAL,
C05831,2025-12-01,verified,A00577,NORMAL,
C05832,2025-10-28,verified,A00207,NORMAL,
C05833,2026-07-22,pending,A00177,NORMAL,
C05834,2025-08-09,verified,A00255,NORMAL,
C05835,2025-11-09,verified,A00341,NORMAL,
C05836,2025-09-08,verified,A00397,NORMAL,
C05837,2026-03-04,verified,A00166,NORMAL,
C05838,2025-05-16,verified,A00537,NORMAL,
C05839,2026-03-02,verified,A00496,MIXED,
C05840,2026-01-13,verified,A00650,NORMAL,
C05841,2025-06-02,verified,A00227,LEGITIMATE_SHARED_RESOURCE,
C05842,2026-07-15,verified,A00207,NORMAL,
C05843,2025-08-27,verified,A00478,NORMAL,
C05844,2026-02-11,verified,A00627,NORMAL,
C05845,2025-03-21,pending,A00689,NORMAL,
C05846,2026-04-13,verified,A00009,NORMAL,
C05847,2025-04-12,pending,A00092,LEGITIMATE_SHARED_RESOURCE,
C05848,2025-04-28,pending,A00365,LEGITIMATE_SHARED_RESOURCE,
C05849,2026-06-26,verified,A00390,ABUSE_RING,R0088
C05850,2025-06-07,verified,A00363,LEGITIMATE_SHARED_RESOURCE,
C05851,2025-09-07,verified,A00165,NORMAL,
C05852,2026-07-16,verified,A00367,NORMAL,
C05853,2026-07-13,verified,A00415,NORMAL,
C05854,2025-12-12,verified,A00066,NORMAL,
C05855,2026-01-21,verified,A00615,NORMAL,
C05856,2026-04-05,verified,A00374,NORMAL,
C05857,2025-01-24,verified,A00450,NORMAL,
C05858,2025-05-21,verified,A00380,NORMAL,
C05859,2025-03-07,verified,A00619,NORMAL,
C05860,2026-07-25,verified,A00064,NORMAL,
C05861,2025-02-01,verified,A00272,ABUSE_RING,R0074
C05862,2025-10-29,verified,A00037,NORMAL,
C05863,2025-05-23,verified,A00231,NORMAL,
C05864,2025-05-22,verified,A00694,LEGITIMATE_SHARED_RESOURCE,
C05865,2026-01-20,verified,A00580,NORMAL,
C05866,2025-10-24,verified,A00659,LEGITIMATE_SHARED_RESOURCE,
C05867,2026-02-27,verified,A00567,NORMAL,
C05868,2025-01-09,verified,A00539,NORMAL,
C05869,2025-06-27,verified,A00203,NORMAL,
C05870,2025-06-18,verified,A00456,NORMAL,
C05871,2026-03-04,verified,A00657,NORMAL,
C05872,2025-04-13,verified,A00253,NORMAL,
C05873,2025-03-23,verified,A00470,NORMAL,
C05874,2025-12-14,verified,A00612,NORMAL,
C05875,2026-05-31,verified,A00488,LEGITIMATE_SHARED_RESOURCE,
C05876,2025-03-22,verified,A00273,NORMAL,
C05877,2025-07-10,verified,A00299,NORMAL,
C05878,2025-05-18,verified,A00032,NORMAL,
C05879,2026-01-21,verified,A00264,LEGITIMATE_SHARED_RESOURCE,
C05880,2026-01-26,verified,A00289,NORMAL,
C05881,2025-07-23,verified,A00207,NORMAL,
C05882,2026-06-03,verified,A00065,NORMAL,
C05883,2026-02-27,verified,A00138,NORMAL,
C05884,2026-07-08,verified,A00321,NORMAL,
C05885,2025-11-15,verified,A00365,LEGITIMATE_SHARED_RESOURCE,
C05886,2026-06-30,verified,A00486,NORMAL,
C05887,2025-09-23,verified,A00598,NORMAL,
C05888,2025-10-27,verified,A00345,NORMAL,
C05889,2025-05-17,verified,A00604,ABUSE_RING,R0099
C05890,2026-05-11,verified,A00166,NORMAL,
C05891,2025-11-09,verified,A00622,NORMAL,
C05892,2026-04-15,pending,A00570,NORMAL,
C05893,2026-07-11,verified,A00295,NORMAL,
C05894,2025-12-15,verified,A00303,LEGITIMATE_SHARED_RESOURCE,
C05895,2025-01-28,verified,A00287,NORMAL,
C05896,2025-06-05,verified,A00010,NORMAL,
C05897,2025-04-26,verified,A00606,NORMAL,
C05898,2026-02-14,verified,A00485,NORMAL,
C05899,2026-04-02,verified,A00287,NORMAL,
C05900,2026-01-16,verified,A00665,NORMAL,
C05901,2025-02-02,verified,A00451,NORMAL,
C05902,2026-07-14,verified,A00132,NORMAL,
C05903,2026-03-18,verified,A00221,NORMAL,
C05904,2025-08-31,verified,A00248,NORMAL,
C05905,2025-01-09,verified,A00688,NORMAL,
C05906,2025-05-11,verified,A00360,NORMAL,
C05907,2025-07-20,verified,A00675,NORMAL,
C05908,2025-07-07,verified,A00379,NORMAL,
C05909,2026-02-14,verified,A00466,NORMAL,
C05910,2026-05-15,verified,A00224,NORMAL,
C05911,2025-04-19,verified,A00368,NORMAL,
C05912,2025-06-11,verified,A00544,LEGITIMATE_SHARED_RESOURCE,
C05913,2026-05-17,verified,A00126,LEGITIMATE_SHARED_RESOURCE,
C05914,2025-08-15,pending,A00120,NORMAL,
C05915,2025-03-06,verified,A00125,NORMAL,
C05916,2026-05-18,verified,A00212,NORMAL,
C05917,2026-01-09,verified,A00422,NORMAL,
C05918,2025-05-26,verified,A00577,LEGITIMATE_SHARED_RESOURCE,
C05919,2025-06-30,verified,A00089,NORMAL,
C05920,2025-12-14,verified,A00317,LEGITIMATE_SHARED_RESOURCE,
C05921,2025-11-15,verified,A00508,NORMAL,
C05922,2026-07-15,verified,A00469,NORMAL,
C05923,2025-03-12,verified,A00701,NORMAL,
C05924,2025-08-09,verified,A00686,NORMAL,
C05925,2026-06-10,verified,A00086,NORMAL,
C05926,2025-02-27,pending,A00286,NORMAL,
C05927,2026-07-06,verified,A00179,LEGITIMATE_SHARED_RESOURCE,
C05928,2025-12-05,verified,A00496,NORMAL,
C05929,2025-08-07,verified,A00288,NORMAL,
C05930,2025-07-23,verified,A00207,NORMAL,
C05931,2025-05-08,verified,A00158,LEGITIMATE_SHARED_RESOURCE,
C05932,2025-01-01,verified,A00632,NORMAL,
C05933,2025-05-25,pending,A00431,NORMAL,
C05934,2026-07-01,verified,A00488,NORMAL,
C05935,2026-07-26,verified,A00683,NORMAL,
C05936,2026-04-29,verified,A00106,NORMAL,
C05937,2025-11-19,verified,A00674,NORMAL,
C05938,2026-03-27,verified,A00049,LEGITIMATE_SHARED_RESOURCE,
C05939,2026-03-27,verified,A00363,NORMAL,
C05940,2025-02-06,verified,A00385,NORMAL,
C05941,2025-04-17,verified,A00658,ABUSE_RING,R0036
C05942,2025-05-12,pending,A00560,NORMAL,
C05943,2025-11-18,pending,A00406,NORMAL,
C05944,2026-06-15,verified,A00282,NORMAL,
C05945,2025-10-26,verified,A00293,LEGITIMATE_SHARED_RESOURCE,
C05946,2026-08-09,verified,A00102,NORMAL,
C05947,2025-03-27,verified,A00391,NORMAL,
C05948,2026-07-09,verified,A00030,NORMAL,
C05949,2025-06-24,verified,A00129,NORMAL,
C05950,2025-04-12,verified,A00403,LEGITIMATE_SHARED_RESOURCE,
C05951,2025-01-11,verified,A00419,NORMAL,
C05952,2025-09-13,verified,A00702,NORMAL,
C05953,2026-01-14,verified,A00564,LEGITIMATE_SHARED_RESOURCE,
C05954,2025-11-30,verified,A00149,NORMAL,
C05955,2025-04-02,verified,A00363,LEGITIMATE_SHARED_RESOURCE,
C05956,2026-02-13,verified,A00064,NORMAL,
C05957,2026-03-27,verified,A00247,NORMAL,
C05958,2026-06-12,pending,A00081,NORMAL,
C05959,2025-10-25,verified,A00698,NORMAL,
C05960,2025-11-26,pending,A00316,NORMAL,
C05961,2025-07-23,verified,A00476,NORMAL,
C05962,2025-10-27,verified,A00692,NORMAL,
C05963,2026-04-07,verified,A00481,NORMAL,
C05964,2025-10-25,verified,A00301,NORMAL,
C05965,2026-03-07,verified,A00355,NORMAL,
C05966,2025-04-13,verified,A00100,NORMAL,
C05967,2026-02-16,verified,A00180,NORMAL,
C05968,2026-01-11,verified,A00249,MIXED,
C05969,2026-03-20,verified,A00341,ABUSE_RING,R0035
C05970,2026-04-13,verified,A00475,NORMAL,
C05971,2026-06-02,verified,A00414,NORMAL,
C05972,2025-02-27,verified,A00060,NORMAL,
C05973,2025-07-11,verified,A00345,NORMAL,
C05974,2025-01-24,verified,A00391,LEGITIMATE_SHARED_RESOURCE,
C05975,2026-03-14,verified,A00396,NORMAL,
C05976,2026-08-13,verified,A00366,NORMAL,
C05977,2025-01-20,verified,A00370,NORMAL,
C05978,2025-06-01,verified,A00049,LEGITIMATE_SHARED_RESOURCE,
C05979,2026-03-07,verified,A00420,LEGITIMATE_SHARED_RESOURCE,
C05980,2026-01-17,verified,A00215,NORMAL,
C05981,2025-05-20,verified,A00261,LEGITIMATE_SHARED_RESOURCE,
C05982,2026-05-24,verified,A00110,LEGITIMATE_SHARED_RESOURCE,
C05983,2025-09-23,verified,A00689,NORMAL,
C05984,2025-10-06,verified,A00267,NORMAL,
C05985,2025-07-20,verified,A00533,NORMAL,
C05986,2025-10-18,verified,A00216,NORMAL,
C05987,2025-11-22,verified,A00398,NORMAL,
C05988,2025-02-21,verified,A00069,ABUSE_RING,R0017
C05989,2026-07-20,verified,A00160,NORMAL,
C05990,2025-01-08,pending,A00500,NORMAL,
C05991,2025-04-19,verified,A00222,NORMAL,
C05992,2026-06-28,verified,A00125,NORMAL,
C05993,2025-08-09,verified,A00596,NORMAL,
C05994,2025-05-29,verified,A00580,NORMAL,
C05995,2025-04-08,verified,A00590,LEGITIMATE_SHARED_RESOURCE,
C05996,2025-08-14,verified,A00109,NORMAL,
C05997,2026-07-02,verified,A00619,NORMAL,
C05998,2025-05-12,verified,A00341,NORMAL,
C05999,2025-01-03,verified,A00538,LEGITIMATE_SHARED_RESOURCE,
C06000,2025-03-17,verified,A00371,LEGITIMATE_SHARED_RESOURCE,
C06001,2026-04-13,verified,A00009,LEGITIMATE_SHARED_RESOURCE,
C06002,2025-04-16,verified,A00533,LEGITIMATE_SHARED_RESOURCE,
C06003,2026-03-18,verified,A00701,NORMAL,
C06004,2025-11-24,verified,A00130,NORMAL,
C06005,2026-02-26,verified,A00612,NORMAL,
C06006,2025-03-30,verified,A00703,LEGITIMATE_SHARED_RESOURCE,
C06007,2026-06-15,verified,A00173,NORMAL,
C06008,2026-06-07,verified,A00414,NORMAL,
C06009,2026-03-23,verified,A00083,LEGITIMATE_SHARED_RESOURCE,
C06010,2026-05-15,pending,A00206,NORMAL,
C06011,2025-03-21,verified,A00630,ABUSE_RING,R0041
C06012,2026-04-17,pending,A00584,NORMAL,
C06013,2025-09-09,verified,A00334,NORMAL,
C06014,2025-05-21,verified,A00501,MIXED,R0128
C06015,2026-03-13,verified,A00353,NORMAL,
C06016,2025-12-17,verified,A00504,NORMAL,
C06017,2026-03-10,verified,A00065,NORMAL,
C06018,2025-04-06,verified,A00131,NORMAL,
C06019,2025-11-25,verified,A00435,NORMAL,
C06020,2025-12-12,verified,A00220,NORMAL,
C06021,2025-04-23,verified,A00481,NORMAL,
C06022,2025-04-08,verified,A00258,NORMAL,
C06023,2026-07-02,verified,A00424,LEGITIMATE_SHARED_RESOURCE,
C06024,2025-06-26,verified,A00200,LEGITIMATE_SHARED_RESOURCE,
C06025,2025-10-22,verified,A00342,MIXED,
C06026,2025-01-25,verified,A00291,LEGITIMATE_SHARED_RESOURCE,
C06027,2026-02-16,verified,A00485,NORMAL,
C06028,2025-11-15,pending,A00426,LEGITIMATE_SHARED_RESOURCE,
C06029,2026-06-02,verified,A00457,NORMAL,
C06030,2025-11-05,verified,A00303,NORMAL,
C06031,2026-03-15,verified,A00312,NORMAL,
C06032,2025-09-17,verified,A00118,NORMAL,
C06033,2026-06-12,verified,A00501,LEGITIMATE_SHARED_RESOURCE,
C06034,2025-08-11,verified,A00572,LEGITIMATE_SHARED_RESOURCE,
C06035,2025-07-01,verified,A00131,NORMAL,
C06036,2025-12-04,pending,A00523,NORMAL,
C06037,2026-07-11,pending,A00483,NORMAL,
C06038,2025-10-14,verified,A00360,NORMAL,
C06039,2025-03-01,verified,A00067,NORMAL,
C06040,2025-12-15,verified,A00318,NORMAL,
C06041,2026-01-24,verified,A00559,NORMAL,
C06042,2026-03-02,verified,A00429,NORMAL,
C06043,2026-07-31,pending,A00707,LEGITIMATE_SHARED_RESOURCE,
C06044,2025-08-13,verified,A00273,ABUSE_RING,R0060
C06045,2025-10-28,verified,A00504,LEGITIMATE_SHARED_RESOURCE,
C06046,2025-03-22,verified,A00089,LEGITIMATE_SHARED_RESOURCE,
C06047,2025-06-19,verified,A00245,NORMAL,
C06048,2026-06-16,verified,A00656,NORMAL,
C06049,2025-09-12,verified,A00090,ABUSE_RING,R0085
C06050,2025-01-27,verified,A00470,NORMAL,
C06051,2025-05-19,verified,A00636,NORMAL,
C06052,2026-04-02,verified,A00392,LEGITIMATE_SHARED_RESOURCE,
C06053,2026-01-11,verified,A00161,NORMAL,
C06054,2025-02-13,verified,A00511,NORMAL,
C06055,2025-02-20,verified,A00622,NORMAL,
C06056,2025-08-27,verified,A00385,NORMAL,
C06057,2026-03-28,verified,A00499,NORMAL,
C06058,2026-04-11,verified,A00098,NORMAL,
C06059,2025-02-04,verified,A00701,NORMAL,
C06060,2026-07-27,verified,A00600,LEGITIMATE_SHARED_RESOURCE,
C06061,2026-04-26,pending,A00115,NORMAL,
C06062,2026-06-17,verified,A00057,NORMAL,
C06063,2025-01-13,verified,A00282,NORMAL,
C06064,2025-02-06,verified,A00252,NORMAL,
C06065,2025-12-10,verified,A00524,NORMAL,
C06066,2025-07-07,verified,A00701,NORMAL,
C06067,2025-04-27,pending,A00498,NORMAL,
C06068,2025-07-22,verified,A00139,NORMAL,
C06069,2025-02-24,verified,A00681,ABUSE_RING,R0109
C06070,2025-01-12,verified,A00405,NORMAL,
C06071,2025-10-16,pending,A00369,NORMAL,
C06072,2025-04-09,verified,A00514,NORMAL,
C06073,2025-10-01,verified,A00521,NORMAL,
C06074,2026-05-26,verified,A00658,NORMAL,
C06075,2026-04-24,verified,A00525,LEGITIMATE_SHARED_RESOURCE,
C06076,2025-11-08,verified,A00513,NORMAL,
C06077,2026-05-19,verified,A00365,LEGITIMATE_SHARED_RESOURCE,
C06078,2026-04-22,verified,A00489,NORMAL,
C06079,2025-03-29,verified,A00614,NORMAL,
C06080,2025-03-30,verified,A00617,NORMAL,
C06081,2025-10-28,verified,A00663,NORMAL,
C06082,2025-02-25,pending,A00604,NORMAL,
C06083,2025-07-01,verified,A00654,LEGITIMATE_SHARED_RESOURCE,
C06084,2026-08-08,verified,A00099,LEGITIMATE_SHARED_RESOURCE,
C06085,2025-01-22,verified,A00665,NORMAL,
C06086,2025-07-29,pending,A00506,NORMAL,
C06087,2026-06-14,pending,A00402,LEGITIMATE_SHARED_RESOURCE,
C06088,2026-06-17,verified,A00556,ABUSE_RING,R0055
C06089,2026-08-09,verified,A00150,NORMAL,
C06090,2025-01-19,verified,A00192,NORMAL,
C06091,2026-01-30,pending,A00339,NORMAL,
C06092,2025-03-03,verified,A00051,NORMAL,
C06093,2025-11-21,pending,A00268,NORMAL,
C06094,2025-04-07,verified,A00173,NORMAL,
C06095,2025-02-10,verified,A00417,NORMAL,
C06096,2026-01-18,verified,A00229,NORMAL,
C06097,2025-08-10,verified,A00577,NORMAL,
C06098,2025-10-17,verified,A00488,ABUSE_RING,R0018
C06099,2026-03-24,verified,A00646,NORMAL,
C06100,2026-08-07,verified,A00706,NORMAL,
C06101,2025-03-14,pending,A00553,LEGITIMATE_SHARED_RESOURCE,
C06102,2025-10-04,verified,A00648,NORMAL,
C06103,2026-08-04,verified,A00605,NORMAL,
C06104,2026-05-05,verified,A00325,NORMAL,
C06105,2025-07-30,verified,A00435,NORMAL,
C06106,2026-07-10,verified,A00072,NORMAL,
C06107,2025-05-27,verified,A00582,LEGITIMATE_SHARED_RESOURCE,
C06108,2026-04-05,verified,A00386,NORMAL,
C06109,2025-06-05,verified,A00652,NORMAL,
C06110,2025-07-20,verified,A00647,NORMAL,
C06111,2025-11-25,verified,A00070,NORMAL,
C06112,2025-10-15,verified,A00124,NORMAL,
C06113,2025-12-19,verified,A00682,NORMAL,
C06114,2026-06-09,verified,A00701,NORMAL,
C06115,2025-11-08,verified,A00657,LEGITIMATE_SHARED_RESOURCE,
C06116,2026-08-14,verified,A00372,NORMAL,
C06117,2025-09-08,pending,A00068,NORMAL,
C06118,2025-07-02,verified,A00052,NORMAL,
C06119,2025-02-02,verified,A00340,NORMAL,
C06120,2026-08-14,pending,A00320,LEGITIMATE_SHARED_RESOURCE,
C06121,2025-02-18,pending,A00031,NORMAL,
C06122,2025-06-29,verified,A00694,NORMAL,
C06123,2026-04-07,verified,A00415,NORMAL,
C06124,2025-09-15,verified,A00250,NORMAL,
C06125,2026-05-18,verified,A00223,LEGITIMATE_SHARED_RESOURCE,
C06126,2025-03-21,verified,A00649,NORMAL,
C06127,2025-06-02,verified,A00300,NORMAL,
C06128,2026-03-27,verified,A00525,MIXED,
C06129,2026-08-10,verified,A00403,LEGITIMATE_SHARED_RESOURCE,
C06130,2025-06-16,verified,A00492,LEGITIMATE_SHARED_RESOURCE,
C06131,2026-04-26,verified,A00676,NORMAL,
C06132,2025-10-29,verified,A00658,NORMAL,
C06133,2025-07-01,verified,A00107,NORMAL,
C06134,2026-05-22,verified,A00274,NORMAL,
C06135,2026-07-09,verified,A00083,LEGITIMATE_SHARED_RESOURCE,
C06136,2025-12-15,verified,A00492,NORMAL,
C06137,2025-12-12,pending,A00503,NORMAL,
C06138,2026-08-05,verified,A00083,NORMAL,
C06139,2025-08-19,verified,A00704,LEGITIMATE_SHARED_RESOURCE,
C06140,2025-03-03,verified,A00282,NORMAL,
C06141,2026-08-24,verified,A00083,NORMAL,
C06142,2026-03-06,verified,A00649,LEGITIMATE_SHARED_RESOURCE,
C06143,2025-11-23,verified,A00406,NORMAL,
C06144,2026-02-06,verified,A00095,LEGITIMATE_SHARED_RESOURCE,
C06145,2025-10-10,verified,A00053,NORMAL,
C06146,2026-03-11,verified,A00707,NORMAL,
C06147,2026-06-29,pending,A00444,NORMAL,
C06148,2026-06-04,verified,A00220,NORMAL,
C06149,2026-03-29,verified,A00460,NORMAL,
C06150,2026-04-19,verified,A00475,MIXED,
C06151,2025-05-06,verified,A00590,NORMAL,
C06152,2026-08-08,pending,A00672,ABUSE_RING,R0058
C06153,2025-03-30,verified,A00490,NORMAL,
C06154,2025-01-02,verified,A00502,NORMAL,
C06155,2025-01-12,verified,A00176,NORMAL,
C06156,2026-03-26,verified,A00435,NORMAL,
C06157,2025-06-14,verified,A00314,NORMAL,
C06158,2025-12-11,verified,A00518,NORMAL,
C06159,2025-10-25,pending,A00001,NORMAL,
C06160,2025-01-11,verified,A00559,NORMAL,
C06161,2026-05-24,verified,A00041,NORMAL,
C06162,2026-03-07,pending,A00294,NORMAL,
C06163,2026-03-10,verified,A00349,LEGITIMATE_SHARED_RESOURCE,
C06164,2026-08-01,verified,A00612,NORMAL,
C06165,2025-03-31,verified,A00554,NORMAL,
C06166,2026-03-01,verified,A00312,LEGITIMATE_SHARED_RESOURCE,
C06167,2026-06-08,verified,A00279,LEGITIMATE_SHARED_RESOURCE,
C06168,2025-07-18,verified,A00008,NORMAL,
C06169,2025-08-03,verified,A00145,NORMAL,
C06170,2025-06-20,verified,A00413,NORMAL,
C06171,2026-05-29,verified,A00664,NORMAL,
C06172,2025-07-31,verified,A00382,NORMAL,
C06173,2026-05-18,verified,A00294,NORMAL,
C06174,2025-12-02,verified,A00396,NORMAL,
C06175,2025-11-29,verified,A00594,NORMAL,
C06176,2025-05-27,verified,A00429,NORMAL,
C06177,2025-10-22,verified,A00518,NORMAL,
C06178,2025-04-25,verified,A00154,LEGITIMATE_SHARED_RESOURCE,
C06179,2025-06-27,verified,A00472,NORMAL,
C06180,2026-01-15,verified,A00078,NORMAL,
C06181,2025-05-22,verified,A00403,NORMAL,
C06182,2025-11-10,verified,A00709,LEGITIMATE_SHARED_RESOURCE,
C06183,2026-01-18,verified,A00004,NORMAL,
C06184,2026-08-09,verified,A00323,LEGITIMATE_SHARED_RESOURCE,
C06185,2026-01-14,pending,A00663,NORMAL,
C06186,2026-03-31,verified,A00294,NORMAL,
C06187,2026-08-07,verified,A00435,LEGITIMATE_SHARED_RESOURCE,
C06188,2026-03-09,verified,A00674,LEGITIMATE_SHARED_RESOURCE,
C06189,2025-09-17,verified,A00439,LEGITIMATE_SHARED_RESOURCE,
C06190,2025-01-03,verified,A00569,NORMAL,
C06191,2025-06-05,verified,A00515,NORMAL,
C06192,2025-03-02,verified,A00072,NORMAL,
C06193,2025-03-04,verified,A00262,NORMAL,
C06194,2025-11-20,verified,A00541,NORMAL,
C06195,2026-03-15,verified,A00645,LEGITIMATE_SHARED_RESOURCE,
C06196,2026-04-16,verified,A00246,NORMAL,
C06197,2026-02-03,verified,A00618,NORMAL,
C06198,2025-09-08,verified,A00656,NORMAL,
C06199,2025-08-18,verified,A00628,NORMAL,
C06200,2025-07-27,verified,A00201,NORMAL,
C06201,2025-07-20,verified,A00440,LEGITIMATE_SHARED_RESOURCE,
C06202,2026-07-22,verified,A00565,LEGITIMATE_SHARED_RESOURCE,
C06203,2026-02-13,verified,A00543,NORMAL,
C06204,2025-06-03,verified,A00126,NORMAL,
C06205,2026-04-04,verified,A00445,NORMAL,
C06206,2026-07-06,verified,A00388,NORMAL,
C06207,2025-12-23,verified,A00146,NORMAL,
C06208,2025-09-13,verified,A00503,NORMAL,
C06209,2025-08-30,verified,A00503,NORMAL,
C06210,2025-08-27,verified,A00369,LEGITIMATE_SHARED_RESOURCE,
C06211,2025-05-17,verified,A00619,NORMAL,
C06212,2026-06-20,verified,A00529,NORMAL,
C06213,2025-09-19,pending,A00612,LEGITIMATE_SHARED_RESOURCE,
C06214,2026-02-18,verified,A00202,NORMAL,
C06215,2025-08-02,pending,A00181,LEGITIMATE_SHARED_RESOURCE,
C06216,2025-12-26,verified,A00405,NORMAL,
C06217,2026-04-20,verified,A00158,NORMAL,
C06218,2026-02-23,verified,A00445,NORMAL,
C06219,2025-07-09,verified,A00058,NORMAL,
C06220,2026-04-06,verified,A00468,NORMAL,
C06221,2026-03-31,verified,A00552,NORMAL,
C06222,2026-02-28,pending,A00687,NORMAL,
C06223,2025-08-23,verified,A00494,LEGITIMATE_SHARED_RESOURCE,
C06224,2025-03-19,verified,A00070,NORMAL,
C06225,2025-02-16,verified,A00591,NORMAL,
C06226,2026-03-25,verified,A00441,ABUSE_RING,R0091
C06227,2026-05-29,pending,A00588,LEGITIMATE_SHARED_RESOURCE,
C06228,2026-08-06,verified,A00034,NORMAL,
C06229,2026-01-06,verified,A00498,NORMAL,
C06230,2025-10-15,verified,A00435,NORMAL,
C06231,2025-06-11,pending,A00144,NORMAL,
C06232,2026-02-02,verified,A00242,NORMAL,
C06233,2025-09-05,verified,A00570,NORMAL,
C06234,2026-04-29,verified,A00399,LEGITIMATE_SHARED_RESOURCE,
C06235,2025-12-25,verified,A00550,NORMAL,
C06236,2025-10-08,verified,A00114,LEGITIMATE_SHARED_RESOURCE,
C06237,2026-07-04,verified,A00403,NORMAL,
C06238,2025-03-25,verified,A00595,NORMAL,
C06239,2025-11-05,verified,A00244,LEGITIMATE_SHARED_RESOURCE,
C06240,2026-01-09,pending,A00187,LEGITIMATE_SHARED_RESOURCE,
C06241,2025-09-28,verified,A00209,LEGITIMATE_SHARED_RESOURCE,
C06242,2026-07-18,verified,A00151,NORMAL,
C06243,2026-02-11,verified,A00536,LEGITIMATE_SHARED_RESOURCE,
C06244,2025-11-27,verified,A00477,NORMAL,
C06245,2025-05-24,verified,A00694,NORMAL,
C06246,2025-11-03,verified,A00521,NORMAL,
C06247,2025-12-30,verified,A00009,NORMAL,
C06248,2025-01-28,verified,A00603,NORMAL,
C06249,2026-06-08,verified,A00704,NORMAL,
C06250,2026-08-06,verified,A00275,LEGITIMATE_SHARED_RESOURCE,
C06251,2025-11-17,verified,A00335,NORMAL,
C06252,2025-03-08,verified,A00632,NORMAL,
C06253,2025-01-30,verified,A00479,NORMAL,
C06254,2025-08-17,verified,A00622,NORMAL,
C06255,2026-05-15,verified,A00232,NORMAL,
C06256,2025-10-21,pending,A00330,LEGITIMATE_SHARED_RESOURCE,
C06257,2025-08-29,pending,A00301,LEGITIMATE_SHARED_RESOURCE,
C06258,2026-08-02,verified,A00063,NORMAL,
C06259,2026-05-15,verified,A00588,NORMAL,
C06260,2026-04-01,verified,A00154,NORMAL,
C06261,2025-06-14,verified,A00440,NORMAL,
C06262,2025-11-11,verified,A00388,NORMAL,
C06263,2025-03-28,verified,A00332,LEGITIMATE_SHARED_RESOURCE,
C06264,2025-09-05,verified,A00035,NORMAL,
C06265,2025-01-11,verified,A00012,NORMAL,
C06266,2025-05-20,verified,A00373,NORMAL,
C06267,2025-03-03,verified,A00488,NORMAL,
C06268,2026-03-06,verified,A00627,NORMAL,
C06269,2026-04-27,verified,A00710,NORMAL,
C06270,2026-03-24,verified,A00250,NORMAL,
C06271,2026-07-05,verified,A00327,LEGITIMATE_SHARED_RESOURCE,
C06272,2025-04-21,verified,A00247,LEGITIMATE_SHARED_RESOURCE,
C06273,2026-07-22,verified,A00609,NORMAL,
C06274,2025-01-11,verified,A00446,NORMAL,
C06275,2026-06-13,verified,A00073,NORMAL,
C06276,2025-06-08,verified,A00039,NORMAL,
C06277,2026-05-25,verified,A00007,NORMAL,
C06278,2025-02-25,verified,A00627,NORMAL,
C06279,2025-03-24,pending,A00375,NORMAL,
C06280,2026-06-27,verified,A00355,NORMAL,
C06281,2026-08-06,verified,A00600,NORMAL,
C06282,2025-06-10,verified,A00265,NORMAL,
C06283,2025-09-20,verified,A00447,NORMAL,
C06284,2025-12-13,verified,A00186,LEGITIMATE_SHARED_RESOURCE,
C06285,2025-05-11,verified,A00549,NORMAL,
C06286,2025-11-13,verified,A00086,LEGITIMATE_SHARED_RESOURCE,
C06287,2025-07-14,verified,A00586,NORMAL,
C06288,2026-08-12,verified,A00088,LEGITIMATE_SHARED_RESOURCE,
C06289,2026-04-03,verified,A00615,NORMAL,
C06290,2025-07-23,verified,A00054,NORMAL,
C06291,2025-09-02,verified,A00325,NORMAL,
C06292,2026-03-21,verified,A00602,NORMAL,
C06293,2025-02-12,verified,A00358,NORMAL,
C06294,2026-03-22,verified,A00067,NORMAL,
C06295,2025-01-14,verified,A00214,NORMAL,
C06296,2026-02-26,pending,A00667,NORMAL,
C06297,2025-03-07,verified,A00532,NORMAL,
C06298,2026-05-12,verified,A00515,NORMAL,
C06299,2025-04-26,verified,A00196,NORMAL,
C06300,2025-01-26,verified,A00592,LEGITIMATE_SHARED_RESOURCE,
C06301,2025-08-23,verified,A00149,NORMAL,
C06302,2025-03-12,verified,A00136,NORMAL,
C06303,2026-07-13,verified,A00532,NORMAL,
C06304,2026-08-20,verified,A00595,ABUSE_RING,R0023
C06305,2026-08-02,verified,A00518,NORMAL,
C06306,2026-08-14,pending,A00241,LEGITIMATE_SHARED_RESOURCE,
C06307,2025-01-08,verified,A00192,NORMAL,
C06308,2026-07-20,verified,A00370,NORMAL,
C06309,2025-05-28,verified,A00368,LEGITIMATE_SHARED_RESOURCE,
C06310,2025-02-18,verified,A00054,LEGITIMATE_SHARED_RESOURCE,
C06311,2026-07-28,pending,A00110,LEGITIMATE_SHARED_RESOURCE,
C06312,2026-08-08,verified,A00669,NORMAL,
C06313,2026-02-23,verified,A00560,NORMAL,
C06314,2025-12-29,verified,A00541,NORMAL,
C06315,2026-08-04,verified,A00270,NORMAL,
C06316,2026-07-19,verified,A00279,NORMAL,
C06317,2025-10-06,pending,A00609,NORMAL,
C06318,2025-09-05,verified,A00439,LEGITIMATE_SHARED_RESOURCE,
C06319,2025-12-28,pending,A00471,NORMAL,
C06320,2025-03-13,verified,A00192,NORMAL,
C06321,2026-05-27,verified,A00053,NORMAL,
C06322,2026-01-17,verified,A00469,LEGITIMATE_SHARED_RESOURCE,
C06323,2025-11-10,verified,A00038,NORMAL,
C06324,2025-12-11,verified,A00157,NORMAL,
C06325,2025-08-19,verified,A00049,NORMAL,
C06326,2026-01-16,verified,A00007,NORMAL,
C06327,2026-08-22,verified,A00317,NORMAL,
C06328,2025-10-06,verified,A00111,NORMAL,
C06329,2026-01-05,verified,A00100,NORMAL,
C06330,2025-05-22,verified,A00689,NORMAL,
C06331,2025-08-15,pending,A00054,NORMAL,
C06332,2026-03-04,verified,A00384,LEGITIMATE_SHARED_RESOURCE,
C06333,2026-01-21,verified,A00057,NORMAL,
C06334,2026-01-04,verified,A00358,NORMAL,
C06335,2025-01-22,verified,A00370,NORMAL,
C06336,2026-01-17,verified,A00439,NORMAL,
C06337,2025-12-04,verified,A00589,NORMAL,
C06338,2025-08-06,verified,A00488,ABUSE_RING,R0115
C06339,2026-08-10,verified,A00255,NORMAL,
C06340,2026-08-21,verified,A00617,LEGITIMATE_SHARED_RESOURCE,
C06341,2025-11-12,verified,A00232,NORMAL,
C06342,2026-04-18,verified,A00581,NORMAL,
C06343,2025-02-12,verified,A00334,NORMAL,
C06344,2025-06-06,verified,A00581,NORMAL,
C06345,2026-02-01,verified,A00019,NORMAL,
C06346,2025-05-08,verified,A00467,LEGITIMATE_SHARED_RESOURCE,
C06347,2026-03-09,pending,A00279,LEGITIMATE_SHARED_RESOURCE,
C06348,2026-05-25,verified,A00316,NORMAL,
C06349,2025-07-11,verified,A00668,LEGITIMATE_SHARED_RESOURCE,
C06350,2025-08-22,verified,A00104,NORMAL,
C06351,2025-03-18,verified,A00595,NORMAL,
C06352,2025-02-20,verified,A00664,NORMAL,
C06353,2026-03-03,verified,A00137,LEGITIMATE_SHARED_RESOURCE,
C06354,2025-08-29,verified,A00197,NORMAL,
C06355,2026-07-20,verified,A00225,LEGITIMATE_SHARED_RESOURCE,
C06356,2025-09-13,verified,A00551,NORMAL,
C06357,2025-09-07,verified,A00270,LEGITIMATE_SHARED_RESOURCE,
C06358,2026-01-14,pending,A00256,NORMAL,
C06359,2026-05-18,verified,A00014,LEGITIMATE_SHARED_RESOURCE,
C06360,2025-08-01,verified,A00223,NORMAL,
C06361,2025-07-20,verified,A00186,NORMAL,
C06362,2026-06-12,verified,A00649,NORMAL,
C06363,2025-06-07,verified,A00427,NORMAL,
C06364,2025-11-24,verified,A00566,LEGITIMATE_SHARED_RESOURCE,
C06365,2026-02-07,verified,A00545,NORMAL,
C06366,2025-02-04,verified,A00342,NORMAL,
C06367,2026-07-22,verified,A00051,LEGITIMATE_SHARED_RESOURCE,
C06368,2026-01-04,pending,A00590,LEGITIMATE_SHARED_RESOURCE,
C06369,2025-12-25,pending,A00221,LEGITIMATE_SHARED_RESOURCE,
C06370,2026-07-12,verified,A00481,LEGITIMATE_SHARED_RESOURCE,
C06371,2026-01-17,verified,A00055,LEGITIMATE_SHARED_RESOURCE,
C06372,2025-04-05,verified,A00277,NORMAL,
C06373,2025-08-15,verified,A00705,NORMAL,
C06374,2025-12-08,verified,A00110,NORMAL,
C06375,2026-07-28,verified,A00493,NORMAL,
C06376,2026-04-10,verified,A00281,NORMAL,
C06377,2025-04-20,verified,A00544,NORMAL,
C06378,2026-06-17,verified,A00118,NORMAL,
C06379,2025-12-22,verified,A00650,NORMAL,
C06380,2025-04-27,pending,A00278,NORMAL,
C06381,2026-03-14,verified,A00611,NORMAL,
C06382,2025-12-16,verified,A00466,NORMAL,
C06383,2025-04-06,verified,A00417,LEGITIMATE_SHARED_RESOURCE,
C06384,2026-01-08,verified,A00145,LEGITIMATE_SHARED_RESOURCE,
C06385,2026-02-10,verified,A00550,NORMAL,
C06386,2026-07-21,verified,A00322,LEGITIMATE_SHARED_RESOURCE,
C06387,2025-12-07,verified,A00650,NORMAL,
C06388,2026-02-13,verified,A00509,LEGITIMATE_SHARED_RESOURCE,
C06389,2026-03-12,verified,A00619,NORMAL,
C06390,2025-12-27,verified,A00047,NORMAL,
C06391,2025-06-22,verified,A00283,NORMAL,
C06392,2025-10-16,pending,A00136,NORMAL,
C06393,2025-08-27,verified,A00575,LEGITIMATE_SHARED_RESOURCE,
C06394,2025-04-15,verified,A00186,LEGITIMATE_SHARED_RESOURCE,
C06395,2025-07-08,verified,A00276,NORMAL,
C06396,2026-06-07,verified,A00629,NORMAL,
C06397,2025-04-21,verified,A00402,NORMAL,
C06398,2025-04-10,verified,A00165,NORMAL,
C06399,2026-07-16,verified,A00414,NORMAL,
C06400,2025-08-12,verified,A00551,NORMAL,
C06401,2025-03-03,verified,A00212,NORMAL,
C06402,2025-07-25,verified,A00370,NORMAL,
C06403,2025-03-26,verified,A00080,NORMAL,
C06404,2025-07-21,verified,A00117,NORMAL,
C06405,2025-04-22,pending,A00005,NORMAL,
C06406,2025-06-17,verified,A00297,NORMAL,
C06407,2026-05-02,verified,A00315,NORMAL,
C06408,2026-04-13,pending,A00592,NORMAL,
C06409,2025-07-16,verified,A00180,LEGITIMATE_SHARED_RESOURCE,
C06410,2025-08-21,verified,A00113,NORMAL,
C06411,2026-05-10,verified,A00078,NORMAL,
C06412,2026-02-22,verified,A00175,NORMAL,
C06413,2025-12-21,verified,A00350,NORMAL,
C06414,2026-06-20,pending,A00280,NORMAL,
C06415,2025-07-21,verified,A00650,NORMAL,
C06416,2025-11-18,verified,A00698,LEGITIMATE_SHARED_RESOURCE,
C06417,2026-05-23,verified,A00541,NORMAL,
C06418,2026-04-04,verified,A00281,NORMAL,
C06419,2025-01-29,verified,A00200,NORMAL,
C06420,2026-05-04,verified,A00644,NORMAL,
C06421,2026-03-06,verified,A00499,NORMAL,
C06422,2025-12-22,verified,A00450,LEGITIMATE_SHARED_RESOURCE,
C06423,2026-05-12,verified,A00057,NORMAL,
C06424,2026-01-30,verified,A00249,NORMAL,
C06425,2025-10-24,verified,A00337,NORMAL,
C06426,2025-05-08,verified,A00039,NORMAL,
C06427,2025-11-20,verified,A00321,NORMAL,
C06428,2025-03-21,verified,A00679,ABUSE_RING,R0096
C06429,2025-05-10,verified,A00378,NORMAL,
C06430,2025-05-13,verified,A00443,NORMAL,
C06431,2025-08-31,verified,A00258,NORMAL,
C06432,2025-01-07,verified,A00437,NORMAL,
C06433,2025-03-31,verified,A00050,NORMAL,
C06434,2026-01-25,verified,A00121,NORMAL,
C06435,2025-11-08,verified,A00218,LEGITIMATE_SHARED_RESOURCE,
C06436,2025-09-09,verified,A00358,NORMAL,
C06437,2025-07-03,verified,A00369,NORMAL,
C06438,2026-01-26,verified,A00283,LEGITIMATE_SHARED_RESOURCE,
C06439,2026-03-22,pending,A00112,NORMAL,
C06440,2026-01-24,verified,A00306,NORMAL,
C06441,2025-03-20,verified,A00486,NORMAL,
C06442,2025-08-22,verified,A00436,NORMAL,
C06443,2026-06-15,verified,A00634,NORMAL,
C06444,2025-04-01,verified,A00074,NORMAL,
C06445,2026-05-19,verified,A00016,NORMAL,
C06446,2025-01-06,verified,A00588,NORMAL,
C06447,2026-01-19,verified,A00105,NORMAL,
C06448,2025-11-03,pending,A00105,NORMAL,
C06449,2025-11-16,verified,A00102,NORMAL,
C06450,2025-10-14,verified,A00708,LEGITIMATE_SHARED_RESOURCE,
C06451,2026-01-03,verified,A00194,NORMAL,
C06452,2026-07-10,verified,A00218,LEGITIMATE_SHARED_RESOURCE,
C06453,2026-01-28,verified,A00479,NORMAL,
C06454,2025-06-29,verified,A00437,NORMAL,
C06455,2025-03-21,verified,A00530,NORMAL,
C06456,2025-02-20,verified,A00248,NORMAL,
C06457,2026-06-17,verified,A00071,NORMAL,
C06458,2026-01-27,verified,A00319,NORMAL,
C06459,2026-06-27,verified,A00480,NORMAL,
C06460,2025-06-23,pending,A00668,LEGITIMATE_SHARED_RESOURCE,
C06461,2025-01-24,verified,A00619,LEGITIMATE_SHARED_RESOURCE,
C06462,2025-02-02,verified,A00018,NORMAL,
C06463,2025-11-16,verified,A00395,NORMAL,
C06464,2025-10-10,verified,A00004,NORMAL,
C06465,2025-08-30,verified,A00008,NORMAL,
C06466,2026-01-22,verified,A00268,ABUSE_RING,R0091
C06467,2026-01-02,verified,A00128,NORMAL,
C06468,2025-02-18,verified,A00526,NORMAL,
C06469,2026-05-06,verified,A00055,NORMAL,
C06470,2025-01-30,verified,A00654,LEGITIMATE_SHARED_RESOURCE,
C06471,2026-01-22,verified,A00143,NORMAL,
C06472,2026-04-13,verified,A00212,ABUSE_RING,R0051
C06473,2026-05-24,verified,A00437,LEGITIMATE_SHARED_RESOURCE,
C06474,2025-11-28,verified,A00213,NORMAL,
C06475,2025-05-30,pending,A00396,NORMAL,
C06476,2025-02-15,verified,A00050,NORMAL,
C06477,2025-09-24,verified,A00366,NORMAL,
C06478,2025-08-04,verified,A00145,LEGITIMATE_SHARED_RESOURCE,
C06479,2025-06-18,verified,A00673,LEGITIMATE_SHARED_RESOURCE,
C06480,2026-01-10,verified,A00211,NORMAL,
C06481,2025-02-23,pending,A00353,NORMAL,
C06482,2025-08-03,pending,A00577,LEGITIMATE_SHARED_RESOURCE,
C06483,2026-04-25,verified,A00313,NORMAL,
C06484,2026-01-14,verified,A00694,LEGITIMATE_SHARED_RESOURCE,
C06485,2025-12-22,verified,A00602,NORMAL,
C06486,2026-03-21,verified,A00431,LEGITIMATE_SHARED_RESOURCE,
C06487,2025-03-02,verified,A00064,NORMAL,
C06488,2025-01-27,verified,A00638,NORMAL,
C06489,2026-04-15,verified,A00262,LEGITIMATE_SHARED_RESOURCE,
C06490,2025-01-12,verified,A00092,NORMAL,
C06491,2025-09-22,verified,A00249,LEGITIMATE_SHARED_RESOURCE,
C06492,2025-04-28,pending,A00397,NORMAL,
C06493,2025-10-25,verified,A00071,LEGITIMATE_SHARED_RESOURCE,
C06494,2025-04-02,verified,A00445,NORMAL,
C06495,2026-01-11,verified,A00051,ABUSE_RING,R0108
C06496,2025-06-10,verified,A00296,NORMAL,
C06497,2025-06-27,verified,A00044,NORMAL,
C06498,2026-02-27,verified,A00662,LEGITIMATE_SHARED_RESOURCE,
C06499,2026-08-12,verified,A00172,NORMAL,
C06500,2025-07-13,verified,A00209,LEGITIMATE_SHARED_RESOURCE,
C06501,2026-01-04,verified,A00624,NORMAL,
C06502,2025-07-12,verified,A00612,LEGITIMATE_SHARED_RESOURCE,
C06503,2025-11-23,pending,A00308,NORMAL,
C06504,2026-01-12,verified,A00576,NORMAL,
C06505,2026-08-02,verified,A00334,NORMAL,
C06506,2025-03-07,verified,A00286,NORMAL,
C06507,2026-05-13,verified,A00611,LEGITIMATE_SHARED_RESOURCE,
C06508,2025-10-05,verified,A00470,NORMAL,
C06509,2025-12-30,verified,A00323,NORMAL,
C06510,2025-04-15,verified,A00526,NORMAL,
C06511,2025-12-08,pending,A00207,NORMAL,
C06512,2026-07-03,verified,A00503,LEGITIMATE_SHARED_RESOURCE,
C06513,2026-02-22,verified,A00465,NORMAL,
C06514,2025-03-01,verified,A00004,NORMAL,
C06515,2025-03-22,verified,A00643,NORMAL,
C06516,2025-03-15,verified,A00660,NORMAL,
C06517,2026-06-13,verified,A00216,NORMAL,
C06518,2025-09-26,verified,A00309,ABUSE_RING,R0068
C06519,2025-10-22,verified,A00220,LEGITIMATE_SHARED_RESOURCE,
C06520,2025-12-10,verified,A00340,NORMAL,
C06521,2026-04-10,verified,A00519,LEGITIMATE_SHARED_RESOURCE,
C06522,2026-06-24,verified,A00237,NORMAL,
C06523,2026-03-12,verified,A00206,NORMAL,
C06524,2026-07-30,verified,A00371,LEGITIMATE_SHARED_RESOURCE,
C06525,2025-06-04,verified,A00294,ABUSE_RING,R0010
C06526,2025-08-09,verified,A00197,NORMAL,
C06527,2025-12-16,verified,A00348,NORMAL,
C06528,2025-06-27,pending,A00361,NORMAL,
C06529,2025-03-06,verified,A00697,NORMAL,
C06530,2025-10-21,verified,A00431,LEGITIMATE_SHARED_RESOURCE,
C06531,2025-01-22,pending,A00443,NORMAL,
C06532,2026-06-30,verified,A00656,NORMAL,
C06533,2026-08-02,verified,A00156,MIXED,
C06534,2025-09-19,verified,A00367,NORMAL,
C06535,2026-05-03,verified,A00426,NORMAL,
C06536,2025-04-18,verified,A00048,NORMAL,
C06537,2025-03-20,verified,A00219,NORMAL,
C06538,2025-01-21,verified,A00106,NORMAL,
C06539,2025-05-24,verified,A00347,NORMAL,
C06540,2026-01-08,verified,A00099,NORMAL,
C06541,2026-03-04,verified,A00230,NORMAL,
C06542,2025-05-20,verified,A00569,NORMAL,
C06543,2025-12-30,pending,A00102,LEGITIMATE_SHARED_RESOURCE,
C06544,2025-09-26,pending,A00169,NORMAL,
C06545,2026-02-24,verified,A00643,LEGITIMATE_SHARED_RESOURCE,
C06546,2025-05-17,verified,A00131,NORMAL,
C06547,2025-04-27,verified,A00328,NORMAL,
C06548,2025-07-27,pending,A00109,NORMAL,
C06549,2025-12-11,verified,A00274,NORMAL,
C06550,2025-11-26,verified,A00633,ABUSE_RING,R0085
C06551,2026-02-07,verified,A00452,NORMAL,
C06552,2026-05-21,verified,A00034,LEGITIMATE_SHARED_RESOURCE,
C06553,2025-03-22,verified,A00655,NORMAL,
C06554,2025-12-28,verified,A00103,NORMAL,
C06555,2025-08-02,verified,A00550,NORMAL,
C06556,2025-11-02,verified,A00180,LEGITIMATE_SHARED_RESOURCE,
C06557,2026-02-07,verified,A00364,NORMAL,
C06558,2025-10-03,verified,A00697,LEGITIMATE_SHARED_RESOURCE,
C06559,2025-02-11,verified,A00397,NORMAL,
C06560,2026-07-31,verified,A00089,LEGITIMATE_SHARED_RESOURCE,
C06561,2025-02-05,verified,A00350,LEGITIMATE_SHARED_RESOURCE,
C06562,2026-04-01,verified,A00466,LEGITIMATE_SHARED_RESOURCE,
C06563,2025-09-11,verified,A00562,NORMAL,
C06564,2025-04-13,verified,A00349,NORMAL,
C06565,2025-12-13,verified,A00573,LEGITIMATE_SHARED_RESOURCE,
C06566,2026-04-26,verified,A00166,NORMAL,
C06567,2026-01-26,verified,A00187,ABUSE_RING,R0052
C06568,2025-08-09,verified,A00292,NORMAL,
C06569,2025-01-23,pending,A00598,NORMAL,
C06570,2025-08-27,verified,A00627,NORMAL,
C06571,2026-07-01,verified,A00622,NORMAL,
C06572,2025-03-22,verified,A00383,LEGITIMATE_SHARED_RESOURCE,
C06573,2025-01-13,verified,A00575,NORMAL,
C06574,2026-03-24,verified,A00583,LEGITIMATE_SHARED_RESOURCE,
C06575,2026-02-06,verified,A00622,NORMAL,
C06576,2026-08-03,verified,A00538,LEGITIMATE_SHARED_RESOURCE,
C06577,2025-04-21,pending,A00662,NORMAL,
C06578,2025-05-07,verified,A00643,LEGITIMATE_SHARED_RESOURCE,
C06579,2026-08-05,verified,A00699,NORMAL,
C06580,2026-04-17,verified,A00121,LEGITIMATE_SHARED_RESOURCE,
C06581,2025-06-27,verified,A00676,NORMAL,
C06582,2025-03-27,verified,A00679,NORMAL,
C06583,2025-01-09,verified,A00297,LEGITIMATE_SHARED_RESOURCE,
C06584,2025-04-04,verified,A00116,LEGITIMATE_SHARED_RESOURCE,
C06585,2026-05-22,verified,A00335,ABUSE_RING,R0013
C06586,2026-06-17,verified,A00223,NORMAL,
C06587,2026-04-09,verified,A00210,NORMAL,
C06588,2025-07-27,verified,A00485,LEGITIMATE_SHARED_RESOURCE,
C06589,2025-02-05,verified,A00608,NORMAL,
C06590,2026-02-16,verified,A00445,ABUSE_RING,R0074
C06591,2026-05-29,verified,A00546,NORMAL,
C06592,2026-01-13,verified,A00276,NORMAL,
C06593,2025-08-06,verified,A00395,NORMAL,
C06594,2025-06-15,pending,A00061,NORMAL,
C06595,2026-02-19,verified,A00087,LEGITIMATE_SHARED_RESOURCE,
C06596,2025-11-09,verified,A00260,NORMAL,
C06597,2026-04-18,verified,A00629,ABUSE_RING,R0028
C06598,2026-02-17,verified,A00701,NORMAL,
C06599,2025-10-25,verified,A00081,NORMAL,
C06600,2025-01-19,verified,A00450,LEGITIMATE_SHARED_RESOURCE,
C06601,2026-05-23,verified,A00047,LEGITIMATE_SHARED_RESOURCE,
C06602,2025-07-29,verified,A00678,NORMAL,
C06603,2025-05-28,verified,A00588,LEGITIMATE_SHARED_RESOURCE,
C06604,2026-03-01,verified,A00645,NORMAL,
C06605,2026-07-13,pending,A00339,NORMAL,
C06606,2026-07-16,verified,A00463,NORMAL,
C06607,2025-07-13,pending,A00534,NORMAL,
C06608,2025-11-03,verified,A00165,NORMAL,
C06609,2025-07-12,verified,A00581,NORMAL,
C06610,2025-10-11,verified,A00172,NORMAL,
C06611,2025-04-14,verified,A00562,NORMAL,
C06612,2026-03-20,verified,A00143,NORMAL,
C06613,2025-01-06,verified,A00525,NORMAL,
C06614,2025-04-21,verified,A00699,NORMAL,
C06615,2025-10-07,verified,A00589,NORMAL,
C06616,2026-08-22,verified,A00128,LEGITIMATE_SHARED_RESOURCE,
C06617,2025-11-06,verified,A00299,NORMAL,
C06618,2025-01-03,verified,A00062,NORMAL,
C06619,2026-07-26,verified,A00682,LEGITIMATE_SHARED_RESOURCE,
C06620,2025-03-23,verified,A00691,LEGITIMATE_SHARED_RESOURCE,
C06621,2025-09-30,verified,A00280,NORMAL,
C06622,2025-06-15,pending,A00705,NORMAL,
C06623,2026-02-16,pending,A00425,NORMAL,
C06624,2025-09-18,verified,A00188,NORMAL,
C06625,2025-06-25,verified,A00311,LEGITIMATE_SHARED_RESOURCE,
C06626,2026-04-09,verified,A00709,NORMAL,
C06627,2025-10-01,verified,A00589,NORMAL,
C06628,2025-07-02,verified,A00217,NORMAL,
C06629,2026-02-12,verified,A00297,NORMAL,
C06630,2025-05-10,verified,A00550,NORMAL,
C06631,2025-03-27,verified,A00645,NORMAL,
C06632,2025-10-11,verified,A00689,NORMAL,
C06633,2025-08-31,pending,A00410,NORMAL,
C06634,2026-06-25,verified,A00641,NORMAL,
C06635,2025-07-10,verified,A00443,LEGITIMATE_SHARED_RESOURCE,
C06636,2026-05-31,verified,A00020,LEGITIMATE_SHARED_RESOURCE,
C06637,2026-08-06,verified,A00664,NORMAL,
C06638,2026-07-17,verified,A00157,LEGITIMATE_SHARED_RESOURCE,
C06639,2025-11-11,verified,A00394,LEGITIMATE_SHARED_RESOURCE,
C06640,2026-02-04,verified,A00266,NORMAL,
C06641,2025-06-13,verified,A00550,LEGITIMATE_SHARED_RESOURCE,
C06642,2025-02-10,verified,A00500,NORMAL,
C06643,2025-01-02,verified,A00623,NORMAL,
C06644,2026-04-25,verified,A00016,NORMAL,
C06645,2026-03-22,verified,A00367,NORMAL,
C06646,2025-04-14,verified,A00703,LEGITIMATE_SHARED_RESOURCE,
C06647,2025-11-22,verified,A00077,NORMAL,
C06648,2026-04-26,verified,A00219,NORMAL,
C06649,2025-08-30,verified,A00057,NORMAL,
C06650,2025-05-19,verified,A00359,LEGITIMATE_SHARED_RESOURCE,
C06651,2025-07-28,verified,A00613,NORMAL,
C06652,2026-05-01,verified,A00399,NORMAL,
C06653,2025-02-22,verified,A00663,NORMAL,
C06654,2025-08-30,verified,A00491,NORMAL,
C06655,2025-12-20,verified,A00185,NORMAL,
C06656,2026-01-12,verified,A00089,NORMAL,
C06657,2026-05-20,verified,A00702,NORMAL,
C06658,2025-04-28,verified,A00246,LEGITIMATE_SHARED_RESOURCE,
C06659,2025-08-21,verified,A00205,NORMAL,
C06660,2025-07-10,verified,A00392,NORMAL,
C06661,2026-08-13,pending,A00426,NORMAL,
C06662,2025-10-06,verified,A00258,NORMAL,
C06663,2025-03-10,verified,A00242,ABUSE_RING,R0072
C06664,2025-03-13,pending,A00366,ABUSE_RING,R0032
C06665,2025-04-04,verified,A00516,NORMAL,
C06666,2025-08-21,verified,A00553,NORMAL,
C06667,2025-11-05,verified,A00423,LEGITIMATE_SHARED_RESOURCE,
C06668,2026-03-19,verified,A00377,NORMAL,
C06669,2025-11-06,verified,A00019,NORMAL,
C06670,2025-01-31,pending,A00658,LEGITIMATE_SHARED_RESOURCE,
C06671,2025-11-15,verified,A00121,NORMAL,
C06672,2025-09-10,verified,A00391,NORMAL,
C06673,2025-12-17,verified,A00389,NORMAL,
C06674,2026-03-19,verified,A00213,LEGITIMATE_SHARED_RESOURCE,
C06675,2026-02-15,verified,A00201,ABUSE_RING,R0057
C06676,2025-12-03,verified,A00309,NORMAL,
C06677,2025-11-29,verified,A00528,NORMAL,
C06678,2025-05-19,verified,A00333,NORMAL,
C06679,2025-08-10,verified,A00524,NORMAL,
C06680,2025-11-25,verified,A00610,NORMAL,
C06681,2026-04-03,verified,A00582,NORMAL,
C06682,2025-08-05,verified,A00611,LEGITIMATE_SHARED_RESOURCE,
C06683,2026-02-21,verified,A00449,NORMAL,
C06684,2026-04-13,verified,A00246,NORMAL,
C06685,2025-08-15,verified,A00123,NORMAL,
C06686,2026-05-24,verified,A00700,NORMAL,
C06687,2026-02-01,verified,A00444,NORMAL,
C06688,2025-10-23,verified,A00201,NORMAL,
C06689,2025-03-20,verified,A00042,NORMAL,
C06690,2025-06-09,verified,A00472,NORMAL,
C06691,2026-05-31,verified,A00464,NORMAL,
C06692,2025-12-09,verified,A00410,NORMAL,
C06693,2025-07-21,verified,A00650,NORMAL,
C06694,2025-01-22,pending,A00667,LEGITIMATE_SHARED_RESOURCE,
C06695,2025-10-03,verified,A00259,NORMAL,
C06696,2025-04-15,verified,A00692,LEGITIMATE_SHARED_RESOURCE,
C06697,2025-12-21,verified,A00620,NORMAL,
C06698,2026-02-11,verified,A00424,NORMAL,
C06699,2025-11-01,verified,A00157,NORMAL,
C06700,2025-03-17,verified,A00416,NORMAL,
C06701,2025-09-25,verified,A00292,LEGITIMATE_SHARED_RESOURCE,
C06702,2025-07-27,verified,A00429,NORMAL,
C06703,2026-06-06,verified,A00493,NORMAL,
C06704,2026-03-20,verified,A00314,LEGITIMATE_SHARED_RESOURCE,
C06705,2026-02-04,verified,A00191,NORMAL,
C06706,2026-01-31,verified,A00419,NORMAL,
C06707,2025-07-19,verified,A00092,NORMAL,
C06708,2025-08-27,verified,A00136,ABUSE_RING,R0101
C06709,2026-05-15,verified,A00575,NORMAL,
C06710,2026-07-18,pending,A00097,NORMAL,
C06711,2026-04-09,verified,A00657,NORMAL,
C06712,2026-03-04,verified,A00496,NORMAL,
C06713,2025-05-04,verified,A00395,ABUSE_RING,R0010
C06714,2025-03-14,verified,A00618,LEGITIMATE_SHARED_RESOURCE,
C06715,2025-10-17,verified,A00554,LEGITIMATE_SHARED_RESOURCE,
C06716,2025-12-27,verified,A00471,LEGITIMATE_SHARED_RESOURCE,
C06717,2025-12-30,verified,A00127,NORMAL,
C06718,2026-03-02,verified,A00214,NORMAL,
C06719,2026-07-12,verified,A00335,LEGITIMATE_SHARED_RESOURCE,
C06720,2025-06-03,verified,A00429,NORMAL,
C06721,2026-06-12,verified,A00162,NORMAL,
C06722,2026-05-29,verified,A00321,NORMAL,
C06723,2026-02-18,verified,A00087,NORMAL,
C06724,2025-01-12,verified,A00390,LEGITIMATE_SHARED_RESOURCE,
C06725,2026-01-27,verified,A00378,ABUSE_RING,R0088
C06726,2025-06-23,verified,A00195,NORMAL,
C06727,2025-06-11,verified,A00463,NORMAL,
C06728,2026-06-25,verified,A00561,ABUSE_RING,R0079
C06729,2026-06-01,verified,A00045,NORMAL,
C06730,2026-03-10,verified,A00196,NORMAL,
C06731,2025-02-26,verified,A00228,NORMAL,
C06732,2025-10-20,verified,A00495,NORMAL,
C06733,2025-03-14,verified,A00051,MIXED,
C06734,2025-05-21,verified,A00026,NORMAL,
C06735,2025-05-23,pending,A00541,LEGITIMATE_SHARED_RESOURCE,
C06736,2026-01-07,verified,A00339,LEGITIMATE_SHARED_RESOURCE,
C06737,2025-04-10,verified,A00143,MIXED,R0124
C06738,2025-06-07,pending,A00037,NORMAL,
C06739,2026-04-21,verified,A00202,NORMAL,
C06740,2025-02-16,verified,A00249,NORMAL,
C06741,2026-01-16,verified,A00154,NORMAL,
C06742,2025-08-16,verified,A00554,NORMAL,
C06743,2026-01-03,verified,A00123,LEGITIMATE_SHARED_RESOURCE,
C06744,2025-09-04,verified,A00635,NORMAL,
C06745,2026-08-20,verified,A00481,LEGITIMATE_SHARED_RESOURCE,
C06746,2025-09-07,verified,A00678,NORMAL,
C06747,2026-04-14,verified,A00450,NORMAL,
C06748,2026-07-19,pending,A00400,NORMAL,
C06749,2026-03-25,pending,A00161,LEGITIMATE_SHARED_RESOURCE,
C06750,2025-09-09,verified,A00651,NORMAL,
C06751,2026-07-19,verified,A00187,LEGITIMATE_SHARED_RESOURCE,
C06752,2025-05-14,verified,A00393,NORMAL,
C06753,2026-02-22,verified,A00312,LEGITIMATE_SHARED_RESOURCE,
C06754,2025-09-19,verified,A00522,NORMAL,
C06755,2026-01-21,verified,A00278,NORMAL,
C06756,2025-07-22,verified,A00413,NORMAL,
C06757,2025-06-08,verified,A00392,NORMAL,
C06758,2026-06-25,verified,A00693,LEGITIMATE_SHARED_RESOURCE,
C06759,2026-07-25,verified,A00580,LEGITIMATE_SHARED_RESOURCE,
C06760,2025-05-07,verified,A00450,NORMAL,
C06761,2025-05-25,verified,A00605,NORMAL,
C06762,2026-06-11,verified,A00214,NORMAL,
C06763,2025-01-11,verified,A00531,NORMAL,
C06764,2025-10-06,verified,A00663,LEGITIMATE_SHARED_RESOURCE,
C06765,2025-08-12,verified,A00297,NORMAL,
C06766,2025-03-28,verified,A00563,NORMAL,
C06767,2025-04-29,verified,A00078,NORMAL,
C06768,2026-03-25,verified,A00256,ABUSE_RING,R0025
C06769,2025-07-19,verified,A00346,NORMAL,
C06770,2025-01-02,pending,A00287,LEGITIMATE_SHARED_RESOURCE,
C06771,2026-08-09,pending,A00055,NORMAL,
C06772,2025-10-17,verified,A00175,LEGITIMATE_SHARED_RESOURCE,
C06773,2026-03-28,verified,A00605,NORMAL,
C06774,2025-06-20,verified,A00666,NORMAL,
C06775,2025-01-07,verified,A00533,LEGITIMATE_SHARED_RESOURCE,
C06776,2025-10-15,pending,A00666,LEGITIMATE_SHARED_RESOURCE,
C06777,2025-09-28,verified,A00115,LEGITIMATE_SHARED_RESOURCE,
C06778,2026-02-24,verified,A00387,NORMAL,
C06779,2025-08-07,pending,A00419,NORMAL,
C06780,2025-07-03,verified,A00060,LEGITIMATE_SHARED_RESOURCE,
C06781,2026-06-17,verified,A00339,NORMAL,
C06782,2025-04-28,pending,A00671,NORMAL,
C06783,2026-03-15,verified,A00247,NORMAL,
C06784,2026-06-03,verified,A00502,NORMAL,
C06785,2025-01-15,pending,A00328,NORMAL,
C06786,2026-05-10,verified,A00302,MIXED,R0126
C06787,2025-03-20,verified,A00488,LEGITIMATE_SHARED_RESOURCE,
C06788,2026-02-25,pending,A00180,LEGITIMATE_SHARED_RESOURCE,
C06789,2026-03-01,verified,A00343,NORMAL,
C06790,2025-10-02,verified,A00335,NORMAL,
C06791,2025-05-12,verified,A00547,LEGITIMATE_SHARED_RESOURCE,
C06792,2025-08-04,verified,A00086,NORMAL,
C06793,2026-03-18,verified,A00505,LEGITIMATE_SHARED_RESOURCE,
C06794,2026-06-14,verified,A00122,NORMAL,
C06795,2026-02-26,verified,A00285,NORMAL,
C06796,2026-03-21,verified,A00513,NORMAL,
C06797,2025-10-09,verified,A00109,NORMAL,
C06798,2025-07-14,verified,A00635,NORMAL,
C06799,2025-03-02,verified,A00103,NORMAL,
C06800,2025-03-02,verified,A00619,LEGITIMATE_SHARED_RESOURCE,
C06801,2025-04-14,pending,A00534,LEGITIMATE_SHARED_RESOURCE,
C06802,2025-12-16,verified,A00101,NORMAL,
C06803,2026-07-19,verified,A00084,LEGITIMATE_SHARED_RESOURCE,
C06804,2025-05-04,verified,A00055,NORMAL,
C06805,2025-04-07,verified,A00047,NORMAL,
C06806,2025-05-15,verified,A00380,NORMAL,
C06807,2025-09-13,verified,A00650,MIXED,
C06808,2026-02-11,verified,A00523,NORMAL,
C06809,2025-01-16,verified,A00278,NORMAL,
C06810,2025-02-19,verified,A00144,NORMAL,
C06811,2025-09-06,verified,A00234,LEGITIMATE_SHARED_RESOURCE,
C06812,2025-03-25,verified,A00392,ABUSE_RING,R0047
C06813,2026-02-09,verified,A00464,LEGITIMATE_SHARED_RESOURCE,
C06814,2025-04-08,verified,A00598,NORMAL,
C06815,2025-07-04,verified,A00649,NORMAL,
C06816,2026-07-23,verified,A00480,NORMAL,
C06817,2026-06-09,verified,A00471,NORMAL,
C06818,2025-04-02,verified,A00631,NORMAL,
C06819,2025-07-23,verified,A00545,NORMAL,
C06820,2025-08-24,verified,A00686,NORMAL,
C06821,2026-03-31,verified,A00357,NORMAL,
C06822,2025-04-01,verified,A00262,NORMAL,
C06823,2026-05-01,verified,A00002,NORMAL,
C06824,2026-07-23,verified,A00530,MIXED,
C06825,2025-06-18,pending,A00221,NORMAL,
C06826,2025-04-27,verified,A00306,NORMAL,
C06827,2026-06-08,verified,A00645,NORMAL,
C06828,2025-04-05,verified,A00309,LEGITIMATE_SHARED_RESOURCE,
C06829,2025-08-28,verified,A00303,NORMAL,
C06830,2025-11-13,verified,A00476,NORMAL,
C06831,2026-06-30,verified,A00304,NORMAL,
C06832,2025-05-31,verified,A00577,NORMAL,
C06833,2026-02-27,verified,A00594,NORMAL,
C06834,2025-01-17,verified,A00094,NORMAL,
C06835,2026-04-08,verified,A00624,NORMAL,
C06836,2025-08-20,verified,A00369,LEGITIMATE_SHARED_RESOURCE,
C06837,2025-01-08,verified,A00107,LEGITIMATE_SHARED_RESOURCE,
C06838,2026-01-08,verified,A00089,NORMAL,
C06839,2025-07-22,verified,A00220,NORMAL,
C06840,2025-01-27,verified,A00399,NORMAL,
C06841,2026-02-04,verified,A00005,NORMAL,
C06842,2026-02-01,verified,A00109,NORMAL,
C06843,2026-02-02,verified,A00412,NORMAL,
C06844,2026-07-24,verified,A00424,NORMAL,
C06845,2025-11-15,verified,A00552,NORMAL,
C06846,2025-05-19,verified,A00032,NORMAL,
C06847,2026-06-19,verified,A00544,LEGITIMATE_SHARED_RESOURCE,
C06848,2025-11-13,verified,A00073,NORMAL,
C06849,2026-06-09,verified,A00399,NORMAL,
C06850,2026-08-11,verified,A00144,NORMAL,
C06851,2025-08-20,verified,A00261,NORMAL,
C06852,2025-09-20,verified,A00379,NORMAL,
C06853,2026-03-27,verified,A00317,NORMAL,
C06854,2026-05-26,verified,A00176,NORMAL,
C06855,2025-03-26,verified,A00585,NORMAL,
C06856,2026-02-24,verified,A00666,NORMAL,
C06857,2026-02-18,verified,A00597,NORMAL,
C06858,2025-03-18,verified,A00677,NORMAL,
C06859,2025-10-07,verified,A00302,NORMAL,
C06860,2025-04-23,verified,A00162,NORMAL,
C06861,2025-07-18,verified,A00640,NORMAL,
C06862,2025-01-30,verified,A00058,NORMAL,
C06863,2026-02-04,verified,A00540,NORMAL,
C06864,2026-01-20,verified,A00449,NORMAL,
C06865,2025-05-18,verified,A00559,NORMAL,
C06866,2026-01-07,verified,A00590,NORMAL,
C06867,2025-08-09,verified,A00526,NORMAL,
C06868,2025-09-14,verified,A00671,NORMAL,
C06869,2025-02-22,verified,A00313,NORMAL,
C06870,2026-05-08,verified,A00375,NORMAL,
C06871,2026-04-13,verified,A00163,NORMAL,
C06872,2026-03-03,verified,A00355,NORMAL,
C06873,2026-01-29,verified,A00710,LEGITIMATE_SHARED_RESOURCE,
C06874,2025-10-12,verified,A00439,NORMAL,
C06875,2025-11-20,verified,A00430,NORMAL,
C06876,2026-04-14,verified,A00470,NORMAL,
C06877,2025-04-25,pending,A00122,NORMAL,
C06878,2025-05-24,verified,A00507,NORMAL,
C06879,2025-01-19,verified,A00706,NORMAL,
C06880,2025-01-19,verified,A00642,NORMAL,
C06881,2026-06-24,verified,A00197,NORMAL,
C06882,2026-01-12,verified,A00503,NORMAL,
C06883,2025-07-10,verified,A00420,NORMAL,
C06884,2025-07-06,verified,A00348,NORMAL,
C06885,2025-05-21,verified,A00432,NORMAL,
C06886,2025-03-22,verified,A00244,NORMAL,
C06887,2025-07-12,verified,A00622,NORMAL,
C06888,2026-06-10,verified,A00549,ABUSE_RING,R0003
C06889,2025-02-18,verified,A00428,NORMAL,
C06890,2025-03-09,verified,A00689,NORMAL,
C06891,2026-06-13,verified,A00196,NORMAL,
C06892,2025-01-11,verified,A00210,NORMAL,
C06893,2025-10-14,pending,A00165,NORMAL,
C06894,2026-05-23,verified,A00223,LEGITIMATE_SHARED_RESOURCE,
C06895,2025-05-14,verified,A00127,NORMAL,
C06896,2025-01-04,verified,A00247,NORMAL,
C06897,2025-08-13,pending,A00558,NORMAL,
C06898,2026-08-02,verified,A00010,NORMAL,
C06899,2026-08-02,verified,A00008,LEGITIMATE_SHARED_RESOURCE,
C06900,2025-02-18,verified,A00431,NORMAL,
C06901,2025-12-19,verified,A00673,NORMAL,
C06902,2026-08-04,verified,A00017,NORMAL,
C06903,2025-04-19,verified,A00044,LEGITIMATE_SHARED_RESOURCE,
C06904,2025-12-14,verified,A00001,NORMAL,
C06905,2025-06-01,verified,A00461,NORMAL,
C06906,2026-07-16,verified,A00689,ABUSE_RING,R0043
C06907,2025-02-17,verified,A00626,LEGITIMATE_SHARED_RESOURCE,
C06908,2025-02-27,verified,A00473,NORMAL,
C06909,2026-08-01,verified,A00401,NORMAL,
C06910,2025-07-17,verified,A00070,NORMAL,
C06911,2026-08-13,pending,A00529,NORMAL,
C06912,2025-07-17,verified,A00431,LEGITIMATE_SHARED_RESOURCE,
C06913,2025-10-01,verified,A00554,NORMAL,
C06914,2025-07-12,verified,A00419,NORMAL,
C06915,2026-08-24,pending,A00425,LEGITIMATE_SHARED_RESOURCE,
C06916,2025-03-23,verified,A00199,NORMAL,
C06917,2026-02-03,pending,A00688,NORMAL,
C06918,2026-05-02,verified,A00467,NORMAL,
C06919,2026-04-14,verified,A00613,NORMAL,
C06920,2026-02-25,verified,A00698,NORMAL,
C06921,2026-08-08,verified,A00690,NORMAL,
C06922,2025-07-04,verified,A00638,NORMAL,
C06923,2025-04-12,verified,A00279,NORMAL,
C06924,2026-07-08,verified,A00474,LEGITIMATE_SHARED_RESOURCE,
C06925,2026-07-07,verified,A00091,NORMAL,
C06926,2025-09-29,verified,A00142,NORMAL,
C06927,2025-09-22,verified,A00168,NORMAL,
C06928,2026-04-01,verified,A00484,NORMAL,
C06929,2025-02-06,verified,A00547,NORMAL,
C06930,2026-04-29,verified,A00347,LEGITIMATE_SHARED_RESOURCE,
C06931,2025-02-11,verified,A00167,NORMAL,
C06932,2025-09-29,verified,A00548,LEGITIMATE_SHARED_RESOURCE,
C06933,2025-03-24,verified,A00550,NORMAL,
C06934,2026-06-30,verified,A00395,NORMAL,
C06935,2026-03-29,verified,A00606,NORMAL,
C06936,2026-01-12,verified,A00104,NORMAL,
C06937,2025-08-20,verified,A00116,NORMAL,
C06938,2026-08-14,verified,A00473,NORMAL,
C06939,2025-03-05,verified,A00286,LEGITIMATE_SHARED_RESOURCE,
C06940,2025-03-24,verified,A00173,NORMAL,
C06941,2025-01-23,verified,A00284,NORMAL,
C06942,2026-07-05,verified,A00217,NORMAL,
C06943,2026-07-20,pending,A00179,NORMAL,
C06944,2026-07-13,verified,A00077,NORMAL,
C06945,2025-11-15,verified,A00400,LEGITIMATE_SHARED_RESOURCE,
C06946,2025-07-01,verified,A00546,NORMAL,
C06947,2026-03-24,verified,A00201,NORMAL,
C06948,2026-01-02,verified,A00190,NORMAL,
C06949,2025-08-09,verified,A00167,NORMAL,
C06950,2026-05-09,pending,A00239,ABUSE_RING,R0092
C06951,2025-02-18,verified,A00585,NORMAL,
C06952,2025-01-12,verified,A00327,LEGITIMATE_SHARED_RESOURCE,
C06953,2025-10-31,verified,A00672,NORMAL,
C06954,2026-05-28,verified,A00255,NORMAL,
C06955,2025-07-02,verified,A00044,NORMAL,
C06956,2025-11-26,verified,A00616,NORMAL,
C06957,2026-02-01,verified,A00105,NORMAL,
C06958,2026-05-14,verified,A00682,NORMAL,
C06959,2025-07-12,verified,A00484,LEGITIMATE_SHARED_RESOURCE,
C06960,2026-08-03,pending,A00587,NORMAL,
C06961,2025-03-19,verified,A00585,NORMAL,
C06962,2026-05-28,verified,A00286,NORMAL,
C06963,2026-02-11,verified,A00070,NORMAL,
C06964,2026-04-22,verified,A00589,NORMAL,
C06965,2026-01-17,verified,A00041,NORMAL,
C06966,2025-08-09,verified,A00360,NORMAL,
C06967,2026-02-18,verified,A00167,NORMAL,
C06968,2025-11-23,verified,A00408,ABUSE_RING,R0110
C06969,2025-05-17,verified,A00641,NORMAL,
C06970,2025-02-04,verified,A00027,NORMAL,
C06971,2025-12-21,verified,A00605,NORMAL,
C06972,2025-12-18,verified,A00025,NORMAL,
C06973,2025-02-26,verified,A00305,NORMAL,
C06974,2025-10-08,verified,A00437,NORMAL,
C06975,2026-01-27,verified,A00043,NORMAL,
C06976,2026-01-19,verified,A00161,NORMAL,
C06977,2026-05-24,verified,A00159,NORMAL,
C06978,2025-07-11,verified,A00117,NORMAL,
C06979,2026-04-07,verified,A00582,NORMAL,
C06980,2025-07-03,verified,A00575,NORMAL,
C06981,2025-08-06,verified,A00023,NORMAL,
C06982,2025-11-25,verified,A00030,LEGITIMATE_SHARED_RESOURCE,
C06983,2025-05-01,verified,A00658,NORMAL,
C06984,2026-05-05,verified,A00030,NORMAL,
C06985,2026-04-13,verified,A00688,MIXED,
C06986,2025-08-10,verified,A00286,NORMAL,
C06987,2026-06-16,pending,A00198,NORMAL,
C06988,2025-05-25,verified,A00477,NORMAL,
C06989,2026-05-09,pending,A00431,ABUSE_RING,R0078
C06990,2026-05-19,verified,A00278,NORMAL,
C06991,2026-01-20,verified,A00559,LEGITIMATE_SHARED_RESOURCE,
C06992,2025-11-29,verified,A00191,NORMAL,
C06993,2025-10-11,verified,A00301,NORMAL,
C06994,2026-06-02,verified,A00429,ABUSE_RING,R0016
C06995,2026-07-30,verified,A00564,LEGITIMATE_SHARED_RESOURCE,
C06996,2025-02-06,verified,A00452,NORMAL,
C06997,2026-01-03,verified,A00649,LEGITIMATE_SHARED_RESOURCE,
C06998,2025-10-20,verified,A00353,ABUSE_RING,R0049
C06999,2026-06-27,verified,A00450,NORMAL,
C07000,2026-07-17,verified,A00307,NORMAL,
C07001,2026-01-11,verified,A00596,NORMAL,
C07002,2025-07-03,verified,A00460,LEGITIMATE_SHARED_RESOURCE,
C07003,2026-08-05,verified,A00396,LEGITIMATE_SHARED_RESOURCE,
C07004,2026-07-06,verified,A00669,NORMAL,
C07005,2026-07-27,pending,A00094,NORMAL,
C07006,2026-02-13,verified,A00188,NORMAL,
C07007,2026-06-18,verified,A00213,ABUSE_RING,R0078
C07008,2025-12-01,verified,A00564,LEGITIMATE_SHARED_RESOURCE,
C07009,2026-04-24,verified,A00403,NORMAL,
C07010,2025-09-04,verified,A00643,NORMAL,
C07011,2025-03-11,verified,A00574,NORMAL,
C07012,2026-05-05,verified,A00452,NORMAL,
C07013,2025-11-04,verified,A00418,NORMAL,
C07014,2025-07-21,verified,A00675,LEGITIMATE_SHARED_RESOURCE,
C07015,2025-03-21,pending,A00019,ABUSE_RING,R0080
C07016,2025-07-17,verified,A00550,NORMAL,
C07017,2026-03-26,verified,A00184,NORMAL,
C07018,2026-05-25,verified,A00583,NORMAL,
C07019,2026-03-05,pending,A00420,NORMAL,
C07020,2026-07-07,verified,A00535,NORMAL,
C07021,2026-01-27,verified,A00290,NORMAL,
C07022,2025-06-28,pending,A00339,LEGITIMATE_SHARED_RESOURCE,
C07023,2025-02-01,verified,A00333,NORMAL,
C07024,2026-04-27,verified,A00304,NORMAL,
C07025,2026-02-18,verified,A00072,LEGITIMATE_SHARED_RESOURCE,
C07026,2026-02-19,verified,A00417,LEGITIMATE_SHARED_RESOURCE,
C07027,2025-12-05,verified,A00415,NORMAL,
C07028,2025-11-22,verified,A00355,NORMAL,
C07029,2025-08-27,verified,A00066,NORMAL,
C07030,2025-10-28,verified,A00693,ABUSE_RING,R0018
C07031,2025-08-28,verified,A00129,NORMAL,
C07032,2026-05-29,verified,A00496,NORMAL,
C07033,2025-02-18,verified,A00441,NORMAL,
C07034,2026-06-06,verified,A00111,NORMAL,
C07035,2025-09-17,verified,A00420,LEGITIMATE_SHARED_RESOURCE,
C07036,2025-02-24,verified,A00105,LEGITIMATE_SHARED_RESOURCE,
C07037,2026-05-22,verified,A00359,LEGITIMATE_SHARED_RESOURCE,
C07038,2026-08-04,verified,A00425,LEGITIMATE_SHARED_RESOURCE,
C07039,2026-04-20,verified,A00705,NORMAL,
C07040,2025-12-09,verified,A00169,LEGITIMATE_SHARED_RESOURCE,
C07041,2025-07-08,verified,A00080,LEGITIMATE_SHARED_RESOURCE,
C07042,2025-05-17,verified,A00396,NORMAL,
C07043,2026-01-19,verified,A00705,NORMAL,
C07044,2026-01-05,verified,A00575,NORMAL,
C07045,2026-04-09,pending,A00201,NORMAL,
C07046,2025-11-21,verified,A00557,NORMAL,
C07047,2025-09-02,verified,A00185,LEGITIMATE_SHARED_RESOURCE,
C07048,2025-06-12,verified,A00475,NORMAL,
C07049,2025-05-08,verified,A00669,NORMAL,
C07050,2025-03-24,verified,A00062,LEGITIMATE_SHARED_RESOURCE,
C07051,2025-05-27,verified,A00285,NORMAL,
C07052,2026-06-16,verified,A00547,LEGITIMATE_SHARED_RESOURCE,
C07053,2025-09-18,verified,A00703,LEGITIMATE_SHARED_RESOURCE,
C07054,2025-11-19,verified,A00341,LEGITIMATE_SHARED_RESOURCE,
C07055,2026-01-04,verified,A00498,NORMAL,
C07056,2025-09-10,verified,A00661,NORMAL,
C07057,2025-08-10,verified,A00185,MIXED,
C07058,2025-08-23,verified,A00070,MIXED,
C07059,2025-07-12,verified,A00679,NORMAL,
C07060,2025-03-09,verified,A00650,ABUSE_RING,R0075
C07061,2025-09-04,verified,A00595,NORMAL,
C07062,2025-09-26,verified,A00255,NORMAL,
C07063,2026-01-02,verified,A00657,NORMAL,
C07064,2025-01-11,verified,A00400,LEGITIMATE_SHARED_RESOURCE,
C07065,2026-06-13,verified,A00510,NORMAL,
C07066,2025-07-31,verified,A00465,NORMAL,
C07067,2025-11-20,verified,A00343,LEGITIMATE_SHARED_RESOURCE,
C07068,2026-03-14,verified,A00110,NORMAL,
C07069,2025-07-14,verified,A00641,NORMAL,
C07070,2025-05-28,verified,A00307,LEGITIMATE_SHARED_RESOURCE,
C07071,2026-02-06,verified,A00538,LEGITIMATE_SHARED_RESOURCE,
C07072,2025-10-11,verified,A00555,NORMAL,
C07073,2025-01-30,verified,A00389,NORMAL,
C07074,2026-02-13,pending,A00029,NORMAL,
C07075,2026-08-11,verified,A00538,NORMAL,
C07076,2025-07-23,pending,A00427,NORMAL,
C07077,2025-05-31,pending,A00436,LEGITIMATE_SHARED_RESOURCE,
C07078,2025-10-25,verified,A00340,NORMAL,
C07079,2026-05-30,verified,A00580,NORMAL,
C07080,2026-07-21,verified,A00275,NORMAL,
C07081,2025-10-02,verified,A00399,NORMAL,
C07082,2025-09-06,verified,A00543,NORMAL,
C07083,2025-10-14,verified,A00704,NORMAL,
C07084,2025-02-13,verified,A00177,LEGITIMATE_SHARED_RESOURCE,
C07085,2026-04-15,verified,A00252,NORMAL,
C07086,2026-08-04,verified,A00604,NORMAL,
C07087,2026-06-13,verified,A00082,NORMAL,
C07088,2025-05-27,verified,A00187,NORMAL,
C07089,2025-03-17,verified,A00099,ABUSE_RING,R0095
C07090,2025-05-22,verified,A00520,LEGITIMATE_SHARED_RESOURCE,
C07091,2025-12-29,verified,A00393,NORMAL,
C07092,2026-06-06,verified,A00333,NORMAL,
C07093,2025-10-25,verified,A00398,NORMAL,
C07094,2025-12-06,verified,A00236,NORMAL,
C07095,2026-05-16,verified,A00551,NORMAL,
C07096,2026-04-08,verified,A00381,NORMAL,
C07097,2025-03-21,verified,A00048,NORMAL,
C07098,2025-07-30,verified,A00442,NORMAL,
C07099,2025-01-28,verified,A00294,NORMAL,
C07100,2026-04-21,verified,A00294,NORMAL,
C07101,2025-09-03,verified,A00479,NORMAL,
C07102,2025-09-20,verified,A00318,NORMAL,
C07103,2026-03-09,verified,A00652,NORMAL,
C07104,2025-08-13,verified,A00064,NORMAL,
C07105,2025-08-02,verified,A00238,NORMAL,
C07106,2026-07-12,pending,A00363,NORMAL,
C07107,2025-09-21,verified,A00446,NORMAL,
C07108,2026-05-08,verified,A00365,ABUSE_RING,R0102
C07109,2026-07-16,verified,A00179,LEGITIMATE_SHARED_RESOURCE,
C07110,2025-03-21,verified,A00285,NORMAL,
C07111,2025-12-16,verified,A00628,NORMAL,
C07112,2026-03-06,verified,A00142,NORMAL,
C07113,2025-10-05,verified,A00140,NORMAL,
C07114,2025-03-23,verified,A00375,NORMAL,
C07115,2026-05-29,verified,A00533,NORMAL,
C07116,2025-07-20,verified,A00173,ABUSE_RING,R0085
C07117,2025-07-30,verified,A00557,LEGITIMATE_SHARED_RESOURCE,
C07118,2025-05-03,verified,A00131,NORMAL,
C07119,2025-12-04,verified,A00679,NORMAL,
C07120,2026-02-27,verified,A00060,NORMAL,
C07121,2026-04-14,verified,A00635,NORMAL,
C07122,2025-07-10,verified,A00308,NORMAL,
C07123,2025-09-17,verified,A00352,LEGITIMATE_SHARED_RESOURCE,
C07124,2025-11-04,verified,A00481,NORMAL,
C07125,2025-11-30,verified,A00449,LEGITIMATE_SHARED_RESOURCE,
C07126,2025-03-13,verified,A00113,NORMAL,
C07127,2026-01-18,verified,A00426,NORMAL,
C07128,2026-06-24,verified,A00216,NORMAL,
C07129,2025-04-30,verified,A00134,NORMAL,
C07130,2025-11-02,verified,A00303,NORMAL,
C07131,2025-11-21,verified,A00440,NORMAL,
C07132,2025-08-25,verified,A00287,NORMAL,
C07133,2026-03-14,verified,A00381,NORMAL,
C07134,2026-06-10,verified,A00102,NORMAL,
C07135,2025-01-13,verified,A00015,NORMAL,
C07136,2025-07-16,verified,A00569,NORMAL,
C07137,2025-12-20,verified,A00488,NORMAL,
C07138,2025-05-19,verified,A00698,NORMAL,
C07139,2025-07-11,verified,A00485,LEGITIMATE_SHARED_RESOURCE,
C07140,2025-12-25,verified,A00192,LEGITIMATE_SHARED_RESOURCE,
C07141,2026-05-18,verified,A00621,NORMAL,
C07142,2025-06-08,verified,A00189,NORMAL,
C07143,2025-04-24,verified,A00178,NORMAL,
C07144,2025-08-29,verified,A00450,LEGITIMATE_SHARED_RESOURCE,
C07145,2025-06-16,pending,A00529,NORMAL,
C07146,2026-07-15,verified,A00256,NORMAL,
C07147,2026-03-22,pending,A00653,LEGITIMATE_SHARED_RESOURCE,
C07148,2025-11-11,verified,A00506,LEGITIMATE_SHARED_RESOURCE,
C07149,2025-02-12,verified,A00640,NORMAL,
C07150,2025-11-17,verified,A00636,NORMAL,
C07151,2025-01-03,verified,A00700,LEGITIMATE_SHARED_RESOURCE,
C07152,2025-04-30,verified,A00415,NORMAL,
C07153,2025-10-01,verified,A00678,NORMAL,
C07154,2025-09-03,verified,A00147,NORMAL,
C07155,2025-07-13,verified,A00028,NORMAL,
C07156,2025-06-26,verified,A00080,NORMAL,
C07157,2025-05-04,verified,A00521,LEGITIMATE_SHARED_RESOURCE,
C07158,2026-04-28,verified,A00046,NORMAL,
C07159,2025-01-05,verified,A00144,NORMAL,
C07160,2025-07-03,verified,A00057,ABUSE_RING,R0053
C07161,2026-01-03,verified,A00171,NORMAL,
C07162,2025-02-13,verified,A00241,LEGITIMATE_SHARED_RESOURCE,
C07163,2026-08-13,verified,A00393,NORMAL,
C07164,2025-02-20,verified,A00542,LEGITIMATE_SHARED_RESOURCE,
C07165,2025-02-01,verified,A00393,NORMAL,
C07166,2025-03-14,verified,A00120,LEGITIMATE_SHARED_RESOURCE,
C07167,2025-01-16,verified,A00293,NORMAL,
C07168,2026-04-27,verified,A00186,NORMAL,
C07169,2025-09-27,verified,A00361,NORMAL,
C07170,2026-08-02,verified,A00103,NORMAL,
C07171,2025-05-05,pending,A00197,LEGITIMATE_SHARED_RESOURCE,
C07172,2026-08-05,verified,A00402,ABUSE_RING,R0039
C07173,2026-03-05,verified,A00413,NORMAL,
C07174,2026-06-12,verified,A00515,LEGITIMATE_SHARED_RESOURCE,
C07175,2026-01-09,verified,A00440,NORMAL,
C07176,2025-02-09,verified,A00202,NORMAL,
C07177,2025-05-05,verified,A00245,NORMAL,
C07178,2025-12-23,verified,A00706,NORMAL,
C07179,2025-11-09,verified,A00349,NORMAL,
C07180,2025-01-16,verified,A00205,LEGITIMATE_SHARED_RESOURCE,
C07181,2025-05-10,verified,A00063,NORMAL,
C07182,2025-12-24,verified,A00282,NORMAL,
C07183,2025-04-01,verified,A00438,NORMAL,
C07184,2025-09-21,verified,A00651,NORMAL,
C07185,2025-11-18,verified,A00307,NORMAL,
C07186,2026-01-26,verified,A00388,NORMAL,
C07187,2026-04-24,verified,A00651,LEGITIMATE_SHARED_RESOURCE,
C07188,2025-09-18,verified,A00123,NORMAL,
C07189,2025-10-12,verified,A00518,NORMAL,
C07190,2025-11-09,verified,A00006,NORMAL,
C07191,2025-01-14,verified,A00113,NORMAL,
C07192,2025-08-05,verified,A00455,NORMAL,
C07193,2025-09-27,verified,A00523,LEGITIMATE_SHARED_RESOURCE,
C07194,2025-10-05,verified,A00100,NORMAL,
C07195,2025-01-18,verified,A00247,NORMAL,
C07196,2026-06-04,verified,A00196,NORMAL,
C07197,2025-07-04,verified,A00679,NORMAL,
C07198,2026-07-10,verified,A00229,LEGITIMATE_SHARED_RESOURCE,
C07199,2026-05-08,verified,A00169,NORMAL,
C07200,2025-05-25,verified,A00215,NORMAL,
C07201,2025-08-29,verified,A00046,NORMAL,
C07202,2025-04-29,verified,A00122,NORMAL,
C07203,2026-04-28,verified,A00378,NORMAL,
C07204,2026-04-18,verified,A00432,NORMAL,
C07205,2026-03-24,verified,A00668,LEGITIMATE_SHARED_RESOURCE,
C07206,2025-02-21,verified,A00360,NORMAL,
C07207,2025-03-30,verified,A00126,NORMAL,
C07208,2026-06-27,verified,A00167,NORMAL,
C07209,2025-10-02,verified,A00245,NORMAL,
C07210,2025-08-09,verified,A00212,LEGITIMATE_SHARED_RESOURCE,
C07211,2025-11-05,verified,A00592,LEGITIMATE_SHARED_RESOURCE,
C07212,2025-03-29,verified,A00132,NORMAL,
C07213,2026-02-09,pending,A00658,LEGITIMATE_SHARED_RESOURCE,
C07214,2026-02-03,pending,A00231,LEGITIMATE_SHARED_RESOURCE,
C07215,2025-03-30,pending,A00356,NORMAL,
C07216,2025-12-26,verified,A00049,NORMAL,
C07217,2025-01-20,verified,A00380,NORMAL,
C07218,2026-05-26,verified,A00472,NORMAL,
C07219,2025-12-03,verified,A00707,LEGITIMATE_SHARED_RESOURCE,
C07220,2025-08-06,verified,A00229,NORMAL,
C07221,2026-07-19,verified,A00198,NORMAL,
C07222,2026-05-18,verified,A00551,LEGITIMATE_SHARED_RESOURCE,
C07223,2025-10-15,verified,A00398,NORMAL,
C07224,2026-07-03,pending,A00328,NORMAL,
C07225,2025-01-17,verified,A00203,ABUSE_RING,R0051
C07226,2026-07-09,verified,A00519,NORMAL,
C07227,2026-01-11,verified,A00693,NORMAL,
C07228,2025-11-02,verified,A00563,NORMAL,
C07229,2025-11-13,verified,A00232,NORMAL,
C07230,2025-06-14,pending,A00287,LEGITIMATE_SHARED_RESOURCE,
C07231,2025-11-27,verified,A00068,LEGITIMATE_SHARED_RESOURCE,
C07232,2026-04-27,verified,A00460,LEGITIMATE_SHARED_RESOURCE,
C07233,2025-09-13,verified,A00499,NORMAL,
C07234,2025-02-08,verified,A00433,NORMAL,
C07235,2026-01-06,verified,A00046,LEGITIMATE_SHARED_RESOURCE,
C07236,2025-12-21,verified,A00579,LEGITIMATE_SHARED_RESOURCE,
C07237,2026-05-14,verified,A00485,LEGITIMATE_SHARED_RESOURCE,
C07238,2026-08-15,verified,A00643,NORMAL,
C07239,2025-02-08,verified,A00398,NORMAL,
C07240,2025-06-18,verified,A00493,NORMAL,
C07241,2026-04-25,verified,A00613,NORMAL,
C07242,2025-01-01,verified,A00023,NORMAL,
C07243,2025-11-04,verified,A00445,NORMAL,
C07244,2026-02-02,verified,A00369,NORMAL,
C07245,2026-01-29,verified,A00103,NORMAL,
C07246,2025-03-28,verified,A00570,NORMAL,
C07247,2025-07-11,verified,A00133,NORMAL,
C07248,2025-03-31,verified,A00493,ABUSE_RING,R0058
C07249,2025-11-17,verified,A00312,ABUSE_RING,R0027
C07250,2025-08-13,verified,A00244,NORMAL,
C07251,2025-01-23,verified,A00330,NORMAL,
C07252,2025-08-17,pending,A00708,NORMAL,
C07253,2026-01-22,verified,A00269,LEGITIMATE_SHARED_RESOURCE,
C07254,2026-08-16,verified,A00138,NORMAL,
C07255,2026-05-29,verified,A00418,ABUSE_RING,R0073
C07256,2026-08-16,verified,A00703,MIXED,
C07257,2026-02-18,verified,A00487,NORMAL,
C07258,2025-11-24,verified,A00559,NORMAL,
C07259,2026-03-19,verified,A00325,NORMAL,
C07260,2025-10-09,verified,A00392,NORMAL,
C07261,2025-10-14,verified,A00174,LEGITIMATE_SHARED_RESOURCE,
C07262,2025-06-26,verified,A00582,LEGITIMATE_SHARED_RESOURCE,
C07263,2026-08-11,verified,A00347,ABUSE_RING,R0094
C07264,2025-12-18,verified,A00247,NORMAL,
C07265,2025-02-25,verified,A00359,LEGITIMATE_SHARED_RESOURCE,
C07266,2026-07-02,verified,A00566,LEGITIMATE_SHARED_RESOURCE,
C07267,2026-04-17,verified,A00642,NORMAL,
C07268,2025-09-09,verified,A00297,NORMAL,
C07269,2025-04-10,verified,A00041,LEGITIMATE_SHARED_RESOURCE,
C07270,2026-06-04,verified,A00239,NORMAL,
C07271,2025-10-25,pending,A00560,LEGITIMATE_SHARED_RESOURCE,
C07272,2025-09-03,pending,A00623,NORMAL,
C07273,2025-07-10,verified,A00168,NORMAL,
C07274,2026-04-09,verified,A00454,NORMAL,
C07275,2026-06-03,verified,A00296,ABUSE_RING,R0074
C07276,2025-02-18,verified,A00703,NORMAL,
C07277,2025-07-12,verified,A00514,NORMAL,
C07278,2025-03-22,pending,A00092,NORMAL,
C07279,2026-01-31,verified,A00089,ABUSE_RING,R0051
C07280,2026-05-18,verified,A00097,NORMAL,
C07281,2025-05-03,verified,A00292,NORMAL,
C07282,2025-02-14,verified,A00504,MIXED,R0117
C07283,2025-08-13,verified,A00511,NORMAL,
C07284,2025-11-15,verified,A00268,NORMAL,
C07285,2025-04-19,verified,A00629,LEGITIMATE_SHARED_RESOURCE,
C07286,2025-03-09,verified,A00655,NORMAL,
C07287,2026-06-26,verified,A00064,NORMAL,
C07288,2025-01-29,verified,A00093,NORMAL,
C07289,2025-08-22,verified,A00704,ABUSE_RING,R0089
C07290,2025-06-22,verified,A00283,NORMAL,
C07291,2026-07-15,verified,A00262,NORMAL,
C07292,2025-01-09,verified,A00254,NORMAL,
C07293,2026-08-08,verified,A00364,NORMAL,
C07294,2026-07-26,verified,A00080,NORMAL,
C07295,2026-08-18,verified,A00504,LEGITIMATE_SHARED_RESOURCE,
C07296,2025-05-31,verified,A00256,NORMAL,
C07297,2026-04-05,verified,A00296,NORMAL,
C07298,2025-11-27,verified,A00531,NORMAL,
C07299,2025-11-14,verified,A00588,ABUSE_RING,R0099
C07300,2025-04-12,verified,A00705,LEGITIMATE_SHARED_RESOURCE,
C07301,2026-07-13,verified,A00201,NORMAL,
C07302,2025-07-31,pending,A00337,NORMAL,
C07303,2026-03-30,verified,A00046,NORMAL,
C07304,2025-04-17,verified,A00473,MIXED,R0118
C07305,2025-05-02,verified,A00690,NORMAL,
C07306,2025-01-16,verified,A00230,NORMAL,
C07307,2025-08-17,pending,A00135,NORMAL,
C07308,2026-01-20,verified,A00125,LEGITIMATE_SHARED_RESOURCE,
C07309,2026-08-04,verified,A00651,LEGITIMATE_SHARED_RESOURCE,
C07310,2026-08-18,verified,A00073,NORMAL,
C07311,2025-05-19,verified,A00422,LEGITIMATE_SHARED_RESOURCE,
C07312,2026-08-18,verified,A00588,ABUSE_RING,R0115
C07313,2026-08-04,verified,A00469,LEGITIMATE_SHARED_RESOURCE,
C07314,2026-04-09,verified,A00692,NORMAL,
C07315,2026-05-30,verified,A00435,LEGITIMATE_SHARED_RESOURCE,
C07316,2026-01-21,verified,A00304,NORMAL,
C07317,2026-07-06,verified,A00381,LEGITIMATE_SHARED_RESOURCE,
C07318,2026-04-06,verified,A00328,LEGITIMATE_SHARED_RESOURCE,
C07319,2026-04-21,verified,A00494,LEGITIMATE_SHARED_RESOURCE,
C07320,2025-08-08,verified,A00642,NORMAL,
C07321,2026-06-04,verified,A00474,NORMAL,
C07322,2025-11-22,verified,A00422,NORMAL,
C07323,2026-06-22,verified,A00672,NORMAL,
C07324,2025-09-12,verified,A00241,NORMAL,
C07325,2025-08-18,verified,A00286,NORMAL,
C07326,2026-04-24,verified,A00708,ABUSE_RING,R0003
C07327,2025-04-06,pending,A00180,NORMAL,
C07328,2026-03-21,verified,A00513,NORMAL,
C07329,2026-02-19,verified,A00460,NORMAL,
C07330,2025-02-23,verified,A00661,NORMAL,
C07331,2026-07-12,pending,A00377,LEGITIMATE_SHARED_RESOURCE,
C07332,2025-09-25,verified,A00004,NORMAL,
C07333,2026-01-04,verified,A00471,NORMAL,
C07334,2025-08-04,verified,A00255,NORMAL,
C07335,2025-08-12,verified,A00341,NORMAL,
C07336,2026-06-11,verified,A00697,LEGITIMATE_SHARED_RESOURCE,
C07337,2026-07-28,verified,A00644,MIXED,
C07338,2026-06-05,verified,A00016,ABUSE_RING,R0062
C07339,2025-06-18,pending,A00693,NORMAL,
C07340,2025-06-10,verified,A00355,NORMAL,
C07341,2025-12-08,verified,A00512,NORMAL,
C07342,2026-02-12,verified,A00224,NORMAL,
C07343,2025-02-26,verified,A00551,NORMAL,
C07344,2025-08-09,verified,A00701,NORMAL,
C07345,2025-02-02,verified,A00597,LEGITIMATE_SHARED_RESOURCE,
C07346,2025-03-12,verified,A00689,NORMAL,
C07347,2025-01-11,verified,A00193,NORMAL,
C07348,2025-03-27,verified,A00289,LEGITIMATE_SHARED_RESOURCE,
C07349,2025-08-19,verified,A00301,NORMAL,
C07350,2025-03-22,verified,A00504,NORMAL,
C07351,2025-11-14,verified,A00466,NORMAL,
C07352,2025-01-04,verified,A00293,NORMAL,
C07353,2026-07-09,verified,A00500,NORMAL,
C07354,2025-05-08,verified,A00451,ABUSE_RING,R0035
C07355,2025-06-12,verified,A00542,NORMAL,
C07356,2025-11-20,verified,A00387,NORMAL,
C07357,2025-09-03,verified,A00433,NORMAL,
C07358,2026-01-18,verified,A00049,LEGITIMATE_SHARED_RESOURCE,
C07359,2025-09-14,verified,A00145,NORMAL,
C07360,2026-02-06,pending,A00183,ABUSE_RING,R0057
C07361,2025-09-30,verified,A00622,NORMAL,
C07362,2026-01-24,verified,A00681,MIXED,
C07363,2026-05-20,verified,A00253,NORMAL,
C07364,2025-05-27,verified,A00382,LEGITIMATE_SHARED_RESOURCE,
C07365,2026-02-12,verified,A00064,NORMAL,
C07366,2025-03-06,verified,A00635,NORMAL,
C07367,2025-03-20,verified,A00122,NORMAL,
C07368,2026-04-21,verified,A00275,ABUSE_RING,R0055
C07369,2025-12-08,verified,A00587,LEGITIMATE_SHARED_RESOURCE,
C07370,2025-06-12,verified,A00047,NORMAL,
C07371,2026-05-03,verified,A00529,NORMAL,
C07372,2026-07-18,pending,A00023,LEGITIMATE_SHARED_RESOURCE,
C07373,2025-06-03,verified,A00249,NORMAL,
C07374,2025-04-18,pending,A00597,ABUSE_RING,R0066
C07375,2026-02-12,verified,A00036,LEGITIMATE_SHARED_RESOURCE,
C07376,2025-07-15,pending,A00395,NORMAL,
C07377,2025-04-22,verified,A00650,NORMAL,
C07378,2025-04-03,verified,A00303,NORMAL,
C07379,2025-04-03,pending,A00495,NORMAL,
C07380,2025-09-20,pending,A00286,NORMAL,
C07381,2026-02-22,verified,A00354,NORMAL,
C07382,2026-01-08,verified,A00088,LEGITIMATE_SHARED_RESOURCE,
C07383,2025-07-07,pending,A00212,NORMAL,
C07384,2025-12-15,verified,A00077,NORMAL,
C07385,2026-03-01,verified,A00309,NORMAL,
C07386,2025-03-31,verified,A00421,NORMAL,
C07387,2026-02-20,verified,A00707,NORMAL,
C07388,2025-07-21,verified,A00239,NORMAL,
C07389,2026-06-09,verified,A00316,NORMAL,
C07390,2026-06-06,verified,A00020,NORMAL,
C07391,2025-02-25,verified,A00302,NORMAL,
C07392,2025-09-26,verified,A00184,NORMAL,
C07393,2025-11-21,verified,A00002,NORMAL,
C07394,2025-03-07,pending,A00090,NORMAL,
C07395,2026-02-28,verified,A00408,NORMAL,
C07396,2025-09-23,verified,A00403,NORMAL,
C07397,2026-03-22,verified,A00641,NORMAL,
C07398,2026-05-07,verified,A00641,LEGITIMATE_SHARED_RESOURCE,
C07399,2025-04-12,verified,A00213,NORMAL,
C07400,2025-09-29,verified,A00351,NORMAL,
C07401,2025-06-03,verified,A00283,LEGITIMATE_SHARED_RESOURCE,
C07402,2026-07-15,pending,A00282,NORMAL,
C07403,2026-08-21,verified,A00324,NORMAL,
C07404,2025-08-10,verified,A00026,NORMAL,
C07405,2026-08-08,verified,A00272,NORMAL,
C07406,2025-07-21,pending,A00078,NORMAL,
C07407,2026-06-18,verified,A00388,NORMAL,
C07408,2025-08-02,verified,A00616,NORMAL,
C07409,2025-09-21,verified,A00414,NORMAL,
C07410,2026-01-08,verified,A00210,NORMAL,
C07411,2025-05-29,pending,A00088,NORMAL,
C07412,2025-02-20,verified,A00634,MIXED,
C07413,2026-08-20,verified,A00178,NORMAL,
C07414,2026-03-16,verified,A00287,NORMAL,
C07415,2025-08-30,pending,A00272,NORMAL,
C07416,2026-04-29,verified,A00625,LEGITIMATE_SHARED_RESOURCE,
C07417,2026-07-29,verified,A00163,LEGITIMATE_SHARED_RESOURCE,
C07418,2025-01-18,verified,A00621,NORMAL,
C07419,2025-04-08,pending,A00217,NORMAL,
C07420,2025-09-02,verified,A00156,NORMAL,
C07421,2025-09-07,verified,A00401,NORMAL,
C07422,2025-05-11,verified,A00226,LEGITIMATE_SHARED_RESOURCE,
C07423,2025-05-18,verified,A00439,LEGITIMATE_SHARED_RESOURCE,
C07424,2026-01-05,verified,A00123,NORMAL,
C07425,2025-04-24,pending,A00623,NORMAL,
C07426,2025-06-22,verified,A00588,LEGITIMATE_SHARED_RESOURCE,
C07427,2025-04-21,verified,A00217,NORMAL,
C07428,2025-01-03,verified,A00438,NORMAL,
C07429,2025-06-27,verified,A00545,NORMAL,
C07430,2025-04-26,verified,A00672,LEGITIMATE_SHARED_RESOURCE,
C07431,2025-06-24,verified,A00119,LEGITIMATE_SHARED_RESOURCE,
C07432,2026-03-01,verified,A00092,LEGITIMATE_SHARED_RESOURCE,
C07433,2026-05-21,verified,A00126,LEGITIMATE_SHARED_RESOURCE,
C07434,2026-08-10,verified,A00504,LEGITIMATE_SHARED_RESOURCE,
C07435,2025-03-29,verified,A00145,NORMAL,
C07436,2025-06-02,verified,A00335,NORMAL,
C07437,2026-08-02,verified,A00215,NORMAL,
C07438,2026-01-06,verified,A00383,LEGITIMATE_SHARED_RESOURCE,
C07439,2025-09-11,verified,A00172,NORMAL,
C07440,2026-07-11,verified,A00141,NORMAL,
C07441,2025-11-15,pending,A00649,NORMAL,
C07442,2025-01-23,verified,A00709,NORMAL,
C07443,2025-01-29,verified,A00107,NORMAL,
C07444,2025-09-30,verified,A00682,NORMAL,
C07445,2026-05-24,verified,A00440,ABUSE_RING,R0071
C07446,2026-07-18,verified,A00683,NORMAL,
C07447,2026-07-06,verified,A00550,NORMAL,
C07448,2025-05-12,verified,A00396,NORMAL,
C07449,2026-07-15,verified,A00100,NORMAL,
C07450,2026-02-14,verified,A00134,NORMAL,
C07451,2026-05-15,verified,A00536,ABUSE_RING,R0082
C07452,2026-03-18,verified,A00292,LEGITIMATE_SHARED_RESOURCE,
C07453,2026-03-26,verified,A00145,NORMAL,
C07454,2025-06-16,verified,A00143,NORMAL,
C07455,2025-05-22,verified,A00444,NORMAL,
C07456,2025-07-24,verified,A00570,NORMAL,
C07457,2025-08-08,verified,A00081,NORMAL,
C07458,2025-06-12,verified,A00107,NORMAL,
C07459,2025-10-28,verified,A00140,NORMAL,
C07460,2026-06-18,verified,A00555,LEGITIMATE_SHARED_RESOURCE,
C07461,2025-10-14,verified,A00626,NORMAL,
C07462,2025-01-08,verified,A00477,NORMAL,
C07463,2025-10-17,verified,A00454,NORMAL,
C07464,2026-03-11,verified,A00280,NORMAL,
C07465,2025-10-03,verified,A00353,LEGITIMATE_SHARED_RESOURCE,
C07466,2026-04-15,verified,A00684,LEGITIMATE_SHARED_RESOURCE,
C07467,2025-02-04,verified,A00330,NORMAL,
C07468,2025-07-06,verified,A00223,ABUSE_RING,R0109
C07469,2025-06-30,verified,A00648,NORMAL,
C07470,2025-05-12,verified,A00276,LEGITIMATE_SHARED_RESOURCE,
C07471,2026-07-05,verified,A00285,NORMAL,
C07472,2026-01-19,verified,A00602,LEGITIMATE_SHARED_RESOURCE,
C07473,2026-01-13,verified,A00006,NORMAL,
C07474,2026-07-18,verified,A00619,NORMAL,
C07475,2026-04-06,verified,A00271,NORMAL,
C07476,2026-05-21,verified,A00557,NORMAL,
C07477,2025-05-04,verified,A00685,NORMAL,
C07478,2026-04-07,verified,A00439,NORMAL,
C07479,2026-03-10,verified,A00001,NORMAL,
C07480,2025-04-17,verified,A00178,NORMAL,
C07481,2025-07-11,verified,A00200,NORMAL,
C07482,2026-04-05,verified,A00128,LEGITIMATE_SHARED_RESOURCE,
C07483,2025-09-23,verified,A00293,LEGITIMATE_SHARED_RESOURCE,
C07484,2026-07-16,pending,A00169,NORMAL,
C07485,2025-10-16,verified,A00599,NORMAL,
C07486,2025-05-13,verified,A00357,NORMAL,
C07487,2025-06-26,pending,A00702,NORMAL,
C07488,2025-09-01,verified,A00436,ABUSE_RING,R0027
C07489,2026-07-17,verified,A00053,NORMAL,
C07490,2026-07-28,verified,A00521,LEGITIMATE_SHARED_RESOURCE,
C07491,2025-06-29,verified,A00486,NORMAL,
C07492,2026-05-30,verified,A00609,NORMAL,
C07493,2026-05-29,verified,A00187,NORMAL,
C07494,2025-06-25,pending,A00595,NORMAL,
C07495,2025-05-13,verified,A00642,MIXED,
C07496,2025-04-28,verified,A00608,NORMAL,
C07497,2025-10-08,verified,A00201,LEGITIMATE_SHARED_RESOURCE,
C07498,2025-12-20,verified,A00503,NORMAL,
C07499,2026-08-02,verified,A00051,LEGITIMATE_SHARED_RESOURCE,
C07500,2025-06-10,verified,A00595,NORMAL,
C07501,2025-05-14,verified,A00595,LEGITIMATE_SHARED_RESOURCE,
C07502,2025-01-12,verified,A00089,NORMAL,
C07503,2025-01-24,verified,A00689,NORMAL,
C07504,2025-06-21,verified,A00613,NORMAL,
C07505,2026-07-29,pending,A00140,LEGITIMATE_SHARED_RESOURCE,
C07506,2026-01-05,verified,A00586,NORMAL,
C07507,2026-08-08,verified,A00539,NORMAL,
C07508,2025-09-11,verified,A00628,NORMAL,
C07509,2025-09-14,pending,A00173,LEGITIMATE_SHARED_RESOURCE,
C07510,2026-03-18,verified,A00238,NORMAL,
C07511,2025-07-02,verified,A00307,LEGITIMATE_SHARED_RESOURCE,
C07512,2025-02-20,verified,A00665,NORMAL,
C07513,2026-04-25,verified,A00033,NORMAL,
C07514,2025-01-13,verified,A00547,NORMAL,
C07515,2025-04-17,verified,A00356,NORMAL,
C07516,2025-02-20,verified,A00556,NORMAL,
C07517,2025-12-02,verified,A00391,NORMAL,
C07518,2025-01-14,verified,A00576,NORMAL,
C07519,2026-08-23,verified,A00590,NORMAL,
C07520,2025-06-15,pending,A00052,LEGITIMATE_SHARED_RESOURCE,
C07521,2026-07-09,verified,A00367,NORMAL,
C07522,2025-03-28,verified,A00144,NORMAL,
C07523,2026-06-07,verified,A00393,NORMAL,
C07524,2025-02-16,verified,A00587,NORMAL,
C07525,2026-08-21,verified,A00468,NORMAL,
C07526,2025-10-24,verified,A00113,LEGITIMATE_SHARED_RESOURCE,
C07527,2025-04-16,verified,A00113,NORMAL,
C07528,2026-01-18,pending,A00064,NORMAL,
C07529,2025-08-29,verified,A00513,NORMAL,
C07530,2026-05-16,verified,A00129,LEGITIMATE_SHARED_RESOURCE,
C07531,2025-12-19,verified,A00679,LEGITIMATE_SHARED_RESOURCE,
C07532,2025-01-22,verified,A00150,NORMAL,
C07533,2025-11-20,verified,A00437,NORMAL,
C07534,2026-06-03,verified,A00707,LEGITIMATE_SHARED_RESOURCE,
C07535,2025-07-28,verified,A00235,LEGITIMATE_SHARED_RESOURCE,
C07536,2025-05-19,pending,A00702,NORMAL,
C07537,2026-03-29,verified,A00677,NORMAL,
C07538,2026-03-13,verified,A00077,NORMAL,
C07539,2025-12-10,verified,A00673,ABUSE_RING,R0035
C07540,2025-07-08,verified,A00581,NORMAL,
C07541,2025-12-14,verified,A00610,NORMAL,
C07542,2025-11-28,verified,A00084,NORMAL,
C07543,2026-08-19,verified,A00688,LEGITIMATE_SHARED_RESOURCE,
C07544,2026-05-24,verified,A00479,NORMAL,
C07545,2025-04-01,verified,A00086,NORMAL,
C07546,2025-02-18,verified,A00194,NORMAL,
C07547,2025-08-13,verified,A00229,NORMAL,
C07548,2025-12-24,verified,A00118,ABUSE_RING,R0113
C07549,2026-04-27,verified,A00273,NORMAL,
C07550,2025-01-12,pending,A00647,NORMAL,
C07551,2025-03-30,verified,A00546,NORMAL,
C07552,2026-07-11,verified,A00445,LEGITIMATE_SHARED_RESOURCE,
C07553,2026-03-07,verified,A00113,NORMAL,
C07554,2025-10-06,verified,A00555,LEGITIMATE_SHARED_RESOURCE,
C07555,2026-04-23,verified,A00113,NORMAL,
C07556,2025-03-07,verified,A00150,NORMAL,
C07557,2025-04-29,verified,A00535,LEGITIMATE_SHARED_RESOURCE,
C07558,2026-05-28,verified,A00347,LEGITIMATE_SHARED_RESOURCE,
C07559,2025-09-20,verified,A00118,LEGITIMATE_SHARED_RESOURCE,
C07560,2025-06-01,verified,A00396,NORMAL,
C07561,2025-11-30,verified,A00344,NORMAL,
C07562,2025-05-01,verified,A00239,LEGITIMATE_SHARED_RESOURCE,
C07563,2026-02-08,verified,A00434,NORMAL,
C07564,2025-11-09,verified,A00286,NORMAL,
C07565,2025-08-17,verified,A00462,NORMAL,
C07566,2025-09-28,verified,A00001,NORMAL,
C07567,2025-04-06,verified,A00060,LEGITIMATE_SHARED_RESOURCE,
C07568,2025-04-30,verified,A00005,NORMAL,
C07569,2026-02-24,verified,A00169,NORMAL,
C07570,2025-07-05,verified,A00278,NORMAL,
C07571,2025-08-29,verified,A00356,NORMAL,
C07572,2025-09-29,pending,A00583,NORMAL,
C07573,2025-11-18,verified,A00527,NORMAL,
C07574,2026-05-29,verified,A00594,LEGITIMATE_SHARED_RESOURCE,
C07575,2026-05-14,verified,A00680,NORMAL,
C07576,2025-12-05,verified,A00067,MIXED,
C07577,2026-04-06,verified,A00355,NORMAL,
C07578,2025-10-19,verified,A00411,ABUSE_RING,R0047
C07579,2026-08-17,verified,A00042,LEGITIMATE_SHARED_RESOURCE,
C07580,2025-08-07,verified,A00617,NORMAL,
C07581,2025-09-20,verified,A00609,NORMAL,
C07582,2025-07-29,verified,A00291,LEGITIMATE_SHARED_RESOURCE,
C07583,2025-10-07,verified,A00048,LEGITIMATE_SHARED_RESOURCE,
C07584,2025-03-13,verified,A00006,NORMAL,
C07585,2026-03-03,verified,A00411,NORMAL,
C07586,2026-07-08,verified,A00549,NORMAL,
C07587,2025-08-10,verified,A00196,NORMAL,
C07588,2025-03-29,verified,A00604,NORMAL,
C07589,2025-06-22,verified,A00395,NORMAL,
C07590,2025-10-22,verified,A00244,NORMAL,
C07591,2025-02-19,verified,A00003,NORMAL,
C07592,2025-12-11,verified,A00589,NORMAL,
C07593,2026-08-04,verified,A00441,NORMAL,
C07594,2025-10-12,verified,A00119,NORMAL,
C07595,2025-03-03,verified,A00113,NORMAL,
C07596,2025-02-28,verified,A00453,NORMAL,
C07597,2026-01-20,verified,A00019,NORMAL,
C07598,2025-11-30,verified,A00027,LEGITIMATE_SHARED_RESOURCE,
C07599,2026-07-08,verified,A00221,LEGITIMATE_SHARED_RESOURCE,
C07600,2026-05-26,verified,A00279,LEGITIMATE_SHARED_RESOURCE,
C07601,2025-12-29,verified,A00546,NORMAL,
C07602,2025-07-20,verified,A00088,NORMAL,
C07603,2026-06-22,verified,A00446,NORMAL,
C07604,2026-01-30,verified,A00341,LEGITIMATE_SHARED_RESOURCE,
C07605,2025-09-20,verified,A00252,NORMAL,
C07606,2025-09-19,pending,A00523,LEGITIMATE_SHARED_RESOURCE,
C07607,2025-04-19,verified,A00421,NORMAL,
C07608,2026-06-14,verified,A00128,LEGITIMATE_SHARED_RESOURCE,
C07609,2025-01-08,verified,A00646,NORMAL,
C07610,2026-07-26,verified,A00643,LEGITIMATE_SHARED_RESOURCE,
C07611,2025-09-02,verified,A00083,LEGITIMATE_SHARED_RESOURCE,
C07612,2026-04-21,verified,A00224,NORMAL,
C07613,2025-01-24,verified,A00538,NORMAL,
C07614,2025-05-04,verified,A00434,LEGITIMATE_SHARED_RESOURCE,
C07615,2025-05-12,verified,A00177,NORMAL,
C07616,2025-12-01,verified,A00544,NORMAL,
C07617,2026-07-12,verified,A00663,LEGITIMATE_SHARED_RESOURCE,
C07618,2025-04-30,verified,A00451,LEGITIMATE_SHARED_RESOURCE,
C07619,2026-04-20,verified,A00372,NORMAL,
C07620,2025-04-08,verified,A00461,NORMAL,
C07621,2026-05-30,verified,A00319,LEGITIMATE_SHARED_RESOURCE,
C07622,2025-05-10,verified,A00480,NORMAL,
C07623,2026-03-22,verified,A00020,NORMAL,
C07624,2025-03-04,verified,A00675,LEGITIMATE_SHARED_RESOURCE,
C07625,2025-05-23,verified,A00354,NORMAL,
C07626,2026-03-31,verified,A00324,NORMAL,
C07627,2026-05-24,verified,A00347,NORMAL,
C07628,2025-09-20,verified,A00359,NORMAL,
C07629,2026-07-13,verified,A00452,LEGITIMATE_SHARED_RESOURCE,
C07630,2026-08-05,verified,A00362,NORMAL,
C07631,2025-03-31,verified,A00066,LEGITIMATE_SHARED_RESOURCE,
C07632,2025-09-18,verified,A00631,LEGITIMATE_SHARED_RESOURCE,
C07633,2025-01-19,pending,A00069,LEGITIMATE_SHARED_RESOURCE,
C07634,2025-09-28,verified,A00602,NORMAL,
C07635,2025-01-22,verified,A00661,LEGITIMATE_SHARED_RESOURCE,
C07636,2025-11-04,verified,A00586,NORMAL,
C07637,2026-03-09,verified,A00384,NORMAL,
C07638,2025-05-29,verified,A00432,NORMAL,
C07639,2025-12-24,verified,A00630,NORMAL,
C07640,2026-04-13,verified,A00223,NORMAL,
C07641,2026-08-20,pending,A00690,NORMAL,
C07642,2025-02-19,verified,A00414,ABUSE_RING,R0092
C07643,2026-02-04,verified,A00498,LEGITIMATE_SHARED_RESOURCE,
C07644,2026-01-01,verified,A00263,NORMAL,
C07645,2025-11-01,verified,A00247,NORMAL,
C07646,2025-04-17,verified,A00329,ABUSE_RING,R0022
C07647,2026-05-08,verified,A00506,NORMAL,
C07648,2025-01-10,verified,A00356,NORMAL,
C07649,2026-07-25,verified,A00135,NORMAL,
C07650,2025-10-12,verified,A00060,NORMAL,
C07651,2026-04-30,verified,A00240,NORMAL,
C07652,2026-03-23,verified,A00044,MIXED,R0138
C07653,2026-03-08,verified,A00050,NORMAL,
C07654,2025-04-16,verified,A00150,NORMAL,
C07655,2026-04-16,verified,A00429,NORMAL,
C07656,2026-03-02,verified,A00622,NORMAL,
C07657,2025-08-23,verified,A00430,NORMAL,
C07658,2025-01-02,verified,A00645,NORMAL,
C07659,2026-04-04,verified,A00427,NORMAL,
C07660,2025-12-18,verified,A00069,NORMAL,
C07661,2025-07-28,verified,A00446,NORMAL,
C07662,2025-04-11,verified,A00672,NORMAL,
C07663,2025-09-24,pending,A00464,NORMAL,
C07664,2025-01-06,verified,A00565,LEGITIMATE_SHARED_RESOURCE,
C07665,2025-05-12,verified,A00662,NORMAL,
C07666,2025-05-16,verified,A00059,NORMAL,
C07667,2025-02-22,verified,A00701,NORMAL,
C07668,2025-08-17,verified,A00409,NORMAL,
C07669,2026-04-28,verified,A00018,NORMAL,
C07670,2026-04-10,verified,A00382,NORMAL,
C07671,2025-08-14,verified,A00080,NORMAL,
C07672,2025-12-15,verified,A00520,LEGITIMATE_SHARED_RESOURCE,
C07673,2025-08-14,verified,A00425,NORMAL,
C07674,2025-07-01,pending,A00569,NORMAL,
C07675,2026-04-17,verified,A00703,NORMAL,
C07676,2025-04-20,verified,A00265,NORMAL,
C07677,2026-07-10,pending,A00243,NORMAL,
C07678,2025-09-01,verified,A00577,NORMAL,
C07679,2025-06-04,verified,A00154,ABUSE_RING,R0087
C07680,2026-03-01,verified,A00534,NORMAL,
C07681,2026-04-24,verified,A00388,NORMAL,
C07682,2026-01-29,verified,A00627,NORMAL,
C07683,2025-08-03,verified,A00213,LEGITIMATE_SHARED_RESOURCE,
C07684,2025-05-16,verified,A00445,NORMAL,
C07685,2026-07-20,verified,A00526,NORMAL,
C07686,2025-02-17,verified,A00098,NORMAL,
C07687,2026-06-09,verified,A00086,NORMAL,
C07688,2025-12-09,verified,A00270,LEGITIMATE_SHARED_RESOURCE,
C07689,2025-03-31,verified,A00377,NORMAL,
C07690,2025-04-13,verified,A00558,NORMAL,
C07691,2026-07-14,verified,A00710,NORMAL,
C07692,2025-07-19,verified,A00668,ABUSE_RING,R0033
C07693,2025-03-21,verified,A00075,NORMAL,
C07694,2025-11-08,verified,A00351,NORMAL,
C07695,2026-01-10,verified,A00448,NORMAL,
C07696,2026-02-02,pending,A00386,NORMAL,
C07697,2025-06-04,verified,A00421,NORMAL,
C07698,2026-04-08,verified,A00105,NORMAL,
C07699,2026-05-13,verified,A00140,NORMAL,
C07700,2025-02-14,verified,A00376,NORMAL,
C07701,2026-05-07,verified,A00126,NORMAL,
C07702,2026-04-01,verified,A00353,NORMAL,
C07703,2025-06-26,verified,A00006,LEGITIMATE_SHARED_RESOURCE,
C07704,2025-02-18,pending,A00190,LEGITIMATE_SHARED_RESOURCE,
C07705,2025-10-27,pending,A00133,NORMAL,
C07706,2025-08-25,pending,A00461,NORMAL,
C07707,2025-04-04,verified,A00395,NORMAL,
C07708,2025-11-15,verified,A00223,LEGITIMATE_SHARED_RESOURCE,
C07709,2025-07-17,verified,A00365,NORMAL,
C07710,2025-03-28,verified,A00638,NORMAL,
C07711,2026-04-08,verified,A00164,NORMAL,
C07712,2025-03-09,verified,A00325,NORMAL,
C07713,2025-05-17,pending,A00629,NORMAL,
C07714,2025-06-15,verified,A00009,LEGITIMATE_SHARED_RESOURCE,
C07715,2026-08-16,verified,A00057,NORMAL,
C07716,2026-03-08,verified,A00440,LEGITIMATE_SHARED_RESOURCE,
C07717,2025-09-20,verified,A00650,LEGITIMATE_SHARED_RESOURCE,
C07718,2025-04-30,verified,A00096,LEGITIMATE_SHARED_RESOURCE,
C07719,2026-05-26,pending,A00252,LEGITIMATE_SHARED_RESOURCE,
C07720,2025-03-18,verified,A00042,NORMAL,
C07721,2025-04-28,verified,A00698,NORMAL,
C07722,2025-09-26,verified,A00050,NORMAL,
C07723,2025-12-06,verified,A00048,NORMAL,
C07724,2025-11-15,verified,A00397,LEGITIMATE_SHARED_RESOURCE,
C07725,2026-03-04,verified,A00411,NORMAL,
C07726,2025-12-21,verified,A00206,LEGITIMATE_SHARED_RESOURCE,
C07727,2026-07-16,verified,A00367,LEGITIMATE_SHARED_RESOURCE,
C07728,2025-08-04,verified,A00649,NORMAL,
C07729,2025-07-05,verified,A00543,NORMAL,
C07730,2025-08-24,verified,A00188,NORMAL,
C07731,2025-01-09,verified,A00220,MIXED,R0124
C07732,2025-07-05,verified,A00542,ABUSE_RING,R0010
C07733,2026-07-11,verified,A00023,LEGITIMATE_SHARED_RESOURCE,
C07734,2026-05-19,verified,A00420,NORMAL,
C07735,2026-03-23,verified,A00485,NORMAL,
C07736,2026-02-13,verified,A00219,NORMAL,
C07737,2026-08-09,verified,A00611,ABUSE_RING,R0014
C07738,2025-06-18,verified,A00103,NORMAL,
C07739,2025-09-20,verified,A00075,NORMAL,
C07740,2025-06-20,verified,A00303,NORMAL,
C07741,2025-12-17,verified,A00266,LEGITIMATE_SHARED_RESOURCE,
C07742,2026-04-10,verified,A00697,ABUSE_RING,R0095
C07743,2025-03-09,pending,A00416,ABUSE_RING,R0069
C07744,2025-02-04,verified,A00272,LEGITIMATE_SHARED_RESOURCE,
C07745,2026-04-22,verified,A00124,LEGITIMATE_SHARED_RESOURCE,
C07746,2026-07-26,verified,A00168,NORMAL,
C07747,2025-08-07,verified,A00273,NORMAL,
C07748,2025-10-05,verified,A00297,LEGITIMATE_SHARED_RESOURCE,
C07749,2025-10-13,verified,A00684,LEGITIMATE_SHARED_RESOURCE,
C07750,2025-11-06,verified,A00538,NORMAL,
C07751,2025-12-30,verified,A00405,NORMAL,
C07752,2025-11-14,verified,A00337,LEGITIMATE_SHARED_RESOURCE,
C07753,2025-03-24,verified,A00182,NORMAL,
C07754,2025-05-01,verified,A00475,NORMAL,
C07755,2025-05-24,verified,A00601,NORMAL,
C07756,2025-04-06,verified,A00389,LEGITIMATE_SHARED_RESOURCE,
C07757,2025-02-26,verified,A00225,LEGITIMATE_SHARED_RESOURCE,
C07758,2025-07-27,verified,A00088,NORMAL,
C07759,2025-10-04,verified,A00548,LEGITIMATE_SHARED_RESOURCE,
C07760,2025-05-13,verified,A00289,NORMAL,
C07761,2026-02-11,verified,A00136,NORMAL,
C07762,2025-08-05,verified,A00361,NORMAL,
C07763,2025-11-27,verified,A00653,NORMAL,
C07764,2025-05-31,verified,A00585,ABUSE_RING,R0024
C07765,2025-04-25,verified,A00453,NORMAL,
C07766,2025-06-26,verified,A00011,NORMAL,
C07767,2026-02-28,verified,A00452,NORMAL,
C07768,2025-08-11,verified,A00636,LEGITIMATE_SHARED_RESOURCE,
C07769,2026-04-17,verified,A00247,NORMAL,
C07770,2025-08-07,verified,A00573,NORMAL,
C07771,2026-02-09,verified,A00491,NORMAL,
C07772,2025-12-18,pending,A00218,ABUSE_RING,R0070
C07773,2026-07-31,verified,A00614,LEGITIMATE_SHARED_RESOURCE,
C07774,2025-03-31,verified,A00656,NORMAL,
C07775,2026-08-20,pending,A00563,NORMAL,
C07776,2025-06-11,verified,A00701,NORMAL,
C07777,2026-08-01,verified,A00523,NORMAL,
C07778,2025-08-04,verified,A00329,NORMAL,
C07779,2025-01-14,verified,A00638,ABUSE_RING,R0034
C07780,2026-05-28,verified,A00654,NORMAL,
C07781,2025-11-26,verified,A00372,LEGITIMATE_SHARED_RESOURCE,
C07782,2025-02-07,verified,A00122,NORMAL,
C07783,2025-12-21,verified,A00089,NORMAL,
C07784,2025-09-29,verified,A00472,NORMAL,
C07785,2026-05-30,verified,A00650,NORMAL,
C07786,2026-02-21,verified,A00481,NORMAL,
C07787,2026-02-07,pending,A00692,NORMAL,
C07788,2026-04-19,verified,A00182,NORMAL,
C07789,2025-11-14,verified,A00518,NORMAL,
C07790,2025-05-07,pending,A00313,NORMAL,
C07791,2025-10-03,verified,A00420,LEGITIMATE_SHARED_RESOURCE,
C07792,2025-12-26,verified,A00275,NORMAL,
C07793,2026-04-09,verified,A00666,NORMAL,
C07794,2025-02-05,verified,A00266,LEGITIMATE_SHARED_RESOURCE,
C07795,2026-01-30,verified,A00250,LEGITIMATE_SHARED_RESOURCE,
C07796,2026-07-12,verified,A00333,NORMAL,
C07797,2025-10-18,verified,A00004,NORMAL,
C07798,2025-04-02,verified,A00146,NORMAL,
C07799,2025-05-24,verified,A00632,ABUSE_RING,R0059
C07800,2026-06-18,verified,A00515,NORMAL,
C07801,2025-11-01,verified,A00210,LEGITIMATE_SHARED_RESOURCE,
C07802,2025-03-22,verified,A00055,NORMAL,
C07803,2026-01-02,verified,A00251,NORMAL,
C07804,2025-02-27,verified,A00533,LEGITIMATE_SHARED_RESOURCE,
C07805,2025-08-28,verified,A00580,LEGITIMATE_SHARED_RESOURCE,
C07806,2025-06-05,verified,A00190,NORMAL,
C07807,2025-06-05,verified,A00169,MIXED,
C07808,2025-11-13,verified,A00512,NORMAL,
C07809,2026-03-13,verified,A00607,NORMAL,
C07810,2026-03-26,verified,A00697,NORMAL,
C07811,2026-02-18,verified,A00207,NORMAL,
C07812,2026-07-15,verified,A00169,NORMAL,
C07813,2026-01-23,verified,A00460,LEGITIMATE_SHARED_RESOURCE,
C07814,2025-10-24,verified,A00019,NORMAL,
C07815,2025-01-08,verified,A00680,NORMAL,
C07816,2026-05-08,verified,A00336,NORMAL,
C07817,2025-10-28,verified,A00420,NORMAL,
C07818,2025-07-09,verified,A00613,NORMAL,
C07819,2025-12-25,verified,A00119,NORMAL,
C07820,2025-05-25,verified,A00373,NORMAL,
C07821,2025-12-07,pending,A00054,NORMAL,
C07822,2025-05-02,verified,A00228,NORMAL,
C07823,2025-09-16,verified,A00204,NORMAL,
C07824,2026-03-19,verified,A00399,NORMAL,
C07825,2026-03-16,verified,A00477,NORMAL,
C07826,2025-03-05,verified,A00650,NORMAL,
C07827,2025-12-03,pending,A00306,NORMAL,
C07828,2025-10-25,verified,A00645,LEGITIMATE_SHARED_RESOURCE,
C07829,2025-03-30,verified,A00180,LEGITIMATE_SHARED_RESOURCE,
C07830,2025-07-07,verified,A00635,NORMAL,
C07831,2025-09-24,pending,A00339,LEGITIMATE_SHARED_RESOURCE,
C07832,2026-05-21,verified,A00356,LEGITIMATE_SHARED_RESOURCE,
C07833,2026-01-19,verified,A00233,NORMAL,
C07834,2025-06-16,verified,A00665,NORMAL,
C07835,2026-07-19,verified,A00361,NORMAL,
C07836,2025-11-21,verified,A00397,NORMAL,
C07837,2025-10-19,verified,A00015,LEGITIMATE_SHARED_RESOURCE,
C07838,2025-12-28,pending,A00214,NORMAL,
C07839,2026-02-06,verified,A00163,NORMAL,
C07840,2025-06-02,pending,A00515,NORMAL,
C07841,2025-10-16,verified,A00591,NORMAL,
C07842,2025-07-24,pending,A00594,ABUSE_RING,R0075
C07843,2025-06-03,verified,A00545,NORMAL,
C07844,2026-07-27,verified,A00417,LEGITIMATE_SHARED_RESOURCE,
C07845,2026-02-02,verified,A00542,NORMAL,
C07846,2025-01-15,verified,A00410,LEGITIMATE_SHARED_RESOURCE,
C07847,2025-12-15,pending,A00185,LEGITIMATE_SHARED_RESOURCE,
C07848,2026-06-27,verified,A00320,LEGITIMATE_SHARED_RESOURCE,
C07849,2025-07-20,verified,A00179,NORMAL,
C07850,2025-08-05,verified,A00436,NORMAL,
C07851,2025-04-16,pending,A00098,LEGITIMATE_SHARED_RESOURCE,
C07852,2026-03-19,verified,A00240,LEGITIMATE_SHARED_RESOURCE,
C07853,2026-04-01,verified,A00654,NORMAL,
C07854,2025-06-15,verified,A00267,NORMAL,
C07855,2025-05-23,verified,A00047,LEGITIMATE_SHARED_RESOURCE,
C07856,2025-12-24,verified,A00666,NORMAL,
C07857,2025-10-28,verified,A00005,NORMAL,
C07858,2026-03-30,verified,A00233,NORMAL,
C07859,2026-03-30,verified,A00575,NORMAL,
C07860,2026-06-09,verified,A00049,NORMAL,
C07861,2025-09-26,verified,A00600,NORMAL,
C07862,2025-04-13,pending,A00612,NORMAL,
C07863,2025-01-26,verified,A00272,ABUSE_RING,R0065
C07864,2025-06-24,verified,A00304,NORMAL,
C07865,2026-07-24,verified,A00536,LEGITIMATE_SHARED_RESOURCE,
C07866,2025-10-17,verified,A00316,LEGITIMATE_SHARED_RESOURCE,
C07867,2025-04-18,verified,A00512,LEGITIMATE_SHARED_RESOURCE,
C07868,2025-04-17,verified,A00697,NORMAL,
C07869,2026-06-09,verified,A00531,NORMAL,
C07870,2026-04-20,verified,A00591,NORMAL,
C07871,2025-12-24,verified,A00080,NORMAL,
C07872,2025-11-28,verified,A00411,NORMAL,
C07873,2025-06-14,verified,A00118,LEGITIMATE_SHARED_RESOURCE,
C07874,2025-07-24,verified,A00597,NORMAL,
C07875,2025-02-04,verified,A00408,NORMAL,
C07876,2026-07-22,verified,A00691,NORMAL,
C07877,2025-01-15,verified,A00490,NORMAL,
C07878,2026-02-18,verified,A00236,NORMAL,
C07879,2025-01-12,verified,A00709,NORMAL,
C07880,2026-08-19,verified,A00657,NORMAL,
C07881,2025-04-13,verified,A00322,LEGITIMATE_SHARED_RESOURCE,
C07882,2026-08-14,verified,A00514,NORMAL,
C07883,2025-11-06,verified,A00390,NORMAL,
C07884,2026-05-18,verified,A00468,NORMAL,
C07885,2025-10-12,verified,A00345,NORMAL,
C07886,2025-09-05,verified,A00287,NORMAL,
C07887,2026-02-22,verified,A00452,NORMAL,
C07888,2026-07-24,verified,A00430,LEGITIMATE_SHARED_RESOURCE,
C07889,2025-07-30,verified,A00104,NORMAL,
C07890,2026-01-22,verified,A00407,LEGITIMATE_SHARED_RESOURCE,
C07891,2025-03-11,verified,A00117,NORMAL,
C07892,2025-04-07,pending,A00531,NORMAL,
C07893,2026-01-13,verified,A00381,NORMAL,
C07894,2025-05-22,verified,A00507,NORMAL,
C07895,2025-05-01,verified,A00506,NORMAL,
C07896,2025-11-05,verified,A00168,NORMAL,
C07897,2025-11-19,verified,A00254,NORMAL,
C07898,2025-10-07,verified,A00209,ABUSE_RING,R0095
C07899,2025-06-27,verified,A00011,NORMAL,
C07900,2025-05-06,verified,A00028,LEGITIMATE_SHARED_RESOURCE,
C07901,2025-06-19,verified,A00571,NORMAL,
C07902,2026-06-20,verified,A00121,NORMAL,
C07903,2025-10-02,verified,A00070,NORMAL,
C07904,2025-10-04,verified,A00087,NORMAL,
C07905,2025-04-02,verified,A00047,NORMAL,
C07906,2025-03-25,verified,A00313,NORMAL,
C07907,2026-04-24,verified,A00574,NORMAL,
C07908,2025-04-06,pending,A00704,LEGITIMATE_SHARED_RESOURCE,
C07909,2026-05-02,verified,A00099,NORMAL,
C07910,2025-10-08,verified,A00194,NORMAL,
C07911,2026-05-28,verified,A00070,LEGITIMATE_SHARED_RESOURCE,
C07912,2025-06-26,verified,A00552,ABUSE_RING,R0106
C07913,2025-06-07,verified,A00490,NORMAL,
C07914,2025-01-09,verified,A00026,LEGITIMATE_SHARED_RESOURCE,
C07915,2026-05-26,verified,A00185,LEGITIMATE_SHARED_RESOURCE,
C07916,2026-04-18,verified,A00372,NORMAL,
C07917,2026-04-05,verified,A00198,NORMAL,
C07918,2026-02-24,verified,A00168,LEGITIMATE_SHARED_RESOURCE,
C07919,2025-12-04,verified,A00694,LEGITIMATE_SHARED_RESOURCE,
C07920,2025-11-14,verified,A00063,NORMAL,
C07921,2025-06-26,verified,A00111,NORMAL,
C07922,2025-11-23,verified,A00678,NORMAL,
C07923,2025-10-27,verified,A00447,NORMAL,
C07924,2025-05-15,pending,A00002,LEGITIMATE_SHARED_RESOURCE,
C07925,2026-05-11,verified,A00179,ABUSE_RING,R0028
C07926,2026-08-09,verified,A00135,NORMAL,
C07927,2025-08-30,verified,A00536,NORMAL,
C07928,2026-03-25,pending,A00521,NORMAL,
C07929,2026-02-25,pending,A00247,NORMAL,
C07930,2025-08-02,verified,A00310,ABUSE_RING,R0022
C07931,2025-10-11,verified,A00597,NORMAL,
C07932,2026-03-27,pending,A00048,ABUSE_RING,R0066
C07933,2026-07-17,verified,A00670,NORMAL,
C07934,2025-01-21,verified,A00526,NORMAL,
C07935,2025-11-26,verified,A00610,NORMAL,
C07936,2026-05-29,verified,A00142,NORMAL,
C07937,2026-07-25,verified,A00002,NORMAL,
C07938,2025-06-07,verified,A00205,NORMAL,
C07939,2026-03-06,verified,A00675,NORMAL,
C07940,2026-01-23,verified,A00283,NORMAL,
C07941,2025-10-31,verified,A00695,LEGITIMATE_SHARED_RESOURCE,
C07942,2025-10-28,verified,A00469,LEGITIMATE_SHARED_RESOURCE,
C07943,2025-02-26,verified,A00467,NORMAL,
C07944,2025-12-01,verified,A00241,NORMAL,
C07945,2026-05-18,verified,A00171,NORMAL,
C07946,2026-02-15,verified,A00019,NORMAL,
C07947,2026-03-18,verified,A00553,NORMAL,
C07948,2025-05-13,verified,A00530,NORMAL,
C07949,2025-05-31,verified,A00700,LEGITIMATE_SHARED_RESOURCE,
C07950,2025-01-17,verified,A00652,NORMAL,
C07951,2025-06-26,verified,A00550,NORMAL,
C07952,2025-01-09,verified,A00494,NORMAL,
C07953,2026-07-20,verified,A00275,NORMAL,
C07954,2026-03-09,verified,A00322,LEGITIMATE_SHARED_RESOURCE,
C07955,2025-07-27,verified,A00151,LEGITIMATE_SHARED_RESOURCE,
C07956,2025-06-02,verified,A00175,NORMAL,
C07957,2025-05-04,verified,A00561,LEGITIMATE_SHARED_RESOURCE,
C07958,2025-04-16,verified,A00022,NORMAL,
C07959,2025-07-29,verified,A00328,LEGITIMATE_SHARED_RESOURCE,
C07960,2026-07-04,verified,A00179,NORMAL,
C07961,2025-06-03,verified,A00507,NORMAL,
C07962,2025-05-28,verified,A00266,NORMAL,
C07963,2025-05-22,verified,A00402,NORMAL,
C07964,2025-03-01,verified,A00570,NORMAL,
C07965,2026-06-22,pending,A00684,LEGITIMATE_SHARED_RESOURCE,
C07966,2025-03-25,verified,A00557,NORMAL,
C07967,2026-08-22,verified,A00278,NORMAL,
C07968,2026-07-09,pending,A00171,NORMAL,
C07969,2025-06-18,verified,A00197,NORMAL,
C07970,2025-05-10,verified,A00309,NORMAL,
C07971,2026-03-12,verified,A00405,NORMAL,
C07972,2025-05-03,verified,A00581,NORMAL,
C07973,2026-04-01,verified,A00521,NORMAL,
C07974,2025-04-07,verified,A00410,NORMAL,
C07975,2025-07-21,verified,A00114,NORMAL,
C07976,2025-09-03,verified,A00457,NORMAL,
C07977,2025-11-22,verified,A00698,NORMAL,
C07978,2025-07-02,verified,A00267,NORMAL,
C07979,2025-12-20,verified,A00310,NORMAL,
C07980,2025-09-21,verified,A00159,LEGITIMATE_SHARED_RESOURCE,
C07981,2026-05-05,verified,A00053,LEGITIMATE_SHARED_RESOURCE,
C07982,2025-09-28,pending,A00626,NORMAL,
C07983,2026-05-20,verified,A00261,NORMAL,
C07984,2025-06-19,pending,A00674,NORMAL,
C07985,2025-12-18,verified,A00464,NORMAL,
C07986,2025-07-25,verified,A00504,NORMAL,
C07987,2025-09-17,verified,A00374,LEGITIMATE_SHARED_RESOURCE,
C07988,2025-02-23,verified,A00449,NORMAL,
C07989,2025-10-03,verified,A00149,NORMAL,
C07990,2025-02-21,verified,A00054,NORMAL,
C07991,2026-02-14,verified,A00664,NORMAL,
C07992,2026-07-18,verified,A00655,NORMAL,
C07993,2026-04-11,verified,A00446,NORMAL,
C07994,2026-01-26,verified,A00373,LEGITIMATE_SHARED_RESOURCE,
C07995,2026-06-04,verified,A00532,NORMAL,
C07996,2026-03-29,pending,A00096,NORMAL,
C07997,2025-11-21,verified,A00240,NORMAL,
C07998,2025-08-20,verified,A00228,NORMAL,
C07999,2026-05-29,verified,A00604,NORMAL,
C08000,2025-02-08,verified,A00547,NORMAL,
C08001,2025-10-26,verified,A00058,NORMAL,
C08002,2025-12-01,verified,A00297,NORMAL,
C08003,2026-04-15,verified,A00108,NORMAL,
C08004,2025-06-22,verified,A00538,NORMAL,
C08005,2025-05-03,verified,A00693,NORMAL,
C08006,2025-02-14,verified,A00648,NORMAL,
C08007,2026-02-15,verified,A00554,LEGITIMATE_SHARED_RESOURCE,
C08008,2025-02-06,verified,A00629,NORMAL,
C08009,2025-12-28,verified,A00269,NORMAL,
C08010,2025-05-17,verified,A00336,NORMAL,
C08011,2026-03-13,verified,A00461,LEGITIMATE_SHARED_RESOURCE,
C08012,2025-09-09,verified,A00458,NORMAL,
C08013,2025-06-04,verified,A00488,LEGITIMATE_SHARED_RESOURCE,
C08014,2025-01-24,verified,A00457,ABUSE_RING,R0012
C08015,2025-11-25,verified,A00341,LEGITIMATE_SHARED_RESOURCE,
C08016,2026-02-05,verified,A00302,NORMAL,
C08017,2026-05-07,verified,A00115,NORMAL,
C08018,2025-02-14,verified,A00465,LEGITIMATE_SHARED_RESOURCE,
C08019,2025-11-07,verified,A00267,NORMAL,
C08020,2026-06-05,verified,A00044,NORMAL,
C08021,2026-05-18,pending,A00409,MIXED,
C08022,2026-05-15,verified,A00532,NORMAL,
C08023,2026-06-12,verified,A00019,NORMAL,
C08024,2025-06-19,pending,A00590,NORMAL,
C08025,2025-05-19,verified,A00693,NORMAL,
C08026,2025-01-02,pending,A00010,LEGITIMATE_SHARED_RESOURCE,
C08027,2026-07-28,verified,A00310,LEGITIMATE_SHARED_RESOURCE,
C08028,2025-05-04,verified,A00492,NORMAL,
C08029,2025-05-04,verified,A00321,LEGITIMATE_SHARED_RESOURCE,
C08030,2025-01-19,pending,A00201,ABUSE_RING,R0060
C08031,2025-07-18,verified,A00236,NORMAL,
C08032,2026-06-06,pending,A00011,ABUSE_RING,R0111
C08033,2025-07-14,verified,A00276,NORMAL,
C08034,2025-07-30,verified,A00256,NORMAL,
C08035,2026-03-28,verified,A00112,LEGITIMATE_SHARED_RESOURCE,
C08036,2025-06-04,pending,A00585,NORMAL,
C08037,2026-01-14,verified,A00030,LEGITIMATE_SHARED_RESOURCE,
C08038,2025-10-05,verified,A00528,LEGITIMATE_SHARED_RESOURCE,
C08039,2026-07-13,verified,A00632,NORMAL,
C08040,2026-07-09,verified,A00374,NORMAL,
C08041,2026-08-02,verified,A00580,NORMAL,
C08042,2026-04-19,verified,A00182,NORMAL,
C08043,2026-08-21,verified,A00493,ABUSE_RING,R0040
C08044,2026-06-22,verified,A00605,NORMAL,
C08045,2025-05-27,pending,A00241,NORMAL,
C08046,2026-08-12,verified,A00406,NORMAL,
C08047,2025-08-04,verified,A00097,NORMAL,
C08048,2025-02-09,verified,A00032,LEGITIMATE_SHARED_RESOURCE,
C08049,2025-10-11,pending,A00472,NORMAL,
C08050,2026-07-30,verified,A00202,NORMAL,
C08051,2025-02-11,verified,A00556,NORMAL,
C08052,2025-03-07,verified,A00593,NORMAL,
C08053,2025-03-11,pending,A00264,NORMAL,
C08054,2026-07-13,verified,A00041,NORMAL,
C08055,2026-04-24,verified,A00628,NORMAL,
C08056,2026-07-05,verified,A00263,NORMAL,
C08057,2025-10-07,verified,A00601,LEGITIMATE_SHARED_RESOURCE,
C08058,2025-03-07,verified,A00360,LEGITIMATE_SHARED_RESOURCE,
C08059,2025-03-25,verified,A00352,NORMAL,
C08060,2025-09-27,verified,A00451,NORMAL,
C08061,2025-06-29,verified,A00471,NORMAL,
C08062,2025-08-23,verified,A00105,NORMAL,
C08063,2026-06-01,verified,A00539,NORMAL,
C08064,2026-05-22,verified,A00516,LEGITIMATE_SHARED_RESOURCE,
C08065,2025-11-05,verified,A00230,NORMAL,
C08066,2025-01-17,verified,A00657,NORMAL,
C08067,2026-05-02,pending,A00185,NORMAL,
C08068,2026-05-12,verified,A00382,NORMAL,
C08069,2025-06-12,verified,A00353,LEGITIMATE_SHARED_RESOURCE,
C08070,2025-06-22,verified,A00683,ABUSE_RING,R0089
C08071,2025-05-31,verified,A00124,NORMAL,
C08072,2025-09-30,verified,A00070,NORMAL,
C08073,2026-01-31,verified,A00240,NORMAL,
C08074,2026-07-10,verified,A00474,NORMAL,
C08075,2026-03-26,verified,A00597,NORMAL,
C08076,2026-03-26,verified,A00452,NORMAL,
C08077,2026-04-23,verified,A00586,NORMAL,
C08078,2026-06-06,verified,A00418,NORMAL,
C08079,2025-01-28,verified,A00309,NORMAL,
C08080,2026-02-08,pending,A00340,NORMAL,
C08081,2026-03-27,verified,A00063,LEGITIMATE_SHARED_RESOURCE,
C08082,2026-01-26,verified,A00238,NORMAL,
C08083,2025-09-23,verified,A00547,NORMAL,
C08084,2026-03-24,verified,A00610,NORMAL,
C08085,2026-06-01,verified,A00438,LEGITIMATE_SHARED_RESOURCE,
C08086,2025-10-25,verified,A00411,LEGITIMATE_SHARED_RESOURCE,
C08087,2025-06-12,verified,A00579,NORMAL,
C08088,2025-04-06,verified,A00492,NORMAL,
C08089,2025-07-17,verified,A00020,NORMAL,
C08090,2025-11-30,verified,A00612,NORMAL,
C08091,2025-01-03,pending,A00557,LEGITIMATE_SHARED_RESOURCE,
C08092,2025-03-07,verified,A00014,NORMAL,
C08093,2025-01-24,verified,A00483,NORMAL,
C08094,2026-07-08,verified,A00120,NORMAL,
C08095,2026-06-15,verified,A00161,LEGITIMATE_SHARED_RESOURCE,
C08096,2026-02-23,verified,A00655,NORMAL,
C08097,2025-09-14,verified,A00553,NORMAL,
C08098,2026-05-12,verified,A00049,NORMAL,
C08099,2025-08-01,pending,A00191,NORMAL,
C08100,2025-11-22,verified,A00528,NORMAL,
C08101,2025-04-01,verified,A00237,NORMAL,
C08102,2025-06-03,verified,A00265,NORMAL,
C08103,2025-10-26,verified,A00272,NORMAL,
C08104,2025-12-25,verified,A00291,NORMAL,
C08105,2025-10-17,pending,A00165,NORMAL,
C08106,2026-03-31,verified,A00507,NORMAL,
C08107,2025-06-28,verified,A00449,NORMAL,
C08108,2026-04-16,pending,A00078,NORMAL,
C08109,2026-04-12,verified,A00418,NORMAL,
C08110,2026-02-06,verified,A00461,NORMAL,
C08111,2026-08-06,verified,A00268,NORMAL,
C08112,2025-05-09,verified,A00698,NORMAL,
C08113,2026-01-20,verified,A00484,LEGITIMATE_SHARED_RESOURCE,
C08114,2026-03-16,verified,A00545,NORMAL,
C08115,2025-06-19,verified,A00385,NORMAL,
C08116,2025-03-29,verified,A00135,NORMAL,
C08117,2025-11-21,pending,A00620,NORMAL,
C08118,2025-07-29,pending,A00558,NORMAL,
C08119,2026-05-20,verified,A00506,NORMAL,
C08120,2026-08-01,verified,A00072,NORMAL,
C08121,2025-07-01,verified,A00079,NORMAL,
C08122,2025-06-30,pending,A00166,LEGITIMATE_SHARED_RESOURCE,
C08123,2026-02-20,verified,A00569,NORMAL,
C08124,2025-04-25,verified,A00490,NORMAL,
C08125,2025-03-18,verified,A00399,NORMAL,
C08126,2025-06-25,verified,A00333,NORMAL,
C08127,2025-04-15,verified,A00197,LEGITIMATE_SHARED_RESOURCE,
C08128,2025-11-21,verified,A00520,NORMAL,
C08129,2025-10-23,verified,A00499,LEGITIMATE_SHARED_RESOURCE,
C08130,2025-07-07,verified,A00189,NORMAL,
C08131,2026-05-28,verified,A00102,LEGITIMATE_SHARED_RESOURCE,
C08132,2025-06-21,verified,A00136,NORMAL,
C08133,2025-03-01,verified,A00252,NORMAL,
C08134,2025-07-10,verified,A00072,LEGITIMATE_SHARED_RESOURCE,
C08135,2026-07-08,verified,A00666,NORMAL,
C08136,2025-05-01,verified,A00494,LEGITIMATE_SHARED_RESOURCE,
C08137,2026-02-11,verified,A00442,NORMAL,
C08138,2026-04-23,verified,A00027,LEGITIMATE_SHARED_RESOURCE,
C08139,2025-07-17,pending,A00502,ABUSE_RING,R0017
C08140,2025-06-23,verified,A00273,NORMAL,
C08141,2025-02-21,verified,A00222,NORMAL,
C08142,2026-05-02,verified,A00219,LEGITIMATE_SHARED_RESOURCE,
C08143,2026-05-14,verified,A00699,NORMAL,
C08144,2026-07-02,pending,A00265,NORMAL,
C08145,2026-06-28,verified,A00669,LEGITIMATE_SHARED_RESOURCE,
C08146,2025-04-15,verified,A00390,NORMAL,
C08147,2026-05-22,verified,A00103,NORMAL,
C08148,2026-07-24,verified,A00335,NORMAL,
C08149,2025-03-11,verified,A00003,LEGITIMATE_SHARED_RESOURCE,
C08150,2026-06-05,verified,A00279,NORMAL,
C08151,2026-03-13,verified,A00526,NORMAL,
C08152,2025-12-11,verified,A00584,NORMAL,
C08153,2025-09-26,verified,A00413,NORMAL,
C08154,2026-07-07,verified,A00700,NORMAL,
C08155,2025-12-22,verified,A00596,NORMAL,
C08156,2025-08-08,verified,A00056,NORMAL,
C08157,2025-04-12,verified,A00473,LEGITIMATE_SHARED_RESOURCE,
C08158,2026-01-08,verified,A00562,NORMAL,
C08159,2026-04-09,verified,A00623,NORMAL,
C08160,2026-05-01,verified,A00348,LEGITIMATE_SHARED_RESOURCE,
C08161,2026-04-29,verified,A00675,LEGITIMATE_SHARED_RESOURCE,
C08162,2025-11-25,verified,A00179,NORMAL,
C08163,2025-12-11,verified,A00121,NORMAL,
C08164,2025-06-10,verified,A00190,NORMAL,
C08165,2026-05-02,verified,A00276,LEGITIMATE_SHARED_RESOURCE,
C08166,2025-10-20,verified,A00584,NORMAL,
C08167,2026-01-10,pending,A00641,NORMAL,
C08168,2025-01-13,verified,A00014,NORMAL,
C08169,2026-04-09,verified,A00559,LEGITIMATE_SHARED_RESOURCE,
C08170,2025-05-16,verified,A00439,NORMAL,
C08171,2026-04-26,pending,A00153,NORMAL,
C08172,2025-09-01,verified,A00453,ABUSE_RING,R0108
C08173,2026-05-12,verified,A00578,NORMAL,
C08174,2025-01-12,pending,A00328,NORMAL,
C08175,2025-03-24,verified,A00557,LEGITIMATE_SHARED_RESOURCE,
C08176,2025-01-05,verified,A00186,NORMAL,
C08177,2026-02-19,verified,A00637,NORMAL,
C08178,2025-11-03,verified,A00593,NORMAL,
C08179,2025-02-09,verified,A00478,LEGITIMATE_SHARED_RESOURCE,
C08180,2025-05-20,verified,A00115,NORMAL,
C08181,2026-05-27,verified,A00546,NORMAL,
C08182,2025-01-16,verified,A00071,LEGITIMATE_SHARED_RESOURCE,
C08183,2025-10-20,verified,A00365,NORMAL,
C08184,2025-11-07,verified,A00696,NORMAL,
C08185,2025-07-06,verified,A00627,NORMAL,
C08186,2026-01-06,verified,A00020,NORMAL,
C08187,2025-11-29,verified,A00288,NORMAL,
C08188,2026-07-28,verified,A00655,ABUSE_RING,R0050
C08189,2025-10-05,verified,A00130,LEGITIMATE_SHARED_RESOURCE,
C08190,2026-07-05,verified,A00336,LEGITIMATE_SHARED_RESOURCE,
C08191,2026-02-16,verified,A00137,NORMAL,
C08192,2025-05-19,verified,A00240,LEGITIMATE_SHARED_RESOURCE,
C08193,2026-01-01,pending,A00084,LEGITIMATE_SHARED_RESOURCE,
C08194,2026-05-15,verified,A00524,LEGITIMATE_SHARED_RESOURCE,
C08195,2026-02-20,verified,A00637,NORMAL,
C08196,2025-09-06,pending,A00048,NORMAL,
C08197,2025-12-25,verified,A00402,NORMAL,
C08198,2025-02-04,verified,A00677,NORMAL,
C08199,2025-09-27,verified,A00687,LEGITIMATE_SHARED_RESOURCE,
C08200,2025-04-18,verified,A00621,LEGITIMATE_SHARED_RESOURCE,
C08201,2025-07-16,verified,A00165,LEGITIMATE_SHARED_RESOURCE,
C08202,2026-03-09,pending,A00068,NORMAL,
C08203,2025-02-04,verified,A00270,NORMAL,
C08204,2025-12-01,verified,A00661,NORMAL,
C08205,2025-03-20,verified,A00257,NORMAL,
C08206,2026-04-03,verified,A00407,NORMAL,
C08207,2025-04-17,verified,A00432,NORMAL,
C08208,2025-12-10,verified,A00549,ABUSE_RING,R0093
C08209,2026-05-14,verified,A00344,NORMAL,
C08210,2026-06-02,verified,A00200,NORMAL,
C08211,2026-04-30,verified,A00683,NORMAL,
C08212,2026-05-04,pending,A00524,LEGITIMATE_SHARED_RESOURCE,
C08213,2025-03-25,verified,A00430,LEGITIMATE_SHARED_RESOURCE,
C08214,2026-06-12,verified,A00639,LEGITIMATE_SHARED_RESOURCE,
C08215,2026-02-19,verified,A00108,NORMAL,
C08216,2026-08-12,verified,A00520,NORMAL,
C08217,2026-07-21,verified,A00660,LEGITIMATE_SHARED_RESOURCE,
C08218,2025-11-07,verified,A00199,LEGITIMATE_SHARED_RESOURCE,
C08219,2025-07-05,verified,A00656,NORMAL,
C08220,2026-04-09,pending,A00331,LEGITIMATE_SHARED_RESOURCE,
C08221,2025-10-28,verified,A00293,NORMAL,
C08222,2026-05-04,pending,A00474,NORMAL,
C08223,2025-01-24,verified,A00534,NORMAL,
C08224,2025-12-17,verified,A00566,NORMAL,
C08225,2026-06-04,verified,A00320,NORMAL,
C08226,2026-07-08,verified,A00425,NORMAL,
C08227,2025-10-18,verified,A00238,NORMAL,
C08228,2025-06-20,verified,A00374,NORMAL,
C08229,2025-11-12,verified,A00073,NORMAL,
C08230,2025-11-26,verified,A00154,NORMAL,
C08231,2026-04-30,verified,A00087,LEGITIMATE_SHARED_RESOURCE,
C08232,2025-12-19,verified,A00393,NORMAL,
C08233,2025-06-15,verified,A00639,NORMAL,
C08234,2026-08-02,verified,A00553,LEGITIMATE_SHARED_RESOURCE,
C08235,2025-02-28,verified,A00129,NORMAL,
C08236,2026-04-07,pending,A00602,NORMAL,
C08237,2025-06-03,verified,A00572,NORMAL,
C08238,2025-11-30,verified,A00244,LEGITIMATE_SHARED_RESOURCE,
C08239,2025-04-15,verified,A00285,LEGITIMATE_SHARED_RESOURCE,
C08240,2026-02-23,verified,A00703,NORMAL,
C08241,2026-02-16,verified,A00578,LEGITIMATE_SHARED_RESOURCE,
C08242,2025-07-25,verified,A00245,NORMAL,
C08243,2026-05-12,verified,A00552,NORMAL,
C08244,2025-08-04,verified,A00207,NORMAL,
C08245,2025-08-19,verified,A00092,LEGITIMATE_SHARED_RESOURCE,
C08246,2025-09-27,verified,A00667,NORMAL,
C08247,2025-06-08,verified,A00293,LEGITIMATE_SHARED_RESOURCE,
C08248,2026-06-08,verified,A00592,LEGITIMATE_SHARED_RESOURCE,
C08249,2025-06-18,verified,A00646,NORMAL,
C08250,2025-06-28,verified,A00404,NORMAL,
C08251,2026-03-16,verified,A00213,NORMAL,
C08252,2025-09-22,verified,A00460,LEGITIMATE_SHARED_RESOURCE,
C08253,2025-03-31,verified,A00022,NORMAL,
C08254,2025-01-22,verified,A00550,LEGITIMATE_SHARED_RESOURCE,
C08255,2025-03-26,verified,A00021,NORMAL,
C08256,2025-07-30,verified,A00429,LEGITIMATE_SHARED_RESOURCE,
C08257,2026-02-13,verified,A00093,LEGITIMATE_SHARED_RESOURCE,
C08258,2026-04-23,verified,A00521,NORMAL,
C08259,2026-06-08,verified,A00263,LEGITIMATE_SHARED_RESOURCE,
C08260,2025-11-12,verified,A00595,NORMAL,
C08261,2025-03-13,verified,A00148,NORMAL,
C08262,2026-05-22,verified,A00424,LEGITIMATE_SHARED_RESOURCE,
C08263,2025-12-20,verified,A00624,NORMAL,
C08264,2025-10-30,pending,A00166,NORMAL,
C08265,2025-12-29,verified,A00088,NORMAL,
C08266,2025-06-07,verified,A00588,LEGITIMATE_SHARED_RESOURCE,
C08267,2025-04-30,verified,A00207,NORMAL,
C08268,2026-01-13,verified,A00336,NORMAL,
C08269,2026-08-23,pending,A00161,LEGITIMATE_SHARED_RESOURCE,
C08270,2026-05-08,verified,A00607,NORMAL,
C08271,2026-04-21,verified,A00404,LEGITIMATE_SHARED_RESOURCE,
C08272,2025-04-30,verified,A00296,NORMAL,
C08273,2025-05-20,verified,A00195,NORMAL,
C08274,2025-08-06,verified,A00113,NORMAL,
C08275,2025-02-19,verified,A00486,NORMAL,
C08276,2025-02-15,verified,A00473,NORMAL,
C08277,2025-10-28,verified,A00021,NORMAL,
C08278,2026-07-07,verified,A00573,NORMAL,
C08279,2026-01-20,verified,A00120,NORMAL,
C08280,2026-05-15,verified,A00010,NORMAL,
C08281,2026-04-12,verified,A00208,ABUSE_RING,R0057
C08282,2025-04-08,pending,A00210,NORMAL,
C08283,2025-08-16,verified,A00327,NORMAL,
C08284,2025-08-20,verified,A00511,NORMAL,
C08285,2026-01-22,verified,A00502,NORMAL,
C08286,2025-10-21,verified,A00031,LEGITIMATE_SHARED_RESOURCE,
C08287,2025-08-15,verified,A00108,NORMAL,
C08288,2025-11-02,verified,A00287,NORMAL,
C08289,2026-07-29,verified,A00419,LEGITIMATE_SHARED_RESOURCE,
C08290,2026-01-29,verified,A00592,NORMAL,
C08291,2026-07-28,verified,A00195,NORMAL,
C08292,2026-04-10,verified,A00198,NORMAL,
C08293,2025-05-14,verified,A00403,NORMAL,
C08294,2025-02-02,verified,A00539,NORMAL,
C08295,2025-10-24,verified,A00424,NORMAL,
C08296,2025-08-09,verified,A00376,NORMAL,
C08297,2025-12-31,verified,A00018,NORMAL,
C08298,2025-03-11,verified,A00674,NORMAL,
C08299,2026-08-04,verified,A00269,NORMAL,
C08300,2025-12-23,verified,A00196,LEGITIMATE_SHARED_RESOURCE,
C08301,2025-12-11,verified,A00243,NORMAL,
C08302,2025-01-08,verified,A00587,LEGITIMATE_SHARED_RESOURCE,
C08303,2026-02-01,verified,A00583,NORMAL,
C08304,2026-05-15,verified,A00639,NORMAL,
C08305,2025-10-24,pending,A00370,NORMAL,
C08306,2026-08-05,verified,A00321,NORMAL,
C08307,2025-06-01,verified,A00073,NORMAL,
C08308,2025-01-05,verified,A00656,NORMAL,
C08309,2025-07-29,verified,A00683,LEGITIMATE_SHARED_RESOURCE,
C08310,2026-05-03,verified,A00463,ABUSE_RING,R0032
C08311,2025-03-16,verified,A00651,NORMAL,
C08312,2026-03-16,verified,A00295,LEGITIMATE_SHARED_RESOURCE,
C08313,2025-05-15,verified,A00102,NORMAL,
C08314,2025-01-07,verified,A00418,NORMAL,
C08315,2026-07-09,verified,A00483,NORMAL,
C08316,2025-12-29,verified,A00042,NORMAL,
C08317,2025-03-03,verified,A00565,LEGITIMATE_SHARED_RESOURCE,
C08318,2026-03-18,verified,A00180,NORMAL,
C08319,2025-12-22,verified,A00340,ABUSE_RING,R0099
C08320,2026-03-20,pending,A00530,ABUSE_RING,R0024
C08321,2026-01-28,verified,A00188,NORMAL,
C08322,2025-06-19,verified,A00659,LEGITIMATE_SHARED_RESOURCE,
C08323,2025-11-26,verified,A00291,NORMAL,
C08324,2025-04-07,verified,A00019,NORMAL,
C08325,2025-12-22,pending,A00392,NORMAL,
C08326,2026-05-25,verified,A00148,NORMAL,
C08327,2025-08-10,verified,A00661,NORMAL,
C08328,2026-02-26,verified,A00034,NORMAL,
C08329,2026-04-22,pending,A00390,NORMAL,
C08330,2025-09-15,verified,A00662,NORMAL,
C08331,2026-05-20,verified,A00247,NORMAL,
C08332,2025-12-09,verified,A00193,NORMAL,
C08333,2026-07-30,verified,A00590,LEGITIMATE_SHARED_RESOURCE,
C08334,2025-12-08,verified,A00374,NORMAL,
C08335,2025-05-23,verified,A00476,NORMAL,
C08336,2026-05-10,verified,A00314,NORMAL,
C08337,2026-06-18,verified,A00008,NORMAL,
C08338,2026-04-03,verified,A00474,NORMAL,
C08339,2025-09-12,verified,A00371,LEGITIMATE_SHARED_RESOURCE,
C08340,2025-12-18,verified,A00162,LEGITIMATE_SHARED_RESOURCE,
C08341,2026-04-17,verified,A00315,NORMAL,
C08342,2025-08-10,verified,A00160,LEGITIMATE_SHARED_RESOURCE,
C08343,2026-02-09,verified,A00166,LEGITIMATE_SHARED_RESOURCE,
C08344,2025-05-11,verified,A00436,LEGITIMATE_SHARED_RESOURCE,
C08345,2025-08-02,verified,A00216,LEGITIMATE_SHARED_RESOURCE,
C08346,2026-04-12,verified,A00697,NORMAL,
C08347,2025-05-21,verified,A00238,NORMAL,
C08348,2025-01-03,verified,A00421,NORMAL,
C08349,2025-09-20,verified,A00373,NORMAL,
C08350,2025-01-31,verified,A00058,NORMAL,
C08351,2025-12-01,verified,A00088,NORMAL,
C08352,2026-07-09,verified,A00170,NORMAL,
C08353,2025-03-05,verified,A00507,LEGITIMATE_SHARED_RESOURCE,
C08354,2025-04-18,verified,A00124,LEGITIMATE_SHARED_RESOURCE,
C08355,2025-01-21,verified,A00277,LEGITIMATE_SHARED_RESOURCE,
C08356,2025-08-10,verified,A00373,NORMAL,
C08357,2025-02-14,verified,A00055,NORMAL,
C08358,2026-08-18,verified,A00248,NORMAL,
C08359,2025-09-18,verified,A00594,NORMAL,
C08360,2026-02-23,verified,A00057,NORMAL,
C08361,2026-06-26,pending,A00414,NORMAL,
C08362,2026-05-31,verified,A00540,NORMAL,
C08363,2026-02-06,verified,A00534,NORMAL,
C08364,2025-11-07,verified,A00360,LEGITIMATE_SHARED_RESOURCE,
C08365,2025-07-09,verified,A00451,LEGITIMATE_SHARED_RESOURCE,
C08366,2026-02-04,verified,A00479,NORMAL,
C08367,2025-12-10,verified,A00446,NORMAL,
C08368,2025-10-28,verified,A00145,NORMAL,
C08369,2026-08-19,verified,A00506,NORMAL,
C08370,2025-12-16,verified,A00618,NORMAL,
C08371,2025-08-04,verified,A00369,NORMAL,
C08372,2025-05-14,verified,A00452,LEGITIMATE_SHARED_RESOURCE,
C08373,2025-11-16,verified,A00141,NORMAL,
C08374,2025-07-11,verified,A00178,NORMAL,
C08375,2025-04-03,verified,A00060,NORMAL,
C08376,2025-12-30,verified,A00522,NORMAL,
C08377,2025-04-15,pending,A00624,NORMAL,
C08378,2026-07-15,verified,A00706,NORMAL,
C08379,2025-10-22,verified,A00023,NORMAL,
C08380,2025-08-16,verified,A00468,LEGITIMATE_SHARED_RESOURCE,
C08381,2026-05-26,verified,A00226,LEGITIMATE_SHARED_RESOURCE,
C08382,2025-05-04,verified,A00052,LEGITIMATE_SHARED_RESOURCE,
C08383,2025-10-24,verified,A00530,NORMAL,
C08384,2026-01-28,verified,A00219,NORMAL,
C08385,2026-01-20,verified,A00235,NORMAL,
C08386,2025-03-11,pending,A00347,NORMAL,
C08387,2025-12-26,verified,A00479,NORMAL,
C08388,2025-07-24,verified,A00495,NORMAL,
C08389,2026-04-25,verified,A00223,NORMAL,
C08390,2025-03-05,verified,A00445,LEGITIMATE_SHARED_RESOURCE,
C08391,2025-11-24,pending,A00365,LEGITIMATE_SHARED_RESOURCE,
C08392,2026-06-06,verified,A00442,NORMAL,
C08393,2025-12-31,verified,A00645,NORMAL,
C08394,2026-02-02,verified,A00637,NORMAL,
C08395,2026-08-24,pending,A00354,NORMAL,
C08396,2026-07-22,verified,A00225,NORMAL,
C08397,2025-01-30,verified,A00504,NORMAL,
C08398,2026-06-07,pending,A00541,NORMAL,
C08399,2025-04-16,pending,A00686,NORMAL,
C08400,2025-11-16,verified,A00130,NORMAL,
C08401,2026-08-04,verified,A00205,NORMAL,
C08402,2026-02-23,verified,A00420,NORMAL,
C08403,2025-04-28,verified,A00472,NORMAL,
C08404,2025-11-17,verified,A00406,NORMAL,
C08405,2025-03-22,verified,A00356,LEGITIMATE_SHARED_RESOURCE,
C08406,2025-12-28,verified,A00100,NORMAL,
C08407,2025-02-14,verified,A00307,NORMAL,
C08408,2026-07-13,verified,A00534,NORMAL,
C08409,2026-02-16,verified,A00621,NORMAL,
C08410,2026-01-26,verified,A00089,NORMAL,
C08411,2026-01-17,verified,A00623,LEGITIMATE_SHARED_RESOURCE,
C08412,2025-01-29,verified,A00074,LEGITIMATE_SHARED_RESOURCE,
C08413,2026-05-30,verified,A00130,NORMAL,
C08414,2026-04-13,pending,A00082,NORMAL,
C08415,2025-07-10,verified,A00520,NORMAL,
C08416,2025-08-07,verified,A00365,NORMAL,
C08417,2026-02-20,verified,A00268,NORMAL,
C08418,2025-07-10,verified,A00050,LEGITIMATE_SHARED_RESOURCE,
C08419,2026-01-19,verified,A00071,LEGITIMATE_SHARED_RESOURCE,
C08420,2025-04-09,verified,A00494,LEGITIMATE_SHARED_RESOURCE,
C08421,2026-03-04,verified,A00352,NORMAL,
C08422,2025-09-30,verified,A00156,LEGITIMATE_SHARED_RESOURCE,
C08423,2026-02-20,verified,A00129,NORMAL,
C08424,2025-03-10,verified,A00305,NORMAL,
C08425,2026-04-04,verified,A00002,NORMAL,
C08426,2025-05-15,verified,A00178,NORMAL,
C08427,2026-05-24,verified,A00033,NORMAL,
C08428,2026-05-01,verified,A00130,NORMAL,
C08429,2025-12-15,pending,A00375,LEGITIMATE_SHARED_RESOURCE,
C08430,2025-05-24,verified,A00186,ABUSE_RING,R0108
C08431,2025-09-03,verified,A00208,NORMAL,
C08432,2025-11-03,verified,A00578,LEGITIMATE_SHARED_RESOURCE,
C08433,2025-03-04,verified,A00258,LEGITIMATE_SHARED_RESOURCE,
C08434,2025-07-29,pending,A00084,LEGITIMATE_SHARED_RESOURCE,
C08435,2026-03-30,verified,A00081,LEGITIMATE_SHARED_RESOURCE,
C08436,2025-02-28,verified,A00287,LEGITIMATE_SHARED_RESOURCE,
C08437,2026-02-09,verified,A00069,NORMAL,
C08438,2025-03-14,verified,A00396,LEGITIMATE_SHARED_RESOURCE,
C08439,2026-04-11,verified,A00668,NORMAL,
C08440,2025-03-10,verified,A00507,MIXED,
C08441,2026-07-02,pending,A00215,NORMAL,
C08442,2025-12-25,verified,A00328,NORMAL,
C08443,2025-11-05,pending,A00371,NORMAL,
C08444,2025-07-14,verified,A00110,LEGITIMATE_SHARED_RESOURCE,
C08445,2025-08-16,pending,A00153,LEGITIMATE_SHARED_RESOURCE,
C08446,2026-01-03,verified,A00454,NORMAL,
C08447,2025-01-04,pending,A00592,ABUSE_RING,R0113
C08448,2026-08-18,verified,A00263,NORMAL,
C08449,2025-04-16,verified,A00667,NORMAL,
C08450,2025-01-22,pending,A00285,NORMAL,
C08451,2025-01-07,verified,A00422,LEGITIMATE_SHARED_RESOURCE,
C08452,2025-09-18,verified,A00495,NORMAL,
C08453,2025-04-23,verified,A00699,LEGITIMATE_SHARED_RESOURCE,
C08454,2026-01-29,verified,A00646,LEGITIMATE_SHARED_RESOURCE,
C08455,2025-10-04,verified,A00562,NORMAL,
C08456,2025-04-24,verified,A00303,LEGITIMATE_SHARED_RESOURCE,
C08457,2025-12-08,pending,A00240,NORMAL,
C08458,2025-10-16,verified,A00009,NORMAL,
C08459,2026-04-25,verified,A00024,NORMAL,
C08460,2026-03-28,verified,A00257,LEGITIMATE_SHARED_RESOURCE,
C08461,2025-12-22,verified,A00531,NORMAL,
C08462,2025-10-11,verified,A00309,NORMAL,
C08463,2025-02-25,verified,A00166,NORMAL,
C08464,2026-03-31,verified,A00388,LEGITIMATE_SHARED_RESOURCE,
C08465,2025-01-06,verified,A00568,NORMAL,
C08466,2025-02-25,verified,A00445,NORMAL,
C08467,2026-05-12,verified,A00182,NORMAL,
C08468,2026-04-05,verified,A00291,NORMAL,
C08469,2025-09-18,pending,A00360,NORMAL,
C08470,2025-05-06,verified,A00603,NORMAL,
C08471,2025-02-09,verified,A00501,LEGITIMATE_SHARED_RESOURCE,
C08472,2025-11-01,verified,A00067,NORMAL,
C08473,2025-01-08,verified,A00571,LEGITIMATE_SHARED_RESOURCE,
C08474,2025-07-16,verified,A00214,ABUSE_RING,R0084
C08475,2025-10-11,verified,A00502,NORMAL,
C08476,2025-04-16,verified,A00687,LEGITIMATE_SHARED_RESOURCE,
C08477,2026-06-16,verified,A00340,NORMAL,
C08478,2026-04-01,verified,A00355,NORMAL,
C08479,2025-10-04,verified,A00235,NORMAL,
C08480,2026-04-17,pending,A00346,LEGITIMATE_SHARED_RESOURCE,
C08481,2025-08-04,verified,A00580,NORMAL,
C08482,2026-04-13,verified,A00319,NORMAL,
C08483,2026-06-19,verified,A00634,NORMAL,
C08484,2026-06-06,verified,A00667,NORMAL,
C08485,2025-07-18,verified,A00341,NORMAL,
C08486,2025-08-15,verified,A00189,NORMAL,
C08487,2025-07-06,verified,A00457,NORMAL,
C08488,2025-09-25,verified,A00656,LEGITIMATE_SHARED_RESOURCE,
C08489,2026-08-17,verified,A00236,NORMAL,
C08490,2026-06-15,verified,A00114,LEGITIMATE_SHARED_RESOURCE,
C08491,2025-08-13,pending,A00010,NORMAL,
C08492,2025-12-14,verified,A00506,LEGITIMATE_SHARED_RESOURCE,
C08493,2026-05-18,verified,A00144,LEGITIMATE_SHARED_RESOURCE,
C08494,2025-06-16,verified,A00085,NORMAL,
C08495,2025-06-14,pending,A00047,LEGITIMATE_SHARED_RESOURCE,
C08496,2025-02-04,verified,A00013,LEGITIMATE_SHARED_RESOURCE,
C08497,2025-06-03,verified,A00288,NORMAL,
C08498,2025-05-17,pending,A00049,NORMAL,
C08499,2025-07-12,verified,A00559,LEGITIMATE_SHARED_RESOURCE,
C08500,2026-05-06,verified,A00567,ABUSE_RING,R0104
C08501,2025-11-05,verified,A00216,NORMAL,
C08502,2026-01-03,verified,A00056,ABUSE_RING,R0116
C08503,2025-05-09,verified,A00680,NORMAL,
C08504,2026-02-26,verified,A00204,NORMAL,
C08505,2026-02-17,verified,A00580,NORMAL,
C08506,2025-10-14,verified,A00194,NORMAL,
C08507,2026-02-21,verified,A00520,LEGITIMATE_SHARED_RESOURCE,
C08508,2026-01-20,verified,A00312,NORMAL,
C08509,2025-03-14,verified,A00492,NORMAL,
C08510,2026-07-10,verified,A00329,NORMAL,
C08511,2025-04-27,verified,A00659,LEGITIMATE_SHARED_RESOURCE,
C08512,2025-11-14,verified,A00323,LEGITIMATE_SHARED_RESOURCE,
C08513,2025-11-25,verified,A00166,NORMAL,
C08514,2026-02-04,verified,A00195,LEGITIMATE_SHARED_RESOURCE,
C08515,2026-05-19,verified,A00596,NORMAL,
C08516,2025-11-16,verified,A00160,LEGITIMATE_SHARED_RESOURCE,
C08517,2026-07-09,verified,A00516,NORMAL,
C08518,2026-07-11,verified,A00404,NORMAL,
C08519,2025-04-22,verified,A00429,LEGITIMATE_SHARED_RESOURCE,
C08520,2026-02-14,verified,A00307,LEGITIMATE_SHARED_RESOURCE,
C08521,2025-07-09,verified,A00036,ABUSE_RING,R0070
C08522,2025-03-25,verified,A00266,NORMAL,
C08523,2025-04-26,verified,A00177,NORMAL,
C08524,2025-10-30,verified,A00476,NORMAL,
C08525,2026-04-13,verified,A00365,NORMAL,
C08526,2025-09-23,verified,A00117,LEGITIMATE_SHARED_RESOURCE,
C08527,2025-03-14,pending,A00692,LEGITIMATE_SHARED_RESOURCE,
C08528,2025-09-24,verified,A00439,NORMAL,
C08529,2026-01-16,verified,A00506,NORMAL,
C08530,2026-02-11,verified,A00186,NORMAL,
C08531,2026-03-11,verified,A00656,NORMAL,
C08532,2025-10-08,pending,A00018,NORMAL,
C08533,2026-04-15,verified,A00232,LEGITIMATE_SHARED_RESOURCE,
C08534,2025-12-23,verified,A00526,NORMAL,
C08535,2025-09-12,verified,A00375,NORMAL,
C08536,2026-02-28,verified,A00579,LEGITIMATE_SHARED_RESOURCE,
C08537,2025-08-10,verified,A00683,LEGITIMATE_SHARED_RESOURCE,
C08538,2025-11-30,verified,A00339,NORMAL,
C08539,2025-04-22,verified,A00545,LEGITIMATE_SHARED_RESOURCE,
C08540,2025-06-07,verified,A00219,NORMAL,
C08541,2025-02-23,verified,A00307,NORMAL,
C08542,2026-05-14,verified,A00351,NORMAL,
C08543,2026-08-05,verified,A00419,NORMAL,
C08544,2026-01-08,verified,A00444,NORMAL,
C08545,2025-03-27,verified,A00579,NORMAL,
C08546,2026-07-16,verified,A00236,LEGITIMATE_SHARED_RESOURCE,
C08547,2025-11-02,verified,A00320,NORMAL,
C08548,2026-01-27,verified,A00594,ABUSE_RING,R0032
C08549,2026-01-29,verified,A00210,NORMAL,
C08550,2026-06-06,verified,A00381,NORMAL,
C08551,2025-06-18,verified,A00104,NORMAL,
C08552,2025-10-21,verified,A00230,LEGITIMATE_SHARED_RESOURCE,
C08553,2026-04-30,pending,A00347,ABUSE_RING,R0038
C08554,2025-06-13,verified,A00532,NORMAL,
C08555,2025-08-19,verified,A00083,NORMAL,
C08556,2026-02-05,verified,A00528,LEGITIMATE_SHARED_RESOURCE,
C08557,2026-03-08,verified,A00271,NORMAL,
C08558,2025-09-27,verified,A00459,ABUSE_RING,R0007
C08559,2026-06-21,pending,A00539,NORMAL,
C08560,2026-04-07,verified,A00004,NORMAL,
C08561,2026-04-14,verified,A00089,NORMAL,
C08562,2025-04-10,verified,A00260,LEGITIMATE_SHARED_RESOURCE,
C08563,2025-09-15,verified,A00680,LEGITIMATE_SHARED_RESOURCE,
C08564,2026-07-16,pending,A00404,LEGITIMATE_SHARED_RESOURCE,
C08565,2026-05-26,pending,A00686,LEGITIMATE_SHARED_RESOURCE,
C08566,2025-03-26,verified,A00479,NORMAL,
C08567,2025-02-28,verified,A00352,NORMAL,
C08568,2025-08-22,verified,A00570,NORMAL,
C08569,2026-04-19,verified,A00022,NORMAL,
C08570,2025-12-26,verified,A00080,NORMAL,
C08571,2026-08-15,verified,A00600,NORMAL,
C08572,2026-08-21,verified,A00617,NORMAL,
C08573,2026-07-02,verified,A00673,LEGITIMATE_SHARED_RESOURCE,
C08574,2025-05-05,verified,A00493,NORMAL,
C08575,2025-10-23,verified,A00082,NORMAL,
C08576,2025-11-15,verified,A00455,NORMAL,
C08577,2025-11-14,verified,A00367,ABUSE_RING,R0039
C08578,2025-03-25,pending,A00171,NORMAL,
C08579,2026-06-21,verified,A00514,NORMAL,
C08580,2026-08-03,verified,A00224,NORMAL,
C08581,2026-04-17,verified,A00119,LEGITIMATE_SHARED_RESOURCE,
C08582,2025-02-20,verified,A00354,NORMAL,
C08583,2026-04-09,verified,A00230,NORMAL,
C08584,2025-03-31,verified,A00120,NORMAL,
C08585,2025-02-07,verified,A00662,NORMAL,
C08586,2026-08-20,pending,A00262,LEGITIMATE_SHARED_RESOURCE,
C08587,2026-02-16,verified,A00124,NORMAL,
C08588,2025-06-04,verified,A00368,NORMAL,
C08589,2025-09-23,verified,A00584,NORMAL,
C08590,2026-08-12,verified,A00656,LEGITIMATE_SHARED_RESOURCE,
C08591,2026-04-14,pending,A00410,NORMAL,
C08592,2025-08-22,verified,A00343,LEGITIMATE_SHARED_RESOURCE,
C08593,2025-02-23,verified,A00009,NORMAL,
C08594,2026-07-21,verified,A00453,NORMAL,
C08595,2025-02-24,verified,A00693,LEGITIMATE_SHARED_RESOURCE,
C08596,2025-05-13,verified,A00368,LEGITIMATE_SHARED_RESOURCE,
C08597,2026-04-05,verified,A00219,ABUSE_RING,R0029
C08598,2025-11-26,verified,A00048,NORMAL,
C08599,2026-02-01,verified,A00669,NORMAL,
C08600,2026-06-25,verified,A00369,LEGITIMATE_SHARED_RESOURCE,
C08601,2026-08-06,verified,A00287,NORMAL,
C08602,2026-06-30,verified,A00497,NORMAL,
C08603,2026-02-12,pending,A00679,NORMAL,
C08604,2025-03-22,verified,A00429,ABUSE_RING,R0106
C08605,2025-10-17,pending,A00531,NORMAL,
C08606,2025-10-17,verified,A00180,NORMAL,
C08607,2025-03-24,verified,A00289,NORMAL,
C08608,2026-08-07,verified,A00359,NORMAL,
C08609,2025-07-29,verified,A00044,NORMAL,
C08610,2026-02-06,verified,A00147,LEGITIMATE_SHARED_RESOURCE,
C08611,2025-08-20,verified,A00401,NORMAL,
C08612,2025-10-04,verified,A00215,LEGITIMATE_SHARED_RESOURCE,
C08613,2026-01-26,verified,A00252,NORMAL,
C08614,2026-06-15,verified,A00547,NORMAL,
C08615,2026-05-01,verified,A00329,NORMAL,
C08616,2026-04-26,verified,A00443,NORMAL,
C08617,2025-06-15,verified,A00520,NORMAL,
C08618,2025-10-14,verified,A00383,LEGITIMATE_SHARED_RESOURCE,
C08619,2025-11-06,verified,A00046,ABUSE_RING,R0043
C08620,2025-02-23,verified,A00262,ABUSE_RING,R0111
C08621,2026-02-26,verified,A00385,NORMAL,
C08622,2026-08-11,verified,A00527,NORMAL,
C08623,2025-09-08,pending,A00525,LEGITIMATE_SHARED_RESOURCE,
C08624,2025-12-27,verified,A00046,NORMAL,
C08625,2025-05-06,verified,A00433,NORMAL,
C08626,2026-05-31,verified,A00424,NORMAL,
C08627,2026-04-11,pending,A00451,NORMAL,
C08628,2026-06-24,verified,A00237,NORMAL,
C08629,2025-05-21,verified,A00462,NORMAL,
C08630,2025-12-11,verified,A00628,NORMAL,
C08631,2025-08-03,verified,A00657,MIXED,R0118
C08632,2026-02-05,pending,A00627,NORMAL,
C08633,2026-08-08,verified,A00129,NORMAL,
C08634,2026-01-23,verified,A00254,NORMAL,
C08635,2026-07-09,pending,A00705,NORMAL,
C08636,2026-02-11,pending,A00648,NORMAL,
C08637,2026-01-16,verified,A00658,LEGITIMATE_SHARED_RESOURCE,
C08638,2025-10-20,pending,A00194,NORMAL,
C08639,2026-02-07,verified,A00461,NORMAL,
C08640,2026-06-22,verified,A00224,LEGITIMATE_SHARED_RESOURCE,
C08641,2026-04-08,verified,A00075,NORMAL,
C08642,2026-07-18,verified,A00552,NORMAL,
C08643,2026-07-12,verified,A00292,NORMAL,
C08644,2026-02-17,verified,A00707,NORMAL,
C08645,2025-05-31,verified,A00424,NORMAL,
C08646,2025-12-12,verified,A00387,NORMAL,
C08647,2025-11-22,verified,A00227,NORMAL,
C08648,2026-01-30,verified,A00215,LEGITIMATE_SHARED_RESOURCE,
C08649,2026-02-05,verified,A00566,NORMAL,
C08650,2025-04-27,verified,A00634,NORMAL,
C08651,2025-05-27,verified,A00144,LEGITIMATE_SHARED_RESOURCE,
C08652,2025-06-30,verified,A00060,NORMAL,
C08653,2025-10-18,pending,A00188,NORMAL,
C08654,2025-04-10,verified,A00504,NORMAL,
C08655,2026-08-08,verified,A00191,LEGITIMATE_SHARED_RESOURCE,
C08656,2025-02-01,verified,A00551,NORMAL,
C08657,2026-04-02,verified,A00221,LEGITIMATE_SHARED_RESOURCE,
C08658,2026-05-26,verified,A00095,NORMAL,
C08659,2025-06-28,verified,A00344,LEGITIMATE_SHARED_RESOURCE,
C08660,2026-04-04,verified,A00583,NORMAL,
C08661,2025-08-11,verified,A00645,LEGITIMATE_SHARED_RESOURCE,
C08662,2026-04-28,verified,A00356,LEGITIMATE_SHARED_RESOURCE,
C08663,2025-01-08,verified,A00615,LEGITIMATE_SHARED_RESOURCE,
C08664,2025-05-13,verified,A00697,NORMAL,
C08665,2025-05-13,verified,A00025,NORMAL,
C08666,2025-03-11,verified,A00455,NORMAL,
C08667,2025-01-15,verified,A00329,LEGITIMATE_SHARED_RESOURCE,
C08668,2026-05-01,verified,A00008,NORMAL,
C08669,2026-07-20,verified,A00051,LEGITIMATE_SHARED_RESOURCE,
C08670,2026-04-29,verified,A00617,NORMAL,
C08671,2025-03-22,pending,A00083,LEGITIMATE_SHARED_RESOURCE,
C08672,2025-08-20,verified,A00552,LEGITIMATE_SHARED_RESOURCE,
C08673,2025-05-18,verified,A00422,NORMAL,
C08674,2026-08-17,verified,A00320,NORMAL,
C08675,2025-09-03,verified,A00152,NORMAL,
C08676,2026-03-20,verified,A00090,NORMAL,
C08677,2025-09-02,verified,A00705,LEGITIMATE_SHARED_RESOURCE,
C08678,2025-01-20,verified,A00224,NORMAL,
C08679,2025-09-13,verified,A00241,NORMAL,
C08680,2026-03-21,verified,A00204,LEGITIMATE_SHARED_RESOURCE,
C08681,2026-02-19,verified,A00064,NORMAL,
C08682,2025-10-18,verified,A00424,NORMAL,
C08683,2025-03-20,verified,A00374,NORMAL,
C08684,2026-03-07,verified,A00686,NORMAL,
C08685,2025-11-24,verified,A00518,NORMAL,
C08686,2025-04-24,verified,A00012,ABUSE_RING,R0035
C08687,2026-02-12,verified,A00625,MIXED,R0126
C08688,2025-10-23,verified,A00155,NORMAL,
C08689,2026-08-16,verified,A00242,NORMAL,
C08690,2025-03-07,verified,A00503,LEGITIMATE_SHARED_RESOURCE,
C08691,2026-06-01,verified,A00352,NORMAL,
C08692,2026-06-20,pending,A00216,NORMAL,
C08693,2025-05-31,verified,A00040,NORMAL,
C08694,2026-07-27,verified,A00531,NORMAL,
C08695,2025-03-18,pending,A00493,LEGITIMATE_SHARED_RESOURCE,
C08696,2025-06-12,verified,A00146,ABUSE_RING,R0076
C08697,2026-05-25,verified,A00451,NORMAL,
C08698,2026-06-16,verified,A00036,NORMAL,
C08699,2025-04-03,verified,A00317,NORMAL,
C08700,2025-10-01,verified,A00522,NORMAL,
C08701,2026-07-03,verified,A00276,NORMAL,
C08702,2025-09-14,verified,A00255,NORMAL,
C08703,2026-05-13,verified,A00274,NORMAL,
C08704,2025-11-04,verified,A00508,NORMAL,
C08705,2026-05-29,verified,A00270,NORMAL,
C08706,2026-05-02,verified,A00045,NORMAL,
C08707,2025-06-09,verified,A00134,NORMAL,
C08708,2026-06-04,verified,A00195,NORMAL,
C08709,2025-03-25,verified,A00068,NORMAL,
C08710,2026-01-19,verified,A00071,NORMAL,
C08711,2025-04-06,verified,A00657,NORMAL,
C08712,2025-09-03,verified,A00456,NORMAL,
C08713,2026-08-15,verified,A00180,NORMAL,
C08714,2025-09-03,pending,A00093,LEGITIMATE_SHARED_RESOURCE,
C08715,2025-01-29,verified,A00157,ABUSE_RING,R0009
C08716,2025-11-05,verified,A00048,NORMAL,
C08717,2025-11-26,verified,A00400,NORMAL,
C08718,2025-07-28,verified,A00386,NORMAL,
C08719,2025-06-11,verified,A00574,NORMAL,
C08720,2025-10-28,verified,A00068,NORMAL,
C08721,2026-07-16,verified,A00480,NORMAL,
C08722,2026-03-19,verified,A00553,NORMAL,
C08723,2026-03-01,verified,A00481,NORMAL,
C08724,2026-03-14,verified,A00449,LEGITIMATE_SHARED_RESOURCE,
C08725,2025-07-11,verified,A00428,LEGITIMATE_SHARED_RESOURCE,
C08726,2025-05-09,verified,A00021,NORMAL,
C08727,2025-11-05,verified,A00601,NORMAL,
C08728,2026-05-20,verified,A00560,NORMAL,
C08729,2025-04-01,verified,A00096,NORMAL,
C08730,2025-11-13,verified,A00030,NORMAL,
C08731,2026-06-24,verified,A00154,LEGITIMATE_SHARED_RESOURCE,
C08732,2025-12-19,pending,A00651,LEGITIMATE_SHARED_RESOURCE,
C08733,2025-07-03,verified,A00397,MIXED,R0121
C08734,2025-12-19,verified,A00491,ABUSE_RING,R0006
C08735,2026-02-28,verified,A00333,NORMAL,
C08736,2025-05-02,verified,A00156,NORMAL,
C08737,2026-06-02,verified,A00044,LEGITIMATE_SHARED_RESOURCE,
C08738,2025-11-14,verified,A00427,NORMAL,
C08739,2025-01-26,verified,A00281,LEGITIMATE_SHARED_RESOURCE,
C08740,2026-03-05,verified,A00383,NORMAL,
C08741,2025-02-14,verified,A00659,ABUSE_RING,R0035
C08742,2026-08-24,verified,A00674,NORMAL,
C08743,2025-03-31,verified,A00015,NORMAL,
C08744,2025-09-23,verified,A00051,NORMAL,
C08745,2025-10-17,verified,A00023,NORMAL,
C08746,2026-06-21,verified,A00573,NORMAL,
C08747,2026-07-11,verified,A00340,NORMAL,
C08748,2025-05-10,verified,A00165,ABUSE_RING,R0036
C08749,2025-06-19,verified,A00535,LEGITIMATE_SHARED_RESOURCE,
C08750,2025-09-18,verified,A00239,NORMAL,
C08751,2025-08-25,verified,A00330,NORMAL,
C08752,2026-07-20,verified,A00180,NORMAL,
C08753,2025-03-17,verified,A00492,NORMAL,
C08754,2026-05-04,verified,A00146,NORMAL,
C08755,2025-09-02,verified,A00326,ABUSE_RING,R0094
C08756,2026-07-10,verified,A00339,NORMAL,
C08757,2025-01-25,verified,A00480,NORMAL,
C08758,2025-11-14,verified,A00379,NORMAL,
C08759,2026-04-30,verified,A00521,LEGITIMATE_SHARED_RESOURCE,
C08760,2026-06-28,verified,A00520,NORMAL,
C08761,2026-02-07,verified,A00271,NORMAL,
C08762,2025-04-09,verified,A00320,NORMAL,
C08763,2025-08-19,verified,A00287,ABUSE_RING,R0078
C08764,2025-08-14,verified,A00312,NORMAL,
C08765,2026-08-22,pending,A00664,NORMAL,
C08766,2026-05-31,verified,A00315,NORMAL,
C08767,2025-12-21,verified,A00464,NORMAL,
C08768,2025-10-21,verified,A00642,LEGITIMATE_SHARED_RESOURCE,
C08769,2025-10-30,verified,A00201,ABUSE_RING,R0036
C08770,2025-08-25,verified,A00017,LEGITIMATE_SHARED_RESOURCE,
C08771,2025-08-11,pending,A00046,NORMAL,
C08772,2025-12-14,verified,A00084,NORMAL,
C08773,2026-05-28,verified,A00679,NORMAL,
C08774,2026-06-10,pending,A00242,NORMAL,
C08775,2025-12-18,verified,A00441,NORMAL,
C08776,2025-05-09,verified,A00370,NORMAL,
C08777,2026-07-03,verified,A00611,NORMAL,
C08778,2025-10-10,verified,A00584,NORMAL,
C08779,2025-09-15,verified,A00454,NORMAL,
C08780,2025-07-20,verified,A00069,NORMAL,
C08781,2025-06-30,verified,A00630,LEGITIMATE_SHARED_RESOURCE,
C08782,2025-07-29,verified,A00391,NORMAL,
C08783,2025-12-28,verified,A00565,NORMAL,
C08784,2025-12-16,verified,A00061,ABUSE_RING,R0075
C08785,2025-06-10,verified,A00010,LEGITIMATE_SHARED_RESOURCE,
C08786,2026-06-29,verified,A00195,NORMAL,
C08787,2026-07-12,verified,A00508,NORMAL,
C08788,2026-08-14,verified,A00157,LEGITIMATE_SHARED_RESOURCE,
C08789,2026-04-06,verified,A00067,NORMAL,
C08790,2025-08-06,verified,A00287,NORMAL,
C08791,2026-02-10,verified,A00560,NORMAL,
C08792,2025-07-13,verified,A00609,MIXED,
C08793,2025-04-12,verified,A00117,LEGITIMATE_SHARED_RESOURCE,
C08794,2025-06-21,verified,A00272,LEGITIMATE_SHARED_RESOURCE,
C08795,2025-02-11,verified,A00604,NORMAL,
C08796,2026-06-03,pending,A00282,LEGITIMATE_SHARED_RESOURCE,
C08797,2025-01-19,verified,A00456,ABUSE_RING,R0087
C08798,2025-03-19,verified,A00668,NORMAL,
C08799,2026-03-08,verified,A00103,LEGITIMATE_SHARED_RESOURCE,
C08800,2025-02-01,verified,A00226,NORMAL,
C08801,2025-04-23,verified,A00452,NORMAL,
C08802,2025-09-05,verified,A00622,NORMAL,
C08803,2026-08-02,verified,A00180,NORMAL,
C08804,2025-04-08,verified,A00227,NORMAL,
C08805,2025-09-04,verified,A00476,NORMAL,
C08806,2025-11-25,verified,A00507,LEGITIMATE_SHARED_RESOURCE,
C08807,2025-12-02,verified,A00560,NORMAL,
C08808,2026-01-20,verified,A00190,NORMAL,
C08809,2025-06-12,verified,A00024,LEGITIMATE_SHARED_RESOURCE,
C08810,2025-02-18,verified,A00321,NORMAL,
C08811,2026-08-11,verified,A00343,NORMAL,
C08812,2026-07-07,verified,A00234,NORMAL,
C08813,2025-12-18,verified,A00047,ABUSE_RING,R0077
C08814,2025-07-09,verified,A00485,NORMAL,
C08815,2025-10-01,verified,A00688,NORMAL,
C08816,2026-06-28,verified,A00381,LEGITIMATE_SHARED_RESOURCE,
C08817,2026-05-15,pending,A00530,LEGITIMATE_SHARED_RESOURCE,
C08818,2025-09-25,verified,A00235,NORMAL,
C08819,2025-12-21,verified,A00575,NORMAL,
C08820,2025-02-08,verified,A00164,NORMAL,
C08821,2026-03-21,verified,A00114,NORMAL,
C08822,2025-11-05,verified,A00546,NORMAL,
C08823,2026-06-07,verified,A00397,NORMAL,
C08824,2025-08-27,pending,A00286,LEGITIMATE_SHARED_RESOURCE,
C08825,2025-10-20,verified,A00666,NORMAL,
C08826,2025-07-11,verified,A00637,NORMAL,
C08827,2026-03-03,verified,A00204,NORMAL,
C08828,2025-06-04,verified,A00378,NORMAL,
C08829,2025-03-24,verified,A00376,NORMAL,
C08830,2026-04-22,verified,A00258,NORMAL,
C08831,2025-12-30,verified,A00194,LEGITIMATE_SHARED_RESOURCE,
C08832,2025-08-25,verified,A00225,NORMAL,
C08833,2025-09-14,verified,A00569,LEGITIMATE_SHARED_RESOURCE,
C08834,2025-04-25,verified,A00581,NORMAL,
C08835,2026-07-30,pending,A00147,LEGITIMATE_SHARED_RESOURCE,
C08836,2026-02-03,verified,A00300,NORMAL,
C08837,2025-10-26,verified,A00690,NORMAL,
C08838,2026-05-20,pending,A00212,NORMAL,
C08839,2025-04-25,pending,A00646,NORMAL,
C08840,2025-01-12,verified,A00022,NORMAL,
C08841,2025-08-21,pending,A00052,NORMAL,
C08842,2026-07-13,verified,A00704,LEGITIMATE_SHARED_RESOURCE,
C08843,2025-01-08,verified,A00093,NORMAL,
C08844,2025-03-13,verified,A00307,LEGITIMATE_SHARED_RESOURCE,
C08845,2025-01-13,verified,A00383,NORMAL,
C08846,2026-08-08,verified,A00448,NORMAL,
C08847,2025-06-22,verified,A00427,LEGITIMATE_SHARED_RESOURCE,
C08848,2025-08-09,verified,A00313,LEGITIMATE_SHARED_RESOURCE,
C08849,2025-10-22,verified,A00061,NORMAL,
C08850,2025-12-08,verified,A00268,NORMAL,
C08851,2026-05-06,pending,A00364,NORMAL,
C08852,2025-01-22,verified,A00152,LEGITIMATE_SHARED_RESOURCE,
C08853,2025-08-23,verified,A00541,ABUSE_RING,R0074
C08854,2026-07-01,verified,A00404,NORMAL,
C08855,2025-03-24,verified,A00469,NORMAL,
C08856,2025-03-29,verified,A00335,ABUSE_RING,R0001
C08857,2026-06-12,verified,A00030,LEGITIMATE_SHARED_RESOURCE,
C08858,2026-05-18,verified,A00147,NORMAL,
C08859,2026-05-12,verified,A00390,LEGITIMATE_SHARED_RESOURCE,
C08860,2025-08-17,verified,A00302,NORMAL,
C08861,2025-05-26,verified,A00446,LEGITIMATE_SHARED_RESOURCE,
C08862,2026-06-17,verified,A00220,NORMAL,
C08863,2026-07-11,verified,A00054,NORMAL,
C08864,2025-08-03,pending,A00171,NORMAL,
C08865,2025-07-24,verified,A00159,LEGITIMATE_SHARED_RESOURCE,
C08866,2025-05-10,verified,A00320,LEGITIMATE_SHARED_RESOURCE,
C08867,2025-09-25,verified,A00144,LEGITIMATE_SHARED_RESOURCE,
C08868,2026-05-04,pending,A00300,LEGITIMATE_SHARED_RESOURCE,
C08869,2025-01-30,verified,A00362,LEGITIMATE_SHARED_RESOURCE,
C08870,2025-12-18,verified,A00632,NORMAL,
C08871,2025-07-04,verified,A00574,LEGITIMATE_SHARED_RESOURCE,
C08872,2025-02-21,verified,A00254,NORMAL,
C08873,2025-05-04,verified,A00102,NORMAL,
C08874,2026-06-01,verified,A00287,LEGITIMATE_SHARED_RESOURCE,
C08875,2026-07-04,verified,A00334,ABUSE_RING,R0045
C08876,2025-04-06,verified,A00676,NORMAL,
C08877,2026-06-13,verified,A00181,ABUSE_RING,R0053
C08878,2026-05-01,verified,A00652,NORMAL,
C08879,2025-09-30,pending,A00048,NORMAL,
C08880,2026-08-24,verified,A00673,NORMAL,
C08881,2025-10-14,verified,A00094,LEGITIMATE_SHARED_RESOURCE,
C08882,2026-07-01,verified,A00657,MIXED,R0132
C08883,2025-03-09,verified,A00148,NORMAL,
C08884,2025-10-31,verified,A00417,LEGITIMATE_SHARED_RESOURCE,
C08885,2025-06-03,verified,A00292,NORMAL,
C08886,2026-02-23,verified,A00222,NORMAL,
C08887,2025-12-26,verified,A00194,NORMAL,
C08888,2025-09-11,verified,A00173,LEGITIMATE_SHARED_RESOURCE,
C08889,2025-11-26,verified,A00707,NORMAL,
C08890,2026-02-05,verified,A00646,NORMAL,
C08891,2026-07-17,verified,A00272,NORMAL,
C08892,2025-04-28,verified,A00663,NORMAL,
C08893,2025-12-28,verified,A00466,LEGITIMATE_SHARED_RESOURCE,
C08894,2025-04-24,pending,A00058,NORMAL,
C08895,2026-04-06,pending,A00579,NORMAL,
C08896,2025-05-19,verified,A00678,NORMAL,
C08897,2025-07-13,verified,A00440,NORMAL,
C08898,2026-03-01,verified,A00546,NORMAL,
C08899,2026-01-10,verified,A00655,NORMAL,
C08900,2025-09-23,verified,A00001,NORMAL,
C08901,2026-06-09,verified,A00185,NORMAL,
C08902,2026-04-04,verified,A00674,NORMAL,
C08903,2026-04-09,verified,A00422,NORMAL,
C08904,2025-12-24,verified,A00596,ABUSE_RING,R0057
C08905,2025-06-03,pending,A00019,NORMAL,
C08906,2026-05-15,verified,A00195,NORMAL,
C08907,2025-08-21,verified,A00707,NORMAL,
C08908,2025-08-25,verified,A00207,NORMAL,
C08909,2026-01-18,verified,A00237,LEGITIMATE_SHARED_RESOURCE,
C08910,2026-05-23,verified,A00101,NORMAL,
C08911,2025-10-27,verified,A00055,NORMAL,
C08912,2026-05-27,verified,A00060,NORMAL,
C08913,2025-12-03,verified,A00022,LEGITIMATE_SHARED_RESOURCE,
C08914,2025-09-21,verified,A00553,NORMAL,
C08915,2026-02-06,verified,A00246,LEGITIMATE_SHARED_RESOURCE,
C08916,2025-03-09,verified,A00414,NORMAL,
C08917,2026-01-03,verified,A00510,NORMAL,
C08918,2025-10-16,verified,A00700,NORMAL,
C08919,2025-10-26,verified,A00406,NORMAL,
C08920,2026-02-07,verified,A00334,LEGITIMATE_SHARED_RESOURCE,
C08921,2025-05-28,verified,A00017,NORMAL,
C08922,2026-06-17,verified,A00048,NORMAL,
C08923,2025-06-20,pending,A00520,NORMAL,
C08924,2026-04-13,verified,A00004,NORMAL,
C08925,2025-08-05,verified,A00703,LEGITIMATE_SHARED_RESOURCE,
C08926,2026-08-23,verified,A00628,NORMAL,
C08927,2026-02-05,verified,A00614,NORMAL,
C08928,2025-07-21,verified,A00636,NORMAL,
C08929,2025-12-11,verified,A00168,NORMAL,
C08930,2025-04-18,verified,A00299,NORMAL,
C08931,2025-06-03,verified,A00427,NORMAL,
C08932,2025-05-17,verified,A00466,NORMAL,
C08933,2025-03-25,pending,A00552,NORMAL,
C08934,2025-06-11,pending,A00490,NORMAL,
C08935,2025-03-04,verified,A00442,NORMAL,
C08936,2025-03-08,verified,A00423,NORMAL,
C08937,2026-02-01,verified,A00191,NORMAL,
C08938,2025-05-26,verified,A00659,NORMAL,
C08939,2026-04-14,verified,A00459,NORMAL,
C08940,2025-12-24,verified,A00069,NORMAL,
C08941,2025-11-02,verified,A00491,NORMAL,
C08942,2025-07-02,verified,A00287,NORMAL,
C08943,2025-12-16,verified,A00230,NORMAL,
C08944,2026-03-30,verified,A00397,NORMAL,
C08945,2026-04-13,verified,A00446,NORMAL,
C08946,2025-05-21,verified,A00154,NORMAL,
C08947,2025-10-07,verified,A00420,NORMAL,
C08948,2025-02-21,verified,A00227,LEGITIMATE_SHARED_RESOURCE,
C08949,2025-02-09,verified,A00477,NORMAL,
C08950,2026-06-28,pending,A00178,ABUSE_RING,R0084
C08951,2025-08-01,verified,A00655,NORMAL,
C08952,2026-07-23,verified,A00079,NORMAL,
C08953,2026-05-01,verified,A00210,NORMAL,
C08954,2026-01-09,verified,A00227,ABUSE_RING,R0040
C08955,2025-07-09,verified,A00516,ABUSE_RING,R0045
C08956,2026-04-10,verified,A00106,NORMAL,
C08957,2026-01-29,verified,A00659,NORMAL,
C08958,2026-08-11,verified,A00449,NORMAL,
C08959,2025-08-14,verified,A00689,NORMAL,
C08960,2025-04-30,pending,A00362,NORMAL,
C08961,2026-04-19,verified,A00308,NORMAL,
C08962,2026-02-26,verified,A00003,NORMAL,
C08963,2025-02-07,verified,A00460,NORMAL,
C08964,2025-09-25,verified,A00682,NORMAL,
C08965,2025-06-17,verified,A00663,NORMAL,
C08966,2026-02-13,verified,A00667,NORMAL,
C08967,2025-04-12,verified,A00422,ABUSE_RING,R0083
C08968,2025-06-07,pending,A00625,NORMAL,
C08969,2025-02-11,verified,A00588,ABUSE_RING,R0023
C08970,2025-05-16,verified,A00553,NORMAL,
C08971,2026-01-28,verified,A00438,NORMAL,
C08972,2026-05-17,verified,A00438,NORMAL,
C08973,2025-08-25,verified,A00395,NORMAL,
C08974,2025-08-24,verified,A00132,NORMAL,
C08975,2026-05-02,verified,A00012,NORMAL,
C08976,2025-01-19,verified,A00464,NORMAL,
C08977,2026-01-05,verified,A00263,NORMAL,
C08978,2025-01-10,verified,A00283,NORMAL,
C08979,2025-04-27,verified,A00523,NORMAL,
C08980,2025-08-25,verified,A00588,NORMAL,
C08981,2025-02-22,verified,A00471,NORMAL,
C08982,2025-11-21,pending,A00558,LEGITIMATE_SHARED_RESOURCE,
C08983,2025-05-15,verified,A00658,LEGITIMATE_SHARED_RESOURCE,
C08984,2026-04-26,verified,A00510,LEGITIMATE_SHARED_RESOURCE,
C08985,2026-05-10,verified,A00595,NORMAL,
C08986,2026-05-30,verified,A00550,NORMAL,
C08987,2026-02-16,verified,A00529,NORMAL,
C08988,2025-06-28,verified,A00071,NORMAL,
C08989,2026-03-01,verified,A00042,LEGITIMATE_SHARED_RESOURCE,
C08990,2025-06-25,verified,A00004,ABUSE_RING,R0112
C08991,2025-05-15,verified,A00575,LEGITIMATE_SHARED_RESOURCE,
C08992,2025-01-27,verified,A00184,NORMAL,
C08993,2025-11-05,verified,A00398,LEGITIMATE_SHARED_RESOURCE,
C08994,2026-03-20,verified,A00424,NORMAL,
C08995,2025-11-30,verified,A00369,NORMAL,
C08996,2026-07-30,verified,A00420,NORMAL,
C08997,2025-07-07,verified,A00364,NORMAL,
C08998,2026-05-25,verified,A00306,NORMAL,
C08999,2025-08-12,verified,A00543,NORMAL,
C09000,2025-07-25,verified,A00585,NORMAL,
C09001,2025-06-29,verified,A00690,NORMAL,
C09002,2026-06-19,verified,A00638,NORMAL,
C09003,2026-08-15,verified,A00192,NORMAL,
C09004,2026-02-09,verified,A00080,LEGITIMATE_SHARED_RESOURCE,
C09005,2026-04-12,verified,A00261,NORMAL,
C09006,2026-08-13,verified,A00459,LEGITIMATE_SHARED_RESOURCE,
C09007,2026-04-01,pending,A00304,NORMAL,
C09008,2025-06-21,verified,A00323,NORMAL,
C09009,2026-08-05,verified,A00269,NORMAL,
C09010,2025-02-26,verified,A00697,NORMAL,
C09011,2026-04-13,verified,A00330,NORMAL,
C09012,2025-11-04,verified,A00050,LEGITIMATE_SHARED_RESOURCE,
C09013,2025-05-17,verified,A00398,NORMAL,
C09014,2025-12-02,verified,A00602,NORMAL,
C09015,2026-02-27,verified,A00609,NORMAL,
C09016,2025-09-15,pending,A00114,NORMAL,
C09017,2026-05-29,verified,A00080,NORMAL,
C09018,2026-03-16,verified,A00045,NORMAL,
C09019,2026-05-17,verified,A00118,NORMAL,
C09020,2025-02-17,verified,A00082,NORMAL,
C09021,2026-04-04,verified,A00482,NORMAL,
C09022,2026-02-16,verified,A00685,NORMAL,
C09023,2025-02-17,verified,A00164,ABUSE_RING,R0047
C09024,2025-01-15,verified,A00256,NORMAL,
C09025,2026-03-17,verified,A00134,LEGITIMATE_SHARED_RESOURCE,
C09026,2025-08-11,verified,A00140,ABUSE_RING,R0023
C09027,2025-09-12,verified,A00186,NORMAL,
C09028,2025-05-25,verified,A00319,NORMAL,
C09029,2025-04-14,verified,A00267,NORMAL,
C09030,2025-12-11,verified,A00412,LEGITIMATE_SHARED_RESOURCE,
C09031,2025-07-10,verified,A00112,NORMAL,
C09032,2025-06-01,verified,A00024,NORMAL,
C09033,2025-06-23,verified,A00663,LEGITIMATE_SHARED_RESOURCE,
C09034,2025-01-27,verified,A00109,NORMAL,
C09035,2025-03-23,verified,A00583,NORMAL,
C09036,2026-02-17,verified,A00357,NORMAL,
C09037,2025-06-13,verified,A00321,NORMAL,
C09038,2025-04-10,verified,A00399,NORMAL,
C09039,2025-11-24,verified,A00629,NORMAL,
C09040,2026-07-28,verified,A00311,ABUSE_RING,R0042
C09041,2025-11-28,verified,A00614,LEGITIMATE_SHARED_RESOURCE,
C09042,2025-06-30,verified,A00524,NORMAL,
C09043,2026-05-09,verified,A00503,NORMAL,
C09044,2025-06-06,verified,A00680,NORMAL,
C09045,2025-07-16,verified,A00102,NORMAL,
C09046,2025-10-21,verified,A00011,NORMAL,
C09047,2026-02-20,verified,A00243,LEGITIMATE_SHARED_RESOURCE,
C09048,2025-07-01,verified,A00375,NORMAL,
C09049,2026-06-26,verified,A00297,NORMAL,
C09050,2026-04-09,verified,A00675,LEGITIMATE_SHARED_RESOURCE,
C09051,2026-08-20,verified,A00022,NORMAL,
C09052,2026-03-01,verified,A00561,NORMAL,
C09053,2025-04-27,verified,A00132,LEGITIMATE_SHARED_RESOURCE,
C09054,2025-08-17,verified,A00484,NORMAL,
C09055,2025-03-15,verified,A00311,NORMAL,
C09056,2026-08-16,verified,A00099,NORMAL,
C09057,2025-04-18,verified,A00433,NORMAL,
C09058,2025-09-17,verified,A00630,NORMAL,
C09059,2025-02-25,verified,A00395,NORMAL,
C09060,2026-06-30,verified,A00479,NORMAL,
C09061,2026-06-12,verified,A00027,NORMAL,
C09062,2025-07-13,verified,A00146,NORMAL,
C09063,2026-04-17,verified,A00496,LEGITIMATE_SHARED_RESOURCE,
C09064,2025-02-08,verified,A00688,NORMAL,
C09065,2026-07-09,verified,A00341,LEGITIMATE_SHARED_RESOURCE,
C09066,2025-03-19,verified,A00520,NORMAL,
C09067,2025-12-16,verified,A00258,LEGITIMATE_SHARED_RESOURCE,
C09068,2025-07-04,pending,A00592,NORMAL,
C09069,2026-04-08,verified,A00056,LEGITIMATE_SHARED_RESOURCE,
C09070,2025-08-24,verified,A00474,NORMAL,
C09071,2026-05-21,verified,A00527,ABUSE_RING,R0070
C09072,2025-01-04,verified,A00259,NORMAL,
C09073,2025-04-03,verified,A00199,NORMAL,
C09074,2025-06-18,verified,A00428,ABUSE_RING,R0031
C09075,2025-11-16,verified,A00127,LEGITIMATE_SHARED_RESOURCE,
C09076,2025-01-09,verified,A00137,LEGITIMATE_SHARED_RESOURCE,
C09077,2025-07-30,verified,A00015,NORMAL,
C09078,2025-02-04,verified,A00700,NORMAL,
C09079,2026-07-19,pending,A00374,NORMAL,
C09080,2026-07-14,verified,A00195,NORMAL,
C09081,2025-08-17,verified,A00498,NORMAL,
C09082,2026-06-21,verified,A00235,NORMAL,
C09083,2025-11-02,verified,A00096,NORMAL,
C09084,2025-03-07,verified,A00449,NORMAL,
C09085,2025-10-17,verified,A00323,NORMAL,
C09086,2026-05-14,verified,A00325,NORMAL,
C09087,2025-03-28,verified,A00257,NORMAL,
C09088,2025-04-22,verified,A00430,NORMAL,
C09089,2025-03-13,verified,A00195,NORMAL,
C09090,2025-03-30,verified,A00232,MIXED,
C09091,2025-06-03,verified,A00596,NORMAL,
C09092,2026-04-15,verified,A00158,NORMAL,
C09093,2025-09-16,pending,A00409,LEGITIMATE_SHARED_RESOURCE,
C09094,2025-04-27,verified,A00050,NORMAL,
C09095,2025-08-22,verified,A00210,NORMAL,
C09096,2025-02-08,verified,A00341,NORMAL,
C09097,2026-01-28,verified,A00278,NORMAL,
C09098,2025-05-07,verified,A00160,NORMAL,
C09099,2026-05-17,verified,A00058,NORMAL,
C09100,2026-02-05,verified,A00503,MIXED,
C09101,2025-12-04,verified,A00233,NORMAL,
C09102,2025-07-06,verified,A00006,NORMAL,
C09103,2025-04-16,verified,A00328,NORMAL,
C09104,2025-02-26,pending,A00565,NORMAL,
C09105,2026-08-16,verified,A00629,NORMAL,
C09106,2026-06-01,verified,A00605,LEGITIMATE_SHARED_RESOURCE,
C09107,2025-06-05,verified,A00230,LEGITIMATE_SHARED_RESOURCE,
C09108,2025-07-31,verified,A00032,NORMAL,
C09109,2025-09-17,verified,A00043,ABUSE_RING,R0024
C09110,2025-08-10,verified,A00527,NORMAL,
C09111,2026-02-24,pending,A00509,NORMAL,
C09112,2025-06-18,verified,A00199,NORMAL,
C09113,2025-02-05,verified,A00516,NORMAL,
C09114,2026-04-14,verified,A00281,NORMAL,
C09115,2025-12-10,verified,A00588,NORMAL,
C09116,2026-01-14,verified,A00630,LEGITIMATE_SHARED_RESOURCE,
C09117,2026-03-29,verified,A00150,LEGITIMATE_SHARED_RESOURCE,
C09118,2026-07-04,verified,A00342,LEGITIMATE_SHARED_RESOURCE,
C09119,2026-07-10,verified,A00640,NORMAL,
C09120,2025-09-05,verified,A00041,NORMAL,
C09121,2025-06-08,verified,A00436,NORMAL,
C09122,2025-07-20,pending,A00304,NORMAL,
C09123,2026-07-02,pending,A00430,NORMAL,
C09124,2026-01-06,verified,A00098,NORMAL,
C09125,2025-05-17,verified,A00057,NORMAL,
C09126,2026-02-23,verified,A00357,NORMAL,
C09127,2025-11-22,verified,A00162,LEGITIMATE_SHARED_RESOURCE,
C09128,2025-05-08,verified,A00612,NORMAL,
C09129,2025-12-06,verified,A00408,LEGITIMATE_SHARED_RESOURCE,
C09130,2025-04-23,verified,A00401,ABUSE_RING,R0019
C09131,2026-04-29,verified,A00702,NORMAL,
C09132,2025-12-12,verified,A00108,LEGITIMATE_SHARED_RESOURCE,
C09133,2025-08-05,verified,A00117,NORMAL,
C09134,2025-05-14,verified,A00648,ABUSE_RING,R0082
C09135,2026-07-04,verified,A00533,NORMAL,
C09136,2025-03-10,verified,A00173,LEGITIMATE_SHARED_RESOURCE,
C09137,2025-08-06,verified,A00687,NORMAL,
C09138,2025-11-29,verified,A00260,NORMAL,
C09139,2026-04-07,verified,A00328,NORMAL,
C09140,2026-01-02,verified,A00364,NORMAL,
C09141,2025-02-14,verified,A00332,NORMAL,
C09142,2025-11-27,verified,A00531,ABUSE_RING,R0012
C09143,2025-12-10,verified,A00648,LEGITIMATE_SHARED_RESOURCE,
C09144,2025-02-14,verified,A00052,NORMAL,
C09145,2025-11-10,verified,A00562,LEGITIMATE_SHARED_RESOURCE,
C09146,2026-05-02,verified,A00553,NORMAL,
C09147,2026-08-16,verified,A00637,LEGITIMATE_SHARED_RESOURCE,
C09148,2026-07-12,verified,A00312,NORMAL,
C09149,2025-10-14,verified,A00406,NORMAL,
C09150,2025-02-09,verified,A00398,NORMAL,
C09151,2026-08-17,verified,A00036,LEGITIMATE_SHARED_RESOURCE,
C09152,2026-08-08,verified,A00611,NORMAL,
C09153,2025-11-11,verified,A00696,LEGITIMATE_SHARED_RESOURCE,
C09154,2025-05-16,verified,A00580,NORMAL,
C09155,2026-06-24,verified,A00019,NORMAL,
C09156,2025-07-11,pending,A00509,NORMAL,
C09157,2026-04-22,verified,A00053,NORMAL,
C09158,2026-06-30,pending,A00516,NORMAL,
C09159,2025-04-03,verified,A00021,NORMAL,
C09160,2025-06-16,pending,A00226,NORMAL,
C09161,2025-07-31,verified,A00397,NORMAL,
C09162,2026-04-22,verified,A00354,NORMAL,
C09163,2025-05-25,verified,A00593,NORMAL,
C09164,2025-05-20,verified,A00554,NORMAL,
C09165,2025-11-11,verified,A00148,NORMAL,
C09166,2026-04-05,verified,A00107,NORMAL,
C09167,2025-08-18,verified,A00226,NORMAL,
C09168,2025-09-12,verified,A00367,LEGITIMATE_SHARED_RESOURCE,
C09169,2026-06-17,verified,A00522,NORMAL,
C09170,2025-09-24,verified,A00707,ABUSE_RING,R0062
C09171,2025-01-18,verified,A00081,NORMAL,
C09172,2026-03-09,verified,A00282,NORMAL,
C09173,2025-07-01,verified,A00132,NORMAL,
C09174,2025-04-25,verified,A00334,NORMAL,
C09175,2025-11-05,verified,A00318,NORMAL,
C09176,2026-06-11,verified,A00016,LEGITIMATE_SHARED_RESOURCE,
C09177,2025-05-30,verified,A00418,NORMAL,
C09178,2025-03-16,verified,A00708,LEGITIMATE_SHARED_RESOURCE,
C09179,2025-03-14,verified,A00547,LEGITIMATE_SHARED_RESOURCE,
C09180,2025-04-06,verified,A00507,NORMAL,
C09181,2025-04-15,verified,A00494,NORMAL,
C09182,2026-05-12,verified,A00502,NORMAL,
C09183,2025-08-26,verified,A00635,NORMAL,
C09184,2025-12-09,pending,A00311,NORMAL,
C09185,2026-02-08,verified,A00195,NORMAL,
C09186,2026-05-21,verified,A00316,NORMAL,
C09187,2025-02-10,verified,A00183,LEGITIMATE_SHARED_RESOURCE,
C09188,2025-11-02,verified,A00311,NORMAL,
C09189,2025-01-21,verified,A00078,NORMAL,
C09190,2026-04-01,verified,A00435,LEGITIMATE_SHARED_RESOURCE,
C09191,2025-07-30,pending,A00318,NORMAL,
C09192,2025-07-24,verified,A00281,NORMAL,
C09193,2025-12-12,verified,A00034,NORMAL,
C09194,2025-03-28,verified,A00017,NORMAL,
C09195,2025-09-15,verified,A00164,LEGITIMATE_SHARED_RESOURCE,
C09196,2026-06-26,pending,A00550,NORMAL,
C09197,2026-03-12,verified,A00450,ABUSE_RING,R0019
C09198,2025-12-20,verified,A00409,LEGITIMATE_SHARED_RESOURCE,
C09199,2026-05-29,verified,A00207,NORMAL,
C09200,2026-01-27,verified,A00155,NORMAL,
C09201,2025-02-05,verified,A00536,NORMAL,
C09202,2025-04-07,verified,A00364,LEGITIMATE_SHARED_RESOURCE,
C09203,2025-07-15,verified,A00597,NORMAL,
C09204,2026-08-16,verified,A00002,NORMAL,
C09205,2026-06-22,verified,A00035,LEGITIMATE_SHARED_RESOURCE,
C09206,2025-03-10,verified,A00390,NORMAL,
C09207,2025-04-26,pending,A00481,NORMAL,
C09208,2025-02-28,verified,A00168,NORMAL,
C09209,2026-05-03,verified,A00234,NORMAL,
C09210,2025-05-13,verified,A00400,NORMAL,
C09211,2026-04-18,verified,A00237,LEGITIMATE_SHARED_RESOURCE,
C09212,2025-04-02,verified,A00707,LEGITIMATE_SHARED_RESOURCE,
C09213,2026-02-02,verified,A00342,LEGITIMATE_SHARED_RESOURCE,
C09214,2025-01-30,verified,A00530,NORMAL,
C09215,2025-06-29,verified,A00272,LEGITIMATE_SHARED_RESOURCE,
C09216,2025-07-23,verified,A00585,NORMAL,
C09217,2026-03-19,verified,A00313,NORMAL,
C09218,2026-04-04,verified,A00503,NORMAL,
C09219,2025-08-07,pending,A00256,NORMAL,
C09220,2026-05-19,verified,A00606,NORMAL,
C09221,2025-06-18,verified,A00665,NORMAL,
C09222,2025-03-30,verified,A00142,NORMAL,
C09223,2025-11-10,pending,A00403,ABUSE_RING,R0020
C09224,2025-03-15,verified,A00702,NORMAL,
C09225,2025-10-23,verified,A00367,NORMAL,
C09226,2026-02-10,verified,A00154,ABUSE_RING,R0090
C09227,2026-04-04,verified,A00380,LEGITIMATE_SHARED_RESOURCE,
C09228,2025-01-28,pending,A00417,NORMAL,
C09229,2026-01-03,verified,A00172,LEGITIMATE_SHARED_RESOURCE,
C09230,2026-01-27,verified,A00440,LEGITIMATE_SHARED_RESOURCE,
C09231,2026-08-20,verified,A00284,LEGITIMATE_SHARED_RESOURCE,
C09232,2025-08-16,verified,A00535,NORMAL,
C09233,2025-03-14,verified,A00348,NORMAL,
C09234,2026-07-28,pending,A00190,NORMAL,
C09235,2025-11-24,verified,A00174,NORMAL,
C09236,2025-03-27,verified,A00277,NORMAL,
C09237,2026-05-02,verified,A00307,NORMAL,
C09238,2025-11-01,verified,A00151,LEGITIMATE_SHARED_RESOURCE,
C09239,2025-09-30,verified,A00150,LEGITIMATE_SHARED_RESOURCE,
C09240,2026-03-03,verified,A00159,NORMAL,
C09241,2026-03-09,verified,A00405,NORMAL,
C09242,2025-02-26,verified,A00305,NORMAL,
C09243,2025-09-10,verified,A00028,NORMAL,
C09244,2026-03-26,verified,A00475,NORMAL,
C09245,2026-02-07,verified,A00707,NORMAL,
C09246,2025-01-11,pending,A00366,NORMAL,
C09247,2025-08-12,verified,A00224,NORMAL,
C09248,2026-05-08,verified,A00215,NORMAL,
C09249,2026-04-19,verified,A00386,NORMAL,
C09250,2026-01-24,verified,A00618,NORMAL,
C09251,2025-08-18,verified,A00494,NORMAL,
C09252,2025-07-09,verified,A00181,ABUSE_RING,R0014
C09253,2025-09-21,verified,A00523,NORMAL,
C09254,2025-11-16,verified,A00074,ABUSE_RING,R0064
C09255,2025-06-30,verified,A00684,NORMAL,
C09256,2026-05-19,verified,A00109,NORMAL,
C09257,2025-05-17,verified,A00517,NORMAL,
C09258,2025-05-29,verified,A00109,NORMAL,
C09259,2025-06-13,verified,A00598,LEGITIMATE_SHARED_RESOURCE,
C09260,2026-07-21,verified,A00624,NORMAL,
C09261,2026-08-04,verified,A00294,NORMAL,
C09262,2026-06-02,verified,A00320,NORMAL,
C09263,2025-02-08,verified,A00565,NORMAL,
C09264,2025-05-05,verified,A00470,NORMAL,
C09265,2025-12-22,verified,A00093,MIXED,
C09266,2025-01-11,verified,A00038,NORMAL,
C09267,2026-07-27,verified,A00193,NORMAL,
C09268,2025-05-27,verified,A00534,NORMAL,
C09269,2026-02-07,verified,A00273,LEGITIMATE_SHARED_RESOURCE,
C09270,2026-06-18,verified,A00388,NORMAL,
C09271,2025-06-13,verified,A00077,NORMAL,
C09272,2026-02-01,verified,A00402,NORMAL,
C09273,2025-07-18,verified,A00549,NORMAL,
C09274,2026-03-06,verified,A00072,NORMAL,
C09275,2025-07-06,verified,A00270,NORMAL,
C09276,2025-04-24,verified,A00132,NORMAL,
C09277,2026-05-30,verified,A00496,LEGITIMATE_SHARED_RESOURCE,
C09278,2026-05-29,verified,A00307,NORMAL,
C09279,2026-04-21,verified,A00008,NORMAL,
C09280,2025-04-27,verified,A00596,NORMAL,
C09281,2026-01-20,pending,A00017,ABUSE_RING,R0059
C09282,2025-06-04,verified,A00198,NORMAL,
C09283,2026-01-25,verified,A00032,NORMAL,
C09284,2026-02-14,verified,A00250,NORMAL,
C09285,2026-07-28,verified,A00484,NORMAL,
C09286,2026-07-08,verified,A00397,NORMAL,
C09287,2025-05-21,pending,A00336,NORMAL,
C09288,2025-10-29,verified,A00375,LEGITIMATE_SHARED_RESOURCE,
C09289,2025-03-11,verified,A00020,NORMAL,
C09290,2025-11-15,verified,A00580,NORMAL,
C09291,2026-03-02,verified,A00565,NORMAL,
C09292,2025-12-29,verified,A00373,NORMAL,
C09293,2025-05-22,verified,A00050,LEGITIMATE_SHARED_RESOURCE,
C09294,2025-12-14,verified,A00059,NORMAL,
C09295,2025-10-12,verified,A00090,NORMAL,
C09296,2025-01-23,verified,A00659,NORMAL,
C09297,2026-01-26,verified,A00013,LEGITIMATE_SHARED_RESOURCE,
C09298,2026-01-18,verified,A00046,LEGITIMATE_SHARED_RESOURCE,
C09299,2026-08-16,verified,A00161,NORMAL,
C09300,2025-09-25,verified,A00656,NORMAL,
C09301,2026-05-31,verified,A00540,NORMAL,
C09302,2026-06-08,verified,A00159,NORMAL,
C09303,2026-01-19,verified,A00058,NORMAL,
C09304,2025-06-22,verified,A00422,NORMAL,
C09305,2026-07-10,verified,A00413,NORMAL,
C09306,2025-02-14,verified,A00552,MIXED,R0117
C09307,2025-07-06,verified,A00096,LEGITIMATE_SHARED_RESOURCE,
C09308,2025-09-21,verified,A00621,NORMAL,
C09309,2026-02-08,pending,A00445,NORMAL,
C09310,2025-04-07,verified,A00494,NORMAL,
C09311,2026-07-20,verified,A00375,ABUSE_RING,R0099
C09312,2025-09-22,verified,A00566,NORMAL,
C09313,2025-07-12,pending,A00089,NORMAL,
C09314,2025-03-12,verified,A00572,NORMAL,
C09315,2025-08-14,verified,A00387,NORMAL,
C09316,2026-02-02,verified,A00313,NORMAL,
C09317,2025-10-19,verified,A00290,NORMAL,
C09318,2026-04-23,verified,A00235,LEGITIMATE_SHARED_RESOURCE,
C09319,2025-02-23,verified,A00659,NORMAL,
C09320,2025-05-26,verified,A00477,LEGITIMATE_SHARED_RESOURCE,
C09321,2026-07-15,verified,A00275,NORMAL,
C09322,2025-12-16,verified,A00445,NORMAL,
C09323,2025-03-08,verified,A00337,LEGITIMATE_SHARED_RESOURCE,
C09324,2025-12-25,verified,A00661,NORMAL,
C09325,2025-03-20,verified,A00004,LEGITIMATE_SHARED_RESOURCE,
C09326,2026-01-28,verified,A00059,LEGITIMATE_SHARED_RESOURCE,
C09327,2026-01-14,verified,A00506,NORMAL,
C09328,2026-03-15,verified,A00078,NORMAL,
C09329,2026-04-28,pending,A00162,NORMAL,
C09330,2026-01-26,verified,A00292,NORMAL,
C09331,2026-04-28,verified,A00464,NORMAL,
C09332,2025-10-27,pending,A00030,NORMAL,
C09333,2025-06-03,verified,A00510,NORMAL,
C09334,2025-05-18,pending,A00509,NORMAL,
C09335,2025-07-27,verified,A00602,NORMAL,
C09336,2026-03-14,verified,A00599,LEGITIMATE_SHARED_RESOURCE,
C09337,2025-11-09,verified,A00382,NORMAL,
C09338,2025-06-06,verified,A00300,NORMAL,
C09339,2026-01-16,verified,A00322,NORMAL,
C09340,2026-07-24,verified,A00710,NORMAL,
C09341,2026-07-14,verified,A00201,NORMAL,
C09342,2026-07-21,verified,A00303,NORMAL,
C09343,2025-11-07,verified,A00706,LEGITIMATE_SHARED_RESOURCE,
C09344,2026-07-25,verified,A00402,NORMAL,
C09345,2026-06-20,verified,A00311,LEGITIMATE_SHARED_RESOURCE,
C09346,2026-01-18,verified,A00590,NORMAL,
C09347,2025-12-29,pending,A00466,LEGITIMATE_SHARED_RESOURCE,
C09348,2025-07-21,verified,A00068,NORMAL,
C09349,2025-12-17,verified,A00463,LEGITIMATE_SHARED_RESOURCE,
C09350,2026-08-15,pending,A00481,LEGITIMATE_SHARED_RESOURCE,
C09351,2025-05-15,verified,A00353,LEGITIMATE_SHARED_RESOURCE,
C09352,2026-03-11,verified,A00665,NORMAL,
C09353,2025-01-22,verified,A00643,NORMAL,
C09354,2025-08-21,verified,A00493,LEGITIMATE_SHARED_RESOURCE,
C09355,2026-02-17,verified,A00093,NORMAL,
C09356,2026-02-08,verified,A00635,LEGITIMATE_SHARED_RESOURCE,
C09357,2025-10-18,verified,A00512,NORMAL,
C09358,2025-07-31,pending,A00592,LEGITIMATE_SHARED_RESOURCE,
C09359,2026-04-07,verified,A00475,NORMAL,
C09360,2026-01-28,verified,A00419,NORMAL,
C09361,2025-10-30,pending,A00512,NORMAL,
C09362,2025-04-22,verified,A00083,NORMAL,
C09363,2026-05-09,verified,A00233,NORMAL,
C09364,2025-09-30,verified,A00443,ABUSE_RING,R0059
C09365,2025-04-21,pending,A00589,MIXED,R0138
C09366,2026-03-28,verified,A00353,NORMAL,
C09367,2025-04-27,verified,A00498,NORMAL,
C09368,2025-11-20,verified,A00224,NORMAL,
C09369,2025-10-17,verified,A00060,NORMAL,
C09370,2026-02-27,verified,A00121,LEGITIMATE_SHARED_RESOURCE,
C09371,2025-02-05,verified,A00393,NORMAL,
C09372,2025-07-06,verified,A00426,NORMAL,
C09373,2026-03-06,pending,A00167,NORMAL,
C09374,2026-04-11,verified,A00517,LEGITIMATE_SHARED_RESOURCE,
C09375,2025-09-02,verified,A00183,NORMAL,
C09376,2026-01-24,pending,A00504,NORMAL,
C09377,2025-07-24,verified,A00423,NORMAL,
C09378,2026-06-14,verified,A00199,NORMAL,
C09379,2026-03-07,verified,A00074,ABUSE_RING,R0044
C09380,2025-05-10,verified,A00046,LEGITIMATE_SHARED_RESOURCE,
C09381,2026-03-17,verified,A00705,NORMAL,
C09382,2026-04-05,verified,A00470,NORMAL,
C09383,2025-05-04,pending,A00433,NORMAL,
C09384,2026-08-22,verified,A00309,LEGITIMATE_SHARED_RESOURCE,
C09385,2026-04-25,verified,A00016,NORMAL,
C09386,2025-03-16,verified,A00557,NORMAL,
C09387,2025-08-05,pending,A00602,LEGITIMATE_SHARED_RESOURCE,
C09388,2025-09-19,verified,A00300,LEGITIMATE_SHARED_RESOURCE,
C09389,2025-03-22,verified,A00392,NORMAL,
C09390,2025-10-10,verified,A00500,NORMAL,
C09391,2025-04-21,verified,A00002,NORMAL,
C09392,2026-03-18,verified,A00695,NORMAL,
C09393,2026-02-07,verified,A00170,LEGITIMATE_SHARED_RESOURCE,
C09394,2026-07-16,verified,A00206,NORMAL,
C09395,2025-02-21,verified,A00336,NORMAL,
C09396,2026-01-19,verified,A00670,NORMAL,
C09397,2026-06-06,verified,A00547,NORMAL,
C09398,2025-12-10,verified,A00154,NORMAL,
C09399,2025-06-05,verified,A00054,NORMAL,
C09400,2025-01-19,verified,A00355,NORMAL,
C09401,2026-05-05,verified,A00314,LEGITIMATE_SHARED_RESOURCE,
C09402,2025-04-29,verified,A00139,ABUSE_RING,R0008
C09403,2025-02-27,verified,A00675,NORMAL,
C09404,2025-01-03,verified,A00293,NORMAL,
C09405,2025-05-28,verified,A00388,LEGITIMATE_SHARED_RESOURCE,
C09406,2026-07-17,verified,A00178,LEGITIMATE_SHARED_RESOURCE,
C09407,2025-03-11,pending,A00029,NORMAL,
C09408,2025-10-15,verified,A00440,NORMAL,
C09409,2026-03-04,verified,A00484,NORMAL,
C09410,2025-01-29,pending,A00687,NORMAL,
C09411,2026-07-26,verified,A00501,LEGITIMATE_SHARED_RESOURCE,
C09412,2026-02-02,verified,A00083,ABUSE_RING,R0107
C09413,2026-03-21,verified,A00151,NORMAL,
C09414,2025-08-29,verified,A00399,LEGITIMATE_SHARED_RESOURCE,
C09415,2025-12-18,verified,A00407,NORMAL,
C09416,2026-01-09,verified,A00553,NORMAL,
C09417,2025-01-03,verified,A00691,LEGITIMATE_SHARED_RESOURCE,
C09418,2025-04-09,verified,A00426,NORMAL,
C09419,2026-01-02,verified,A00701,NORMAL,
C09420,2025-04-15,verified,A00433,LEGITIMATE_SHARED_RESOURCE,
C09421,2026-02-22,verified,A00172,LEGITIMATE_SHARED_RESOURCE,
C09422,2025-06-06,pending,A00040,NORMAL,
C09423,2026-07-11,verified,A00065,NORMAL,
C09424,2025-01-29,verified,A00244,NORMAL,
C09425,2025-01-22,verified,A00373,NORMAL,
C09426,2025-01-26,verified,A00391,NORMAL,
C09427,2025-08-30,verified,A00267,NORMAL,
C09428,2026-05-12,verified,A00302,NORMAL,
C09429,2026-06-27,verified,A00273,NORMAL,
C09430,2026-02-11,verified,A00689,NORMAL,
C09431,2026-07-26,verified,A00455,NORMAL,
C09432,2025-11-06,verified,A00480,NORMAL,
C09433,2026-08-04,verified,A00310,NORMAL,
C09434,2025-08-01,verified,A00292,NORMAL,
C09435,2025-04-26,verified,A00479,NORMAL,
C09436,2026-01-13,verified,A00395,NORMAL,
C09437,2025-04-02,verified,A00615,NORMAL,
C09438,2026-02-12,verified,A00228,NORMAL,
C09439,2025-06-24,pending,A00242,NORMAL,
C09440,2026-08-21,pending,A00636,LEGITIMATE_SHARED_RESOURCE,
C09441,2026-01-18,verified,A00692,NORMAL,
C09442,2026-05-10,verified,A00085,LEGITIMATE_SHARED_RESOURCE,
C09443,2025-02-10,verified,A00138,NORMAL,
C09444,2025-04-15,verified,A00515,LEGITIMATE_SHARED_RESOURCE,
C09445,2025-01-05,pending,A00471,LEGITIMATE_SHARED_RESOURCE,
C09446,2025-06-03,verified,A00488,NORMAL,
C09447,2025-02-04,verified,A00340,NORMAL,
C09448,2025-03-19,verified,A00635,NORMAL,
C09449,2025-08-18,verified,A00549,NORMAL,
C09450,2025-08-08,pending,A00064,NORMAL,
C09451,2025-01-19,verified,A00642,NORMAL,
C09452,2026-06-07,verified,A00682,ABUSE_RING,R0090
C09453,2026-04-27,verified,A00616,NORMAL,
C09454,2025-03-26,verified,A00249,LEGITIMATE_SHARED_RESOURCE,
C09455,2025-01-11,verified,A00034,NORMAL,
C09456,2025-03-31,pending,A00375,LEGITIMATE_SHARED_RESOURCE,
C09457,2026-08-23,verified,A00359,NORMAL,
C09458,2025-06-13,verified,A00114,NORMAL,
C09459,2025-03-22,verified,A00450,LEGITIMATE_SHARED_RESOURCE,
C09460,2026-02-08,verified,A00421,NORMAL,
C09461,2026-05-19,pending,A00191,NORMAL,
C09462,2025-10-09,verified,A00523,LEGITIMATE_SHARED_RESOURCE,
C09463,2026-02-03,pending,A00025,NORMAL,
C09464,2025-09-12,pending,A00529,NORMAL,
C09465,2025-11-16,verified,A00099,NORMAL,
C09466,2026-08-04,verified,A00595,NORMAL,
C09467,2025-07-11,verified,A00271,NORMAL,
C09468,2026-08-23,verified,A00278,LEGITIMATE_SHARED_RESOURCE,
C09469,2025-09-18,verified,A00270,NORMAL,
C09470,2025-01-29,verified,A00410,NORMAL,
C09471,2026-03-19,pending,A00088,NORMAL,
C09472,2025-12-20,verified,A00182,NORMAL,
C09473,2025-05-12,verified,A00606,NORMAL,
C09474,2026-05-18,verified,A00692,ABUSE_RING,R0111
C09475,2025-10-12,verified,A00396,NORMAL,
C09476,2025-03-09,verified,A00575,ABUSE_RING,R0065
C09477,2025-06-22,verified,A00346,NORMAL,
C09478,2025-05-02,verified,A00181,NORMAL,
C09479,2025-03-18,verified,A00495,NORMAL,
C09480,2025-06-24,verified,A00387,LEGITIMATE_SHARED_RESOURCE,
C09481,2025-03-04,verified,A00079,LEGITIMATE_SHARED_RESOURCE,
C09482,2026-06-09,verified,A00540,NORMAL,
C09483,2025-02-09,verified,A00117,LEGITIMATE_SHARED_RESOURCE,
C09484,2026-04-08,pending,A00003,NORMAL,
C09485,2026-06-23,verified,A00114,NORMAL,
C09486,2025-07-24,verified,A00531,LEGITIMATE_SHARED_RESOURCE,
C09487,2025-11-11,verified,A00201,NORMAL,
C09488,2025-06-03,pending,A00159,LEGITIMATE_SHARED_RESOURCE,
C09489,2025-03-02,verified,A00708,LEGITIMATE_SHARED_RESOURCE,
C09490,2026-01-02,verified,A00229,LEGITIMATE_SHARED_RESOURCE,
C09491,2026-03-18,verified,A00384,LEGITIMATE_SHARED_RESOURCE,
C09492,2026-08-18,verified,A00490,NORMAL,
C09493,2025-01-27,verified,A00192,NORMAL,
C09494,2026-05-06,verified,A00590,NORMAL,
C09495,2025-06-10,verified,A00269,NORMAL,
C09496,2026-03-17,verified,A00631,NORMAL,
C09497,2026-07-05,verified,A00074,NORMAL,
C09498,2025-03-13,verified,A00147,LEGITIMATE_SHARED_RESOURCE,
C09499,2025-03-29,verified,A00234,NORMAL,
C09500,2026-05-07,verified,A00442,LEGITIMATE_SHARED_RESOURCE,
C09501,2025-03-15,verified,A00095,NORMAL,
C09502,2026-01-31,pending,A00487,LEGITIMATE_SHARED_RESOURCE,
C09503,2025-07-05,verified,A00055,LEGITIMATE_SHARED_RESOURCE,
C09504,2025-06-04,verified,A00300,NORMAL,
C09505,2025-03-23,verified,A00170,NORMAL,
C09506,2026-03-04,verified,A00017,ABUSE_RING,R0050
C09507,2026-07-02,verified,A00563,NORMAL,
C09508,2025-07-31,verified,A00020,NORMAL,
C09509,2026-08-16,verified,A00232,NORMAL,
C09510,2025-05-06,verified,A00244,NORMAL,
C09511,2026-07-03,verified,A00262,NORMAL,
C09512,2025-03-10,verified,A00254,LEGITIMATE_SHARED_RESOURCE,
C09513,2025-04-03,verified,A00529,NORMAL,
C09514,2025-06-21,verified,A00494,NORMAL,
C09515,2025-08-25,verified,A00603,NORMAL,
C09516,2026-04-19,verified,A00554,NORMAL,
C09517,2026-06-16,verified,A00184,NORMAL,
C09518,2026-06-26,verified,A00473,NORMAL,
C09519,2025-03-16,verified,A00042,NORMAL,
C09520,2025-11-06,verified,A00238,NORMAL,
C09521,2026-06-04,verified,A00409,ABUSE_RING,R0101
C09522,2026-06-01,verified,A00602,NORMAL,
C09523,2025-01-08,verified,A00496,NORMAL,
C09524,2026-04-15,verified,A00289,NORMAL,
C09525,2025-06-11,verified,A00468,NORMAL,
C09526,2025-02-05,verified,A00474,NORMAL,
C09527,2026-06-27,verified,A00153,NORMAL,
C09528,2026-01-18,verified,A00602,NORMAL,
C09529,2025-03-09,verified,A00537,NORMAL,
C09530,2025-11-27,verified,A00070,LEGITIMATE_SHARED_RESOURCE,
C09531,2025-08-20,verified,A00472,LEGITIMATE_SHARED_RESOURCE,
C09532,2025-09-25,verified,A00689,LEGITIMATE_SHARED_RESOURCE,
C09533,2025-12-10,verified,A00125,NORMAL,
C09534,2026-08-20,verified,A00288,NORMAL,
C09535,2025-06-24,verified,A00211,NORMAL,
C09536,2025-09-24,verified,A00180,NORMAL,
C09537,2026-01-17,verified,A00669,NORMAL,
C09538,2026-06-03,pending,A00340,NORMAL,
C09539,2025-03-07,verified,A00538,NORMAL,
C09540,2025-06-05,verified,A00106,LEGITIMATE_SHARED_RESOURCE,
C09541,2026-03-31,verified,A00002,LEGITIMATE_SHARED_RESOURCE,
C09542,2026-06-20,verified,A00281,NORMAL,
C09543,2026-07-03,verified,A00083,LEGITIMATE_SHARED_RESOURCE,
C09544,2025-12-14,verified,A00647,NORMAL,
C09545,2026-03-20,verified,A00407,NORMAL,
C09546,2025-01-12,verified,A00460,ABUSE_RING,R0002
C09547,2025-05-18,verified,A00347,NORMAL,
C09548,2025-09-14,verified,A00508,NORMAL,
C09549,2026-05-26,verified,A00524,NORMAL,
C09550,2026-07-15,verified,A00461,LEGITIMATE_SHARED_RESOURCE,
C09551,2026-03-22,verified,A00378,NORMAL,
C09552,2025-07-14,verified,A00483,NORMAL,
C09553,2026-06-21,verified,A00115,NORMAL,
C09554,2025-01-12,verified,A00680,NORMAL,
C09555,2025-05-02,verified,A00155,LEGITIMATE_SHARED_RESOURCE,
C09556,2025-04-27,pending,A00533,NORMAL,
C09557,2026-08-06,verified,A00492,NORMAL,
C09558,2025-09-19,verified,A00292,NORMAL,
C09559,2026-03-08,verified,A00207,NORMAL,
C09560,2025-04-03,verified,A00710,LEGITIMATE_SHARED_RESOURCE,
C09561,2025-04-01,verified,A00354,NORMAL,
C09562,2025-03-17,verified,A00631,NORMAL,
C09563,2025-04-28,verified,A00020,NORMAL,
C09564,2026-05-21,verified,A00278,NORMAL,
C09565,2025-10-12,verified,A00614,LEGITIMATE_SHARED_RESOURCE,
C09566,2026-01-21,verified,A00590,NORMAL,
C09567,2025-07-05,verified,A00026,NORMAL,
C09568,2026-01-25,verified,A00436,NORMAL,
C09569,2025-03-08,verified,A00632,NORMAL,
C09570,2025-01-15,verified,A00669,NORMAL,
C09571,2025-10-06,verified,A00301,NORMAL,
C09572,2025-06-17,pending,A00166,NORMAL,
C09573,2025-10-03,verified,A00476,NORMAL,
C09574,2025-05-03,verified,A00064,LEGITIMATE_SHARED_RESOURCE,
C09575,2026-01-27,verified,A00667,NORMAL,
C09576,2025-10-31,verified,A00500,NORMAL,
C09577,2025-07-23,verified,A00026,NORMAL,
C09578,2026-06-26,verified,A00198,LEGITIMATE_SHARED_RESOURCE,
C09579,2025-12-15,verified,A00578,NORMAL,
C09580,2026-07-28,verified,A00280,NORMAL,
C09581,2025-08-02,verified,A00617,NORMAL,
C09582,2026-01-05,pending,A00117,ABUSE_RING,R0097
C09583,2025-08-30,verified,A00071,LEGITIMATE_SHARED_RESOURCE,
C09584,2026-02-23,verified,A00382,NORMAL,
C09585,2025-10-02,verified,A00251,LEGITIMATE_SHARED_RESOURCE,
C09586,2025-07-07,verified,A00581,NORMAL,
C09587,2025-08-13,verified,A00127,NORMAL,
C09588,2026-03-05,verified,A00565,NORMAL,
C09589,2026-06-13,verified,A00673,LEGITIMATE_SHARED_RESOURCE,
C09590,2026-05-24,verified,A00485,NORMAL,
C09591,2026-05-09,verified,A00055,NORMAL,
C09592,2025-11-12,verified,A00577,NORMAL,
C09593,2026-05-25,verified,A00515,NORMAL,
C09594,2026-06-10,verified,A00280,NORMAL,
C09595,2025-05-26,verified,A00114,NORMAL,
C09596,2026-01-20,verified,A00436,LEGITIMATE_SHARED_RESOURCE,
C09597,2025-11-20,verified,A00364,NORMAL,
C09598,2026-01-04,verified,A00614,NORMAL,
C09599,2025-06-16,verified,A00019,NORMAL,
C09600,2025-07-28,pending,A00499,NORMAL,
C09601,2026-03-19,pending,A00412,NORMAL,
C09602,2025-11-03,verified,A00273,NORMAL,
C09603,2025-11-10,verified,A00403,NORMAL,
C09604,2026-06-15,pending,A00606,NORMAL,
C09605,2025-11-04,verified,A00222,NORMAL,
C09606,2025-06-15,verified,A00407,NORMAL,
C09607,2026-08-19,verified,A00641,NORMAL,
C09608,2026-07-21,verified,A00101,NORMAL,
C09609,2026-07-08,verified,A00117,NORMAL,
C09610,2025-07-14,verified,A00194,NORMAL,
C09611,2025-01-18,pending,A00037,NORMAL,
C09612,2025-01-30,verified,A00439,NORMAL,
C09613,2025-12-16,verified,A00169,NORMAL,
C09614,2025-07-27,verified,A00684,MIXED,R0133
C09615,2025-05-07,verified,A00049,LEGITIMATE_SHARED_RESOURCE,
C09616,2025-03-20,verified,A00440,LEGITIMATE_SHARED_RESOURCE,
C09617,2025-03-13,verified,A00250,LEGITIMATE_SHARED_RESOURCE,
C09618,2026-03-18,verified,A00061,NORMAL,
C09619,2026-02-28,verified,A00554,NORMAL,
C09620,2025-02-02,verified,A00370,NORMAL,
C09621,2025-03-19,verified,A00318,NORMAL,
C09622,2025-02-17,verified,A00506,LEGITIMATE_SHARED_RESOURCE,
C09623,2026-05-15,verified,A00037,NORMAL,
C09624,2025-08-30,verified,A00525,NORMAL,
C09625,2026-06-26,verified,A00472,NORMAL,
C09626,2025-10-28,verified,A00230,NORMAL,
C09627,2025-07-06,verified,A00540,NORMAL,
C09628,2025-11-17,verified,A00229,NORMAL,
C09629,2025-08-24,verified,A00680,LEGITIMATE_SHARED_RESOURCE,
C09630,2025-01-06,pending,A00189,NORMAL,
C09631,2025-08-17,verified,A00095,NORMAL,
C09632,2026-05-25,verified,A00674,NORMAL,
C09633,2025-05-18,pending,A00109,NORMAL,
C09634,2025-05-01,verified,A00179,NORMAL,
C09635,2026-07-02,verified,A00254,LEGITIMATE_SHARED_RESOURCE,
C09636,2025-01-29,verified,A00331,LEGITIMATE_SHARED_RESOURCE,
C09637,2025-03-17,verified,A00465,NORMAL,
C09638,2025-03-29,verified,A00361,NORMAL,
C09639,2026-06-18,verified,A00471,NORMAL,
C09640,2026-08-12,verified,A00053,NORMAL,
C09641,2025-12-07,verified,A00250,NORMAL,
C09642,2025-08-11,verified,A00262,NORMAL,
C09643,2026-04-15,verified,A00462,NORMAL,
C09644,2026-02-18,pending,A00540,NORMAL,
C09645,2025-12-11,verified,A00203,NORMAL,
C09646,2025-09-25,verified,A00395,NORMAL,
C09647,2025-10-08,verified,A00160,NORMAL,
C09648,2025-11-28,verified,A00211,LEGITIMATE_SHARED_RESOURCE,
C09649,2026-05-04,verified,A00225,LEGITIMATE_SHARED_RESOURCE,
C09650,2025-01-11,verified,A00008,NORMAL,
C09651,2025-10-06,verified,A00391,NORMAL,
C09652,2026-02-19,verified,A00156,NORMAL,
C09653,2025-08-30,verified,A00668,NORMAL,
C09654,2025-06-30,verified,A00661,NORMAL,
C09655,2025-02-17,pending,A00129,NORMAL,
C09656,2026-06-23,verified,A00092,LEGITIMATE_SHARED_RESOURCE,
C09657,2025-10-23,verified,A00004,LEGITIMATE_SHARED_RESOURCE,
C09658,2025-04-22,verified,A00602,NORMAL,
C09659,2025-12-19,verified,A00500,NORMAL,
C09660,2026-05-30,verified,A00507,NORMAL,
C09661,2025-10-27,verified,A00396,NORMAL,
C09662,2025-12-23,verified,A00428,NORMAL,
C09663,2025-08-31,verified,A00506,NORMAL,
C09664,2025-02-08,verified,A00707,NORMAL,
C09665,2025-08-30,verified,A00487,NORMAL,
C09666,2025-07-19,verified,A00467,NORMAL,
C09667,2026-01-12,verified,A00242,NORMAL,
C09668,2026-01-18,pending,A00329,NORMAL,
C09669,2025-12-26,verified,A00439,NORMAL,
C09670,2025-06-19,verified,A00698,NORMAL,
C09671,2026-07-03,verified,A00308,ABUSE_RING,R0092
C09672,2026-04-15,verified,A00415,LEGITIMATE_SHARED_RESOURCE,
C09673,2026-02-01,verified,A00626,NORMAL,
C09674,2026-05-14,verified,A00592,LEGITIMATE_SHARED_RESOURCE,
C09675,2025-01-02,verified,A00094,NORMAL,
C09676,2025-06-07,verified,A00622,NORMAL,
C09677,2025-08-20,verified,A00101,NORMAL,
C09678,2026-01-13,verified,A00099,NORMAL,
C09679,2026-07-12,verified,A00380,LEGITIMATE_SHARED_RESOURCE,
C09680,2025-11-01,verified,A00319,NORMAL,
C09681,2026-06-06,pending,A00412,NORMAL,
C09682,2025-12-10,verified,A00566,NORMAL,
C09683,2025-09-14,verified,A00378,NORMAL,
C09684,2025-10-05,verified,A00612,NORMAL,
C09685,2025-11-18,pending,A00580,NORMAL,
C09686,2026-04-24,pending,A00370,LEGITIMATE_SHARED_RESOURCE,
C09687,2026-01-13,verified,A00069,NORMAL,
C09688,2025-06-14,verified,A00018,LEGITIMATE_SHARED_RESOURCE,
C09689,2025-02-16,pending,A00336,NORMAL,
C09690,2025-05-17,verified,A00027,NORMAL,
C09691,2025-10-28,verified,A00092,NORMAL,
C09692,2026-01-01,verified,A00441,NORMAL,
C09693,2025-06-18,verified,A00277,NORMAL,
C09694,2025-06-24,verified,A00152,LEGITIMATE_SHARED_RESOURCE,
C09695,2025-04-22,verified,A00190,NORMAL,
C09696,2025-02-13,verified,A00228,NORMAL,
C09697,2025-09-19,verified,A00026,NORMAL,
C09698,2026-06-15,pending,A00305,ABUSE_RING,R0014
C09699,2025-03-28,verified,A00561,NORMAL,
C09700,2026-01-04,verified,A00525,NORMAL,
C09701,2026-05-02,verified,A00114,LEGITIMATE_SHARED_RESOURCE,
C09702,2025-09-03,pending,A00153,NORMAL,
C09703,2025-08-01,verified,A00468,NORMAL,
C09704,2025-08-20,verified,A00102,ABUSE_RING,R0108
C09705,2025-08-06,verified,A00071,LEGITIMATE_SHARED_RESOURCE,
C09706,2026-05-29,verified,A00261,NORMAL,
C09707,2026-08-15,verified,A00607,LEGITIMATE_SHARED_RESOURCE,
C09708,2026-01-04,verified,A00700,LEGITIMATE_SHARED_RESOURCE,
C09709,2026-01-08,pending,A00167,NORMAL,
C09710,2025-11-25,verified,A00253,NORMAL,
C09711,2025-11-23,verified,A00634,NORMAL,
C09712,2026-08-08,verified,A00323,NORMAL,
C09713,2025-10-04,verified,A00299,LEGITIMATE_SHARED_RESOURCE,
C09714,2025-09-12,verified,A00056,MIXED,
C09715,2025-10-23,verified,A00505,NORMAL,
C09716,2025-05-11,verified,A00241,NORMAL,
C09717,2025-01-03,pending,A00525,NORMAL,
C09718,2025-10-29,verified,A00415,NORMAL,
C09719,2025-02-03,verified,A00270,NORMAL,
C09720,2025-05-02,pending,A00306,LEGITIMATE_SHARED_RESOURCE,
C09721,2025-11-04,verified,A00372,NORMAL,
C09722,2025-02-21,verified,A00694,LEGITIMATE_SHARED_RESOURCE,
C09723,2026-01-26,verified,A00255,NORMAL,
C09724,2026-05-24,verified,A00498,ABUSE_RING,R0049
C09725,2026-08-11,verified,A00104,NORMAL,
C09726,2025-12-01,pending,A00018,LEGITIMATE_SHARED_RESOURCE,
C09727,2026-06-26,verified,A00439,LEGITIMATE_SHARED_RESOURCE,
C09728,2025-07-26,verified,A00534,NORMAL,
C09729,2025-10-23,verified,A00356,NORMAL,
C09730,2025-01-07,verified,A00677,NORMAL,
C09731,2025-07-05,pending,A00618,NORMAL,
C09732,2026-02-03,verified,A00495,NORMAL,
C09733,2025-02-17,verified,A00261,NORMAL,
C09734,2026-05-01,verified,A00515,LEGITIMATE_SHARED_RESOURCE,
C09735,2025-03-05,verified,A00363,NORMAL,
C09736,2026-02-10,verified,A00321,NORMAL,
C09737,2025-02-25,verified,A00539,NORMAL,
C09738,2025-08-31,verified,A00031,NORMAL,
C09739,2025-07-06,verified,A00372,NORMAL,
C09740,2025-09-26,verified,A00693,NORMAL,
C09741,2025-02-24,verified,A00283,LEGITIMATE_SHARED_RESOURCE,
C09742,2025-07-01,verified,A00604,NORMAL,
C09743,2025-12-14,verified,A00645,LEGITIMATE_SHARED_RESOURCE,
C09744,2025-07-26,verified,A00251,NORMAL,
C09745,2026-01-25,verified,A00307,NORMAL,
C09746,2025-02-06,verified,A00106,LEGITIMATE_SHARED_RESOURCE,
C09747,2025-05-07,verified,A00355,NORMAL,
C09748,2025-11-02,verified,A00533,NORMAL,
C09749,2025-02-12,verified,A00647,LEGITIMATE_SHARED_RESOURCE,
C09750,2025-10-22,verified,A00405,NORMAL,
C09751,2026-01-04,verified,A00314,LEGITIMATE_SHARED_RESOURCE,
C09752,2026-08-17,verified,A00636,NORMAL,
C09753,2026-03-10,verified,A00448,NORMAL,
C09754,2025-07-22,verified,A00128,ABUSE_RING,R0068
C09755,2026-03-02,verified,A00056,NORMAL,
C09756,2026-01-18,verified,A00505,NORMAL,
C09757,2026-04-06,pending,A00589,LEGITIMATE_SHARED_RESOURCE,
C09758,2025-02-10,verified,A00345,LEGITIMATE_SHARED_RESOURCE,
C09759,2025-10-30,verified,A00191,NORMAL,
C09760,2025-08-16,verified,A00615,NORMAL,
C09761,2025-08-05,verified,A00160,LEGITIMATE_SHARED_RESOURCE,
C09762,2025-03-18,verified,A00569,LEGITIMATE_SHARED_RESOURCE,
C09763,2025-05-08,verified,A00042,NORMAL,
C09764,2025-08-11,verified,A00483,NORMAL,
C09765,2025-07-15,pending,A00562,NORMAL,
C09766,2025-01-27,verified,A00457,NORMAL,
C09767,2026-05-27,verified,A00573,NORMAL,
C09768,2026-06-13,verified,A00586,NORMAL,
C09769,2026-02-17,verified,A00464,NORMAL,
C09770,2025-01-12,verified,A00427,NORMAL,
C09771,2026-01-30,pending,A00522,NORMAL,
C09772,2026-06-04,verified,A00205,LEGITIMATE_SHARED_RESOURCE,
C09773,2025-07-20,pending,A00444,NORMAL,
C09774,2025-11-25,verified,A00556,NORMAL,
C09775,2025-08-07,verified,A00546,NORMAL,
C09776,2025-03-09,verified,A00503,NORMAL,
C09777,2025-05-24,verified,A00621,ABUSE_RING,R0040
C09778,2025-02-15,verified,A00276,NORMAL,
C09779,2025-02-25,verified,A00205,NORMAL,
C09780,2025-08-24,verified,A00637,NORMAL,
C09781,2026-06-14,verified,A00272,NORMAL,
C09782,2026-05-05,verified,A00528,ABUSE_RING,R0065
C09783,2025-10-16,verified,A00325,NORMAL,
C09784,2025-08-08,verified,A00183,NORMAL,
C09785,2026-01-12,verified,A00013,NORMAL,
C09786,2025-04-03,verified,A00345,NORMAL,
C09787,2025-08-26,verified,A00378,LEGITIMATE_SHARED_RESOURCE,
C09788,2026-06-18,verified,A00424,NORMAL,
C09789,2025-06-06,verified,A00037,NORMAL,
C09790,2025-07-29,verified,A00231,NORMAL,
C09791,2025-02-06,verified,A00115,NORMAL,
C09792,2025-05-19,verified,A00549,NORMAL,
C09793,2026-02-13,verified,A00114,NORMAL,
C09794,2026-05-18,verified,A00364,NORMAL,
C09795,2025-11-28,verified,A00373,LEGITIMATE_SHARED_RESOURCE,
C09796,2025-12-29,verified,A00098,NORMAL,
C09797,2026-07-11,verified,A00478,NORMAL,
C09798,2026-01-21,pending,A00094,NORMAL,
C09799,2025-11-05,verified,A00430,LEGITIMATE_SHARED_RESOURCE,
C09800,2025-05-22,verified,A00233,NORMAL,
C09801,2026-02-26,verified,A00004,NORMAL,
C09802,2025-09-21,verified,A00092,NORMAL,
C09803,2025-03-30,verified,A00042,NORMAL,
C09804,2025-02-24,verified,A00183,NORMAL,
C09805,2026-02-07,verified,A00633,LEGITIMATE_SHARED_RESOURCE,
C09806,2025-04-16,verified,A00330,NORMAL,
C09807,2026-05-04,verified,A00539,LEGITIMATE_SHARED_RESOURCE,
C09808,2026-01-03,pending,A00273,NORMAL,
C09809,2025-05-24,verified,A00504,NORMAL,
C09810,2025-12-13,verified,A00093,NORMAL,
C09811,2026-03-30,verified,A00599,NORMAL,
C09812,2025-03-13,verified,A00237,NORMAL,
C09813,2026-03-29,verified,A00367,LEGITIMATE_SHARED_RESOURCE,
C09814,2026-02-24,verified,A00230,NORMAL,
C09815,2025-08-02,verified,A00264,ABUSE_RING,R0043
C09816,2025-07-16,verified,A00560,NORMAL,
C09817,2026-07-21,verified,A00633,ABUSE_RING,R0038
C09818,2025-03-03,verified,A00032,NORMAL,
C09819,2025-01-26,verified,A00182,NORMAL,
C09820,2025-01-23,pending,A00074,NORMAL,
C09821,2025-05-16,verified,A00385,NORMAL,
C09822,2025-01-29,verified,A00408,ABUSE_RING,R0114
C09823,2025-05-17,verified,A00597,NORMAL,
C09824,2026-01-15,pending,A00483,NORMAL,
C09825,2026-07-12,verified,A00306,NORMAL,
C09826,2025-04-24,verified,A00516,LEGITIMATE_SHARED_RESOURCE,
C09827,2025-11-15,verified,A00179,NORMAL,
C09828,2025-04-06,verified,A00180,NORMAL,
C09829,2026-05-13,verified,A00647,LEGITIMATE_SHARED_RESOURCE,
C09830,2025-06-02,verified,A00637,NORMAL,
C09831,2025-09-20,verified,A00295,NORMAL,
C09832,2026-04-30,verified,A00577,NORMAL,
C09833,2025-03-30,verified,A00492,LEGITIMATE_SHARED_RESOURCE,
C09834,2025-04-24,verified,A00646,LEGITIMATE_SHARED_RESOURCE,
C09835,2026-03-04,verified,A00302,NORMAL,
C09836,2026-05-31,verified,A00581,NORMAL,
C09837,2025-03-19,verified,A00394,NORMAL,
C09838,2025-08-30,verified,A00705,NORMAL,
C09839,2025-05-10,verified,A00609,NORMAL,
C09840,2025-11-12,verified,A00359,NORMAL,
C09841,2025-12-19,verified,A00477,NORMAL,
C09842,2025-09-02,verified,A00217,NORMAL,
C09843,2025-07-20,verified,A00618,NORMAL,
C09844,2026-06-18,verified,A00228,LEGITIMATE_SHARED_RESOURCE,
C09845,2026-06-11,verified,A00281,NORMAL,
C09846,2025-06-24,pending,A00560,NORMAL,
C09847,2026-01-04,verified,A00509,LEGITIMATE_SHARED_RESOURCE,
C09848,2025-03-02,verified,A00457,NORMAL,
C09849,2025-08-25,verified,A00314,ABUSE_RING,R0039
C09850,2026-02-04,verified,A00675,NORMAL,
C09851,2025-10-29,verified,A00493,NORMAL,
C09852,2025-09-21,verified,A00347,NORMAL,
C09853,2026-08-05,verified,A00101,NORMAL,
C09854,2025-03-27,verified,A00382,NORMAL,
C09855,2025-05-11,verified,A00076,NORMAL,
C09856,2026-06-28,verified,A00599,NORMAL,
C09857,2025-12-30,pending,A00546,NORMAL,
C09858,2025-03-15,verified,A00436,NORMAL,
C09859,2026-07-29,verified,A00394,NORMAL,
C09860,2025-02-03,verified,A00566,NORMAL,
C09861,2025-06-27,verified,A00243,NORMAL,
C09862,2026-01-16,verified,A00253,LEGITIMATE_SHARED_RESOURCE,
C09863,2026-08-23,verified,A00170,LEGITIMATE_SHARED_RESOURCE,
C09864,2025-06-26,verified,A00271,NORMAL,
C09865,2026-08-13,verified,A00294,NORMAL,
C09866,2026-01-06,verified,A00215,NORMAL,
C09867,2025-03-23,verified,A00559,NORMAL,
C09868,2025-04-16,verified,A00089,NORMAL,
C09869,2025-08-08,verified,A00285,NORMAL,
C09870,2026-04-27,verified,A00493,LEGITIMATE_SHARED_RESOURCE,
C09871,2025-07-12,verified,A00102,LEGITIMATE_SHARED_RESOURCE,
C09872,2025-10-27,verified,A00185,NORMAL,
C09873,2025-08-17,verified,A00449,NORMAL,
C09874,2025-10-10,verified,A00697,NORMAL,
C09875,2025-10-08,pending,A00384,NORMAL,
C09876,2025-05-06,pending,A00453,NORMAL,
C09877,2025-08-26,verified,A00199,NORMAL,
C09878,2025-01-06,verified,A00347,NORMAL,
C09879,2025-09-26,verified,A00467,NORMAL,
C09880,2026-02-06,verified,A00544,NORMAL,
C09881,2025-04-03,pending,A00381,LEGITIMATE_SHARED_RESOURCE,
C09882,2026-07-31,verified,A00401,NORMAL,
C09883,2025-12-28,verified,A00689,NORMAL,
C09884,2025-04-06,verified,A00149,NORMAL,
C09885,2026-07-26,verified,A00158,NORMAL,
C09886,2025-03-20,verified,A00445,LEGITIMATE_SHARED_RESOURCE,
C09887,2025-02-24,verified,A00492,NORMAL,
C09888,2025-04-06,verified,A00496,LEGITIMATE_SHARED_RESOURCE,
C09889,2025-06-13,verified,A00178,NORMAL,
C09890,2025-05-09,verified,A00708,LEGITIMATE_SHARED_RESOURCE,
C09891,2025-10-18,verified,A00102,NORMAL,
C09892,2026-08-01,verified,A00325,NORMAL,
C09893,2025-03-25,verified,A00298,NORMAL,
C09894,2025-04-11,verified,A00016,NORMAL,
C09895,2025-12-08,verified,A00011,NORMAL,
C09896,2025-01-29,verified,A00231,NORMAL,
C09897,2026-06-15,verified,A00014,NORMAL,
C09898,2025-10-07,verified,A00020,NORMAL,
C09899,2026-04-23,verified,A00408,NORMAL,
C09900,2025-04-20,verified,A00606,NORMAL,
C09901,2025-02-08,verified,A00631,NORMAL,
C09902,2026-04-20,verified,A00606,NORMAL,
C09903,2026-03-13,verified,A00590,NORMAL,
C09904,2025-03-23,verified,A00108,ABUSE_RING,R0030
C09905,2026-07-24,verified,A00023,LEGITIMATE_SHARED_RESOURCE,
C09906,2026-06-20,verified,A00079,NORMAL,
C09907,2025-12-08,verified,A00268,NORMAL,
C09908,2026-08-22,pending,A00124,NORMAL,
C09909,2026-03-09,verified,A00069,NORMAL,
C09910,2026-03-10,verified,A00444,NORMAL,
C09911,2026-04-29,verified,A00590,ABUSE_RING,R0086
C09912,2026-06-23,verified,A00441,LEGITIMATE_SHARED_RESOURCE,
C09913,2026-05-20,verified,A00560,NORMAL,
C09914,2026-07-02,verified,A00436,LEGITIMATE_SHARED_RESOURCE,
C09915,2026-07-18,verified,A00207,NORMAL,
C09916,2026-07-25,pending,A00377,LEGITIMATE_SHARED_RESOURCE,
C09917,2025-05-30,verified,A00375,NORMAL,
C09918,2026-04-25,verified,A00062,LEGITIMATE_SHARED_RESOURCE,
C09919,2025-03-09,verified,A00346,ABUSE_RING,R0021
C09920,2025-10-23,pending,A00086,NORMAL,
C09921,2026-01-12,pending,A00409,NORMAL,
C09922,2026-06-11,verified,A00571,NORMAL,
C09923,2025-12-15,verified,A00557,NORMAL,
C09924,2026-07-21,verified,A00083,NORMAL,
C09925,2026-01-25,verified,A00502,ABUSE_RING,R0075
C09926,2026-07-02,verified,A00279,NORMAL,
C09927,2026-06-08,pending,A00573,ABUSE_RING,R0018
C09928,2025-11-25,verified,A00259,NORMAL,
C09929,2026-02-18,verified,A00464,NORMAL,
C09930,2026-01-19,verified,A00103,LEGITIMATE_SHARED_RESOURCE,
C09931,2026-01-25,verified,A00298,ABUSE_RING,R0094
C09932,2025-01-25,verified,A00097,NORMAL,
C09933,2025-07-25,verified,A00295,NORMAL,
C09934,2025-07-08,verified,A00574,NORMAL,
C09935,2025-07-21,verified,A00688,NORMAL,
C09936,2026-01-27,verified,A00353,LEGITIMATE_SHARED_RESOURCE,
C09937,2026-04-18,verified,A00226,NORMAL,
C09938,2025-12-28,verified,A00047,NORMAL,
C09939,2025-04-19,verified,A00300,NORMAL,
C09940,2025-12-22,verified,A00150,ABUSE_RING,R0058
C09941,2025-06-22,verified,A00646,NORMAL,
C09942,2025-03-05,verified,A00532,NORMAL,
C09943,2026-04-01,verified,A00549,NORMAL,
C09944,2025-07-13,verified,A00551,NORMAL,
C09945,2025-04-29,pending,A00477,NORMAL,
C09946,2026-02-06,pending,A00053,NORMAL,
C09947,2025-10-09,verified,A00406,LEGITIMATE_SHARED_RESOURCE,
C09948,2025-07-08,verified,A00433,NORMAL,
C09949,2025-05-28,pending,A00165,ABUSE_RING,R0055
C09950,2025-06-04,verified,A00582,ABUSE_RING,R0016
C09951,2026-01-01,verified,A00437,LEGITIMATE_SHARED_RESOURCE,
C09952,2025-06-22,verified,A00006,NORMAL,
C09953,2026-08-02,verified,A00369,LEGITIMATE_SHARED_RESOURCE,
C09954,2025-07-24,verified,A00456,NORMAL,
C09955,2025-05-13,verified,A00140,NORMAL,
C09956,2025-02-11,verified,A00475,NORMAL,
C09957,2026-01-13,pending,A00596,ABUSE_RING,R0012
C09958,2025-01-16,verified,A00592,LEGITIMATE_SHARED_RESOURCE,
C09959,2026-05-25,verified,A00017,NORMAL,
C09960,2025-09-04,verified,A00683,LEGITIMATE_SHARED_RESOURCE,
C09961,2025-09-05,verified,A00262,ABUSE_RING,R0026
C09962,2026-01-19,pending,A00706,LEGITIMATE_SHARED_RESOURCE,
C09963,2025-03-04,pending,A00529,NORMAL,
C09964,2025-07-28,verified,A00411,ABUSE_RING,R0041
C09965,2026-07-29,verified,A00578,NORMAL,
C09966,2025-09-24,verified,A00453,NORMAL,
C09967,2025-02-22,verified,A00593,NORMAL,
C09968,2026-03-06,verified,A00598,NORMAL,
C09969,2025-11-02,verified,A00635,NORMAL,
C09970,2025-03-28,pending,A00072,NORMAL,
C09971,2026-03-16,pending,A00218,NORMAL,
C09972,2026-04-08,verified,A00536,NORMAL,
C09973,2025-01-30,verified,A00459,NORMAL,
C09974,2025-05-30,verified,A00710,LEGITIMATE_SHARED_RESOURCE,
C09975,2026-06-28,pending,A00571,NORMAL,
C09976,2025-06-22,pending,A00593,NORMAL,
C09977,2026-03-30,verified,A00500,ABUSE_RING,R0057
C09978,2025-01-03,verified,A00451,NORMAL,
C09979,2026-05-03,verified,A00071,NORMAL,
C09980,2025-11-20,verified,A00308,LEGITIMATE_SHARED_RESOURCE,
C09981,2025-06-27,pending,A00291,NORMAL,
C09982,2025-09-12,verified,A00130,NORMAL,
C09983,2026-08-11,verified,A00147,NORMAL,
C09984,2025-04-07,verified,A00220,LEGITIMATE_SHARED_RESOURCE,
C09985,2026-02-18,verified,A00271,NORMAL,
C09986,2025-02-06,verified,A00189,NORMAL,
C09987,2025-12-15,verified,A00683,NORMAL,
C09988,2025-09-27,verified,A00025,NORMAL,
C09989,2026-06-12,verified,A00709,NORMAL,
C09990,2026-06-11,verified,A00559,LEGITIMATE_SHARED_RESOURCE,
C09991,2025-03-04,verified,A00286,LEGITIMATE_SHARED_RESOURCE,
C09992,2025-07-12,verified,A00468,NORMAL,
C09993,2025-04-18,verified,A00555,NORMAL,
C09994,2026-07-18,verified,A00043,LEGITIMATE_SHARED_RESOURCE,
C09995,2025-12-05,verified,A00315,NORMAL,
C09996,2025-12-20,verified,A00563,NORMAL,
C09997,2025-05-16,pending,A00653,NORMAL,
C09998,2026-01-02,verified,A00614,LEGITIMATE_SHARED_RESOURCE,
C09999,2026-07-12,verified,A00407,NORMAL,
C10000,2026-06-15,verified,A00568,NORMAL,
