customer_id,address_id,relationship,source
C00001,A00237,billing,baseline
C00002,A00617,billing,baseline
C00003,A00073,billing,baseline
C00004,A00699,billing,baseline
C00005,A00691,billing,baseline
C00006,A00327,billing,baseline
C00007,A00479,billing,baseline
C00008,A00481,billing,baseline
C00009,A00384,billing,baseline
C00010,A00565,billing,baseline
C00011,A00675,billing,baseline
C00012,A00410,billing,baseline
C00013,A00468,billing,baseline
C00014,A00425,billing,baseline
C00015,A00244,billing,baseline
C00016,A00334,billing,baseline
C00017,A00626,billing,baseline
C00018,A00368,billing,baseline
C00019,A00167,billing,baseline
C00020,A00345,billing,baseline
C00021,A00194,billing,baseline
C00022,A00628,billing,baseline
C00023,A00099,billing,baseline
C00024,A00676,billing,baseline
C00025,A00102,billing,baseline
C00026,A00510,billing,baseline
C00027,A00689,billing,baseline
C00028,A00440,billing,baseline
C00029,A00365,billing,baseline
C00030,A00344,billing,baseline
C00031,A00504,billing,baseline
C00032,A00146,billing,baseline
C00033,A00138,billing,baseline
C00034,A00499,billing,baseline
C00035,A00478,billing,baseline
C00036,A00204,billing,baseline
C00037,A00559,billing,baseline
C00038,A00083,billing,baseline
C00039,A00539,billing,baseline
C00040,A00362,billing,baseline
C00041,A00699,billing,baseline
C00042,A00123,billing,baseline
C00043,A00452,billing,baseline
C00044,A00434,billing,baseline
C00045,A00510,billing,baseline
C00046,A00314,billing,baseline
C00047,A00108,billing,baseline
C00048,A00516,billing,baseline
C00049,A00247,billing,baseline
C00050,A00343,billing,baseline
C00051,A00690,billing,baseline
C00052,A00546,billing,baseline
C00053,A00020,billing,baseline
C00054,A00305,billing,baseline
C00055,A00095,billing,baseline
C00056,A00133,billing,baseline
C00057,A00312,billing,baseline
C00058,A00025,billing,baseline
C00059,A00047,billing,baseline
C00060,A00433,billing,baseline
C00061,A00564,billing,baseline
C00062,A00657,billing,baseline
C00063,A00066,billing,baseline
C00064,A00588,billing,baseline
C00065,A00012,billing,baseline
C00066,A00022,billing,baseline
C00067,A00319,billing,baseline
C00068,A00210,billing,baseline
C00069,A00107,billing,baseline
C00070,A00068,billing,baseline
C00071,A00302,billing,baseline
C00072,A00013,billing,baseline
C00073,A00125,billing,baseline
C00074,A00342,billing,baseline
C00075,A00137,billing,baseline
C00076,A00151,billing,baseline
C00077,A00612,billing,baseline
C00078,A00710,billing,baseline
C00079,A00088,billing,baseline
C00080,A00079,billing,baseline
C00081,A00615,billing,baseline
C00082,A00568,billing,baseline
C00083,A00465,billing,baseline
C00084,A00449,billing,baseline
C00085,A00223,billing,baseline
C00086,A00673,billing,baseline
C00087,A00219,billing,baseline
C00088,A00588,billing,baseline
C00089,A00659,billing,baseline
C00090,A00519,billing,baseline
C00091,A00282,billing,baseline
C00092,A00259,billing,baseline
C00093,A00514,billing,baseline
C00094,A00087,billing,baseline
C00095,A00229,billing,baseline
C00096,A00569,billing,baseline
C00097,A00593,billing,baseline
C00098,A00694,billing,baseline
C00099,A00649,billing,baseline
C00100,A00497,billing,baseline
C00101,A00635,billing,baseline
C00102,A00109,billing,baseline
C00103,A00245,billing,baseline
C00104,A00034,billing,baseline
C00105,A00314,billing,baseline
C00106,A00598,billing,baseline
C00107,A00691,billing,baseline
C00108,A00032,billing,baseline
C00109,A00322,billing,baseline
C00110,A00009,billing,baseline
C00111,A00480,billing,baseline
C00112,A00202,billing,baseline
C00113,A00286,billing,baseline
C00114,A00355,billing,baseline
C00115,A00357,billing,baseline
C00116,A00690,billing,baseline
C00117,A00037,billing,baseline
C00118,A00529,billing,baseline
C00119,A00516,billing,baseline
C00120,A00602,billing,baseline
C00121,A00139,billing,baseline
C00122,A00033,billing,baseline
C00123,A00144,billing,baseline
C00124,A00023,billing,baseline
C00125,A00070,billing,baseline
C00126,A00303,billing,baseline
C00127,A00455,billing,baseline
C00128,A00551,billing,baseline
C00129,A00287,billing,baseline
C00130,A00024,billing,baseline
C00131,A00419,billing,baseline
C00132,A00429,billing,baseline
C00133,A00153,billing,baseline
C00134,A00300,billing,baseline
C00135,A00510,billing,baseline
C00136,A00577,billing,baseline
C00137,A00085,billing,baseline
C00138,A00121,billing,baseline
C00139,A00015,billing,baseline
C00140,A00335,billing,baseline
C00141,A00710,billing,baseline
C00142,A00230,billing,baseline
C00143,A00138,billing,baseline
C00144,A00676,billing,baseline
C00145,A00580,billing,baseline
C00146,A00263,billing,baseline
C00147,A00655,billing,baseline
C00148,A00234,billing,baseline
C00149,A00476,billing,baseline
C00150,A00513,billing,baseline
C00151,A00414,billing,baseline
C00152,A00479,billing,baseline
C00153,A00541,billing,baseline
C00154,A00697,billing,baseline
C00155,A00524,billing,baseline
C00156,A00296,billing,baseline
C00157,A00086,billing,baseline
C00158,A00706,billing,baseline
C00159,A00100,billing,baseline
C00160,A00171,billing,baseline
C00161,A00083,billing,baseline
C00162,A00252,billing,baseline
C00163,A00472,billing,baseline
C00164,A00159,billing,baseline
C00165,A00700,billing,baseline
C00166,A00706,billing,baseline
C00167,A00142,billing,baseline
C00168,A00665,billing,baseline
C00169,A00075,billing,baseline
C00170,A00653,billing,baseline
C00171,A00028,billing,baseline
C00172,A00012,billing,baseline
C00173,A00412,billing,baseline
C00174,A00034,billing,baseline
C00175,A00181,billing,baseline
C00176,A00317,billing,baseline
C00177,A00435,billing,baseline
C00178,A00251,billing,baseline
C00179,A00574,billing,baseline
C00180,A00324,billing,baseline
C00181,A00420,billing,baseline
C00182,A00321,billing,baseline
C00183,A00319,billing,baseline
C00184,A00424,billing,baseline
C00185,A00338,billing,baseline
C00186,A00325,billing,baseline
C00187,A00412,billing,baseline
C00188,A00657,billing,baseline
C00189,A00110,billing,baseline
C00190,A00595,billing,baseline
C00191,A00188,billing,baseline
C00192,A00356,billing,baseline
C00193,A00236,billing,baseline
C00194,A00212,billing,baseline
C00195,A00176,billing,baseline
C00196,A00345,billing,baseline
C00197,A00508,billing,baseline
C00198,A00510,billing,baseline
C00199,A00703,billing,baseline
C00200,A00370,billing,baseline
C00201,A00302,billing,baseline
C00202,A00288,billing,baseline
C00203,A00495,billing,baseline
C00204,A00281,billing,baseline
C00205,A00602,billing,baseline
C00206,A00438,billing,baseline
C00207,A00050,billing,baseline
C00208,A00582,billing,baseline
C00209,A00139,billing,baseline
C00210,A00445,billing,baseline
C00211,A00688,billing,baseline
C00212,A00374,billing,baseline
C00213,A00608,billing,baseline
C00214,A00576,billing,baseline
C00215,A00298,billing,baseline
C00216,A00104,billing,baseline
C00217,A00261,billing,baseline
C00218,A00370,billing,baseline
C00219,A00363,billing,baseline
C00220,A00045,billing,baseline
C00221,A00062,billing,baseline
C00222,A00630,billing,baseline
C00223,A00648,billing,baseline
C00224,A00451,billing,baseline
C00225,A00140,billing,baseline
C00226,A00107,billing,baseline
C00227,A00128,billing,baseline
C00228,A00223,billing,baseline
C00229,A00665,billing,baseline
C00230,A00710,billing,baseline
C00231,A00691,billing,baseline
C00232,A00265,billing,baseline
C00233,A00471,billing,baseline
C00234,A00160,billing,baseline
C00235,A00512,billing,baseline
C00236,A00269,billing,baseline
C00237,A00314,billing,baseline
C00238,A00363,billing,baseline
C00239,A00119,billing,baseline
C00240,A00198,billing,baseline
C00241,A00295,billing,baseline
C00242,A00110,billing,baseline
C00243,A00149,billing,baseline
C00244,A00166,billing,baseline
C00245,A00214,billing,baseline
C00246,A00133,billing,baseline
C00247,A00473,billing,baseline
C00248,A00278,billing,baseline
C00249,A00284,billing,baseline
C00250,A00399,billing,baseline
C00251,A00102,billing,baseline
C00252,A00387,billing,baseline
C00253,A00126,billing,baseline
C00254,A00140,billing,baseline
C00255,A00618,billing,baseline
C00256,A00666,billing,baseline
C00257,A00347,billing,baseline
C00258,A00539,billing,baseline
C00259,A00431,billing,baseline
C00260,A00280,billing,baseline
C00261,A00216,billing,baseline
C00262,A00223,billing,baseline
C00263,A00468,billing,baseline
C00264,A00137,billing,baseline
C00265,A00222,billing,baseline
C00266,A00593,billing,baseline
C00267,A00353,billing,baseline
C00268,A00142,billing,baseline
C00269,A00452,billing,baseline
C00270,A00199,billing,baseline
C00271,A00535,billing,baseline
C00272,A00583,billing,baseline
C00273,A00352,billing,baseline
C00274,A00070,billing,baseline
C00275,A00488,billing,baseline
C00276,A00027,billing,baseline
C00277,A00574,billing,baseline
C00278,A00068,billing,baseline
C00279,A00032,billing,baseline
C00280,A00053,billing,baseline
C00281,A00239,billing,baseline
C00282,A00234,billing,baseline
C00283,A00627,billing,baseline
C00284,A00282,billing,baseline
C00285,A00530,billing,baseline
C00286,A00164,billing,baseline
C00287,A00383,billing,baseline
C00288,A00422,billing,baseline
C00289,A00001,billing,baseline
C00290,A00177,billing,baseline
C00291,A00644,billing,baseline
C00292,A00161,billing,baseline
C00293,A00286,billing,baseline
C00294,A00611,billing,baseline
C00295,A00039,billing,baseline
C00296,A00078,billing,baseline
C00297,A00639,billing,baseline
C00298,A00360,billing,baseline
C00299,A00457,billing,baseline
C00300,A00202,billing,baseline
C00301,A00565,billing,baseline
C00302,A00445,billing,baseline
C00303,A00290,billing,baseline
C00304,A00013,billing,baseline
C00305,A00287,billing,baseline
C00306,A00025,billing,baseline
C00307,A00641,billing,baseline
C00308,A00666,billing,baseline
C00309,A00497,billing,baseline
C00310,A00555,billing,baseline
C00311,A00006,billing,baseline
C00312,A00100,billing,baseline
C00313,A00304,billing,baseline
C00314,A00255,billing,baseline
C00315,A00299,billing,baseline
C00316,A00183,billing,baseline
C00317,A00348,billing,baseline
C00318,A00128,billing,baseline
C00319,A00138,billing,baseline
C00320,A00232,billing,baseline
C00321,A00679,billing,baseline
C00322,A00699,billing,baseline
C00323,A00150,billing,baseline
C00324,A00396,billing,baseline
C00325,A00303,billing,baseline
C00326,A00294,billing,baseline
C00327,A00387,billing,baseline
C00328,A00035,billing,baseline
C00329,A00696,billing,baseline
C00330,A00430,billing,baseline
C00331,A00369,billing,baseline
C00332,A00278,billing,baseline
C00333,A00089,billing,baseline
C00334,A00448,billing,baseline
C00335,A00440,billing,baseline
C00336,A00517,billing,baseline
C00337,A00669,billing,baseline
C00338,A00626,billing,baseline
C00339,A00485,billing,baseline
C00340,A00164,billing,baseline
C00341,A00113,billing,baseline
C00342,A00365,billing,baseline
C00343,A00265,billing,baseline
C00344,A00450,billing,baseline
C00345,A00451,billing,baseline
C00346,A00495,billing,baseline
C00347,A00070,billing,baseline
C00348,A00383,billing,baseline
C00349,A00183,billing,baseline
C00350,A00604,billing,baseline
C00351,A00226,billing,baseline
C00352,A00214,billing,baseline
C00353,A00121,billing,baseline
C00354,A00496,billing,baseline
C00355,A00159,billing,baseline
C00356,A00566,billing,baseline
C00357,A00519,billing,baseline
C00358,A00602,billing,baseline
C00359,A00146,billing,baseline
C00360,A00398,billing,baseline
C00361,A00595,billing,baseline
C00362,A00001,billing,baseline
C00363,A00551,billing,baseline
C00364,A00621,billing,baseline
C00365,A00211,billing,baseline
C00366,A00276,billing,baseline
C00367,A00252,billing,baseline
C00368,A00194,billing,baseline
C00369,A00331,billing,baseline
C00370,A00549,billing,baseline
C00371,A00696,billing,baseline
C00372,A00452,billing,baseline
C00373,A00045,billing,baseline
C00374,A00511,billing,baseline
C00375,A00102,billing,baseline
C00376,A00254,billing,baseline
C00377,A00053,billing,baseline
C00378,A00082,billing,baseline
C00379,A00291,billing,baseline
C00380,A00449,billing,baseline
C00381,A00653,billing,baseline
C00382,A00470,billing,baseline
C00383,A00082,billing,baseline
C00384,A00502,billing,baseline
C00385,A00333,billing,baseline
C00386,A00514,billing,baseline
C00387,A00537,billing,baseline
C00388,A00553,billing,baseline
C00389,A00281,billing,baseline
C00390,A00371,billing,baseline
C00391,A00257,billing,baseline
C00392,A00619,billing,baseline
C00393,A00178,billing,baseline
C00394,A00265,billing,baseline
C00395,A00649,billing,baseline
C00396,A00225,billing,baseline
C00397,A00537,billing,baseline
C00398,A00577,billing,baseline
C00399,A00126,billing,baseline
C00400,A00142,billing,baseline
C00401,A00280,billing,baseline
C00402,A00360,billing,baseline
C00403,A00495,billing,baseline
C00404,A00683,billing,baseline
C00405,A00476,billing,baseline
C00406,A00304,billing,baseline
C00407,A00604,billing,baseline
C00408,A00102,billing,baseline
C00409,A00318,billing,baseline
C00410,A00411,billing,baseline
C00411,A00684,billing,baseline
C00412,A00410,billing,baseline
C00413,A00444,billing,baseline
C00414,A00258,billing,baseline
C00415,A00048,billing,baseline
C00416,A00009,billing,baseline
C00417,A00351,billing,baseline
C00418,A00319,billing,baseline
C00419,A00190,billing,baseline
C00420,A00064,billing,baseline
C00421,A00551,billing,baseline
C00422,A00138,billing,baseline
C00423,A00148,billing,baseline
C00424,A00283,billing,baseline
C00425,A00442,billing,baseline
C00426,A00568,billing,baseline
C00427,A00425,billing,baseline
C00428,A00550,billing,baseline
C00429,A00238,billing,baseline
C00430,A00703,billing,baseline
C00431,A00390,billing,baseline
C00432,A00425,billing,baseline
C00433,A00039,billing,baseline
C00434,A00090,billing,baseline
C00435,A00199,billing,baseline
C00436,A00195,billing,baseline
C00437,A00245,billing,baseline
C00438,A00081,billing,baseline
C00439,A00521,billing,baseline
C00440,A00411,billing,baseline
C00441,A00545,billing,baseline
C00442,A00511,billing,baseline
C00443,A00297,billing,baseline
C00444,A00403,billing,baseline
C00445,A00284,billing,baseline
C00446,A00469,billing,baseline
C00447,A00536,billing,baseline
C00448,A00464,billing,baseline
C00449,A00205,billing,baseline
C00450,A00092,billing,baseline
C00451,A00407,billing,baseline
C00452,A00443,billing,baseline
C00453,A00209,billing,baseline
C00454,A00589,billing,baseline
C00455,A00551,billing,baseline
C00456,A00070,billing,baseline
C00457,A00145,billing,baseline
C00458,A00397,billing,baseline
C00459,A00615,billing,baseline
C00460,A00443,billing,baseline
C00461,A00435,billing,baseline
C00462,A00432,billing,baseline
C00463,A00403,billing,baseline
C00464,A00442,billing,baseline
C00465,A00120,billing,baseline
C00466,A00469,billing,baseline
C00467,A00579,billing,baseline
C00468,A00005,billing,baseline
C00469,A00507,billing,baseline
C00470,A00060,billing,baseline
C00471,A00693,billing,baseline
C00472,A00193,billing,baseline
C00473,A00466,billing,baseline
C00474,A00132,billing,baseline
C00475,A00375,billing,baseline
C00476,A00650,billing,baseline
C00477,A00392,billing,baseline
C00478,A00278,billing,baseline
C00479,A00155,billing,baseline
C00480,A00345,billing,baseline
C00481,A00648,billing,baseline
C00482,A00695,billing,baseline
C00483,A00160,billing,baseline
C00484,A00135,billing,baseline
C00485,A00247,billing,baseline
C00486,A00284,billing,baseline
C00487,A00659,billing,baseline
C00488,A00610,billing,baseline
C00489,A00068,billing,baseline
C00490,A00063,billing,baseline
C00491,A00542,billing,baseline
C00492,A00355,billing,baseline
C00493,A00378,billing,baseline
C00494,A00615,billing,baseline
C00495,A00253,billing,baseline
C00496,A00599,billing,baseline
C00497,A00477,billing,baseline
C00498,A00277,billing,baseline
C00499,A00208,billing,baseline
C00500,A00635,billing,baseline
C00501,A00099,billing,baseline
C00502,A00694,billing,baseline
C00503,A00248,billing,baseline
C00504,A00501,billing,baseline
C00505,A00226,billing,baseline
C00506,A00352,billing,baseline
C00507,A00067,billing,baseline
C00508,A00366,billing,baseline
C00509,A00346,billing,baseline
C00510,A00110,billing,baseline
C00511,A00100,billing,baseline
C00512,A00417,billing,baseline
C00513,A00700,billing,baseline
C00514,A00591,billing,baseline
C00515,A00184,billing,baseline
C00516,A00143,billing,baseline
C00517,A00658,billing,baseline
C00518,A00261,billing,baseline
C00519,A00584,billing,baseline
C00520,A00484,billing,baseline
C00521,A00660,billing,baseline
C00522,A00295,billing,baseline
C00523,A00221,billing,baseline
C00524,A00135,billing,baseline
C00525,A00115,billing,baseline
C00526,A00453,billing,baseline
C00527,A00581,billing,baseline
C00528,A00684,billing,baseline
C00529,A00186,billing,baseline
C00530,A00092,billing,baseline
C00531,A00192,billing,baseline
C00532,A00401,billing,baseline
C00533,A00047,billing,baseline
C00534,A00258,billing,baseline
C00535,A00221,billing,baseline
C00536,A00258,billing,baseline
C00537,A00577,billing,baseline
C00538,A00259,billing,baseline
C00539,A00008,billing,baseline
C00540,A00154,billing,baseline
C00541,A00453,billing,baseline
C00542,A00245,billing,baseline
C00543,A00521,billing,baseline
C00544,A00520,billing,baseline
C00545,A00328,billing,baseline
C00546,A00617,billing,baseline
C00547,A00382,billing,baseline
C00548,A00045,billing,baseline
C00549,A00682,billing,baseline
C00550,A00144,billing,baseline
C00551,A00435,billing,baseline
C00552,A00339,billing,baseline
C00553,A00565,billing,baseline
C00554,A00170,billing,baseline
C00555,A00474,billing,baseline
C00556,A00281,billing,baseline
C00557,A00226,billing,baseline
C00558,A00388,billing,baseline
C00559,A00687,billing,baseline
C00560,A00542,billing,baseline
C00561,A00067,billing,baseline
C00562,A00421,billing,baseline
C00563,A00477,billing,baseline
C00564,A00322,billing,baseline
C00565,A00528,billing,baseline
C00566,A00512,billing,baseline
C00567,A00396,billing,baseline
C00568,A00580,billing,baseline
C00569,A00419,billing,baseline
C00570,A00013,billing,baseline
C00571,A00656,billing,baseline
C00572,A00459,billing,baseline
C00573,A00584,billing,baseline
C00574,A00529,billing,baseline
C00575,A00091,billing,baseline
C00576,A00189,billing,baseline
C00577,A00272,billing,baseline
C00578,A00602,billing,baseline
C00579,A00203,billing,baseline
C00580,A00236,billing,baseline
C00581,A00047,billing,baseline
C00582,A00148,billing,baseline
C00583,A00059,billing,baseline
C00584,A00484,billing,baseline
C00585,A00226,billing,baseline
C00586,A00605,billing,baseline
C00587,A00017,billing,baseline
C00588,A00153,billing,baseline
C00589,A00688,billing,baseline
C00590,A00171,billing,baseline
C00591,A00690,billing,baseline
C00592,A00137,billing,baseline
C00593,A00472,billing,baseline
C00594,A00684,billing,baseline
C00595,A00056,billing,baseline
C00596,A00218,billing,baseline
C00597,A00413,billing,baseline
C00598,A00025,billing,baseline
C00599,A00449,billing,baseline
C00600,A00311,billing,baseline
C00601,A00402,billing,baseline
C00602,A00705,billing,baseline
C00603,A00701,billing,baseline
C00604,A00579,billing,baseline
C00605,A00419,billing,baseline
C00606,A00699,billing,baseline
C00607,A00017,billing,baseline
C00608,A00594,billing,baseline
C00609,A00649,billing,baseline
C00610,A00489,billing,baseline
C00611,A00580,billing,baseline
C00612,A00147,billing,baseline
C00613,A00163,billing,baseline
C00614,A00312,billing,baseline
C00615,A00621,billing,baseline
C00616,A00057,billing,baseline
C00617,A00198,billing,baseline
C00618,A00258,billing,baseline
C00619,A00108,billing,baseline
C00620,A00306,billing,baseline
C00621,A00050,billing,baseline
C00622,A00406,billing,baseline
C00623,A00563,billing,baseline
C00624,A00533,billing,baseline
C00625,A00631,billing,baseline
C00626,A00257,billing,baseline
C00627,A00252,billing,baseline
C00628,A00438,billing,baseline
C00629,A00089,billing,baseline
C00630,A00280,billing,baseline
C00631,A00554,billing,baseline
C00632,A00241,billing,baseline
C00633,A00558,billing,baseline
C00634,A00594,billing,baseline
C00635,A00431,billing,baseline
C00636,A00139,billing,baseline
C00637,A00506,billing,baseline
C00638,A00625,billing,baseline
C00639,A00094,billing,baseline
C00640,A00029,billing,baseline
C00641,A00099,billing,baseline
C00642,A00185,billing,baseline
C00643,A00157,billing,baseline
C00644,A00373,billing,baseline
C00645,A00200,billing,baseline
C00646,A00405,billing,baseline
C00647,A00299,billing,baseline
C00648,A00182,billing,baseline
C00649,A00047,billing,baseline
C00650,A00563,billing,baseline
C00651,A00036,billing,baseline
C00652,A00357,billing,baseline
C00653,A00251,billing,baseline
C00654,A00468,billing,baseline
C00655,A00409,billing,baseline
C00656,A00015,billing,baseline
C00657,A00707,billing,baseline
C00658,A00655,billing,baseline
C00659,A00386,billing,baseline
C00660,A00218,billing,baseline
C00661,A00317,billing,baseline
C00662,A00224,billing,baseline
C00663,A00493,billing,baseline
C00664,A00075,billing,baseline
C00665,A00505,billing,baseline
C00666,A00119,billing,baseline
C00667,A00642,billing,baseline
C00668,A00707,billing,baseline
C00669,A00137,billing,baseline
C00670,A00191,billing,baseline
C00671,A00055,billing,baseline
C00672,A00673,billing,baseline
C00673,A00559,billing,baseline
C00674,A00582,billing,baseline
C00675,A00210,billing,baseline
C00676,A00683,billing,baseline
C00677,A00615,billing,baseline
C00678,A00078,billing,baseline
C00679,A00700,billing,baseline
C00680,A00462,billing,baseline
C00681,A00152,billing,baseline
C00682,A00091,billing,baseline
C00683,A00448,billing,baseline
C00684,A00298,billing,baseline
C00685,A00221,billing,baseline
C00686,A00506,billing,baseline
C00687,A00086,billing,baseline
C00688,A00114,billing,baseline
C00689,A00480,billing,baseline
C00690,A00139,billing,baseline
C00691,A00099,billing,baseline
C00692,A00407,billing,baseline
C00693,A00443,billing,baseline
C00694,A00017,billing,baseline
C00695,A00630,billing,baseline
C00696,A00495,billing,baseline
C00697,A00024,billing,baseline
C00698,A00013,billing,baseline
C00699,A00080,billing,baseline
C00700,A00077,billing,baseline
C00701,A00029,billing,baseline
C00702,A00328,billing,baseline
C00703,A00514,billing,baseline
C00704,A00299,billing,baseline
C00705,A00458,billing,baseline
C00706,A00509,billing,baseline
C00707,A00463,billing,baseline
C00708,A00008,billing,baseline
C00709,A00233,billing,baseline
C00710,A00403,billing,baseline
C00711,A00042,billing,baseline
C00712,A00238,billing,baseline
C00713,A00008,billing,baseline
C00714,A00168,billing,baseline
C00715,A00657,billing,baseline
C00716,A00141,billing,baseline
C00717,A00027,billing,baseline
C00718,A00561,billing,baseline
C00719,A00370,billing,baseline
C00720,A00162,billing,baseline
C00721,A00262,billing,baseline
C00722,A00201,billing,baseline
C00723,A00075,billing,baseline
C00724,A00184,billing,baseline
C00725,A00323,billing,baseline
C00726,A00481,billing,baseline
C00727,A00487,billing,baseline
C00728,A00472,billing,baseline
C00729,A00279,billing,baseline
C00730,A00451,billing,baseline
C00731,A00523,billing,baseline
C00732,A00200,billing,baseline
C00733,A00261,billing,baseline
C00734,A00677,billing,baseline
C00735,A00305,billing,baseline
C00736,A00253,billing,baseline
C00737,A00534,billing,baseline
C00738,A00128,billing,baseline
C00739,A00281,billing,baseline
C00740,A00512,billing,baseline
C00741,A00427,billing,baseline
C00742,A00347,billing,baseline
C00743,A00409,billing,baseline
C00744,A00040,billing,baseline
C00745,A00097,billing,baseline
C00746,A00340,billing,baseline
C00747,A00495,billing,baseline
C00748,A00042,billing,baseline
C00749,A00682,billing,baseline
C00750,A00258,billing,baseline
C00751,A00313,billing,baseline
C00752,A00167,billing,baseline
C00753,A00140,billing,baseline
C00754,A00153,billing,baseline
C00755,A00362,billing,baseline
C00756,A00537,billing,baseline
C00757,A00242,billing,baseline
C00758,A00511,billing,baseline
C00759,A00176,billing,baseline
C00760,A00348,billing,baseline
C00761,A00643,billing,baseline
C00762,A00262,billing,baseline
C00763,A00628,billing,baseline
C00764,A00411,billing,baseline
C00765,A00621,billing,baseline
C00766,A00394,billing,baseline
C00767,A00273,billing,baseline
C00768,A00255,billing,baseline
C00769,A00327,billing,baseline
C00770,A00356,billing,baseline
C00771,A00618,billing,baseline
C00772,A00567,billing,baseline
C00773,A00415,billing,baseline
C00774,A00160,billing,baseline
C00775,A00232,billing,baseline
C00776,A00004,billing,baseline
C00777,A00058,billing,baseline
C00778,A00200,billing,baseline
C00779,A00061,billing,baseline
C00780,A00137,billing,baseline
C00781,A00707,billing,baseline
C00782,A00706,billing,baseline
C00783,A00426,billing,baseline
C00784,A00541,billing,baseline
C00785,A00223,billing,baseline
C00786,A00033,billing,baseline
C00787,A00373,billing,baseline
C00788,A00121,billing,baseline
C00789,A00298,billing,baseline
C00790,A00108,billing,baseline
C00791,A00590,billing,baseline
C00792,A00582,billing,baseline
C00793,A00296,billing,baseline
C00794,A00083,billing,baseline
C00795,A00307,billing,baseline
C00796,A00308,billing,baseline
C00797,A00113,billing,baseline
C00798,A00640,billing,baseline
C00799,A00418,billing,baseline
C00800,A00658,billing,baseline
C00801,A00677,billing,baseline
C00802,A00601,billing,baseline
C00803,A00178,billing,baseline
C00804,A00210,billing,baseline
C00805,A00637,billing,baseline
C00806,A00384,billing,baseline
C00807,A00369,billing,baseline
C00808,A00063,billing,baseline
C00809,A00123,billing,baseline
C00810,A00667,billing,baseline
C00811,A00226,billing,baseline
C00812,A00583,billing,baseline
C00813,A00241,billing,baseline
C00814,A00477,billing,baseline
C00815,A00333,billing,baseline
C00816,A00027,billing,baseline
C00817,A00258,billing,baseline
C00818,A00245,billing,baseline
C00819,A00697,billing,baseline
C00820,A00316,billing,baseline
C00821,A00651,billing,baseline
C00822,A00648,billing,baseline
C00823,A00431,billing,baseline
C00824,A00028,billing,baseline
C00825,A00610,billing,baseline
C00826,A00457,billing,baseline
C00827,A00151,billing,baseline
C00828,A00503,billing,baseline
C00829,A00010,billing,baseline
C00830,A00273,billing,baseline
C00831,A00596,billing,baseline
C00832,A00169,billing,baseline
C00833,A00196,billing,baseline
C00834,A00002,billing,baseline
C00835,A00192,billing,baseline
C00836,A00636,billing,baseline
C00837,A00524,billing,baseline
C00838,A00116,billing,baseline
C00839,A00401,billing,baseline
C00840,A00632,billing,baseline
C00841,A00381,billing,baseline
C00842,A00634,billing,baseline
C00843,A00633,billing,baseline
C00844,A00268,billing,baseline
C00845,A00064,billing,baseline
C00846,A00285,billing,baseline
C00847,A00402,billing,baseline
C00848,A00229,billing,baseline
C00849,A00547,billing,baseline
C00850,A00363,billing,baseline
C00851,A00532,billing,baseline
C00852,A00615,billing,baseline
C00853,A00332,billing,baseline
C00854,A00219,billing,baseline
C00855,A00624,billing,baseline
C00856,A00236,billing,baseline
C00857,A00511,billing,baseline
C00858,A00676,billing,baseline
C00859,A00214,billing,baseline
C00860,A00017,billing,baseline
C00861,A00641,billing,baseline
C00862,A00601,billing,baseline
C00863,A00689,billing,baseline
C00864,A00005,billing,baseline
C00865,A00236,billing,baseline
C00866,A00243,billing,baseline
C00867,A00445,billing,baseline
C00868,A00544,billing,baseline
C00869,A00648,billing,baseline
C00870,A00393,billing,baseline
C00871,A00633,billing,baseline
C00872,A00315,billing,baseline
C00873,A00403,billing,baseline
C00874,A00335,billing,baseline
C00875,A00090,billing,baseline
C00876,A00298,billing,baseline
C00877,A00680,billing,baseline
C00878,A00672,billing,baseline
C00879,A00540,billing,baseline
C00880,A00134,billing,baseline
C00881,A00301,billing,baseline
C00882,A00622,billing,baseline
C00883,A00383,billing,baseline
C00884,A00284,billing,baseline
C00885,A00465,billing,baseline
C00886,A00458,billing,baseline
C00887,A00372,billing,baseline
C00888,A00229,billing,baseline
C00889,A00259,billing,baseline
C00890,A00362,billing,baseline
C00891,A00175,billing,baseline
C00892,A00565,billing,baseline
C00893,A00607,billing,baseline
C00894,A00504,billing,baseline
C00895,A00162,billing,baseline
C00896,A00650,billing,baseline
C00897,A00577,billing,baseline
C00898,A00166,billing,baseline
C00899,A00407,billing,baseline
C00900,A00599,billing,baseline
C00901,A00146,billing,baseline
C00902,A00681,billing,baseline
C00903,A00039,billing,baseline
C00904,A00574,billing,baseline
C00905,A00351,billing,baseline
C00906,A00132,billing,baseline
C00907,A00578,billing,baseline
C00908,A00328,billing,baseline
C00909,A00557,billing,baseline
C00910,A00207,billing,baseline
C00911,A00254,billing,baseline
C00912,A00292,billing,baseline
C00913,A00134,billing,baseline
C00914,A00023,billing,baseline
C00915,A00363,billing,baseline
C00916,A00252,billing,baseline
C00917,A00418,billing,baseline
C00918,A00614,billing,baseline
C00919,A00194,billing,baseline
C00920,A00184,billing,baseline
C00921,A00618,billing,baseline
C00922,A00709,billing,baseline
C00923,A00105,billing,baseline
C00924,A00394,billing,baseline
C00925,A00208,billing,baseline
C00926,A00383,billing,baseline
C00927,A00542,billing,baseline
C00928,A00669,billing,baseline
C00929,A00186,billing,baseline
C00930,A00204,billing,baseline
C00931,A00567,billing,baseline
C00932,A00163,billing,baseline
C00933,A00247,billing,baseline
C00934,A00424,billing,baseline
C00935,A00475,billing,baseline
C00936,A00427,billing,baseline
C00937,A00468,billing,baseline
C00938,A00357,billing,baseline
C00939,A00060,billing,baseline
C00940,A00517,billing,baseline
C00941,A00257,billing,baseline
C00942,A00114,billing,baseline
C00943,A00144,billing,baseline
C00944,A00588,billing,baseline
C00945,A00241,billing,baseline
C00946,A00139,billing,baseline
C00947,A00194,billing,baseline
C00948,A00696,billing,baseline
C00949,A00671,billing,baseline
C00950,A00030,billing,baseline
C00951,A00386,billing,baseline
C00952,A00142,billing,baseline
C00953,A00451,billing,baseline
C00954,A00328,billing,baseline
C00955,A00305,billing,baseline
C00956,A00489,billing,baseline
C00957,A00431,billing,baseline
C00958,A00251,billing,baseline
C00959,A00465,billing,baseline
C00960,A00056,billing,baseline
C00961,A00055,billing,baseline
C00962,A00490,billing,baseline
C00963,A00683,billing,baseline
C00964,A00370,billing,baseline
C00965,A00465,billing,baseline
C00966,A00165,billing,baseline
C00967,A00550,billing,baseline
C00968,A00573,billing,baseline
C00969,A00604,billing,baseline
C00970,A00367,billing,baseline
C00971,A00342,billing,baseline
C00972,A00598,billing,baseline
C00973,A00404,billing,baseline
C00974,A00443,billing,baseline
C00975,A00148,billing,baseline
C00976,A00007,billing,baseline
C00977,A00380,billing,baseline
C00978,A00160,billing,baseline
C00979,A00552,billing,baseline
C00980,A00506,billing,baseline
C00981,A00515,billing,baseline
C00982,A00614,billing,baseline
C00983,A00128,billing,baseline
C00984,A00045,billing,baseline
C00985,A00147,billing,baseline
C00986,A00132,billing,baseline
C00987,A00059,billing,baseline
C00988,A00473,billing,baseline
C00989,A00034,billing,baseline
C00990,A00434,billing,baseline
C00991,A00109,billing,baseline
C00992,A00680,billing,baseline
C00993,A00500,billing,baseline
C00994,A00090,billing,baseline
C00995,A00359,billing,baseline
C00996,A00182,billing,baseline
C00997,A00664,billing,baseline
C00998,A00683,billing,baseline
C00999,A00576,billing,baseline
C01000,A00515,billing,baseline
C01001,A00364,billing,baseline
C01002,A00401,billing,baseline
C01003,A00072,billing,baseline
C01004,A00480,billing,baseline
C01005,A00374,billing,baseline
C01006,A00083,billing,baseline
C01007,A00597,billing,baseline
C01008,A00580,billing,baseline
C01009,A00245,billing,baseline
C01010,A00655,billing,baseline
C01011,A00380,billing,baseline
C01012,A00424,billing,baseline
C01013,A00074,billing,baseline
C01014,A00343,billing,baseline
C01015,A00192,billing,baseline
C01016,A00381,billing,baseline
C01017,A00383,billing,baseline
C01018,A00069,billing,baseline
C01019,A00149,billing,baseline
C01020,A00462,billing,baseline
C01021,A00398,billing,baseline
C01022,A00312,billing,baseline
C01023,A00520,billing,baseline
C01024,A00088,billing,baseline
C01025,A00230,billing,baseline
C01026,A00507,billing,baseline
C01027,A00210,billing,baseline
C01028,A00188,billing,baseline
C01029,A00577,billing,baseline
C01030,A00137,billing,baseline
C01031,A00124,billing,baseline
C01032,A00416,billing,baseline
C01033,A00011,billing,baseline
C01034,A00209,billing,baseline
C01035,A00093,billing,baseline
C01036,A00436,billing,baseline
C01037,A00699,billing,baseline
C01038,A00372,billing,baseline
C01039,A00398,billing,baseline
C01040,A00154,billing,baseline
C01041,A00424,billing,baseline
C01042,A00482,billing,baseline
C01043,A00362,billing,baseline
C01044,A00401,billing,baseline
C01045,A00623,billing,baseline
C01046,A00067,billing,baseline
C01047,A00009,billing,baseline
C01048,A00164,billing,baseline
C01049,A00224,billing,baseline
C01050,A00537,billing,baseline
C01051,A00312,billing,baseline
C01052,A00333,billing,baseline
C01053,A00235,billing,baseline
C01054,A00083,billing,baseline
C01055,A00708,billing,baseline
C01056,A00249,billing,baseline
C01057,A00440,billing,baseline
C01058,A00683,billing,baseline
C01059,A00678,billing,baseline
C01060,A00205,billing,baseline
C01061,A00097,billing,baseline
C01062,A00081,billing,baseline
C01063,A00618,billing,baseline
C01064,A00215,billing,baseline
C01065,A00403,billing,baseline
C01066,A00632,billing,baseline
C01067,A00520,billing,baseline
C01068,A00163,billing,baseline
C01069,A00335,billing,baseline
C01070,A00345,billing,baseline
C01071,A00701,billing,baseline
C01072,A00178,billing,baseline
C01073,A00032,billing,baseline
C01074,A00224,billing,baseline
C01075,A00203,billing,baseline
C01076,A00160,billing,baseline
C01077,A00130,billing,baseline
C01078,A00338,billing,baseline
C01079,A00101,billing,baseline
C01080,A00049,billing,baseline
C01081,A00413,billing,baseline
C01082,A00064,billing,baseline
C01083,A00129,billing,baseline
C01084,A00291,billing,baseline
C01085,A00619,billing,baseline
C01086,A00164,billing,baseline
C01087,A00515,billing,baseline
C01088,A00076,billing,baseline
C01089,A00602,billing,baseline
C01090,A00424,billing,baseline
C01091,A00252,billing,baseline
C01092,A00419,billing,baseline
C01093,A00355,billing,baseline
C01094,A00171,billing,baseline
C01095,A00397,billing,baseline
C01096,A00672,billing,baseline
C01097,A00578,billing,baseline
C01098,A00135,billing,baseline
C01099,A00270,billing,baseline
C01100,A00195,billing,baseline
C01101,A00328,billing,baseline
C01102,A00420,billing,baseline
C01103,A00244,billing,baseline
C01104,A00448,billing,baseline
C01105,A00017,billing,baseline
C01106,A00597,billing,baseline
C01107,A00609,billing,baseline
C01108,A00455,billing,baseline
C01109,A00214,billing,baseline
C01110,A00374,billing,baseline
C01111,A00016,billing,baseline
C01112,A00292,billing,baseline
C01113,A00471,billing,baseline
C01114,A00109,billing,baseline
C01115,A00688,billing,baseline
C01116,A00544,billing,baseline
C01117,A00449,billing,baseline
C01118,A00144,billing,baseline
C01119,A00229,billing,baseline
C01120,A00563,billing,baseline
C01121,A00162,billing,baseline
C01122,A00592,billing,baseline
C01123,A00489,billing,baseline
C01124,A00454,billing,baseline
C01125,A00205,billing,baseline
C01126,A00257,billing,baseline
C01127,A00385,billing,baseline
C01128,A00001,billing,baseline
C01129,A00594,billing,baseline
C01130,A00676,billing,baseline
C01131,A00294,billing,baseline
C01132,A00501,billing,baseline
C01133,A00267,billing,baseline
C01134,A00207,billing,baseline
C01135,A00258,billing,baseline
C01136,A00350,billing,baseline
C01137,A00563,billing,baseline
C01138,A00247,billing,baseline
C01139,A00530,billing,baseline
C01140,A00128,billing,baseline
C01141,A00339,billing,baseline
C01142,A00140,billing,baseline
C01143,A00430,billing,baseline
C01144,A00508,billing,baseline
C01145,A00703,billing,baseline
C01146,A00529,billing,baseline
C01147,A00093,billing,baseline
C01148,A00324,billing,baseline
C01149,A00014,billing,baseline
C01150,A00594,billing,baseline
C01151,A00036,billing,baseline
C01152,A00519,billing,baseline
C01153,A00452,billing,baseline
C01154,A00509,billing,baseline
C01155,A00412,billing,baseline
C01156,A00588,billing,baseline
C01157,A00283,billing,baseline
C01158,A00589,billing,baseline
C01159,A00590,billing,baseline
C01160,A00537,billing,baseline
C01161,A00206,billing,baseline
C01162,A00129,billing,baseline
C01163,A00671,billing,baseline
C01164,A00070,billing,baseline
C01165,A00597,billing,baseline
C01166,A00362,billing,baseline
C01167,A00015,billing,baseline
C01168,A00678,billing,baseline
C01169,A00186,billing,baseline
C01170,A00637,billing,baseline
C01171,A00234,billing,baseline
C01172,A00556,billing,baseline
C01173,A00480,billing,baseline
C01174,A00038,billing,baseline
C01175,A00537,billing,baseline
C01176,A00073,billing,baseline
C01177,A00318,billing,baseline
C01178,A00578,billing,baseline
C01179,A00547,billing,baseline
C01180,A00686,billing,baseline
C01181,A00103,billing,baseline
C01182,A00245,billing,baseline
C01183,A00583,billing,baseline
C01184,A00701,billing,baseline
C01185,A00185,billing,baseline
C01186,A00249,billing,baseline
C01187,A00005,billing,baseline
C01188,A00317,billing,baseline
C01189,A00334,billing,baseline
C01190,A00108,billing,baseline
C01191,A00522,billing,baseline
C01192,A00449,billing,baseline
C01193,A00464,billing,baseline
C01194,A00140,billing,baseline
C01195,A00139,billing,baseline
C01196,A00061,billing,baseline
C01197,A00455,billing,baseline
C01198,A00277,billing,baseline
C01199,A00640,billing,baseline
C01200,A00014,billing,baseline
C01201,A00388,billing,baseline
C01202,A00494,billing,baseline
C01203,A00659,billing,baseline
C01204,A00612,billing,baseline
C01205,A00180,billing,baseline
C01206,A00477,billing,baseline
C01207,A00415,billing,baseline
C01208,A00425,billing,baseline
C01209,A00373,billing,baseline
C01210,A00317,billing,baseline
C01211,A00365,billing,baseline
C01212,A00308,billing,baseline
C01213,A00531,billing,baseline
C01214,A00331,billing,baseline
C01215,A00671,billing,baseline
C01216,A00116,billing,baseline
C01217,A00107,billing,baseline
C01218,A00323,billing,baseline
C01219,A00256,billing,baseline
C01220,A00353,billing,baseline
C01221,A00439,billing,baseline
C01222,A00507,billing,baseline
C01223,A00062,billing,baseline
C01224,A00545,billing,baseline
C01225,A00558,billing,baseline
C01226,A00215,billing,baseline
C01227,A00229,billing,baseline
C01228,A00062,billing,baseline
C01229,A00328,billing,baseline
C01230,A00053,billing,baseline
C01231,A00307,billing,baseline
C01232,A00705,billing,baseline
C01233,A00554,billing,baseline
C01234,A00308,billing,baseline
C01235,A00329,billing,baseline
C01236,A00079,billing,baseline
C01237,A00346,billing,baseline
C01238,A00654,billing,baseline
C01239,A00549,billing,baseline
C01240,A00656,billing,baseline
C01241,A00276,billing,baseline
C01242,A00387,billing,baseline
C01243,A00688,billing,baseline
C01244,A00705,billing,baseline
C01245,A00387,billing,baseline
C01246,A00257,billing,baseline
C01247,A00185,billing,baseline
C01248,A00026,billing,baseline
C01249,A00353,billing,baseline
C01250,A00455,billing,baseline
C01251,A00099,billing,baseline
C01252,A00194,billing,baseline
C01253,A00159,billing,baseline
C01254,A00288,billing,baseline
C01255,A00180,billing,baseline
C01256,A00001,billing,baseline
C01257,A00247,billing,baseline
C01258,A00098,billing,baseline
C01259,A00350,billing,baseline
C01260,A00553,billing,baseline
C01261,A00543,billing,baseline
C01262,A00004,billing,baseline
C01263,A00356,billing,baseline
C01264,A00208,billing,baseline
C01265,A00442,billing,baseline
C01266,A00684,billing,baseline
C01267,A00010,billing,baseline
C01268,A00594,billing,baseline
C01269,A00369,billing,baseline
C01270,A00516,billing,baseline
C01271,A00670,billing,baseline
C01272,A00152,billing,baseline
C01273,A00428,billing,baseline
C01274,A00418,billing,baseline
C01275,A00300,billing,baseline
C01276,A00396,billing,baseline
C01277,A00537,billing,baseline
C01278,A00021,billing,baseline
C01279,A00371,billing,baseline
C01280,A00534,billing,baseline
C01281,A00681,billing,baseline
C01282,A00080,billing,baseline
C01283,A00017,billing,baseline
C01284,A00043,billing,baseline
C01285,A00404,billing,baseline
C01286,A00015,billing,baseline
C01287,A00415,billing,baseline
C01288,A00528,billing,baseline
C01289,A00684,billing,baseline
C01290,A00083,billing,baseline
C01291,A00246,billing,baseline
C01292,A00228,billing,baseline
C01293,A00098,billing,baseline
C01294,A00707,billing,baseline
C01295,A00241,billing,baseline
C01296,A00148,billing,baseline
C01297,A00326,billing,baseline
C01298,A00003,billing,baseline
C01299,A00465,billing,baseline
C01300,A00589,billing,baseline
C01301,A00107,billing,baseline
C01302,A00540,billing,baseline
C01303,A00392,billing,baseline
C01304,A00676,billing,baseline
C01305,A00399,billing,baseline
C01306,A00606,billing,baseline
C01307,A00453,billing,baseline
C01308,A00344,billing,baseline
C01309,A00650,billing,baseline
C01310,A00389,billing,baseline
C01311,A00285,billing,baseline
C01312,A00427,billing,baseline
C01313,A00559,billing,baseline
C01314,A00482,billing,baseline
C01315,A00152,billing,baseline
C01316,A00058,billing,baseline
C01317,A00281,billing,baseline
C01318,A00538,billing,baseline
C01319,A00273,billing,baseline
C01320,A00015,billing,baseline
C01321,A00070,billing,baseline
C01322,A00176,billing,baseline
C01323,A00173,billing,baseline
C01324,A00027,billing,baseline
C01325,A00032,billing,baseline
C01326,A00097,billing,baseline
C01327,A00240,billing,baseline
C01328,A00125,billing,baseline
C01329,A00261,billing,baseline
C01330,A00325,billing,baseline
C01331,A00068,billing,baseline
C01332,A00566,billing,baseline
C01333,A00593,billing,baseline
C01334,A00185,billing,baseline
C01335,A00563,billing,baseline
C01336,A00670,billing,baseline
C01337,A00601,billing,baseline
C01338,A00452,billing,baseline
C01339,A00124,billing,baseline
C01340,A00441,billing,baseline
C01341,A00047,billing,baseline
C01342,A00489,billing,baseline
C01343,A00140,billing,baseline
C01344,A00615,billing,baseline
C01345,A00616,billing,baseline
C01346,A00253,billing,baseline
C01347,A00173,billing,baseline
C01348,A00407,billing,baseline
C01349,A00246,billing,baseline
C01350,A00289,billing,baseline
C01351,A00696,billing,baseline
C01352,A00403,billing,baseline
C01353,A00611,billing,baseline
C01354,A00159,billing,baseline
C01355,A00538,billing,baseline
C01356,A00027,billing,baseline
C01357,A00261,billing,baseline
C01358,A00422,billing,baseline
C01359,A00605,billing,baseline
C01360,A00021,billing,baseline
C01361,A00279,billing,baseline
C01362,A00677,billing,baseline
C01363,A00029,billing,baseline
C01364,A00129,billing,baseline
C01365,A00175,billing,baseline
C01366,A00054,billing,baseline
C01367,A00264,billing,baseline
C01368,A00238,billing,baseline
C01369,A00074,billing,baseline
C01370,A00258,billing,baseline
C01371,A00263,billing,baseline
C01372,A00696,billing,baseline
C01373,A00543,billing,baseline
C01374,A00499,billing,baseline
C01375,A00285,billing,baseline
C01376,A00006,billing,baseline
C01377,A00404,billing,baseline
C01378,A00300,billing,baseline
C01379,A00152,billing,baseline
C01380,A00557,billing,baseline
C01381,A00530,billing,baseline
C01382,A00158,billing,baseline
C01383,A00136,billing,baseline
C01384,A00600,billing,baseline
C01385,A00222,billing,baseline
C01386,A00374,billing,baseline
C01387,A00141,billing,baseline
C01388,A00337,billing,baseline
C01389,A00383,billing,baseline
C01390,A00441,billing,baseline
C01391,A00573,billing,baseline
C01392,A00102,billing,baseline
C01393,A00482,billing,baseline
C01394,A00323,billing,baseline
C01395,A00664,billing,baseline
C01396,A00347,billing,baseline
C01397,A00275,billing,baseline
C01398,A00528,billing,baseline
C01399,A00226,billing,baseline
C01400,A00640,billing,baseline
C01401,A00376,billing,baseline
C01402,A00407,billing,baseline
C01403,A00551,billing,baseline
C01404,A00615,billing,baseline
C01405,A00243,billing,baseline
C01406,A00031,billing,baseline
C01407,A00635,billing,baseline
C01408,A00312,billing,baseline
C01409,A00279,billing,baseline
C01410,A00670,billing,baseline
C01411,A00038,billing,baseline
C01412,A00631,billing,baseline
C01413,A00428,billing,baseline
C01414,A00618,billing,baseline
C01415,A00399,billing,baseline
C01416,A00462,billing,baseline
C01417,A00097,billing,baseline
C01418,A00704,billing,baseline
C01419,A00482,billing,baseline
C01420,A00412,billing,baseline
C01421,A00595,billing,baseline
C01422,A00532,billing,baseline
C01423,A00113,billing,baseline
C01424,A00322,billing,baseline
C01425,A00285,billing,baseline
C01426,A00166,billing,baseline
C01427,A00515,billing,baseline
C01428,A00465,billing,baseline
C01429,A00435,billing,baseline
C01430,A00397,billing,baseline
C01431,A00186,billing,baseline
C01432,A00316,billing,baseline
C01433,A00271,billing,baseline
C01434,A00451,billing,baseline
C01435,A00430,billing,baseline
C01436,A00114,billing,baseline
C01437,A00489,billing,baseline
C01438,A00069,billing,baseline
C01439,A00601,billing,baseline
C01440,A00503,billing,baseline
C01441,A00547,billing,baseline
C01442,A00665,billing,baseline
C01443,A00690,billing,baseline
C01444,A00415,billing,baseline
C01445,A00300,billing,baseline
C01446,A00357,billing,baseline
C01447,A00377,billing,baseline
C01448,A00233,billing,baseline
C01449,A00285,billing,baseline
C01450,A00427,billing,baseline
C01451,A00329,billing,baseline
C01452,A00506,billing,baseline
C01453,A00127,billing,baseline
C01454,A00262,billing,baseline
C01455,A00098,billing,baseline
C01456,A00003,billing,baseline
C01457,A00279,billing,baseline
C01458,A00379,billing,baseline
C01459,A00245,billing,baseline
C01460,A00433,billing,baseline
C01461,A00042,billing,baseline
C01462,A00622,billing,baseline
C01463,A00421,billing,baseline
C01464,A00181,billing,baseline
C01465,A00339,billing,baseline
C01466,A00212,billing,baseline
C01467,A00603,billing,baseline
C01468,A00614,billing,baseline
C01469,A00384,billing,baseline
C01470,A00658,billing,baseline
C01471,A00421,billing,baseline
C01472,A00330,billing,baseline
C01473,A00376,billing,baseline
C01474,A00473,billing,baseline
C01475,A00684,billing,baseline
C01476,A00496,billing,baseline
C01477,A00331,billing,baseline
C01478,A00147,billing,baseline
C01479,A00605,billing,baseline
C01480,A00710,billing,baseline
C01481,A00572,billing,baseline
C01482,A00411,billing,baseline
C01483,A00110,billing,baseline
C01484,A00230,billing,baseline
C01485,A00162,billing,baseline
C01486,A00061,billing,baseline
C01487,A00206,billing,baseline
C01488,A00407,billing,baseline
C01489,A00152,billing,baseline
C01490,A00001,billing,baseline
C01491,A00160,billing,baseline
C01492,A00706,billing,baseline
C01493,A00441,billing,baseline
C01494,A00334,billing,baseline
C01495,A00303,billing,baseline
C01496,A00470,billing,baseline
C01497,A00623,billing,baseline
C01498,A00216,billing,baseline
C01499,A00104,billing,baseline
C01500,A00417,billing,baseline
C01501,A00172,billing,baseline
C01502,A00357,billing,baseline
C01503,A00074,billing,baseline
C01504,A00238,billing,baseline
C01505,A00523,billing,baseline
C01506,A00280,billing,baseline
C01507,A00429,billing,baseline
C01508,A00394,billing,baseline
C01509,A00525,billing,baseline
C01510,A00046,billing,baseline
C01511,A00022,billing,baseline
C01512,A00111,billing,baseline
C01513,A00360,billing,baseline
C01514,A00190,billing,baseline
C01515,A00244,billing,baseline
C01516,A00639,billing,baseline
C01517,A00139,billing,baseline
C01518,A00689,billing,baseline
C01519,A00443,billing,baseline
C01520,A00416,billing,baseline
C01521,A00005,billing,baseline
C01522,A00651,billing,baseline
C01523,A00643,billing,baseline
C01524,A00422,billing,baseline
C01525,A00343,billing,baseline
C01526,A00513,billing,baseline
C01527,A00478,billing,baseline
C01528,A00375,billing,baseline
C01529,A00246,billing,baseline
C01530,A00341,billing,baseline
C01531,A00119,billing,baseline
C01532,A00455,billing,baseline
C01533,A00670,billing,baseline
C01534,A00366,billing,baseline
C01535,A00137,billing,baseline
C01536,A00123,billing,baseline
C01537,A00357,billing,baseline
C01538,A00009,billing,baseline
C01539,A00161,billing,baseline
C01540,A00409,billing,baseline
C01541,A00274,billing,baseline
C01542,A00196,billing,baseline
C01543,A00601,billing,baseline
C01544,A00560,billing,baseline
C01545,A00326,billing,baseline
C01546,A00155,billing,baseline
C01547,A00442,billing,baseline
C01548,A00664,billing,baseline
C01549,A00355,billing,baseline
C01550,A00495,billing,baseline
C01551,A00372,billing,baseline
C01552,A00206,billing,baseline
C01553,A00257,billing,baseline
C01554,A00177,billing,baseline
C01555,A00274,billing,baseline
C01556,A00343,billing,baseline
C01557,A00686,billing,baseline
C01558,A00505,billing,baseline
C01559,A00115,billing,baseline
C01560,A00427,billing,baseline
C01561,A00700,billing,baseline
C01562,A00153,billing,baseline
C01563,A00255,billing,baseline
C01564,A00131,billing,baseline
C01565,A00461,billing,baseline
C01566,A00523,billing,baseline
C01567,A00003,billing,baseline
C01568,A00708,billing,baseline
C01569,A00454,billing,baseline
C01570,A00549,billing,baseline
C01571,A00569,billing,baseline
C01572,A00310,billing,baseline
C01573,A00664,billing,baseline
C01574,A00412,billing,baseline
C01575,A00616,billing,baseline
C01576,A00015,billing,baseline
C01577,A00332,billing,baseline
C01578,A00607,billing,baseline
C01579,A00671,billing,baseline
C01580,A00124,billing,baseline
C01581,A00222,billing,baseline
C01582,A00026,billing,baseline
C01583,A00567,billing,baseline
C01584,A00050,billing,baseline
C01585,A00227,billing,baseline
C01586,A00531,billing,baseline
C01587,A00606,billing,baseline
C01588,A00109,billing,baseline
C01589,A00100,billing,baseline
C01590,A00583,billing,baseline
C01591,A00141,billing,baseline
C01592,A00298,billing,baseline
C01593,A00433,billing,baseline
C01594,A00118,billing,baseline
C01595,A00356,billing,baseline
C01596,A00195,billing,baseline
C01597,A00053,billing,baseline
C01598,A00274,billing,baseline
C01599,A00270,billing,baseline
C01600,A00329,billing,baseline
C01601,A00399,billing,baseline
C01602,A00153,billing,baseline
C01603,A00081,billing,baseline
C01604,A00379,billing,baseline
C01605,A00363,billing,baseline
C01606,A00123,billing,baseline
C01607,A00503,billing,baseline
C01608,A00217,billing,baseline
C01609,A00589,billing,baseline
C01610,A00311,billing,baseline
C01611,A00584,billing,baseline
C01612,A00103,billing,baseline
C01613,A00041,billing,baseline
C01614,A00578,billing,baseline
C01615,A00134,billing,baseline
C01616,A00024,billing,baseline
C01617,A00278,billing,baseline
C01618,A00395,billing,baseline
C01619,A00191,billing,baseline
C01620,A00223,billing,baseline
C01621,A00372,billing,baseline
C01622,A00558,billing,baseline
C01623,A00014,billing,baseline
C01624,A00205,billing,baseline
C01625,A00038,billing,baseline
C01626,A00278,billing,baseline
C01627,A00692,billing,baseline
C01628,A00362,billing,baseline
C01629,A00523,billing,baseline
C01630,A00016,billing,baseline
C01631,A00382,billing,baseline
C01632,A00183,billing,baseline
C01633,A00613,billing,baseline
C01634,A00470,billing,baseline
C01635,A00143,billing,baseline
C01636,A00242,billing,baseline
C01637,A00482,billing,baseline
C01638,A00261,billing,baseline
C01639,A00628,billing,baseline
C01640,A00651,billing,baseline
C01641,A00034,billing,baseline
C01642,A00138,billing,baseline
C01643,A00466,billing,baseline
C01644,A00028,billing,baseline
C01645,A00304,billing,baseline
C01646,A00019,billing,baseline
C01647,A00677,billing,baseline
C01648,A00466,billing,baseline
C01649,A00683,billing,baseline
C01650,A00658,billing,baseline
C01651,A00637,billing,baseline
C01652,A00223,billing,baseline
C01653,A00127,billing,baseline
C01654,A00679,billing,baseline
C01655,A00587,billing,baseline
C01656,A00433,billing,baseline
C01657,A00264,billing,baseline
C01658,A00650,billing,baseline
C01659,A00100,billing,baseline
C01660,A00063,billing,baseline
C01661,A00236,billing,baseline
C01662,A00480,billing,baseline
C01663,A00019,billing,baseline
C01664,A00458,billing,baseline
C01665,A00636,billing,baseline
C01666,A00193,billing,baseline
C01667,A00333,billing,baseline
C01668,A00631,billing,baseline
C01669,A00132,billing,baseline
C01670,A00505,billing,baseline
C01671,A00186,billing,baseline
C01672,A00371,billing,baseline
C01673,A00050,billing,baseline
C01674,A00675,billing,baseline
C01675,A00353,billing,baseline
C01676,A00289,billing,baseline
C01677,A00036,billing,baseline
C01678,A00195,billing,baseline
C01679,A00406,billing,baseline
C01680,A00518,billing,baseline
C01681,A00017,billing,baseline
C01682,A00705,billing,baseline
C01683,A00680,billing,baseline
C01684,A00319,billing,baseline
C01685,A00058,billing,baseline
C01686,A00251,billing,baseline
C01687,A00248,billing,baseline
C01688,A00056,billing,baseline
C01689,A00325,billing,baseline
C01690,A00430,billing,baseline
C01691,A00297,billing,baseline
C01692,A00456,billing,baseline
C01693,A00070,billing,baseline
C01694,A00584,billing,baseline
C01695,A00221,billing,baseline
C01696,A00081,billing,baseline
C01697,A00334,billing,baseline
C01698,A00336,billing,baseline
C01699,A00067,billing,baseline
C01700,A00344,billing,baseline
C01701,A00648,billing,baseline
C01702,A00053,billing,baseline
C01703,A00472,billing,baseline
C01704,A00585,billing,baseline
C01705,A00691,billing,baseline
C01706,A00598,billing,baseline
C01707,A00362,billing,baseline
C01708,A00577,billing,baseline
C01709,A00584,billing,baseline
C01710,A00568,billing,baseline
C01711,A00139,billing,baseline
C01712,A00661,billing,baseline
C01713,A00031,billing,baseline
C01714,A00183,billing,baseline
C01715,A00684,billing,baseline
C01716,A00405,billing,baseline
C01717,A00330,billing,baseline
C01718,A00349,billing,baseline
C01719,A00597,billing,baseline
C01720,A00408,billing,baseline
C01721,A00687,billing,baseline
C01722,A00009,billing,baseline
C01723,A00647,billing,baseline
C01724,A00496,billing,baseline
C01725,A00675,billing,baseline
C01726,A00690,billing,baseline
C01727,A00709,billing,baseline
C01728,A00676,billing,baseline
C01729,A00529,billing,baseline
C01730,A00354,billing,baseline
C01731,A00601,billing,baseline
C01732,A00340,billing,baseline
C01733,A00223,billing,baseline
C01734,A00241,billing,baseline
C01735,A00443,billing,baseline
C01736,A00459,billing,baseline
C01737,A00218,billing,baseline
C01738,A00134,billing,baseline
C01739,A00343,billing,baseline
C01740,A00331,billing,baseline
C01741,A00072,billing,baseline
C01742,A00663,billing,baseline
C01743,A00263,billing,baseline
C01744,A00489,billing,baseline
C01745,A00703,billing,baseline
C01746,A00031,billing,baseline
C01747,A00677,billing,baseline
C01748,A00493,billing,baseline
C01749,A00403,billing,baseline
C01750,A00510,billing,baseline
C01751,A00093,billing,baseline
C01752,A00175,billing,baseline
C01753,A00378,billing,baseline
C01754,A00673,billing,baseline
C01755,A00052,billing,baseline
C01756,A00202,billing,baseline
C01757,A00587,billing,baseline
C01758,A00372,billing,baseline
C01759,A00389,billing,baseline
C01760,A00011,billing,baseline
C01761,A00096,billing,baseline
C01762,A00181,billing,baseline
C01763,A00669,billing,baseline
C01764,A00396,billing,baseline
C01765,A00426,billing,baseline
C01766,A00388,billing,baseline
C01767,A00655,billing,baseline
C01768,A00687,billing,baseline
C01769,A00587,billing,baseline
C01770,A00452,billing,baseline
C01771,A00306,billing,baseline
C01772,A00040,billing,baseline
C01773,A00645,billing,baseline
C01774,A00411,billing,baseline
C01775,A00064,billing,baseline
C01776,A00149,billing,baseline
C01777,A00056,billing,baseline
C01778,A00399,billing,baseline
C01779,A00523,billing,baseline
C01780,A00664,billing,baseline
C01781,A00514,billing,baseline
C01782,A00670,billing,baseline
C01783,A00201,billing,baseline
C01784,A00687,billing,baseline
C01785,A00374,billing,baseline
C01786,A00644,billing,baseline
C01787,A00610,billing,baseline
C01788,A00558,billing,baseline
C01789,A00481,billing,baseline
C01790,A00306,billing,baseline
C01791,A00038,billing,baseline
C01792,A00187,billing,baseline
C01793,A00616,billing,baseline
C01794,A00563,billing,baseline
C01795,A00490,billing,baseline
C01796,A00131,billing,baseline
C01797,A00108,billing,baseline
C01798,A00401,billing,baseline
C01799,A00483,billing,baseline
C01800,A00161,billing,baseline
C01801,A00559,billing,baseline
C01802,A00369,billing,baseline
C01803,A00710,billing,baseline
C01804,A00070,billing,baseline
C01805,A00641,billing,baseline
C01806,A00605,billing,baseline
C01807,A00088,billing,baseline
C01808,A00374,billing,baseline
C01809,A00161,billing,baseline
C01810,A00378,billing,baseline
C01811,A00708,billing,baseline
C01812,A00503,billing,baseline
C01813,A00448,billing,baseline
C01814,A00683,billing,baseline
C01815,A00561,billing,baseline
C01816,A00229,billing,baseline
C01817,A00148,billing,baseline
C01818,A00540,billing,baseline
C01819,A00199,billing,baseline
C01820,A00613,billing,baseline
C01821,A00161,billing,baseline
C01822,A00318,billing,baseline
C01823,A00284,billing,baseline
C01824,A00466,billing,baseline
C01825,A00252,billing,baseline
C01826,A00126,billing,baseline
C01827,A00701,billing,baseline
C01828,A00051,billing,baseline
C01829,A00413,billing,baseline
C01830,A00360,billing,baseline
C01831,A00347,billing,baseline
C01832,A00013,billing,baseline
C01833,A00112,billing,baseline
C01834,A00658,billing,baseline
C01835,A00431,billing,baseline
C01836,A00267,billing,baseline
C01837,A00082,billing,baseline
C01838,A00562,billing,baseline
C01839,A00394,billing,baseline
C01840,A00339,billing,baseline
C01841,A00240,billing,baseline
C01842,A00454,billing,baseline
C01843,A00419,billing,baseline
C01844,A00492,billing,baseline
C01845,A00152,billing,baseline
C01846,A00710,billing,baseline
C01847,A00175,billing,baseline
C01848,A00077,billing,baseline
C01849,A00224,billing,baseline
C01850,A00563,billing,baseline
C01851,A00321,billing,baseline
C01852,A00169,billing,baseline
C01853,A00009,billing,baseline
C01854,A00004,billing,baseline
C01855,A00427,billing,baseline
C01856,A00657,billing,baseline
C01857,A00610,billing,baseline
C01858,A00602,billing,baseline
C01859,A00420,billing,baseline
C01860,A00546,billing,baseline
C01861,A00622,billing,baseline
C01862,A00306,billing,baseline
C01863,A00238,billing,baseline
C01864,A00210,billing,baseline
C01865,A00540,billing,baseline
C01866,A00307,billing,baseline
C01867,A00700,billing,baseline
C01868,A00371,billing,baseline
C01869,A00116,billing,baseline
C01870,A00269,billing,baseline
C01871,A00616,billing,baseline
C01872,A00446,billing,baseline
C01873,A00328,billing,baseline
C01874,A00257,billing,baseline
C01875,A00285,billing,baseline
C01876,A00162,billing,baseline
C01877,A00520,billing,baseline
C01878,A00456,billing,baseline
C01879,A00075,billing,baseline
C01880,A00577,billing,baseline
C01881,A00383,billing,baseline
C01882,A00685,billing,baseline
C01883,A00227,billing,baseline
C01884,A00609,billing,baseline
C01885,A00030,billing,baseline
C01886,A00013,billing,baseline
C01887,A00117,billing,baseline
C01888,A00330,billing,baseline
C01889,A00034,billing,baseline
C01890,A00069,billing,baseline
C01891,A00311,billing,baseline
C01892,A00129,billing,baseline
C01893,A00138,billing,baseline
C01894,A00253,billing,baseline
C01895,A00417,billing,baseline
C01896,A00381,billing,baseline
C01897,A00378,billing,baseline
C01898,A00600,billing,baseline
C01899,A00406,billing,baseline
C01900,A00123,billing,baseline
C01901,A00538,billing,baseline
C01902,A00645,billing,baseline
C01903,A00517,billing,baseline
C01904,A00488,billing,baseline
C01905,A00436,billing,baseline
C01906,A00481,billing,baseline
C01907,A00657,billing,baseline
C01908,A00448,billing,baseline
C01909,A00583,billing,baseline
C01910,A00511,billing,baseline
C01911,A00344,billing,baseline
C01912,A00057,billing,baseline
C01913,A00373,billing,baseline
C01914,A00144,billing,baseline
C01915,A00625,billing,baseline
C01916,A00018,billing,baseline
C01917,A00187,billing,baseline
C01918,A00152,billing,baseline
C01919,A00354,billing,baseline
C01920,A00017,billing,baseline
C01921,A00687,billing,baseline
C01922,A00436,billing,baseline
C01923,A00470,billing,baseline
C01924,A00599,billing,baseline
C01925,A00453,billing,baseline
C01926,A00653,billing,baseline
C01927,A00605,billing,baseline
C01928,A00036,billing,baseline
C01929,A00312,billing,baseline
C01930,A00323,billing,baseline
C01931,A00003,billing,baseline
C01932,A00402,billing,baseline
C01933,A00489,billing,baseline
C01934,A00223,billing,baseline
C01935,A00465,billing,baseline
C01936,A00195,billing,baseline
C01937,A00426,billing,baseline
C01938,A00132,billing,baseline
C01939,A00398,billing,baseline
C01940,A00461,billing,baseline
C01941,A00188,billing,baseline
C01942,A00534,billing,baseline
C01943,A00583,billing,baseline
C01944,A00115,billing,baseline
C01945,A00588,billing,baseline
C01946,A00229,billing,baseline
C01947,A00248,billing,baseline
C01948,A00437,billing,baseline
C01949,A00542,billing,baseline
C01950,A00035,billing,baseline
C01951,A00700,billing,baseline
C01952,A00436,billing,baseline
C01953,A00434,billing,baseline
C01954,A00549,billing,baseline
C01955,A00683,billing,baseline
C01956,A00409,billing,baseline
C01957,A00359,billing,baseline
C01958,A00250,billing,baseline
C01959,A00004,billing,baseline
C01960,A00655,billing,baseline
C01961,A00675,billing,baseline
C01962,A00013,billing,baseline
C01963,A00337,billing,baseline
C01964,A00515,billing,baseline
C01965,A00644,billing,baseline
C01966,A00334,billing,baseline
C01967,A00217,billing,baseline
C01968,A00299,billing,baseline
C01969,A00645,billing,baseline
C01970,A00022,billing,baseline
C01971,A00117,billing,baseline
C01972,A00088,billing,baseline
C01973,A00479,billing,baseline
C01974,A00120,billing,baseline
C01975,A00536,billing,baseline
C01976,A00697,billing,baseline
C01977,A00651,billing,baseline
C01978,A00448,billing,baseline
C01979,A00292,billing,baseline
C01980,A00452,billing,baseline
C01981,A00043,billing,baseline
C01982,A00309,billing,baseline
C01983,A00568,billing,baseline
C01984,A00490,billing,baseline
C01985,A00585,billing,baseline
C01986,A00394,billing,baseline
C01987,A00316,billing,baseline
C01988,A00665,billing,baseline
C01989,A00666,billing,baseline
C01990,A00695,billing,baseline
C01991,A00404,billing,baseline
C01992,A00414,billing,baseline
C01993,A00169,billing,baseline
C01994,A00523,billing,baseline
C01995,A00537,billing,baseline
C01996,A00067,billing,baseline
C01997,A00684,billing,baseline
C01998,A00663,billing,baseline
C01999,A00254,billing,baseline
C02000,A00036,billing,baseline
C02001,A00606,billing,baseline
C02002,A00564,billing,baseline
C02003,A00428,billing,baseline
C02004,A00324,billing,baseline
C02005,A00704,billing,baseline
C02006,A00449,billing,baseline
C02007,A00515,billing,baseline
C02008,A00510,billing,baseline
C02009,A00514,billing,baseline
C02010,A00417,billing,baseline
C02011,A00106,billing,baseline
C02012,A00236,billing,baseline
C02013,A00618,billing,baseline
C02014,A00563,billing,baseline
C02015,A00104,billing,baseline
C02016,A00268,billing,baseline
C02017,A00158,billing,baseline
C02018,A00115,billing,baseline
C02019,A00225,billing,baseline
C02020,A00452,billing,baseline
C02021,A00464,billing,baseline
C02022,A00166,billing,baseline
C02023,A00511,billing,baseline
C02024,A00501,billing,baseline
C02025,A00569,billing,baseline
C02026,A00664,billing,baseline
C02027,A00463,billing,baseline
C02028,A00238,billing,baseline
C02029,A00345,billing,baseline
C02030,A00435,billing,baseline
C02031,A00177,billing,baseline
C02032,A00085,billing,baseline
C02033,A00259,billing,baseline
C02034,A00428,billing,baseline
C02035,A00272,billing,baseline
C02036,A00379,billing,baseline
C02037,A00291,billing,baseline
C02038,A00513,billing,baseline
C02039,A00425,billing,baseline
C02040,A00378,billing,baseline
C02041,A00690,billing,baseline
C02042,A00118,billing,baseline
C02043,A00475,billing,baseline
C02044,A00610,billing,baseline
C02045,A00439,billing,baseline
C02046,A00194,billing,baseline
C02047,A00455,billing,baseline
C02048,A00334,billing,baseline
C02049,A00178,billing,baseline
C02050,A00003,billing,baseline
C02051,A00693,billing,baseline
C02052,A00268,billing,baseline
C02053,A00175,billing,baseline
C02054,A00195,billing,baseline
C02055,A00159,billing,baseline
C02056,A00395,billing,baseline
C02057,A00147,billing,baseline
C02058,A00091,billing,baseline
C02059,A00126,billing,baseline
C02060,A00010,billing,baseline
C02061,A00280,billing,baseline
C02062,A00644,billing,baseline
C02063,A00493,billing,baseline
C02064,A00412,billing,baseline
C02065,A00064,billing,baseline
C02066,A00663,billing,baseline
C02067,A00014,billing,baseline
C02068,A00074,billing,baseline
C02069,A00211,billing,baseline
C02070,A00680,billing,baseline
C02071,A00217,billing,baseline
C02072,A00108,billing,baseline
C02073,A00482,billing,baseline
C02074,A00250,billing,baseline
C02075,A00129,billing,baseline
C02076,A00440,billing,baseline
C02077,A00630,billing,baseline
C02078,A00521,billing,baseline
C02079,A00300,billing,baseline
C02080,A00458,billing,baseline
C02081,A00598,billing,baseline
C02082,A00297,billing,baseline
C02083,A00199,billing,baseline
C02084,A00501,billing,baseline
C02085,A00507,billing,baseline
C02086,A00413,billing,baseline
C02087,A00619,billing,baseline
C02088,A00339,billing,baseline
C02089,A00433,billing,baseline
C02090,A00215,billing,baseline
C02091,A00078,billing,baseline
C02092,A00212,billing,baseline
C02093,A00612,billing,baseline
C02094,A00310,billing,baseline
C02095,A00568,billing,baseline
C02096,A00205,billing,baseline
C02097,A00681,billing,baseline
C02098,A00108,billing,baseline
C02099,A00554,billing,baseline
C02100,A00434,billing,baseline
C02101,A00123,billing,baseline
C02102,A00710,billing,baseline
C02103,A00074,billing,baseline
C02104,A00685,billing,baseline
C02105,A00558,billing,baseline
C02106,A00252,billing,baseline
C02107,A00326,billing,baseline
C02108,A00023,billing,baseline
C02109,A00013,billing,baseline
C02110,A00188,billing,baseline
C02111,A00362,billing,baseline
C02112,A00039,billing,baseline
C02113,A00669,billing,baseline
C02114,A00319,billing,baseline
C02115,A00620,billing,baseline
C02116,A00345,billing,baseline
C02117,A00564,billing,baseline
C02118,A00437,billing,baseline
C02119,A00251,billing,baseline
C02120,A00426,billing,baseline
C02121,A00543,billing,baseline
C02122,A00331,billing,baseline
C02123,A00596,billing,baseline
C02124,A00019,billing,baseline
C02125,A00630,billing,baseline
C02126,A00578,billing,baseline
C02127,A00189,billing,baseline
C02128,A00429,billing,baseline
C02129,A00547,billing,baseline
C02130,A00096,billing,baseline
C02131,A00690,billing,baseline
C02132,A00043,billing,baseline
C02133,A00483,billing,baseline
C02134,A00703,billing,baseline
C02135,A00288,billing,baseline
C02136,A00200,billing,baseline
C02137,A00159,billing,baseline
C02138,A00350,billing,baseline
C02139,A00041,billing,baseline
C02140,A00182,billing,baseline
C02141,A00526,billing,baseline
C02142,A00460,billing,baseline
C02143,A00543,billing,baseline
C02144,A00173,billing,baseline
C02145,A00121,billing,baseline
C02146,A00157,billing,baseline
C02147,A00589,billing,baseline
C02148,A00179,billing,baseline
C02149,A00115,billing,baseline
C02150,A00693,billing,baseline
C02151,A00303,billing,baseline
C02152,A00377,billing,baseline
C02153,A00088,billing,baseline
C02154,A00319,billing,baseline
C02155,A00466,billing,baseline
C02156,A00487,billing,baseline
C02157,A00277,billing,baseline
C02158,A00421,billing,baseline
C02159,A00359,billing,baseline
C02160,A00666,billing,baseline
C02161,A00287,billing,baseline
C02162,A00553,billing,baseline
C02163,A00014,billing,baseline
C02164,A00033,billing,baseline
C02165,A00193,billing,baseline
C02166,A00149,billing,baseline
C02167,A00080,billing,baseline
C02168,A00602,billing,baseline
C02169,A00198,billing,baseline
C02170,A00384,billing,baseline
C02171,A00271,billing,baseline
C02172,A00086,billing,baseline
C02173,A00093,billing,baseline
C02174,A00214,billing,baseline
C02175,A00446,billing,baseline
C02176,A00393,billing,baseline
C02177,A00213,billing,baseline
C02178,A00283,billing,baseline
C02179,A00409,billing,baseline
C02180,A00389,billing,baseline
C02181,A00563,billing,baseline
C02182,A00008,billing,baseline
C02183,A00708,billing,baseline
C02184,A00597,billing,baseline
C02185,A00257,billing,baseline
C02186,A00113,billing,baseline
C02187,A00568,billing,baseline
C02188,A00012,billing,baseline
C02189,A00341,billing,baseline
C02190,A00239,billing,baseline
C02191,A00428,billing,baseline
C02192,A00378,billing,baseline
C02193,A00443,billing,baseline
C02194,A00271,billing,baseline
C02195,A00029,billing,baseline
C02196,A00540,billing,baseline
C02197,A00101,billing,baseline
C02198,A00335,billing,baseline
C02199,A00302,billing,baseline
C02200,A00198,billing,baseline
C02201,A00451,billing,baseline
C02202,A00681,billing,baseline
C02203,A00377,billing,baseline
C02204,A00346,billing,baseline
C02205,A00508,billing,baseline
C02206,A00694,billing,baseline
C02207,A00125,billing,baseline
C02208,A00536,billing,baseline
C02209,A00119,billing,baseline
C02210,A00568,billing,baseline
C02211,A00109,billing,baseline
C02212,A00117,billing,baseline
C02213,A00167,billing,baseline
C02214,A00300,billing,baseline
C02215,A00374,billing,baseline
C02216,A00451,billing,baseline
C02217,A00689,billing,baseline
C02218,A00482,billing,baseline
C02219,A00001,billing,baseline
C02220,A00329,billing,baseline
C02221,A00326,billing,baseline
C02222,A00488,billing,baseline
C02223,A00008,billing,baseline
C02224,A00093,billing,baseline
C02225,A00092,billing,baseline
C02226,A00107,billing,baseline
C02227,A00038,billing,baseline
C02228,A00129,billing,baseline
C02229,A00227,billing,baseline
C02230,A00535,billing,baseline
C02231,A00031,billing,baseline
C02232,A00482,billing,baseline
C02233,A00433,billing,baseline
C02234,A00066,billing,baseline
C02235,A00666,billing,baseline
C02236,A00133,billing,baseline
C02237,A00449,billing,baseline
C02238,A00153,billing,baseline
C02239,A00432,billing,baseline
C02240,A00706,billing,baseline
C02241,A00677,billing,baseline
C02242,A00260,billing,baseline
C02243,A00299,billing,baseline
C02244,A00148,billing,baseline
C02245,A00541,billing,baseline
C02246,A00064,billing,baseline
C02247,A00301,billing,baseline
C02248,A00082,billing,baseline
C02249,A00268,billing,baseline
C02250,A00531,billing,baseline
C02251,A00347,billing,baseline
C02252,A00706,billing,baseline
C02253,A00151,billing,baseline
C02254,A00508,billing,baseline
C02255,A00333,billing,baseline
C02256,A00240,billing,baseline
C02257,A00277,billing,baseline
C02258,A00010,billing,baseline
C02259,A00332,billing,baseline
C02260,A00708,billing,baseline
C02261,A00669,billing,baseline
C02262,A00658,billing,baseline
C02263,A00248,billing,baseline
C02264,A00013,billing,baseline
C02265,A00701,billing,baseline
C02266,A00549,billing,baseline
C02267,A00701,billing,baseline
C02268,A00385,billing,baseline
C02269,A00540,billing,baseline
C02270,A00281,billing,baseline
C02271,A00331,billing,baseline
C02272,A00501,billing,baseline
C02273,A00247,billing,baseline
C02274,A00229,billing,baseline
C02275,A00669,billing,baseline
C02276,A00618,billing,baseline
C02277,A00681,billing,baseline
C02278,A00369,billing,baseline
C02279,A00372,billing,baseline
C02280,A00496,billing,baseline
C02281,A00005,billing,baseline
C02282,A00019,billing,baseline
C02283,A00119,billing,baseline
C02284,A00408,billing,baseline
C02285,A00459,billing,baseline
C02286,A00636,billing,baseline
C02287,A00022,billing,baseline
C02288,A00673,billing,baseline
C02289,A00359,billing,baseline
C02290,A00157,billing,baseline
C02291,A00274,billing,baseline
C02292,A00400,billing,baseline
C02293,A00407,billing,baseline
C02294,A00621,billing,baseline
C02295,A00437,billing,baseline
C02296,A00355,billing,baseline
C02297,A00707,billing,baseline
C02298,A00500,billing,baseline
C02299,A00627,billing,baseline
C02300,A00546,billing,baseline
C02301,A00207,billing,baseline
C02302,A00154,billing,baseline
C02303,A00597,billing,baseline
C02304,A00568,billing,baseline
C02305,A00165,billing,baseline
C02306,A00084,billing,baseline
C02307,A00498,billing,baseline
C02308,A00003,billing,baseline
C02309,A00353,billing,baseline
C02310,A00180,billing,baseline
C02311,A00268,billing,baseline
C02312,A00179,billing,baseline
C02313,A00507,billing,baseline
C02314,A00324,billing,baseline
C02315,A00502,billing,baseline
C02316,A00104,billing,baseline
C02317,A00013,billing,baseline
C02318,A00450,billing,baseline
C02319,A00268,billing,baseline
C02320,A00521,billing,baseline
C02321,A00632,billing,baseline
C02322,A00052,billing,baseline
C02323,A00140,billing,baseline
C02324,A00657,billing,baseline
C02325,A00589,billing,baseline
C02326,A00701,billing,baseline
C02327,A00623,billing,baseline
C02328,A00688,billing,baseline
C02329,A00472,billing,baseline
C02330,A00153,billing,baseline
C02331,A00642,billing,baseline
C02332,A00698,billing,baseline
C02333,A00153,billing,baseline
C02334,A00107,billing,baseline
C02335,A00652,billing,baseline
C02336,A00213,billing,baseline
C02337,A00487,billing,baseline
C02338,A00693,billing,baseline
C02339,A00267,billing,baseline
C02340,A00286,billing,baseline
C02341,A00296,billing,baseline
C02342,A00143,billing,baseline
C02343,A00175,billing,baseline
C02344,A00256,billing,baseline
C02345,A00486,billing,baseline
C02346,A00590,billing,baseline
C02347,A00108,billing,baseline
C02348,A00540,billing,baseline
C02349,A00451,billing,baseline
C02350,A00633,billing,baseline
C02351,A00115,billing,baseline
C02352,A00568,billing,baseline
C02353,A00666,billing,baseline
C02354,A00633,billing,baseline
C02355,A00382,billing,baseline
C02356,A00077,billing,baseline
C02357,A00309,billing,baseline
C02358,A00558,billing,baseline
C02359,A00253,billing,baseline
C02360,A00455,billing,baseline
C02361,A00449,billing,baseline
C02362,A00099,billing,baseline
C02363,A00457,billing,baseline
C02364,A00589,billing,baseline
C02365,A00314,billing,baseline
C02366,A00032,billing,baseline
C02367,A00016,billing,baseline
C02368,A00239,billing,baseline
C02369,A00520,billing,baseline
C02370,A00210,billing,baseline
C02371,A00104,billing,baseline
C02372,A00029,billing,baseline
C02373,A00579,billing,baseline
C02374,A00330,billing,baseline
C02375,A00140,billing,baseline
C02376,A00493,billing,baseline
C02377,A00349,billing,baseline
C02378,A00363,billing,baseline
C02379,A00381,billing,baseline
C02380,A00103,billing,baseline
C02381,A00241,billing,baseline
C02382,A00457,billing,baseline
C02383,A00427,billing,baseline
C02384,A00679,billing,baseline
C02385,A00239,billing,baseline
C02386,A00071,billing,baseline
C02387,A00107,billing,baseline
C02388,A00226,billing,baseline
C02389,A00502,billing,baseline
C02390,A00195,billing,baseline
C02391,A00236,billing,baseline
C02392,A00080,billing,baseline
C02393,A00221,billing,baseline
C02394,A00668,billing,baseline
C02395,A00100,billing,baseline
C02396,A00053,billing,baseline
C02397,A00380,billing,baseline
C02398,A00489,billing,baseline
C02399,A00401,billing,baseline
C02400,A00460,billing,baseline
C02401,A00442,billing,baseline
C02402,A00490,billing,baseline
C02403,A00329,billing,baseline
C02404,A00337,billing,baseline
C02405,A00621,billing,baseline
C02406,A00225,billing,baseline
C02407,A00452,billing,baseline
C02408,A00462,billing,baseline
C02409,A00036,billing,baseline
C02410,A00678,billing,baseline
C02411,A00322,billing,baseline
C02412,A00551,billing,baseline
C02413,A00425,billing,baseline
C02414,A00270,billing,baseline
C02415,A00335,billing,baseline
C02416,A00552,billing,baseline
C02417,A00458,billing,baseline
C02418,A00190,billing,baseline
C02419,A00267,billing,baseline
C02420,A00652,billing,baseline
C02421,A00379,billing,baseline
C02422,A00288,billing,baseline
C02423,A00179,billing,baseline
C02424,A00404,billing,baseline
C02425,A00616,billing,baseline
C02426,A00025,billing,baseline
C02427,A00264,billing,baseline
C02428,A00035,billing,baseline
C02429,A00552,billing,baseline
C02430,A00491,billing,baseline
C02431,A00261,billing,baseline
C02432,A00368,billing,baseline
C02433,A00006,billing,baseline
C02434,A00301,billing,baseline
C02435,A00423,billing,baseline
C02436,A00258,billing,baseline
C02437,A00217,billing,baseline
C02438,A00549,billing,baseline
C02439,A00370,billing,baseline
C02440,A00565,billing,baseline
C02441,A00289,billing,baseline
C02442,A00324,billing,baseline
C02443,A00086,billing,baseline
C02444,A00482,billing,baseline
C02445,A00092,billing,baseline
C02446,A00684,billing,baseline
C02447,A00394,billing,baseline
C02448,A00674,billing,baseline
C02449,A00692,billing,baseline
C02450,A00338,billing,baseline
C02451,A00112,billing,baseline
C02452,A00450,billing,baseline
C02453,A00263,billing,baseline
C02454,A00701,billing,baseline
C02455,A00496,billing,baseline
C02456,A00104,billing,baseline
C02457,A00235,billing,baseline
C02458,A00125,billing,baseline
C02459,A00484,billing,baseline
C02460,A00315,billing,baseline
C02461,A00523,billing,baseline
C02462,A00285,billing,baseline
C02463,A00290,billing,baseline
C02464,A00660,billing,baseline
C02465,A00185,billing,baseline
C02466,A00087,billing,baseline
C02467,A00521,billing,baseline
C02468,A00248,billing,baseline
C02469,A00279,billing,baseline
C02470,A00610,billing,baseline
C02471,A00469,billing,baseline
C02472,A00095,billing,baseline
C02473,A00307,billing,baseline
C02474,A00590,billing,baseline
C02475,A00006,billing,baseline
C02476,A00394,billing,baseline
C02477,A00558,billing,baseline
C02478,A00241,billing,baseline
C02479,A00297,billing,baseline
C02480,A00516,billing,baseline
C02481,A00660,billing,baseline
C02482,A00490,billing,baseline
C02483,A00690,billing,baseline
C02484,A00261,billing,baseline
C02485,A00211,billing,baseline
C02486,A00330,billing,baseline
C02487,A00152,billing,baseline
C02488,A00103,billing,baseline
C02489,A00434,billing,baseline
C02490,A00586,billing,baseline
C02491,A00446,billing,baseline
C02492,A00410,billing,baseline
C02493,A00084,billing,baseline
C02494,A00374,billing,baseline
C02495,A00260,billing,baseline
C02496,A00674,billing,baseline
C02497,A00446,billing,baseline
C02498,A00016,billing,baseline
C02499,A00431,billing,baseline
C02500,A00120,billing,baseline
C02501,A00669,billing,baseline
C02502,A00218,billing,baseline
C02503,A00678,billing,baseline
C02504,A00457,billing,baseline
C02505,A00114,billing,baseline
C02506,A00462,billing,baseline
C02507,A00057,billing,baseline
C02508,A00019,billing,baseline
C02509,A00289,billing,baseline
C02510,A00037,billing,baseline
C02511,A00332,billing,baseline
C02512,A00646,billing,baseline
C02513,A00274,billing,baseline
C02514,A00345,billing,baseline
C02515,A00671,billing,baseline
C02516,A00690,billing,baseline
C02517,A00347,billing,baseline
C02518,A00004,billing,baseline
C02519,A00579,billing,baseline
C02520,A00011,billing,baseline
C02521,A00482,billing,baseline
C02522,A00147,billing,baseline
C02523,A00335,billing,baseline
C02524,A00510,billing,baseline
C02525,A00569,billing,baseline
C02526,A00162,billing,baseline
C02527,A00024,billing,baseline
C02528,A00434,billing,baseline
C02529,A00652,billing,baseline
C02530,A00446,billing,baseline
C02531,A00177,billing,baseline
C02532,A00370,billing,baseline
C02533,A00494,billing,baseline
C02534,A00443,billing,baseline
C02535,A00508,billing,baseline
C02536,A00263,billing,baseline
C02537,A00109,billing,baseline
C02538,A00578,billing,baseline
C02539,A00399,billing,baseline
C02540,A00439,billing,baseline
C02541,A00704,billing,baseline
C02542,A00352,billing,baseline
C02543,A00102,billing,baseline
C02544,A00358,billing,baseline
C02545,A00543,billing,baseline
C02546,A00522,billing,baseline
C02547,A00490,billing,baseline
C02548,A00065,billing,baseline
C02549,A00316,billing,baseline
C02550,A00214,billing,baseline
C02551,A00183,billing,baseline
C02552,A00180,billing,baseline
C02553,A00101,billing,baseline
C02554,A00389,billing,baseline
C02555,A00626,billing,baseline
C02556,A00179,billing,baseline
C02557,A00431,billing,baseline
C02558,A00070,billing,baseline
C02559,A00567,billing,baseline
C02560,A00097,billing,baseline
C02561,A00366,billing,baseline
C02562,A00085,billing,baseline
C02563,A00194,billing,baseline
C02564,A00061,billing,baseline
C02565,A00395,billing,baseline
C02566,A00662,billing,baseline
C02567,A00223,billing,baseline
C02568,A00298,billing,baseline
C02569,A00213,billing,baseline
C02570,A00693,billing,baseline
C02571,A00543,billing,baseline
C02572,A00249,billing,baseline
C02573,A00248,billing,baseline
C02574,A00646,billing,baseline
C02575,A00250,billing,baseline
C02576,A00184,billing,baseline
C02577,A00140,billing,baseline
C02578,A00590,billing,baseline
C02579,A00411,billing,baseline
C02580,A00338,billing,baseline
C02581,A00435,billing,baseline
C02582,A00150,billing,baseline
C02583,A00671,billing,baseline
C02584,A00524,billing,baseline
C02585,A00148,billing,baseline
C02586,A00473,billing,baseline
C02587,A00247,billing,baseline
C02588,A00540,billing,baseline
C02589,A00609,billing,baseline
C02590,A00540,billing,baseline
C02591,A00519,billing,baseline
C02592,A00510,billing,baseline
C02593,A00632,billing,baseline
C02594,A00019,billing,baseline
C02595,A00170,billing,baseline
C02596,A00391,billing,baseline
C02597,A00289,billing,baseline
C02598,A00498,billing,baseline
C02599,A00527,billing,baseline
C02600,A00293,billing,baseline
C02601,A00009,billing,baseline
C02602,A00581,billing,baseline
C02603,A00287,billing,baseline
C02604,A00255,billing,baseline
C02605,A00185,billing,baseline
C02606,A00542,billing,baseline
C02607,A00406,billing,baseline
C02608,A00326,billing,baseline
C02609,A00215,billing,baseline
C02610,A00065,billing,baseline
C02611,A00117,billing,baseline
C02612,A00379,billing,baseline
C02613,A00231,billing,baseline
C02614,A00489,billing,baseline
C02615,A00068,billing,baseline
C02616,A00196,billing,baseline
C02617,A00462,billing,baseline
C02618,A00029,billing,baseline
C02619,A00007,billing,baseline
C02620,A00456,billing,baseline
C02621,A00242,billing,baseline
C02622,A00675,billing,baseline
C02623,A00006,billing,baseline
C02624,A00297,billing,baseline
C02625,A00161,billing,baseline
C02626,A00565,billing,baseline
C02627,A00164,billing,baseline
C02628,A00001,billing,baseline
C02629,A00537,billing,baseline
C02630,A00710,billing,baseline
C02631,A00055,billing,baseline
C02632,A00321,billing,baseline
C02633,A00278,billing,baseline
C02634,A00043,billing,baseline
C02635,A00086,billing,baseline
C02636,A00032,billing,baseline
C02637,A00348,billing,baseline
C02638,A00324,billing,baseline
C02639,A00116,billing,baseline
C02640,A00626,billing,baseline
C02641,A00155,billing,baseline
C02642,A00196,billing,baseline
C02643,A00507,billing,baseline
C02644,A00428,billing,baseline
C02645,A00263,billing,baseline
C02646,A00341,billing,baseline
C02647,A00484,billing,baseline
C02648,A00280,billing,baseline
C02649,A00411,billing,baseline
C02650,A00397,billing,baseline
C02651,A00709,billing,baseline
C02652,A00113,billing,baseline
C02653,A00265,billing,baseline
C02654,A00164,billing,baseline
C02655,A00112,billing,baseline
C02656,A00572,billing,baseline
C02657,A00378,billing,baseline
C02658,A00078,billing,baseline
C02659,A00339,billing,baseline
C02660,A00044,billing,baseline
C02661,A00504,billing,baseline
C02662,A00334,billing,baseline
C02663,A00297,billing,baseline
C02664,A00286,billing,baseline
C02665,A00267,billing,baseline
C02666,A00506,billing,baseline
C02667,A00063,billing,baseline
C02668,A00067,billing,baseline
C02669,A00233,billing,baseline
C02670,A00674,billing,baseline
C02671,A00182,billing,baseline
C02672,A00633,billing,baseline
C02673,A00147,billing,baseline
C02674,A00577,billing,baseline
C02675,A00154,billing,baseline
C02676,A00392,billing,baseline
C02677,A00670,billing,baseline
C02678,A00548,billing,baseline
C02679,A00226,billing,baseline
C02680,A00484,billing,baseline
C02681,A00232,billing,baseline
C02682,A00108,billing,baseline
C02683,A00125,billing,baseline
C02684,A00331,billing,baseline
C02685,A00507,billing,baseline
C02686,A00705,billing,baseline
C02687,A00114,billing,baseline
C02688,A00006,billing,baseline
C02689,A00567,billing,baseline
C02690,A00291,billing,baseline
C02691,A00448,billing,baseline
C02692,A00439,billing,baseline
C02693,A00047,billing,baseline
C02694,A00135,billing,baseline
C02695,A00164,billing,baseline
C02696,A00239,billing,baseline
C02697,A00121,billing,baseline
C02698,A00651,billing,baseline
C02699,A00163,billing,baseline
C02700,A00373,billing,baseline
C02701,A00201,billing,baseline
C02702,A00475,billing,baseline
C02703,A00056,billing,baseline
C02704,A00105,billing,baseline
C02705,A00047,billing,baseline
C02706,A00275,billing,baseline
C02707,A00644,billing,baseline
C02708,A00547,billing,baseline
C02709,A00181,billing,baseline
C02710,A00415,billing,baseline
C02711,A00222,billing,baseline
C02712,A00015,billing,baseline
C02713,A00153,billing,baseline
C02714,A00674,billing,baseline
C02715,A00414,billing,baseline
C02716,A00670,billing,baseline
C02717,A00469,billing,baseline
C02718,A00381,billing,baseline
C02719,A00638,billing,baseline
C02720,A00401,billing,baseline
C02721,A00079,billing,baseline
C02722,A00156,billing,baseline
C02723,A00356,billing,baseline
C02724,A00198,billing,baseline
C02725,A00056,billing,baseline
C02726,A00250,billing,baseline
C02727,A00193,billing,baseline
C02728,A00634,billing,baseline
C02729,A00283,billing,baseline
C02730,A00563,billing,baseline
C02731,A00275,billing,baseline
C02732,A00573,billing,baseline
C02733,A00666,billing,baseline
C02734,A00100,billing,baseline
C02735,A00652,billing,baseline
C02736,A00058,billing,baseline
C02737,A00448,billing,baseline
C02738,A00300,billing,baseline
C02739,A00247,billing,baseline
C02740,A00028,billing,baseline
C02741,A00064,billing,baseline
C02742,A00321,billing,baseline
C02743,A00547,billing,baseline
C02744,A00394,billing,baseline
C02745,A00700,billing,baseline
C02746,A00639,billing,baseline
C02747,A00479,billing,baseline
C02748,A00323,billing,baseline
C02749,A00060,billing,baseline
C02750,A00130,billing,baseline
C02751,A00591,billing,baseline
C02752,A00467,billing,baseline
C02753,A00117,billing,baseline
C02754,A00049,billing,baseline
C02755,A00052,billing,baseline
C02756,A00559,billing,baseline
C02757,A00337,billing,baseline
C02758,A00556,billing,baseline
C02759,A00555,billing,baseline
C02760,A00315,billing,baseline
C02761,A00523,billing,baseline
C02762,A00003,billing,baseline
C02763,A00323,billing,baseline
C02764,A00380,billing,baseline
C02765,A00370,billing,baseline
C02766,A00379,billing,baseline
C02767,A00338,billing,baseline
C02768,A00083,billing,baseline
C02769,A00567,billing,baseline
C02770,A00354,billing,baseline
C02771,A00126,billing,baseline
C02772,A00638,billing,baseline
C02773,A00651,billing,baseline
C02774,A00026,billing,baseline
C02775,A00297,billing,baseline
C02776,A00004,billing,baseline
C02777,A00043,billing,baseline
C02778,A00383,billing,baseline
C02779,A00595,billing,baseline
C02780,A00158,billing,baseline
C02781,A00640,billing,baseline
C02782,A00392,billing,baseline
C02783,A00598,billing,baseline
C02784,A00524,billing,baseline
C02785,A00208,billing,baseline
C02786,A00155,billing,baseline
C02787,A00209,billing,baseline
C02788,A00053,billing,baseline
C02789,A00422,billing,baseline
C02790,A00153,billing,baseline
C02791,A00127,billing,baseline
C02792,A00625,billing,baseline
C02793,A00141,billing,baseline
C02794,A00072,billing,baseline
C02795,A00441,billing,baseline
C02796,A00195,billing,baseline
C02797,A00438,billing,baseline
C02798,A00200,billing,baseline
C02799,A00323,billing,baseline
C02800,A00431,billing,baseline
C02801,A00377,billing,baseline
C02802,A00598,billing,baseline
C02803,A00301,billing,baseline
C02804,A00669,billing,baseline
C02805,A00633,billing,baseline
C02806,A00421,billing,baseline
C02807,A00690,billing,baseline
C02808,A00009,billing,baseline
C02809,A00216,billing,baseline
C02810,A00709,billing,baseline
C02811,A00246,billing,baseline
C02812,A00396,billing,baseline
C02813,A00333,billing,baseline
C02814,A00675,billing,baseline
C02815,A00265,billing,baseline
C02816,A00318,billing,baseline
C02817,A00560,billing,baseline
C02818,A00440,billing,baseline
C02819,A00042,billing,baseline
C02820,A00399,billing,baseline
C02821,A00476,billing,baseline
C02822,A00519,billing,baseline
C02823,A00208,billing,baseline
C02824,A00366,billing,baseline
C02825,A00498,billing,baseline
C02826,A00569,billing,baseline
C02827,A00151,billing,baseline
C02828,A00045,billing,baseline
C02829,A00096,billing,baseline
C02830,A00302,billing,baseline
C02831,A00647,billing,baseline
C02832,A00537,billing,baseline
C02833,A00004,billing,baseline
C02834,A00641,billing,baseline
C02835,A00414,billing,baseline
C02836,A00703,billing,baseline
C02837,A00666,billing,baseline
C02838,A00558,billing,baseline
C02839,A00015,billing,baseline
C02840,A00409,billing,baseline
C02841,A00537,billing,baseline
C02842,A00164,billing,baseline
C02843,A00320,billing,baseline
C02844,A00558,billing,baseline
C02845,A00516,billing,baseline
C02846,A00077,billing,baseline
C02847,A00161,billing,baseline
C02848,A00626,billing,baseline
C02849,A00454,billing,baseline
C02850,A00043,billing,baseline
C02851,A00218,billing,baseline
C02852,A00005,billing,baseline
C02853,A00355,billing,baseline
C02854,A00544,billing,baseline
C02855,A00046,billing,baseline
C02856,A00547,billing,baseline
C02857,A00427,billing,baseline
C02858,A00709,billing,baseline
C02859,A00650,billing,baseline
C02860,A00188,billing,baseline
C02861,A00687,billing,baseline
C02862,A00433,billing,baseline
C02863,A00425,billing,baseline
C02864,A00656,billing,baseline
C02865,A00701,billing,baseline
C02866,A00025,billing,baseline
C02867,A00570,billing,baseline
C02868,A00217,billing,baseline
C02869,A00658,billing,baseline
C02870,A00247,billing,baseline
C02871,A00429,billing,baseline
C02872,A00024,billing,baseline
C02873,A00083,billing,baseline
C02874,A00328,billing,baseline
C02875,A00652,billing,baseline
C02876,A00451,billing,baseline
C02877,A00291,billing,baseline
C02878,A00123,billing,baseline
C02879,A00398,billing,baseline
C02880,A00609,billing,baseline
C02881,A00259,billing,baseline
C02882,A00114,billing,baseline
C02883,A00163,billing,baseline
C02884,A00040,billing,baseline
C02885,A00632,billing,baseline
C02886,A00139,billing,baseline
C02887,A00015,billing,baseline
C02888,A00411,billing,baseline
C02889,A00118,billing,baseline
C02890,A00302,billing,baseline
C02891,A00143,billing,baseline
C02892,A00498,billing,baseline
C02893,A00438,billing,baseline
C02894,A00324,billing,baseline
C02895,A00308,billing,baseline
C02896,A00576,billing,baseline
C02897,A00179,billing,baseline
C02898,A00057,billing,baseline
C02899,A00431,billing,baseline
C02900,A00045,billing,baseline
C02901,A00102,billing,baseline
C02902,A00267,billing,baseline
C02903,A00168,billing,baseline
C02904,A00239,billing,baseline
C02905,A00551,billing,baseline
C02906,A00243,billing,baseline
C02907,A00550,billing,baseline
C02908,A00159,billing,baseline
C02909,A00259,billing,baseline
C02910,A00432,billing,baseline
C02911,A00442,billing,baseline
C02912,A00370,billing,baseline
C02913,A00276,billing,baseline
C02914,A00320,billing,baseline
C02915,A00082,billing,baseline
C02916,A00594,billing,baseline
C02917,A00493,billing,baseline
C02918,A00005,billing,baseline
C02919,A00080,billing,baseline
C02920,A00423,billing,baseline
C02921,A00652,billing,baseline
C02922,A00445,billing,baseline
C02923,A00038,billing,baseline
C02924,A00086,billing,baseline
C02925,A00109,billing,baseline
C02926,A00682,billing,baseline
C02927,A00319,billing,baseline
C02928,A00099,billing,baseline
C02929,A00276,billing,baseline
C02930,A00503,billing,baseline
C02931,A00667,billing,baseline
C02932,A00005,billing,baseline
C02933,A00134,billing,baseline
C02934,A00564,billing,baseline
C02935,A00469,billing,baseline
C02936,A00204,billing,baseline
C02937,A00407,billing,baseline
C02938,A00410,billing,baseline
C02939,A00047,billing,baseline
C02940,A00545,billing,baseline
C02941,A00068,billing,baseline
C02942,A00096,billing,baseline
C02943,A00259,billing,baseline
C02944,A00367,billing,baseline
C02945,A00417,billing,baseline
C02946,A00470,billing,baseline
C02947,A00264,billing,baseline
C02948,A00590,billing,baseline
C02949,A00424,billing,baseline
C02950,A00442,billing,baseline
C02951,A00328,billing,baseline
C02952,A00503,billing,baseline
C02953,A00422,billing,baseline
C02954,A00383,billing,baseline
C02955,A00197,billing,baseline
C02956,A00511,billing,baseline
C02957,A00655,billing,baseline
C02958,A00325,billing,baseline
C02959,A00192,billing,baseline
C02960,A00072,billing,baseline
C02961,A00168,billing,baseline
C02962,A00169,billing,baseline
C02963,A00102,billing,baseline
C02964,A00281,billing,baseline
C02965,A00675,billing,baseline
C02966,A00138,billing,baseline
C02967,A00286,billing,baseline
C02968,A00295,billing,baseline
C02969,A00149,billing,baseline
C02970,A00468,billing,baseline
C02971,A00511,billing,baseline
C02972,A00056,billing,baseline
C02973,A00484,billing,baseline
C02974,A00652,billing,baseline
C02975,A00636,billing,baseline
C02976,A00523,billing,baseline
C02977,A00303,billing,baseline
C02978,A00011,billing,baseline
C02979,A00675,billing,baseline
C02980,A00611,billing,baseline
C02981,A00299,billing,baseline
C02982,A00629,billing,baseline
C02983,A00584,billing,baseline
C02984,A00652,billing,baseline
C02985,A00132,billing,baseline
C02986,A00365,billing,baseline
C02987,A00619,billing,baseline
C02988,A00052,billing,baseline
C02989,A00607,billing,baseline
C02990,A00659,billing,baseline
C02991,A00587,billing,baseline
C02992,A00542,billing,baseline
C02993,A00695,billing,baseline
C02994,A00359,billing,baseline
C02995,A00229,billing,baseline
C02996,A00272,billing,baseline
C02997,A00479,billing,baseline
C02998,A00021,billing,baseline
C02999,A00222,billing,baseline
C03000,A00246,billing,baseline
C03001,A00300,billing,baseline
C03002,A00461,billing,baseline
C03003,A00672,billing,baseline
C03004,A00635,billing,baseline
C03005,A00215,billing,baseline
C03006,A00168,billing,baseline
C03007,A00074,billing,baseline
C03008,A00653,billing,baseline
C03009,A00676,billing,baseline
C03010,A00263,billing,baseline
C03011,A00567,billing,baseline
C03012,A00476,billing,baseline
C03013,A00060,billing,baseline
C03014,A00455,billing,baseline
C03015,A00661,billing,baseline
C03016,A00134,billing,baseline
C03017,A00190,billing,baseline
C03018,A00262,billing,baseline
C03019,A00343,billing,baseline
C03020,A00508,billing,baseline
C03021,A00503,billing,baseline
C03022,A00637,billing,baseline
C03023,A00530,billing,baseline
C03024,A00337,billing,baseline
C03025,A00668,billing,baseline
C03026,A00637,billing,baseline
C03027,A00200,billing,baseline
C03028,A00112,billing,baseline
C03029,A00284,billing,baseline
C03030,A00696,billing,baseline
C03031,A00230,billing,baseline
C03032,A00464,billing,baseline
C03033,A00170,billing,baseline
C03034,A00620,billing,baseline
C03035,A00361,billing,baseline
C03036,A00592,billing,baseline
C03037,A00291,billing,baseline
C03038,A00557,billing,baseline
C03039,A00370,billing,baseline
C03040,A00198,billing,baseline
C03041,A00664,billing,baseline
C03042,A00234,billing,baseline
C03043,A00219,billing,baseline
C03044,A00338,billing,baseline
C03045,A00632,billing,baseline
C03046,A00476,billing,baseline
C03047,A00052,billing,baseline
C03048,A00021,billing,baseline
C03049,A00176,billing,baseline
C03050,A00316,billing,baseline
C03051,A00535,billing,baseline
C03052,A00006,billing,baseline
C03053,A00129,billing,baseline
C03054,A00668,billing,baseline
C03055,A00432,billing,baseline
C03056,A00003,billing,baseline
C03057,A00508,billing,baseline
C03058,A00214,billing,baseline
C03059,A00479,billing,baseline
C03060,A00701,billing,baseline
C03061,A00510,billing,baseline
C03062,A00395,billing,baseline
C03063,A00528,billing,baseline
C03064,A00091,billing,baseline
C03065,A00357,billing,baseline
C03066,A00212,billing,baseline
C03067,A00673,billing,baseline
C03068,A00457,billing,baseline
C03069,A00318,billing,baseline
C03070,A00624,billing,baseline
C03071,A00118,billing,baseline
C03072,A00277,billing,baseline
C03073,A00589,billing,baseline
C03074,A00270,billing,baseline
C03075,A00007,billing,baseline
C03076,A00145,billing,baseline
C03077,A00681,billing,baseline
C03078,A00462,billing,baseline
C03079,A00424,billing,baseline
C03080,A00663,billing,baseline
C03081,A00691,billing,baseline
C03082,A00160,billing,baseline
C03083,A00122,billing,baseline
C03084,A00092,billing,baseline
C03085,A00134,billing,baseline
C03086,A00593,billing,baseline
C03087,A00383,billing,baseline
C03088,A00080,billing,baseline
C03089,A00471,billing,baseline
C03090,A00095,billing,baseline
C03091,A00277,billing,baseline
C03092,A00002,billing,baseline
C03093,A00190,billing,baseline
C03094,A00351,billing,baseline
C03095,A00312,billing,baseline
C03096,A00658,billing,baseline
C03097,A00469,billing,baseline
C03098,A00603,billing,baseline
C03099,A00309,billing,baseline
C03100,A00346,billing,baseline
C03101,A00333,billing,baseline
C03102,A00156,billing,baseline
C03103,A00627,billing,baseline
C03104,A00437,billing,baseline
C03105,A00497,billing,baseline
C03106,A00101,billing,baseline
C03107,A00343,billing,baseline
C03108,A00474,billing,baseline
C03109,A00013,billing,baseline
C03110,A00304,billing,baseline
C03111,A00001,billing,baseline
C03112,A00072,billing,baseline
C03113,A00208,billing,baseline
C03114,A00665,billing,baseline
C03115,A00058,billing,baseline
C03116,A00052,billing,baseline
C03117,A00407,billing,baseline
C03118,A00471,billing,baseline
C03119,A00061,billing,baseline
C03120,A00472,billing,baseline
C03121,A00698,billing,baseline
C03122,A00442,billing,baseline
C03123,A00590,billing,baseline
C03124,A00034,billing,baseline
C03125,A00397,billing,baseline
C03126,A00278,billing,baseline
C03127,A00153,billing,baseline
C03128,A00524,billing,baseline
C03129,A00686,billing,baseline
C03130,A00319,billing,baseline
C03131,A00577,billing,baseline
C03132,A00517,billing,baseline
C03133,A00222,billing,baseline
C03134,A00413,billing,baseline
C03135,A00551,billing,baseline
C03136,A00458,billing,baseline
C03137,A00192,billing,baseline
C03138,A00037,billing,baseline
C03139,A00067,billing,baseline
C03140,A00341,billing,baseline
C03141,A00200,billing,baseline
C03142,A00156,billing,baseline
C03143,A00336,billing,baseline
C03144,A00535,billing,baseline
C03145,A00549,billing,baseline
C03146,A00187,billing,baseline
C03147,A00416,billing,baseline
C03148,A00658,billing,baseline
C03149,A00461,billing,baseline
C03150,A00334,billing,baseline
C03151,A00687,billing,baseline
C03152,A00222,billing,baseline
C03153,A00584,billing,baseline
C03154,A00481,billing,baseline
C03155,A00229,billing,baseline
C03156,A00626,billing,baseline
C03157,A00525,billing,baseline
C03158,A00391,billing,baseline
C03159,A00027,billing,baseline
C03160,A00609,billing,baseline
C03161,A00313,billing,baseline
C03162,A00062,billing,baseline
C03163,A00560,billing,baseline
C03164,A00620,billing,baseline
C03165,A00160,billing,baseline
C03166,A00096,billing,baseline
C03167,A00703,billing,baseline
C03168,A00548,billing,baseline
C03169,A00513,billing,baseline
C03170,A00052,billing,baseline
C03171,A00536,billing,baseline
C03172,A00299,billing,baseline
C03173,A00440,billing,baseline
C03174,A00399,billing,baseline
C03175,A00478,billing,baseline
C03176,A00285,billing,baseline
C03177,A00420,billing,baseline
C03178,A00031,billing,baseline
C03179,A00353,billing,baseline
C03180,A00695,billing,baseline
C03181,A00664,billing,baseline
C03182,A00701,billing,baseline
C03183,A00181,billing,baseline
C03184,A00035,billing,baseline
C03185,A00086,billing,baseline
C03186,A00533,billing,baseline
C03187,A00356,billing,baseline
C03188,A00183,billing,baseline
C03189,A00626,billing,baseline
C03190,A00480,billing,baseline
C03191,A00103,billing,baseline
C03192,A00355,billing,baseline
C03193,A00186,billing,baseline
C03194,A00587,billing,baseline
C03195,A00140,billing,baseline
C03196,A00269,billing,baseline
C03197,A00454,billing,baseline
C03198,A00485,billing,baseline
C03199,A00592,billing,baseline
C03200,A00170,billing,baseline
C03201,A00241,billing,baseline
C03202,A00271,billing,baseline
C03203,A00263,billing,baseline
C03204,A00094,billing,baseline
C03205,A00005,billing,baseline
C03206,A00664,billing,baseline
C03207,A00617,billing,baseline
C03208,A00689,billing,baseline
C03209,A00106,billing,baseline
C03210,A00372,billing,baseline
C03211,A00255,billing,baseline
C03212,A00210,billing,baseline
C03213,A00517,billing,baseline
C03214,A00249,billing,baseline
C03215,A00171,billing,baseline
C03216,A00226,billing,baseline
C03217,A00258,billing,baseline
C03218,A00210,billing,baseline
C03219,A00495,billing,baseline
C03220,A00334,billing,baseline
C03221,A00007,billing,baseline
C03222,A00229,billing,baseline
C03223,A00431,billing,baseline
C03224,A00334,billing,baseline
C03225,A00046,billing,baseline
C03226,A00175,billing,baseline
C03227,A00696,billing,baseline
C03228,A00389,billing,baseline
C03229,A00356,billing,baseline
C03230,A00185,billing,baseline
C03231,A00463,billing,baseline
C03232,A00162,billing,baseline
C03233,A00475,billing,baseline
C03234,A00537,billing,baseline
C03235,A00552,billing,baseline
C03236,A00140,billing,baseline
C03237,A00208,billing,baseline
C03238,A00472,billing,baseline
C03239,A00066,billing,baseline
C03240,A00139,billing,baseline
C03241,A00221,billing,baseline
C03242,A00293,billing,baseline
C03243,A00346,billing,baseline
C03244,A00558,billing,baseline
C03245,A00432,billing,baseline
C03246,A00092,billing,baseline
C03247,A00605,billing,baseline
C03248,A00538,billing,baseline
C03249,A00707,billing,baseline
C03250,A00189,billing,baseline
C03251,A00564,billing,baseline
C03252,A00154,billing,baseline
C03253,A00627,billing,baseline
C03254,A00339,billing,baseline
C03255,A00373,billing,baseline
C03256,A00499,billing,baseline
C03257,A00296,billing,baseline
C03258,A00642,billing,baseline
C03259,A00159,billing,baseline
C03260,A00555,billing,baseline
C03261,A00418,billing,baseline
C03262,A00135,billing,baseline
C03263,A00396,billing,baseline
C03264,A00059,billing,baseline
C03265,A00695,billing,baseline
C03266,A00443,billing,baseline
C03267,A00668,billing,baseline
C03268,A00270,billing,baseline
C03269,A00394,billing,baseline
C03270,A00156,billing,baseline
C03271,A00150,billing,baseline
C03272,A00387,billing,baseline
C03273,A00190,billing,baseline
C03274,A00508,billing,baseline
C03275,A00252,billing,baseline
C03276,A00650,billing,baseline
C03277,A00613,billing,baseline
C03278,A00667,billing,baseline
C03279,A00324,billing,baseline
C03280,A00393,billing,baseline
C03281,A00220,billing,baseline
C03282,A00542,billing,baseline
C03283,A00692,billing,baseline
C03284,A00562,billing,baseline
C03285,A00532,billing,baseline
C03286,A00538,billing,baseline
C03287,A00004,billing,baseline
C03288,A00611,billing,baseline
C03289,A00210,billing,baseline
C03290,A00424,billing,baseline
C03291,A00666,billing,baseline
C03292,A00679,billing,baseline
C03293,A00279,billing,baseline
C03294,A00500,billing,baseline
C03295,A00204,billing,baseline
C03296,A00507,billing,baseline
C03297,A00218,billing,baseline
C03298,A00230,billing,baseline
C03299,A00078,billing,baseline
C03300,A00312,billing,baseline
C03301,A00305,billing,baseline
C03302,A00606,billing,baseline
C03303,A00500,billing,baseline
C03304,A00385,billing,baseline
C03305,A00268,billing,baseline
C03306,A00125,billing,baseline
C03307,A00034,billing,baseline
C03308,A00484,billing,baseline
C03309,A00613,billing,baseline
C03310,A00710,billing,baseline
C03311,A00164,billing,baseline
C03312,A00709,billing,baseline
C03313,A00008,billing,baseline
C03314,A00703,billing,baseline
C03315,A00074,billing,baseline
C03316,A00459,billing,baseline
C03317,A00251,billing,baseline
C03318,A00323,billing,baseline
C03319,A00095,billing,baseline
C03320,A00626,billing,baseline
C03321,A00224,billing,baseline
C03322,A00120,billing,baseline
C03323,A00465,billing,baseline
C03324,A00092,billing,baseline
C03325,A00106,billing,baseline
C03326,A00231,billing,baseline
C03327,A00020,billing,baseline
C03328,A00675,billing,baseline
C03329,A00066,billing,baseline
C03330,A00653,billing,baseline
C03331,A00557,billing,baseline
C03332,A00679,billing,baseline
C03333,A00181,billing,baseline
C03334,A00669,billing,baseline
C03335,A00094,billing,baseline
C03336,A00284,billing,baseline
C03337,A00085,billing,baseline
C03338,A00037,billing,baseline
C03339,A00503,billing,baseline
C03340,A00290,billing,baseline
C03341,A00586,billing,baseline
C03342,A00210,billing,baseline
C03343,A00212,billing,baseline
C03344,A00412,billing,baseline
C03345,A00334,billing,baseline
C03346,A00591,billing,baseline
C03347,A00123,billing,baseline
C03348,A00372,billing,baseline
C03349,A00347,billing,baseline
C03350,A00674,billing,baseline
C03351,A00406,billing,baseline
C03352,A00601,billing,baseline
C03353,A00001,billing,baseline
C03354,A00654,billing,baseline
C03355,A00647,billing,baseline
C03356,A00245,billing,baseline
C03357,A00228,billing,baseline
C03358,A00530,billing,baseline
C03359,A00206,billing,baseline
C03360,A00603,billing,baseline
C03361,A00020,billing,baseline
C03362,A00566,billing,baseline
C03363,A00146,billing,baseline
C03364,A00045,billing,baseline
C03365,A00441,billing,baseline
C03366,A00125,billing,baseline
C03367,A00006,billing,baseline
C03368,A00262,billing,baseline
C03369,A00370,billing,baseline
C03370,A00298,billing,baseline
C03371,A00295,billing,baseline
C03372,A00515,billing,baseline
C03373,A00613,billing,baseline
C03374,A00174,billing,baseline
C03375,A00357,billing,baseline
C03376,A00561,billing,baseline
C03377,A00017,billing,baseline
C03378,A00358,billing,baseline
C03379,A00352,billing,baseline
C03380,A00593,billing,baseline
C03381,A00473,billing,baseline
C03382,A00022,billing,baseline
C03383,A00401,billing,baseline
C03384,A00690,billing,baseline
C03385,A00291,billing,baseline
C03386,A00691,billing,baseline
C03387,A00551,billing,baseline
C03388,A00655,billing,baseline
C03389,A00169,billing,baseline
C03390,A00004,billing,baseline
C03391,A00570,billing,baseline
C03392,A00031,billing,baseline
C03393,A00690,billing,baseline
C03394,A00500,billing,baseline
C03395,A00091,billing,baseline
C03396,A00147,billing,baseline
C03397,A00597,billing,baseline
C03398,A00346,billing,baseline
C03399,A00304,billing,baseline
C03400,A00364,billing,baseline
C03401,A00053,billing,baseline
C03402,A00633,billing,baseline
C03403,A00597,billing,baseline
C03404,A00201,billing,baseline
C03405,A00261,billing,baseline
C03406,A00705,billing,baseline
C03407,A00209,billing,baseline
C03408,A00039,billing,baseline
C03409,A00164,billing,baseline
C03410,A00661,billing,baseline
C03411,A00441,billing,baseline
C03412,A00155,billing,baseline
C03413,A00451,billing,baseline
C03414,A00061,billing,baseline
C03415,A00178,billing,baseline
C03416,A00331,billing,baseline
C03417,A00083,billing,baseline
C03418,A00096,billing,baseline
C03419,A00192,billing,baseline
C03420,A00590,billing,baseline
C03421,A00071,billing,baseline
C03422,A00696,billing,baseline
C03423,A00254,billing,baseline
C03424,A00360,billing,baseline
C03425,A00169,billing,baseline
C03426,A00193,billing,baseline
C03427,A00626,billing,baseline
C03428,A00106,billing,baseline
C03429,A00557,billing,baseline
C03430,A00434,billing,baseline
C03431,A00112,billing,baseline
C03432,A00392,billing,baseline
C03433,A00419,billing,baseline
C03434,A00475,billing,baseline
C03435,A00392,billing,baseline
C03436,A00049,billing,baseline
C03437,A00362,billing,baseline
C03438,A00080,billing,baseline
C03439,A00588,billing,baseline
C03440,A00365,billing,baseline
C03441,A00595,billing,baseline
C03442,A00527,billing,baseline
C03443,A00148,billing,baseline
C03444,A00343,billing,baseline
C03445,A00542,billing,baseline
C03446,A00342,billing,baseline
C03447,A00191,billing,baseline
C03448,A00346,billing,baseline
C03449,A00126,billing,baseline
C03450,A00542,billing,baseline
C03451,A00191,billing,baseline
C03452,A00620,billing,baseline
C03453,A00347,billing,baseline
C03454,A00444,billing,baseline
C03455,A00016,billing,baseline
C03456,A00055,billing,baseline
C03457,A00540,billing,baseline
C03458,A00442,billing,baseline
C03459,A00412,billing,baseline
C03460,A00067,billing,baseline
C03461,A00126,billing,baseline
C03462,A00502,billing,baseline
C03463,A00036,billing,baseline
C03464,A00301,billing,baseline
C03465,A00285,billing,baseline
C03466,A00606,billing,baseline
C03467,A00254,billing,baseline
C03468,A00445,billing,baseline
C03469,A00659,billing,baseline
C03470,A00709,billing,baseline
C03471,A00382,billing,baseline
C03472,A00623,billing,baseline
C03473,A00473,billing,baseline
C03474,A00185,billing,baseline
C03475,A00488,billing,baseline
C03476,A00271,billing,baseline
C03477,A00044,billing,baseline
C03478,A00650,billing,baseline
C03479,A00042,billing,baseline
C03480,A00329,billing,baseline
C03481,A00272,billing,baseline
C03482,A00316,billing,baseline
C03483,A00460,billing,baseline
C03484,A00237,billing,baseline
C03485,A00520,billing,baseline
C03486,A00561,billing,baseline
C03487,A00442,billing,baseline
C03488,A00643,billing,baseline
C03489,A00483,billing,baseline
C03490,A00275,billing,baseline
C03491,A00439,billing,baseline
C03492,A00678,billing,baseline
C03493,A00547,billing,baseline
C03494,A00078,billing,baseline
C03495,A00198,billing,baseline
C03496,A00353,billing,baseline
C03497,A00448,billing,baseline
C03498,A00128,billing,baseline
C03499,A00294,billing,baseline
C03500,A00175,billing,baseline
C03501,A00262,billing,baseline
C03502,A00235,billing,baseline
C03503,A00288,billing,baseline
C03504,A00428,billing,baseline
C03505,A00199,billing,baseline
C03506,A00406,billing,baseline
C03507,A00607,billing,baseline
C03508,A00237,billing,baseline
C03509,A00020,billing,baseline
C03510,A00663,billing,baseline
C03511,A00275,billing,baseline
C03512,A00047,billing,baseline
C03513,A00684,billing,baseline
C03514,A00107,billing,baseline
C03515,A00444,billing,baseline
C03516,A00049,billing,baseline
C03517,A00521,billing,baseline
C03518,A00688,billing,baseline
C03519,A00412,billing,baseline
C03520,A00175,billing,baseline
C03521,A00211,billing,baseline
C03522,A00035,billing,baseline
C03523,A00445,billing,baseline
C03524,A00578,billing,baseline
C03525,A00529,billing,baseline
C03526,A00137,billing,baseline
C03527,A00207,billing,baseline
C03528,A00008,billing,baseline
C03529,A00666,billing,baseline
C03530,A00658,billing,baseline
C03531,A00236,billing,baseline
C03532,A00671,billing,baseline
C03533,A00502,billing,baseline
C03534,A00190,billing,baseline
C03535,A00708,billing,baseline
C03536,A00099,billing,baseline
C03537,A00487,billing,baseline
C03538,A00166,billing,baseline
C03539,A00572,billing,baseline
C03540,A00373,billing,baseline
C03541,A00675,billing,baseline
C03542,A00705,billing,baseline
C03543,A00035,billing,baseline
C03544,A00408,billing,baseline
C03545,A00053,billing,baseline
C03546,A00319,billing,baseline
C03547,A00485,billing,baseline
C03548,A00014,billing,baseline
C03549,A00318,billing,baseline
C03550,A00424,billing,baseline
C03551,A00073,billing,baseline
C03552,A00032,billing,baseline
C03553,A00428,billing,baseline
C03554,A00178,billing,baseline
C03555,A00250,billing,baseline
C03556,A00227,billing,baseline
C03557,A00650,billing,baseline
C03558,A00060,billing,baseline
C03559,A00189,billing,baseline
C03560,A00530,billing,baseline
C03561,A00586,billing,baseline
C03562,A00325,billing,baseline
C03563,A00432,billing,baseline
C03564,A00249,billing,baseline
C03565,A00172,billing,baseline
C03566,A00425,billing,baseline
C03567,A00088,billing,baseline
C03568,A00689,billing,baseline
C03569,A00054,billing,baseline
C03570,A00031,billing,baseline
C03571,A00287,billing,baseline
C03572,A00087,billing,baseline
C03573,A00080,billing,baseline
C03574,A00001,billing,baseline
C03575,A00108,billing,baseline
C03576,A00576,billing,baseline
C03577,A00132,billing,baseline
C03578,A00315,billing,baseline
C03579,A00191,billing,baseline
C03580,A00558,billing,baseline
C03581,A00072,billing,baseline
C03582,A00134,billing,baseline
C03583,A00418,billing,baseline
C03584,A00193,billing,baseline
C03585,A00246,billing,baseline
C03586,A00597,billing,baseline
C03587,A00486,billing,baseline
C03588,A00423,billing,baseline
C03589,A00225,billing,baseline
C03590,A00250,billing,baseline
C03591,A00381,billing,baseline
C03592,A00520,billing,baseline
C03593,A00351,billing,baseline
C03594,A00508,billing,baseline
C03595,A00142,billing,baseline
C03596,A00518,billing,baseline
C03597,A00549,billing,baseline
C03598,A00197,billing,baseline
C03599,A00555,billing,baseline
C03600,A00195,billing,baseline
C03601,A00134,billing,baseline
C03602,A00005,billing,baseline
C03603,A00400,billing,baseline
C03604,A00160,billing,baseline
C03605,A00530,billing,baseline
C03606,A00602,billing,baseline
C03607,A00074,billing,baseline
C03608,A00004,billing,baseline
C03609,A00421,billing,baseline
C03610,A00604,billing,baseline
C03611,A00521,billing,baseline
C03612,A00503,billing,baseline
C03613,A00161,billing,baseline
C03614,A00563,billing,baseline
C03615,A00385,billing,baseline
C03616,A00124,billing,baseline
C03617,A00105,billing,baseline
C03618,A00004,billing,baseline
C03619,A00515,billing,baseline
C03620,A00212,billing,baseline
C03621,A00638,billing,baseline
C03622,A00693,billing,baseline
C03623,A00603,billing,baseline
C03624,A00044,billing,baseline
C03625,A00414,billing,baseline
C03626,A00374,billing,baseline
C03627,A00534,billing,baseline
C03628,A00153,billing,baseline
C03629,A00012,billing,baseline
C03630,A00004,billing,baseline
C03631,A00346,billing,baseline
C03632,A00536,billing,baseline
C03633,A00586,billing,baseline
C03634,A00030,billing,baseline
C03635,A00120,billing,baseline
C03636,A00691,billing,baseline
C03637,A00199,billing,baseline
C03638,A00416,billing,baseline
C03639,A00169,billing,baseline
C03640,A00384,billing,baseline
C03641,A00605,billing,baseline
C03642,A00301,billing,baseline
C03643,A00708,billing,baseline
C03644,A00463,billing,baseline
C03645,A00371,billing,baseline
C03646,A00018,billing,baseline
C03647,A00275,billing,baseline
C03648,A00382,billing,baseline
C03649,A00538,billing,baseline
C03650,A00645,billing,baseline
C03651,A00603,billing,baseline
C03652,A00387,billing,baseline
C03653,A00702,billing,baseline
C03654,A00328,billing,baseline
C03655,A00296,billing,baseline
C03656,A00021,billing,baseline
C03657,A00229,billing,baseline
C03658,A00267,billing,baseline
C03659,A00400,billing,baseline
C03660,A00247,billing,baseline
C03661,A00169,billing,baseline
C03662,A00622,billing,baseline
C03663,A00616,billing,baseline
C03664,A00072,billing,baseline
C03665,A00203,billing,baseline
C03666,A00332,billing,baseline
C03667,A00622,billing,baseline
C03668,A00487,billing,baseline
C03669,A00397,billing,baseline
C03670,A00256,billing,baseline
C03671,A00215,billing,baseline
C03672,A00540,billing,baseline
C03673,A00076,billing,baseline
C03674,A00054,billing,baseline
C03675,A00409,billing,baseline
C03676,A00389,billing,baseline
C03677,A00594,billing,baseline
C03678,A00136,billing,baseline
C03679,A00393,billing,baseline
C03680,A00082,billing,baseline
C03681,A00337,billing,baseline
C03682,A00122,billing,baseline
C03683,A00620,billing,baseline
C03684,A00687,billing,baseline
C03685,A00552,billing,baseline
C03686,A00209,billing,baseline
C03687,A00542,billing,baseline
C03688,A00603,billing,baseline
C03689,A00286,billing,baseline
C03690,A00398,billing,baseline
C03691,A00560,billing,baseline
C03692,A00519,billing,baseline
C03693,A00009,billing,baseline
C03694,A00531,billing,baseline
C03695,A00081,billing,baseline
C03696,A00710,billing,baseline
C03697,A00040,billing,baseline
C03698,A00704,billing,baseline
C03699,A00267,billing,baseline
C03700,A00470,billing,baseline
C03701,A00371,billing,baseline
C03702,A00155,billing,baseline
C03703,A00066,billing,baseline
C03704,A00259,billing,baseline
C03705,A00168,billing,baseline
C03706,A00057,billing,baseline
C03707,A00093,billing,baseline
C03708,A00259,billing,baseline
C03709,A00245,billing,baseline
C03710,A00573,billing,baseline
C03711,A00424,billing,baseline
C03712,A00624,billing,baseline
C03713,A00020,billing,baseline
C03714,A00382,billing,baseline
C03715,A00471,billing,baseline
C03716,A00481,billing,baseline
C03717,A00196,billing,baseline
C03718,A00640,billing,baseline
C03719,A00616,billing,baseline
C03720,A00404,billing,baseline
C03721,A00490,billing,baseline
C03722,A00404,billing,baseline
C03723,A00491,billing,baseline
C03724,A00413,billing,baseline
C03725,A00451,billing,baseline
C03726,A00414,billing,baseline
C03727,A00576,billing,baseline
C03728,A00547,billing,baseline
C03729,A00203,billing,baseline
C03730,A00420,billing,baseline
C03731,A00630,billing,baseline
C03732,A00028,billing,baseline
C03733,A00376,billing,baseline
C03734,A00464,billing,baseline
C03735,A00231,billing,baseline
C03736,A00255,billing,baseline
C03737,A00666,billing,baseline
C03738,A00136,billing,baseline
C03739,A00390,billing,baseline
C03740,A00554,billing,baseline
C03741,A00181,billing,baseline
C03742,A00261,billing,baseline
C03743,A00010,billing,baseline
C03744,A00604,billing,baseline
C03745,A00364,billing,baseline
C03746,A00330,billing,baseline
C03747,A00364,billing,baseline
C03748,A00634,billing,baseline
C03749,A00040,billing,baseline
C03750,A00224,billing,baseline
C03751,A00324,billing,baseline
C03752,A00015,billing,baseline
C03753,A00126,billing,baseline
C03754,A00335,billing,baseline
C03755,A00149,billing,baseline
C03756,A00428,billing,baseline
C03757,A00179,billing,baseline
C03758,A00585,billing,baseline
C03759,A00232,billing,baseline
C03760,A00447,billing,baseline
C03761,A00021,billing,baseline
C03762,A00263,billing,baseline
C03763,A00388,billing,baseline
C03764,A00685,billing,baseline
C03765,A00373,billing,baseline
C03766,A00289,billing,baseline
C03767,A00080,billing,baseline
C03768,A00652,billing,baseline
C03769,A00685,billing,baseline
C03770,A00378,billing,baseline
C03771,A00650,billing,baseline
C03772,A00371,billing,baseline
C03773,A00066,billing,baseline
C03774,A00064,billing,baseline
C03775,A00555,billing,baseline
C03776,A00422,billing,baseline
C03777,A00447,billing,baseline
C03778,A00054,billing,baseline
C03779,A00526,billing,baseline
C03780,A00523,billing,baseline
C03781,A00696,billing,baseline
C03782,A00218,billing,baseline
C03783,A00656,billing,baseline
C03784,A00352,billing,baseline
C03785,A00546,billing,baseline
C03786,A00663,billing,baseline
C03787,A00524,billing,baseline
C03788,A00255,billing,baseline
C03789,A00466,billing,baseline
C03790,A00251,billing,baseline
C03791,A00475,billing,baseline
C03792,A00516,billing,baseline
C03793,A00549,billing,baseline
C03794,A00054,billing,baseline
C03795,A00323,billing,baseline
C03796,A00360,billing,baseline
C03797,A00412,billing,baseline
C03798,A00661,billing,baseline
C03799,A00640,billing,baseline
C03800,A00466,billing,baseline
C03801,A00160,billing,baseline
C03802,A00002,billing,baseline
C03803,A00548,billing,baseline
C03804,A00234,billing,baseline
C03805,A00131,billing,baseline
C03806,A00329,billing,baseline
C03807,A00063,billing,baseline
C03808,A00216,billing,baseline
C03809,A00049,billing,baseline
C03810,A00249,billing,baseline
C03811,A00351,billing,baseline
C03812,A00039,billing,baseline
C03813,A00650,billing,baseline
C03814,A00638,billing,baseline
C03815,A00146,billing,baseline
C03816,A00698,billing,baseline
C03817,A00377,billing,baseline
C03818,A00392,billing,baseline
C03819,A00309,billing,baseline
C03820,A00354,billing,baseline
C03821,A00225,billing,baseline
C03822,A00617,billing,baseline
C03823,A00213,billing,baseline
C03824,A00699,billing,baseline
C03825,A00553,billing,baseline
C03826,A00456,billing,baseline
C03827,A00192,billing,baseline
C03828,A00016,billing,baseline
C03829,A00185,billing,baseline
C03830,A00457,billing,baseline
C03831,A00699,billing,baseline
C03832,A00576,billing,baseline
C03833,A00647,billing,baseline
C03834,A00651,billing,baseline
C03835,A00300,billing,baseline
C03836,A00162,billing,baseline
C03837,A00387,billing,baseline
C03838,A00215,billing,baseline
C03839,A00548,billing,baseline
C03840,A00533,billing,baseline
C03841,A00055,billing,baseline
C03842,A00033,billing,baseline
C03843,A00350,billing,baseline
C03844,A00410,billing,baseline
C03845,A00474,billing,baseline
C03846,A00022,billing,baseline
C03847,A00546,billing,baseline
C03848,A00507,billing,baseline
C03849,A00043,billing,baseline
C03850,A00262,billing,baseline
C03851,A00490,billing,baseline
C03852,A00588,billing,baseline
C03853,A00555,billing,baseline
C03854,A00186,billing,baseline
C03855,A00408,billing,baseline
C03856,A00626,billing,baseline
C03857,A00634,billing,baseline
C03858,A00444,billing,baseline
C03859,A00402,billing,baseline
C03860,A00282,billing,baseline
C03861,A00030,billing,baseline
C03862,A00226,billing,baseline
C03863,A00350,billing,baseline
C03864,A00026,billing,baseline
C03865,A00702,billing,baseline
C03866,A00006,billing,baseline
C03867,A00082,billing,baseline
C03868,A00093,billing,baseline
C03869,A00583,billing,baseline
C03870,A00505,billing,baseline
C03871,A00393,billing,baseline
C03872,A00275,billing,baseline
C03873,A00564,billing,baseline
C03874,A00304,billing,baseline
C03875,A00680,billing,baseline
C03876,A00503,billing,baseline
C03877,A00308,billing,baseline
C03878,A00259,billing,baseline
C03879,A00040,billing,baseline
C03880,A00403,billing,baseline
C03881,A00660,billing,baseline
C03882,A00465,billing,baseline
C03883,A00634,billing,baseline
C03884,A00126,billing,baseline
C03885,A00062,billing,baseline
C03886,A00623,billing,baseline
C03887,A00264,billing,baseline
C03888,A00546,billing,baseline
C03889,A00672,billing,baseline
C03890,A00354,billing,baseline
C03891,A00654,billing,baseline
C03892,A00553,billing,baseline
C03893,A00374,billing,baseline
C03894,A00231,billing,baseline
C03895,A00473,billing,baseline
C03896,A00287,billing,baseline
C03897,A00086,billing,baseline
C03898,A00633,billing,baseline
C03899,A00223,billing,baseline
C03900,A00553,billing,baseline
C03901,A00223,billing,baseline
C03902,A00296,billing,baseline
C03903,A00199,billing,baseline
C03904,A00026,billing,baseline
C03905,A00558,billing,baseline
C03906,A00475,billing,baseline
C03907,A00158,billing,baseline
C03908,A00480,billing,baseline
C03909,A00458,billing,baseline
C03910,A00631,billing,baseline
C03911,A00092,billing,baseline
C03912,A00143,billing,baseline
C03913,A00483,billing,baseline
C03914,A00650,billing,baseline
C03915,A00358,billing,baseline
C03916,A00487,billing,baseline
C03917,A00231,billing,baseline
C03918,A00558,billing,baseline
C03919,A00265,billing,baseline
C03920,A00653,billing,baseline
C03921,A00708,billing,baseline
C03922,A00081,billing,baseline
C03923,A00377,billing,baseline
C03924,A00312,billing,baseline
C03925,A00327,billing,baseline
C03926,A00130,billing,baseline
C03927,A00456,billing,baseline
C03928,A00529,billing,baseline
C03929,A00544,billing,baseline
C03930,A00676,billing,baseline
C03931,A00440,billing,baseline
C03932,A00132,billing,baseline
C03933,A00429,billing,baseline
C03934,A00670,billing,baseline
C03935,A00013,billing,baseline
C03936,A00405,billing,baseline
C03937,A00661,billing,baseline
C03938,A00315,billing,baseline
C03939,A00241,billing,baseline
C03940,A00319,billing,baseline
C03941,A00344,billing,baseline
C03942,A00299,billing,baseline
C03943,A00326,billing,baseline
C03944,A00389,billing,baseline
C03945,A00584,billing,baseline
C03946,A00227,billing,baseline
C03947,A00398,billing,baseline
C03948,A00165,billing,baseline
C03949,A00031,billing,baseline
C03950,A00018,billing,baseline
C03951,A00064,billing,baseline
C03952,A00079,billing,baseline
C03953,A00100,billing,baseline
C03954,A00647,billing,baseline
C03955,A00060,billing,baseline
C03956,A00504,billing,baseline
C03957,A00606,billing,baseline
C03958,A00094,billing,baseline
C03959,A00658,billing,baseline
C03960,A00645,billing,baseline
C03961,A00518,billing,baseline
C03962,A00129,billing,baseline
C03963,A00018,billing,baseline
C03964,A00522,billing,baseline
C03965,A00419,billing,baseline
C03966,A00198,billing,baseline
C03967,A00590,billing,baseline
C03968,A00086,billing,baseline
C03969,A00205,billing,baseline
C03970,A00210,billing,baseline
C03971,A00446,billing,baseline
C03972,A00535,billing,baseline
C03973,A00645,billing,baseline
C03974,A00149,billing,baseline
C03975,A00267,billing,baseline
C03976,A00475,billing,baseline
C03977,A00550,billing,baseline
C03978,A00248,billing,baseline
C03979,A00293,billing,baseline
C03980,A00618,billing,baseline
C03981,A00541,billing,baseline
C03982,A00536,billing,baseline
C03983,A00654,billing,baseline
C03984,A00344,billing,baseline
C03985,A00173,billing,baseline
C03986,A00042,billing,baseline
C03987,A00272,billing,baseline
C03988,A00387,billing,baseline
C03989,A00211,billing,baseline
C03990,A00192,billing,baseline
C03991,A00134,billing,baseline
C03992,A00403,billing,baseline
C03993,A00008,billing,baseline
C03994,A00638,billing,baseline
C03995,A00259,billing,baseline
C03996,A00479,billing,baseline
C03997,A00187,billing,baseline
C03998,A00626,billing,baseline
C03999,A00340,billing,baseline
C04000,A00183,billing,baseline
C04001,A00074,billing,baseline
C04002,A00381,billing,baseline
C04003,A00305,billing,baseline
C04004,A00466,billing,baseline
C04005,A00335,billing,baseline
C04006,A00363,billing,baseline
C04007,A00341,billing,baseline
C04008,A00497,billing,baseline
C04009,A00548,billing,baseline
C04010,A00118,billing,baseline
C04011,A00256,billing,baseline
C04012,A00447,billing,baseline
C04013,A00241,billing,baseline
C04014,A00294,billing,baseline
C04015,A00131,billing,baseline
C04016,A00294,billing,baseline
C04017,A00397,billing,baseline
C04018,A00374,billing,baseline
C04019,A00499,billing,baseline
C04020,A00362,billing,baseline
C04021,A00269,billing,baseline
C04022,A00593,billing,baseline
C04023,A00103,billing,baseline
C04024,A00474,billing,baseline
C04025,A00677,billing,baseline
C04026,A00591,billing,baseline
C04027,A00241,billing,baseline
C04028,A00289,billing,baseline
C04029,A00009,billing,baseline
C04030,A00487,billing,baseline
C04031,A00454,billing,baseline
C04032,A00330,billing,baseline
C04033,A00347,billing,baseline
C04034,A00617,billing,baseline
C04035,A00099,billing,baseline
C04036,A00500,billing,baseline
C04037,A00259,billing,baseline
C04038,A00003,billing,baseline
C04039,A00551,billing,baseline
C04040,A00651,billing,baseline
C04041,A00268,billing,baseline
C04042,A00399,billing,baseline
C04043,A00303,billing,baseline
C04044,A00579,billing,baseline
C04045,A00258,billing,baseline
C04046,A00426,billing,baseline
C04047,A00133,billing,baseline
C04048,A00173,billing,baseline
C04049,A00395,billing,baseline
C04050,A00424,billing,baseline
C04051,A00568,billing,baseline
C04052,A00557,billing,baseline
C04053,A00124,billing,baseline
C04054,A00524,billing,baseline
C04055,A00254,billing,baseline
C04056,A00200,billing,baseline
C04057,A00560,billing,baseline
C04058,A00491,billing,baseline
C04059,A00672,billing,baseline
C04060,A00196,billing,baseline
C04061,A00063,billing,baseline
C04062,A00435,billing,baseline
C04063,A00171,billing,baseline
C04064,A00605,billing,baseline
C04065,A00664,billing,baseline
C04066,A00376,billing,baseline
C04067,A00070,billing,baseline
C04068,A00061,billing,baseline
C04069,A00696,billing,baseline
C04070,A00138,billing,baseline
C04071,A00609,billing,baseline
C04072,A00159,billing,baseline
C04073,A00341,billing,baseline
C04074,A00244,billing,baseline
C04075,A00400,billing,baseline
C04076,A00653,billing,baseline
C04077,A00671,billing,baseline
C04078,A00360,billing,baseline
C04079,A00145,billing,baseline
C04080,A00369,billing,baseline
C04081,A00517,billing,baseline
C04082,A00153,billing,baseline
C04083,A00269,billing,baseline
C04084,A00664,billing,baseline
C04085,A00100,billing,baseline
C04086,A00615,billing,baseline
C04087,A00569,billing,baseline
C04088,A00019,billing,baseline
C04089,A00089,billing,baseline
C04090,A00616,billing,baseline
C04091,A00693,billing,baseline
C04092,A00480,billing,baseline
C04093,A00675,billing,baseline
C04094,A00192,billing,baseline
C04095,A00521,billing,baseline
C04096,A00270,billing,baseline
C04097,A00073,billing,baseline
C04098,A00124,billing,baseline
C04099,A00526,billing,baseline
C04100,A00529,billing,baseline
C04101,A00496,billing,baseline
C04102,A00044,billing,baseline
C04103,A00179,billing,baseline
C04104,A00530,billing,baseline
C04105,A00554,billing,baseline
C04106,A00506,billing,baseline
C04107,A00058,billing,baseline
C04108,A00024,billing,baseline
C04109,A00022,billing,baseline
C04110,A00510,billing,baseline
C04111,A00674,billing,baseline
C04112,A00703,billing,baseline
C04113,A00632,billing,baseline
C04114,A00383,billing,baseline
C04115,A00705,billing,baseline
C04116,A00615,billing,baseline
C04117,A00348,billing,baseline
C04118,A00217,billing,baseline
C04119,A00280,billing,baseline
C04120,A00662,billing,baseline
C04121,A00695,billing,baseline
C04122,A00354,billing,baseline
C04123,A00041,billing,baseline
C04124,A00460,billing,baseline
C04125,A00276,billing,baseline
C04126,A00369,billing,baseline
C04127,A00164,billing,baseline
C04128,A00497,billing,baseline
C04129,A00249,billing,baseline
C04130,A00545,billing,baseline
C04131,A00136,billing,baseline
C04132,A00633,billing,baseline
C04133,A00691,billing,baseline
C04134,A00708,billing,baseline
C04135,A00657,billing,baseline
C04136,A00692,billing,baseline
C04137,A00271,billing,baseline
C04138,A00158,billing,baseline
C04139,A00324,billing,baseline
C04140,A00353,billing,baseline
C04141,A00444,billing,baseline
C04142,A00192,billing,baseline
C04143,A00388,billing,baseline
C04144,A00369,billing,baseline
C04145,A00340,billing,baseline
C04146,A00332,billing,baseline
C04147,A00369,billing,baseline
C04148,A00437,billing,baseline
C04149,A00513,billing,baseline
C04150,A00674,billing,baseline
C04151,A00523,billing,baseline
C04152,A00047,billing,baseline
C04153,A00352,billing,baseline
C04154,A00657,billing,baseline
C04155,A00256,billing,baseline
C04156,A00637,billing,baseline
C04157,A00600,billing,baseline
C04158,A00521,billing,baseline
C04159,A00007,billing,baseline
C04160,A00706,billing,baseline
C04161,A00337,billing,baseline
C04162,A00201,billing,baseline
C04163,A00618,billing,baseline
C04164,A00068,billing,baseline
C04165,A00404,billing,baseline
C04166,A00661,billing,baseline
C04167,A00373,billing,baseline
C04168,A00287,billing,baseline
C04169,A00538,billing,baseline
C04170,A00253,billing,baseline
C04171,A00631,billing,baseline
C04172,A00474,billing,baseline
C04173,A00006,billing,baseline
C04174,A00387,billing,baseline
C04175,A00472,billing,baseline
C04176,A00199,billing,baseline
C04177,A00271,billing,baseline
C04178,A00003,billing,baseline
C04179,A00159,billing,baseline
C04180,A00265,billing,baseline
C04181,A00588,billing,baseline
C04182,A00619,billing,baseline
C04183,A00314,billing,baseline
C04184,A00530,billing,baseline
C04185,A00518,billing,baseline
C04186,A00648,billing,baseline
C04187,A00540,billing,baseline
C04188,A00393,billing,baseline
C04189,A00324,billing,baseline
C04190,A00553,billing,baseline
C04191,A00634,billing,baseline
C04192,A00167,billing,baseline
C04193,A00458,billing,baseline
C04194,A00656,billing,baseline
C04195,A00199,billing,baseline
C04196,A00430,billing,baseline
C04197,A00502,billing,baseline
C04198,A00644,billing,baseline
C04199,A00310,billing,baseline
C04200,A00551,billing,baseline
C04201,A00329,billing,baseline
C04202,A00097,billing,baseline
C04203,A00093,billing,baseline
C04204,A00531,billing,baseline
C04205,A00215,billing,baseline
C04206,A00707,billing,baseline
C04207,A00315,billing,baseline
C04208,A00242,billing,baseline
C04209,A00177,billing,baseline
C04210,A00379,billing,baseline
C04211,A00186,billing,baseline
C04212,A00512,billing,baseline
C04213,A00393,billing,baseline
C04214,A00477,billing,baseline
C04215,A00341,billing,baseline
C04216,A00290,billing,baseline
C04217,A00422,billing,baseline
C04218,A00057,billing,baseline
C04219,A00476,billing,baseline
C04220,A00035,billing,baseline
C04221,A00077,billing,baseline
C04222,A00003,billing,baseline
C04223,A00304,billing,baseline
C04224,A00287,billing,baseline
C04225,A00666,billing,baseline
C04226,A00214,billing,baseline
C04227,A00408,billing,baseline
C04228,A00414,billing,baseline
C04229,A00561,billing,baseline
C04230,A00176,billing,baseline
C04231,A00369,billing,baseline
C04232,A00656,billing,baseline
C04233,A00098,billing,baseline
C04234,A00203,billing,baseline
C04235,A00375,billing,baseline
C04236,A00675,billing,baseline
C04237,A00174,billing,baseline
C04238,A00146,billing,baseline
C04239,A00671,billing,baseline
C04240,A00173,billing,baseline
C04241,A00328,billing,baseline
C04242,A00243,billing,baseline
C04243,A00079,billing,baseline
C04244,A00628,billing,baseline
C04245,A00375,billing,baseline
C04246,A00139,billing,baseline
C04247,A00650,billing,baseline
C04248,A00053,billing,baseline
C04249,A00384,billing,baseline
C04250,A00681,billing,baseline
C04251,A00375,billing,baseline
C04252,A00522,billing,baseline
C04253,A00065,billing,baseline
C04254,A00570,billing,baseline
C04255,A00628,billing,baseline
C04256,A00305,billing,baseline
C04257,A00594,billing,baseline
C04258,A00354,billing,baseline
C04259,A00214,billing,baseline
C04260,A00004,billing,baseline
C04261,A00129,billing,baseline
C04262,A00001,billing,baseline
C04263,A00011,billing,baseline
C04264,A00380,billing,baseline
C04265,A00323,billing,baseline
C04266,A00696,billing,baseline
C04267,A00331,billing,baseline
C04268,A00627,billing,baseline
C04269,A00331,billing,baseline
C04270,A00605,billing,baseline
C04271,A00137,billing,baseline
C04272,A00297,billing,baseline
C04273,A00246,billing,baseline
C04274,A00245,billing,baseline
C04275,A00039,billing,baseline
C04276,A00481,billing,baseline
C04277,A00253,billing,baseline
C04278,A00349,billing,baseline
C04279,A00094,billing,baseline
C04280,A00151,billing,baseline
C04281,A00158,billing,baseline
C04282,A00137,billing,baseline
C04283,A00568,billing,baseline
C04284,A00124,billing,baseline
C04285,A00135,billing,baseline
C04286,A00306,billing,baseline
C04287,A00609,billing,baseline
C04288,A00246,billing,baseline
C04289,A00708,billing,baseline
C04290,A00058,billing,baseline
C04291,A00196,billing,baseline
C04292,A00619,billing,baseline
C04293,A00689,billing,baseline
C04294,A00242,billing,baseline
C04295,A00601,billing,baseline
C04296,A00239,billing,baseline
C04297,A00166,billing,baseline
C04298,A00120,billing,baseline
C04299,A00189,billing,baseline
C04300,A00532,billing,baseline
C04301,A00500,billing,baseline
C04302,A00551,billing,baseline
C04303,A00372,billing,baseline
C04304,A00282,billing,baseline
C04305,A00001,billing,baseline
C04306,A00056,billing,baseline
C04307,A00244,billing,baseline
C04308,A00497,billing,baseline
C04309,A00343,billing,baseline
C04310,A00168,billing,baseline
C04311,A00203,billing,baseline
C04312,A00150,billing,baseline
C04313,A00613,billing,baseline
C04314,A00462,billing,baseline
C04315,A00187,billing,baseline
C04316,A00515,billing,baseline
C04317,A00443,billing,baseline
C04318,A00170,billing,baseline
C04319,A00543,billing,baseline
C04320,A00085,billing,baseline
C04321,A00334,billing,baseline
C04322,A00223,billing,baseline
C04323,A00029,billing,baseline
C04324,A00698,billing,baseline
C04325,A00299,billing,baseline
C04326,A00704,billing,baseline
C04327,A00307,billing,baseline
C04328,A00347,billing,baseline
C04329,A00159,billing,baseline
C04330,A00398,billing,baseline
C04331,A00535,billing,baseline
C04332,A00233,billing,baseline
C04333,A00425,billing,baseline
C04334,A00629,billing,baseline
C04335,A00471,billing,baseline
C04336,A00202,billing,baseline
C04337,A00240,billing,baseline
C04338,A00458,billing,baseline
C04339,A00597,billing,baseline
C04340,A00082,billing,baseline
C04341,A00034,billing,baseline
C04342,A00275,billing,baseline
C04343,A00371,billing,baseline
C04344,A00521,billing,baseline
C04345,A00489,billing,baseline
C04346,A00698,billing,baseline
C04347,A00494,billing,baseline
C04348,A00072,billing,baseline
C04349,A00311,billing,baseline
C04350,A00404,billing,baseline
C04351,A00646,billing,baseline
C04352,A00635,billing,baseline
C04353,A00256,billing,baseline
C04354,A00390,billing,baseline
C04355,A00654,billing,baseline
C04356,A00681,billing,baseline
C04357,A00677,billing,baseline
C04358,A00341,billing,baseline
C04359,A00378,billing,baseline
C04360,A00106,billing,baseline
C04361,A00064,billing,baseline
C04362,A00421,billing,baseline
C04363,A00074,billing,baseline
C04364,A00418,billing,baseline
C04365,A00661,billing,baseline
C04366,A00663,billing,baseline
C04367,A00051,billing,baseline
C04368,A00310,billing,baseline
C04369,A00206,billing,baseline
C04370,A00175,billing,baseline
C04371,A00333,billing,baseline
C04372,A00160,billing,baseline
C04373,A00278,billing,baseline
C04374,A00418,billing,baseline
C04375,A00226,billing,baseline
C04376,A00682,billing,baseline
C04377,A00354,billing,baseline
C04378,A00273,billing,baseline
C04379,A00045,billing,baseline
C04380,A00422,billing,baseline
C04381,A00031,billing,baseline
C04382,A00080,billing,baseline
C04383,A00373,billing,baseline
C04384,A00412,billing,baseline
C04385,A00289,billing,baseline
C04386,A00064,billing,baseline
C04387,A00642,billing,baseline
C04388,A00168,billing,baseline
C04389,A00239,billing,baseline
C04390,A00675,billing,baseline
C04391,A00082,billing,baseline
C04392,A00038,billing,baseline
C04393,A00297,billing,baseline
C04394,A00381,billing,baseline
C04395,A00305,billing,baseline
C04396,A00522,billing,baseline
C04397,A00601,billing,baseline
C04398,A00263,billing,baseline
C04399,A00056,billing,baseline
C04400,A00197,billing,baseline
C04401,A00301,billing,baseline
C04402,A00032,billing,baseline
C04403,A00213,billing,baseline
C04404,A00425,billing,baseline
C04405,A00272,billing,baseline
C04406,A00061,billing,baseline
C04407,A00282,billing,baseline
C04408,A00357,billing,baseline
C04409,A00223,billing,baseline
C04410,A00535,billing,baseline
C04411,A00325,billing,baseline
C04412,A00016,billing,baseline
C04413,A00367,billing,baseline
C04414,A00272,billing,baseline
C04415,A00074,billing,baseline
C04416,A00581,billing,baseline
C04417,A00135,billing,baseline
C04418,A00702,billing,baseline
C04419,A00236,billing,baseline
C04420,A00108,billing,baseline
C04421,A00082,billing,baseline
C04422,A00483,billing,baseline
C04423,A00379,billing,baseline
C04424,A00037,billing,baseline
C04425,A00432,billing,baseline
C04426,A00261,billing,baseline
C04427,A00326,billing,baseline
C04428,A00037,billing,baseline
C04429,A00077,billing,baseline
C04430,A00450,billing,baseline
C04431,A00033,billing,baseline
C04432,A00314,billing,baseline
C04433,A00182,billing,baseline
C04434,A00562,billing,baseline
C04435,A00036,billing,baseline
C04436,A00132,billing,baseline
C04437,A00236,billing,baseline
C04438,A00102,billing,baseline
C04439,A00597,billing,baseline
C04440,A00077,billing,baseline
C04441,A00276,billing,baseline
C04442,A00610,billing,baseline
C04443,A00640,billing,baseline
C04444,A00114,billing,baseline
C04445,A00659,billing,baseline
C04446,A00459,billing,baseline
C04447,A00344,billing,baseline
C04448,A00365,billing,baseline
C04449,A00306,billing,baseline
C04450,A00153,billing,baseline
C04451,A00661,billing,baseline
C04452,A00546,billing,baseline
C04453,A00404,billing,baseline
C04454,A00562,billing,baseline
C04455,A00039,billing,baseline
C04456,A00176,billing,baseline
C04457,A00139,billing,baseline
C04458,A00278,billing,baseline
C04459,A00437,billing,baseline
C04460,A00633,billing,baseline
C04461,A00395,billing,baseline
C04462,A00069,billing,baseline
C04463,A00523,billing,baseline
C04464,A00056,billing,baseline
C04465,A00229,billing,baseline
C04466,A00225,billing,baseline
C04467,A00100,billing,baseline
C04468,A00183,billing,baseline
C04469,A00688,billing,baseline
C04470,A00395,billing,baseline
C04471,A00397,billing,baseline
C04472,A00457,billing,baseline
C04473,A00334,billing,baseline
C04474,A00391,billing,baseline
C04475,A00699,billing,baseline
C04476,A00429,billing,baseline
C04477,A00114,billing,baseline
C04478,A00021,billing,baseline
C04479,A00690,billing,baseline
C04480,A00582,billing,baseline
C04481,A00688,billing,baseline
C04482,A00496,billing,baseline
C04483,A00022,billing,baseline
C04484,A00212,billing,baseline
C04485,A00610,billing,baseline
C04486,A00401,billing,baseline
C04487,A00506,billing,baseline
C04488,A00349,billing,baseline
C04489,A00662,billing,baseline
C04490,A00348,billing,baseline
C04491,A00055,billing,baseline
C04492,A00427,billing,baseline
C04493,A00709,billing,baseline
C04494,A00360,billing,baseline
C04495,A00303,billing,baseline
C04496,A00600,billing,baseline
C04497,A00070,billing,baseline
C04498,A00428,billing,baseline
C04499,A00381,billing,baseline
C04500,A00611,billing,baseline
C04501,A00044,billing,baseline
C04502,A00596,billing,baseline
C04503,A00517,billing,baseline
C04504,A00318,billing,baseline
C04505,A00506,billing,baseline
C04506,A00015,billing,baseline
C04507,A00096,billing,baseline
C04508,A00578,billing,baseline
C04509,A00490,billing,baseline
C04510,A00381,billing,baseline
C04511,A00684,billing,baseline
C04512,A00506,billing,baseline
C04513,A00204,billing,baseline
C04514,A00457,billing,baseline
C04515,A00681,billing,baseline
C04516,A00636,billing,baseline
C04517,A00552,billing,baseline
C04518,A00404,billing,baseline
C04519,A00598,billing,baseline
C04520,A00508,billing,baseline
C04521,A00453,billing,baseline
C04522,A00484,billing,baseline
C04523,A00333,billing,baseline
C04524,A00255,billing,baseline
C04525,A00506,billing,baseline
C04526,A00140,billing,baseline
C04527,A00108,billing,baseline
C04528,A00559,billing,baseline
C04529,A00027,billing,baseline
C04530,A00092,billing,baseline
C04531,A00256,billing,baseline
C04532,A00006,billing,baseline
C04533,A00246,billing,baseline
C04534,A00415,billing,baseline
C04535,A00630,billing,baseline
C04536,A00356,billing,baseline
C04537,A00548,billing,baseline
C04538,A00411,billing,baseline
C04539,A00019,billing,baseline
C04540,A00267,billing,baseline
C04541,A00614,billing,baseline
C04542,A00605,billing,baseline
C04543,A00409,billing,baseline
C04544,A00663,billing,baseline
C04545,A00173,billing,baseline
C04546,A00455,billing,baseline
C04547,A00020,billing,baseline
C04548,A00664,billing,baseline
C04549,A00391,billing,baseline
C04550,A00185,billing,baseline
C04551,A00423,billing,baseline
C04552,A00599,billing,baseline
C04553,A00544,billing,baseline
C04554,A00520,billing,baseline
C04555,A00640,billing,baseline
C04556,A00197,billing,baseline
C04557,A00282,billing,baseline
C04558,A00622,billing,baseline
C04559,A00181,billing,baseline
C04560,A00570,billing,baseline
C04561,A00655,billing,baseline
C04562,A00230,billing,baseline
C04563,A00452,billing,baseline
C04564,A00660,billing,baseline
C04565,A00064,billing,baseline
C04566,A00348,billing,baseline
C04567,A00480,billing,baseline
C04568,A00222,billing,baseline
C04569,A00224,billing,baseline
C04570,A00587,billing,baseline
C04571,A00293,billing,baseline
C04572,A00551,billing,baseline
C04573,A00208,billing,baseline
C04574,A00675,billing,baseline
C04575,A00164,billing,baseline
C04576,A00437,billing,baseline
C04577,A00005,billing,baseline
C04578,A00419,billing,baseline
C04579,A00388,billing,baseline
C04580,A00518,billing,baseline
C04581,A00164,billing,baseline
C04582,A00379,billing,baseline
C04583,A00134,billing,baseline
C04584,A00338,billing,baseline
C04585,A00043,billing,baseline
C04586,A00642,billing,baseline
C04587,A00239,billing,baseline
C04588,A00199,billing,baseline
C04589,A00204,billing,baseline
C04590,A00400,billing,baseline
C04591,A00264,billing,baseline
C04592,A00401,billing,baseline
C04593,A00415,billing,baseline
C04594,A00188,billing,baseline
C04595,A00229,billing,baseline
C04596,A00207,billing,baseline
C04597,A00478,billing,baseline
C04598,A00299,billing,baseline
C04599,A00529,billing,baseline
C04600,A00078,billing,baseline
C04601,A00653,billing,baseline
C04602,A00245,billing,baseline
C04603,A00073,billing,baseline
C04604,A00153,billing,baseline
C04605,A00090,billing,baseline
C04606,A00509,billing,baseline
C04607,A00312,billing,baseline
C04608,A00315,billing,baseline
C04609,A00025,billing,baseline
C04610,A00316,billing,baseline
C04611,A00137,billing,baseline
C04612,A00610,billing,baseline
C04613,A00061,billing,baseline
C04614,A00439,billing,baseline
C04615,A00341,billing,baseline
C04616,A00329,billing,baseline
C04617,A00327,billing,baseline
C04618,A00653,billing,baseline
C04619,A00668,billing,baseline
C04620,A00464,billing,baseline
C04621,A00399,billing,baseline
C04622,A00260,billing,baseline
C04623,A00365,billing,baseline
C04624,A00230,billing,baseline
C04625,A00448,billing,baseline
C04626,A00657,billing,baseline
C04627,A00708,billing,baseline
C04628,A00271,billing,baseline
C04629,A00559,billing,baseline
C04630,A00541,billing,baseline
C04631,A00698,billing,baseline
C04632,A00486,billing,baseline
C04633,A00397,billing,baseline
C04634,A00401,billing,baseline
C04635,A00686,billing,baseline
C04636,A00610,billing,baseline
C04637,A00062,billing,baseline
C04638,A00603,billing,baseline
C04639,A00693,billing,baseline
C04640,A00694,billing,baseline
C04641,A00671,billing,baseline
C04642,A00457,billing,baseline
C04643,A00571,billing,baseline
C04644,A00392,billing,baseline
C04645,A00138,billing,baseline
C04646,A00483,billing,baseline
C04647,A00118,billing,baseline
C04648,A00675,billing,baseline
C04649,A00545,billing,baseline
C04650,A00365,billing,baseline
C04651,A00186,billing,baseline
C04652,A00684,billing,baseline
C04653,A00398,billing,baseline
C04654,A00258,billing,baseline
C04655,A00265,billing,baseline
C04656,A00313,billing,baseline
C04657,A00523,billing,baseline
C04658,A00460,billing,baseline
C04659,A00338,billing,baseline
C04660,A00306,billing,baseline
C04661,A00051,billing,baseline
C04662,A00035,billing,baseline
C04663,A00267,billing,baseline
C04664,A00367,billing,baseline
C04665,A00206,billing,baseline
C04666,A00576,billing,baseline
C04667,A00708,billing,baseline
C04668,A00064,billing,baseline
C04669,A00524,billing,baseline
C04670,A00151,billing,baseline
C04671,A00362,billing,baseline
C04672,A00668,billing,baseline
C04673,A00135,billing,baseline
C04674,A00679,billing,baseline
C04675,A00246,billing,baseline
C04676,A00277,billing,baseline
C04677,A00063,billing,baseline
C04678,A00266,billing,baseline
C04679,A00309,billing,baseline
C04680,A00395,billing,baseline
C04681,A00048,billing,baseline
C04682,A00411,billing,baseline
C04683,A00262,billing,baseline
C04684,A00315,billing,baseline
C04685,A00107,billing,baseline
C04686,A00564,billing,baseline
C04687,A00550,billing,baseline
C04688,A00417,billing,baseline
C04689,A00414,billing,baseline
C04690,A00501,billing,baseline
C04691,A00486,billing,baseline
C04692,A00541,billing,baseline
C04693,A00299,billing,baseline
C04694,A00221,billing,baseline
C04695,A00121,billing,baseline
C04696,A00124,billing,baseline
C04697,A00691,billing,baseline
C04698,A00559,billing,baseline
C04699,A00659,billing,baseline
C04700,A00403,billing,baseline
C04701,A00078,billing,baseline
C04702,A00320,billing,baseline
C04703,A00645,billing,baseline
C04704,A00506,billing,baseline
C04705,A00566,billing,baseline
C04706,A00704,billing,baseline
C04707,A00454,billing,baseline
C04708,A00532,billing,baseline
C04709,A00625,billing,baseline
C04710,A00550,billing,baseline
C04711,A00197,billing,baseline
C04712,A00612,billing,baseline
C04713,A00027,billing,baseline
C04714,A00072,billing,baseline
C04715,A00245,billing,baseline
C04716,A00132,billing,baseline
C04717,A00099,billing,baseline
C04718,A00323,billing,baseline
C04719,A00186,billing,baseline
C04720,A00580,billing,baseline
C04721,A00095,billing,baseline
C04722,A00027,billing,baseline
C04723,A00669,billing,baseline
C04724,A00621,billing,baseline
C04725,A00120,billing,baseline
C04726,A00401,billing,baseline
C04727,A00567,billing,baseline
C04728,A00304,billing,baseline
C04729,A00009,billing,baseline
C04730,A00251,billing,baseline
C04731,A00180,billing,baseline
C04732,A00165,billing,baseline
C04733,A00414,billing,baseline
C04734,A00611,billing,baseline
C04735,A00603,billing,baseline
C04736,A00460,billing,baseline
C04737,A00098,billing,baseline
C04738,A00439,billing,baseline
C04739,A00129,billing,baseline
C04740,A00192,billing,baseline
C04741,A00273,billing,baseline
C04742,A00380,billing,baseline
C04743,A00198,billing,baseline
C04744,A00631,billing,baseline
C04745,A00236,billing,baseline
C04746,A00241,billing,baseline
C04747,A00308,billing,baseline
C04748,A00594,billing,baseline
C04749,A00032,billing,baseline
C04750,A00199,billing,baseline
C04751,A00460,billing,baseline
C04752,A00649,billing,baseline
C04753,A00024,billing,baseline
C04754,A00595,billing,baseline
C04755,A00625,billing,baseline
C04756,A00092,billing,baseline
C04757,A00269,billing,baseline
C04758,A00646,billing,baseline
C04759,A00617,billing,baseline
C04760,A00174,billing,baseline
C04761,A00213,billing,baseline
C04762,A00122,billing,baseline
C04763,A00019,billing,baseline
C04764,A00607,billing,baseline
C04765,A00611,billing,baseline
C04766,A00003,billing,baseline
C04767,A00306,billing,baseline
C04768,A00081,billing,baseline
C04769,A00063,billing,baseline
C04770,A00244,billing,baseline
C04771,A00032,billing,baseline
C04772,A00335,billing,baseline
C04773,A00534,billing,baseline
C04774,A00206,billing,baseline
C04775,A00281,billing,baseline
C04776,A00427,billing,baseline
C04777,A00506,billing,baseline
C04778,A00105,billing,baseline
C04779,A00353,billing,baseline
C04780,A00635,billing,baseline
C04781,A00700,billing,baseline
C04782,A00111,billing,baseline
C04783,A00637,billing,baseline
C04784,A00069,billing,baseline
C04785,A00068,billing,baseline
C04786,A00325,billing,baseline
C04787,A00378,billing,baseline
C04788,A00650,billing,baseline
C04789,A00026,billing,baseline
C04790,A00077,billing,baseline
C04791,A00014,billing,baseline
C04792,A00349,billing,baseline
C04793,A00427,billing,baseline
C04794,A00299,billing,baseline
C04795,A00373,billing,baseline
C04796,A00623,billing,baseline
C04797,A00061,billing,baseline
C04798,A00424,billing,baseline
C04799,A00381,billing,baseline
C04800,A00646,billing,baseline
C04801,A00184,billing,baseline
C04802,A00177,billing,baseline
C04803,A00575,billing,baseline
C04804,A00576,billing,baseline
C04805,A00308,billing,baseline
C04806,A00422,billing,baseline
C04807,A00339,billing,baseline
C04808,A00100,billing,baseline
C04809,A00216,billing,baseline
C04810,A00033,billing,baseline
C04811,A00654,billing,baseline
C04812,A00689,billing,baseline
C04813,A00656,billing,baseline
C04814,A00204,billing,baseline
C04815,A00002,billing,baseline
C04816,A00594,billing,baseline
C04817,A00410,billing,baseline
C04818,A00028,billing,baseline
C04819,A00520,billing,baseline
C04820,A00388,billing,baseline
C04821,A00044,billing,baseline
C04822,A00194,billing,baseline
C04823,A00015,billing,baseline
C04824,A00528,billing,baseline
C04825,A00147,billing,baseline
C04826,A00553,billing,baseline
C04827,A00205,billing,baseline
C04828,A00490,billing,baseline
C04829,A00483,billing,baseline
C04830,A00158,billing,baseline
C04831,A00566,billing,baseline
C04832,A00658,billing,baseline
C04833,A00211,billing,baseline
C04834,A00533,billing,baseline
C04835,A00080,billing,baseline
C04836,A00023,billing,baseline
C04837,A00121,billing,baseline
C04838,A00059,billing,baseline
C04839,A00249,billing,baseline
C04840,A00035,billing,baseline
C04841,A00283,billing,baseline
C04842,A00312,billing,baseline
C04843,A00139,billing,baseline
C04844,A00519,billing,baseline
C04845,A00597,billing,baseline
C04846,A00170,billing,baseline
C04847,A00255,billing,baseline
C04848,A00331,billing,baseline
C04849,A00279,billing,baseline
C04850,A00160,billing,baseline
C04851,A00063,billing,baseline
C04852,A00060,billing,baseline
C04853,A00125,billing,baseline
C04854,A00262,billing,baseline
C04855,A00442,billing,baseline
C04856,A00316,billing,baseline
C04857,A00162,billing,baseline
C04858,A00039,billing,baseline
C04859,A00139,billing,baseline
C04860,A00135,billing,baseline
C04861,A00423,billing,baseline
C04862,A00091,billing,baseline
C04863,A00066,billing,baseline
C04864,A00225,billing,baseline
C04865,A00466,billing,baseline
C04866,A00346,billing,baseline
C04867,A00400,billing,baseline
C04868,A00192,billing,baseline
C04869,A00663,billing,baseline
C04870,A00315,billing,baseline
C04871,A00315,billing,baseline
C04872,A00174,billing,baseline
C04873,A00024,billing,baseline
C04874,A00618,billing,baseline
C04875,A00205,billing,baseline
C04876,A00586,billing,baseline
C04877,A00629,billing,baseline
C04878,A00277,billing,baseline
C04879,A00071,billing,baseline
C04880,A00407,billing,baseline
C04881,A00457,billing,baseline
C04882,A00027,billing,baseline
C04883,A00479,billing,baseline
C04884,A00126,billing,baseline
C04885,A00382,billing,baseline
C04886,A00359,billing,baseline
C04887,A00587,billing,baseline
C04888,A00087,billing,baseline
C04889,A00094,billing,baseline
C04890,A00366,billing,baseline
C04891,A00435,billing,baseline
C04892,A00326,billing,baseline
C04893,A00496,billing,baseline
C04894,A00313,billing,baseline
C04895,A00538,billing,baseline
C04896,A00687,billing,baseline
C04897,A00062,billing,baseline
C04898,A00159,billing,baseline
C04899,A00470,billing,baseline
C04900,A00109,billing,baseline
C04901,A00150,billing,baseline
C04902,A00344,billing,baseline
C04903,A00114,billing,baseline
C04904,A00372,billing,baseline
C04905,A00382,billing,baseline
C04906,A00062,billing,baseline
C04907,A00067,billing,baseline
C04908,A00119,billing,baseline
C04909,A00289,billing,baseline
C04910,A00315,billing,baseline
C04911,A00255,billing,baseline
C04912,A00515,billing,baseline
C04913,A00381,billing,baseline
C04914,A00632,billing,baseline
C04915,A00490,billing,baseline
C04916,A00677,billing,baseline
C04917,A00314,billing,baseline
C04918,A00638,billing,baseline
C04919,A00531,billing,baseline
C04920,A00360,billing,baseline
C04921,A00447,billing,baseline
C04922,A00217,billing,baseline
C04923,A00459,billing,baseline
C04924,A00633,billing,baseline
C04925,A00458,billing,baseline
C04926,A00579,billing,baseline
C04927,A00042,billing,baseline
C04928,A00109,billing,baseline
C04929,A00049,billing,baseline
C04930,A00132,billing,baseline
C04931,A00148,billing,baseline
C04932,A00009,billing,baseline
C04933,A00379,billing,baseline
C04934,A00242,billing,baseline
C04935,A00566,billing,baseline
C04936,A00238,billing,baseline
C04937,A00077,billing,baseline
C04938,A00637,billing,baseline
C04939,A00315,billing,baseline
C04940,A00041,billing,baseline
C04941,A00619,billing,baseline
C04942,A00594,billing,baseline
C04943,A00113,billing,baseline
C04944,A00559,billing,baseline
C04945,A00597,billing,baseline
C04946,A00507,billing,baseline
C04947,A00378,billing,baseline
C04948,A00187,billing,baseline
C04949,A00216,billing,baseline
C04950,A00310,billing,baseline
C04951,A00551,billing,baseline
C04952,A00595,billing,baseline
C04953,A00288,billing,baseline
C04954,A00509,billing,baseline
C04955,A00532,billing,baseline
C04956,A00471,billing,baseline
C04957,A00510,billing,baseline
C04958,A00315,billing,baseline
C04959,A00160,billing,baseline
C04960,A00522,billing,baseline
C04961,A00315,billing,baseline
C04962,A00210,billing,baseline
C04963,A00054,billing,baseline
C04964,A00407,billing,baseline
C04965,A00552,billing,baseline
C04966,A00070,billing,baseline
C04967,A00502,billing,baseline
C04968,A00303,billing,baseline
C04969,A00603,billing,baseline
C04970,A00531,billing,baseline
C04971,A00129,billing,baseline
C04972,A00709,billing,baseline
C04973,A00656,billing,baseline
C04974,A00533,billing,baseline
C04975,A00508,billing,baseline
C04976,A00124,billing,baseline
C04977,A00284,billing,baseline
C04978,A00449,billing,baseline
C04979,A00031,billing,baseline
C04980,A00063,billing,baseline
C04981,A00658,billing,baseline
C04982,A00647,billing,baseline
C04983,A00216,billing,baseline
C04984,A00073,billing,baseline
C04985,A00269,billing,baseline
C04986,A00177,billing,baseline
C04987,A00112,billing,baseline
C04988,A00568,billing,baseline
C04989,A00708,billing,baseline
C04990,A00376,billing,baseline
C04991,A00662,billing,baseline
C04992,A00108,billing,baseline
C04993,A00650,billing,baseline
C04994,A00329,billing,baseline
C04995,A00414,billing,baseline
C04996,A00277,billing,baseline
C04997,A00159,billing,baseline
C04998,A00158,billing,baseline
C04999,A00053,billing,baseline
C05000,A00429,billing,baseline
C05001,A00416,billing,baseline
C05002,A00386,billing,baseline
C05003,A00064,billing,baseline
C05004,A00526,billing,baseline
C05005,A00638,billing,baseline
C05006,A00238,billing,baseline
C05007,A00035,billing,baseline
C05008,A00165,billing,baseline
C05009,A00351,billing,baseline
C05010,A00638,billing,baseline
C05011,A00061,billing,baseline
C05012,A00433,billing,baseline
C05013,A00582,billing,baseline
C05014,A00117,billing,baseline
C05015,A00533,billing,baseline
C05016,A00360,billing,baseline
C05017,A00257,billing,baseline
C05018,A00074,billing,baseline
C05019,A00028,billing,baseline
C05020,A00694,billing,baseline
C05021,A00584,billing,baseline
C05022,A00035,billing,baseline
C05023,A00422,billing,baseline
C05024,A00191,billing,baseline
C05025,A00123,billing,baseline
C05026,A00617,billing,baseline
C05027,A00184,billing,baseline
C05028,A00346,billing,baseline
C05029,A00240,billing,baseline
C05030,A00696,billing,baseline
C05031,A00183,billing,baseline
C05032,A00048,billing,baseline
C05033,A00702,billing,baseline
C05034,A00469,billing,baseline
C05035,A00575,billing,baseline
C05036,A00612,billing,baseline
C05037,A00581,billing,baseline
C05038,A00499,billing,baseline
C05039,A00408,billing,baseline
C05040,A00402,billing,baseline
C05041,A00543,billing,baseline
C05042,A00515,billing,baseline
C05043,A00107,billing,baseline
C05044,A00034,billing,baseline
C05045,A00595,billing,baseline
C05046,A00543,billing,baseline
C05047,A00169,billing,baseline
C05048,A00506,billing,baseline
C05049,A00294,billing,baseline
C05050,A00408,billing,baseline
C05051,A00271,billing,baseline
C05052,A00625,billing,baseline
C05053,A00420,billing,baseline
C05054,A00113,billing,baseline
C05055,A00406,billing,baseline
C05056,A00319,billing,baseline
C05057,A00254,billing,baseline
C05058,A00585,billing,baseline
C05059,A00124,billing,baseline
C05060,A00080,billing,baseline
C05061,A00036,billing,baseline
C05062,A00390,billing,baseline
C05063,A00626,billing,baseline
C05064,A00665,billing,baseline
C05065,A00085,billing,baseline
C05066,A00272,billing,baseline
C05067,A00034,billing,baseline
C05068,A00425,billing,baseline
C05069,A00034,billing,baseline
C05070,A00330,billing,baseline
C05071,A00173,billing,baseline
C05072,A00192,billing,baseline
C05073,A00275,billing,baseline
C05074,A00407,billing,baseline
C05075,A00366,billing,baseline
C05076,A00608,billing,baseline
C05077,A00328,billing,baseline
C05078,A00181,billing,baseline
C05079,A00497,billing,baseline
C05080,A00079,billing,baseline
C05081,A00117,billing,baseline
C05082,A00176,billing,baseline
C05083,A00596,billing,baseline
C05084,A00299,billing,baseline
C05085,A00134,billing,baseline
C05086,A00253,billing,baseline
C05087,A00566,billing,baseline
C05088,A00490,billing,baseline
C05089,A00415,billing,baseline
C05090,A00166,billing,baseline
C05091,A00373,billing,baseline
C05092,A00533,billing,baseline
C05093,A00015,billing,baseline
C05094,A00222,billing,baseline
C05095,A00290,billing,baseline
C05096,A00200,billing,baseline
C05097,A00402,billing,baseline
C05098,A00650,billing,baseline
C05099,A00399,billing,baseline
C05100,A00392,billing,baseline
C05101,A00023,billing,baseline
C05102,A00428,billing,baseline
C05103,A00026,billing,baseline
C05104,A00147,billing,baseline
C05105,A00014,billing,baseline
C05106,A00675,billing,baseline
C05107,A00006,billing,baseline
C05108,A00241,billing,baseline
C05109,A00090,billing,baseline
C05110,A00115,billing,baseline
C05111,A00296,billing,baseline
C05112,A00511,billing,baseline
C05113,A00180,billing,baseline
C05114,A00516,billing,baseline
C05115,A00336,billing,baseline
C05116,A00427,billing,baseline
C05117,A00253,billing,baseline
C05118,A00524,billing,baseline
C05119,A00317,billing,baseline
C05120,A00179,billing,baseline
C05121,A00632,billing,baseline
C05122,A00108,billing,baseline
C05123,A00681,billing,baseline
C05124,A00519,billing,baseline
C05125,A00575,billing,baseline
C05126,A00640,billing,baseline
C05127,A00182,billing,baseline
C05128,A00276,billing,baseline
C05129,A00131,billing,baseline
C05130,A00617,billing,baseline
C05131,A00501,billing,baseline
C05132,A00707,billing,baseline
C05133,A00152,billing,baseline
C05134,A00357,billing,baseline
C05135,A00052,billing,baseline
C05136,A00593,billing,baseline
C05137,A00191,billing,baseline
C05138,A00454,billing,baseline
C05139,A00088,billing,baseline
C05140,A00071,billing,baseline
C05141,A00409,billing,baseline
C05142,A00304,billing,baseline
C05143,A00231,billing,baseline
C05144,A00437,billing,baseline
C05145,A00350,billing,baseline
C05146,A00153,billing,baseline
C05147,A00313,billing,baseline
C05148,A00697,billing,baseline
C05149,A00218,billing,baseline
C05150,A00465,billing,baseline
C05151,A00588,billing,baseline
C05152,A00090,billing,baseline
C05153,A00410,billing,baseline
C05154,A00056,billing,baseline
C05155,A00444,billing,baseline
C05156,A00521,billing,baseline
C05157,A00065,billing,baseline
C05158,A00431,billing,baseline
C05159,A00634,billing,baseline
C05160,A00612,billing,baseline
C05161,A00423,billing,baseline
C05162,A00063,billing,baseline
C05163,A00388,billing,baseline
C05164,A00586,billing,baseline
C05165,A00356,billing,baseline
C05166,A00241,billing,baseline
C05167,A00276,billing,baseline
C05168,A00258,billing,baseline
C05169,A00107,billing,baseline
C05170,A00203,billing,baseline
C05171,A00481,billing,baseline
C05172,A00280,billing,baseline
C05173,A00102,billing,baseline
C05174,A00135,billing,baseline
C05175,A00605,billing,baseline
C05176,A00526,billing,baseline
C05177,A00699,billing,baseline
C05178,A00239,billing,baseline
C05179,A00107,billing,baseline
C05180,A00033,billing,baseline
C05181,A00375,billing,baseline
C05182,A00573,billing,baseline
C05183,A00211,billing,baseline
C05184,A00104,billing,baseline
C05185,A00213,billing,baseline
C05186,A00223,billing,baseline
C05187,A00207,billing,baseline
C05188,A00068,billing,baseline
C05189,A00620,billing,baseline
C05190,A00390,billing,baseline
C05191,A00201,billing,baseline
C05192,A00644,billing,baseline
C05193,A00267,billing,baseline
C05194,A00655,billing,baseline
C05195,A00171,billing,baseline
C05196,A00497,billing,baseline
C05197,A00145,billing,baseline
C05198,A00553,billing,baseline
C05199,A00661,billing,baseline
C05200,A00565,billing,baseline
C05201,A00525,billing,baseline
C05202,A00122,billing,baseline
C05203,A00704,billing,baseline
C05204,A00680,billing,baseline
C05205,A00438,billing,baseline
C05206,A00301,billing,baseline
C05207,A00310,billing,baseline
C05208,A00429,billing,baseline
C05209,A00223,billing,baseline
C05210,A00114,billing,baseline
C05211,A00709,billing,baseline
C05212,A00084,billing,baseline
C05213,A00012,billing,baseline
C05214,A00232,billing,baseline
C05215,A00496,billing,baseline
C05216,A00081,billing,baseline
C05217,A00266,billing,baseline
C05218,A00621,billing,baseline
C05219,A00080,billing,baseline
C05220,A00542,billing,baseline
C05221,A00679,billing,baseline
C05222,A00462,billing,baseline
C05223,A00437,billing,baseline
C05224,A00054,billing,baseline
C05225,A00441,billing,baseline
C05226,A00067,billing,baseline
C05227,A00455,billing,baseline
C05228,A00648,billing,baseline
C05229,A00707,billing,baseline
C05230,A00265,billing,baseline
C05231,A00015,billing,baseline
C05232,A00148,billing,baseline
C05233,A00124,billing,baseline
C05234,A00335,billing,baseline
C05235,A00106,billing,baseline
C05236,A00240,billing,baseline
C05237,A00279,billing,baseline
C05238,A00478,billing,baseline
C05239,A00489,billing,baseline
C05240,A00451,billing,baseline
C05241,A00648,billing,baseline
C05242,A00092,billing,baseline
C05243,A00676,billing,baseline
C05244,A00402,billing,baseline
C05245,A00058,billing,baseline
C05246,A00662,billing,baseline
C05247,A00536,billing,baseline
C05248,A00216,billing,baseline
C05249,A00438,billing,baseline
C05250,A00317,billing,baseline
C05251,A00549,billing,baseline
C05252,A00111,billing,baseline
C05253,A00478,billing,baseline
C05254,A00371,billing,baseline
C05255,A00674,billing,baseline
C05256,A00343,billing,baseline
C05257,A00709,billing,baseline
C05258,A00415,billing,baseline
C05259,A00100,billing,baseline
C05260,A00119,billing,baseline
C05261,A00218,billing,baseline
C05262,A00341,billing,baseline
C05263,A00621,billing,baseline
C05264,A00049,billing,baseline
C05265,A00534,billing,baseline
C05266,A00674,billing,baseline
C05267,A00552,billing,baseline
C05268,A00063,billing,baseline
C05269,A00155,billing,baseline
C05270,A00643,billing,baseline
C05271,A00595,billing,baseline
C05272,A00632,billing,baseline
C05273,A00088,billing,baseline
C05274,A00122,billing,baseline
C05275,A00073,billing,baseline
C05276,A00034,billing,baseline
C05277,A00399,billing,baseline
C05278,A00147,billing,baseline
C05279,A00370,billing,baseline
C05280,A00317,billing,baseline
C05281,A00379,billing,baseline
C05282,A00709,billing,baseline
C05283,A00477,billing,baseline
C05284,A00258,billing,baseline
C05285,A00238,billing,baseline
C05286,A00675,billing,baseline
C05287,A00623,billing,baseline
C05288,A00684,billing,baseline
C05289,A00405,billing,baseline
C05290,A00101,billing,baseline
C05291,A00174,billing,baseline
C05292,A00418,billing,baseline
C05293,A00043,billing,baseline
C05294,A00065,billing,baseline
C05295,A00157,billing,baseline
C05296,A00054,billing,baseline
C05297,A00091,billing,baseline
C05298,A00005,billing,baseline
C05299,A00365,billing,baseline
C05300,A00096,billing,baseline
C05301,A00691,billing,baseline
C05302,A00586,billing,baseline
C05303,A00380,billing,baseline
C05304,A00494,billing,baseline
C05305,A00633,billing,baseline
C05306,A00507,billing,baseline
C05307,A00300,billing,baseline
C05308,A00558,billing,baseline
C05309,A00392,billing,baseline
C05310,A00252,billing,baseline
C05311,A00315,billing,baseline
C05312,A00585,billing,baseline
C05313,A00298,billing,baseline
C05314,A00055,billing,baseline
C05315,A00092,billing,baseline
C05316,A00433,billing,baseline
C05317,A00261,billing,baseline
C05318,A00043,billing,baseline
C05319,A00580,billing,baseline
C05320,A00298,billing,baseline
C05321,A00700,billing,baseline
C05322,A00641,billing,baseline
C05323,A00704,billing,baseline
C05324,A00646,billing,baseline
C05325,A00465,billing,baseline
C05326,A00156,billing,baseline
C05327,A00545,billing,baseline
C05328,A00393,billing,baseline
C05329,A00682,billing,baseline
C05330,A00226,billing,baseline
C05331,A00386,billing,baseline
C05332,A00682,billing,baseline
C05333,A00087,billing,baseline
C05334,A00063,billing,baseline
C05335,A00242,billing,baseline
C05336,A00409,billing,baseline
C05337,A00007,billing,baseline
C05338,A00687,billing,baseline
C05339,A00325,billing,baseline
C05340,A00434,billing,baseline
C05341,A00066,billing,baseline
C05342,A00698,billing,baseline
C05343,A00463,billing,baseline
C05344,A00255,billing,baseline
C05345,A00167,billing,baseline
C05346,A00680,billing,baseline
C05347,A00269,billing,baseline
C05348,A00073,billing,baseline
C05349,A00638,billing,baseline
C05350,A00011,billing,baseline
C05351,A00025,billing,baseline
C05352,A00374,billing,baseline
C05353,A00386,billing,baseline
C05354,A00242,billing,baseline
C05355,A00092,billing,baseline
C05356,A00493,billing,baseline
C05357,A00533,billing,baseline
C05358,A00328,billing,baseline
C05359,A00303,billing,baseline
C05360,A00183,billing,baseline
C05361,A00401,billing,baseline
C05362,A00176,billing,baseline
C05363,A00371,billing,baseline
C05364,A00340,billing,baseline
C05365,A00002,billing,baseline
C05366,A00710,billing,baseline
C05367,A00311,billing,baseline
C05368,A00318,billing,baseline
C05369,A00005,billing,baseline
C05370,A00376,billing,baseline
C05371,A00708,billing,baseline
C05372,A00478,billing,baseline
C05373,A00695,billing,baseline
C05374,A00668,billing,baseline
C05375,A00631,billing,baseline
C05376,A00258,billing,baseline
C05377,A00077,billing,baseline
C05378,A00214,billing,baseline
C05379,A00281,billing,baseline
C05380,A00236,billing,baseline
C05381,A00070,billing,baseline
C05382,A00612,billing,baseline
C05383,A00350,billing,baseline
C05384,A00366,billing,baseline
C05385,A00220,billing,baseline
C05386,A00058,billing,baseline
C05387,A00437,billing,baseline
C05388,A00024,billing,baseline
C05389,A00106,billing,baseline
C05390,A00448,billing,baseline
C05391,A00179,billing,baseline
C05392,A00501,billing,baseline
C05393,A00102,billing,baseline
C05394,A00374,billing,baseline
C05395,A00356,billing,baseline
C05396,A00638,billing,baseline
C05397,A00359,billing,baseline
C05398,A00594,billing,baseline
C05399,A00334,billing,baseline
C05400,A00581,billing,baseline
C05401,A00077,billing,baseline
C05402,A00214,billing,baseline
C05403,A00201,billing,baseline
C05404,A00180,billing,baseline
C05405,A00300,billing,baseline
C05406,A00439,billing,baseline
C05407,A00448,billing,baseline
C05408,A00680,billing,baseline
C05409,A00498,billing,baseline
C05410,A00575,billing,baseline
C05411,A00054,billing,baseline
C05412,A00596,billing,baseline
C05413,A00346,billing,baseline
C05414,A00600,billing,baseline
C05415,A00141,billing,baseline
C05416,A00468,billing,baseline
C05417,A00170,billing,baseline
C05418,A00626,billing,baseline
C05419,A00048,billing,baseline
C05420,A00307,billing,baseline
C05421,A00007,billing,baseline
C05422,A00188,billing,baseline
C05423,A00303,billing,baseline
C05424,A00476,billing,baseline
C05425,A00645,billing,baseline
C05426,A00630,billing,baseline
C05427,A00179,billing,baseline
C05428,A00230,billing,baseline
C05429,A00595,billing,baseline
C05430,A00392,billing,baseline
C05431,A00388,billing,baseline
C05432,A00099,billing,baseline
C05433,A00270,billing,baseline
C05434,A00323,billing,baseline
C05435,A00612,billing,baseline
C05436,A00574,billing,baseline
C05437,A00560,billing,baseline
C05438,A00648,billing,baseline
C05439,A00677,billing,baseline
C05440,A00643,billing,baseline
C05441,A00356,billing,baseline
C05442,A00661,billing,baseline
C05443,A00564,billing,baseline
C05444,A00330,billing,baseline
C05445,A00008,billing,baseline
C05446,A00068,billing,baseline
C05447,A00684,billing,baseline
C05448,A00469,billing,baseline
C05449,A00126,billing,baseline
C05450,A00622,billing,baseline
C05451,A00434,billing,baseline
C05452,A00625,billing,baseline
C05453,A00056,billing,baseline
C05454,A00289,billing,baseline
C05455,A00399,billing,baseline
C05456,A00464,billing,baseline
C05457,A00371,billing,baseline
C05458,A00533,billing,baseline
C05459,A00689,billing,baseline
C05460,A00280,billing,baseline
C05461,A00307,billing,baseline
C05462,A00522,billing,baseline
C05463,A00527,billing,baseline
C05464,A00417,billing,baseline
C05465,A00037,billing,baseline
C05466,A00179,billing,baseline
C05467,A00383,billing,baseline
C05468,A00124,billing,baseline
C05469,A00469,billing,baseline
C05470,A00478,billing,baseline
C05471,A00454,billing,baseline
C05472,A00674,billing,baseline
C05473,A00699,billing,baseline
C05474,A00687,billing,baseline
C05475,A00116,billing,baseline
C05476,A00103,billing,baseline
C05477,A00269,billing,baseline
C05478,A00616,billing,baseline
C05479,A00369,billing,baseline
C05480,A00164,billing,baseline
C05481,A00064,billing,baseline
C05482,A00135,billing,baseline
C05483,A00673,billing,baseline
C05484,A00398,billing,baseline
C05485,A00258,billing,baseline
C05486,A00022,billing,baseline
C05487,A00510,billing,baseline
C05488,A00012,billing,baseline
C05489,A00363,billing,baseline
C05490,A00028,billing,baseline
C05491,A00601,billing,baseline
C05492,A00343,billing,baseline
C05493,A00268,billing,baseline
C05494,A00576,billing,baseline
C05495,A00677,billing,baseline
C05496,A00489,billing,baseline
C05497,A00525,billing,baseline
C05498,A00088,billing,baseline
C05499,A00485,billing,baseline
C05500,A00003,billing,baseline
C05501,A00091,billing,baseline
C05502,A00237,billing,baseline
C05503,A00625,billing,baseline
C05504,A00164,billing,baseline
C05505,A00273,billing,baseline
C05506,A00084,billing,baseline
C05507,A00477,billing,baseline
C05508,A00516,billing,baseline
C05509,A00427,billing,baseline
C05510,A00523,billing,baseline
C05511,A00632,billing,baseline
C05512,A00071,billing,baseline
C05513,A00177,billing,baseline
C05514,A00520,billing,baseline
C05515,A00056,billing,baseline
C05516,A00301,billing,baseline
C05517,A00115,billing,baseline
C05518,A00576,billing,baseline
C05519,A00262,billing,baseline
C05520,A00115,billing,baseline
C05521,A00145,billing,baseline
C05522,A00606,billing,baseline
C05523,A00648,billing,baseline
C05524,A00169,billing,baseline
C05525,A00100,billing,baseline
C05526,A00128,billing,baseline
C05527,A00670,billing,baseline
C05528,A00098,billing,baseline
C05529,A00693,billing,baseline
C05530,A00036,billing,baseline
C05531,A00061,billing,baseline
C05532,A00485,billing,baseline
C05533,A00655,billing,baseline
C05534,A00229,billing,baseline
C05535,A00534,billing,baseline
C05536,A00513,billing,baseline
C05537,A00049,billing,baseline
C05538,A00343,billing,baseline
C05539,A00706,billing,baseline
C05540,A00567,billing,baseline
C05541,A00414,billing,baseline
C05542,A00395,billing,baseline
C05543,A00055,billing,baseline
C05544,A00527,billing,baseline
C05545,A00136,billing,baseline
C05546,A00673,billing,baseline
C05547,A00652,billing,baseline
C05548,A00219,billing,baseline
C05549,A00589,billing,baseline
C05550,A00252,billing,baseline
C05551,A00103,billing,baseline
C05552,A00263,billing,baseline
C05553,A00706,billing,baseline
C05554,A00605,billing,baseline
C05555,A00085,billing,baseline
C05556,A00600,billing,baseline
C05557,A00685,billing,baseline
C05558,A00609,billing,baseline
C05559,A00302,billing,baseline
C05560,A00675,billing,baseline
C05561,A00257,billing,baseline
C05562,A00696,billing,baseline
C05563,A00370,billing,baseline
C05564,A00264,billing,baseline
C05565,A00270,billing,baseline
C05566,A00291,billing,baseline
C05567,A00431,billing,baseline
C05568,A00530,billing,baseline
C05569,A00326,billing,baseline
C05570,A00524,billing,baseline
C05571,A00404,billing,baseline
C05572,A00018,billing,baseline
C05573,A00026,billing,baseline
C05574,A00085,billing,baseline
C05575,A00301,billing,baseline
C05576,A00611,billing,baseline
C05577,A00448,billing,baseline
C05578,A00540,billing,baseline
C05579,A00500,billing,baseline
C05580,A00136,billing,baseline
C05581,A00371,billing,baseline
C05582,A00168,billing,baseline
C05583,A00325,billing,baseline
C05584,A00540,billing,baseline
C05585,A00101,billing,baseline
C05586,A00141,billing,baseline
C05587,A00467,billing,baseline
C05588,A00305,billing,baseline
C05589,A00354,billing,baseline
C05590,A00051,billing,baseline
C05591,A00242,billing,baseline
C05592,A00619,billing,baseline
C05593,A00569,billing,baseline
C05594,A00215,billing,baseline
C05595,A00164,billing,baseline
C05596,A00544,billing,baseline
C05597,A00194,billing,baseline
C05598,A00699,billing,baseline
C05599,A00184,billing,baseline
C05600,A00163,billing,baseline
C05601,A00288,billing,baseline
C05602,A00063,billing,baseline
C05603,A00520,billing,baseline
C05604,A00593,billing,baseline
C05605,A00685,billing,baseline
C05606,A00103,billing,baseline
C05607,A00123,billing,baseline
C05608,A00574,billing,baseline
C05609,A00658,billing,baseline
C05610,A00195,billing,baseline
C05611,A00603,billing,baseline
C05612,A00317,billing,baseline
C05613,A00578,billing,baseline
C05614,A00611,billing,baseline
C05615,A00013,billing,baseline
C05616,A00579,billing,baseline
C05617,A00152,billing,baseline
C05618,A00642,billing,baseline
C05619,A00628,billing,baseline
C05620,A00471,billing,baseline
C05621,A00198,billing,baseline
C05622,A00664,billing,baseline
C05623,A00529,billing,baseline
C05624,A00175,billing,baseline
C05625,A00515,billing,baseline
C05626,A00030,billing,baseline
C05627,A00139,billing,baseline
C05628,A00172,billing,baseline
C05629,A00553,billing,baseline
C05630,A00080,billing,baseline
C05631,A00115,billing,baseline
C05632,A00675,billing,baseline
C05633,A00167,billing,baseline
C05634,A00639,billing,baseline
C05635,A00039,billing,baseline
C05636,A00597,billing,baseline
C05637,A00554,billing,baseline
C05638,A00580,billing,baseline
C05639,A00591,billing,baseline
C05640,A00416,billing,baseline
C05641,A00058,billing,baseline
C05642,A00050,billing,baseline
C05643,A00304,billing,baseline
C05644,A00478,billing,baseline
C05645,A00120,billing,baseline
C05646,A00399,billing,baseline
C05647,A00483,billing,baseline
C05648,A00035,billing,baseline
C05649,A00421,billing,baseline
C05650,A00320,billing,baseline
C05651,A00487,billing,baseline
C05652,A00462,billing,baseline
C05653,A00560,billing,baseline
C05654,A00375,billing,baseline
C05655,A00398,billing,baseline
C05656,A00181,billing,baseline
C05657,A00080,billing,baseline
C05658,A00417,billing,baseline
C05659,A00486,billing,baseline
C05660,A00116,billing,baseline
C05661,A00680,billing,baseline
C05662,A00211,billing,baseline
C05663,A00390,billing,baseline
C05664,A00026,billing,baseline
C05665,A00466,billing,baseline
C05666,A00179,billing,baseline
C05667,A00157,billing,baseline
C05668,A00289,billing,baseline
C05669,A00689,billing,baseline
C05670,A00228,billing,baseline
C05671,A00095,billing,baseline
C05672,A00610,billing,baseline
C05673,A00347,billing,baseline
C05674,A00289,billing,baseline
C05675,A00209,billing,baseline
C05676,A00262,billing,baseline
C05677,A00394,billing,baseline
C05678,A00494,billing,baseline
C05679,A00312,billing,baseline
C05680,A00285,billing,baseline
C05681,A00344,billing,baseline
C05682,A00302,billing,baseline
C05683,A00369,billing,baseline
C05684,A00151,billing,baseline
C05685,A00461,billing,baseline
C05686,A00279,billing,baseline
C05687,A00633,billing,baseline
C05688,A00663,billing,baseline
C05689,A00524,billing,baseline
C05690,A00228,billing,baseline
C05691,A00048,billing,baseline
C05692,A00352,billing,baseline
C05693,A00580,billing,baseline
C05694,A00095,billing,baseline
C05695,A00655,billing,baseline
C05696,A00188,billing,baseline
C05697,A00356,billing,baseline
C05698,A00268,billing,baseline
C05699,A00477,billing,baseline
C05700,A00426,billing,baseline
C05701,A00525,billing,baseline
C05702,A00379,billing,baseline
C05703,A00661,billing,baseline
C05704,A00329,billing,baseline
C05705,A00460,billing,baseline
C05706,A00460,billing,baseline
C05707,A00495,billing,baseline
C05708,A00300,billing,baseline
C05709,A00664,billing,baseline
C05710,A00311,billing,baseline
C05711,A00172,billing,baseline
C05712,A00528,billing,baseline
C05713,A00507,billing,baseline
C05714,A00710,billing,baseline
C05715,A00657,billing,baseline
C05716,A00493,billing,baseline
C05717,A00239,billing,baseline
C05718,A00110,billing,baseline
C05719,A00557,billing,baseline
C05720,A00535,billing,baseline
C05721,A00111,billing,baseline
C05722,A00163,billing,baseline
C05723,A00073,billing,baseline
C05724,A00159,billing,baseline
C05725,A00222,billing,baseline
C05726,A00021,billing,baseline
C05727,A00638,billing,baseline
C05728,A00657,billing,baseline
C05729,A00076,billing,baseline
C05730,A00360,billing,baseline
C05731,A00209,billing,baseline
C05732,A00252,billing,baseline
C05733,A00701,billing,baseline
C05734,A00320,billing,baseline
C05735,A00111,billing,baseline
C05736,A00578,billing,baseline
C05737,A00059,billing,baseline
C05738,A00336,billing,baseline
C05739,A00397,billing,baseline
C05740,A00228,billing,baseline
C05741,A00537,billing,baseline
C05742,A00094,billing,baseline
C05743,A00195,billing,baseline
C05744,A00497,billing,baseline
C05745,A00104,billing,baseline
C05746,A00470,billing,baseline
C05747,A00488,billing,baseline
C05748,A00653,billing,baseline
C05749,A00585,billing,baseline
C05750,A00625,billing,baseline
C05751,A00424,billing,baseline
C05752,A00017,billing,baseline
C05753,A00668,billing,baseline
C05754,A00053,billing,baseline
C05755,A00474,billing,baseline
C05756,A00221,billing,baseline
C05757,A00692,billing,baseline
C05758,A00074,billing,baseline
C05759,A00097,billing,baseline
C05760,A00347,billing,baseline
C05761,A00042,billing,baseline
C05762,A00022,billing,baseline
C05763,A00154,billing,baseline
C05764,A00120,billing,baseline
C05765,A00574,billing,baseline
C05766,A00629,billing,baseline
C05767,A00037,billing,baseline
C05768,A00079,billing,baseline
C05769,A00388,billing,baseline
C05770,A00276,billing,baseline
C05771,A00392,billing,baseline
C05772,A00531,billing,baseline
C05773,A00041,billing,baseline
C05774,A00313,billing,baseline
C05775,A00436,billing,baseline
C05776,A00573,billing,baseline
C05777,A00372,billing,baseline
C05778,A00264,billing,baseline
C05779,A00605,billing,baseline
C05780,A00396,billing,baseline
C05781,A00150,billing,baseline
C05782,A00497,billing,baseline
C05783,A00160,billing,baseline
C05784,A00309,billing,baseline
C05785,A00037,billing,baseline
C05786,A00161,billing,baseline
C05787,A00680,billing,baseline
C05788,A00270,billing,baseline
C05789,A00478,billing,baseline
C05790,A00337,billing,baseline
C05791,A00175,billing,baseline
C05792,A00258,billing,baseline
C05793,A00251,billing,baseline
C05794,A00119,billing,baseline
C05795,A00295,billing,baseline
C05796,A00128,billing,baseline
C05797,A00159,billing,baseline
C05798,A00707,billing,baseline
C05799,A00653,billing,baseline
C05800,A00109,billing,baseline
C05801,A00436,billing,baseline
C05802,A00531,billing,baseline
C05803,A00501,billing,baseline
C05804,A00200,billing,baseline
C05805,A00307,billing,baseline
C05806,A00593,billing,baseline
C05807,A00460,billing,baseline
C05808,A00388,billing,baseline
C05809,A00624,billing,baseline
C05810,A00320,billing,baseline
C05811,A00653,billing,baseline
C05812,A00505,billing,baseline
C05813,A00305,billing,baseline
C05814,A00329,billing,baseline
C05815,A00312,billing,baseline
C05816,A00473,billing,baseline
C05817,A00649,billing,baseline
C05818,A00203,billing,baseline
C05819,A00515,billing,baseline
C05820,A00179,billing,baseline
C05821,A00476,billing,baseline
C05822,A00178,billing,baseline
C05823,A00437,billing,baseline
C05824,A00548,billing,baseline
C05825,A00313,billing,baseline
C05826,A00706,billing,baseline
C05827,A00282,billing,baseline
C05828,A00031,billing,baseline
C05829,A00103,billing,baseline
C05830,A00426,billing,baseline
C05831,A00577,billing,baseline
C05832,A00207,billing,baseline
C05833,A00177,billing,baseline
C05834,A00255,billing,baseline
C05835,A00341,billing,baseline
C05836,A00397,billing,baseline
C05837,A00166,billing,baseline
C05838,A00537,billing,baseline
C05839,A00496,billing,baseline
C05840,A00650,billing,baseline
C05841,A00227,billing,baseline
C05842,A00207,billing,baseline
C05843,A00478,billing,baseline
C05844,A00627,billing,baseline
C05845,A00689,billing,baseline
C05846,A00009,billing,baseline
C05847,A00092,billing,baseline
C05848,A00365,billing,baseline
C05849,A00390,billing,baseline
C05850,A00363,billing,baseline
C05851,A00165,billing,baseline
C05852,A00367,billing,baseline
C05853,A00415,billing,baseline
C05854,A00066,billing,baseline
C05855,A00615,billing,baseline
C05856,A00374,billing,baseline
C05857,A00450,billing,baseline
C05858,A00380,billing,baseline
C05859,A00619,billing,baseline
C05860,A00064,billing,baseline
C05861,A00272,billing,baseline
C05862,A00037,billing,baseline
C05863,A00231,billing,baseline
C05864,A00694,billing,baseline
C05865,A00580,billing,baseline
C05866,A00659,billing,baseline
C05867,A00567,billing,baseline
C05868,A00539,billing,baseline
C05869,A00203,billing,baseline
C05870,A00456,billing,baseline
C05871,A00657,billing,baseline
C05872,A00253,billing,baseline
C05873,A00470,billing,baseline
C05874,A00612,billing,baseline
C05875,A00488,billing,baseline
C05876,A00273,billing,baseline
C05877,A00299,billing,baseline
C05878,A00032,billing,baseline
C05879,A00264,billing,baseline
C05880,A00289,billing,baseline
C05881,A00207,billing,baseline
C05882,A00065,billing,baseline
C05883,A00138,billing,baseline
C05884,A00321,billing,baseline
C05885,A00365,billing,baseline
C05886,A00486,billing,baseline
C05887,A00598,billing,baseline
C05888,A00345,billing,baseline
C05889,A00604,billing,baseline
C05890,A00166,billing,baseline
C05891,A00622,billing,baseline
C05892,A00570,billing,baseline
C05893,A00295,billing,baseline
C05894,A00303,billing,baseline
C05895,A00287,billing,baseline
C05896,A00010,billing,baseline
C05897,A00606,billing,baseline
C05898,A00485,billing,baseline
C05899,A00287,billing,baseline
C05900,A00665,billing,baseline
C05901,A00451,billing,baseline
C05902,A00132,billing,baseline
C05903,A00221,billing,baseline
C05904,A00248,billing,baseline
C05905,A00688,billing,baseline
C05906,A00360,billing,baseline
C05907,A00675,billing,baseline
C05908,A00379,billing,baseline
C05909,A00466,billing,baseline
C05910,A00224,billing,baseline
C05911,A00368,billing,baseline
C05912,A00544,billing,baseline
C05913,A00126,billing,baseline
C05914,A00120,billing,baseline
C05915,A00125,billing,baseline
C05916,A00212,billing,baseline
C05917,A00422,billing,baseline
C05918,A00577,billing,baseline
C05919,A00089,billing,baseline
C05920,A00317,billing,baseline
C05921,A00508,billing,baseline
C05922,A00469,billing,baseline
C05923,A00701,billing,baseline
C05924,A00686,billing,baseline
C05925,A00086,billing,baseline
C05926,A00286,billing,baseline
C05927,A00179,billing,baseline
C05928,A00496,billing,baseline
C05929,A00288,billing,baseline
C05930,A00207,billing,baseline
C05931,A00158,billing,baseline
C05932,A00632,billing,baseline
C05933,A00431,billing,baseline
C05934,A00488,billing,baseline
C05935,A00683,billing,baseline
C05936,A00106,billing,baseline
C05937,A00674,billing,baseline
C05938,A00049,billing,baseline
C05939,A00363,billing,baseline
C05940,A00385,billing,baseline
C05941,A00658,billing,baseline
C05942,A00560,billing,baseline
C05943,A00406,billing,baseline
C05944,A00282,billing,baseline
C05945,A00293,billing,baseline
C05946,A00102,billing,baseline
C05947,A00391,billing,baseline
C05948,A00030,billing,baseline
C05949,A00129,billing,baseline
C05950,A00403,billing,baseline
C05951,A00419,billing,baseline
C05952,A00702,billing,baseline
C05953,A00564,billing,baseline
C05954,A00149,billing,baseline
C05955,A00363,billing,baseline
C05956,A00064,billing,baseline
C05957,A00247,billing,baseline
C05958,A00081,billing,baseline
C05959,A00698,billing,baseline
C05960,A00316,billing,baseline
C05961,A00476,billing,baseline
C05962,A00692,billing,baseline
C05963,A00481,billing,baseline
C05964,A00301,billing,baseline
C05965,A00355,billing,baseline
C05966,A00100,billing,baseline
C05967,A00180,billing,baseline
C05968,A00249,billing,baseline
C05969,A00341,billing,baseline
C05970,A00475,billing,baseline
C05971,A00414,billing,baseline
C05972,A00060,billing,baseline
C05973,A00345,billing,baseline
C05974,A00391,billing,baseline
C05975,A00396,billing,baseline
C05976,A00366,billing,baseline
C05977,A00370,billing,baseline
C05978,A00049,billing,baseline
C05979,A00420,billing,baseline
C05980,A00215,billing,baseline
C05981,A00261,billing,baseline
C05982,A00110,billing,baseline
C05983,A00689,billing,baseline
C05984,A00267,billing,baseline
C05985,A00533,billing,baseline
C05986,A00216,billing,baseline
C05987,A00398,billing,baseline
C05988,A00069,billing,baseline
C05989,A00160,billing,baseline
C05990,A00500,billing,baseline
C05991,A00222,billing,baseline
C05992,A00125,billing,baseline
C05993,A00596,billing,baseline
C05994,A00580,billing,baseline
C05995,A00590,billing,baseline
C05996,A00109,billing,baseline
C05997,A00619,billing,baseline
C05998,A00341,billing,baseline
C05999,A00538,billing,baseline
C06000,A00371,billing,baseline
C06001,A00009,billing,baseline
C06002,A00533,billing,baseline
C06003,A00701,billing,baseline
C06004,A00130,billing,baseline
C06005,A00612,billing,baseline
C06006,A00703,billing,baseline
C06007,A00173,billing,baseline
C06008,A00414,billing,baseline
C06009,A00083,billing,baseline
C06010,A00206,billing,baseline
C06011,A00630,billing,baseline
C06012,A00584,billing,baseline
C06013,A00334,billing,baseline
C06014,A00501,billing,baseline
C06015,A00353,billing,baseline
C06016,A00504,billing,baseline
C06017,A00065,billing,baseline
C06018,A00131,billing,baseline
C06019,A00435,billing,baseline
C06020,A00220,billing,baseline
C06021,A00481,billing,baseline
C06022,A00258,billing,baseline
C06023,A00424,billing,baseline
C06024,A00200,billing,baseline
C06025,A00342,billing,baseline
C06026,A00291,billing,baseline
C06027,A00485,billing,baseline
C06028,A00426,billing,baseline
C06029,A00457,billing,baseline
C06030,A00303,billing,baseline
C06031,A00312,billing,baseline
C06032,A00118,billing,baseline
C06033,A00501,billing,baseline
C06034,A00572,billing,baseline
C06035,A00131,billing,baseline
C06036,A00523,billing,baseline
C06037,A00483,billing,baseline
C06038,A00360,billing,baseline
C06039,A00067,billing,baseline
C06040,A00318,billing,baseline
C06041,A00559,billing,baseline
C06042,A00429,billing,baseline
C06043,A00707,billing,baseline
C06044,A00273,billing,baseline
C06045,A00504,billing,baseline
C06046,A00089,billing,baseline
C06047,A00245,billing,baseline
C06048,A00656,billing,baseline
C06049,A00090,billing,baseline
C06050,A00470,billing,baseline
C06051,A00636,billing,baseline
C06052,A00392,billing,baseline
C06053,A00161,billing,baseline
C06054,A00511,billing,baseline
C06055,A00622,billing,baseline
C06056,A00385,billing,baseline
C06057,A00499,billing,baseline
C06058,A00098,billing,baseline
C06059,A00701,billing,baseline
C06060,A00600,billing,baseline
C06061,A00115,billing,baseline
C06062,A00057,billing,baseline
C06063,A00282,billing,baseline
C06064,A00252,billing,baseline
C06065,A00524,billing,baseline
C06066,A00701,billing,baseline
C06067,A00498,billing,baseline
C06068,A00139,billing,baseline
C06069,A00681,billing,baseline
C06070,A00405,billing,baseline
C06071,A00369,billing,baseline
C06072,A00514,billing,baseline
C06073,A00521,billing,baseline
C06074,A00658,billing,baseline
C06075,A00525,billing,baseline
C06076,A00513,billing,baseline
C06077,A00365,billing,baseline
C06078,A00489,billing,baseline
C06079,A00614,billing,baseline
C06080,A00617,billing,baseline
C06081,A00663,billing,baseline
C06082,A00604,billing,baseline
C06083,A00654,billing,baseline
C06084,A00099,billing,baseline
C06085,A00665,billing,baseline
C06086,A00506,billing,baseline
C06087,A00402,billing,baseline
C06088,A00556,billing,baseline
C06089,A00150,billing,baseline
C06090,A00192,billing,baseline
C06091,A00339,billing,baseline
C06092,A00051,billing,baseline
C06093,A00268,billing,baseline
C06094,A00173,billing,baseline
C06095,A00417,billing,baseline
C06096,A00229,billing,baseline
C06097,A00577,billing,baseline
C06098,A00488,billing,baseline
C06099,A00646,billing,baseline
C06100,A00706,billing,baseline
C06101,A00553,billing,baseline
C06102,A00648,billing,baseline
C06103,A00605,billing,baseline
C06104,A00325,billing,baseline
C06105,A00435,billing,baseline
C06106,A00072,billing,baseline
C06107,A00582,billing,baseline
C06108,A00386,billing,baseline
C06109,A00652,billing,baseline
C06110,A00647,billing,baseline
C06111,A00070,billing,baseline
C06112,A00124,billing,baseline
C06113,A00682,billing,baseline
C06114,A00701,billing,baseline
C06115,A00657,billing,baseline
C06116,A00372,billing,baseline
C06117,A00068,billing,baseline
C06118,A00052,billing,baseline
C06119,A00340,billing,baseline
C06120,A00320,billing,baseline
C06121,A00031,billing,baseline
C06122,A00694,billing,baseline
C06123,A00415,billing,baseline
C06124,A00250,billing,baseline
C06125,A00223,billing,baseline
C06126,A00649,billing,baseline
C06127,A00300,billing,baseline
C06128,A00525,billing,baseline
C06129,A00403,billing,baseline
C06130,A00492,billing,baseline
C06131,A00676,billing,baseline
C06132,A00658,billing,baseline
C06133,A00107,billing,baseline
C06134,A00274,billing,baseline
C06135,A00083,billing,baseline
C06136,A00492,billing,baseline
C06137,A00503,billing,baseline
C06138,A00083,billing,baseline
C06139,A00704,billing,baseline
C06140,A00282,billing,baseline
C06141,A00083,billing,baseline
C06142,A00649,billing,baseline
C06143,A00406,billing,baseline
C06144,A00095,billing,baseline
C06145,A00053,billing,baseline
C06146,A00707,billing,baseline
C06147,A00444,billing,baseline
C06148,A00220,billing,baseline
C06149,A00460,billing,baseline
C06150,A00475,billing,baseline
C06151,A00590,billing,baseline
C06152,A00672,billing,baseline
C06153,A00490,billing,baseline
C06154,A00502,billing,baseline
C06155,A00176,billing,baseline
C06156,A00435,billing,baseline
C06157,A00314,billing,baseline
C06158,A00518,billing,baseline
C06159,A00001,billing,baseline
C06160,A00559,billing,baseline
C06161,A00041,billing,baseline
C06162,A00294,billing,baseline
C06163,A00349,billing,baseline
C06164,A00612,billing,baseline
C06165,A00554,billing,baseline
C06166,A00312,billing,baseline
C06167,A00279,billing,baseline
C06168,A00008,billing,baseline
C06169,A00145,billing,baseline
C06170,A00413,billing,baseline
C06171,A00664,billing,baseline
C06172,A00382,billing,baseline
C06173,A00294,billing,baseline
C06174,A00396,billing,baseline
C06175,A00594,billing,baseline
C06176,A00429,billing,baseline
C06177,A00518,billing,baseline
C06178,A00154,billing,baseline
C06179,A00472,billing,baseline
C06180,A00078,billing,baseline
C06181,A00403,billing,baseline
C06182,A00709,billing,baseline
C06183,A00004,billing,baseline
C06184,A00323,billing,baseline
C06185,A00663,billing,baseline
C06186,A00294,billing,baseline
C06187,A00435,billing,baseline
C06188,A00674,billing,baseline
C06189,A00439,billing,baseline
C06190,A00569,billing,baseline
C06191,A00515,billing,baseline
C06192,A00072,billing,baseline
C06193,A00262,billing,baseline
C06194,A00541,billing,baseline
C06195,A00645,billing,baseline
C06196,A00246,billing,baseline
C06197,A00618,billing,baseline
C06198,A00656,billing,baseline
C06199,A00628,billing,baseline
C06200,A00201,billing,baseline
C06201,A00440,billing,baseline
C06202,A00565,billing,baseline
C06203,A00543,billing,baseline
C06204,A00126,billing,baseline
C06205,A00445,billing,baseline
C06206,A00388,billing,baseline
C06207,A00146,billing,baseline
C06208,A00503,billing,baseline
C06209,A00503,billing,baseline
C06210,A00369,billing,baseline
C06211,A00619,billing,baseline
C06212,A00529,billing,baseline
C06213,A00612,billing,baseline
C06214,A00202,billing,baseline
C06215,A00181,billing,baseline
C06216,A00405,billing,baseline
C06217,A00158,billing,baseline
C06218,A00445,billing,baseline
C06219,A00058,billing,baseline
C06220,A00468,billing,baseline
C06221,A00552,billing,baseline
C06222,A00687,billing,baseline
C06223,A00494,billing,baseline
C06224,A00070,billing,baseline
C06225,A00591,billing,baseline
C06226,A00441,billing,baseline
C06227,A00588,billing,baseline
C06228,A00034,billing,baseline
C06229,A00498,billing,baseline
C06230,A00435,billing,baseline
C06231,A00144,billing,baseline
C06232,A00242,billing,baseline
C06233,A00570,billing,baseline
C06234,A00399,billing,baseline
C06235,A00550,billing,baseline
C06236,A00114,billing,baseline
C06237,A00403,billing,baseline
C06238,A00595,billing,baseline
C06239,A00244,billing,baseline
C06240,A00187,billing,baseline
C06241,A00209,billing,baseline
C06242,A00151,billing,baseline
C06243,A00536,billing,baseline
C06244,A00477,billing,baseline
C06245,A00694,billing,baseline
C06246,A00521,billing,baseline
C06247,A00009,billing,baseline
C06248,A00603,billing,baseline
C06249,A00704,billing,baseline
C06250,A00275,billing,baseline
C06251,A00335,billing,baseline
C06252,A00632,billing,baseline
C06253,A00479,billing,baseline
C06254,A00622,billing,baseline
C06255,A00232,billing,baseline
C06256,A00330,billing,baseline
C06257,A00301,billing,baseline
C06258,A00063,billing,baseline
C06259,A00588,billing,baseline
C06260,A00154,billing,baseline
C06261,A00440,billing,baseline
C06262,A00388,billing,baseline
C06263,A00332,billing,baseline
C06264,A00035,billing,baseline
C06265,A00012,billing,baseline
C06266,A00373,billing,baseline
C06267,A00488,billing,baseline
C06268,A00627,billing,baseline
C06269,A00710,billing,baseline
C06270,A00250,billing,baseline
C06271,A00327,billing,baseline
C06272,A00247,billing,baseline
C06273,A00609,billing,baseline
C06274,A00446,billing,baseline
C06275,A00073,billing,baseline
C06276,A00039,billing,baseline
C06277,A00007,billing,baseline
C06278,A00627,billing,baseline
C06279,A00375,billing,baseline
C06280,A00355,billing,baseline
C06281,A00600,billing,baseline
C06282,A00265,billing,baseline
C06283,A00447,billing,baseline
C06284,A00186,billing,baseline
C06285,A00549,billing,baseline
C06286,A00086,billing,baseline
C06287,A00586,billing,baseline
C06288,A00088,billing,baseline
C06289,A00615,billing,baseline
C06290,A00054,billing,baseline
C06291,A00325,billing,baseline
C06292,A00602,billing,baseline
C06293,A00358,billing,baseline
C06294,A00067,billing,baseline
C06295,A00214,billing,baseline
C06296,A00667,billing,baseline
C06297,A00532,billing,baseline
C06298,A00515,billing,baseline
C06299,A00196,billing,baseline
C06300,A00592,billing,baseline
C06301,A00149,billing,baseline
C06302,A00136,billing,baseline
C06303,A00532,billing,baseline
C06304,A00595,billing,baseline
C06305,A00518,billing,baseline
C06306,A00241,billing,baseline
C06307,A00192,billing,baseline
C06308,A00370,billing,baseline
C06309,A00368,billing,baseline
C06310,A00054,billing,baseline
C06311,A00110,billing,baseline
C06312,A00669,billing,baseline
C06313,A00560,billing,baseline
C06314,A00541,billing,baseline
C06315,A00270,billing,baseline
C06316,A00279,billing,baseline
C06317,A00609,billing,baseline
C06318,A00439,billing,baseline
C06319,A00471,billing,baseline
C06320,A00192,billing,baseline
C06321,A00053,billing,baseline
C06322,A00469,billing,baseline
C06323,A00038,billing,baseline
C06324,A00157,billing,baseline
C06325,A00049,billing,baseline
C06326,A00007,billing,baseline
C06327,A00317,billing,baseline
C06328,A00111,billing,baseline
C06329,A00100,billing,baseline
C06330,A00689,billing,baseline
C06331,A00054,billing,baseline
C06332,A00384,billing,baseline
C06333,A00057,billing,baseline
C06334,A00358,billing,baseline
C06335,A00370,billing,baseline
C06336,A00439,billing,baseline
C06337,A00589,billing,baseline
C06338,A00488,billing,baseline
C06339,A00255,billing,baseline
C06340,A00617,billing,baseline
C06341,A00232,billing,baseline
C06342,A00581,billing,baseline
C06343,A00334,billing,baseline
C06344,A00581,billing,baseline
C06345,A00019,billing,baseline
C06346,A00467,billing,baseline
C06347,A00279,billing,baseline
C06348,A00316,billing,baseline
C06349,A00668,billing,baseline
C06350,A00104,billing,baseline
C06351,A00595,billing,baseline
C06352,A00664,billing,baseline
C06353,A00137,billing,baseline
C06354,A00197,billing,baseline
C06355,A00225,billing,baseline
C06356,A00551,billing,baseline
C06357,A00270,billing,baseline
C06358,A00256,billing,baseline
C06359,A00014,billing,baseline
C06360,A00223,billing,baseline
C06361,A00186,billing,baseline
C06362,A00649,billing,baseline
C06363,A00427,billing,baseline
C06364,A00566,billing,baseline
C06365,A00545,billing,baseline
C06366,A00342,billing,baseline
C06367,A00051,billing,baseline
C06368,A00590,billing,baseline
C06369,A00221,billing,baseline
C06370,A00481,billing,baseline
C06371,A00055,billing,baseline
C06372,A00277,billing,baseline
C06373,A00705,billing,baseline
C06374,A00110,billing,baseline
C06375,A00493,billing,baseline
C06376,A00281,billing,baseline
C06377,A00544,billing,baseline
C06378,A00118,billing,baseline
C06379,A00650,billing,baseline
C06380,A00278,billing,baseline
C06381,A00611,billing,baseline
C06382,A00466,billing,baseline
C06383,A00417,billing,baseline
C06384,A00145,billing,baseline
C06385,A00550,billing,baseline
C06386,A00322,billing,baseline
C06387,A00650,billing,baseline
C06388,A00509,billing,baseline
C06389,A00619,billing,baseline
C06390,A00047,billing,baseline
C06391,A00283,billing,baseline
C06392,A00136,billing,baseline
C06393,A00575,billing,baseline
C06394,A00186,billing,baseline
C06395,A00276,billing,baseline
C06396,A00629,billing,baseline
C06397,A00402,billing,baseline
C06398,A00165,billing,baseline
C06399,A00414,billing,baseline
C06400,A00551,billing,baseline
C06401,A00212,billing,baseline
C06402,A00370,billing,baseline
C06403,A00080,billing,baseline
C06404,A00117,billing,baseline
C06405,A00005,billing,baseline
C06406,A00297,billing,baseline
C06407,A00315,billing,baseline
C06408,A00592,billing,baseline
C06409,A00180,billing,baseline
C06410,A00113,billing,baseline
C06411,A00078,billing,baseline
C06412,A00175,billing,baseline
C06413,A00350,billing,baseline
C06414,A00280,billing,baseline
C06415,A00650,billing,baseline
C06416,A00698,billing,baseline
C06417,A00541,billing,baseline
C06418,A00281,billing,baseline
C06419,A00200,billing,baseline
C06420,A00644,billing,baseline
C06421,A00499,billing,baseline
C06422,A00450,billing,baseline
C06423,A00057,billing,baseline
C06424,A00249,billing,baseline
C06425,A00337,billing,baseline
C06426,A00039,billing,baseline
C06427,A00321,billing,baseline
C06428,A00679,billing,baseline
C06429,A00378,billing,baseline
C06430,A00443,billing,baseline
C06431,A00258,billing,baseline
C06432,A00437,billing,baseline
C06433,A00050,billing,baseline
C06434,A00121,billing,baseline
C06435,A00218,billing,baseline
C06436,A00358,billing,baseline
C06437,A00369,billing,baseline
C06438,A00283,billing,baseline
C06439,A00112,billing,baseline
C06440,A00306,billing,baseline
C06441,A00486,billing,baseline
C06442,A00436,billing,baseline
C06443,A00634,billing,baseline
C06444,A00074,billing,baseline
C06445,A00016,billing,baseline
C06446,A00588,billing,baseline
C06447,A00105,billing,baseline
C06448,A00105,billing,baseline
C06449,A00102,billing,baseline
C06450,A00708,billing,baseline
C06451,A00194,billing,baseline
C06452,A00218,billing,baseline
C06453,A00479,billing,baseline
C06454,A00437,billing,baseline
C06455,A00530,billing,baseline
C06456,A00248,billing,baseline
C06457,A00071,billing,baseline
C06458,A00319,billing,baseline
C06459,A00480,billing,baseline
C06460,A00668,billing,baseline
C06461,A00619,billing,baseline
C06462,A00018,billing,baseline
C06463,A00395,billing,baseline
C06464,A00004,billing,baseline
C06465,A00008,billing,baseline
C06466,A00268,billing,baseline
C06467,A00128,billing,baseline
C06468,A00526,billing,baseline
C06469,A00055,billing,baseline
C06470,A00654,billing,baseline
C06471,A00143,billing,baseline
C06472,A00212,billing,baseline
C06473,A00437,billing,baseline
C06474,A00213,billing,baseline
C06475,A00396,billing,baseline
C06476,A00050,billing,baseline
C06477,A00366,billing,baseline
C06478,A00145,billing,baseline
C06479,A00673,billing,baseline
C06480,A00211,billing,baseline
C06481,A00353,billing,baseline
C06482,A00577,billing,baseline
C06483,A00313,billing,baseline
C06484,A00694,billing,baseline
C06485,A00602,billing,baseline
C06486,A00431,billing,baseline
C06487,A00064,billing,baseline
C06488,A00638,billing,baseline
C06489,A00262,billing,baseline
C06490,A00092,billing,baseline
C06491,A00249,billing,baseline
C06492,A00397,billing,baseline
C06493,A00071,billing,baseline
C06494,A00445,billing,baseline
C06495,A00051,billing,baseline
C06496,A00296,billing,baseline
C06497,A00044,billing,baseline
C06498,A00662,billing,baseline
C06499,A00172,billing,baseline
C06500,A00209,billing,baseline
C06501,A00624,billing,baseline
C06502,A00612,billing,baseline
C06503,A00308,billing,baseline
C06504,A00576,billing,baseline
C06505,A00334,billing,baseline
C06506,A00286,billing,baseline
C06507,A00611,billing,baseline
C06508,A00470,billing,baseline
C06509,A00323,billing,baseline
C06510,A00526,billing,baseline
C06511,A00207,billing,baseline
C06512,A00503,billing,baseline
C06513,A00465,billing,baseline
C06514,A00004,billing,baseline
C06515,A00643,billing,baseline
C06516,A00660,billing,baseline
C06517,A00216,billing,baseline
C06518,A00309,billing,baseline
C06519,A00220,billing,baseline
C06520,A00340,billing,baseline
C06521,A00519,billing,baseline
C06522,A00237,billing,baseline
C06523,A00206,billing,baseline
C06524,A00371,billing,baseline
C06525,A00294,billing,baseline
C06526,A00197,billing,baseline
C06527,A00348,billing,baseline
C06528,A00361,billing,baseline
C06529,A00697,billing,baseline
C06530,A00431,billing,baseline
C06531,A00443,billing,baseline
C06532,A00656,billing,baseline
C06533,A00156,billing,baseline
C06534,A00367,billing,baseline
C06535,A00426,billing,baseline
C06536,A00048,billing,baseline
C06537,A00219,billing,baseline
C06538,A00106,billing,baseline
C06539,A00347,billing,baseline
C06540,A00099,billing,baseline
C06541,A00230,billing,baseline
C06542,A00569,billing,baseline
C06543,A00102,billing,baseline
C06544,A00169,billing,baseline
C06545,A00643,billing,baseline
C06546,A00131,billing,baseline
C06547,A00328,billing,baseline
C06548,A00109,billing,baseline
C06549,A00274,billing,baseline
C06550,A00633,billing,baseline
C06551,A00452,billing,baseline
C06552,A00034,billing,baseline
C06553,A00655,billing,baseline
C06554,A00103,billing,baseline
C06555,A00550,billing,baseline
C06556,A00180,billing,baseline
C06557,A00364,billing,baseline
C06558,A00697,billing,baseline
C06559,A00397,billing,baseline
C06560,A00089,billing,baseline
C06561,A00350,billing,baseline
C06562,A00466,billing,baseline
C06563,A00562,billing,baseline
C06564,A00349,billing,baseline
C06565,A00573,billing,baseline
C06566,A00166,billing,baseline
C06567,A00187,billing,baseline
C06568,A00292,billing,baseline
C06569,A00598,billing,baseline
C06570,A00627,billing,baseline
C06571,A00622,billing,baseline
C06572,A00383,billing,baseline
C06573,A00575,billing,baseline
C06574,A00583,billing,baseline
C06575,A00622,billing,baseline
C06576,A00538,billing,baseline
C06577,A00662,billing,baseline
C06578,A00643,billing,baseline
C06579,A00699,billing,baseline
C06580,A00121,billing,baseline
C06581,A00676,billing,baseline
C06582,A00679,billing,baseline
C06583,A00297,billing,baseline
C06584,A00116,billing,baseline
C06585,A00335,billing,baseline
C06586,A00223,billing,baseline
C06587,A00210,billing,baseline
C06588,A00485,billing,baseline
C06589,A00608,billing,baseline
C06590,A00445,billing,baseline
C06591,A00546,billing,baseline
C06592,A00276,billing,baseline
C06593,A00395,billing,baseline
C06594,A00061,billing,baseline
C06595,A00087,billing,baseline
C06596,A00260,billing,baseline
C06597,A00629,billing,baseline
C06598,A00701,billing,baseline
C06599,A00081,billing,baseline
C06600,A00450,billing,baseline
C06601,A00047,billing,baseline
C06602,A00678,billing,baseline
C06603,A00588,billing,baseline
C06604,A00645,billing,baseline
C06605,A00339,billing,baseline
C06606,A00463,billing,baseline
C06607,A00534,billing,baseline
C06608,A00165,billing,baseline
C06609,A00581,billing,baseline
C06610,A00172,billing,baseline
C06611,A00562,billing,baseline
C06612,A00143,billing,baseline
C06613,A00525,billing,baseline
C06614,A00699,billing,baseline
C06615,A00589,billing,baseline
C06616,A00128,billing,baseline
C06617,A00299,billing,baseline
C06618,A00062,billing,baseline
C06619,A00682,billing,baseline
C06620,A00691,billing,baseline
C06621,A00280,billing,baseline
C06622,A00705,billing,baseline
C06623,A00425,billing,baseline
C06624,A00188,billing,baseline
C06625,A00311,billing,baseline
C06626,A00709,billing,baseline
C06627,A00589,billing,baseline
C06628,A00217,billing,baseline
C06629,A00297,billing,baseline
C06630,A00550,billing,baseline
C06631,A00645,billing,baseline
C06632,A00689,billing,baseline
C06633,A00410,billing,baseline
C06634,A00641,billing,baseline
C06635,A00443,billing,baseline
C06636,A00020,billing,baseline
C06637,A00664,billing,baseline
C06638,A00157,billing,baseline
C06639,A00394,billing,baseline
C06640,A00266,billing,baseline
C06641,A00550,billing,baseline
C06642,A00500,billing,baseline
C06643,A00623,billing,baseline
C06644,A00016,billing,baseline
C06645,A00367,billing,baseline
C06646,A00703,billing,baseline
C06647,A00077,billing,baseline
C06648,A00219,billing,baseline
C06649,A00057,billing,baseline
C06650,A00359,billing,baseline
C06651,A00613,billing,baseline
C06652,A00399,billing,baseline
C06653,A00663,billing,baseline
C06654,A00491,billing,baseline
C06655,A00185,billing,baseline
C06656,A00089,billing,baseline
C06657,A00702,billing,baseline
C06658,A00246,billing,baseline
C06659,A00205,billing,baseline
C06660,A00392,billing,baseline
C06661,A00426,billing,baseline
C06662,A00258,billing,baseline
C06663,A00242,billing,baseline
C06664,A00366,billing,baseline
C06665,A00516,billing,baseline
C06666,A00553,billing,baseline
C06667,A00423,billing,baseline
C06668,A00377,billing,baseline
C06669,A00019,billing,baseline
C06670,A00658,billing,baseline
C06671,A00121,billing,baseline
C06672,A00391,billing,baseline
C06673,A00389,billing,baseline
C06674,A00213,billing,baseline
C06675,A00201,billing,baseline
C06676,A00309,billing,baseline
C06677,A00528,billing,baseline
C06678,A00333,billing,baseline
C06679,A00524,billing,baseline
C06680,A00610,billing,baseline
C06681,A00582,billing,baseline
C06682,A00611,billing,baseline
C06683,A00449,billing,baseline
C06684,A00246,billing,baseline
C06685,A00123,billing,baseline
C06686,A00700,billing,baseline
C06687,A00444,billing,baseline
C06688,A00201,billing,baseline
C06689,A00042,billing,baseline
C06690,A00472,billing,baseline
C06691,A00464,billing,baseline
C06692,A00410,billing,baseline
C06693,A00650,billing,baseline
C06694,A00667,billing,baseline
C06695,A00259,billing,baseline
C06696,A00692,billing,baseline
C06697,A00620,billing,baseline
C06698,A00424,billing,baseline
C06699,A00157,billing,baseline
C06700,A00416,billing,baseline
C06701,A00292,billing,baseline
C06702,A00429,billing,baseline
C06703,A00493,billing,baseline
C06704,A00314,billing,baseline
C06705,A00191,billing,baseline
C06706,A00419,billing,baseline
C06707,A00092,billing,baseline
C06708,A00136,billing,baseline
C06709,A00575,billing,baseline
C06710,A00097,billing,baseline
C06711,A00657,billing,baseline
C06712,A00496,billing,baseline
C06713,A00395,billing,baseline
C06714,A00618,billing,baseline
C06715,A00554,billing,baseline
C06716,A00471,billing,baseline
C06717,A00127,billing,baseline
C06718,A00214,billing,baseline
C06719,A00335,billing,baseline
C06720,A00429,billing,baseline
C06721,A00162,billing,baseline
C06722,A00321,billing,baseline
C06723,A00087,billing,baseline
C06724,A00390,billing,baseline
C06725,A00378,billing,baseline
C06726,A00195,billing,baseline
C06727,A00463,billing,baseline
C06728,A00561,billing,baseline
C06729,A00045,billing,baseline
C06730,A00196,billing,baseline
C06731,A00228,billing,baseline
C06732,A00495,billing,baseline
C06733,A00051,billing,baseline
C06734,A00026,billing,baseline
C06735,A00541,billing,baseline
C06736,A00339,billing,baseline
C06737,A00143,billing,baseline
C06738,A00037,billing,baseline
C06739,A00202,billing,baseline
C06740,A00249,billing,baseline
C06741,A00154,billing,baseline
C06742,A00554,billing,baseline
C06743,A00123,billing,baseline
C06744,A00635,billing,baseline
C06745,A00481,billing,baseline
C06746,A00678,billing,baseline
C06747,A00450,billing,baseline
C06748,A00400,billing,baseline
C06749,A00161,billing,baseline
C06750,A00651,billing,baseline
C06751,A00187,billing,baseline
C06752,A00393,billing,baseline
C06753,A00312,billing,baseline
C06754,A00522,billing,baseline
C06755,A00278,billing,baseline
C06756,A00413,billing,baseline
C06757,A00392,billing,baseline
C06758,A00693,billing,baseline
C06759,A00580,billing,baseline
C06760,A00450,billing,baseline
C06761,A00605,billing,baseline
C06762,A00214,billing,baseline
C06763,A00531,billing,baseline
C06764,A00663,billing,baseline
C06765,A00297,billing,baseline
C06766,A00563,billing,baseline
C06767,A00078,billing,baseline
C06768,A00256,billing,baseline
C06769,A00346,billing,baseline
C06770,A00287,billing,baseline
C06771,A00055,billing,baseline
C06772,A00175,billing,baseline
C06773,A00605,billing,baseline
C06774,A00666,billing,baseline
C06775,A00533,billing,baseline
C06776,A00666,billing,baseline
C06777,A00115,billing,baseline
C06778,A00387,billing,baseline
C06779,A00419,billing,baseline
C06780,A00060,billing,baseline
C06781,A00339,billing,baseline
C06782,A00671,billing,baseline
C06783,A00247,billing,baseline
C06784,A00502,billing,baseline
C06785,A00328,billing,baseline
C06786,A00302,billing,baseline
C06787,A00488,billing,baseline
C06788,A00180,billing,baseline
C06789,A00343,billing,baseline
C06790,A00335,billing,baseline
C06791,A00547,billing,baseline
C06792,A00086,billing,baseline
C06793,A00505,billing,baseline
C06794,A00122,billing,baseline
C06795,A00285,billing,baseline
C06796,A00513,billing,baseline
C06797,A00109,billing,baseline
C06798,A00635,billing,baseline
C06799,A00103,billing,baseline
C06800,A00619,billing,baseline
C06801,A00534,billing,baseline
C06802,A00101,billing,baseline
C06803,A00084,billing,baseline
C06804,A00055,billing,baseline
C06805,A00047,billing,baseline
C06806,A00380,billing,baseline
C06807,A00650,billing,baseline
C06808,A00523,billing,baseline
C06809,A00278,billing,baseline
C06810,A00144,billing,baseline
C06811,A00234,billing,baseline
C06812,A00392,billing,baseline
C06813,A00464,billing,baseline
C06814,A00598,billing,baseline
C06815,A00649,billing,baseline
C06816,A00480,billing,baseline
C06817,A00471,billing,baseline
C06818,A00631,billing,baseline
C06819,A00545,billing,baseline
C06820,A00686,billing,baseline
C06821,A00357,billing,baseline
C06822,A00262,billing,baseline
C06823,A00002,billing,baseline
C06824,A00530,billing,baseline
C06825,A00221,billing,baseline
C06826,A00306,billing,baseline
C06827,A00645,billing,baseline
C06828,A00309,billing,baseline
C06829,A00303,billing,baseline
C06830,A00476,billing,baseline
C06831,A00304,billing,baseline
C06832,A00577,billing,baseline
C06833,A00594,billing,baseline
C06834,A00094,billing,baseline
C06835,A00624,billing,baseline
C06836,A00369,billing,baseline
C06837,A00107,billing,baseline
C06838,A00089,billing,baseline
C06839,A00220,billing,baseline
C06840,A00399,billing,baseline
C06841,A00005,billing,baseline
C06842,A00109,billing,baseline
C06843,A00412,billing,baseline
C06844,A00424,billing,baseline
C06845,A00552,billing,baseline
C06846,A00032,billing,baseline
C06847,A00544,billing,baseline
C06848,A00073,billing,baseline
C06849,A00399,billing,baseline
C06850,A00144,billing,baseline
C06851,A00261,billing,baseline
C06852,A00379,billing,baseline
C06853,A00317,billing,baseline
C06854,A00176,billing,baseline
C06855,A00585,billing,baseline
C06856,A00666,billing,baseline
C06857,A00597,billing,baseline
C06858,A00677,billing,baseline
C06859,A00302,billing,baseline
C06860,A00162,billing,baseline
C06861,A00640,billing,baseline
C06862,A00058,billing,baseline
C06863,A00540,billing,baseline
C06864,A00449,billing,baseline
C06865,A00559,billing,baseline
C06866,A00590,billing,baseline
C06867,A00526,billing,baseline
C06868,A00671,billing,baseline
C06869,A00313,billing,baseline
C06870,A00375,billing,baseline
C06871,A00163,billing,baseline
C06872,A00355,billing,baseline
C06873,A00710,billing,baseline
C06874,A00439,billing,baseline
C06875,A00430,billing,baseline
C06876,A00470,billing,baseline
C06877,A00122,billing,baseline
C06878,A00507,billing,baseline
C06879,A00706,billing,baseline
C06880,A00642,billing,baseline
C06881,A00197,billing,baseline
C06882,A00503,billing,baseline
C06883,A00420,billing,baseline
C06884,A00348,billing,baseline
C06885,A00432,billing,baseline
C06886,A00244,billing,baseline
C06887,A00622,billing,baseline
C06888,A00549,billing,baseline
C06889,A00428,billing,baseline
C06890,A00689,billing,baseline
C06891,A00196,billing,baseline
C06892,A00210,billing,baseline
C06893,A00165,billing,baseline
C06894,A00223,billing,baseline
C06895,A00127,billing,baseline
C06896,A00247,billing,baseline
C06897,A00558,billing,baseline
C06898,A00010,billing,baseline
C06899,A00008,billing,baseline
C06900,A00431,billing,baseline
C06901,A00673,billing,baseline
C06902,A00017,billing,baseline
C06903,A00044,billing,baseline
C06904,A00001,billing,baseline
C06905,A00461,billing,baseline
C06906,A00689,billing,baseline
C06907,A00626,billing,baseline
C06908,A00473,billing,baseline
C06909,A00401,billing,baseline
C06910,A00070,billing,baseline
C06911,A00529,billing,baseline
C06912,A00431,billing,baseline
C06913,A00554,billing,baseline
C06914,A00419,billing,baseline
C06915,A00425,billing,baseline
C06916,A00199,billing,baseline
C06917,A00688,billing,baseline
C06918,A00467,billing,baseline
C06919,A00613,billing,baseline
C06920,A00698,billing,baseline
C06921,A00690,billing,baseline
C06922,A00638,billing,baseline
C06923,A00279,billing,baseline
C06924,A00474,billing,baseline
C06925,A00091,billing,baseline
C06926,A00142,billing,baseline
C06927,A00168,billing,baseline
C06928,A00484,billing,baseline
C06929,A00547,billing,baseline
C06930,A00347,billing,baseline
C06931,A00167,billing,baseline
C06932,A00548,billing,baseline
C06933,A00550,billing,baseline
C06934,A00395,billing,baseline
C06935,A00606,billing,baseline
C06936,A00104,billing,baseline
C06937,A00116,billing,baseline
C06938,A00473,billing,baseline
C06939,A00286,billing,baseline
C06940,A00173,billing,baseline
C06941,A00284,billing,baseline
C06942,A00217,billing,baseline
C06943,A00179,billing,baseline
C06944,A00077,billing,baseline
C06945,A00400,billing,baseline
C06946,A00546,billing,baseline
C06947,A00201,billing,baseline
C06948,A00190,billing,baseline
C06949,A00167,billing,baseline
C06950,A00239,billing,baseline
C06951,A00585,billing,baseline
C06952,A00327,billing,baseline
C06953,A00672,billing,baseline
C06954,A00255,billing,baseline
C06955,A00044,billing,baseline
C06956,A00616,billing,baseline
C06957,A00105,billing,baseline
C06958,A00682,billing,baseline
C06959,A00484,billing,baseline
C06960,A00587,billing,baseline
C06961,A00585,billing,baseline
C06962,A00286,billing,baseline
C06963,A00070,billing,baseline
C06964,A00589,billing,baseline
C06965,A00041,billing,baseline
C06966,A00360,billing,baseline
C06967,A00167,billing,baseline
C06968,A00408,billing,baseline
C06969,A00641,billing,baseline
C06970,A00027,billing,baseline
C06971,A00605,billing,baseline
C06972,A00025,billing,baseline
C06973,A00305,billing,baseline
C06974,A00437,billing,baseline
C06975,A00043,billing,baseline
C06976,A00161,billing,baseline
C06977,A00159,billing,baseline
C06978,A00117,billing,baseline
C06979,A00582,billing,baseline
C06980,A00575,billing,baseline
C06981,A00023,billing,baseline
C06982,A00030,billing,baseline
C06983,A00658,billing,baseline
C06984,A00030,billing,baseline
C06985,A00688,billing,baseline
C06986,A00286,billing,baseline
C06987,A00198,billing,baseline
C06988,A00477,billing,baseline
C06989,A00431,billing,baseline
C06990,A00278,billing,baseline
C06991,A00559,billing,baseline
C06992,A00191,billing,baseline
C06993,A00301,billing,baseline
C06994,A00429,billing,baseline
C06995,A00564,billing,baseline
C06996,A00452,billing,baseline
C06997,A00649,billing,baseline
C06998,A00353,billing,baseline
C06999,A00450,billing,baseline
C07000,A00307,billing,baseline
C07001,A00596,billing,baseline
C07002,A00460,billing,baseline
C07003,A00396,billing,baseline
C07004,A00669,billing,baseline
C07005,A00094,billing,baseline
C07006,A00188,billing,baseline
C07007,A00213,billing,baseline
C07008,A00564,billing,baseline
C07009,A00403,billing,baseline
C07010,A00643,billing,baseline
C07011,A00574,billing,baseline
C07012,A00452,billing,baseline
C07013,A00418,billing,baseline
C07014,A00675,billing,baseline
C07015,A00019,billing,baseline
C07016,A00550,billing,baseline
C07017,A00184,billing,baseline
C07018,A00583,billing,baseline
C07019,A00420,billing,baseline
C07020,A00535,billing,baseline
C07021,A00290,billing,baseline
C07022,A00339,billing,baseline
C07023,A00333,billing,baseline
C07024,A00304,billing,baseline
C07025,A00072,billing,baseline
C07026,A00417,billing,baseline
C07027,A00415,billing,baseline
C07028,A00355,billing,baseline
C07029,A00066,billing,baseline
C07030,A00693,billing,baseline
C07031,A00129,billing,baseline
C07032,A00496,billing,baseline
C07033,A00441,billing,baseline
C07034,A00111,billing,baseline
C07035,A00420,billing,baseline
C07036,A00105,billing,baseline
C07037,A00359,billing,baseline
C07038,A00425,billing,baseline
C07039,A00705,billing,baseline
C07040,A00169,billing,baseline
C07041,A00080,billing,baseline
C07042,A00396,billing,baseline
C07043,A00705,billing,baseline
C07044,A00575,billing,baseline
C07045,A00201,billing,baseline
C07046,A00557,billing,baseline
C07047,A00185,billing,baseline
C07048,A00475,billing,baseline
C07049,A00669,billing,baseline
C07050,A00062,billing,baseline
C07051,A00285,billing,baseline
C07052,A00547,billing,baseline
C07053,A00703,billing,baseline
C07054,A00341,billing,baseline
C07055,A00498,billing,baseline
C07056,A00661,billing,baseline
C07057,A00185,billing,baseline
C07058,A00070,billing,baseline
C07059,A00679,billing,baseline
C07060,A00650,billing,baseline
C07061,A00595,billing,baseline
C07062,A00255,billing,baseline
C07063,A00657,billing,baseline
C07064,A00400,billing,baseline
C07065,A00510,billing,baseline
C07066,A00465,billing,baseline
C07067,A00343,billing,baseline
C07068,A00110,billing,baseline
C07069,A00641,billing,baseline
C07070,A00307,billing,baseline
C07071,A00538,billing,baseline
C07072,A00555,billing,baseline
C07073,A00389,billing,baseline
C07074,A00029,billing,baseline
C07075,A00538,billing,baseline
C07076,A00427,billing,baseline
C07077,A00436,billing,baseline
C07078,A00340,billing,baseline
C07079,A00580,billing,baseline
C07080,A00275,billing,baseline
C07081,A00399,billing,baseline
C07082,A00543,billing,baseline
C07083,A00704,billing,baseline
C07084,A00177,billing,baseline
C07085,A00252,billing,baseline
C07086,A00604,billing,baseline
C07087,A00082,billing,baseline
C07088,A00187,billing,baseline
C07089,A00099,billing,baseline
C07090,A00520,billing,baseline
C07091,A00393,billing,baseline
C07092,A00333,billing,baseline
C07093,A00398,billing,baseline
C07094,A00236,billing,baseline
C07095,A00551,billing,baseline
C07096,A00381,billing,baseline
C07097,A00048,billing,baseline
C07098,A00442,billing,baseline
C07099,A00294,billing,baseline
C07100,A00294,billing,baseline
C07101,A00479,billing,baseline
C07102,A00318,billing,baseline
C07103,A00652,billing,baseline
C07104,A00064,billing,baseline
C07105,A00238,billing,baseline
C07106,A00363,billing,baseline
C07107,A00446,billing,baseline
C07108,A00365,billing,baseline
C07109,A00179,billing,baseline
C07110,A00285,billing,baseline
C07111,A00628,billing,baseline
C07112,A00142,billing,baseline
C07113,A00140,billing,baseline
C07114,A00375,billing,baseline
C07115,A00533,billing,baseline
C07116,A00173,billing,baseline
C07117,A00557,billing,baseline
C07118,A00131,billing,baseline
C07119,A00679,billing,baseline
C07120,A00060,billing,baseline
C07121,A00635,billing,baseline
C07122,A00308,billing,baseline
C07123,A00352,billing,baseline
C07124,A00481,billing,baseline
C07125,A00449,billing,baseline
C07126,A00113,billing,baseline
C07127,A00426,billing,baseline
C07128,A00216,billing,baseline
C07129,A00134,billing,baseline
C07130,A00303,billing,baseline
C07131,A00440,billing,baseline
C07132,A00287,billing,baseline
C07133,A00381,billing,baseline
C07134,A00102,billing,baseline
C07135,A00015,billing,baseline
C07136,A00569,billing,baseline
C07137,A00488,billing,baseline
C07138,A00698,billing,baseline
C07139,A00485,billing,baseline
C07140,A00192,billing,baseline
C07141,A00621,billing,baseline
C07142,A00189,billing,baseline
C07143,A00178,billing,baseline
C07144,A00450,billing,baseline
C07145,A00529,billing,baseline
C07146,A00256,billing,baseline
C07147,A00653,billing,baseline
C07148,A00506,billing,baseline
C07149,A00640,billing,baseline
C07150,A00636,billing,baseline
C07151,A00700,billing,baseline
C07152,A00415,billing,baseline
C07153,A00678,billing,baseline
C07154,A00147,billing,baseline
C07155,A00028,billing,baseline
C07156,A00080,billing,baseline
C07157,A00521,billing,baseline
C07158,A00046,billing,baseline
C07159,A00144,billing,baseline
C07160,A00057,billing,baseline
C07161,A00171,billing,baseline
C07162,A00241,billing,baseline
C07163,A00393,billing,baseline
C07164,A00542,billing,baseline
C07165,A00393,billing,baseline
C07166,A00120,billing,baseline
C07167,A00293,billing,baseline
C07168,A00186,billing,baseline
C07169,A00361,billing,baseline
C07170,A00103,billing,baseline
C07171,A00197,billing,baseline
C07172,A00402,billing,baseline
C07173,A00413,billing,baseline
C07174,A00515,billing,baseline
C07175,A00440,billing,baseline
C07176,A00202,billing,baseline
C07177,A00245,billing,baseline
C07178,A00706,billing,baseline
C07179,A00349,billing,baseline
C07180,A00205,billing,baseline
C07181,A00063,billing,baseline
C07182,A00282,billing,baseline
C07183,A00438,billing,baseline
C07184,A00651,billing,baseline
C07185,A00307,billing,baseline
C07186,A00388,billing,baseline
C07187,A00651,billing,baseline
C07188,A00123,billing,baseline
C07189,A00518,billing,baseline
C07190,A00006,billing,baseline
C07191,A00113,billing,baseline
C07192,A00455,billing,baseline
C07193,A00523,billing,baseline
C07194,A00100,billing,baseline
C07195,A00247,billing,baseline
C07196,A00196,billing,baseline
C07197,A00679,billing,baseline
C07198,A00229,billing,baseline
C07199,A00169,billing,baseline
C07200,A00215,billing,baseline
C07201,A00046,billing,baseline
C07202,A00122,billing,baseline
C07203,A00378,billing,baseline
C07204,A00432,billing,baseline
C07205,A00668,billing,baseline
C07206,A00360,billing,baseline
C07207,A00126,billing,baseline
C07208,A00167,billing,baseline
C07209,A00245,billing,baseline
C07210,A00212,billing,baseline
C07211,A00592,billing,baseline
C07212,A00132,billing,baseline
C07213,A00658,billing,baseline
C07214,A00231,billing,baseline
C07215,A00356,billing,baseline
C07216,A00049,billing,baseline
C07217,A00380,billing,baseline
C07218,A00472,billing,baseline
C07219,A00707,billing,baseline
C07220,A00229,billing,baseline
C07221,A00198,billing,baseline
C07222,A00551,billing,baseline
C07223,A00398,billing,baseline
C07224,A00328,billing,baseline
C07225,A00203,billing,baseline
C07226,A00519,billing,baseline
C07227,A00693,billing,baseline
C07228,A00563,billing,baseline
C07229,A00232,billing,baseline
C07230,A00287,billing,baseline
C07231,A00068,billing,baseline
C07232,A00460,billing,baseline
C07233,A00499,billing,baseline
C07234,A00433,billing,baseline
C07235,A00046,billing,baseline
C07236,A00579,billing,baseline
C07237,A00485,billing,baseline
C07238,A00643,billing,baseline
C07239,A00398,billing,baseline
C07240,A00493,billing,baseline
C07241,A00613,billing,baseline
C07242,A00023,billing,baseline
C07243,A00445,billing,baseline
C07244,A00369,billing,baseline
C07245,A00103,billing,baseline
C07246,A00570,billing,baseline
C07247,A00133,billing,baseline
C07248,A00493,billing,baseline
C07249,A00312,billing,baseline
C07250,A00244,billing,baseline
C07251,A00330,billing,baseline
C07252,A00708,billing,baseline
C07253,A00269,billing,baseline
C07254,A00138,billing,baseline
C07255,A00418,billing,baseline
C07256,A00703,billing,baseline
C07257,A00487,billing,baseline
C07258,A00559,billing,baseline
C07259,A00325,billing,baseline
C07260,A00392,billing,baseline
C07261,A00174,billing,baseline
C07262,A00582,billing,baseline
C07263,A00347,billing,baseline
C07264,A00247,billing,baseline
C07265,A00359,billing,baseline
C07266,A00566,billing,baseline
C07267,A00642,billing,baseline
C07268,A00297,billing,baseline
C07269,A00041,billing,baseline
C07270,A00239,billing,baseline
C07271,A00560,billing,baseline
C07272,A00623,billing,baseline
C07273,A00168,billing,baseline
C07274,A00454,billing,baseline
C07275,A00296,billing,baseline
C07276,A00703,billing,baseline
C07277,A00514,billing,baseline
C07278,A00092,billing,baseline
C07279,A00089,billing,baseline
C07280,A00097,billing,baseline
C07281,A00292,billing,baseline
C07282,A00504,billing,baseline
C07283,A00511,billing,baseline
C07284,A00268,billing,baseline
C07285,A00629,billing,baseline
C07286,A00655,billing,baseline
C07287,A00064,billing,baseline
C07288,A00093,billing,baseline
C07289,A00704,billing,baseline
C07290,A00283,billing,baseline
C07291,A00262,billing,baseline
C07292,A00254,billing,baseline
C07293,A00364,billing,baseline
C07294,A00080,billing,baseline
C07295,A00504,billing,baseline
C07296,A00256,billing,baseline
C07297,A00296,billing,baseline
C07298,A00531,billing,baseline
C07299,A00588,billing,baseline
C07300,A00705,billing,baseline
C07301,A00201,billing,baseline
C07302,A00337,billing,baseline
C07303,A00046,billing,baseline
C07304,A00473,billing,baseline
C07305,A00690,billing,baseline
C07306,A00230,billing,baseline
C07307,A00135,billing,baseline
C07308,A00125,billing,baseline
C07309,A00651,billing,baseline
C07310,A00073,billing,baseline
C07311,A00422,billing,baseline
C07312,A00588,billing,baseline
C07313,A00469,billing,baseline
C07314,A00692,billing,baseline
C07315,A00435,billing,baseline
C07316,A00304,billing,baseline
C07317,A00381,billing,baseline
C07318,A00328,billing,baseline
C07319,A00494,billing,baseline
C07320,A00642,billing,baseline
C07321,A00474,billing,baseline
C07322,A00422,billing,baseline
C07323,A00672,billing,baseline
C07324,A00241,billing,baseline
C07325,A00286,billing,baseline
C07326,A00708,billing,baseline
C07327,A00180,billing,baseline
C07328,A00513,billing,baseline
C07329,A00460,billing,baseline
C07330,A00661,billing,baseline
C07331,A00377,billing,baseline
C07332,A00004,billing,baseline
C07333,A00471,billing,baseline
C07334,A00255,billing,baseline
C07335,A00341,billing,baseline
C07336,A00697,billing,baseline
C07337,A00644,billing,baseline
C07338,A00016,billing,baseline
C07339,A00693,billing,baseline
C07340,A00355,billing,baseline
C07341,A00512,billing,baseline
C07342,A00224,billing,baseline
C07343,A00551,billing,baseline
C07344,A00701,billing,baseline
C07345,A00597,billing,baseline
C07346,A00689,billing,baseline
C07347,A00193,billing,baseline
C07348,A00289,billing,baseline
C07349,A00301,billing,baseline
C07350,A00504,billing,baseline
C07351,A00466,billing,baseline
C07352,A00293,billing,baseline
C07353,A00500,billing,baseline
C07354,A00451,billing,baseline
C07355,A00542,billing,baseline
C07356,A00387,billing,baseline
C07357,A00433,billing,baseline
C07358,A00049,billing,baseline
C07359,A00145,billing,baseline
C07360,A00183,billing,baseline
C07361,A00622,billing,baseline
C07362,A00681,billing,baseline
C07363,A00253,billing,baseline
C07364,A00382,billing,baseline
C07365,A00064,billing,baseline
C07366,A00635,billing,baseline
C07367,A00122,billing,baseline
C07368,A00275,billing,baseline
C07369,A00587,billing,baseline
C07370,A00047,billing,baseline
C07371,A00529,billing,baseline
C07372,A00023,billing,baseline
C07373,A00249,billing,baseline
C07374,A00597,billing,baseline
C07375,A00036,billing,baseline
C07376,A00395,billing,baseline
C07377,A00650,billing,baseline
C07378,A00303,billing,baseline
C07379,A00495,billing,baseline
C07380,A00286,billing,baseline
C07381,A00354,billing,baseline
C07382,A00088,billing,baseline
C07383,A00212,billing,baseline
C07384,A00077,billing,baseline
C07385,A00309,billing,baseline
C07386,A00421,billing,baseline
C07387,A00707,billing,baseline
C07388,A00239,billing,baseline
C07389,A00316,billing,baseline
C07390,A00020,billing,baseline
C07391,A00302,billing,baseline
C07392,A00184,billing,baseline
C07393,A00002,billing,baseline
C07394,A00090,billing,baseline
C07395,A00408,billing,baseline
C07396,A00403,billing,baseline
C07397,A00641,billing,baseline
C07398,A00641,billing,baseline
C07399,A00213,billing,baseline
C07400,A00351,billing,baseline
C07401,A00283,billing,baseline
C07402,A00282,billing,baseline
C07403,A00324,billing,baseline
C07404,A00026,billing,baseline
C07405,A00272,billing,baseline
C07406,A00078,billing,baseline
C07407,A00388,billing,baseline
C07408,A00616,billing,baseline
C07409,A00414,billing,baseline
C07410,A00210,billing,baseline
C07411,A00088,billing,baseline
C07412,A00634,billing,baseline
C07413,A00178,billing,baseline
C07414,A00287,billing,baseline
C07415,A00272,billing,baseline
C07416,A00625,billing,baseline
C07417,A00163,billing,baseline
C07418,A00621,billing,baseline
C07419,A00217,billing,baseline
C07420,A00156,billing,baseline
C07421,A00401,billing,baseline
C07422,A00226,billing,baseline
C07423,A00439,billing,baseline
C07424,A00123,billing,baseline
C07425,A00623,billing,baseline
C07426,A00588,billing,baseline
C07427,A00217,billing,baseline
C07428,A00438,billing,baseline
C07429,A00545,billing,baseline
C07430,A00672,billing,baseline
C07431,A00119,billing,baseline
C07432,A00092,billing,baseline
C07433,A00126,billing,baseline
C07434,A00504,billing,baseline
C07435,A00145,billing,baseline
C07436,A00335,billing,baseline
C07437,A00215,billing,baseline
C07438,A00383,billing,baseline
C07439,A00172,billing,baseline
C07440,A00141,billing,baseline
C07441,A00649,billing,baseline
C07442,A00709,billing,baseline
C07443,A00107,billing,baseline
C07444,A00682,billing,baseline
C07445,A00440,billing,baseline
C07446,A00683,billing,baseline
C07447,A00550,billing,baseline
C07448,A00396,billing,baseline
C07449,A00100,billing,baseline
C07450,A00134,billing,baseline
C07451,A00536,billing,baseline
C07452,A00292,billing,baseline
C07453,A00145,billing,baseline
C07454,A00143,billing,baseline
C07455,A00444,billing,baseline
C07456,A00570,billing,baseline
C07457,A00081,billing,baseline
C07458,A00107,billing,baseline
C07459,A00140,billing,baseline
C07460,A00555,billing,baseline
C07461,A00626,billing,baseline
C07462,A00477,billing,baseline
C07463,A00454,billing,baseline
C07464,A00280,billing,baseline
C07465,A00353,billing,baseline
C07466,A00684,billing,baseline
C07467,A00330,billing,baseline
C07468,A00223,billing,baseline
C07469,A00648,billing,baseline
C07470,A00276,billing,baseline
C07471,A00285,billing,baseline
C07472,A00602,billing,baseline
C07473,A00006,billing,baseline
C07474,A00619,billing,baseline
C07475,A00271,billing,baseline
C07476,A00557,billing,baseline
C07477,A00685,billing,baseline
C07478,A00439,billing,baseline
C07479,A00001,billing,baseline
C07480,A00178,billing,baseline
C07481,A00200,billing,baseline
C07482,A00128,billing,baseline
C07483,A00293,billing,baseline
C07484,A00169,billing,baseline
C07485,A00599,billing,baseline
C07486,A00357,billing,baseline
C07487,A00702,billing,baseline
C07488,A00436,billing,baseline
C07489,A00053,billing,baseline
C07490,A00521,billing,baseline
C07491,A00486,billing,baseline
C07492,A00609,billing,baseline
C07493,A00187,billing,baseline
C07494,A00595,billing,baseline
C07495,A00642,billing,baseline
C07496,A00608,billing,baseline
C07497,A00201,billing,baseline
C07498,A00503,billing,baseline
C07499,A00051,billing,baseline
C07500,A00595,billing,baseline
C07501,A00595,billing,baseline
C07502,A00089,billing,baseline
C07503,A00689,billing,baseline
C07504,A00613,billing,baseline
C07505,A00140,billing,baseline
C07506,A00586,billing,baseline
C07507,A00539,billing,baseline
C07508,A00628,billing,baseline
C07509,A00173,billing,baseline
C07510,A00238,billing,baseline
C07511,A00307,billing,baseline
C07512,A00665,billing,baseline
C07513,A00033,billing,baseline
C07514,A00547,billing,baseline
C07515,A00356,billing,baseline
C07516,A00556,billing,baseline
C07517,A00391,billing,baseline
C07518,A00576,billing,baseline
C07519,A00590,billing,baseline
C07520,A00052,billing,baseline
C07521,A00367,billing,baseline
C07522,A00144,billing,baseline
C07523,A00393,billing,baseline
C07524,A00587,billing,baseline
C07525,A00468,billing,baseline
C07526,A00113,billing,baseline
C07527,A00113,billing,baseline
C07528,A00064,billing,baseline
C07529,A00513,billing,baseline
C07530,A00129,billing,baseline
C07531,A00679,billing,baseline
C07532,A00150,billing,baseline
C07533,A00437,billing,baseline
C07534,A00707,billing,baseline
C07535,A00235,billing,baseline
C07536,A00702,billing,baseline
C07537,A00677,billing,baseline
C07538,A00077,billing,baseline
C07539,A00673,billing,baseline
C07540,A00581,billing,baseline
C07541,A00610,billing,baseline
C07542,A00084,billing,baseline
C07543,A00688,billing,baseline
C07544,A00479,billing,baseline
C07545,A00086,billing,baseline
C07546,A00194,billing,baseline
C07547,A00229,billing,baseline
C07548,A00118,billing,baseline
C07549,A00273,billing,baseline
C07550,A00647,billing,baseline
C07551,A00546,billing,baseline
C07552,A00445,billing,baseline
C07553,A00113,billing,baseline
C07554,A00555,billing,baseline
C07555,A00113,billing,baseline
C07556,A00150,billing,baseline
C07557,A00535,billing,baseline
C07558,A00347,billing,baseline
C07559,A00118,billing,baseline
C07560,A00396,billing,baseline
C07561,A00344,billing,baseline
C07562,A00239,billing,baseline
C07563,A00434,billing,baseline
C07564,A00286,billing,baseline
C07565,A00462,billing,baseline
C07566,A00001,billing,baseline
C07567,A00060,billing,baseline
C07568,A00005,billing,baseline
C07569,A00169,billing,baseline
C07570,A00278,billing,baseline
C07571,A00356,billing,baseline
C07572,A00583,billing,baseline
C07573,A00527,billing,baseline
C07574,A00594,billing,baseline
C07575,A00680,billing,baseline
C07576,A00067,billing,baseline
C07577,A00355,billing,baseline
C07578,A00411,billing,baseline
C07579,A00042,billing,baseline
C07580,A00617,billing,baseline
C07581,A00609,billing,baseline
C07582,A00291,billing,baseline
C07583,A00048,billing,baseline
C07584,A00006,billing,baseline
C07585,A00411,billing,baseline
C07586,A00549,billing,baseline
C07587,A00196,billing,baseline
C07588,A00604,billing,baseline
C07589,A00395,billing,baseline
C07590,A00244,billing,baseline
C07591,A00003,billing,baseline
C07592,A00589,billing,baseline
C07593,A00441,billing,baseline
C07594,A00119,billing,baseline
C07595,A00113,billing,baseline
C07596,A00453,billing,baseline
C07597,A00019,billing,baseline
C07598,A00027,billing,baseline
C07599,A00221,billing,baseline
C07600,A00279,billing,baseline
C07601,A00546,billing,baseline
C07602,A00088,billing,baseline
C07603,A00446,billing,baseline
C07604,A00341,billing,baseline
C07605,A00252,billing,baseline
C07606,A00523,billing,baseline
C07607,A00421,billing,baseline
C07608,A00128,billing,baseline
C07609,A00646,billing,baseline
C07610,A00643,billing,baseline
C07611,A00083,billing,baseline
C07612,A00224,billing,baseline
C07613,A00538,billing,baseline
C07614,A00434,billing,baseline
C07615,A00177,billing,baseline
C07616,A00544,billing,baseline
C07617,A00663,billing,baseline
C07618,A00451,billing,baseline
C07619,A00372,billing,baseline
C07620,A00461,billing,baseline
C07621,A00319,billing,baseline
C07622,A00480,billing,baseline
C07623,A00020,billing,baseline
C07624,A00675,billing,baseline
C07625,A00354,billing,baseline
C07626,A00324,billing,baseline
C07627,A00347,billing,baseline
C07628,A00359,billing,baseline
C07629,A00452,billing,baseline
C07630,A00362,billing,baseline
C07631,A00066,billing,baseline
C07632,A00631,billing,baseline
C07633,A00069,billing,baseline
C07634,A00602,billing,baseline
C07635,A00661,billing,baseline
C07636,A00586,billing,baseline
C07637,A00384,billing,baseline
C07638,A00432,billing,baseline
C07639,A00630,billing,baseline
C07640,A00223,billing,baseline
C07641,A00690,billing,baseline
C07642,A00414,billing,baseline
C07643,A00498,billing,baseline
C07644,A00263,billing,baseline
C07645,A00247,billing,baseline
C07646,A00329,billing,baseline
C07647,A00506,billing,baseline
C07648,A00356,billing,baseline
C07649,A00135,billing,baseline
C07650,A00060,billing,baseline
C07651,A00240,billing,baseline
C07652,A00044,billing,baseline
C07653,A00050,billing,baseline
C07654,A00150,billing,baseline
C07655,A00429,billing,baseline
C07656,A00622,billing,baseline
C07657,A00430,billing,baseline
C07658,A00645,billing,baseline
C07659,A00427,billing,baseline
C07660,A00069,billing,baseline
C07661,A00446,billing,baseline
C07662,A00672,billing,baseline
C07663,A00464,billing,baseline
C07664,A00565,billing,baseline
C07665,A00662,billing,baseline
C07666,A00059,billing,baseline
C07667,A00701,billing,baseline
C07668,A00409,billing,baseline
C07669,A00018,billing,baseline
C07670,A00382,billing,baseline
C07671,A00080,billing,baseline
C07672,A00520,billing,baseline
C07673,A00425,billing,baseline
C07674,A00569,billing,baseline
C07675,A00703,billing,baseline
C07676,A00265,billing,baseline
C07677,A00243,billing,baseline
C07678,A00577,billing,baseline
C07679,A00154,billing,baseline
C07680,A00534,billing,baseline
C07681,A00388,billing,baseline
C07682,A00627,billing,baseline
C07683,A00213,billing,baseline
C07684,A00445,billing,baseline
C07685,A00526,billing,baseline
C07686,A00098,billing,baseline
C07687,A00086,billing,baseline
C07688,A00270,billing,baseline
C07689,A00377,billing,baseline
C07690,A00558,billing,baseline
C07691,A00710,billing,baseline
C07692,A00668,billing,baseline
C07693,A00075,billing,baseline
C07694,A00351,billing,baseline
C07695,A00448,billing,baseline
C07696,A00386,billing,baseline
C07697,A00421,billing,baseline
C07698,A00105,billing,baseline
C07699,A00140,billing,baseline
C07700,A00376,billing,baseline
C07701,A00126,billing,baseline
C07702,A00353,billing,baseline
C07703,A00006,billing,baseline
C07704,A00190,billing,baseline
C07705,A00133,billing,baseline
C07706,A00461,billing,baseline
C07707,A00395,billing,baseline
C07708,A00223,billing,baseline
C07709,A00365,billing,baseline
C07710,A00638,billing,baseline
C07711,A00164,billing,baseline
C07712,A00325,billing,baseline
C07713,A00629,billing,baseline
C07714,A00009,billing,baseline
C07715,A00057,billing,baseline
C07716,A00440,billing,baseline
C07717,A00650,billing,baseline
C07718,A00096,billing,baseline
C07719,A00252,billing,baseline
C07720,A00042,billing,baseline
C07721,A00698,billing,baseline
C07722,A00050,billing,baseline
C07723,A00048,billing,baseline
C07724,A00397,billing,baseline
C07725,A00411,billing,baseline
C07726,A00206,billing,baseline
C07727,A00367,billing,baseline
C07728,A00649,billing,baseline
C07729,A00543,billing,baseline
C07730,A00188,billing,baseline
C07731,A00220,billing,baseline
C07732,A00542,billing,baseline
C07733,A00023,billing,baseline
C07734,A00420,billing,baseline
C07735,A00485,billing,baseline
C07736,A00219,billing,baseline
C07737,A00611,billing,baseline
C07738,A00103,billing,baseline
C07739,A00075,billing,baseline
C07740,A00303,billing,baseline
C07741,A00266,billing,baseline
C07742,A00697,billing,baseline
C07743,A00416,billing,baseline
C07744,A00272,billing,baseline
C07745,A00124,billing,baseline
C07746,A00168,billing,baseline
C07747,A00273,billing,baseline
C07748,A00297,billing,baseline
C07749,A00684,billing,baseline
C07750,A00538,billing,baseline
C07751,A00405,billing,baseline
C07752,A00337,billing,baseline
C07753,A00182,billing,baseline
C07754,A00475,billing,baseline
C07755,A00601,billing,baseline
C07756,A00389,billing,baseline
C07757,A00225,billing,baseline
C07758,A00088,billing,baseline
C07759,A00548,billing,baseline
C07760,A00289,billing,baseline
C07761,A00136,billing,baseline
C07762,A00361,billing,baseline
C07763,A00653,billing,baseline
C07764,A00585,billing,baseline
C07765,A00453,billing,baseline
C07766,A00011,billing,baseline
C07767,A00452,billing,baseline
C07768,A00636,billing,baseline
C07769,A00247,billing,baseline
C07770,A00573,billing,baseline
C07771,A00491,billing,baseline
C07772,A00218,billing,baseline
C07773,A00614,billing,baseline
C07774,A00656,billing,baseline
C07775,A00563,billing,baseline
C07776,A00701,billing,baseline
C07777,A00523,billing,baseline
C07778,A00329,billing,baseline
C07779,A00638,billing,baseline
C07780,A00654,billing,baseline
C07781,A00372,billing,baseline
C07782,A00122,billing,baseline
C07783,A00089,billing,baseline
C07784,A00472,billing,baseline
C07785,A00650,billing,baseline
C07786,A00481,billing,baseline
C07787,A00692,billing,baseline
C07788,A00182,billing,baseline
C07789,A00518,billing,baseline
C07790,A00313,billing,baseline
C07791,A00420,billing,baseline
C07792,A00275,billing,baseline
C07793,A00666,billing,baseline
C07794,A00266,billing,baseline
C07795,A00250,billing,baseline
C07796,A00333,billing,baseline
C07797,A00004,billing,baseline
C07798,A00146,billing,baseline
C07799,A00632,billing,baseline
C07800,A00515,billing,baseline
C07801,A00210,billing,baseline
C07802,A00055,billing,baseline
C07803,A00251,billing,baseline
C07804,A00533,billing,baseline
C07805,A00580,billing,baseline
C07806,A00190,billing,baseline
C07807,A00169,billing,baseline
C07808,A00512,billing,baseline
C07809,A00607,billing,baseline
C07810,A00697,billing,baseline
C07811,A00207,billing,baseline
C07812,A00169,billing,baseline
C07813,A00460,billing,baseline
C07814,A00019,billing,baseline
C07815,A00680,billing,baseline
C07816,A00336,billing,baseline
C07817,A00420,billing,baseline
C07818,A00613,billing,baseline
C07819,A00119,billing,baseline
C07820,A00373,billing,baseline
C07821,A00054,billing,baseline
C07822,A00228,billing,baseline
C07823,A00204,billing,baseline
C07824,A00399,billing,baseline
C07825,A00477,billing,baseline
C07826,A00650,billing,baseline
C07827,A00306,billing,baseline
C07828,A00645,billing,baseline
C07829,A00180,billing,baseline
C07830,A00635,billing,baseline
C07831,A00339,billing,baseline
C07832,A00356,billing,baseline
C07833,A00233,billing,baseline
C07834,A00665,billing,baseline
C07835,A00361,billing,baseline
C07836,A00397,billing,baseline
C07837,A00015,billing,baseline
C07838,A00214,billing,baseline
C07839,A00163,billing,baseline
C07840,A00515,billing,baseline
C07841,A00591,billing,baseline
C07842,A00594,billing,baseline
C07843,A00545,billing,baseline
C07844,A00417,billing,baseline
C07845,A00542,billing,baseline
C07846,A00410,billing,baseline
C07847,A00185,billing,baseline
C07848,A00320,billing,baseline
C07849,A00179,billing,baseline
C07850,A00436,billing,baseline
C07851,A00098,billing,baseline
C07852,A00240,billing,baseline
C07853,A00654,billing,baseline
C07854,A00267,billing,baseline
C07855,A00047,billing,baseline
C07856,A00666,billing,baseline
C07857,A00005,billing,baseline
C07858,A00233,billing,baseline
C07859,A00575,billing,baseline
C07860,A00049,billing,baseline
C07861,A00600,billing,baseline
C07862,A00612,billing,baseline
C07863,A00272,billing,baseline
C07864,A00304,billing,baseline
C07865,A00536,billing,baseline
C07866,A00316,billing,baseline
C07867,A00512,billing,baseline
C07868,A00697,billing,baseline
C07869,A00531,billing,baseline
C07870,A00591,billing,baseline
C07871,A00080,billing,baseline
C07872,A00411,billing,baseline
C07873,A00118,billing,baseline
C07874,A00597,billing,baseline
C07875,A00408,billing,baseline
C07876,A00691,billing,baseline
C07877,A00490,billing,baseline
C07878,A00236,billing,baseline
C07879,A00709,billing,baseline
C07880,A00657,billing,baseline
C07881,A00322,billing,baseline
C07882,A00514,billing,baseline
C07883,A00390,billing,baseline
C07884,A00468,billing,baseline
C07885,A00345,billing,baseline
C07886,A00287,billing,baseline
C07887,A00452,billing,baseline
C07888,A00430,billing,baseline
C07889,A00104,billing,baseline
C07890,A00407,billing,baseline
C07891,A00117,billing,baseline
C07892,A00531,billing,baseline
C07893,A00381,billing,baseline
C07894,A00507,billing,baseline
C07895,A00506,billing,baseline
C07896,A00168,billing,baseline
C07897,A00254,billing,baseline
C07898,A00209,billing,baseline
C07899,A00011,billing,baseline
C07900,A00028,billing,baseline
C07901,A00571,billing,baseline
C07902,A00121,billing,baseline
C07903,A00070,billing,baseline
C07904,A00087,billing,baseline
C07905,A00047,billing,baseline
C07906,A00313,billing,baseline
C07907,A00574,billing,baseline
C07908,A00704,billing,baseline
C07909,A00099,billing,baseline
C07910,A00194,billing,baseline
C07911,A00070,billing,baseline
C07912,A00552,billing,baseline
C07913,A00490,billing,baseline
C07914,A00026,billing,baseline
C07915,A00185,billing,baseline
C07916,A00372,billing,baseline
C07917,A00198,billing,baseline
C07918,A00168,billing,baseline
C07919,A00694,billing,baseline
C07920,A00063,billing,baseline
C07921,A00111,billing,baseline
C07922,A00678,billing,baseline
C07923,A00447,billing,baseline
C07924,A00002,billing,baseline
C07925,A00179,billing,baseline
C07926,A00135,billing,baseline
C07927,A00536,billing,baseline
C07928,A00521,billing,baseline
C07929,A00247,billing,baseline
C07930,A00310,billing,baseline
C07931,A00597,billing,baseline
C07932,A00048,billing,baseline
C07933,A00670,billing,baseline
C07934,A00526,billing,baseline
C07935,A00610,billing,baseline
C07936,A00142,billing,baseline
C07937,A00002,billing,baseline
C07938,A00205,billing,baseline
C07939,A00675,billing,baseline
C07940,A00283,billing,baseline
C07941,A00695,billing,baseline
C07942,A00469,billing,baseline
C07943,A00467,billing,baseline
C07944,A00241,billing,baseline
C07945,A00171,billing,baseline
C07946,A00019,billing,baseline
C07947,A00553,billing,baseline
C07948,A00530,billing,baseline
C07949,A00700,billing,baseline
C07950,A00652,billing,baseline
C07951,A00550,billing,baseline
C07952,A00494,billing,baseline
C07953,A00275,billing,baseline
C07954,A00322,billing,baseline
C07955,A00151,billing,baseline
C07956,A00175,billing,baseline
C07957,A00561,billing,baseline
C07958,A00022,billing,baseline
C07959,A00328,billing,baseline
C07960,A00179,billing,baseline
C07961,A00507,billing,baseline
C07962,A00266,billing,baseline
C07963,A00402,billing,baseline
C07964,A00570,billing,baseline
C07965,A00684,billing,baseline
C07966,A00557,billing,baseline
C07967,A00278,billing,baseline
C07968,A00171,billing,baseline
C07969,A00197,billing,baseline
C07970,A00309,billing,baseline
C07971,A00405,billing,baseline
C07972,A00581,billing,baseline
C07973,A00521,billing,baseline
C07974,A00410,billing,baseline
C07975,A00114,billing,baseline
C07976,A00457,billing,baseline
C07977,A00698,billing,baseline
C07978,A00267,billing,baseline
C07979,A00310,billing,baseline
C07980,A00159,billing,baseline
C07981,A00053,billing,baseline
C07982,A00626,billing,baseline
C07983,A00261,billing,baseline
C07984,A00674,billing,baseline
C07985,A00464,billing,baseline
C07986,A00504,billing,baseline
C07987,A00374,billing,baseline
C07988,A00449,billing,baseline
C07989,A00149,billing,baseline
C07990,A00054,billing,baseline
C07991,A00664,billing,baseline
C07992,A00655,billing,baseline
C07993,A00446,billing,baseline
C07994,A00373,billing,baseline
C07995,A00532,billing,baseline
C07996,A00096,billing,baseline
C07997,A00240,billing,baseline
C07998,A00228,billing,baseline
C07999,A00604,billing,baseline
C08000,A00547,billing,baseline
C08001,A00058,billing,baseline
C08002,A00297,billing,baseline
C08003,A00108,billing,baseline
C08004,A00538,billing,baseline
C08005,A00693,billing,baseline
C08006,A00648,billing,baseline
C08007,A00554,billing,baseline
C08008,A00629,billing,baseline
C08009,A00269,billing,baseline
C08010,A00336,billing,baseline
C08011,A00461,billing,baseline
C08012,A00458,billing,baseline
C08013,A00488,billing,baseline
C08014,A00457,billing,baseline
C08015,A00341,billing,baseline
C08016,A00302,billing,baseline
C08017,A00115,billing,baseline
C08018,A00465,billing,baseline
C08019,A00267,billing,baseline
C08020,A00044,billing,baseline
C08021,A00409,billing,baseline
C08022,A00532,billing,baseline
C08023,A00019,billing,baseline
C08024,A00590,billing,baseline
C08025,A00693,billing,baseline
C08026,A00010,billing,baseline
C08027,A00310,billing,baseline
C08028,A00492,billing,baseline
C08029,A00321,billing,baseline
C08030,A00201,billing,baseline
C08031,A00236,billing,baseline
C08032,A00011,billing,baseline
C08033,A00276,billing,baseline
C08034,A00256,billing,baseline
C08035,A00112,billing,baseline
C08036,A00585,billing,baseline
C08037,A00030,billing,baseline
C08038,A00528,billing,baseline
C08039,A00632,billing,baseline
C08040,A00374,billing,baseline
C08041,A00580,billing,baseline
C08042,A00182,billing,baseline
C08043,A00493,billing,baseline
C08044,A00605,billing,baseline
C08045,A00241,billing,baseline
C08046,A00406,billing,baseline
C08047,A00097,billing,baseline
C08048,A00032,billing,baseline
C08049,A00472,billing,baseline
C08050,A00202,billing,baseline
C08051,A00556,billing,baseline
C08052,A00593,billing,baseline
C08053,A00264,billing,baseline
C08054,A00041,billing,baseline
C08055,A00628,billing,baseline
C08056,A00263,billing,baseline
C08057,A00601,billing,baseline
C08058,A00360,billing,baseline
C08059,A00352,billing,baseline
C08060,A00451,billing,baseline
C08061,A00471,billing,baseline
C08062,A00105,billing,baseline
C08063,A00539,billing,baseline
C08064,A00516,billing,baseline
C08065,A00230,billing,baseline
C08066,A00657,billing,baseline
C08067,A00185,billing,baseline
C08068,A00382,billing,baseline
C08069,A00353,billing,baseline
C08070,A00683,billing,baseline
C08071,A00124,billing,baseline
C08072,A00070,billing,baseline
C08073,A00240,billing,baseline
C08074,A00474,billing,baseline
C08075,A00597,billing,baseline
C08076,A00452,billing,baseline
C08077,A00586,billing,baseline
C08078,A00418,billing,baseline
C08079,A00309,billing,baseline
C08080,A00340,billing,baseline
C08081,A00063,billing,baseline
C08082,A00238,billing,baseline
C08083,A00547,billing,baseline
C08084,A00610,billing,baseline
C08085,A00438,billing,baseline
C08086,A00411,billing,baseline
C08087,A00579,billing,baseline
C08088,A00492,billing,baseline
C08089,A00020,billing,baseline
C08090,A00612,billing,baseline
C08091,A00557,billing,baseline
C08092,A00014,billing,baseline
C08093,A00483,billing,baseline
C08094,A00120,billing,baseline
C08095,A00161,billing,baseline
C08096,A00655,billing,baseline
C08097,A00553,billing,baseline
C08098,A00049,billing,baseline
C08099,A00191,billing,baseline
C08100,A00528,billing,baseline
C08101,A00237,billing,baseline
C08102,A00265,billing,baseline
C08103,A00272,billing,baseline
C08104,A00291,billing,baseline
C08105,A00165,billing,baseline
C08106,A00507,billing,baseline
C08107,A00449,billing,baseline
C08108,A00078,billing,baseline
C08109,A00418,billing,baseline
C08110,A00461,billing,baseline
C08111,A00268,billing,baseline
C08112,A00698,billing,baseline
C08113,A00484,billing,baseline
C08114,A00545,billing,baseline
C08115,A00385,billing,baseline
C08116,A00135,billing,baseline
C08117,A00620,billing,baseline
C08118,A00558,billing,baseline
C08119,A00506,billing,baseline
C08120,A00072,billing,baseline
C08121,A00079,billing,baseline
C08122,A00166,billing,baseline
C08123,A00569,billing,baseline
C08124,A00490,billing,baseline
C08125,A00399,billing,baseline
C08126,A00333,billing,baseline
C08127,A00197,billing,baseline
C08128,A00520,billing,baseline
C08129,A00499,billing,baseline
C08130,A00189,billing,baseline
C08131,A00102,billing,baseline
C08132,A00136,billing,baseline
C08133,A00252,billing,baseline
C08134,A00072,billing,baseline
C08135,A00666,billing,baseline
C08136,A00494,billing,baseline
C08137,A00442,billing,baseline
C08138,A00027,billing,baseline
C08139,A00502,billing,baseline
C08140,A00273,billing,baseline
C08141,A00222,billing,baseline
C08142,A00219,billing,baseline
C08143,A00699,billing,baseline
C08144,A00265,billing,baseline
C08145,A00669,billing,baseline
C08146,A00390,billing,baseline
C08147,A00103,billing,baseline
C08148,A00335,billing,baseline
C08149,A00003,billing,baseline
C08150,A00279,billing,baseline
C08151,A00526,billing,baseline
C08152,A00584,billing,baseline
C08153,A00413,billing,baseline
C08154,A00700,billing,baseline
C08155,A00596,billing,baseline
C08156,A00056,billing,baseline
C08157,A00473,billing,baseline
C08158,A00562,billing,baseline
C08159,A00623,billing,baseline
C08160,A00348,billing,baseline
C08161,A00675,billing,baseline
C08162,A00179,billing,baseline
C08163,A00121,billing,baseline
C08164,A00190,billing,baseline
C08165,A00276,billing,baseline
C08166,A00584,billing,baseline
C08167,A00641,billing,baseline
C08168,A00014,billing,baseline
C08169,A00559,billing,baseline
C08170,A00439,billing,baseline
C08171,A00153,billing,baseline
C08172,A00453,billing,baseline
C08173,A00578,billing,baseline
C08174,A00328,billing,baseline
C08175,A00557,billing,baseline
C08176,A00186,billing,baseline
C08177,A00637,billing,baseline
C08178,A00593,billing,baseline
C08179,A00478,billing,baseline
C08180,A00115,billing,baseline
C08181,A00546,billing,baseline
C08182,A00071,billing,baseline
C08183,A00365,billing,baseline
C08184,A00696,billing,baseline
C08185,A00627,billing,baseline
C08186,A00020,billing,baseline
C08187,A00288,billing,baseline
C08188,A00655,billing,baseline
C08189,A00130,billing,baseline
C08190,A00336,billing,baseline
C08191,A00137,billing,baseline
C08192,A00240,billing,baseline
C08193,A00084,billing,baseline
C08194,A00524,billing,baseline
C08195,A00637,billing,baseline
C08196,A00048,billing,baseline
C08197,A00402,billing,baseline
C08198,A00677,billing,baseline
C08199,A00687,billing,baseline
C08200,A00621,billing,baseline
C08201,A00165,billing,baseline
C08202,A00068,billing,baseline
C08203,A00270,billing,baseline
C08204,A00661,billing,baseline
C08205,A00257,billing,baseline
C08206,A00407,billing,baseline
C08207,A00432,billing,baseline
C08208,A00549,billing,baseline
C08209,A00344,billing,baseline
C08210,A00200,billing,baseline
C08211,A00683,billing,baseline
C08212,A00524,billing,baseline
C08213,A00430,billing,baseline
C08214,A00639,billing,baseline
C08215,A00108,billing,baseline
C08216,A00520,billing,baseline
C08217,A00660,billing,baseline
C08218,A00199,billing,baseline
C08219,A00656,billing,baseline
C08220,A00331,billing,baseline
C08221,A00293,billing,baseline
C08222,A00474,billing,baseline
C08223,A00534,billing,baseline
C08224,A00566,billing,baseline
C08225,A00320,billing,baseline
C08226,A00425,billing,baseline
C08227,A00238,billing,baseline
C08228,A00374,billing,baseline
C08229,A00073,billing,baseline
C08230,A00154,billing,baseline
C08231,A00087,billing,baseline
C08232,A00393,billing,baseline
C08233,A00639,billing,baseline
C08234,A00553,billing,baseline
C08235,A00129,billing,baseline
C08236,A00602,billing,baseline
C08237,A00572,billing,baseline
C08238,A00244,billing,baseline
C08239,A00285,billing,baseline
C08240,A00703,billing,baseline
C08241,A00578,billing,baseline
C08242,A00245,billing,baseline
C08243,A00552,billing,baseline
C08244,A00207,billing,baseline
C08245,A00092,billing,baseline
C08246,A00667,billing,baseline
C08247,A00293,billing,baseline
C08248,A00592,billing,baseline
C08249,A00646,billing,baseline
C08250,A00404,billing,baseline
C08251,A00213,billing,baseline
C08252,A00460,billing,baseline
C08253,A00022,billing,baseline
C08254,A00550,billing,baseline
C08255,A00021,billing,baseline
C08256,A00429,billing,baseline
C08257,A00093,billing,baseline
C08258,A00521,billing,baseline
C08259,A00263,billing,baseline
C08260,A00595,billing,baseline
C08261,A00148,billing,baseline
C08262,A00424,billing,baseline
C08263,A00624,billing,baseline
C08264,A00166,billing,baseline
C08265,A00088,billing,baseline
C08266,A00588,billing,baseline
C08267,A00207,billing,baseline
C08268,A00336,billing,baseline
C08269,A00161,billing,baseline
C08270,A00607,billing,baseline
C08271,A00404,billing,baseline
C08272,A00296,billing,baseline
C08273,A00195,billing,baseline
C08274,A00113,billing,baseline
C08275,A00486,billing,baseline
C08276,A00473,billing,baseline
C08277,A00021,billing,baseline
C08278,A00573,billing,baseline
C08279,A00120,billing,baseline
C08280,A00010,billing,baseline
C08281,A00208,billing,baseline
C08282,A00210,billing,baseline
C08283,A00327,billing,baseline
C08284,A00511,billing,baseline
C08285,A00502,billing,baseline
C08286,A00031,billing,baseline
C08287,A00108,billing,baseline
C08288,A00287,billing,baseline
C08289,A00419,billing,baseline
C08290,A00592,billing,baseline
C08291,A00195,billing,baseline
C08292,A00198,billing,baseline
C08293,A00403,billing,baseline
C08294,A00539,billing,baseline
C08295,A00424,billing,baseline
C08296,A00376,billing,baseline
C08297,A00018,billing,baseline
C08298,A00674,billing,baseline
C08299,A00269,billing,baseline
C08300,A00196,billing,baseline
C08301,A00243,billing,baseline
C08302,A00587,billing,baseline
C08303,A00583,billing,baseline
C08304,A00639,billing,baseline
C08305,A00370,billing,baseline
C08306,A00321,billing,baseline
C08307,A00073,billing,baseline
C08308,A00656,billing,baseline
C08309,A00683,billing,baseline
C08310,A00463,billing,baseline
C08311,A00651,billing,baseline
C08312,A00295,billing,baseline
C08313,A00102,billing,baseline
C08314,A00418,billing,baseline
C08315,A00483,billing,baseline
C08316,A00042,billing,baseline
C08317,A00565,billing,baseline
C08318,A00180,billing,baseline
C08319,A00340,billing,baseline
C08320,A00530,billing,baseline
C08321,A00188,billing,baseline
C08322,A00659,billing,baseline
C08323,A00291,billing,baseline
C08324,A00019,billing,baseline
C08325,A00392,billing,baseline
C08326,A00148,billing,baseline
C08327,A00661,billing,baseline
C08328,A00034,billing,baseline
C08329,A00390,billing,baseline
C08330,A00662,billing,baseline
C08331,A00247,billing,baseline
C08332,A00193,billing,baseline
C08333,A00590,billing,baseline
C08334,A00374,billing,baseline
C08335,A00476,billing,baseline
C08336,A00314,billing,baseline
C08337,A00008,billing,baseline
C08338,A00474,billing,baseline
C08339,A00371,billing,baseline
C08340,A00162,billing,baseline
C08341,A00315,billing,baseline
C08342,A00160,billing,baseline
C08343,A00166,billing,baseline
C08344,A00436,billing,baseline
C08345,A00216,billing,baseline
C08346,A00697,billing,baseline
C08347,A00238,billing,baseline
C08348,A00421,billing,baseline
C08349,A00373,billing,baseline
C08350,A00058,billing,baseline
C08351,A00088,billing,baseline
C08352,A00170,billing,baseline
C08353,A00507,billing,baseline
C08354,A00124,billing,baseline
C08355,A00277,billing,baseline
C08356,A00373,billing,baseline
C08357,A00055,billing,baseline
C08358,A00248,billing,baseline
C08359,A00594,billing,baseline
C08360,A00057,billing,baseline
C08361,A00414,billing,baseline
C08362,A00540,billing,baseline
C08363,A00534,billing,baseline
C08364,A00360,billing,baseline
C08365,A00451,billing,baseline
C08366,A00479,billing,baseline
C08367,A00446,billing,baseline
C08368,A00145,billing,baseline
C08369,A00506,billing,baseline
C08370,A00618,billing,baseline
C08371,A00369,billing,baseline
C08372,A00452,billing,baseline
C08373,A00141,billing,baseline
C08374,A00178,billing,baseline
C08375,A00060,billing,baseline
C08376,A00522,billing,baseline
C08377,A00624,billing,baseline
C08378,A00706,billing,baseline
C08379,A00023,billing,baseline
C08380,A00468,billing,baseline
C08381,A00226,billing,baseline
C08382,A00052,billing,baseline
C08383,A00530,billing,baseline
C08384,A00219,billing,baseline
C08385,A00235,billing,baseline
C08386,A00347,billing,baseline
C08387,A00479,billing,baseline
C08388,A00495,billing,baseline
C08389,A00223,billing,baseline
C08390,A00445,billing,baseline
C08391,A00365,billing,baseline
C08392,A00442,billing,baseline
C08393,A00645,billing,baseline
C08394,A00637,billing,baseline
C08395,A00354,billing,baseline
C08396,A00225,billing,baseline
C08397,A00504,billing,baseline
C08398,A00541,billing,baseline
C08399,A00686,billing,baseline
C08400,A00130,billing,baseline
C08401,A00205,billing,baseline
C08402,A00420,billing,baseline
C08403,A00472,billing,baseline
C08404,A00406,billing,baseline
C08405,A00356,billing,baseline
C08406,A00100,billing,baseline
C08407,A00307,billing,baseline
C08408,A00534,billing,baseline
C08409,A00621,billing,baseline
C08410,A00089,billing,baseline
C08411,A00623,billing,baseline
C08412,A00074,billing,baseline
C08413,A00130,billing,baseline
C08414,A00082,billing,baseline
C08415,A00520,billing,baseline
C08416,A00365,billing,baseline
C08417,A00268,billing,baseline
C08418,A00050,billing,baseline
C08419,A00071,billing,baseline
C08420,A00494,billing,baseline
C08421,A00352,billing,baseline
C08422,A00156,billing,baseline
C08423,A00129,billing,baseline
C08424,A00305,billing,baseline
C08425,A00002,billing,baseline
C08426,A00178,billing,baseline
C08427,A00033,billing,baseline
C08428,A00130,billing,baseline
C08429,A00375,billing,baseline
C08430,A00186,billing,baseline
C08431,A00208,billing,baseline
C08432,A00578,billing,baseline
C08433,A00258,billing,baseline
C08434,A00084,billing,baseline
C08435,A00081,billing,baseline
C08436,A00287,billing,baseline
C08437,A00069,billing,baseline
C08438,A00396,billing,baseline
C08439,A00668,billing,baseline
C08440,A00507,billing,baseline
C08441,A00215,billing,baseline
C08442,A00328,billing,baseline
C08443,A00371,billing,baseline
C08444,A00110,billing,baseline
C08445,A00153,billing,baseline
C08446,A00454,billing,baseline
C08447,A00592,billing,baseline
C08448,A00263,billing,baseline
C08449,A00667,billing,baseline
C08450,A00285,billing,baseline
C08451,A00422,billing,baseline
C08452,A00495,billing,baseline
C08453,A00699,billing,baseline
C08454,A00646,billing,baseline
C08455,A00562,billing,baseline
C08456,A00303,billing,baseline
C08457,A00240,billing,baseline
C08458,A00009,billing,baseline
C08459,A00024,billing,baseline
C08460,A00257,billing,baseline
C08461,A00531,billing,baseline
C08462,A00309,billing,baseline
C08463,A00166,billing,baseline
C08464,A00388,billing,baseline
C08465,A00568,billing,baseline
C08466,A00445,billing,baseline
C08467,A00182,billing,baseline
C08468,A00291,billing,baseline
C08469,A00360,billing,baseline
C08470,A00603,billing,baseline
C08471,A00501,billing,baseline
C08472,A00067,billing,baseline
C08473,A00571,billing,baseline
C08474,A00214,billing,baseline
C08475,A00502,billing,baseline
C08476,A00687,billing,baseline
C08477,A00340,billing,baseline
C08478,A00355,billing,baseline
C08479,A00235,billing,baseline
C08480,A00346,billing,baseline
C08481,A00580,billing,baseline
C08482,A00319,billing,baseline
C08483,A00634,billing,baseline
C08484,A00667,billing,baseline
C08485,A00341,billing,baseline
C08486,A00189,billing,baseline
C08487,A00457,billing,baseline
C08488,A00656,billing,baseline
C08489,A00236,billing,baseline
C08490,A00114,billing,baseline
C08491,A00010,billing,baseline
C08492,A00506,billing,baseline
C08493,A00144,billing,baseline
C08494,A00085,billing,baseline
C08495,A00047,billing,baseline
C08496,A00013,billing,baseline
C08497,A00288,billing,baseline
C08498,A00049,billing,baseline
C08499,A00559,billing,baseline
C08500,A00567,billing,baseline
C08501,A00216,billing,baseline
C08502,A00056,billing,baseline
C08503,A00680,billing,baseline
C08504,A00204,billing,baseline
C08505,A00580,billing,baseline
C08506,A00194,billing,baseline
C08507,A00520,billing,baseline
C08508,A00312,billing,baseline
C08509,A00492,billing,baseline
C08510,A00329,billing,baseline
C08511,A00659,billing,baseline
C08512,A00323,billing,baseline
C08513,A00166,billing,baseline
C08514,A00195,billing,baseline
C08515,A00596,billing,baseline
C08516,A00160,billing,baseline
C08517,A00516,billing,baseline
C08518,A00404,billing,baseline
C08519,A00429,billing,baseline
C08520,A00307,billing,baseline
C08521,A00036,billing,baseline
C08522,A00266,billing,baseline
C08523,A00177,billing,baseline
C08524,A00476,billing,baseline
C08525,A00365,billing,baseline
C08526,A00117,billing,baseline
C08527,A00692,billing,baseline
C08528,A00439,billing,baseline
C08529,A00506,billing,baseline
C08530,A00186,billing,baseline
C08531,A00656,billing,baseline
C08532,A00018,billing,baseline
C08533,A00232,billing,baseline
C08534,A00526,billing,baseline
C08535,A00375,billing,baseline
C08536,A00579,billing,baseline
C08537,A00683,billing,baseline
C08538,A00339,billing,baseline
C08539,A00545,billing,baseline
C08540,A00219,billing,baseline
C08541,A00307,billing,baseline
C08542,A00351,billing,baseline
C08543,A00419,billing,baseline
C08544,A00444,billing,baseline
C08545,A00579,billing,baseline
C08546,A00236,billing,baseline
C08547,A00320,billing,baseline
C08548,A00594,billing,baseline
C08549,A00210,billing,baseline
C08550,A00381,billing,baseline
C08551,A00104,billing,baseline
C08552,A00230,billing,baseline
C08553,A00347,billing,baseline
C08554,A00532,billing,baseline
C08555,A00083,billing,baseline
C08556,A00528,billing,baseline
C08557,A00271,billing,baseline
C08558,A00459,billing,baseline
C08559,A00539,billing,baseline
C08560,A00004,billing,baseline
C08561,A00089,billing,baseline
C08562,A00260,billing,baseline
C08563,A00680,billing,baseline
C08564,A00404,billing,baseline
C08565,A00686,billing,baseline
C08566,A00479,billing,baseline
C08567,A00352,billing,baseline
C08568,A00570,billing,baseline
C08569,A00022,billing,baseline
C08570,A00080,billing,baseline
C08571,A00600,billing,baseline
C08572,A00617,billing,baseline
C08573,A00673,billing,baseline
C08574,A00493,billing,baseline
C08575,A00082,billing,baseline
C08576,A00455,billing,baseline
C08577,A00367,billing,baseline
C08578,A00171,billing,baseline
C08579,A00514,billing,baseline
C08580,A00224,billing,baseline
C08581,A00119,billing,baseline
C08582,A00354,billing,baseline
C08583,A00230,billing,baseline
C08584,A00120,billing,baseline
C08585,A00662,billing,baseline
C08586,A00262,billing,baseline
C08587,A00124,billing,baseline
C08588,A00368,billing,baseline
C08589,A00584,billing,baseline
C08590,A00656,billing,baseline
C08591,A00410,billing,baseline
C08592,A00343,billing,baseline
C08593,A00009,billing,baseline
C08594,A00453,billing,baseline
C08595,A00693,billing,baseline
C08596,A00368,billing,baseline
C08597,A00219,billing,baseline
C08598,A00048,billing,baseline
C08599,A00669,billing,baseline
C08600,A00369,billing,baseline
C08601,A00287,billing,baseline
C08602,A00497,billing,baseline
C08603,A00679,billing,baseline
C08604,A00429,billing,baseline
C08605,A00531,billing,baseline
C08606,A00180,billing,baseline
C08607,A00289,billing,baseline
C08608,A00359,billing,baseline
C08609,A00044,billing,baseline
C08610,A00147,billing,baseline
C08611,A00401,billing,baseline
C08612,A00215,billing,baseline
C08613,A00252,billing,baseline
C08614,A00547,billing,baseline
C08615,A00329,billing,baseline
C08616,A00443,billing,baseline
C08617,A00520,billing,baseline
C08618,A00383,billing,baseline
C08619,A00046,billing,baseline
C08620,A00262,billing,baseline
C08621,A00385,billing,baseline
C08622,A00527,billing,baseline
C08623,A00525,billing,baseline
C08624,A00046,billing,baseline
C08625,A00433,billing,baseline
C08626,A00424,billing,baseline
C08627,A00451,billing,baseline
C08628,A00237,billing,baseline
C08629,A00462,billing,baseline
C08630,A00628,billing,baseline
C08631,A00657,billing,baseline
C08632,A00627,billing,baseline
C08633,A00129,billing,baseline
C08634,A00254,billing,baseline
C08635,A00705,billing,baseline
C08636,A00648,billing,baseline
C08637,A00658,billing,baseline
C08638,A00194,billing,baseline
C08639,A00461,billing,baseline
C08640,A00224,billing,baseline
C08641,A00075,billing,baseline
C08642,A00552,billing,baseline
C08643,A00292,billing,baseline
C08644,A00707,billing,baseline
C08645,A00424,billing,baseline
C08646,A00387,billing,baseline
C08647,A00227,billing,baseline
C08648,A00215,billing,baseline
C08649,A00566,billing,baseline
C08650,A00634,billing,baseline
C08651,A00144,billing,baseline
C08652,A00060,billing,baseline
C08653,A00188,billing,baseline
C08654,A00504,billing,baseline
C08655,A00191,billing,baseline
C08656,A00551,billing,baseline
C08657,A00221,billing,baseline
C08658,A00095,billing,baseline
C08659,A00344,billing,baseline
C08660,A00583,billing,baseline
C08661,A00645,billing,baseline
C08662,A00356,billing,baseline
C08663,A00615,billing,baseline
C08664,A00697,billing,baseline
C08665,A00025,billing,baseline
C08666,A00455,billing,baseline
C08667,A00329,billing,baseline
C08668,A00008,billing,baseline
C08669,A00051,billing,baseline
C08670,A00617,billing,baseline
C08671,A00083,billing,baseline
C08672,A00552,billing,baseline
C08673,A00422,billing,baseline
C08674,A00320,billing,baseline
C08675,A00152,billing,baseline
C08676,A00090,billing,baseline
C08677,A00705,billing,baseline
C08678,A00224,billing,baseline
C08679,A00241,billing,baseline
C08680,A00204,billing,baseline
C08681,A00064,billing,baseline
C08682,A00424,billing,baseline
C08683,A00374,billing,baseline
C08684,A00686,billing,baseline
C08685,A00518,billing,baseline
C08686,A00012,billing,baseline
C08687,A00625,billing,baseline
C08688,A00155,billing,baseline
C08689,A00242,billing,baseline
C08690,A00503,billing,baseline
C08691,A00352,billing,baseline
C08692,A00216,billing,baseline
C08693,A00040,billing,baseline
C08694,A00531,billing,baseline
C08695,A00493,billing,baseline
C08696,A00146,billing,baseline
C08697,A00451,billing,baseline
C08698,A00036,billing,baseline
C08699,A00317,billing,baseline
C08700,A00522,billing,baseline
C08701,A00276,billing,baseline
C08702,A00255,billing,baseline
C08703,A00274,billing,baseline
C08704,A00508,billing,baseline
C08705,A00270,billing,baseline
C08706,A00045,billing,baseline
C08707,A00134,billing,baseline
C08708,A00195,billing,baseline
C08709,A00068,billing,baseline
C08710,A00071,billing,baseline
C08711,A00657,billing,baseline
C08712,A00456,billing,baseline
C08713,A00180,billing,baseline
C08714,A00093,billing,baseline
C08715,A00157,billing,baseline
C08716,A00048,billing,baseline
C08717,A00400,billing,baseline
C08718,A00386,billing,baseline
C08719,A00574,billing,baseline
C08720,A00068,billing,baseline
C08721,A00480,billing,baseline
C08722,A00553,billing,baseline
C08723,A00481,billing,baseline
C08724,A00449,billing,baseline
C08725,A00428,billing,baseline
C08726,A00021,billing,baseline
C08727,A00601,billing,baseline
C08728,A00560,billing,baseline
C08729,A00096,billing,baseline
C08730,A00030,billing,baseline
C08731,A00154,billing,baseline
C08732,A00651,billing,baseline
C08733,A00397,billing,baseline
C08734,A00491,billing,baseline
C08735,A00333,billing,baseline
C08736,A00156,billing,baseline
C08737,A00044,billing,baseline
C08738,A00427,billing,baseline
C08739,A00281,billing,baseline
C08740,A00383,billing,baseline
C08741,A00659,billing,baseline
C08742,A00674,billing,baseline
C08743,A00015,billing,baseline
C08744,A00051,billing,baseline
C08745,A00023,billing,baseline
C08746,A00573,billing,baseline
C08747,A00340,billing,baseline
C08748,A00165,billing,baseline
C08749,A00535,billing,baseline
C08750,A00239,billing,baseline
C08751,A00330,billing,baseline
C08752,A00180,billing,baseline
C08753,A00492,billing,baseline
C08754,A00146,billing,baseline
C08755,A00326,billing,baseline
C08756,A00339,billing,baseline
C08757,A00480,billing,baseline
C08758,A00379,billing,baseline
C08759,A00521,billing,baseline
C08760,A00520,billing,baseline
C08761,A00271,billing,baseline
C08762,A00320,billing,baseline
C08763,A00287,billing,baseline
C08764,A00312,billing,baseline
C08765,A00664,billing,baseline
C08766,A00315,billing,baseline
C08767,A00464,billing,baseline
C08768,A00642,billing,baseline
C08769,A00201,billing,baseline
C08770,A00017,billing,baseline
C08771,A00046,billing,baseline
C08772,A00084,billing,baseline
C08773,A00679,billing,baseline
C08774,A00242,billing,baseline
C08775,A00441,billing,baseline
C08776,A00370,billing,baseline
C08777,A00611,billing,baseline
C08778,A00584,billing,baseline
C08779,A00454,billing,baseline
C08780,A00069,billing,baseline
C08781,A00630,billing,baseline
C08782,A00391,billing,baseline
C08783,A00565,billing,baseline
C08784,A00061,billing,baseline
C08785,A00010,billing,baseline
C08786,A00195,billing,baseline
C08787,A00508,billing,baseline
C08788,A00157,billing,baseline
C08789,A00067,billing,baseline
C08790,A00287,billing,baseline
C08791,A00560,billing,baseline
C08792,A00609,billing,baseline
C08793,A00117,billing,baseline
C08794,A00272,billing,baseline
C08795,A00604,billing,baseline
C08796,A00282,billing,baseline
C08797,A00456,billing,baseline
C08798,A00668,billing,baseline
C08799,A00103,billing,baseline
C08800,A00226,billing,baseline
C08801,A00452,billing,baseline
C08802,A00622,billing,baseline
C08803,A00180,billing,baseline
C08804,A00227,billing,baseline
C08805,A00476,billing,baseline
C08806,A00507,billing,baseline
C08807,A00560,billing,baseline
C08808,A00190,billing,baseline
C08809,A00024,billing,baseline
C08810,A00321,billing,baseline
C08811,A00343,billing,baseline
C08812,A00234,billing,baseline
C08813,A00047,billing,baseline
C08814,A00485,billing,baseline
C08815,A00688,billing,baseline
C08816,A00381,billing,baseline
C08817,A00530,billing,baseline
C08818,A00235,billing,baseline
C08819,A00575,billing,baseline
C08820,A00164,billing,baseline
C08821,A00114,billing,baseline
C08822,A00546,billing,baseline
C08823,A00397,billing,baseline
C08824,A00286,billing,baseline
C08825,A00666,billing,baseline
C08826,A00637,billing,baseline
C08827,A00204,billing,baseline
C08828,A00378,billing,baseline
C08829,A00376,billing,baseline
C08830,A00258,billing,baseline
C08831,A00194,billing,baseline
C08832,A00225,billing,baseline
C08833,A00569,billing,baseline
C08834,A00581,billing,baseline
C08835,A00147,billing,baseline
C08836,A00300,billing,baseline
C08837,A00690,billing,baseline
C08838,A00212,billing,baseline
C08839,A00646,billing,baseline
C08840,A00022,billing,baseline
C08841,A00052,billing,baseline
C08842,A00704,billing,baseline
C08843,A00093,billing,baseline
C08844,A00307,billing,baseline
C08845,A00383,billing,baseline
C08846,A00448,billing,baseline
C08847,A00427,billing,baseline
C08848,A00313,billing,baseline
C08849,A00061,billing,baseline
C08850,A00268,billing,baseline
C08851,A00364,billing,baseline
C08852,A00152,billing,baseline
C08853,A00541,billing,baseline
C08854,A00404,billing,baseline
C08855,A00469,billing,baseline
C08856,A00335,billing,baseline
C08857,A00030,billing,baseline
C08858,A00147,billing,baseline
C08859,A00390,billing,baseline
C08860,A00302,billing,baseline
C08861,A00446,billing,baseline
C08862,A00220,billing,baseline
C08863,A00054,billing,baseline
C08864,A00171,billing,baseline
C08865,A00159,billing,baseline
C08866,A00320,billing,baseline
C08867,A00144,billing,baseline
C08868,A00300,billing,baseline
C08869,A00362,billing,baseline
C08870,A00632,billing,baseline
C08871,A00574,billing,baseline
C08872,A00254,billing,baseline
C08873,A00102,billing,baseline
C08874,A00287,billing,baseline
C08875,A00334,billing,baseline
C08876,A00676,billing,baseline
C08877,A00181,billing,baseline
C08878,A00652,billing,baseline
C08879,A00048,billing,baseline
C08880,A00673,billing,baseline
C08881,A00094,billing,baseline
C08882,A00657,billing,baseline
C08883,A00148,billing,baseline
C08884,A00417,billing,baseline
C08885,A00292,billing,baseline
C08886,A00222,billing,baseline
C08887,A00194,billing,baseline
C08888,A00173,billing,baseline
C08889,A00707,billing,baseline
C08890,A00646,billing,baseline
C08891,A00272,billing,baseline
C08892,A00663,billing,baseline
C08893,A00466,billing,baseline
C08894,A00058,billing,baseline
C08895,A00579,billing,baseline
C08896,A00678,billing,baseline
C08897,A00440,billing,baseline
C08898,A00546,billing,baseline
C08899,A00655,billing,baseline
C08900,A00001,billing,baseline
C08901,A00185,billing,baseline
C08902,A00674,billing,baseline
C08903,A00422,billing,baseline
C08904,A00596,billing,baseline
C08905,A00019,billing,baseline
C08906,A00195,billing,baseline
C08907,A00707,billing,baseline
C08908,A00207,billing,baseline
C08909,A00237,billing,baseline
C08910,A00101,billing,baseline
C08911,A00055,billing,baseline
C08912,A00060,billing,baseline
C08913,A00022,billing,baseline
C08914,A00553,billing,baseline
C08915,A00246,billing,baseline
C08916,A00414,billing,baseline
C08917,A00510,billing,baseline
C08918,A00700,billing,baseline
C08919,A00406,billing,baseline
C08920,A00334,billing,baseline
C08921,A00017,billing,baseline
C08922,A00048,billing,baseline
C08923,A00520,billing,baseline
C08924,A00004,billing,baseline
C08925,A00703,billing,baseline
C08926,A00628,billing,baseline
C08927,A00614,billing,baseline
C08928,A00636,billing,baseline
C08929,A00168,billing,baseline
C08930,A00299,billing,baseline
C08931,A00427,billing,baseline
C08932,A00466,billing,baseline
C08933,A00552,billing,baseline
C08934,A00490,billing,baseline
C08935,A00442,billing,baseline
C08936,A00423,billing,baseline
C08937,A00191,billing,baseline
C08938,A00659,billing,baseline
C08939,A00459,billing,baseline
C08940,A00069,billing,baseline
C08941,A00491,billing,baseline
C08942,A00287,billing,baseline
C08943,A00230,billing,baseline
C08944,A00397,billing,baseline
C08945,A00446,billing,baseline
C08946,A00154,billing,baseline
C08947,A00420,billing,baseline
C08948,A00227,billing,baseline
C08949,A00477,billing,baseline
C08950,A00178,billing,baseline
C08951,A00655,billing,baseline
C08952,A00079,billing,baseline
C08953,A00210,billing,baseline
C08954,A00227,billing,baseline
C08955,A00516,billing,baseline
C08956,A00106,billing,baseline
C08957,A00659,billing,baseline
C08958,A00449,billing,baseline
C08959,A00689,billing,baseline
C08960,A00362,billing,baseline
C08961,A00308,billing,baseline
C08962,A00003,billing,baseline
C08963,A00460,billing,baseline
C08964,A00682,billing,baseline
C08965,A00663,billing,baseline
C08966,A00667,billing,baseline
C08967,A00422,billing,baseline
C08968,A00625,billing,baseline
C08969,A00588,billing,baseline
C08970,A00553,billing,baseline
C08971,A00438,billing,baseline
C08972,A00438,billing,baseline
C08973,A00395,billing,baseline
C08974,A00132,billing,baseline
C08975,A00012,billing,baseline
C08976,A00464,billing,baseline
C08977,A00263,billing,baseline
C08978,A00283,billing,baseline
C08979,A00523,billing,baseline
C08980,A00588,billing,baseline
C08981,A00471,billing,baseline
C08982,A00558,billing,baseline
C08983,A00658,billing,baseline
C08984,A00510,billing,baseline
C08985,A00595,billing,baseline
C08986,A00550,billing,baseline
C08987,A00529,billing,baseline
C08988,A00071,billing,baseline
C08989,A00042,billing,baseline
C08990,A00004,billing,baseline
C08991,A00575,billing,baseline
C08992,A00184,billing,baseline
C08993,A00398,billing,baseline
C08994,A00424,billing,baseline
C08995,A00369,billing,baseline
C08996,A00420,billing,baseline
C08997,A00364,billing,baseline
C08998,A00306,billing,baseline
C08999,A00543,billing,baseline
C09000,A00585,billing,baseline
C09001,A00690,billing,baseline
C09002,A00638,billing,baseline
C09003,A00192,billing,baseline
C09004,A00080,billing,baseline
C09005,A00261,billing,baseline
C09006,A00459,billing,baseline
C09007,A00304,billing,baseline
C09008,A00323,billing,baseline
C09009,A00269,billing,baseline
C09010,A00697,billing,baseline
C09011,A00330,billing,baseline
C09012,A00050,billing,baseline
C09013,A00398,billing,baseline
C09014,A00602,billing,baseline
C09015,A00609,billing,baseline
C09016,A00114,billing,baseline
C09017,A00080,billing,baseline
C09018,A00045,billing,baseline
C09019,A00118,billing,baseline
C09020,A00082,billing,baseline
C09021,A00482,billing,baseline
C09022,A00685,billing,baseline
C09023,A00164,billing,baseline
C09024,A00256,billing,baseline
C09025,A00134,billing,baseline
C09026,A00140,billing,baseline
C09027,A00186,billing,baseline
C09028,A00319,billing,baseline
C09029,A00267,billing,baseline
C09030,A00412,billing,baseline
C09031,A00112,billing,baseline
C09032,A00024,billing,baseline
C09033,A00663,billing,baseline
C09034,A00109,billing,baseline
C09035,A00583,billing,baseline
C09036,A00357,billing,baseline
C09037,A00321,billing,baseline
C09038,A00399,billing,baseline
C09039,A00629,billing,baseline
C09040,A00311,billing,baseline
C09041,A00614,billing,baseline
C09042,A00524,billing,baseline
C09043,A00503,billing,baseline
C09044,A00680,billing,baseline
C09045,A00102,billing,baseline
C09046,A00011,billing,baseline
C09047,A00243,billing,baseline
C09048,A00375,billing,baseline
C09049,A00297,billing,baseline
C09050,A00675,billing,baseline
C09051,A00022,billing,baseline
C09052,A00561,billing,baseline
C09053,A00132,billing,baseline
C09054,A00484,billing,baseline
C09055,A00311,billing,baseline
C09056,A00099,billing,baseline
C09057,A00433,billing,baseline
C09058,A00630,billing,baseline
C09059,A00395,billing,baseline
C09060,A00479,billing,baseline
C09061,A00027,billing,baseline
C09062,A00146,billing,baseline
C09063,A00496,billing,baseline
C09064,A00688,billing,baseline
C09065,A00341,billing,baseline
C09066,A00520,billing,baseline
C09067,A00258,billing,baseline
C09068,A00592,billing,baseline
C09069,A00056,billing,baseline
C09070,A00474,billing,baseline
C09071,A00527,billing,baseline
C09072,A00259,billing,baseline
C09073,A00199,billing,baseline
C09074,A00428,billing,baseline
C09075,A00127,billing,baseline
C09076,A00137,billing,baseline
C09077,A00015,billing,baseline
C09078,A00700,billing,baseline
C09079,A00374,billing,baseline
C09080,A00195,billing,baseline
C09081,A00498,billing,baseline
C09082,A00235,billing,baseline
C09083,A00096,billing,baseline
C09084,A00449,billing,baseline
C09085,A00323,billing,baseline
C09086,A00325,billing,baseline
C09087,A00257,billing,baseline
C09088,A00430,billing,baseline
C09089,A00195,billing,baseline
C09090,A00232,billing,baseline
C09091,A00596,billing,baseline
C09092,A00158,billing,baseline
C09093,A00409,billing,baseline
C09094,A00050,billing,baseline
C09095,A00210,billing,baseline
C09096,A00341,billing,baseline
C09097,A00278,billing,baseline
C09098,A00160,billing,baseline
C09099,A00058,billing,baseline
C09100,A00503,billing,baseline
C09101,A00233,billing,baseline
C09102,A00006,billing,baseline
C09103,A00328,billing,baseline
C09104,A00565,billing,baseline
C09105,A00629,billing,baseline
C09106,A00605,billing,baseline
C09107,A00230,billing,baseline
C09108,A00032,billing,baseline
C09109,A00043,billing,baseline
C09110,A00527,billing,baseline
C09111,A00509,billing,baseline
C09112,A00199,billing,baseline
C09113,A00516,billing,baseline
C09114,A00281,billing,baseline
C09115,A00588,billing,baseline
C09116,A00630,billing,baseline
C09117,A00150,billing,baseline
C09118,A00342,billing,baseline
C09119,A00640,billing,baseline
C09120,A00041,billing,baseline
C09121,A00436,billing,baseline
C09122,A00304,billing,baseline
C09123,A00430,billing,baseline
C09124,A00098,billing,baseline
C09125,A00057,billing,baseline
C09126,A00357,billing,baseline
C09127,A00162,billing,baseline
C09128,A00612,billing,baseline
C09129,A00408,billing,baseline
C09130,A00401,billing,baseline
C09131,A00702,billing,baseline
C09132,A00108,billing,baseline
C09133,A00117,billing,baseline
C09134,A00648,billing,baseline
C09135,A00533,billing,baseline
C09136,A00173,billing,baseline
C09137,A00687,billing,baseline
C09138,A00260,billing,baseline
C09139,A00328,billing,baseline
C09140,A00364,billing,baseline
C09141,A00332,billing,baseline
C09142,A00531,billing,baseline
C09143,A00648,billing,baseline
C09144,A00052,billing,baseline
C09145,A00562,billing,baseline
C09146,A00553,billing,baseline
C09147,A00637,billing,baseline
C09148,A00312,billing,baseline
C09149,A00406,billing,baseline
C09150,A00398,billing,baseline
C09151,A00036,billing,baseline
C09152,A00611,billing,baseline
C09153,A00696,billing,baseline
C09154,A00580,billing,baseline
C09155,A00019,billing,baseline
C09156,A00509,billing,baseline
C09157,A00053,billing,baseline
C09158,A00516,billing,baseline
C09159,A00021,billing,baseline
C09160,A00226,billing,baseline
C09161,A00397,billing,baseline
C09162,A00354,billing,baseline
C09163,A00593,billing,baseline
C09164,A00554,billing,baseline
C09165,A00148,billing,baseline
C09166,A00107,billing,baseline
C09167,A00226,billing,baseline
C09168,A00367,billing,baseline
C09169,A00522,billing,baseline
C09170,A00707,billing,baseline
C09171,A00081,billing,baseline
C09172,A00282,billing,baseline
C09173,A00132,billing,baseline
C09174,A00334,billing,baseline
C09175,A00318,billing,baseline
C09176,A00016,billing,baseline
C09177,A00418,billing,baseline
C09178,A00708,billing,baseline
C09179,A00547,billing,baseline
C09180,A00507,billing,baseline
C09181,A00494,billing,baseline
C09182,A00502,billing,baseline
C09183,A00635,billing,baseline
C09184,A00311,billing,baseline
C09185,A00195,billing,baseline
C09186,A00316,billing,baseline
C09187,A00183,billing,baseline
C09188,A00311,billing,baseline
C09189,A00078,billing,baseline
C09190,A00435,billing,baseline
C09191,A00318,billing,baseline
C09192,A00281,billing,baseline
C09193,A00034,billing,baseline
C09194,A00017,billing,baseline
C09195,A00164,billing,baseline
C09196,A00550,billing,baseline
C09197,A00450,billing,baseline
C09198,A00409,billing,baseline
C09199,A00207,billing,baseline
C09200,A00155,billing,baseline
C09201,A00536,billing,baseline
C09202,A00364,billing,baseline
C09203,A00597,billing,baseline
C09204,A00002,billing,baseline
C09205,A00035,billing,baseline
C09206,A00390,billing,baseline
C09207,A00481,billing,baseline
C09208,A00168,billing,baseline
C09209,A00234,billing,baseline
C09210,A00400,billing,baseline
C09211,A00237,billing,baseline
C09212,A00707,billing,baseline
C09213,A00342,billing,baseline
C09214,A00530,billing,baseline
C09215,A00272,billing,baseline
C09216,A00585,billing,baseline
C09217,A00313,billing,baseline
C09218,A00503,billing,baseline
C09219,A00256,billing,baseline
C09220,A00606,billing,baseline
C09221,A00665,billing,baseline
C09222,A00142,billing,baseline
C09223,A00403,billing,baseline
C09224,A00702,billing,baseline
C09225,A00367,billing,baseline
C09226,A00154,billing,baseline
C09227,A00380,billing,baseline
C09228,A00417,billing,baseline
C09229,A00172,billing,baseline
C09230,A00440,billing,baseline
C09231,A00284,billing,baseline
C09232,A00535,billing,baseline
C09233,A00348,billing,baseline
C09234,A00190,billing,baseline
C09235,A00174,billing,baseline
C09236,A00277,billing,baseline
C09237,A00307,billing,baseline
C09238,A00151,billing,baseline
C09239,A00150,billing,baseline
C09240,A00159,billing,baseline
C09241,A00405,billing,baseline
C09242,A00305,billing,baseline
C09243,A00028,billing,baseline
C09244,A00475,billing,baseline
C09245,A00707,billing,baseline
C09246,A00366,billing,baseline
C09247,A00224,billing,baseline
C09248,A00215,billing,baseline
C09249,A00386,billing,baseline
C09250,A00618,billing,baseline
C09251,A00494,billing,baseline
C09252,A00181,billing,baseline
C09253,A00523,billing,baseline
C09254,A00074,billing,baseline
C09255,A00684,billing,baseline
C09256,A00109,billing,baseline
C09257,A00517,billing,baseline
C09258,A00109,billing,baseline
C09259,A00598,billing,baseline
C09260,A00624,billing,baseline
C09261,A00294,billing,baseline
C09262,A00320,billing,baseline
C09263,A00565,billing,baseline
C09264,A00470,billing,baseline
C09265,A00093,billing,baseline
C09266,A00038,billing,baseline
C09267,A00193,billing,baseline
C09268,A00534,billing,baseline
C09269,A00273,billing,baseline
C09270,A00388,billing,baseline
C09271,A00077,billing,baseline
C09272,A00402,billing,baseline
C09273,A00549,billing,baseline
C09274,A00072,billing,baseline
C09275,A00270,billing,baseline
C09276,A00132,billing,baseline
C09277,A00496,billing,baseline
C09278,A00307,billing,baseline
C09279,A00008,billing,baseline
C09280,A00596,billing,baseline
C09281,A00017,billing,baseline
C09282,A00198,billing,baseline
C09283,A00032,billing,baseline
C09284,A00250,billing,baseline
C09285,A00484,billing,baseline
C09286,A00397,billing,baseline
C09287,A00336,billing,baseline
C09288,A00375,billing,baseline
C09289,A00020,billing,baseline
C09290,A00580,billing,baseline
C09291,A00565,billing,baseline
C09292,A00373,billing,baseline
C09293,A00050,billing,baseline
C09294,A00059,billing,baseline
C09295,A00090,billing,baseline
C09296,A00659,billing,baseline
C09297,A00013,billing,baseline
C09298,A00046,billing,baseline
C09299,A00161,billing,baseline
C09300,A00656,billing,baseline
C09301,A00540,billing,baseline
C09302,A00159,billing,baseline
C09303,A00058,billing,baseline
C09304,A00422,billing,baseline
C09305,A00413,billing,baseline
C09306,A00552,billing,baseline
C09307,A00096,billing,baseline
C09308,A00621,billing,baseline
C09309,A00445,billing,baseline
C09310,A00494,billing,baseline
C09311,A00375,billing,baseline
C09312,A00566,billing,baseline
C09313,A00089,billing,baseline
C09314,A00572,billing,baseline
C09315,A00387,billing,baseline
C09316,A00313,billing,baseline
C09317,A00290,billing,baseline
C09318,A00235,billing,baseline
C09319,A00659,billing,baseline
C09320,A00477,billing,baseline
C09321,A00275,billing,baseline
C09322,A00445,billing,baseline
C09323,A00337,billing,baseline
C09324,A00661,billing,baseline
C09325,A00004,billing,baseline
C09326,A00059,billing,baseline
C09327,A00506,billing,baseline
C09328,A00078,billing,baseline
C09329,A00162,billing,baseline
C09330,A00292,billing,baseline
C09331,A00464,billing,baseline
C09332,A00030,billing,baseline
C09333,A00510,billing,baseline
C09334,A00509,billing,baseline
C09335,A00602,billing,baseline
C09336,A00599,billing,baseline
C09337,A00382,billing,baseline
C09338,A00300,billing,baseline
C09339,A00322,billing,baseline
C09340,A00710,billing,baseline
C09341,A00201,billing,baseline
C09342,A00303,billing,baseline
C09343,A00706,billing,baseline
C09344,A00402,billing,baseline
C09345,A00311,billing,baseline
C09346,A00590,billing,baseline
C09347,A00466,billing,baseline
C09348,A00068,billing,baseline
C09349,A00463,billing,baseline
C09350,A00481,billing,baseline
C09351,A00353,billing,baseline
C09352,A00665,billing,baseline
C09353,A00643,billing,baseline
C09354,A00493,billing,baseline
C09355,A00093,billing,baseline
C09356,A00635,billing,baseline
C09357,A00512,billing,baseline
C09358,A00592,billing,baseline
C09359,A00475,billing,baseline
C09360,A00419,billing,baseline
C09361,A00512,billing,baseline
C09362,A00083,billing,baseline
C09363,A00233,billing,baseline
C09364,A00443,billing,baseline
C09365,A00589,billing,baseline
C09366,A00353,billing,baseline
C09367,A00498,billing,baseline
C09368,A00224,billing,baseline
C09369,A00060,billing,baseline
C09370,A00121,billing,baseline
C09371,A00393,billing,baseline
C09372,A00426,billing,baseline
C09373,A00167,billing,baseline
C09374,A00517,billing,baseline
C09375,A00183,billing,baseline
C09376,A00504,billing,baseline
C09377,A00423,billing,baseline
C09378,A00199,billing,baseline
C09379,A00074,billing,baseline
C09380,A00046,billing,baseline
C09381,A00705,billing,baseline
C09382,A00470,billing,baseline
C09383,A00433,billing,baseline
C09384,A00309,billing,baseline
C09385,A00016,billing,baseline
C09386,A00557,billing,baseline
C09387,A00602,billing,baseline
C09388,A00300,billing,baseline
C09389,A00392,billing,baseline
C09390,A00500,billing,baseline
C09391,A00002,billing,baseline
C09392,A00695,billing,baseline
C09393,A00170,billing,baseline
C09394,A00206,billing,baseline
C09395,A00336,billing,baseline
C09396,A00670,billing,baseline
C09397,A00547,billing,baseline
C09398,A00154,billing,baseline
C09399,A00054,billing,baseline
C09400,A00355,billing,baseline
C09401,A00314,billing,baseline
C09402,A00139,billing,baseline
C09403,A00675,billing,baseline
C09404,A00293,billing,baseline
C09405,A00388,billing,baseline
C09406,A00178,billing,baseline
C09407,A00029,billing,baseline
C09408,A00440,billing,baseline
C09409,A00484,billing,baseline
C09410,A00687,billing,baseline
C09411,A00501,billing,baseline
C09412,A00083,billing,baseline
C09413,A00151,billing,baseline
C09414,A00399,billing,baseline
C09415,A00407,billing,baseline
C09416,A00553,billing,baseline
C09417,A00691,billing,baseline
C09418,A00426,billing,baseline
C09419,A00701,billing,baseline
C09420,A00433,billing,baseline
C09421,A00172,billing,baseline
C09422,A00040,billing,baseline
C09423,A00065,billing,baseline
C09424,A00244,billing,baseline
C09425,A00373,billing,baseline
C09426,A00391,billing,baseline
C09427,A00267,billing,baseline
C09428,A00302,billing,baseline
C09429,A00273,billing,baseline
C09430,A00689,billing,baseline
C09431,A00455,billing,baseline
C09432,A00480,billing,baseline
C09433,A00310,billing,baseline
C09434,A00292,billing,baseline
C09435,A00479,billing,baseline
C09436,A00395,billing,baseline
C09437,A00615,billing,baseline
C09438,A00228,billing,baseline
C09439,A00242,billing,baseline
C09440,A00636,billing,baseline
C09441,A00692,billing,baseline
C09442,A00085,billing,baseline
C09443,A00138,billing,baseline
C09444,A00515,billing,baseline
C09445,A00471,billing,baseline
C09446,A00488,billing,baseline
C09447,A00340,billing,baseline
C09448,A00635,billing,baseline
C09449,A00549,billing,baseline
C09450,A00064,billing,baseline
C09451,A00642,billing,baseline
C09452,A00682,billing,baseline
C09453,A00616,billing,baseline
C09454,A00249,billing,baseline
C09455,A00034,billing,baseline
C09456,A00375,billing,baseline
C09457,A00359,billing,baseline
C09458,A00114,billing,baseline
C09459,A00450,billing,baseline
C09460,A00421,billing,baseline
C09461,A00191,billing,baseline
C09462,A00523,billing,baseline
C09463,A00025,billing,baseline
C09464,A00529,billing,baseline
C09465,A00099,billing,baseline
C09466,A00595,billing,baseline
C09467,A00271,billing,baseline
C09468,A00278,billing,baseline
C09469,A00270,billing,baseline
C09470,A00410,billing,baseline
C09471,A00088,billing,baseline
C09472,A00182,billing,baseline
C09473,A00606,billing,baseline
C09474,A00692,billing,baseline
C09475,A00396,billing,baseline
C09476,A00575,billing,baseline
C09477,A00346,billing,baseline
C09478,A00181,billing,baseline
C09479,A00495,billing,baseline
C09480,A00387,billing,baseline
C09481,A00079,billing,baseline
C09482,A00540,billing,baseline
C09483,A00117,billing,baseline
C09484,A00003,billing,baseline
C09485,A00114,billing,baseline
C09486,A00531,billing,baseline
C09487,A00201,billing,baseline
C09488,A00159,billing,baseline
C09489,A00708,billing,baseline
C09490,A00229,billing,baseline
C09491,A00384,billing,baseline
C09492,A00490,billing,baseline
C09493,A00192,billing,baseline
C09494,A00590,billing,baseline
C09495,A00269,billing,baseline
C09496,A00631,billing,baseline
C09497,A00074,billing,baseline
C09498,A00147,billing,baseline
C09499,A00234,billing,baseline
C09500,A00442,billing,baseline
C09501,A00095,billing,baseline
C09502,A00487,billing,baseline
C09503,A00055,billing,baseline
C09504,A00300,billing,baseline
C09505,A00170,billing,baseline
C09506,A00017,billing,baseline
C09507,A00563,billing,baseline
C09508,A00020,billing,baseline
C09509,A00232,billing,baseline
C09510,A00244,billing,baseline
C09511,A00262,billing,baseline
C09512,A00254,billing,baseline
C09513,A00529,billing,baseline
C09514,A00494,billing,baseline
C09515,A00603,billing,baseline
C09516,A00554,billing,baseline
C09517,A00184,billing,baseline
C09518,A00473,billing,baseline
C09519,A00042,billing,baseline
C09520,A00238,billing,baseline
C09521,A00409,billing,baseline
C09522,A00602,billing,baseline
C09523,A00496,billing,baseline
C09524,A00289,billing,baseline
C09525,A00468,billing,baseline
C09526,A00474,billing,baseline
C09527,A00153,billing,baseline
C09528,A00602,billing,baseline
C09529,A00537,billing,baseline
C09530,A00070,billing,baseline
C09531,A00472,billing,baseline
C09532,A00689,billing,baseline
C09533,A00125,billing,baseline
C09534,A00288,billing,baseline
C09535,A00211,billing,baseline
C09536,A00180,billing,baseline
C09537,A00669,billing,baseline
C09538,A00340,billing,baseline
C09539,A00538,billing,baseline
C09540,A00106,billing,baseline
C09541,A00002,billing,baseline
C09542,A00281,billing,baseline
C09543,A00083,billing,baseline
C09544,A00647,billing,baseline
C09545,A00407,billing,baseline
C09546,A00460,billing,baseline
C09547,A00347,billing,baseline
C09548,A00508,billing,baseline
C09549,A00524,billing,baseline
C09550,A00461,billing,baseline
C09551,A00378,billing,baseline
C09552,A00483,billing,baseline
C09553,A00115,billing,baseline
C09554,A00680,billing,baseline
C09555,A00155,billing,baseline
C09556,A00533,billing,baseline
C09557,A00492,billing,baseline
C09558,A00292,billing,baseline
C09559,A00207,billing,baseline
C09560,A00710,billing,baseline
C09561,A00354,billing,baseline
C09562,A00631,billing,baseline
C09563,A00020,billing,baseline
C09564,A00278,billing,baseline
C09565,A00614,billing,baseline
C09566,A00590,billing,baseline
C09567,A00026,billing,baseline
C09568,A00436,billing,baseline
C09569,A00632,billing,baseline
C09570,A00669,billing,baseline
C09571,A00301,billing,baseline
C09572,A00166,billing,baseline
C09573,A00476,billing,baseline
C09574,A00064,billing,baseline
C09575,A00667,billing,baseline
C09576,A00500,billing,baseline
C09577,A00026,billing,baseline
C09578,A00198,billing,baseline
C09579,A00578,billing,baseline
C09580,A00280,billing,baseline
C09581,A00617,billing,baseline
C09582,A00117,billing,baseline
C09583,A00071,billing,baseline
C09584,A00382,billing,baseline
C09585,A00251,billing,baseline
C09586,A00581,billing,baseline
C09587,A00127,billing,baseline
C09588,A00565,billing,baseline
C09589,A00673,billing,baseline
C09590,A00485,billing,baseline
C09591,A00055,billing,baseline
C09592,A00577,billing,baseline
C09593,A00515,billing,baseline
C09594,A00280,billing,baseline
C09595,A00114,billing,baseline
C09596,A00436,billing,baseline
C09597,A00364,billing,baseline
C09598,A00614,billing,baseline
C09599,A00019,billing,baseline
C09600,A00499,billing,baseline
C09601,A00412,billing,baseline
C09602,A00273,billing,baseline
C09603,A00403,billing,baseline
C09604,A00606,billing,baseline
C09605,A00222,billing,baseline
C09606,A00407,billing,baseline
C09607,A00641,billing,baseline
C09608,A00101,billing,baseline
C09609,A00117,billing,baseline
C09610,A00194,billing,baseline
C09611,A00037,billing,baseline
C09612,A00439,billing,baseline
C09613,A00169,billing,baseline
C09614,A00684,billing,baseline
C09615,A00049,billing,baseline
C09616,A00440,billing,baseline
C09617,A00250,billing,baseline
C09618,A00061,billing,baseline
C09619,A00554,billing,baseline
C09620,A00370,billing,baseline
C09621,A00318,billing,baseline
C09622,A00506,billing,baseline
C09623,A00037,billing,baseline
C09624,A00525,billing,baseline
C09625,A00472,billing,baseline
C09626,A00230,billing,baseline
C09627,A00540,billing,baseline
C09628,A00229,billing,baseline
C09629,A00680,billing,baseline
C09630,A00189,billing,baseline
C09631,A00095,billing,baseline
C09632,A00674,billing,baseline
C09633,A00109,billing,baseline
C09634,A00179,billing,baseline
C09635,A00254,billing,baseline
C09636,A00331,billing,baseline
C09637,A00465,billing,baseline
C09638,A00361,billing,baseline
C09639,A00471,billing,baseline
C09640,A00053,billing,baseline
C09641,A00250,billing,baseline
C09642,A00262,billing,baseline
C09643,A00462,billing,baseline
C09644,A00540,billing,baseline
C09645,A00203,billing,baseline
C09646,A00395,billing,baseline
C09647,A00160,billing,baseline
C09648,A00211,billing,baseline
C09649,A00225,billing,baseline
C09650,A00008,billing,baseline
C09651,A00391,billing,baseline
C09652,A00156,billing,baseline
C09653,A00668,billing,baseline
C09654,A00661,billing,baseline
C09655,A00129,billing,baseline
C09656,A00092,billing,baseline
C09657,A00004,billing,baseline
C09658,A00602,billing,baseline
C09659,A00500,billing,baseline
C09660,A00507,billing,baseline
C09661,A00396,billing,baseline
C09662,A00428,billing,baseline
C09663,A00506,billing,baseline
C09664,A00707,billing,baseline
C09665,A00487,billing,baseline
C09666,A00467,billing,baseline
C09667,A00242,billing,baseline
C09668,A00329,billing,baseline
C09669,A00439,billing,baseline
C09670,A00698,billing,baseline
C09671,A00308,billing,baseline
C09672,A00415,billing,baseline
C09673,A00626,billing,baseline
C09674,A00592,billing,baseline
C09675,A00094,billing,baseline
C09676,A00622,billing,baseline
C09677,A00101,billing,baseline
C09678,A00099,billing,baseline
C09679,A00380,billing,baseline
C09680,A00319,billing,baseline
C09681,A00412,billing,baseline
C09682,A00566,billing,baseline
C09683,A00378,billing,baseline
C09684,A00612,billing,baseline
C09685,A00580,billing,baseline
C09686,A00370,billing,baseline
C09687,A00069,billing,baseline
C09688,A00018,billing,baseline
C09689,A00336,billing,baseline
C09690,A00027,billing,baseline
C09691,A00092,billing,baseline
C09692,A00441,billing,baseline
C09693,A00277,billing,baseline
C09694,A00152,billing,baseline
C09695,A00190,billing,baseline
C09696,A00228,billing,baseline
C09697,A00026,billing,baseline
C09698,A00305,billing,baseline
C09699,A00561,billing,baseline
C09700,A00525,billing,baseline
C09701,A00114,billing,baseline
C09702,A00153,billing,baseline
C09703,A00468,billing,baseline
C09704,A00102,billing,baseline
C09705,A00071,billing,baseline
C09706,A00261,billing,baseline
C09707,A00607,billing,baseline
C09708,A00700,billing,baseline
C09709,A00167,billing,baseline
C09710,A00253,billing,baseline
C09711,A00634,billing,baseline
C09712,A00323,billing,baseline
C09713,A00299,billing,baseline
C09714,A00056,billing,baseline
C09715,A00505,billing,baseline
C09716,A00241,billing,baseline
C09717,A00525,billing,baseline
C09718,A00415,billing,baseline
C09719,A00270,billing,baseline
C09720,A00306,billing,baseline
C09721,A00372,billing,baseline
C09722,A00694,billing,baseline
C09723,A00255,billing,baseline
C09724,A00498,billing,baseline
C09725,A00104,billing,baseline
C09726,A00018,billing,baseline
C09727,A00439,billing,baseline
C09728,A00534,billing,baseline
C09729,A00356,billing,baseline
C09730,A00677,billing,baseline
C09731,A00618,billing,baseline
C09732,A00495,billing,baseline
C09733,A00261,billing,baseline
C09734,A00515,billing,baseline
C09735,A00363,billing,baseline
C09736,A00321,billing,baseline
C09737,A00539,billing,baseline
C09738,A00031,billing,baseline
C09739,A00372,billing,baseline
C09740,A00693,billing,baseline
C09741,A00283,billing,baseline
C09742,A00604,billing,baseline
C09743,A00645,billing,baseline
C09744,A00251,billing,baseline
C09745,A00307,billing,baseline
C09746,A00106,billing,baseline
C09747,A00355,billing,baseline
C09748,A00533,billing,baseline
C09749,A00647,billing,baseline
C09750,A00405,billing,baseline
C09751,A00314,billing,baseline
C09752,A00636,billing,baseline
C09753,A00448,billing,baseline
C09754,A00128,billing,baseline
C09755,A00056,billing,baseline
C09756,A00505,billing,baseline
C09757,A00589,billing,baseline
C09758,A00345,billing,baseline
C09759,A00191,billing,baseline
C09760,A00615,billing,baseline
C09761,A00160,billing,baseline
C09762,A00569,billing,baseline
C09763,A00042,billing,baseline
C09764,A00483,billing,baseline
C09765,A00562,billing,baseline
C09766,A00457,billing,baseline
C09767,A00573,billing,baseline
C09768,A00586,billing,baseline
C09769,A00464,billing,baseline
C09770,A00427,billing,baseline
C09771,A00522,billing,baseline
C09772,A00205,billing,baseline
C09773,A00444,billing,baseline
C09774,A00556,billing,baseline
C09775,A00546,billing,baseline
C09776,A00503,billing,baseline
C09777,A00621,billing,baseline
C09778,A00276,billing,baseline
C09779,A00205,billing,baseline
C09780,A00637,billing,baseline
C09781,A00272,billing,baseline
C09782,A00528,billing,baseline
C09783,A00325,billing,baseline
C09784,A00183,billing,baseline
C09785,A00013,billing,baseline
C09786,A00345,billing,baseline
C09787,A00378,billing,baseline
C09788,A00424,billing,baseline
C09789,A00037,billing,baseline
C09790,A00231,billing,baseline
C09791,A00115,billing,baseline
C09792,A00549,billing,baseline
C09793,A00114,billing,baseline
C09794,A00364,billing,baseline
C09795,A00373,billing,baseline
C09796,A00098,billing,baseline
C09797,A00478,billing,baseline
C09798,A00094,billing,baseline
C09799,A00430,billing,baseline
C09800,A00233,billing,baseline
C09801,A00004,billing,baseline
C09802,A00092,billing,baseline
C09803,A00042,billing,baseline
C09804,A00183,billing,baseline
C09805,A00633,billing,baseline
C09806,A00330,billing,baseline
C09807,A00539,billing,baseline
C09808,A00273,billing,baseline
C09809,A00504,billing,baseline
C09810,A00093,billing,baseline
C09811,A00599,billing,baseline
C09812,A00237,billing,baseline
C09813,A00367,billing,baseline
C09814,A00230,billing,baseline
C09815,A00264,billing,baseline
C09816,A00560,billing,baseline
C09817,A00633,billing,baseline
C09818,A00032,billing,baseline
C09819,A00182,billing,baseline
C09820,A00074,billing,baseline
C09821,A00385,billing,baseline
C09822,A00408,billing,baseline
C09823,A00597,billing,baseline
C09824,A00483,billing,baseline
C09825,A00306,billing,baseline
C09826,A00516,billing,baseline
C09827,A00179,billing,baseline
C09828,A00180,billing,baseline
C09829,A00647,billing,baseline
C09830,A00637,billing,baseline
C09831,A00295,billing,baseline
C09832,A00577,billing,baseline
C09833,A00492,billing,baseline
C09834,A00646,billing,baseline
C09835,A00302,billing,baseline
C09836,A00581,billing,baseline
C09837,A00394,billing,baseline
C09838,A00705,billing,baseline
C09839,A00609,billing,baseline
C09840,A00359,billing,baseline
C09841,A00477,billing,baseline
C09842,A00217,billing,baseline
C09843,A00618,billing,baseline
C09844,A00228,billing,baseline
C09845,A00281,billing,baseline
C09846,A00560,billing,baseline
C09847,A00509,billing,baseline
C09848,A00457,billing,baseline
C09849,A00314,billing,baseline
C09850,A00675,billing,baseline
C09851,A00493,billing,baseline
C09852,A00347,billing,baseline
C09853,A00101,billing,baseline
C09854,A00382,billing,baseline
C09855,A00076,billing,baseline
C09856,A00599,billing,baseline
C09857,A00546,billing,baseline
C09858,A00436,billing,baseline
C09859,A00394,billing,baseline
C09860,A00566,billing,baseline
C09861,A00243,billing,baseline
C09862,A00253,billing,baseline
C09863,A00170,billing,baseline
C09864,A00271,billing,baseline
C09865,A00294,billing,baseline
C09866,A00215,billing,baseline
C09867,A00559,billing,baseline
C09868,A00089,billing,baseline
C09869,A00285,billing,baseline
C09870,A00493,billing,baseline
C09871,A00102,billing,baseline
C09872,A00185,billing,baseline
C09873,A00449,billing,baseline
C09874,A00697,billing,baseline
C09875,A00384,billing,baseline
C09876,A00453,billing,baseline
C09877,A00199,billing,baseline
C09878,A00347,billing,baseline
C09879,A00467,billing,baseline
C09880,A00544,billing,baseline
C09881,A00381,billing,baseline
C09882,A00401,billing,baseline
C09883,A00689,billing,baseline
C09884,A00149,billing,baseline
C09885,A00158,billing,baseline
C09886,A00445,billing,baseline
C09887,A00492,billing,baseline
C09888,A00496,billing,baseline
C09889,A00178,billing,baseline
C09890,A00708,billing,baseline
C09891,A00102,billing,baseline
C09892,A00325,billing,baseline
C09893,A00298,billing,baseline
C09894,A00016,billing,baseline
C09895,A00011,billing,baseline
C09896,A00231,billing,baseline
C09897,A00014,billing,baseline
C09898,A00020,billing,baseline
C09899,A00408,billing,baseline
C09900,A00606,billing,baseline
C09901,A00631,billing,baseline
C09902,A00606,billing,baseline
C09903,A00590,billing,baseline
C09904,A00108,billing,baseline
C09905,A00023,billing,baseline
C09906,A00079,billing,baseline
C09907,A00268,billing,baseline
C09908,A00124,billing,baseline
C09909,A00069,billing,baseline
C09910,A00444,billing,baseline
C09911,A00590,billing,baseline
C09912,A00441,billing,baseline
C09913,A00560,billing,baseline
C09914,A00436,billing,baseline
C09915,A00207,billing,baseline
C09916,A00377,billing,baseline
C09917,A00375,billing,baseline
C09918,A00062,billing,baseline
C09919,A00346,billing,baseline
C09920,A00086,billing,baseline
C09921,A00409,billing,baseline
C09922,A00571,billing,baseline
C09923,A00557,billing,baseline
C09924,A00083,billing,baseline
C09925,A00502,billing,baseline
C09926,A00279,billing,baseline
C09927,A00573,billing,baseline
C09928,A00259,billing,baseline
C09929,A00464,billing,baseline
C09930,A00103,billing,baseline
C09931,A00298,billing,baseline
C09932,A00097,billing,baseline
C09933,A00295,billing,baseline
C09934,A00574,billing,baseline
C09935,A00688,billing,baseline
C09936,A00353,billing,baseline
C09937,A00226,billing,baseline
C09938,A00047,billing,baseline
C09939,A00300,billing,baseline
C09940,A00150,billing,baseline
C09941,A00646,billing,baseline
C09942,A00532,billing,baseline
C09943,A00549,billing,baseline
C09944,A00551,billing,baseline
C09945,A00477,billing,baseline
C09946,A00053,billing,baseline
C09947,A00406,billing,baseline
C09948,A00433,billing,baseline
C09949,A00165,billing,baseline
C09950,A00582,billing,baseline
C09951,A00437,billing,baseline
C09952,A00006,billing,baseline
C09953,A00369,billing,baseline
C09954,A00456,billing,baseline
C09955,A00140,billing,baseline
C09956,A00475,billing,baseline
C09957,A00596,billing,baseline
C09958,A00592,billing,baseline
C09959,A00017,billing,baseline
C09960,A00683,billing,baseline
C09961,A00262,billing,baseline
C09962,A00706,billing,baseline
C09963,A00529,billing,baseline
C09964,A00411,billing,baseline
C09965,A00578,billing,baseline
C09966,A00453,billing,baseline
C09967,A00593,billing,baseline
C09968,A00598,billing,baseline
C09969,A00635,billing,baseline
C09970,A00072,billing,baseline
C09971,A00218,billing,baseline
C09972,A00536,billing,baseline
C09973,A00459,billing,baseline
C09974,A00710,billing,baseline
C09975,A00571,billing,baseline
C09976,A00593,billing,baseline
C09977,A00500,billing,baseline
C09978,A00451,billing,baseline
C09979,A00071,billing,baseline
C09980,A00308,billing,baseline
C09981,A00291,billing,baseline
C09982,A00130,billing,baseline
C09983,A00147,billing,baseline
C09984,A00220,billing,baseline
C09985,A00271,billing,baseline
C09986,A00189,billing,baseline
C09987,A00683,billing,baseline
C09988,A00025,billing,baseline
C09989,A00709,billing,baseline
C09990,A00559,billing,baseline
C09991,A00286,billing,baseline
C09992,A00468,billing,baseline
C09993,A00555,billing,baseline
C09994,A00043,billing,baseline
C09995,A00315,billing,baseline
C09996,A00563,billing,baseline
C09997,A00653,billing,baseline
C09998,A00614,billing,baseline
C09999,A00407,billing,baseline
C10000,A00568,billing,baseline
C07582,A00196,shipping,shared_cluster
C06658,A00196,shipping,shared_cluster
C08785,A00196,shipping,shared_cluster
C03956,A00196,shipping,shared_cluster
C03056,A00015,shipping,shared_cluster
C07426,A00015,shipping,shared_cluster
C07805,A00015,shipping,shared_cluster
C02534,A00015,shipping,shared_cluster
C09468,A00015,shipping,shared_cluster
C04527,A00007,shipping,shared_cluster
C03546,A00007,shipping,shared_cluster
C06435,A00007,shipping,shared_cluster
C00849,A00007,shipping,shared_cluster
C07773,A00007,shipping,shared_cluster
C04987,A00020,shipping,shared_cluster
C09578,A00020,shipping,shared_cluster
C07724,A00020,shipping,shared_cluster
C01205,A00543,shipping,shared_cluster
C06561,A00543,shipping,shared_cluster
C08871,A00543,shipping,shared_cluster
C05653,A00543,shipping,shared_cluster
C02615,A00543,shipping,shared_cluster
C03707,A00543,shipping,shared_cluster
C01919,A00059,shipping,shared_cluster
C00541,A00059,shipping,shared_cluster
C05317,A00059,shipping,shared_cluster
C09205,A00059,shipping,shared_cluster
C02449,A00059,shipping,shared_cluster
C09178,A00059,shipping,shared_cluster
C06997,A00347,shipping,shared_cluster
C05138,A00347,shipping,shared_cluster
C03128,A00347,shipping,shared_cluster
C07472,A00347,shipping,shared_cluster
C05360,A00347,shipping,shared_cluster
C00526,A00039,shipping,shared_cluster
C06001,A00039,shipping,shared_cluster
C05982,A00039,shipping,shared_cluster
C06751,A00039,shipping,shared_cluster
C06384,A00513,shipping,shared_cluster
C05046,A00513,shipping,shared_cluster
C01169,A00513,shipping,shared_cluster
C00916,A00513,shipping,shared_cluster
C04906,A00513,shipping,shared_cluster
C00437,A00513,shipping,shared_cluster
C09727,A00503,shipping,shared_cluster
C02731,A00503,shipping,shared_cluster
C06409,A00210,shipping,shared_cluster
C01096,A00210,shipping,shared_cluster
C08161,A00569,shipping,shared_cluster
C06195,A00569,shipping,shared_cluster
C08690,A00569,shipping,shared_cluster
C06202,A00569,shipping,shared_cluster
C00786,A00571,shipping,shared_cluster
C01519,A00571,shipping,shared_cluster
C02837,A00571,shipping,shared_cluster
C08451,A00571,shipping,shared_cluster
C04006,A00571,shipping,shared_cluster
C07438,A00571,shipping,shared_cluster
C05240,A00018,shipping,shared_cluster
C02517,A00018,shipping,shared_cluster
C00769,A00018,shipping,shared_cluster
C01835,A00018,shipping,shared_cluster
C06370,A00018,shipping,shared_cluster
C03749,A00018,shipping,shared_cluster
C07915,A00058,shipping,shared_cluster
C05514,A00058,shipping,shared_cluster
C00666,A00058,shipping,shared_cluster
C09107,A00058,shipping,shared_cluster
C05850,A00058,shipping,shared_cluster
C04805,A00564,shipping,shared_cluster
C09615,A00564,shipping,shared_cluster
C02746,A00564,shipping,shared_cluster
C08429,A00564,shipping,shared_cluster
C06793,A00564,shipping,shared_cluster
C03426,A00172,shipping,shared_cluster
C01346,A00172,shipping,shared_cluster
C02064,A00172,shipping,shared_cluster
C03188,A00237,shipping,shared_cluster
C07236,A00237,shipping,shared_cluster
C03770,A00237,shipping,shared_cluster
C07364,A00237,shipping,shared_cluster
C08480,A00498,shipping,shared_cluster
C02469,A00498,shipping,shared_cluster
C01666,A00498,shipping,shared_cluster
C02810,A00644,shipping,shared_cluster
C03732,A00644,shipping,shared_cluster
C07317,A00644,shipping,shared_cluster
C09503,A00644,shipping,shared_cluster
C04739,A00644,shipping,shared_cluster
C04746,A00644,shipping,shared_cluster
C04075,A00520,shipping,shared_cluster
C02013,A00520,shipping,shared_cluster
C07090,A00520,shipping,shared_cluster
C08769,A00485,shipping,shared_cluster
C00528,A00485,shipping,shared_cluster
C05941,A00485,shipping,shared_cluster
C08748,A00485,shipping,shared_cluster
C03088,A00661,shipping,shared_cluster
C00438,A00661,shipping,shared_cluster
C05783,A00661,shipping,shared_cluster
C04795,A00334,shipping,shared_cluster
C05864,A00334,shipping,shared_cluster
C05337,A00334,shipping,shared_cluster
C02394,A00334,shipping,shared_cluster
C07214,A00334,shipping,shared_cluster
C06438,A00334,shipping,shared_cluster
C09412,A00244,shipping,shared_cluster
C02651,A00244,shipping,shared_cluster
C00018,A00244,shipping,shared_cluster
C03203,A00244,shipping,shared_cluster
C07210,A00032,shipping,shared_cluster
C06178,A00032,shipping,shared_cluster
C06828,A00032,shipping,shared_cluster
C02171,A00074,shipping,shared_cluster
C00805,A00074,shipping,shared_cluster
C03876,A00074,shipping,shared_cluster
C03512,A00074,shipping,shared_cluster
C02271,A00483,shipping,shared_cluster
C06130,A00483,shipping,shared_cluster
C08405,A00483,shipping,shared_cluster
C07025,A00483,shipping,shared_cluster
C00405,A00483,shipping,shared_cluster
C09936,A00483,shipping,shared_cluster
C02943,A00131,shipping,shared_cluster
C07235,A00131,shipping,shared_cluster
C09720,A00131,shipping,shared_cluster
C03662,A00131,shipping,shared_cluster
C01571,A00136,shipping,shared_cluster
C09617,A00136,shipping,shared_cluster
C08165,A00136,shipping,shared_cluster
C07526,A00136,shipping,shared_cluster
C07315,A00136,shipping,shared_cluster
C04117,A00191,shipping,shared_cluster
C09483,A00191,shipping,shared_cluster
C04128,A00191,shipping,shared_cluster
C00741,A00695,shipping,shared_cluster
C08610,A00695,shipping,shared_cluster
C03523,A00695,shipping,shared_cluster
C02881,A00160,shipping,shared_cluster
C01147,A00160,shipping,shared_cluster
C05234,A00547,shipping,shared_cluster
C03744,A00547,shipping,shared_cluster
C02504,A00547,shipping,shared_cluster
C08440,A00547,shipping,shared_cluster
C00353,A00547,shipping,shared_cluster
C01000,A00547,shipping,shared_cluster
C09065,A00695,shipping,shared_cluster
C06060,A00695,shipping,shared_cluster
C02115,A00695,shipping,shared_cluster
C04493,A00695,shipping,shared_cluster
C01724,A00695,shipping,shared_cluster
C01696,A00060,shipping,shared_cluster
C05358,A00060,shipping,shared_cluster
C03579,A00060,shipping,shared_cluster
C01314,A00060,shipping,shared_cluster
C01457,A00060,shipping,shared_cluster
C06416,A00434,shipping,shared_cluster
C04949,A00434,shipping,shared_cluster
C02583,A00434,shipping,shared_cluster
C08438,A00295,shipping,shared_cluster
C04696,A00295,shipping,shared_cluster
C05127,A00598,shipping,shared_cluster
C04485,A00598,shipping,shared_cluster
C09106,A00346,shipping,shared_cluster
C01073,A00346,shipping,shared_cluster
C08381,A00346,shipping,shared_cluster
C08380,A00346,shipping,shared_cluster
C08546,A00346,shipping,shared_cluster
C05079,A00563,shipping,shared_cluster
C01392,A00563,shipping,shared_cluster
C03547,A00563,shipping,shared_cluster
C03179,A00482,shipping,shared_cluster
C03658,A00482,shipping,shared_cluster
C09402,A00482,shipping,shared_cluster
C08473,A00149,shipping,shared_cluster
C02474,A00149,shipping,shared_cluster
C02516,A00149,shipping,shared_cluster
C00236,A00149,shipping,shared_cluster
C04688,A00149,shipping,shared_cluster
C02023,A00343,shipping,shared_cluster
C07930,A00343,shipping,shared_cluster
C00597,A00343,shipping,shared_cluster
C07646,A00343,shipping,shared_cluster
C01384,A00343,shipping,shared_cluster
C06562,A00528,shipping,shared_cluster
C08526,A00528,shipping,shared_cluster
C04793,A00528,shipping,shared_cluster
C07193,A00406,shipping,shared_cluster
C00087,A00406,shipping,shared_cluster
C02691,A00406,shipping,shared_cluster
C03735,A00406,shipping,shared_cluster
C02524,A00302,shipping,shared_cluster
C01511,A00302,shipping,shared_cluster
C02181,A00055,shipping,shared_cluster
C09132,A00055,shipping,shared_cluster
C00198,A00055,shipping,shared_cluster
C08596,A00091,shipping,shared_cluster
C06256,A00091,shipping,shared_cluster
C04891,A00091,shipping,shared_cluster
C03941,A00091,shipping,shared_cluster
C09813,A00091,shipping,shared_cluster
C05433,A00055,shipping,shared_cluster
C07688,A00055,shipping,shared_cluster
C00497,A00486,shipping,shared_cluster
C07089,A00486,shipping,shared_cluster
C07898,A00486,shipping,shared_cluster
C05828,A00486,shipping,shared_cluster
C04097,A00486,shipping,shared_cluster
C07742,A00486,shipping,shared_cluster
C02543,A00135,shipping,shared_cluster
C02333,A00135,shipping,shared_cluster
C00922,A00135,shipping,shared_cluster
C07576,A00135,shipping,shared_cluster
C02589,A00508,shipping,shared_cluster
C00874,A00508,shipping,shared_cluster
C03202,A00508,shipping,shared_cluster
C05968,A00508,shipping,shared_cluster
C07434,A00114,shipping,shared_cluster
C07465,A00114,shipping,shared_cluster
C07372,A00225,shipping,shared_cluster
C05171,A00225,shipping,shared_cluster
C01415,A00225,shipping,shared_cluster
C09117,A00388,shipping,shared_cluster
C02785,A00388,shipping,shared_cluster
C09672,A00388,shipping,shared_cluster
C03208,A00402,shipping,shared_cluster
C07831,A00402,shipping,shared_cluster
C03072,A00483,shipping,shared_cluster
C03681,A00483,shipping,shared_cluster
C03425,A00483,shipping,shared_cluster
C01261,A00609,shipping,shared_cluster
C05090,A00609,shipping,shared_cluster
C06567,A00609,shipping,shared_cluster
C00064,A00677,shipping,shared_cluster
C02286,A00677,shipping,shared_cluster
C09708,A00022,shipping,shared_cluster
C00247,A00022,shipping,shared_cluster
C03073,A00022,shipping,shared_cluster
C08618,A00022,shipping,shared_cluster
C02224,A00462,shipping,shared_cluster
C06332,A00462,shipping,shared_cluster
C01438,A00462,shipping,shared_cluster
C03563,A00462,shipping,shared_cluster
C08340,A00462,shipping,shared_cluster
C02622,A00532,shipping,shared_cluster
C09694,A00532,shipping,shared_cluster
C09649,A00532,shipping,shared_cluster
C04261,A00532,shipping,shared_cluster
C06006,A00532,shipping,shared_cluster
C05132,A00605,shipping,shared_cluster
C05800,A00605,shipping,shared_cluster
C02358,A00605,shipping,shared_cluster
C03191,A00605,shipping,shared_cluster
C05375,A00605,shipping,shared_cluster
C08300,A00031,shipping,shared_cluster
C01829,A00031,shipping,shared_cluster
C04469,A00556,shipping,shared_cluster
C04904,A00556,shipping,shared_cluster
C07768,A00012,shipping,shared_cluster
C04564,A00012,shipping,shared_cluster
C05749,A00012,shipping,shared_cluster
C06560,A00012,shipping,shared_cluster
C02231,A00294,shipping,shared_cluster
C03998,A00294,shipping,shared_cluster
C08312,A00294,shipping,shared_cluster
C03460,A00294,shipping,shared_cluster
C08309,A00294,shipping,shared_cluster
C02072,A00226,shipping,shared_cluster
C07799,A00226,shipping,shared_cluster
C03357,A00226,shipping,shared_cluster
C09281,A00226,shipping,shared_cluster
C09364,A00226,shipping,shared_cluster
C04823,A00100,shipping,shared_cluster
C04627,A00100,shipping,shared_cluster
C03074,A00298,shipping,shared_cluster
C09741,A00298,shipping,shared_cluster
C05118,A00298,shipping,shared_cluster
C08514,A00298,shipping,shared_cluster
C04292,A00628,shipping,shared_cluster
C03300,A00628,shipping,shared_cluster
C02187,A00539,shipping,shared_cluster
C03336,A00539,shipping,shared_cluster
C09560,A00539,shipping,shared_cluster
C07795,A00496,shipping,shared_cluster
C01352,A00496,shipping,shared_cluster
C02475,A00496,shipping,shared_cluster
C08651,A00204,shipping,shared_cluster
C05847,A00204,shipping,shared_cluster
C01624,A00204,shipping,shared_cluster
C01959,A00204,shipping,shared_cluster
C08113,A00204,shipping,shared_cluster
C08519,A00411,shipping,shared_cluster
C01993,A00411,shipping,shared_cluster
C00222,A00411,shipping,shared_cluster
C08345,A00411,shipping,shared_cluster
C06775,A00171,shipping,shared_cluster
C00995,A00171,shipping,shared_cluster
C00219,A00249,shipping,shared_cluster
C01106,A00249,shipping,shared_cluster
C09370,A00249,shipping,shared_cluster
C04537,A00249,shipping,shared_cluster
C04622,A00249,shipping,shared_cluster
C00569,A00513,shipping,shared_cluster
C02625,A00513,shipping,shared_cluster
C03046,A00513,shipping,shared_cluster
C04652,A00513,shipping,shared_cluster
C08259,A00513,shipping,shared_cluster
C06912,A00513,shipping,shared_cluster
C04439,A00534,shipping,shared_cluster
C09502,A00534,shipping,shared_cluster
C01782,A00534,shipping,shared_cluster
C02857,A00228,shipping,shared_cluster
C06000,A00228,shipping,shared_cluster
C02792,A00228,shipping,shared_cluster
C06724,A00219,shipping,shared_cluster
C02389,A00219,shipping,shared_cluster
C09143,A00219,shipping,shared_cluster
C09905,A00219,shipping,shared_cluster
C06530,A00504,shipping,shared_cluster
C03851,A00504,shipping,shared_cluster
C00821,A00504,shipping,shared_cluster
C02383,A00504,shipping,shared_cluster
C07417,A00261,shipping,shared_cluster
C07171,A00261,shipping,shared_cluster
C04741,A00261,shipping,shared_cluster
C01882,A00059,shipping,shared_cluster
C01366,A00059,shipping,shared_cluster
C01890,A00059,shipping,shared_cluster
C02510,A00059,shipping,shared_cluster
C02399,A00146,shipping,shared_cluster
C04437,A00146,shipping,shared_cluster
C08781,A00146,shipping,shared_cluster
C05969,A00420,shipping,shared_cluster
C04361,A00420,shipping,shared_cluster
C08686,A00420,shipping,shared_cluster
C08741,A00420,shipping,shared_cluster
C07354,A00420,shipping,shared_cluster
C07539,A00420,shipping,shared_cluster
C08884,A00307,shipping,shared_cluster
C02579,A00307,shipping,shared_cluster
C03782,A00307,shipping,shared_cluster
C02393,A00307,shipping,shared_cluster
C03438,A00258,shipping,shared_cluster
C05683,A00258,shipping,shared_cluster
C04459,A00258,shipping,shared_cluster
C03827,A00316,shipping,shared_cluster
C09004,A00316,shipping,shared_cluster
C08993,A00012,shipping,shared_cluster
C02112,A00012,shipping,shared_cluster
C04026,A00012,shipping,shared_cluster
C04492,A00012,shipping,shared_cluster
C09805,A00012,shipping,shared_cluster
C03597,A00012,shipping,shared_cluster
C02084,A00653,shipping,shared_cluster
C01140,A00653,shipping,shared_cluster
C02351,A00653,shipping,shared_cluster
C07965,A00653,shipping,shared_cluster
C04812,A00653,shipping,shared_cluster
C08725,A00653,shipping,shared_cluster
C01809,A00565,shipping,shared_cluster
C02822,A00565,shipping,shared_cluster
C06939,A00565,shipping,shared_cluster
C05165,A00565,shipping,shared_cluster
C08342,A00565,shipping,shared_cluster
C01131,A00658,shipping,shared_cluster
C09886,A00658,shipping,shared_cluster
C02522,A00658,shipping,shared_cluster
C08247,A00658,shipping,shared_cluster
C06250,A00658,shipping,shared_cluster
C05176,A00025,shipping,shared_cluster
C00056,A00025,shipping,shared_cluster
C00313,A00025,shipping,shared_cluster
C00942,A00025,shipping,shared_cluster
C09919,A00025,shipping,shared_cluster
C09541,A00347,shipping,shared_cluster
C03790,A00347,shipping,shared_cluster
C03005,A00347,shipping,shared_cluster
C09833,A00476,shipping,shared_cluster
C08657,A00476,shipping,shared_cluster
C07147,A00023,shipping,shared_cluster
C01211,A00023,shipping,shared_cluster
C07994,A00023,shipping,shared_cluster
C08565,A00023,shipping,shared_cluster
C01227,A00023,shipping,shared_cluster
C07401,A00039,shipping,shared_cluster
C04901,A00039,shipping,shared_cluster
C00892,A00039,shipping,shared_cluster
C03721,A00039,shipping,shared_cluster
C06525,A00488,shipping,shared_cluster
C07732,A00488,shipping,shared_cluster
C01637,A00488,shipping,shared_cluster
C06713,A00488,shipping,shared_cluster
C03065,A00488,shipping,shared_cluster
C05024,A00079,shipping,shared_cluster
C09168,A00079,shipping,shared_cluster
C08799,A00079,shipping,shared_cluster
C04521,A00158,shipping,shared_cluster
C08667,A00158,shipping,shared_cluster
C01051,A00158,shipping,shared_cluster
C04080,A00158,shipping,shared_cluster
C09297,A00158,shipping,shared_cluster
C09254,A00457,shipping,shared_cluster
C02985,A00457,shipping,shared_cluster
C00412,A00457,shipping,shared_cluster
C08539,A00588,shipping,shared_cluster
C07574,A00588,shipping,shared_cluster
C07311,A00588,shipping,shared_cluster
C07219,A00588,shipping,shared_cluster
C03363,A00358,shipping,shared_cluster
C03805,A00358,shipping,shared_cluster
C00145,A00358,shipping,shared_cluster
C02094,A00358,shipping,shared_cluster
C04135,A00358,shipping,shared_cluster
C09298,A00307,shipping,shared_cluster
C06924,A00307,shipping,shared_cluster
C01472,A00475,shipping,shared_cluster
C00354,A00475,shipping,shared_cluster
C00309,A00475,shipping,shared_cluster
C06585,A00475,shipping,shared_cluster
C02277,A00238,shipping,shared_cluster
C03970,A00238,shipping,shared_cluster
C08134,A00238,shipping,shared_cluster
C03219,A00238,shipping,shared_cluster
C00083,A00238,shipping,shared_cluster
C08577,A00418,shipping,shared_cluster
C07172,A00418,shipping,shared_cluster
C02712,A00418,shipping,shared_cluster
C01928,A00418,shipping,shared_cluster
C09849,A00418,shipping,shared_cluster
C02458,A00418,shipping,shared_cluster
C05590,A00438,shipping,shared_cluster
C05409,A00438,shipping,shared_cluster
C02076,A00438,shipping,shared_cluster
C05978,A00438,shipping,shared_cluster
C00756,A00438,shipping,shared_cluster
C01526,A00268,shipping,shared_cluster
C04195,A00268,shipping,shared_cluster
C06045,A00268,shipping,shared_cluster
C09688,A00509,shipping,shared_cluster
C00890,A00509,shipping,shared_cluster
C07559,A00509,shipping,shared_cluster
C08663,A00509,shipping,shared_cluster
C09707,A00509,shipping,shared_cluster
C04384,A00509,shipping,shared_cluster
C08888,A00059,shipping,shared_cluster
C06393,A00059,shipping,shared_cluster
C07554,A00059,shipping,shared_cluster
C01845,A00059,shipping,shared_cluster
C09795,A00059,shipping,shared_cluster
C02899,A00032,shipping,shared_cluster
C03429,A00032,shipping,shared_cluster
C04620,A00032,shipping,shared_cluster
C00471,A00032,shipping,shared_cluster
C06025,A00032,shipping,shared_cluster
C09265,A00032,shipping,shared_cluster
C05789,A00358,shipping,shared_cluster
C00187,A00358,shipping,shared_cluster
C09961,A00358,shipping,shared_cluster
C02219,A00358,shipping,shared_cluster
C05302,A00358,shipping,shared_cluster
C02886,A00358,shipping,shared_cluster
C05447,A00089,shipping,shared_cluster
C06046,A00089,shipping,shared_cluster
C01112,A00089,shipping,shared_cluster
C02958,A00089,shipping,shared_cluster
C06034,A00089,shipping,shared_cluster
C02192,A00089,shipping,shared_cluster
C03313,A00352,shipping,shared_cluster
C02576,A00352,shipping,shared_cluster
C05694,A00352,shipping,shared_cluster
C04801,A00352,shipping,shared_cluster
C09384,A00467,shipping,shared_cluster
C03763,A00467,shipping,shared_cluster
C00099,A00467,shipping,shared_cluster
C02722,A00467,shipping,shared_cluster
C02827,A00467,shipping,shared_cluster
C06959,A00467,shipping,shared_cluster
C00724,A00415,shipping,shared_cluster
C03443,A00415,shipping,shared_cluster
C09349,A00012,shipping,shared_cluster
C08354,A00012,shipping,shared_cluster
C05451,A00012,shipping,shared_cluster
C05866,A00012,shipping,shared_cluster
C08516,A00481,shipping,shared_cluster
C03634,A00481,shipping,shared_cluster
C09862,A00481,shipping,shared_cluster
C05722,A00481,shipping,shared_cluster
C02247,A00481,shipping,shared_cluster
C01860,A00570,shipping,shared_cluster
C09822,A00570,shipping,shared_cluster
C05505,A00570,shipping,shared_cluster
C09994,A00056,shipping,shared_cluster
C03799,A00056,shipping,shared_cluster
C05362,A00056,shipping,shared_cluster
C07014,A00056,shipping,shared_cluster
C00814,A00056,shipping,shared_cluster
C08868,A00056,shipping,shared_cluster
C05510,A00396,shipping,shared_cluster
C09531,A00396,shipping,shared_cluster
C08833,A00396,shipping,shared_cluster
C07483,A00396,shipping,shared_cluster
C07269,A00396,shipping,shared_cluster
C06322,A00693,shipping,shared_cluster
C04108,A00693,shipping,shared_cluster
C06578,A00693,shipping,shared_cluster
C09998,A00693,shipping,shared_cluster
C02060,A00693,shipping,shared_cluster
C02629,A00234,shipping,shared_cluster
C02193,A00234,shipping,shared_cluster
C09596,A00234,shipping,shared_cluster
C07187,A00234,shipping,shared_cluster
C07300,A00706,shipping,shared_cluster
C06576,A00706,shipping,shared_cluster
C03379,A00321,shipping,shared_cluster
C05531,A00321,shipping,shared_cluster
C07337,A00321,shipping,shared_cluster
C07495,A00321,shipping,shared_cluster
C07256,A00321,shipping,shared_cluster
C07932,A00181,shipping,shared_cluster
C03408,A00181,shipping,shared_cluster
C04860,A00181,shipping,shared_cluster
C07374,A00181,shipping,shared_cluster
C09033,A00596,shipping,shared_cluster
C03690,A00596,shipping,shared_cluster
C06616,A00499,shipping,shared_cluster
C02025,A00499,shipping,shared_cluster
C09269,A00499,shipping,shared_cluster
C04503,A00499,shipping,shared_cluster
C04093,A00499,shipping,shared_cluster
C04640,A00327,shipping,shared_cluster
C02545,A00327,shipping,shared_cluster
C02729,A00327,shipping,shared_cluster
C07433,A00327,shipping,shared_cluster
C08136,A00327,shipping,shared_cluster
C09713,A00658,shipping,shared_cluster
C05416,A00658,shipping,shared_cluster
C09127,A00658,shipping,shared_cluster
C05128,A00125,shipping,shared_cluster
C08436,A00125,shipping,shared_cluster
C06694,A00125,shipping,shared_cluster
C08029,A00125,shipping,shared_cluster
C08254,A00125,shipping,shared_cluster
C07844,A00545,shipping,shared_cluster
C08533,A00545,shipping,shared_cluster
C05106,A00545,shipping,shared_cluster
C00010,A00545,shipping,shared_cluster
C00461,A00196,shipping,shared_cluster
C00738,A00196,shipping,shared_cluster
C03927,A00196,shipping,shared_cluster
C09212,A00196,shipping,shared_cluster
C04356,A00196,shipping,shared_cluster
C00204,A00196,shipping,shared_cluster
C08286,A00004,shipping,shared_cluster
C03997,A00004,shipping,shared_cluster
C03895,A00004,shipping,shared_cluster
C01731,A00004,shipping,shared_cluster
C08852,A00064,shipping,shared_cluster
C05752,A00064,shipping,shared_cluster
C07308,A00172,shipping,shared_cluster
C05790,A00172,shipping,shared_cluster
C04862,A00172,shipping,shared_cluster
C06772,A00434,shipping,shared_cluster
C06347,A00434,shipping,shared_cluster
C09012,A00388,shipping,shared_cluster
C00008,A00388,shipping,shared_cluster
C01814,A00388,shipping,shared_cluster
C01038,A00388,shipping,shared_cluster
C06770,A00388,shipping,shared_cluster
C06995,A00399,shipping,shared_cluster
C03241,A00399,shipping,shared_cluster
C07624,A00399,shipping,shared_cluster
C07430,A00399,shipping,shared_cluster
C08861,A00399,shipping,shared_cluster
C02243,A00399,shipping,shared_cluster
C04111,A00207,shipping,shared_cluster
C08817,A00207,shipping,shared_cluster
C03703,A00207,shipping,shared_cluster
C03108,A00207,shipping,shared_cluster
C07369,A00467,shipping,shared_cluster
C08239,A00467,shipping,shared_cluster
C08129,A00467,shipping,shared_cluster
C06595,A00467,shipping,shared_cluster
C07295,A00467,shipping,shared_cluster
C03620,A00467,shipping,shared_cluster
C02249,A00047,shipping,shared_cluster
C03213,A00047,shipping,shared_cluster
C02916,A00047,shipping,shared_cluster
C05591,A00410,shipping,shared_cluster
C02410,A00410,shipping,shared_cluster
C04374,A00410,shipping,shared_cluster
C05446,A00410,shipping,shared_cluster
C05431,A00041,shipping,shared_cluster
C01733,A00041,shipping,shared_cluster
C09025,A00041,shipping,shared_cluster
C03891,A00196,shipping,shared_cluster
C04887,A00196,shipping,shared_cluster
C04800,A00196,shipping,shared_cluster
C03298,A00196,shipping,shared_cluster
C02673,A00196,shipping,shared_cluster
C04660,A00592,shipping,shared_cluster
C04747,A00592,shipping,shared_cluster
C07313,A00592,shipping,shared_cluster
C07919,A00277,shipping,shared_cluster
C04057,A00277,shipping,shared_cluster
C04161,A00277,shipping,shared_cluster
C06701,A00277,shipping,shared_cluster
C03149,A00493,shipping,shared_cluster
C03308,A00493,shipping,shared_cluster
C04557,A00549,shipping,shared_cluster
C02902,A00549,shipping,shared_cluster
C08865,A00549,shipping,shared_cluster
C08217,A00549,shipping,shared_cluster
C07851,A00549,shipping,shared_cluster
C04781,A00469,shipping,shared_cluster
C06650,A00469,shipping,shared_cluster
C01672,A00701,shipping,shared_cluster
C00947,A00701,shipping,shared_cluster
C01508,A00374,shipping,shared_cluster
C02371,A00374,shipping,shared_cluster
C02531,A00374,shipping,shared_cluster
C09881,A00374,shipping,shared_cluster
C07108,A00633,shipping,shared_cluster
C05092,A00633,shipping,shared_cluster
C02412,A00633,shipping,shared_cluster
C07781,A00349,shipping,shared_cluster
C05198,A00349,shipping,shared_cluster
C08454,A00349,shipping,shared_cluster
C00558,A00349,shipping,shared_cluster
C08200,A00349,shipping,shared_cluster
C00978,A00058,shipping,shared_cluster
C06257,A00058,shipping,shared_cluster
C09951,A00058,shipping,shared_cluster
C00994,A00058,shipping,shared_cluster
C05563,A00058,shipping,shared_cluster
C09674,A00363,shipping,shared_cluster
C03562,A00363,shipping,shared_cluster
C07599,A00363,shipping,shared_cluster
C02337,A00363,shipping,shared_cluster
C00674,A00102,shipping,shared_cluster
C09076,A00102,shipping,shared_cluster
C04145,A00102,shipping,shared_cluster
C03522,A00102,shipping,shared_cluster
C06182,A00102,shipping,shared_cluster
C00036,A00576,shipping,shared_cluster
C05533,A00576,shipping,shared_cluster
C08794,A00576,shipping,shared_cluster
C07717,A00576,shipping,shared_cluster
C09047,A00576,shipping,shared_cluster
C04563,A00576,shipping,shared_cluster
C00636,A00281,shipping,shared_cluster
C07382,A00281,shipping,shared_cluster
C01854,A00201,shipping,shared_cluster
C00644,A00201,shipping,shared_cluster
C09980,A00037,shipping,shared_cluster
C04041,A00037,shipping,shared_cluster
C06234,A00037,shipping,shared_cluster
C00338,A00037,shipping,shared_cluster
C07123,A00037,shipping,shared_cluster
C00063,A00205,shipping,shared_cluster
C01469,A00205,shipping,shared_cluster
C03174,A00199,shipping,shared_cluster
C00564,A00199,shipping,shared_cluster
C04628,A00570,shipping,shared_cluster
C07398,A00570,shipping,shared_cluster
C02662,A00570,shipping,shared_cluster
C01968,A00419,shipping,shared_cluster
C08734,A00419,shipping,shared_cluster
C08194,A00418,shipping,shared_cluster
C08536,A00418,shipping,shared_cluster
C09129,A00418,shipping,shared_cluster
C05686,A00418,shipping,shared_cluster
C06210,A00418,shipping,shared_cluster
C00364,A00418,shipping,shared_cluster
C07060,A00088,shipping,shared_cluster
C09925,A00088,shipping,shared_cluster
C00809,A00088,shipping,shared_cluster
C07842,A00088,shipping,shared_cluster
C08784,A00088,shipping,shared_cluster
C04239,A00088,shipping,shared_cluster
C09134,A00558,shipping,shared_cluster
C03892,A00558,shipping,shared_cluster
C07451,A00558,shipping,shared_cluster
C00257,A00558,shipping,shared_cluster
C01052,A00558,shipping,shared_cluster
C00660,A00268,shipping,shared_cluster
C08816,A00268,shipping,shared_cluster
C02279,A00399,shipping,shared_cluster
C07631,A00399,shipping,shared_cluster
C07635,A00399,shipping,shared_cluster
C09454,A00399,shipping,shared_cluster
C08512,A00399,shipping,shared_cluster
C01513,A00594,shipping,shared_cluster
C06674,A00594,shipping,shared_cluster
C07331,A00594,shipping,shared_cluster
C08925,A00594,shipping,shared_cluster
C07289,A00679,shipping,shared_cluster
C08070,A00679,shipping,shared_cluster
C02751,A00679,shipping,shared_cluster
C09116,A00586,shipping,shared_cluster
C05235,A00586,shipping,shared_cluster
C01579,A00586,shipping,shared_cluster
C07358,A00586,shipping,shared_cluster
C09616,A00586,shipping,shared_cluster
C00600,A00586,shipping,shared_cluster
C01842,A00553,shipping,shared_cluster
C03373,A00553,shipping,shared_cluster
C01732,A00553,shipping,shared_cluster
C07959,A00553,shipping,shared_cluster
C05415,A00553,shipping,shared_cluster
C09543,A00621,shipping,shared_cluster
C06215,A00621,shipping,shared_cluster
C03889,A00621,shipping,shared_cluster
C00914,A00385,shipping,shared_cluster
C06075,A00385,shipping,shared_cluster
C04375,A00385,shipping,shared_cluster
C08671,A00623,shipping,shared_cluster
C00245,A00623,shipping,shared_cluster
C07804,A00623,shipping,shared_cluster
C06682,A00623,shipping,shared_cluster
C04475,A00569,shipping,shared_cluster
C09053,A00569,shipping,shared_cluster
C05758,A00557,shipping,shared_cluster
C00837,A00557,shipping,shared_cluster
C01008,A00557,shipping,shared_cluster
C08355,A00531,shipping,shared_cluster
C09213,A00531,shipping,shared_cluster
C06359,A00531,shipping,shared_cluster
C08014,A00661,shipping,shared_cluster
C09142,A00661,shipping,shared_cluster
C00356,A00661,shipping,shared_cluster
C01754,A00661,shipping,shared_cluster
C00021,A00661,shipping,shared_cluster
C09957,A00661,shipping,shared_cluster
C02186,A00481,shipping,shared_cluster
C09459,A00481,shipping,shared_cluster
C07040,A00481,shipping,shared_cluster
C08257,A00481,shipping,shared_cluster
C04951,A00481,shipping,shared_cluster
C05875,A00208,shipping,shared_cluster
C02503,A00208,shipping,shared_cluster
C04182,A00208,shipping,shared_cluster
C05393,A00208,shipping,shared_cluster
C03802,A00208,shipping,shared_cluster
C02879,A00393,shipping,shared_cluster
C03165,A00393,shipping,shared_cluster
C08731,A00393,shipping,shared_cluster
C01931,A00393,shipping,shared_cluster
C07285,A00393,shipping,shared_cluster
C05336,A00393,shipping,shared_cluster
C08695,A00531,shipping,shared_cluster
C07832,A00531,shipping,shared_cluster
C09490,A00531,shipping,shared_cluster
C06500,A00531,shipping,shared_cluster
C04850,A00531,shipping,shared_cluster
C08190,A00531,shipping,shared_cluster
C08266,A00447,shipping,shared_cluster
C02444,A00447,shipping,shared_cluster
C03011,A00447,shipping,shared_cluster
C02648,A00447,shipping,shared_cluster
C01225,A00447,shipping,shared_cluster
C04740,A00447,shipping,shared_cluster
C01800,A00391,shipping,shared_cluster
C04206,A00391,shipping,shared_cluster
C08412,A00391,shipping,shared_cluster
C03343,A00488,shipping,shared_cluster
C06014,A00488,shipping,shared_cluster
C09100,A00488,shipping,shared_cluster
C06733,A00488,shipping,shared_cluster
C02587,A00534,shipping,shared_cluster
C05579,A00534,shipping,shared_cluster
C05363,A00534,shipping,shared_cluster
C04418,A00534,shipping,shared_cluster
C05216,A00534,shipping,shared_cluster
C01332,A00338,shipping,shared_cluster
C04483,A00338,shipping,shared_cluster
C03061,A00292,shipping,shared_cluster
C02800,A00292,shipping,shared_cluster
C03171,A00127,shipping,shared_cluster
C04548,A00127,shipping,shared_cluster
C00343,A00127,shipping,shared_cluster
C08844,A00127,shipping,shared_cluster
C07148,A00127,shipping,shared_cluster
C03929,A00052,shipping,shared_cluster
C03607,A00052,shipping,shared_cluster
C09863,A00052,shipping,shared_cluster
C07231,A00330,shipping,shared_cluster
C00307,A00330,shipping,shared_cluster
C00903,A00330,shipping,shared_cluster
C02719,A00330,shipping,shared_cluster
C08672,A00330,shipping,shared_cluster
C03146,A00330,shipping,shared_cluster
C00866,A00567,shipping,shared_cluster
C08027,A00567,shipping,shared_cluster
C06800,A00567,shipping,shared_cluster
C00996,A00567,shipping,shared_cluster
C05167,A00229,shipping,shared_cluster
C00242,A00229,shipping,shared_cluster
C05232,A00178,shipping,shared_cluster
C04222,A00178,shipping,shared_cluster
C03237,A00178,shipping,shared_cluster
C06915,A00185,shipping,shared_cluster
C04160,A00185,shipping,shared_cluster
C06584,A00185,shipping,shared_cluster
C00239,A00447,shipping,shared_cluster
C09230,A00447,shipping,shared_cluster
C01400,A00447,shipping,shared_cluster
C02040,A00447,shipping,shared_cluster
C09834,A00447,shipping,shared_cluster
C01425,A00149,shipping,shared_cluster
C05912,A00149,shipping,shared_cluster
C02037,A00687,shipping,shared_cluster
C08724,A00687,shipping,shared_cluster
C00923,A00414,shipping,shared_cluster
C01941,A00414,shipping,shared_cluster
C02661,A00414,shipping,shared_cluster
C09947,A00414,shipping,shared_cluster
C00722,A00414,shipping,shared_cluster
C02769,A00414,shipping,shared_cluster
C09238,A00063,shipping,shared_cluster
C09749,A00063,shipping,shared_cluster
C08038,A00062,shipping,shared_cluster
C03221,A00062,shipping,shared_cluster
C08011,A00062,shipping,shared_cluster
C06572,A00062,shipping,shared_cluster
C01114,A00244,shipping,shared_cluster
C06388,A00244,shipping,shared_cluster
C02051,A00244,shipping,shared_cluster
C05462,A00244,shipping,shared_cluster
C09550,A00244,shipping,shared_cluster
C01206,A00244,shipping,shared_cluster
C02519,A00199,shipping,shared_cluster
C09990,A00199,shipping,shared_cluster
C04238,A00199,shipping,shared_cluster
C02532,A00410,shipping,shared_cluster
C08732,A00410,shipping,shared_cluster
C08201,A00410,shipping,shared_cluster
C06355,A00410,shipping,shared_cluster
C03458,A00410,shipping,shared_cluster
C01386,A00084,shipping,shared_cluster
C08612,A00084,shipping,shared_cluster
C07266,A00084,shipping,shared_cluster
C08262,A00084,shipping,shared_cluster
C06098,A00123,shipping,shared_cluster
C04648,A00123,shipping,shared_cluster
C07030,A00123,shipping,shared_cluster
C03845,A00123,shipping,shared_cluster
C09927,A00123,shipping,shared_cluster
C03439,A00024,shipping,shared_cluster
C08418,A00024,shipping,shared_cluster
C08662,A00183,shipping,shared_cluster
C08419,A00183,shipping,shared_cluster
C06478,A00183,shipping,shared_cluster
C09293,A00183,shipping,shared_cluster
C09491,A00183,shipping,shared_cluster
C09585,A00069,shipping,shared_cluster
C00778,A00069,shipping,shared_cluster
C07211,A00069,shipping,shared_cluster
C05938,A00069,shipping,shared_cluster
C06758,A00069,shipping,shared_cluster
C06989,A00634,shipping,shared_cluster
C08763,A00634,shipping,shared_cluster
C04298,A00634,shipping,shared_cluster
C07007,A00634,shipping,shared_cluster
C06945,A00583,shipping,shared_cluster
C04220,A00583,shipping,shared_cluster
C02357,A00583,shipping,shared_cluster
C08592,A00230,shipping,shared_cluster
C01793,A00230,shipping,shared_cluster
C06670,A00230,shipping,shared_cluster
C04586,A00230,shipping,shared_cluster
C07632,A00230,shipping,shared_cluster
C03422,A00344,shipping,shared_cluster
C08507,A00344,shipping,shared_cluster
C07318,A00328,shipping,shared_cluster
C05126,A00328,shipping,shared_cluster
C09190,A00328,shipping,shared_cluster
C02846,A00328,shipping,shared_cluster
C05020,A00328,shipping,shared_cluster
C08755,A00190,shipping,shared_cluster
C09931,A00190,shipping,shared_cluster
C02303,A00190,shipping,shared_cluster
C07263,A00190,shipping,shared_cluster
C00919,A00190,shipping,shared_cluster
C00197,A00440,shipping,shared_cluster
C03814,A00440,shipping,shared_cluster
C08460,A00440,shipping,shared_cluster
C02470,A00596,shipping,shared_cluster
C08488,A00596,shipping,shared_cluster
C04630,A00596,shipping,shared_cluster
C01298,A00596,shipping,shared_cluster
C06907,A00229,shipping,shared_cluster
C02932,A00229,shipping,shared_cluster
C02302,A00229,shipping,shared_cluster
C07918,A00229,shipping,shared_cluster
C09807,A00229,shipping,shared_cluster
C00380,A00284,shipping,shared_cluster
C00840,A00284,shipping,shared_cluster
C06759,A00209,shipping,shared_cluster
C08496,A00209,shipping,shared_cluster
C00612,A00209,shipping,shared_cluster
C05386,A00209,shipping,shared_cluster
C04917,A00209,shipping,shared_cluster
C02330,A00179,shipping,shared_cluster
C09574,A00179,shipping,shared_cluster
C03808,A00179,shipping,shared_cluster
C01763,A00179,shipping,shared_cluster
C08866,A00179,shipping,shared_cluster
C08058,A00179,shipping,shared_cluster
C06899,A00010,shipping,shared_cluster
C01330,A00010,shipping,shared_cluster
C07144,A00010,shipping,shared_cluster
C03132,A00010,shipping,shared_cluster
C03622,A00010,shipping,shared_cluster
C06787,A00010,shipping,shared_cluster
C08499,A00057,shipping,shared_cluster
C03988,A00057,shipping,shared_cluster
C09914,A00057,shipping,shared_cluster
C06619,A00074,shipping,shared_cluster
C06077,A00074,shipping,shared_cluster
C02547,A00686,shipping,shared_cluster
C02423,A00686,shipping,shared_cluster
C02124,A00116,shipping,shared_cluster
C08160,A00116,shipping,shared_cluster
C04405,A00116,shipping,shared_cluster
C01086,A00223,shipping,shared_cluster
C01639,A00223,shipping,shared_cluster
C06558,A00223,shipping,shared_cluster
C08904,A00562,shipping,shared_cluster
C09977,A00562,shipping,shared_cluster
C07360,A00562,shipping,shared_cluster
C08281,A00562,shipping,shared_cluster
C01257,A00562,shipping,shared_cluster
C06675,A00562,shipping,shared_cluster
C05692,A00647,shipping,shared_cluster
C07431,A00647,shipping,shared_cluster
C05588,A00647,shipping,shared_cluster
C05663,A00647,shipping,shared_cluster
C07174,A00360,shipping,shared_cluster
C07890,A00360,shipping,shared_cluster
C03169,A00360,shipping,shared_cluster
C05282,A00360,shipping,shared_cluster
C03310,A00360,shipping,shared_cluster
C02918,A00360,shipping,shared_cluster
C01735,A00247,shipping,shared_cluster
C03994,A00247,shipping,shared_cluster
C02304,A00247,shipping,shared_cluster
C07865,A00247,shipping,shared_cluster
C05490,A00589,shipping,shared_cluster
C07488,A00589,shipping,shared_cluster
C07249,A00589,shipping,shared_cluster
C01371,A00589,shipping,shared_cluster
C04278,A00022,shipping,shared_cluster
C03254,A00022,shipping,shared_cluster
C07557,A00022,shipping,shared_cluster
C01030,A00231,shipping,shared_cluster
C01363,A00231,shipping,shared_cluster
C04948,A00231,shipping,shared_cluster
C08859,A00231,shipping,shared_cluster
C03856,A00231,shipping,shared_cluster
C00048,A00462,shipping,shared_cluster
C09960,A00462,shipping,shared_cluster
C04345,A00462,shipping,shared_cluster
C02891,A00244,shipping,shared_cluster
C00873,A00244,shipping,shared_cluster
C05135,A00244,shipping,shared_cluster
C01995,A00244,shipping,shared_cluster
C03600,A00244,shipping,shared_cluster
C06300,A00244,shipping,shared_cluster
C04619,A00401,shipping,shared_cluster
C02386,A00401,shipping,shared_cluster
C05608,A00401,shipping,shared_cluster
C03395,A00619,shipping,shared_cluster
C02248,A00619,shipping,shared_cluster
C09912,A00619,shipping,shared_cluster
C01618,A00619,shipping,shared_cluster
C01858,A00693,shipping,shared_cluster
C08558,A00693,shipping,shared_cluster
C07070,A00344,shipping,shared_cluster
C07957,A00344,shipping,shared_cluster
C00224,A00344,shipping,shared_cluster
C06801,A00709,shipping,shared_cluster
C01965,A00709,shipping,shared_cluster
C00904,A00709,shipping,shared_cluster
C01359,A00041,shipping,shared_cluster
C03087,A00041,shipping,shared_cluster
C07779,A00041,shipping,shared_cluster
C05793,A00041,shipping,shared_cluster
C01658,A00041,shipping,shared_cluster
C02904,A00541,shipping,shared_cluster
C06087,A00541,shipping,shared_cluster
C01081,A00668,shipping,shared_cluster
C03229,A00668,shipping,shared_cluster
C07052,A00668,shipping,shared_cluster
C03995,A00668,shipping,shared_cluster
C05004,A00668,shipping,shared_cluster
C08035,A00668,shipping,shared_cluster
C01510,A00652,shipping,shared_cluster
C04346,A00652,shipping,shared_cluster
C05294,A00652,shipping,shared_cluster
C01396,A00652,shipping,shared_cluster
C04315,A00652,shipping,shared_cluster
C08490,A00652,shipping,shared_cluster
C01220,A00616,shipping,shared_cluster
C09050,A00616,shipping,shared_cluster
C06620,A00616,shipping,shared_cluster
C05693,A00616,shipping,shared_cluster
C00948,A00059,shipping,shared_cluster
C02039,A00059,shipping,shared_cluster
C06780,A00059,shipping,shared_cluster
C08030,A00607,shipping,shared_cluster
C03775,A00607,shipping,shared_cluster
C03348,A00607,shipping,shared_cluster
C06044,A00607,shipping,shared_cluster
C05291,A00607,shipping,shared_cluster
C00676,A00419,shipping,shared_cluster
C08502,A00419,shipping,shared_cluster
C01715,A00419,shipping,shared_cluster
C03027,A00643,shipping,shared_cluster
C01267,A00643,shipping,shared_cluster
C05557,A00406,shipping,shared_cluster
C01447,A00406,shipping,shared_cluster
C07015,A00406,shipping,shared_cluster
C05343,A00406,shipping,shared_cluster
C03584,A00406,shipping,shared_cluster
C05529,A00689,shipping,shared_cluster
C08333,A00689,shipping,shared_cluster
C02877,A00689,shipping,shared_cluster
C03759,A00143,shipping,shared_cluster
C05668,A00143,shipping,shared_cluster
C05201,A00143,shipping,shared_cluster
C01536,A00143,shipping,shared_cluster
C08597,A00217,shipping,shared_cluster
C04752,A00217,shipping,shared_cluster
C01429,A00217,shipping,shared_cluster
C00846,A00217,shipping,shared_cluster
C02914,A00217,shipping,shared_cluster
C09075,A00553,shipping,shared_cluster
C09151,A00553,shipping,shared_cluster
C03250,A00153,shipping,shared_cluster
C02366,A00153,shipping,shared_cluster
C02660,A00153,shipping,shared_cluster
C07629,A00153,shipping,shared_cluster
C02942,A00153,shipping,shared_cluster
C02924,A00562,shipping,shared_cluster
C05918,A00562,shipping,shared_cluster
C07949,A00562,shipping,shared_cluster
C08213,A00562,shipping,shared_cluster
C03559,A00610,shipping,shared_cluster
C02178,A00610,shipping,shared_cluster
C06725,A00610,shipping,shared_cluster
C05394,A00610,shipping,shared_cluster
C05849,A00610,shipping,shared_cluster
C02962,A00214,shipping,shared_cluster
C03004,A00214,shipping,shared_cluster
C02974,A00551,shipping,shared_cluster
C00060,A00551,shipping,shared_cluster
C00864,A00551,shipping,shared_cluster
C04534,A00112,shipping,shared_cluster
C07282,A00112,shipping,shared_cluster
C09306,A00112,shipping,shared_cluster
C03674,A00112,shipping,shared_cluster
C00252,A00112,shipping,shared_cluster
C02127,A00112,shipping,shared_cluster
C07756,A00139,shipping,shared_cluster
C05001,A00139,shipping,shared_cluster
C09288,A00139,shipping,shared_cluster
C00825,A00139,shipping,shared_cluster
C01170,A00139,shipping,shared_cluster
C07336,A00139,shipping,shared_cluster
C04324,A00607,shipping,shared_cluster
C09565,A00607,shipping,shared_cluster
C02429,A00607,shipping,shared_cluster
C01076,A00607,shipping,shared_cluster
C08142,A00607,shipping,shared_cluster
C02160,A00137,shipping,shared_cluster
C06556,A00137,shipping,shared_cluster
C03853,A00137,shipping,shared_cluster
C00422,A00416,shipping,shared_cluster
C05607,A00416,shipping,shared_cluster
C04318,A00416,shipping,shared_cluster
C04893,A00416,shipping,shared_cluster
C02842,A00230,shipping,shared_cluster
C02848,A00230,shipping,shared_cluster
C00403,A00462,shipping,shared_cluster
C04367,A00462,shipping,shared_cluster
C08500,A00462,shipping,shared_cluster
C09195,A00181,shipping,shared_cluster
C09414,A00181,shipping,shared_cluster
C06460,A00181,shipping,shared_cluster
C00719,A00181,shipping,shared_cluster
C06788,A00181,shipping,shared_cluster
C00017,A00249,shipping,shared_cluster
C05658,A00249,shipping,shared_cluster
C05376,A00122,shipping,shared_cluster
C04458,A00122,shipping,shared_cluster
C03273,A00122,shipping,shared_cluster
C06753,A00642,shipping,shared_cluster
C07583,A00642,shipping,shared_cluster
C05056,A00112,shipping,shared_cluster
C08317,A00112,shipping,shared_cluster
C06239,A00578,shipping,shared_cluster
C00733,A00578,shipping,shared_cluster
C06189,A00640,shipping,shared_cluster
C06777,A00640,shipping,shared_cluster
C01927,A00405,shipping,shared_cluster
C01007,A00405,shipping,shared_cluster
C07362,A00405,shipping,shared_cluster
C05516,A00405,shipping,shared_cluster
C08792,A00405,shipping,shared_cluster
C09546,A00461,shipping,shared_cluster
C00072,A00461,shipping,shared_cluster
C00097,A00461,shipping,shared_cluster
C00368,A00461,shipping,shared_cluster
C01022,A00461,shipping,shared_cluster
C09226,A00360,shipping,shared_cluster
C09452,A00360,shipping,shared_cluster
C00485,A00360,shipping,shared_cluster
C05604,A00360,shipping,shared_cluster
C00423,A00360,shipping,shared_cluster
C00486,A00588,shipping,shared_cluster
C06716,A00588,shipping,shared_cluster
C09136,A00081,shipping,shared_cluster
C00853,A00081,shipping,shared_cluster
C01545,A00081,shipping,shared_cluster
C03716,A00081,shipping,shared_cluster
C05267,A00241,shipping,shared_cluster
C02344,A00241,shipping,shared_cluster
C08637,A00241,shipping,shared_cluster
C08444,A00241,shipping,shared_cluster
C02538,A00241,shipping,shared_cluster
C06101,A00190,shipping,shared_cluster
C06583,A00190,shipping,shared_cluster
C01254,A00190,shipping,shared_cluster
C09030,A00190,shipping,shared_cluster
C05779,A00190,shipping,shared_cluster
C08064,A00153,shipping,shared_cluster
C02414,A00153,shipping,shared_cluster
C01132,A00153,shipping,shared_cluster
C04009,A00153,shipping,shared_cluster
C04883,A00153,shipping,shared_cluster
C09701,A00099,shipping,shared_cluster
C06188,A00099,shipping,shared_cluster
C09323,A00099,shipping,shared_cluster
C06894,A00099,shipping,shared_cluster
C05202,A00099,shipping,shared_cluster
C02462,A00099,shipping,shared_cluster
C02952,A00317,shipping,shared_cluster
C06776,A00317,shipping,shared_cluster
C03335,A00317,shipping,shared_cluster
C08586,A00317,shipping,shared_cluster
C01334,A00589,shipping,shared_cluster
C09354,A00589,shipping,shared_cluster
C03555,A00589,shipping,shared_cluster
C09179,A00589,shipping,shared_cluster
C08623,A00698,shipping,shared_cluster
C03520,A00698,shipping,shared_cluster
C09890,A00698,shipping,shared_cluster
C02947,A00698,shipping,shared_cluster
C04516,A00113,shipping,shared_cluster
C02372,A00113,shipping,shared_cluster
C03318,A00113,shipping,shared_cluster
C07611,A00113,shipping,shared_cluster
C06367,A00113,shipping,shared_cluster
C09351,A00190,shipping,shared_cluster
C08391,A00190,shipping,shared_cluster
C05221,A00604,shipping,shared_cluster
C07037,A00604,shipping,shared_cluster
C06120,A00604,shipping,shared_cluster
C02314,A00604,shipping,shared_cluster
C08138,A00604,shipping,shared_cluster
C05226,A00604,shipping,shared_cluster
C00173,A00496,shipping,shared_cluster
C01340,A00496,shipping,shared_cluster
C04262,A00496,shipping,shared_cluster
C06888,A00496,shipping,shared_cluster
C07326,A00496,shipping,shared_cluster
C02406,A00496,shipping,shared_cluster
C04538,A00108,shipping,shared_cluster
C06033,A00108,shipping,shared_cluster
C01095,A00108,shipping,shared_cluster
C08847,A00108,shipping,shared_cluster
C00952,A00108,shipping,shared_cluster
C09343,A00108,shipping,shared_cluster
C01210,A00232,shipping,shared_cluster
C04023,A00232,shipping,shared_cluster
C06163,A00232,shipping,shared_cluster
C06043,A00565,shipping,shared_cluster
C06603,A00565,shipping,shared_cluster
C07881,A00565,shipping,shared_cluster
C02054,A00696,shipping,shared_cluster
C03057,A00696,shipping,shared_cluster
C05619,A00696,shipping,shared_cluster
C02887,A00696,shipping,shared_cluster
C03740,A00696,shipping,shared_cluster
C02402,A00696,shipping,shared_cluster
C07530,A00100,shipping,shared_cluster
C04573,A00100,shipping,shared_cluster
C05383,A00100,shipping,shared_cluster
C05546,A00679,shipping,shared_cluster
C03002,A00679,shipping,shared_cluster
C07452,A00679,shipping,shared_cluster
C08882,A00041,shipping,shared_cluster
C02255,A00041,shipping,shared_cluster
C08021,A00041,shipping,shared_cluster
C06807,A00041,shipping,shared_cluster
C03526,A00708,shipping,shared_cluster
C05420,A00708,shipping,shared_cluster
C08086,A00708,shipping,shared_cluster
C09474,A00297,shipping,shared_cluster
C03766,A00297,shipping,shared_cluster
C08032,A00297,shipping,shared_cluster
C05453,A00297,shipping,shared_cluster
C03153,A00297,shipping,shared_cluster
C08620,A00297,shipping,shared_cluster
C02078,A00561,shipping,shared_cluster
C06550,A00561,shipping,shared_cluster
C06049,A00561,shipping,shared_cluster
C07116,A00561,shipping,shared_cluster
C05059,A00561,shipping,shared_cluster
C08322,A00557,shipping,shared_cluster
C01288,A00557,shipping,shared_cluster
C03105,A00557,shipping,shared_cluster
C05953,A00557,shipping,shared_cluster
C02263,A00557,shipping,shared_cluster
C02476,A00557,shipping,shared_cluster
C02365,A00268,shipping,shared_cluster
C09488,A00268,shipping,shared_cluster
C05718,A00268,shipping,shared_cluster
C07914,A00268,shipping,shared_cluster
C05120,A00601,shipping,shared_cluster
C08848,A00601,shipping,shared_cluster
C05494,A00601,shipping,shared_cluster
C01675,A00601,shipping,shared_cluster
C05129,A00601,shipping,shared_cluster
C04310,A00338,shipping,shared_cluster
C04400,A00338,shipping,shared_cluster
C09589,A00338,shipping,shared_cluster
C04470,A00338,shipping,shared_cluster
C04357,A00338,shipping,shared_cluster
C04828,A00393,shipping,shared_cluster
C02774,A00393,shipping,shared_cluster
C01231,A00393,shipping,shared_cluster
C08857,A00393,shipping,shared_cluster
C04712,A00393,shipping,shared_cluster
C09555,A00667,shipping,shared_cluster
C07509,A00667,shipping,shared_cluster
C03050,A00667,shipping,shared_cluster
C02411,A00541,shipping,shared_cluster
C07412,A00541,shipping,shared_cluster
C05028,A00690,shipping,shared_cluster
C06813,A00690,shipping,shared_cluster
C00584,A00690,shipping,shared_cluster
C07954,A00690,shipping,shared_cluster
C08563,A00690,shipping,shared_cluster
C05098,A00690,shipping,shared_cluster
C09757,A00402,shipping,shared_cluster
C05110,A00402,shipping,shared_cluster
C02873,A00402,shipping,shared_cluster
C09629,A00402,shipping,shared_cluster
C08495,A00402,shipping,shared_cluster
C02858,A00488,shipping,shared_cluster
C08015,A00488,shipping,shared_cluster
C02670,A00488,shipping,shared_cluster
C08909,A00488,shipping,shared_cluster
C04882,A00488,shipping,shared_cluster
C09420,A00243,shipping,shared_cluster
C00777,A00243,shipping,shared_cluster
C09870,A00243,shipping,shared_cluster
C07368,A00312,shipping,shared_cluster
C02252,A00312,shipping,shared_cluster
C00249,A00312,shipping,shared_cluster
C09949,A00312,shipping,shared_cluster
C06088,A00312,shipping,shared_cluster
C04288,A00312,shipping,shared_cluster
C04568,A00094,shipping,shared_cluster
C00601,A00094,shipping,shared_cluster
C06129,A00094,shipping,shared_cluster
C04770,A00094,shipping,shared_cluster
C09787,A00094,shipping,shared_cluster
C08954,A00310,shipping,shared_cluster
C08043,A00310,shipping,shared_cluster
C02083,A00310,shipping,shared_cluster
C00633,A00310,shipping,shared_cluster
C09777,A00310,shipping,shared_cluster
C04926,A00310,shipping,shared_cluster
C00475,A00069,shipping,shared_cluster
C08527,A00069,shipping,shared_cluster
C07036,A00069,shipping,shared_cluster
C05945,A00069,shipping,shared_cluster
C07846,A00302,shipping,shared_cluster
C07741,A00302,shipping,shared_cluster
C03964,A00302,shipping,shared_cluster
C00100,A00302,shipping,shared_cluster
C09093,A00302,shipping,shared_cluster
C05500,A00373,shipping,shared_cluster
C06646,A00373,shipping,shared_cluster
C08432,A00373,shipping,shared_cluster
C04555,A00373,shipping,shared_cluster
C07345,A00264,shipping,shared_cluster
C01936,A00264,shipping,shared_cluster
C01262,A00264,shipping,shared_cluster
C00404,A00264,shipping,shared_cluster
C02710,A00264,shipping,shared_cluster
C02016,A00224,shipping,shared_cluster
C01078,A00224,shipping,shared_cluster
C06310,A00097,shipping,shared_cluster
C03303,A00097,shipping,shared_cluster
C00396,A00097,shipping,shared_cluster
C01390,A00485,shipping,shared_cluster
C05543,A00485,shipping,shared_cluster
C09698,A00107,shipping,shared_cluster
C07737,A00107,shipping,shared_cluster
C09252,A00107,shipping,shared_cluster
C00514,A00107,shipping,shared_cluster
C09109,A00012,shipping,shared_cluster
C05195,A00012,shipping,shared_cluster
C08320,A00012,shipping,shared_cluster
C02753,A00012,shipping,shared_cluster
C07764,A00012,shipping,shared_cluster
C06166,A00443,shipping,shared_cluster
C07745,A00443,shipping,shared_cluster
C06639,A00443,shipping,shared_cluster
C04448,A00443,shipping,shared_cluster
C03812,A00443,shipping,shared_cluster
C07562,A00525,shipping,shared_cluster
C03281,A00525,shipping,shared_cluster
C05727,A00525,shipping,shared_cluster
C04953,A00525,shipping,shared_cluster
C00389,A00525,shipping,shared_cluster
C01290,A00299,shipping,shared_cluster
C08127,A00299,shipping,shared_cluster
C04512,A00035,shipping,shared_cluster
C05102,A00035,shipping,shared_cluster
C04995,A00035,shipping,shared_cluster
C05927,A00035,shipping,shared_cluster
C02760,A00035,shipping,shared_cluster
C01717,A00295,shipping,shared_cluster
C09705,A00295,shipping,shared_cluster
C08659,A00295,shipping,shared_cluster
C03042,A00295,shipping,shared_cluster
C06543,A00138,shipping,shared_cluster
C07261,A00138,shipping,shared_cluster
C00560,A00138,shipping,shared_cluster
C06167,A00138,shipping,shared_cluster
C05357,A00144,shipping,shared_cluster
C04130,A00144,shipping,shared_cluster
C08365,A00144,shipping,shared_cluster
C07497,A00636,shipping,shared_cluster
C08648,A00636,shipping,shared_cluster
C05664,A00636,shipping,shared_cluster
C06484,A00433,shipping,shared_cluster
C01567,A00433,shipping,shared_cluster
C03899,A00488,shipping,shared_cluster
C01524,A00488,shipping,shared_cluster
C09656,A00488,shipping,shared_cluster
C00658,A00488,shipping,shared_cluster
C05560,A00253,shipping,shared_cluster
C04984,A00253,shipping,shared_cluster
C04237,A00253,shipping,shared_cluster
C09481,A00253,shipping,shared_cluster
C04594,A00330,shipping,shared_cluster
C05688,A00330,shipping,shared_cluster
C06803,A00330,shipping,shared_cluster
C06452,A00330,shipping,shared_cluster
C02595,A00375,shipping,shared_cluster
C07468,A00375,shipping,shared_cluster
C06069,A00375,shipping,shared_cluster
C00094,A00375,shipping,shared_cluster
C02354,A00512,shipping,shared_cluster
C05005,A00512,shipping,shared_cluster
C08842,A00512,shipping,shared_cluster
C04727,A00204,shipping,shared_cluster
C02485,A00204,shipping,shared_cluster
C08669,A00204,shipping,shared_cluster
C03649,A00204,shipping,shared_cluster
C06641,A00204,shipping,shared_cluster
C02339,A00204,shipping,shared_cluster
C02042,A00566,shipping,shared_cluster
C00274,A00566,shipping,shared_cluster
C06601,A00566,shipping,shared_cluster
C08218,A00566,shipping,shared_cluster
C07432,A00546,shipping,shared_cluster
C06272,A00546,shipping,shared_cluster
C01333,A00546,shipping,shared_cluster
C05889,A00115,shipping,shared_cluster
C01233,A00115,shipping,shared_cluster
C07299,A00115,shipping,shared_cluster
C09311,A00115,shipping,shared_cluster
C02813,A00115,shipping,shared_cluster
C08319,A00115,shipping,shared_cluster
C02599,A00393,shipping,shared_cluster
C03480,A00393,shipping,shared_cluster
C01242,A00393,shipping,shared_cluster
C00851,A00393,shipping,shared_cluster
C07852,A00393,shipping,shared_cluster
C02085,A00393,shipping,shared_cluster
C08793,A00576,shipping,shared_cluster
C02290,A00576,shipping,shared_cluster
C04856,A00576,shipping,shared_cluster
C01269,A00576,shipping,shared_cluster
C09782,A00318,shipping,shared_cluster
C01355,A00318,shipping,shared_cluster
C09476,A00318,shipping,shared_cluster
C07863,A00318,shipping,shared_cluster
C05641,A00318,shipping,shared_cluster
C04196,A00318,shipping,shared_cluster
C08520,A00033,shipping,shared_cluster
C06470,A00033,shipping,shared_cluster
C08048,A00033,shipping,shared_cluster
C05706,A00033,shipping,shared_cluster
C03328,A00033,shipping,shared_cluster
C04864,A00481,shipping,shared_cluster
C00742,A00481,shipping,shared_cluster
C02940,A00481,shipping,shared_cluster
C05690,A00648,shipping,shared_cluster
C09325,A00648,shipping,shared_cluster
C03971,A00648,shipping,shared_cluster
C00743,A00648,shipping,shared_cluster
C05002,A00648,shipping,shared_cluster
C01481,A00332,shipping,shared_cluster
C05644,A00332,shipping,shared_cluster
C00737,A00332,shipping,shared_cluster
C00883,A00434,shipping,shared_cluster
C03457,A00434,shipping,shared_cluster
C01393,A00434,shipping,shared_cluster
C02113,A00434,shipping,shared_cluster
C05212,A00434,shipping,shared_cluster
C01522,A00107,shipping,shared_cluster
C04905,A00107,shipping,shared_cluster
C05680,A00107,shipping,shared_cluster
C07942,A00107,shipping,shared_cluster
C02046,A00107,shipping,shared_cluster
C00432,A00444,shipping,shared_cluster
C05354,A00444,shipping,shared_cluster
C05284,A00444,shipping,shared_cluster
C02757,A00444,shipping,shared_cluster
C08967,A00444,shipping,shared_cluster
C03437,A00605,shipping,shared_cluster
C08435,A00605,shipping,shared_cluster
C06213,A00605,shipping,shared_cluster
C03266,A00605,shipping,shared_cluster
C08948,A00605,shipping,shared_cluster
C06736,A00605,shipping,shared_cluster
C00159,A00643,shipping,shared_cluster
C04651,A00643,shipping,shared_cluster
C01064,A00643,shipping,shared_cluster
C00678,A00643,shipping,shared_cluster
C02639,A00319,shipping,shared_cluster
C09679,A00319,shipping,shared_cluster
C05285,A00319,shipping,shared_cluster
C07071,A00319,shipping,shared_cluster
C05325,A00319,shipping,shared_cluster
C06847,A00400,shipping,shared_cluster
C09799,A00400,shipping,shared_cluster
C04811,A00400,shipping,shared_cluster
C03329,A00400,shipping,shared_cluster
C03657,A00548,shipping,shared_cluster
C04778,A00548,shipping,shared_cluster
C03961,A00548,shipping,shared_cluster
C06184,A00548,shipping,shared_cluster
C07460,A00548,shipping,shared_cluster
C06368,A00548,shipping,shared_cluster
C06491,A00108,shipping,shared_cluster
C09067,A00108,shipping,shared_cluster
C07813,A00108,shipping,shared_cluster
C04065,A00108,shipping,shared_cluster
C02734,A00256,shipping,shared_cluster
C07578,A00256,shipping,shared_cluster
C06812,A00256,shipping,shared_cluster
C01251,A00256,shipping,shared_cluster
C02437,A00256,shipping,shared_cluster
C09023,A00256,shipping,shared_cluster
C08434,A00215,shipping,shared_cluster
C07140,A00215,shipping,shared_cluster
C04849,A00215,shipping,shared_cluster
C01026,A00069,shipping,shared_cluster
C07606,A00069,shipping,shared_cluster
C02327,A00069,shipping,shared_cluster
C00668,A00069,shipping,shared_cluster
C00896,A00069,shipping,shared_cluster
C02398,A00117,shipping,shared_cluster
C00193,A00117,shipping,shared_cluster
C03366,A00117,shipping,shared_cluster
C03017,A00117,shipping,shared_cluster
C04203,A00704,shipping,shared_cluster
C03030,A00704,shipping,shared_cluster
C01805,A00704,shipping,shared_cluster
C02196,A00704,shipping,shared_cluster
C08302,A00704,shipping,shared_cluster
C09847,A00704,shipping,shared_cluster
C00062,A00590,shipping,shared_cluster
C03428,A00590,shipping,shared_cluster
C02515,A00590,shipping,shared_cluster
C05345,A00590,shipping,shared_cluster
C02316,A00590,shipping,shared_cluster
C07552,A00638,shipping,shared_cluster
C06930,A00638,shipping,shared_cluster
C04959,A00638,shipping,shared_cluster
C00731,A00638,shipping,shared_cluster
C05894,A00081,shipping,shared_cluster
C07125,A00081,shipping,shared_cluster
C00927,A00081,shipping,shared_cluster
C05823,A00081,shipping,shared_cluster
C07757,A00081,shipping,shared_cluster
C00875,A00081,shipping,shared_cluster
C05988,A00465,shipping,shared_cluster
C08139,A00465,shipping,shared_cluster
C03864,A00289,shipping,shared_cluster
C01640,A00289,shipping,shared_cluster
C05408,A00259,shipping,shared_cluster
C08915,A00259,shipping,shared_cluster
C07067,A00259,shipping,shared_cluster
C07054,A00371,shipping,shared_cluster
C07253,A00371,shipping,shared_cluster
C03824,A00371,shipping,shared_cluster
C02238,A00371,shipping,shared_cluster
C01752,A00179,shipping,shared_cluster
C09347,A00179,shipping,shared_cluster
C01883,A00179,shipping,shared_cluster
C08991,A00179,shipping,shared_cluster
C04532,A00179,shipping,shared_cluster
C02981,A00179,shipping,shared_cluster
C01183,A00602,shipping,shared_cluster
C08353,A00602,shipping,shared_cluster
C09686,A00602,shipping,shared_cluster
C00517,A00602,shipping,shared_cluster
C01401,A00602,shipping,shared_cluster
C03285,A00334,shipping,shared_cluster
C00967,A00334,shipping,shared_cluster
C03272,A00334,shipping,shared_cluster
C04303,A00523,shipping,shared_cluster
C02574,A00523,shipping,shared_cluster
C05684,A00523,shipping,shared_cluster
C01085,A00696,shipping,shared_cluster
C08364,A00696,shipping,shared_cluster
C01645,A00696,shipping,shared_cluster
C02257,A00696,shipping,shared_cluster
C04214,A00095,shipping,shared_cluster
C01171,A00095,shipping,shared_cluster
C00693,A00095,shipping,shared_cluster
C07375,A00480,shipping,shared_cluster
C06394,A00480,shipping,shared_cluster
C02784,A00480,shipping,shared_cluster
C04289,A00480,shipping,shared_cluster
C00744,A00480,shipping,shared_cluster
C07558,A00480,shipping,shared_cluster
C09844,A00228,shipping,shared_cluster
C03230,A00228,shipping,shared_cluster
C07505,A00228,shipping,shared_cluster
C08982,A00228,shipping,shared_cluster
C06353,A00228,shipping,shared_cluster
C09888,A00228,shipping,shared_cluster
C02409,A00659,shipping,shared_cluster
C09506,A00659,shipping,shared_cluster
C01487,A00659,shipping,shared_cluster
C08188,A00659,shipping,shared_cluster
C08556,A00608,shipping,shared_cluster
C08788,A00608,shipping,shared_cluster
C03181,A00608,shipping,shared_cluster
C07262,A00363,shipping,shared_cluster
C04258,A00363,shipping,shared_cluster
C00495,A00363,shipping,shared_cluster
C00524,A00363,shipping,shared_cluster
C09147,A00363,shipping,shared_cluster
C00590,A00363,shipping,shared_cluster
C06519,A00053,shipping,shared_cluster
C05885,A00053,shipping,shared_cluster
C06263,A00053,shipping,shared_cluster
C04198,A00053,shipping,shared_cluster
C05848,A00542,shipping,shared_cluster
C01312,A00542,shipping,shared_cluster
C04284,A00542,shipping,shared_cluster
C04601,A00542,shipping,shared_cluster
C00607,A00542,shipping,shared_cluster
C03529,A00641,shipping,shared_cluster
C00974,A00641,shipping,shared_cluster
C03605,A00641,shipping,shared_cluster
C01492,A00669,shipping,shared_cluster
C00409,A00669,shipping,shared_cluster
C00654,A00669,shipping,shared_cluster
C00310,A00669,shipping,shared_cluster
C07828,A00669,shipping,shared_cluster
C05364,A00669,shipping,shared_cluster
C08989,A00419,shipping,shared_cluster
C00657,A00419,shipping,shared_cluster
C03364,A00266,shipping,shared_cluster
C03260,A00266,shipping,shared_cluster
C05170,A00266,shipping,shared_cluster
C05578,A00418,shipping,shared_cluster
C07652,A00418,shipping,shared_cluster
C09365,A00418,shipping,shared_cluster
C04032,A00418,shipping,shared_cluster
C01920,A00418,shipping,shared_cluster
C05839,A00418,shipping,shared_cluster
C01032,A00454,shipping,shared_cluster
C05007,A00454,shipping,shared_cluster
C04112,A00454,shipping,shared_cluster
C08875,A00454,shipping,shared_cluster
C08955,A00454,shipping,shared_cluster
C01297,A00454,shipping,shared_cluster
C04167,A00563,shipping,shared_cluster
C06507,A00563,shipping,shared_cluster
C00632,A00563,shipping,shared_cluster
C08081,A00126,shipping,shared_cluster
C04880,A00126,shipping,shared_cluster
C03432,A00126,shipping,shared_cluster
C06635,A00126,shipping,shared_cluster
C04787,A00126,shipping,shared_cluster
C08920,A00560,shipping,shared_cluster
C00381,A00560,shipping,shared_cluster
C05669,A00560,shipping,shared_cluster
C08511,A00560,shipping,shared_cluster
C04754,A00560,shipping,shared_cluster
C07847,A00560,shipping,shared_cluster
C00335,A00307,shipping,shared_cluster
C02244,A00307,shipping,shared_cluster
C08245,A00307,shipping,shared_cluster
C01693,A00259,shipping,shared_cluster
C07912,A00259,shipping,shared_cluster
C08604,A00259,shipping,shared_cluster
C00512,A00259,shipping,shared_cluster
C01408,A00259,shipping,shared_cluster
C09772,A00426,shipping,shared_cluster
C08456,A00426,shipping,shared_cluster
C00124,A00426,shipping,shared_cluster
C08343,A00426,shipping,shared_cluster
C03064,A00426,shipping,shared_cluster
C04329,A00426,shipping,shared_cluster
C07160,A00286,shipping,shared_cluster
C08877,A00286,shipping,shared_cluster
C05593,A00286,shipping,shared_cluster
C06009,A00094,shipping,shared_cluster
C04783,A00094,shipping,shared_cluster
C00542,A00094,shipping,shared_cluster
C09635,A00224,shipping,shared_cluster
C08680,A00224,shipping,shared_cluster
C09227,A00224,shipping,shared_cluster
C01834,A00224,shipping,shared_cluster
C04230,A00224,shipping,shared_cluster
C08037,A00304,shipping,shared_cluster
C08677,A00304,shipping,shared_cluster
C02562,A00304,shipping,shared_cluster
C00086,A00304,shipping,shared_cluster
C04417,A00304,shipping,shared_cluster
C04376,A00619,shipping,shared_cluster
C03682,A00619,shipping,shared_cluster
C00867,A00619,shipping,shared_cluster
C04713,A00619,shipping,shared_cluster
C03715,A00619,shipping,shared_cluster
C01197,A00558,shipping,shared_cluster
C04734,A00558,shipping,shared_cluster
C02114,A00558,shipping,shared_cluster
C09041,A00277,shipping,shared_cluster
C00057,A00277,shipping,shared_cluster
C04249,A00277,shipping,shared_cluster
C01650,A00277,shipping,shared_cluster
C01570,A00277,shipping,shared_cluster
C02915,A00514,shipping,shared_cluster
C02775,A00514,shipping,shared_cluster
C01427,A00514,shipping,shared_cluster
C08856,A00514,shipping,shared_cluster
C04216,A00514,shipping,shared_cluster
C05734,A00392,shipping,shared_cluster
C02167,A00392,shipping,shared_cluster
C09636,A00392,shipping,shared_cluster
C08085,A00392,shipping,shared_cluster
C03772,A00560,shipping,shared_cluster
C07198,A00560,shipping,shared_cluster
C01172,A00220,shipping,shared_cluster
C02274,A00220,shipping,shared_cluster
C03118,A00220,shipping,shared_cluster
C07614,A00220,shipping,shared_cluster
C01976,A00220,shipping,shared_cluster
C07598,A00220,shipping,shared_cluster
C00395,A00452,shipping,shared_cluster
C09953,A00452,shipping,shared_cluster
C02950,A00452,shipping,shared_cluster
C04286,A00452,shipping,shared_cluster
C02647,A00452,shipping,shared_cluster
C03921,A00564,shipping,shared_cluster
C09374,A00564,shipping,shared_cluster
C02204,A00564,shipping,shared_cluster
C00998,A00564,shipping,shared_cluster
C01467,A00196,shipping,shared_cluster
C01372,A00196,shipping,shared_cluster
C06991,A00196,shipping,shared_cluster
C00336,A00196,shipping,shared_cluster
C01865,A00196,shipping,shared_cluster
C03082,A00661,shipping,shared_cluster
C03019,A00661,shipping,shared_cluster
C02002,A00651,shipping,shared_cluster
C09746,A00651,shipping,shared_cluster
C02155,A00651,shipping,shared_cluster
C04947,A00557,shipping,shared_cluster
C00563,A00557,shipping,shared_cluster
C02179,A00557,shipping,shared_cluster
C00964,A00557,shipping,shared_cluster
C08548,A00148,shipping,shared_cluster
C03121,A00148,shipping,shared_cluster
C08310,A00148,shipping,shared_cluster
C01278,A00148,shipping,shared_cluster
C00152,A00148,shipping,shared_cluster
C06664,A00148,shipping,shared_cluster
C08234,A00653,shipping,shared_cluster
C02911,A00653,shipping,shared_cluster
C08199,A00653,shipping,shared_cluster
C09198,A00653,shipping,shared_cluster
C05974,A00653,shipping,shared_cluster
C02432,A00653,shipping,shared_cluster
C09582,A00562,shipping,shared_cluster
C02997,A00562,shipping,shared_cluster
C05645,A00123,shipping,shared_cluster
C00522,A00123,shipping,shared_cluster
C05175,A00123,shipping,shared_cluster
C05879,A00220,shipping,shared_cluster
C07759,A00220,shipping,shared_cluster
C05809,A00220,shipping,shared_cluster
C08189,A00220,shipping,shared_cluster
C03286,A00492,shipping,shared_cluster
C03356,A00492,shipping,shared_cluster
C07752,A00492,shipping,shared_cluster
C06565,A00492,shipping,shared_cluster
C03452,A00217,shipping,shared_cluster
C08813,A00217,shipping,shared_cluster
C00162,A00217,shipping,shared_cluster
C03554,A00217,shipping,shared_cluster
C04896,A00238,shipping,shared_cluster
C04656,A00238,shipping,shared_cluster
C02653,A00238,shipping,shared_cluster
C05995,A00238,shipping,shared_cluster
C03122,A00238,shipping,shared_cluster
C05813,A00289,shipping,shared_cluster
C01268,A00289,shipping,shared_cluster
C06115,A00289,shipping,shared_cluster
C07534,A00289,shipping,shared_cluster
C09440,A00289,shipping,shared_cluster
C05913,A00289,shipping,shared_cluster
C03464,A00034,shipping,shared_cluster
C08252,A00034,shipping,shared_cluster
C09974,A00034,shipping,shared_cluster
C00140,A00034,shipping,shared_cluster
C01791,A00649,shipping,shared_cluster
C09118,A00649,shipping,shared_cluster
C07265,A00649,shipping,shared_cluster
C05049,A00649,shipping,shared_cluster
C03668,A00649,shipping,shared_cluster
C07109,A00516,shipping,shared_cluster
C00280,A00516,shipping,shared_cluster
C03315,A00102,shipping,shared_cluster
C00520,A00102,shipping,shared_cluster
C08182,A00102,shipping,shared_cluster
C04005,A00688,shipping,shared_cluster
C04085,A00688,shipping,shared_cluster
C09406,A00688,shipping,shared_cluster
C01479,A00688,shipping,shared_cluster
C05108,A00688,shipping,shared_cluster
C03059,A00683,shipping,shared_cluster
C07248,A00683,shipping,shared_cluster
C09940,A00683,shipping,shared_cluster
C03264,A00683,shipping,shared_cluster
C06152,A00683,shipping,shared_cluster
C06306,A00365,shipping,shared_cluster
C02206,A00365,shipping,shared_cluster
C05081,A00365,shipping,shared_cluster
C08474,A00531,shipping,shared_cluster
C02363,A00531,shipping,shared_cluster
C00020,A00531,shipping,shared_cluster
C00462,A00531,shipping,shared_cluster
C08950,A00531,shipping,shared_cluster
C09320,A00170,shipping,shared_cluster
C03211,A00170,shipping,shared_cluster
C09358,A00170,shipping,shared_cluster
C08192,A00409,shipping,shared_cluster
C02284,A00409,shipping,shared_cluster
C02667,A00409,shipping,shared_cluster
C04647,A00409,shipping,shared_cluster
C09462,A00409,shipping,shared_cluster
C01109,A00467,shipping,shared_cluster
C07900,A00467,shipping,shared_cluster
C02901,A00467,shipping,shared_cluster
C01103,A00467,shipping,shared_cluster
C08492,A00467,shipping,shared_cluster
C06011,A00546,shipping,shared_cluster
C01291,A00546,shipping,shared_cluster
C09964,A00546,shipping,shared_cluster
C01634,A00518,shipping,shared_cluster
C04176,A00518,shipping,shared_cluster
C03898,A00518,shipping,shared_cluster
C06383,A00449,shipping,shared_cluster
C07157,A00449,shipping,shared_cluster
C01897,A00443,shipping,shared_cluster
C08600,A00443,shipping,shared_cluster
C02876,A00443,shipping,shared_cluster
C08759,A00681,shipping,shared_cluster
C01773,A00681,shipping,shared_cluster
C00390,A00397,shipping,shared_cluster
C06580,A00397,shipping,shared_cluster
C00081,A00397,shipping,shared_cluster
C05569,A00397,shipping,shared_cluster
C06386,A00397,shipping,shared_cluster
C04908,A00090,shipping,shared_cluster
C07232,A00090,shipping,shared_cluster
C06024,A00090,shipping,shared_cluster
C09904,A00073,shipping,shared_cluster
C01232,A00073,shipping,shared_cluster
C02865,A00073,shipping,shared_cluster
C04870,A00073,shipping,shared_cluster
C07026,A00601,shipping,shared_cluster
C05742,A00601,shipping,shared_cluster
C09984,A00550,shipping,shared_cluster
C03705,A00550,shipping,shared_cluster
C08983,A00550,shipping,shared_cluster
C06236,A00107,shipping,shared_cluster
C02043,A00107,shipping,shared_cluster
C05164,A00107,shipping,shared_cluster
C04983,A00107,shipping,shared_cluster
C05130,A00107,shipping,shared_cluster
C00701,A00656,shipping,shared_cluster
C02405,A00656,shipping,shared_cluster
C03359,A00656,shipping,shared_cluster
C03651,A00656,shipping,shared_cluster
C04163,A00153,shipping,shared_cluster
C06241,A00153,shipping,shared_cluster
C01626,A00153,shipping,shared_cluster
C08069,A00153,shipping,shared_cluster
C01450,A00121,shipping,shared_cluster
C06749,A00121,shipping,shared_cluster
C07911,A00121,shipping,shared_cluster
C01929,A00121,shipping,shared_cluster
C02214,A00057,shipping,shared_cluster
C09622,A00057,shipping,shared_cluster
C09871,A00057,shipping,shared_cluster
C02866,A00057,shipping,shared_cluster
C07617,A00665,shipping,shared_cluster
C00243,A00665,shipping,shared_cluster
C00971,A00647,shipping,shared_cluster
C00972,A00647,shipping,shared_cluster
C02663,A00014,shipping,shared_cluster
C02811,A00014,shipping,shared_cluster
C06084,A00160,shipping,shared_cluster
C05609,A00160,shipping,shared_cluster
C04544,A00160,shipping,shared_cluster
C00318,A00160,shipping,shared_cluster
C08640,A00160,shipping,shared_cluster
C03625,A00064,shipping,shared_cluster
C00303,A00064,shipping,shared_cluster
C01299,A00064,shipping,shared_cluster
C09417,A00064,shipping,shared_cluster
C02726,A00064,shipping,shared_cluster
C06952,A00064,shipping,shared_cluster
C03955,A00237,shipping,shared_cluster
C00508,A00237,shipping,shared_cluster
C04776,A00237,shipping,shared_cluster
C00505,A00237,shipping,shared_cluster
C09962,A00237,shipping,shared_cluster
C01562,A00237,shipping,shared_cluster
C08269,A00230,shipping,shared_cluster
C07633,A00230,shipping,shared_cluster
C00290,A00230,shipping,shared_cluster
C00935,A00230,shipping,shared_cluster
C00362,A00230,shipping,shared_cluster
C08739,A00230,shipping,shared_cluster
C04077,A00056,shipping,shared_cluster
C01751,A00056,shipping,shared_cluster
C00789,A00056,shipping,shared_cluster
C00289,A00056,shipping,shared_cluster
C01048,A00056,shipping,shared_cluster
C03647,A00056,shipping,shared_cluster
C00205,A00150,shipping,shared_cluster
C02961,A00150,shipping,shared_cluster
C02466,A00150,shipping,shared_cluster
C01168,A00150,shipping,shared_cluster
C07482,A00049,shipping,shared_cluster
C06125,A00049,shipping,shared_cluster
C02764,A00049,shipping,shared_cluster
C02986,A00566,shipping,shared_cluster
C00605,A00566,shipping,shared_cluster
C03164,A00566,shipping,shared_cluster
C09532,A00566,shipping,shared_cluster
C04950,A00566,shipping,shared_cluster
C00466,A00199,shipping,shared_cluster
C05013,A00199,shipping,shared_cluster
C02527,A00199,shipping,shared_cluster
C09379,A00199,shipping,shared_cluster
C04873,A00296,shipping,shared_cluster
C09187,A00296,shipping,shared_cluster
C00101,A00296,shipping,shared_cluster
C05825,A00296,shipping,shared_cluster
C02080,A00443,shipping,shared_cluster
C05735,A00443,shipping,shared_cluster
C05955,A00443,shipping,shared_cluster
C05667,A00443,shipping,shared_cluster
C04899,A00433,shipping,shared_cluster
C02017,A00433,shipping,shared_cluster
C02104,A00433,shipping,shared_cluster
C05631,A00433,shipping,shared_cluster
C04938,A00433,shipping,shared_cluster
C05627,A00268,shipping,shared_cluster
C00131,A00268,shipping,shared_cluster
C09071,A00374,shipping,shared_cluster
C07772,A00374,shipping,shared_cluster
C08521,A00374,shipping,shared_cluster
C02038,A00374,shipping,shared_cluster
C01896,A00374,shipping,shared_cluster
C01876,A00374,shipping,shared_cluster
C09724,A00484,shipping,shared_cluster
C06998,A00484,shipping,shared_cluster
C08806,A00134,shipping,shared_cluster
C05730,A00134,shipping,shared_cluster
C02655,A00134,shipping,shared_cluster
C08214,A00134,shipping,shared_cluster
C07205,A00134,shipping,shared_cluster
C08552,A00134,shipping,shared_cluster
C04517,A00233,shipping,shared_cluster
C09380,A00233,shipping,shared_cluster
C07047,A00233,shipping,shared_cluster
C01761,A00233,shipping,shared_cluster
C02172,A00233,shipping,shared_cluster
C04364,A00233,shipping,shared_cluster
C02612,A00110,shipping,shared_cluster
C04667,A00110,shipping,shared_cluster
C04136,A00110,shipping,shared_cluster
C03696,A00110,shipping,shared_cluster
C00824,A00110,shipping,shared_cluster
C00427,A00427,shipping,shared_cluster
C05348,A00427,shipping,shared_cluster
C09153,A00427,shipping,shared_cluster
C02630,A00427,shipping,shared_cluster
C01005,A00144,shipping,shared_cluster
C00583,A00144,shipping,shared_cluster
C00999,A00144,shipping,shared_cluster
C03713,A00144,shipping,shared_cluster
C00501,A00144,shipping,shared_cluster
C06512,A00026,shipping,shared_cluster
C01214,A00026,shipping,shared_cluster
C07319,A00026,shipping,shared_cluster
C03834,A00026,shipping,shared_cluster
C02626,A00457,shipping,shared_cluster
C08172,A00457,shipping,shared_cluster
C06495,A00457,shipping,shared_cluster
C09704,A00457,shipping,shared_cluster
C08430,A00457,shipping,shared_cluster
C04433,A00102,shipping,shared_cluster
C06144,A00102,shipping,shared_cluster
C01808,A00685,shipping,shared_cluster
C02141,A00685,shipping,shared_cluster
C03051,A00685,shipping,shared_cluster
C02153,A00685,shipping,shared_cluster
C04068,A00613,shipping,shared_cluster
C08715,A00613,shipping,shared_cluster
C04488,A00613,shipping,shared_cluster
C03945,A00613,shipping,shared_cluster
C05183,A00613,shipping,shared_cluster
C04692,A00586,shipping,shared_cluster
C02269,A00586,shipping,shared_cluster
C00109,A00586,shipping,shared_cluster
C03077,A00090,shipping,shared_cluster
C04274,A00090,shipping,shared_cluster
C03800,A00564,shipping,shared_cluster
C04385,A00564,shipping,shared_cluster
C06201,A00564,shipping,shared_cluster
C03521,A00564,shipping,shared_cluster
C07579,A00368,shipping,shared_cluster
C09758,A00368,shipping,shared_cluster
C03737,A00368,shipping,shared_cluster
C09991,A00368,shipping,shared_cluster
C01969,A00368,shipping,shared_cluster
C09614,A00391,shipping,shared_cluster
C07807,A00391,shipping,shared_cluster
C01923,A00465,shipping,shared_cluster
C08564,A00465,shipping,shared_cluster
C00918,A00465,shipping,shared_cluster
C09026,A00193,shipping,shared_cluster
C02293,A00193,shipping,shared_cluster
C04507,A00193,shipping,shared_cluster
C06304,A00193,shipping,shared_cluster
C02740,A00193,shipping,shared_cluster
C08969,A00193,shipping,shared_cluster
C07749,A00644,shipping,shared_cluster
C03477,A00644,shipping,shared_cluster
C07924,A00644,shipping,shared_cluster
C02109,A00644,shipping,shared_cluster
C09930,A00644,shipping,shared_cluster
C07511,A00644,shipping,shared_cluster
C03192,A00106,shipping,shared_cluster
C07801,A00106,shipping,shared_cluster
C07423,A00106,shipping,shared_cluster
C05999,A00659,shipping,shared_cluster
C01837,A00659,shipping,shared_cluster
C00320,A00659,shipping,shared_cluster
C02237,A00659,shipping,shared_cluster
C05449,A00062,shipping,shared_cluster
C05757,A00062,shipping,shared_cluster
C07955,A00062,shipping,shared_cluster
C09356,A00027,shipping,shared_cluster
C07077,A00027,shipping,shared_cluster
C01276,A00027,shipping,shared_cluster
C03968,A00027,shipping,shared_cluster
C07855,A00027,shipping,shared_cluster
C07867,A00471,shipping,shared_cluster
C00184,A00471,shipping,shared_cluster
C07748,A00471,shipping,shared_cluster
C01924,A00471,shipping,shared_cluster
C07888,A00149,shipping,shared_cluster
C09444,A00149,shipping,shared_cluster
C02498,A00149,shipping,shared_cluster
C00913,A00149,shipping,shared_cluster
C04106,A00149,shipping,shared_cluster
C05596,A00519,shipping,shared_cluster
C05107,A00519,shipping,shared_cluster
C05480,A00506,shipping,shared_cluster
C08990,A00506,shipping,shared_cluster
C03104,A00506,shipping,shared_cluster
C02805,A00506,shipping,shared_cluster
C04089,A00506,shipping,shared_cluster
C03392,A00072,shipping,shared_cluster
C07164,A00072,shipping,shared_cluster
C03670,A00072,shipping,shared_cluster
C06271,A00072,shipping,shared_cluster
C07664,A00012,shipping,shared_cluster
C03676,A00012,shipping,shared_cluster
C02297,A00012,shipping,shared_cluster
C05430,A00012,shipping,shared_cluster
C07180,A00012,shipping,shared_cluster
C03933,A00012,shipping,shared_cluster
C07718,A00707,shipping,shared_cluster
C02931,A00707,shipping,shared_cluster
C00490,A00707,shipping,shared_cluster
C04020,A00707,shipping,shared_cluster
C02169,A00707,shipping,shared_cluster
C08687,A00129,shipping,shared_cluster
C01043,A00129,shipping,shared_cluster
C06786,A00129,shipping,shared_cluster
C09090,A00129,shipping,shared_cluster
C04353,A00129,shipping,shared_cluster
C00746,A00129,shipping,shared_cluster
C09074,A00448,shipping,shared_cluster
C05478,A00448,shipping,shared_cluster
C03642,A00448,shipping,shared_cluster
C04363,A00097,shipping,shared_cluster
C03833,A00097,shipping,shared_cluster
C00697,A00097,shipping,shared_cluster
C09918,A00097,shipping,shared_cluster
C05764,A00097,shipping,shared_cluster
C08749,A00097,shipping,shared_cluster
C02122,A00611,shipping,shared_cluster
C08344,A00611,shipping,shared_cluster
C01663,A00611,shipping,shared_cluster
C06811,A00611,shipping,shared_cluster
C08433,A00167,shipping,shared_cluster
C06837,A00167,shipping,shared_cluster
C07987,A00167,shipping,shared_cluster
C03080,A00167,shipping,shared_cluster
C07237,A00505,shipping,shared_cluster
C08661,A00505,shipping,shared_cluster
C02812,A00505,shipping,shared_cluster
C02189,A00262,shipping,shared_cluster
C06371,A00262,shipping,shared_cluster
C03571,A00390,shipping,shared_cluster
C02480,A00390,shipping,shared_cluster
C05411,A00390,shipping,shared_cluster
C04272,A00390,shipping,shared_cluster
C01382,A00038,shipping,shared_cluster
C05075,A00038,shipping,shared_cluster
C02867,A00038,shipping,shared_cluster
C05390,A00060,shipping,shared_cluster
C07422,A00060,shipping,shared_cluster
C03539,A00060,shipping,shared_cluster
C02035,A00060,shipping,shared_cluster
C06545,A00060,shipping,shared_cluster
C03407,A00072,shipping,shared_cluster
C07743,A00072,shipping,shared_cluster
C01580,A00072,shipping,shared_cluster
C04612,A00072,shipping,shared_cluster
C01484,A00695,shipping,shared_cluster
C03890,A00695,shipping,shared_cluster
C03976,A00695,shipping,shared_cluster
C06768,A00695,shipping,shared_cluster
C01344,A00695,shipping,shared_cluster
C06715,A00286,shipping,shared_cluster
C04519,A00286,shipping,shared_cluster
C04498,A00270,shipping,shared_cluster
C00150,A00270,shipping,shared_cluster
C08339,A00270,shipping,shared_cluster
C07980,A00270,shipping,shared_cluster
C04530,A00270,shipping,shared_cluster
C04098,A00270,shipping,shared_cluster
C03990,A00678,shipping,shared_cluster
C08122,A00678,shipping,shared_cluster
C01057,A00155,shipping,shared_cluster
C02031,A00155,shipping,shared_cluster
C07279,A00155,shipping,shared_cluster
C07225,A00155,shipping,shared_cluster
C03253,A00155,shipping,shared_cluster
C06472,A00155,shipping,shared_cluster
C03572,A00205,shipping,shared_cluster
C02108,A00205,shipping,shared_cluster
C04245,A00205,shipping,shared_cluster
C09202,A00031,shipping,shared_cluster
C04546,A00031,shipping,shared_cluster
C04636,A00031,shipping,shared_cluster
C08220,A00616,shipping,shared_cluster
C08149,A00616,shipping,shared_cluster
C09411,A00616,shipping,shared_cluster
C03803,A00616,shipping,shared_cluster
C08289,A00616,shipping,shared_cluster
C05702,A00616,shipping,shared_cluster
C05565,A00218,shipping,shared_cluster
C04212,A00218,shipping,shared_cluster
C04073,A00044,shipping,shared_cluster
C05155,A00044,shipping,shared_cluster
C06489,A00044,shipping,shared_cluster
C07618,A00044,shipping,shared_cluster
C08984,A00044,shipping,shared_cluster
C00572,A00251,shipping,shared_cluster
C08562,A00251,shipping,shared_cluster
C06340,A00251,shipping,shared_cluster
C03246,A00251,shipping,shared_cluster
C07466,A00251,shipping,shared_cluster
C02004,A00495,shipping,shared_cluster
C06932,A00495,shipping,shared_cluster
C07848,A00495,shipping,shared_cluster
C09657,A00495,shipping,shared_cluster
C07829,A00495,shipping,shared_cluster
C01832,A00384,shipping,shared_cluster
C09445,A00384,shipping,shared_cluster
C09530,A00469,shipping,shared_cluster
C03954,A00469,shipping,shared_cluster
C08867,A00469,shipping,shared_cluster
C00718,A00469,shipping,shared_cluster
C04589,A00469,shipping,shared_cluster
C03497,A00493,shipping,shared_cluster
C01734,A00493,shipping,shared_cluster
C06521,A00493,shipping,shared_cluster
C06600,A00088,shipping,shared_cluster
C05094,A00088,shipping,shared_cluster
C04508,A00088,shipping,shared_cluster
C02893,A00088,shipping,shared_cluster
C09393,A00088,shipping,shared_cluster
C06288,A00088,shipping,shared_cluster
C09130,A00243,shipping,shared_cluster
C00523,A00243,shipping,shared_cluster
C09197,A00243,shipping,shared_cluster
C05542,A00352,shipping,shared_cluster
C09387,A00352,shipping,shared_cluster
C01992,A00352,shipping,shared_cluster
C05016,A00352,shipping,shared_cluster
C02973,A00641,shipping,shared_cluster
C07703,A00641,shipping,shared_cluster
C05029,A00038,shipping,shared_cluster
C01202,A00038,shipping,shared_cluster
C07866,A00038,shipping,shared_cluster
C03380,A00502,shipping,shared_cluster
C07499,A00502,shipping,shared_cluster
C02182,A00502,shipping,shared_cluster
C02984,A00502,shipping,shared_cluster
C02591,A00085,shipping,shared_cluster
C09336,A00085,shipping,shared_cluster
C06023,A00085,shipping,shared_cluster
C05099,A00085,shipping,shared_cluster
C06574,A00570,shipping,shared_cluster
C04923,A00570,shipping,shared_cluster
C03764,A00570,shipping,shared_cluster
C03838,A00570,shipping,shared_cluster
C01769,A00570,shipping,shared_cluster
C04335,A00570,shipping,shared_cluster
C01665,A00247,shipping,shared_cluster
C05816,A00247,shipping,shared_cluster
C09401,A00247,shipping,shared_cluster
C02736,A00247,shipping,shared_cluster
C07672,A00247,shipping,shared_cluster
C08471,A00518,shipping,shared_cluster
C02242,A00518,shipping,shared_cluster
C08095,A00518,shipping,shared_cluster
C08464,A00040,shipping,shared_cluster
C00374,A00040,shipping,shared_cluster
C01827,A00040,shipping,shared_cluster
C03151,A00275,shipping,shared_cluster
C03992,A00275,shipping,shared_cluster
C06428,A00275,shipping,shared_cluster
C08595,A00661,shipping,shared_cluster
C08537,A00661,shipping,shared_cluster
C03525,A00661,shipping,shared_cluster
C01540,A00661,shipping,shared_cluster
C04421,A00584,shipping,shared_cluster
C05551,A00584,shipping,shared_cluster
C01470,A00584,shipping,shared_cluster
C03498,A00584,shipping,shared_cluster
C00119,A00584,shipping,shared_cluster
C00540,A00088,shipping,shared_cluster
C04076,A00088,shipping,shared_cluster
C02268,A00340,shipping,shared_cluster
C04326,A00340,shipping,shared_cluster
C09040,A00340,shipping,shared_cluster
C03346,A00161,shipping,shared_cluster
C02910,A00161,shipping,shared_cluster
C07057,A00161,shipping,shared_cluster
C06128,A00161,shipping,shared_cluster
C07704,A00608,shipping,shared_cluster
C05281,A00608,shipping,shared_cluster
C07022,A00608,shipping,shared_cluster
C01606,A00608,shipping,shared_cluster
C01338,A00608,shipping,shared_cluster
C08013,A00191,shipping,shared_cluster
C00186,A00191,shipping,shared_cluster
C06486,A00191,shipping,shared_cluster
C02980,A00191,shipping,shared_cluster
C06745,A00191,shipping,shared_cluster
C06052,A00086,shipping,shared_cluster
C04939,A00086,shipping,shared_cluster
C08057,A00086,shipping,shared_cluster
C01181,A00086,shipping,shared_cluster
C00552,A00086,shipping,shared_cluster
C09170,A00669,shipping,shared_cluster
C07338,A00669,shipping,shared_cluster
C03734,A00669,shipping,shared_cluster
C08372,A00627,shipping,shared_cluster
C05920,A00627,shipping,shared_cluster
C00617,A00627,shipping,shared_cluster
C03842,A00627,shipping,shared_cluster
C02319,A00627,shipping,shared_cluster
C05236,A00211,shipping,shared_cluster
C00344,A00211,shipping,shared_cluster
C06498,A00211,shipping,shared_cluster
C00130,A00211,shipping,shared_cluster
C06349,A00211,shipping,shared_cluster
C08231,A00706,shipping,shared_cluster
C05182,A00706,shipping,shared_cluster
C04989,A00706,shipping,shared_cluster
C04473,A00706,shipping,shared_cluster
C06364,A00706,shipping,shared_cluster
C03111,A00327,shipping,shared_cluster
C07003,A00327,shipping,shared_cluster
C02133,A00327,shipping,shared_cluster
C06083,A00327,shipping,shared_cluster
C03979,A00327,shipping,shared_cluster
C09259,A00327,shipping,shared_cluster
C05931,A00566,shipping,shared_cluster
C06903,A00566,shipping,shared_cluster
C00151,A00566,shipping,shared_cluster
C04925,A00566,shipping,shared_cluster
C06142,A00566,shipping,shared_cluster
C04780,A00321,shipping,shared_cluster
C07837,A00321,shipping,shared_cluster
C09486,A00479,shipping,shared_cluster
C08411,A00479,shipping,shared_cluster
C02207,A00479,shipping,shared_cluster
C05841,A00479,shipping,shared_cluster
C04234,A00479,shipping,shared_cluster
C04474,A00479,shipping,shared_cluster
C09916,A00405,shipping,shared_cluster
C01027,A00405,shipping,shared_cluster
C08768,A00405,shipping,shared_cluster
C06139,A00167,shipping,shared_cluster
C06638,A00167,shipping,shared_cluster
C09388,A00167,shipping,shared_cluster
C08796,A00106,shipping,shared_cluster
C06791,A00106,shipping,shared_cluster
C00699,A00106,shipping,shared_cluster
C06994,A00338,shipping,shared_cluster
C01128,A00338,shipping,shared_cluster
C05194,A00338,shipping,shared_cluster
C03261,A00338,shipping,shared_cluster
C04223,A00338,shipping,shared_cluster
C09950,A00338,shipping,shared_cluster
C04410,A00323,shipping,shared_cluster
C00911,A00323,shipping,shared_cluster
C00316,A00323,shipping,shared_cluster
C07501,A00323,shipping,shared_cluster
C08809,A00323,shipping,shared_cluster
C05610,A00323,shipping,shared_cluster
C01224,A00651,shipping,shared_cluster
C00424,A00651,shipping,shared_cluster
C03375,A00651,shipping,shared_cluster
C03780,A00651,shipping,shared_cluster
C04732,A00279,shipping,shared_cluster
C02201,A00279,shipping,shared_cluster
C07222,A00279,shipping,shared_cluster
C06518,A00635,shipping,shared_cluster
C03908,A00635,shipping,shared_cluster
C03152,A00635,shipping,shared_cluster
C09754,A00635,shipping,shared_cluster
C08835,A00706,shipping,shared_cluster
C05015,A00706,shipping,shared_cluster
C08026,A00706,shipping,shared_cluster
C09176,A00706,shipping,shared_cluster
C01239,A00706,shipping,shared_cluster
C05078,A00290,shipping,shared_cluster
C01538,A00290,shipping,shared_cluster
C05502,A00204,shipping,shared_cluster
C02461,A00204,shipping,shared_cluster
C05574,A00204,shipping,shared_cluster
C03952,A00376,shipping,shared_cluster
C03257,A00376,shipping,shared_cluster
C06357,A00376,shipping,shared_cluster
C05247,A00376,shipping,shared_cluster
C04931,A00376,shipping,shared_cluster
C03075,A00376,shipping,shared_cluster
C03183,A00547,shipping,shared_cluster
C00207,A00547,shipping,shared_cluster
C06479,A00547,shipping,shared_cluster
C09442,A00547,shipping,shared_cluster
C03413,A00547,shipping,shared_cluster
C01325,A00547,shipping,shared_cluster
C05827,A00389,shipping,shared_cluster
C02707,A00389,shipping,shared_cluster
C01641,A00389,shipping,shared_cluster
C08737,A00389,shipping,shared_cluster
C02442,A00088,shipping,shared_cluster
C08476,A00088,shipping,shared_cluster
C08169,A00539,shipping,shared_cluster
C08018,A00539,shipping,shared_cluster
C07213,A00539,shipping,shared_cluster
C04855,A00539,shipping,shared_cluster
C06636,A00084,shipping,shared_cluster
C03783,A00084,shipping,shared_cluster
C01246,A00084,shipping,shared_cluster
C09489,A00084,shipping,shared_cluster
C02875,A00332,shipping,shared_cluster
C07348,A00332,shipping,shared_cluster
C06735,A00106,shipping,shared_cluster
C08453,A00106,shipping,shared_cluster
C01060,A00106,shipping,shared_cluster
C03196,A00106,shipping,shared_cluster
C06493,A00426,shipping,shared_cluster
C09145,A00426,shipping,shared_cluster
C01859,A00434,shipping,shared_cluster
C09911,A00434,shipping,shared_cluster
C05185,A00655,shipping,shared_cluster
C03066,A00655,shipping,shared_cluster
C00408,A00655,shipping,shared_cluster
C05472,A00655,shipping,shared_cluster
C08696,A00655,shipping,shared_cluster
C08007,A00019,shipping,shared_cluster
C08390,A00019,shipping,shared_cluster
C04973,A00019,shipping,shared_cluster
C04025,A00219,shipping,shared_cluster
C06002,A00219,shipping,shared_cluster
C02029,A00219,shipping,shared_cluster
C01577,A00219,shipping,shared_cluster
C07531,A00219,shipping,shared_cluster
C06243,A00219,shipping,shared_cluster
C03412,A00436,shipping,shared_cluster
C07309,A00436,shipping,shared_cluster
C09277,A00240,shipping,shared_cluster
C03068,A00240,shipping,shared_cluster
C00092,A00240,shipping,shared_cluster
C00170,A00240,shipping,shared_cluster
C01253,A00240,shipping,shared_cluster
C09480,A00240,shipping,shared_cluster
C04045,A00250,shipping,shared_cluster
C05087,A00250,shipping,shared_cluster
C08493,A00250,shipping,shared_cluster
C01930,A00250,shipping,shared_cluster
C06107,A00250,shipping,shared_cluster
C08248,A00250,shipping,shared_cluster
C05419,A00014,shipping,shared_cluster
C02575,A00014,shipping,shared_cluster
C02656,A00014,shipping,shared_cluster
C02152,A00014,shipping,shared_cluster
C07255,A00014,shipping,shared_cluster
C02658,A00014,shipping,shared_cluster
C01376,A00679,shipping,shared_cluster
C02569,A00679,shipping,shared_cluster
C09223,A00679,shipping,shared_cluster
C04946,A00679,shipping,shared_cluster
C04322,A00679,shipping,shared_cluster
C02908,A00679,shipping,shared_cluster
C08913,A00067,shipping,shared_cluster
C00747,A00067,shipping,shared_cluster
C03743,A00067,shipping,shared_cluster
C08212,A00067,shipping,shared_cluster
C08157,A00067,shipping,shared_cluster
C01974,A00203,shipping,shared_cluster
C03829,A00203,shipping,shared_cluster
C00042,A00443,shipping,shared_cluster
C03135,A00443,shipping,shared_cluster
C08208,A00443,shipping,shared_cluster
C00631,A00443,shipping,shared_cluster
C00859,A00443,shipping,shared_cluster
C01204,A00443,shipping,shared_cluster
C04965,A00557,shipping,shared_cluster
C00089,A00557,shipping,shared_cluster
C06719,A00494,shipping,shared_cluster
C02608,A00494,shipping,shared_cluster
C00929,A00204,shipping,shared_cluster
C06663,A00204,shipping,shared_cluster
C07548,A00021,shipping,shared_cluster
C08447,A00021,shipping,shared_cluster
C00891,A00021,shipping,shared_cluster
C01636,A00021,shipping,shared_cluster
C00836,A00021,shipping,shared_cluster
C08553,A00461,shipping,shared_cluster
C05418,A00461,shipping,shared_cluster
C05765,A00461,shipping,shared_cluster
C09817,A00461,shipping,shared_cluster
C00240,A00191,shipping,shared_cluster
C00294,A00191,shipping,shared_cluster
C02741,A00191,shipping,shared_cluster
C04139,A00191,shipping,shared_cluster
C00059,A00191,shipping,shared_cluster
C02132,A00336,shipping,shared_cluster
C08590,A00336,shipping,shared_cluster
C04737,A00557,shipping,shared_cluster
C03187,A00557,shipping,shared_cluster
C00027,A00013,shipping,shared_cluster
C09063,A00013,shipping,shared_cluster
C07794,A00013,shipping,shared_cluster
C08881,A00013,shipping,shared_cluster
C05981,A00013,shipping,shared_cluster
C09958,A00013,shipping,shared_cluster
C01244,A00604,shipping,shared_cluster
C06026,A00604,shipping,shared_cluster
C09512,A00604,shipping,shared_cluster
C06982,A00604,shipping,shared_cluster
C03610,A00231,shipping,shared_cluster
C06369,A00231,shipping,shared_cluster
C05152,A00231,shipping,shared_cluster
C07610,A00231,shipping,shared_cluster
C00096,A00680,shipping,shared_cluster
C03167,A00680,shipping,shared_cluster
C09726,A00680,shipping,shared_cluster
C00483,A00680,shipping,shared_cluster
C01028,A00264,shipping,shared_cluster
C06028,A00264,shipping,shared_cluster
C08874,A00264,shipping,shared_cluster
C00116,A00179,shipping,shared_cluster
C06524,A00179,shipping,shared_cluster
C03209,A00179,shipping,shared_cluster
C08573,A00204,shipping,shared_cluster
C02165,A00204,shipping,shared_cluster
C06764,A00204,shipping,shared_cluster
C06187,A00528,shipping,shared_cluster
C01786,A00528,shipping,shared_cluster
C01642,A00528,shipping,shared_cluster
C06482,A00224,shipping,shared_cluster
C09318,A00224,shipping,shared_cluster
C01664,A00224,shipping,shared_cluster
C02642,A00139,shipping,shared_cluster
C04943,A00139,shipping,shared_cluster
C04211,A00594,shipping,shared_cluster
C07567,A00594,shipping,shared_cluster
C05708,A00594,shipping,shared_cluster
C01097,A00594,shipping,shared_cluster
C04722,A00594,shipping,shared_cluster
C08824,A00671,shipping,shared_cluster
C09307,A00671,shipping,shared_cluster
C07719,A00671,shipping,shared_cluster
C00545,A00671,shipping,shared_cluster
C05715,A00671,shipping,shared_cluster
C07445,A00671,shipping,shared_cluster
C00114,A00671,shipping,shared_cluster
C04070,A00671,shipping,shared_cluster
C09239,A00649,shipping,shared_cluster
C06502,A00649,shipping,shared_cluster
C04785,A00032,shipping,shared_cluster
C01785,A00032,shipping,shared_cluster
C02819,A00572,shipping,shared_cluster
C06590,A00572,shipping,shared_cluster
C08853,A00572,shipping,shared_cluster
C07275,A00572,shipping,shared_cluster
C00936,A00572,shipping,shared_cluster
C05861,A00572,shipping,shared_cluster
C09326,A00493,shipping,shared_cluster
C03688,A00493,shipping,shared_cluster
C00872,A00493,shipping,shared_cluster
C02296,A00493,shipping,shared_cluster
C07035,A00493,shipping,shared_cluster
C00783,A00212,shipping,shared_cluster
C01440,A00212,shipping,shared_cluster
C02525,A00212,shipping,shared_cluster
C01292,A00212,shipping,shared_cluster
C07064,A00249,shipping,shared_cluster
C01963,A00249,shipping,shared_cluster
C00619,A00249,shipping,shared_cluster
C08831,A00249,shipping,shared_cluster
C00554,A00305,shipping,shared_cluster
C04143,A00305,shipping,shared_cluster
C07230,A00305,shipping,shared_cluster
C04390,A00305,shipping,shared_cluster
C09826,A00305,shipping,shared_cluster
C03307,A00072,shipping,shared_cluster
C07925,A00072,shipping,shared_cluster
C00331,A00072,shipping,shared_cluster
C06597,A00072,shipping,shared_cluster
C04086,A00072,shipping,shared_cluster
C04857,A00204,shipping,shared_cluster
C05063,A00204,shipping,shared_cluster
C01090,A00204,shipping,shared_cluster
C05204,A00204,shipping,shared_cluster
C02055,A00204,shipping,shared_cluster
C08179,A00204,shipping,shared_cluster
C09006,A00210,shipping,shared_cluster
C05728,A00210,shipping,shared_cluster
C03924,A00210,shipping,shared_cluster
C02421,A00210,shipping,shared_cluster
C04821,A00210,shipping,shared_cluster
C05231,A00335,shipping,shared_cluster
C02308,A00335,shipping,shared_cluster
C04907,A00335,shipping,shared_cluster
C07679,A00321,shipping,shared_cluster
C04633,A00321,shipping,shared_cluster
C03752,A00321,shipping,shared_cluster
C04792,A00321,shipping,shared_cluster
C08797,A00321,shipping,shared_cluster
C00402,A00384,shipping,shared_cluster
C04674,A00384,shipping,shared_cluster
C05111,A00384,shipping,shared_cluster
C00515,A00242,shipping,shared_cluster
C05824,A00242,shipping,shared_cluster
C02841,A00363,shipping,shared_cluster
C01504,A00363,shipping,shared_cluster
C00415,A00363,shipping,shared_cluster
C01983,A00363,shipping,shared_cluster
C03911,A00363,shipping,shared_cluster
C02058,A00363,shipping,shared_cluster
C06552,A00173,shipping,shared_cluster
C03207,A00173,shipping,shared_cluster
C07002,A00173,shipping,shared_cluster
C07714,A00251,shipping,shared_cluster
C03015,A00251,shipping,shared_cluster
C04922,A00251,shipping,shared_cluster
C04496,A00004,shipping,shared_cluster
C02099,A00004,shipping,shared_cluster
C01547,A00004,shipping,shared_cluster
C05413,A00192,shipping,shared_cluster
C00434,A00192,shipping,shared_cluster
C02697,A00192,shipping,shared_cluster
C06873,A00192,shipping,shared_cluster
C06450,A00192,shipping,shared_cluster
C04804,A00134,shipping,shared_cluster
C07117,A00134,shipping,shared_cluster
C09350,A00134,shipping,shared_cluster
C07791,A00134,shipping,shared_cluster
C01328,A00134,shipping,shared_cluster
C00039,A00476,shipping,shared_cluster
C05209,A00476,shipping,shared_cluster
C07744,A00476,shipping,shared_cluster
C04455,A00619,shipping,shared_cluster
C03453,A00619,shipping,shared_cluster
C05671,A00619,shipping,shared_cluster
C04056,A00602,shipping,shared_cluster
C03038,A00602,shipping,shared_cluster
C04337,A00072,shipping,shared_cluster
C06309,A00072,shipping,shared_cluster
C01061,A00072,shipping,shared_cluster
C02270,A00072,shipping,shared_cluster
C06311,A00243,shipping,shared_cluster
C06836,A00243,shipping,shared_cluster
C06346,A00243,shipping,shared_cluster
C04165,A00589,shipping,shared_cluster
C00833,A00589,shipping,shared_cluster
C01946,A00589,shipping,shared_cluster
C01757,A00589,shipping,shared_cluster
C03320,A00429,shipping,shared_cluster
C04399,A00429,shipping,shared_cluster
C06318,A00429,shipping,shared_cluster
C00630,A00429,shipping,shared_cluster
C05979,A00429,shipping,shared_cluster
C02748,A00367,shipping,shared_cluster
C03427,A00367,shipping,shared_cluster
C09215,A00367,shipping,shared_cluster
C03138,A00367,shipping,shared_cluster
C03536,A00367,shipping,shared_cluster
C06588,A00367,shipping,shared_cluster
C00349,A00621,shipping,shared_cluster
C07621,A00621,shipping,shared_cluster
C02821,A00621,shipping,shared_cluster
C06743,A00621,shipping,shared_cluster
C04626,A00066,shipping,shared_cluster
C07873,A00066,shipping,shared_cluster
C00662,A00165,shipping,shared_cluster
C03234,A00165,shipping,shared_cluster
C05527,A00299,shipping,shared_cluster
C04886,A00299,shipping,shared_cluster
C00169,A00299,shipping,shared_cluster
C04585,A00110,shipping,shared_cluster
C02379,A00110,shipping,shared_cluster
C01490,A00110,shipping,shared_cluster
C06906,A00209,shipping,shared_cluster
C09815,A00209,shipping,shared_cluster
C02236,A00209,shipping,shared_cluster
C01776,A00209,shipping,shared_cluster
C04291,A00209,shipping,shared_cluster
C08619,A00209,shipping,shared_cluster
C00388,A00249,shipping,shared_cluster
C04658,A00249,shipping,shared_cluster
C07608,A00249,shipping,shared_cluster
C09722,A00663,shipping,shared_cluster
C05205,A00663,shipping,shared_cluster
C08175,A00637,shipping,shared_cluster
C04150,A00637,shipping,shared_cluster
C08770,A00637,shipping,shared_cluster
C07733,A00637,shipping,shared_cluster
C02433,A00195,shipping,shared_cluster
C05469,A00195,shipping,shared_cluster
C07708,A00195,shipping,shared_cluster
C07053,A00195,shipping,shared_cluster
C02370,A00195,shipping,shared_cluster
C00450,A00204,shipping,shared_cluster
C06466,A00204,shipping,shared_cluster
C06226,A00204,shipping,shared_cluster
C07731,A00516,shipping,shared_cluster
C00369,A00516,shipping,shared_cluster
C06737,A00516,shipping,shared_cluster
C01723,A00516,shipping,shared_cluster
C07058,A00516,shipping,shared_cluster
C06824,A00516,shipping,shared_cluster
C02964,A00174,shipping,shared_cluster
C09069,A00174,shipping,shared_cluster
C03951,A00174,shipping,shared_cluster
C07008,A00157,shipping,shared_cluster
C06223,A00157,shipping,shared_cluster
C02768,A00157,shipping,shared_cluster
C04152,A00157,shipping,shared_cluster
C04118,A00157,shipping,shared_cluster
C06728,A00334,shipping,shared_cluster
C05023,A00334,shipping,shared_cluster
C02075,A00217,shipping,shared_cluster
C00705,A00217,shipping,shared_cluster
C05778,A00217,shipping,shared_cluster
C00795,A00217,shipping,shared_cluster
C07692,A00217,shipping,shared_cluster
C05723,A00008,shipping,shared_cluster
C02936,A00008,shipping,shared_cluster
C01630,A00008,shipping,shared_cluster
C03788,A00008,shipping,shared_cluster
C01245,A00008,shipping,shared_cluster
C03233,A00008,shipping,shared_cluster
C00768,A00654,shipping,shared_cluster
C06461,A00654,shipping,shared_cluster
C04624,A00654,shipping,shared_cluster
C07908,A00540,shipping,shared_cluster
C07166,A00540,shipping,shared_cluster
C02598,A00540,shipping,shared_cluster
C01908,A00540,shipping,shared_cluster
C03616,A00237,shipping,shared_cluster
C07716,A00237,shipping,shared_cluster
C02021,A00237,shipping,shared_cluster
C05712,A00237,shipping,shared_cluster
C06950,A00359,shipping,shared_cluster
C07642,A00359,shipping,shared_cluster
C09671,A00359,shipping,shared_cluster
C06338,A00136,shipping,shared_cluster
C02008,A00136,shipping,shared_cluster
C07312,A00136,shipping,shared_cluster
C01306,A00136,shipping,shared_cluster
C08581,A00015,shipping,shared_cluster
C05826,A00015,shipping,shared_cluster
C01041,A00015,shipping,shared_cluster
C03159,A00015,shipping,shared_cluster
C07162,A00015,shipping,shared_cluster
C09583,A00392,shipping,shared_cluster
C05489,A00392,shipping,shared_cluster
C04567,A00392,shipping,shared_cluster
C01980,A00392,shipping,shared_cluster
C05781,A00392,shipping,shared_cluster
C07470,A00392,shipping,shared_cluster
C05356,A00141,shipping,shared_cluster
C09211,A00141,shipping,shared_cluster
C02105,A00141,shipping,shared_cluster
C00446,A00451,shipping,shared_cluster
C00188,A00451,shipping,shared_cluster
C04837,A00451,shipping,shared_cluster
C08422,A00563,shipping,shared_cluster
C06696,A00563,shipping,shared_cluster
C01926,A00563,shipping,shared_cluster
C08420,A00563,shipping,shared_cluster
C09500,A00563,shipping,shared_cluster
C08893,A00593,shipping,shared_cluster
C03575,A00593,shipping,shared_cluster
C08631,A00009,shipping,shared_cluster
C07304,A00009,shipping,shared_cluster
C05000,A00009,shipping,shared_cluster
C01764,A00009,shipping,shared_cluster
C03944,A00403,shipping,shared_cluster
C04309,A00403,shipping,shared_cluster
C02551,A00403,shipping,shared_cluster
C09714,A00403,shipping,shared_cluster
C05144,A00403,shipping,shared_cluster
C07543,A00255,shipping,shared_cluster
C07416,A00255,shipping,shared_cluster
C08714,A00105,shipping,shared_cluster
C01721,A00105,shipping,shared_cluster
C07084,A00105,shipping,shared_cluster
C00319,A00105,shipping,shared_cluster
C08733,A00575,shipping,shared_cluster
C01531,A00575,shipping,shared_cluster
C04243,A00575,shipping,shared_cluster
C06985,A00575,shipping,shared_cluster
C00672,A00575,shipping,shared_cluster
C00842,A00575,shipping,shared_cluster
C08238,A00166,shipping,shared_cluster
C00920,A00166,shipping,shared_cluster
C07727,A00166,shipping,shared_cluster
C03877,A00166,shipping,shared_cluster
C09648,A00166,shipping,shared_cluster
C05950,A00166,shipping,shared_cluster
C03350,A00474,shipping,shared_cluster
C03810,A00474,shipping,shared_cluster
C01568,A00474,shipping,shared_cluster
C02301,A00262,shipping,shared_cluster
C03021,A00262,shipping,shared_cluster
C07151,A00262,shipping,shared_cluster
C09498,A00262,shipping,shared_cluster
C08869,A00262,shipping,shared_cluster
C08256,A00262,shipping,shared_cluster
C06240,A00013,shipping,shared_cluster
C08445,A00013,shipping,shared_cluster
C04751,A00013,shipping,shared_cluster
C09231,A00013,shipping,shared_cluster
C03811,A00013,shipping,shared_cluster
C06284,A00013,shipping,shared_cluster
C09829,A00376,shipping,shared_cluster
C01497,A00376,shipping,shared_cluster
C09229,A00376,shipping,shared_cluster
C07520,A00376,shipping,shared_cluster
C08655,A00376,shipping,shared_cluster
C07683,A00376,shipping,shared_cluster
C05639,A00009,shipping,shared_cluster
C01234,A00009,shipping,shared_cluster
C08131,A00009,shipping,shared_cluster
C09743,A00153,shipping,shared_cluster
C09751,A00153,shipping,shared_cluster
C07600,A00153,shipping,shared_cluster
C09734,A00153,shipping,shared_cluster
C01612,A00153,shipping,shared_cluster
C01037,A00153,shipping,shared_cluster
C02665,A00051,shipping,shared_cluster
C02102,A00051,shipping,shared_cluster
C06667,A00051,shipping,shared_cluster
C04663,A00274,shipping,shared_cluster
C03787,A00274,shipping,shared_cluster
C06708,A00377,shipping,shared_cluster
C01982,A00377,shipping,shared_cluster
C05822,A00377,shipping,shared_cluster
C09521,A00377,shipping,shared_cluster
C02654,A00268,shipping,shared_cluster
C03109,A00268,shipping,shared_cluster
C00720,A00268,shipping,shared_cluster
C06150,A00268,shipping,shared_cluster
C06533,A00268,shipping,shared_cluster
C00484,A00268,shipping,shared_cluster
C00602,A00193,shipping,shared_cluster
C05351,A00193,shipping,shared_cluster
C06286,A00193,shipping,shared_cluster
C05460,A00193,shipping,shared_cluster
C02486,A00193,shipping,shared_cluster
C09345,A00475,shipping,shared_cluster
C07041,A00475,shipping,shared_cluster
C04978,A00042,shipping,shared_cluster
C04429,A00042,shipping,shared_cluster
C02491,A00042,shipping,shared_cluster
C00586,A00530,shipping,shared_cluster
C02765,A00530,shipping,shared_cluster
C07050,A00530,shipping,shared_cluster
C09540,A00530,shipping,shared_cluster
C03758,A00530,shipping,shared_cluster
C09421,A00530,shipping,shared_cluster
C06625,A00684,shipping,shared_cluster
C02804,A00684,shipping,shared_cluster
C05512,A00684,shipping,shared_cluster
C02856,A00009,shipping,shared_cluster
C05349,A00009,shipping,shared_cluster
C04813,A00009,shipping,shared_cluster
C07981,A00009,shipping,shared_cluster
C02896,A00009,shipping,shared_cluster
C05457,A00009,shipping,shared_cluster
C08271,A00590,shipping,shared_cluster
C00726,A00590,shipping,shared_cluster
C00127,A00566,shipping,shared_cluster
C05275,A00566,shipping,shared_cluster
C08145,A00643,shipping,shared_cluster
C05186,A00643,shipping,shared_cluster
C04063,A00643,shipping,shared_cluster
C05180,A00150,shipping,shared_cluster
C07139,A00150,shipping,shared_cluster
C03884,A00150,shipping,shared_cluster
C03706,A00444,shipping,shared_cluster
C01212,A00444,shipping,shared_cluster
C00576,A00444,shipping,shared_cluster
C06135,A00444,shipping,shared_cluster
C09405,A00373,shipping,shared_cluster
C07490,A00373,shipping,shared_cluster
C09761,A00373,shipping,shared_cluster
C00400,A00373,shipping,shared_cluster
C07643,A00373,shipping,shared_cluster
C06714,A00682,shipping,shared_cluster
C05666,A00682,shipping,shared_cluster
C01978,A00235,shipping,shared_cluster
C04867,A00235,shipping,shared_cluster
C05096,A00235,shipping,shared_cluster
C08091,A00235,shipping,shared_cluster
C02938,A00235,shipping,shared_cluster
C06968,A00492,shipping,shared_cluster
C04945,A00492,shipping,shared_cluster
C04773,A00492,shipping,shared_cluster
C03003,A00492,shipping,shared_cluster
C07271,A00706,shipping,shared_cluster
C06422,A00706,shipping,shared_cluster
C05084,A00706,shipping,shared_cluster
C07038,A00706,shipping,shared_cluster
C00476,A00706,shipping,shared_cluster
C04435,A00610,shipping,shared_cluster
C02342,A00610,shipping,shared_cluster
C01012,A00610,shipping,shared_cluster
C02752,A00610,shipping,shared_cluster
C03007,A00362,shipping,shared_cluster
C05032,A00362,shipping,shared_cluster
C06704,A00362,shipping,shared_cluster
C09762,A00362,shipping,shared_cluster
C04992,A00362,shipping,shared_cluster
C00431,A00285,shipping,shared_cluster
C08193,A00285,shipping,shared_cluster
C06473,A00285,shipping,shared_cluster
C08241,A00285,shipping,shared_cluster
C04582,A00285,shipping,shared_cluster
C02949,A00285,shipping,shared_cluster
C00664,A00230,shipping,shared_cluster
C07941,A00230,shipping,shared_cluster
C06227,A00058,shipping,shared_cluster
C03602,A00058,shipping,shared_cluster
C07726,A00058,shipping,shared_cluster
C00133,A00298,shipping,shared_cluster
C05400,A00298,shipping,shared_cluster
C07604,A00298,shipping,shared_cluster
C09456,A00298,shipping,shared_cluster
C07535,A00298,shipping,shared_cluster
C08382,A00298,shipping,shared_cluster
