customer_id,device_id,first_used,last_used,usage_frequency,source
C00001,D04732,2025-01-01,2026-08-01,18,baseline
C00002,D00579,2025-01-01,2026-08-01,4,baseline
C00003,D02665,2025-01-01,2026-08-01,19,baseline
C00004,D01301,2025-01-01,2026-08-01,5,baseline
C00005,D04223,2025-01-01,2026-08-01,20,baseline
C00006,D03678,2025-01-01,2026-08-01,1,baseline
C00007,D03538,2025-01-01,2026-08-01,5,baseline
C00008,D02087,2025-01-01,2026-08-01,9,baseline
C00009,D00578,2025-01-01,2026-08-01,13,baseline
C00010,D03371,2025-01-01,2026-08-01,3,baseline
C00011,D04002,2025-01-01,2026-08-01,1,baseline
C00012,D02144,2025-01-01,2026-08-01,1,baseline
C00013,D02307,2025-01-01,2026-08-01,20,baseline
C00014,D04268,2025-01-01,2026-08-01,11,baseline
C00015,D00999,2025-01-01,2026-08-01,11,baseline
C00016,D01138,2025-01-01,2026-08-01,15,baseline
C00017,D01983,2025-01-01,2026-08-01,19,baseline
C00018,D04962,2025-01-01,2026-08-01,4,baseline
C00019,D00830,2025-01-01,2026-08-01,13,baseline
C00020,D02273,2025-01-01,2026-08-01,11,baseline
C00021,D02303,2025-01-01,2026-08-01,18,baseline
C00022,D03361,2025-01-01,2026-08-01,5,baseline
C00023,D04736,2025-01-01,2026-08-01,11,baseline
C00024,D04053,2025-01-01,2026-08-01,20,baseline
C00025,D04100,2025-01-01,2026-08-01,13,baseline
C00026,D03680,2025-01-01,2026-08-01,6,baseline
C00027,D00498,2025-01-01,2026-08-01,20,baseline
C00028,D01558,2025-01-01,2026-08-01,8,baseline
C00029,D01216,2025-01-01,2026-08-01,2,baseline
C00030,D04481,2025-01-01,2026-08-01,6,baseline
C00031,D00110,2025-01-01,2026-08-01,11,baseline
C00032,D04180,2025-01-01,2026-08-01,10,baseline
C00033,D01325,2025-01-01,2026-08-01,18,baseline
C00034,D01693,2025-01-01,2026-08-01,9,baseline
C00035,D03838,2025-01-01,2026-08-01,17,baseline
C00036,D03662,2025-01-01,2026-08-01,11,baseline
C00037,D01831,2025-01-01,2026-08-01,5,baseline
C00038,D03085,2025-01-01,2026-08-01,3,baseline
C00039,D01719,2025-01-01,2026-08-01,18,baseline
C00040,D00926,2025-01-01,2026-08-01,4,baseline
C00041,D03383,2025-01-01,2026-08-01,6,baseline
C00042,D02618,2025-01-01,2026-08-01,2,baseline
C00043,D03048,2025-01-01,2026-08-01,11,baseline
C00044,D01985,2025-01-01,2026-08-01,2,baseline
C00045,D04807,2025-01-01,2026-08-01,20,baseline
C00046,D01414,2025-01-01,2026-08-01,20,baseline
C00047,D01476,2025-01-01,2026-08-01,14,baseline
C00048,D04082,2025-01-01,2026-08-01,16,baseline
C00049,D03891,2025-01-01,2026-08-01,1,baseline
C00050,D02389,2025-01-01,2026-08-01,11,baseline
C00051,D01430,2025-01-01,2026-08-01,3,baseline
C00052,D02944,2025-01-01,2026-08-01,11,baseline
C00053,D03974,2025-01-01,2026-08-01,9,baseline
C00054,D00902,2025-01-01,2026-08-01,13,baseline
C00055,D00844,2025-01-01,2026-08-01,19,baseline
C00056,D03974,2025-01-01,2026-08-01,12,baseline
C00057,D02495,2025-01-01,2026-08-01,4,baseline
C00058,D00126,2025-01-01,2026-08-01,9,baseline
C00059,D02165,2025-01-01,2026-08-01,19,baseline
C00060,D03562,2025-01-01,2026-08-01,11,baseline
C00061,D04071,2025-01-01,2026-08-01,17,baseline
C00062,D04989,2025-01-01,2026-08-01,5,baseline
C00063,D00460,2025-01-01,2026-08-01,20,baseline
C00064,D04285,2025-01-01,2026-08-01,13,baseline
C00065,D03303,2025-01-01,2026-08-01,3,baseline
C00066,D04327,2025-01-01,2026-08-01,15,baseline
C00067,D00110,2025-01-01,2026-08-01,15,baseline
C00068,D04541,2025-01-01,2026-08-01,20,baseline
C00069,D00110,2025-01-01,2026-08-01,14,baseline
C00070,D04509,2025-01-01,2026-08-01,2,baseline
C00071,D00265,2025-01-01,2026-08-01,7,baseline
C00072,D03061,2025-01-01,2026-08-01,12,baseline
C00073,D03807,2025-01-01,2026-08-01,15,baseline
C00074,D01521,2025-01-01,2026-08-01,4,baseline
C00075,D01601,2025-01-01,2026-08-01,12,baseline
C00076,D02103,2025-01-01,2026-08-01,9,baseline
C00077,D02912,2025-01-01,2026-08-01,1,baseline
C00078,D03560,2025-01-01,2026-08-01,11,baseline
C00079,D03740,2025-01-01,2026-08-01,17,baseline
C00080,D04731,2025-01-01,2026-08-01,4,baseline
C00081,D03043,2025-01-01,2026-08-01,20,baseline
C00082,D04386,2025-01-01,2026-08-01,19,baseline
C00083,D04024,2025-01-01,2026-08-01,12,baseline
C00084,D02519,2025-01-01,2026-08-01,5,baseline
C00085,D04098,2025-01-01,2026-08-01,1,baseline
C00086,D02423,2025-01-01,2026-08-01,5,baseline
C00087,D00936,2025-01-01,2026-08-01,6,baseline
C00088,D01573,2025-01-01,2026-08-01,16,baseline
C00089,D03388,2025-01-01,2026-08-01,1,baseline
C00090,D00870,2025-01-01,2026-08-01,10,baseline
C00091,D01529,2025-01-01,2026-08-01,8,baseline
C00092,D02001,2025-01-01,2026-08-01,5,baseline
C00093,D02361,2025-01-01,2026-08-01,5,baseline
C00094,D02164,2025-01-01,2026-08-01,4,baseline
C00095,D04820,2025-01-01,2026-08-01,7,baseline
C00096,D02688,2025-01-01,2026-08-01,8,baseline
C00097,D02390,2025-01-01,2026-08-01,7,baseline
C00098,D03961,2025-01-01,2026-08-01,3,baseline
C00099,D02489,2025-01-01,2026-08-01,14,baseline
C00100,D00096,2025-01-01,2026-08-01,20,baseline
C00101,D01997,2025-01-01,2026-08-01,11,baseline
C00102,D02207,2025-01-01,2026-08-01,20,baseline
C00103,D01707,2025-01-01,2026-08-01,7,baseline
C00104,D00796,2025-01-01,2026-08-01,8,baseline
C00105,D01599,2025-01-01,2026-08-01,13,baseline
C00106,D02915,2025-01-01,2026-08-01,16,baseline
C00107,D00432,2025-01-01,2026-08-01,15,baseline
C00108,D00727,2025-01-01,2026-08-01,3,baseline
C00109,D03382,2025-01-01,2026-08-01,16,baseline
C00110,D01435,2025-01-01,2026-08-01,8,baseline
C00111,D03502,2025-01-01,2026-08-01,12,baseline
C00112,D01087,2025-01-01,2026-08-01,13,baseline
C00113,D00215,2025-01-01,2026-08-01,4,baseline
C00114,D00636,2025-01-01,2026-08-01,17,baseline
C00115,D01548,2025-01-01,2026-08-01,2,baseline
C00116,D04291,2025-01-01,2026-08-01,15,baseline
C00117,D02249,2025-01-01,2026-08-01,6,baseline
C00118,D01730,2025-01-01,2026-08-01,10,baseline
C00119,D02903,2025-01-01,2026-08-01,10,baseline
C00120,D02931,2025-01-01,2026-08-01,12,baseline
C00121,D02726,2025-01-01,2026-08-01,13,baseline
C00122,D01843,2025-01-01,2026-08-01,6,baseline
C00123,D04990,2025-01-01,2026-08-01,19,baseline
C00124,D04485,2025-01-01,2026-08-01,3,baseline
C00125,D04153,2025-01-01,2026-08-01,1,baseline
C00126,D00559,2025-01-01,2026-08-01,19,baseline
C00127,D03837,2025-01-01,2026-08-01,16,baseline
C00128,D00657,2025-01-01,2026-08-01,19,baseline
C00129,D01532,2025-01-01,2026-08-01,16,baseline
C00130,D00948,2025-01-01,2026-08-01,15,baseline
C00131,D02753,2025-01-01,2026-08-01,13,baseline
C00132,D04250,2025-01-01,2026-08-01,11,baseline
C00133,D03586,2025-01-01,2026-08-01,13,baseline
C00134,D01007,2025-01-01,2026-08-01,5,baseline
C00135,D03691,2025-01-01,2026-08-01,16,baseline
C00136,D02116,2025-01-01,2026-08-01,10,baseline
C00137,D02831,2025-01-01,2026-08-01,13,baseline
C00138,D03685,2025-01-01,2026-08-01,10,baseline
C00139,D03943,2025-01-01,2026-08-01,11,baseline
C00140,D04325,2025-01-01,2026-08-01,6,baseline
C00141,D04366,2025-01-01,2026-08-01,3,baseline
C00142,D01192,2025-01-01,2026-08-01,18,baseline
C00143,D04144,2025-01-01,2026-08-01,1,baseline
C00144,D01483,2025-01-01,2026-08-01,20,baseline
C00145,D02882,2025-01-01,2026-08-01,17,baseline
C00146,D02251,2025-01-01,2026-08-01,11,baseline
C00147,D01551,2025-01-01,2026-08-01,11,baseline
C00148,D03200,2025-01-01,2026-08-01,9,baseline
C00149,D03664,2025-01-01,2026-08-01,4,baseline
C00150,D04678,2025-01-01,2026-08-01,3,baseline
C00151,D00882,2025-01-01,2026-08-01,2,baseline
C00152,D03534,2025-01-01,2026-08-01,12,baseline
C00153,D04083,2025-01-01,2026-08-01,10,baseline
C00154,D02149,2025-01-01,2026-08-01,12,baseline
C00155,D02060,2025-01-01,2026-08-01,11,baseline
C00156,D01729,2025-01-01,2026-08-01,3,baseline
C00157,D04711,2025-01-01,2026-08-01,2,baseline
C00158,D04327,2025-01-01,2026-08-01,6,baseline
C00159,D02615,2025-01-01,2026-08-01,4,baseline
C00160,D04808,2025-01-01,2026-08-01,9,baseline
C00161,D01520,2025-01-01,2026-08-01,19,baseline
C00162,D01077,2025-01-01,2026-08-01,13,baseline
C00163,D01599,2025-01-01,2026-08-01,15,baseline
C00164,D00275,2025-01-01,2026-08-01,20,baseline
C00165,D00994,2025-01-01,2026-08-01,3,baseline
C00166,D04970,2025-01-01,2026-08-01,3,baseline
C00167,D01193,2025-01-01,2026-08-01,5,baseline
C00168,D03549,2025-01-01,2026-08-01,4,baseline
C00169,D04531,2025-01-01,2026-08-01,9,baseline
C00170,D02844,2025-01-01,2026-08-01,3,baseline
C00171,D04435,2025-01-01,2026-08-01,16,baseline
C00172,D01485,2025-01-01,2026-08-01,6,baseline
C00173,D00984,2025-01-01,2026-08-01,18,baseline
C00174,D04156,2025-01-01,2026-08-01,7,baseline
C00175,D01778,2025-01-01,2026-08-01,6,baseline
C00176,D02873,2025-01-01,2026-08-01,16,baseline
C00177,D01637,2025-01-01,2026-08-01,10,baseline
C00178,D03625,2025-01-01,2026-08-01,4,baseline
C00179,D00766,2025-01-01,2026-08-01,9,baseline
C00180,D03027,2025-01-01,2026-08-01,10,baseline
C00181,D03293,2025-01-01,2026-08-01,5,baseline
C00182,D02185,2025-01-01,2026-08-01,17,baseline
C00183,D04598,2025-01-01,2026-08-01,15,baseline
C00184,D00951,2025-01-01,2026-08-01,16,baseline
C00185,D02575,2025-01-01,2026-08-01,5,baseline
C00186,D03925,2025-01-01,2026-08-01,14,baseline
C00187,D01330,2025-01-01,2026-08-01,17,baseline
C00188,D03197,2025-01-01,2026-08-01,18,baseline
C00189,D01018,2025-01-01,2026-08-01,19,baseline
C00190,D03300,2025-01-01,2026-08-01,3,baseline
C00191,D02885,2025-01-01,2026-08-01,18,baseline
C00192,D04918,2025-01-01,2026-08-01,5,baseline
C00193,D02322,2025-01-01,2026-08-01,6,baseline
C00194,D00435,2025-01-01,2026-08-01,8,baseline
C00195,D03214,2025-01-01,2026-08-01,4,baseline
C00196,D01131,2025-01-01,2026-08-01,17,baseline
C00197,D00888,2025-01-01,2026-08-01,4,baseline
C00198,D04014,2025-01-01,2026-08-01,2,baseline
C00199,D00168,2025-01-01,2026-08-01,10,baseline
C00200,D04458,2025-01-01,2026-08-01,16,baseline
C00201,D03900,2025-01-01,2026-08-01,10,baseline
C00202,D00404,2025-01-01,2026-08-01,12,baseline
C00203,D00967,2025-01-01,2026-08-01,15,baseline
C00204,D01052,2025-01-01,2026-08-01,2,baseline
C00205,D01983,2025-01-01,2026-08-01,19,baseline
C00206,D00461,2025-01-01,2026-08-01,3,baseline
C00207,D01864,2025-01-01,2026-08-01,4,baseline
C00208,D01063,2025-01-01,2026-08-01,19,baseline
C00209,D04215,2025-01-01,2026-08-01,3,baseline
C00210,D03699,2025-01-01,2026-08-01,16,baseline
C00211,D04767,2025-01-01,2026-08-01,13,baseline
C00212,D03558,2025-01-01,2026-08-01,16,baseline
C00213,D00544,2025-01-01,2026-08-01,13,baseline
C00214,D00417,2025-01-01,2026-08-01,13,baseline
C00215,D04491,2025-01-01,2026-08-01,11,baseline
C00216,D04290,2025-01-01,2026-08-01,18,baseline
C00217,D02557,2025-01-01,2026-08-01,9,baseline
C00218,D02351,2025-01-01,2026-08-01,11,baseline
C00219,D02233,2025-01-01,2026-08-01,20,baseline
C00220,D04188,2025-01-01,2026-08-01,13,baseline
C00221,D02901,2025-01-01,2026-08-01,8,baseline
C00222,D03465,2025-01-01,2026-08-01,18,baseline
C00223,D02591,2025-01-01,2026-08-01,4,baseline
C00224,D03416,2025-01-01,2026-08-01,11,baseline
C00225,D04043,2025-01-01,2026-08-01,14,baseline
C00226,D03643,2025-01-01,2026-08-01,8,baseline
C00227,D02811,2025-01-01,2026-08-01,12,baseline
C00228,D02589,2025-01-01,2026-08-01,9,baseline
C00229,D03819,2025-01-01,2026-08-01,18,baseline
C00230,D01496,2025-01-01,2026-08-01,3,baseline
C00231,D01240,2025-01-01,2026-08-01,13,baseline
C00232,D00896,2025-01-01,2026-08-01,18,baseline
C00233,D04239,2025-01-01,2026-08-01,12,baseline
C00234,D03202,2025-01-01,2026-08-01,7,baseline
C00235,D02670,2025-01-01,2026-08-01,17,baseline
C00236,D03414,2025-01-01,2026-08-01,19,baseline
C00237,D03972,2025-01-01,2026-08-01,3,baseline
C00238,D02367,2025-01-01,2026-08-01,12,baseline
C00239,D04136,2025-01-01,2026-08-01,18,baseline
C00240,D03558,2025-01-01,2026-08-01,8,baseline
C00241,D01447,2025-01-01,2026-08-01,10,baseline
C00242,D01688,2025-01-01,2026-08-01,12,baseline
C00243,D04346,2025-01-01,2026-08-01,17,baseline
C00244,D00095,2025-01-01,2026-08-01,1,baseline
C00245,D01112,2025-01-01,2026-08-01,12,baseline
C00246,D01718,2025-01-01,2026-08-01,13,baseline
C00247,D03901,2025-01-01,2026-08-01,6,baseline
C00248,D04376,2025-01-01,2026-08-01,13,baseline
C00249,D04152,2025-01-01,2026-08-01,6,baseline
C00250,D00534,2025-01-01,2026-08-01,9,baseline
C00251,D04495,2025-01-01,2026-08-01,9,baseline
C00252,D03828,2025-01-01,2026-08-01,9,baseline
C00253,D03383,2025-01-01,2026-08-01,4,baseline
C00254,D02553,2025-01-01,2026-08-01,15,baseline
C00255,D01396,2025-01-01,2026-08-01,3,baseline
C00256,D01029,2025-01-01,2026-08-01,16,baseline
C00257,D03726,2025-01-01,2026-08-01,7,baseline
C00258,D01508,2025-01-01,2026-08-01,2,baseline
C00259,D03441,2025-01-01,2026-08-01,4,baseline
C00260,D01829,2025-01-01,2026-08-01,14,baseline
C00261,D04995,2025-01-01,2026-08-01,12,baseline
C00262,D03847,2025-01-01,2026-08-01,10,baseline
C00263,D00081,2025-01-01,2026-08-01,6,baseline
C00264,D01893,2025-01-01,2026-08-01,12,baseline
C00265,D01966,2025-01-01,2026-08-01,11,baseline
C00266,D02080,2025-01-01,2026-08-01,12,baseline
C00267,D03549,2025-01-01,2026-08-01,8,baseline
C00268,D01758,2025-01-01,2026-08-01,17,baseline
C00269,D03206,2025-01-01,2026-08-01,2,baseline
C00270,D02363,2025-01-01,2026-08-01,19,baseline
C00271,D03221,2025-01-01,2026-08-01,20,baseline
C00272,D01015,2025-01-01,2026-08-01,11,baseline
C00273,D02649,2025-01-01,2026-08-01,14,baseline
C00274,D01586,2025-01-01,2026-08-01,20,baseline
C00275,D00421,2025-01-01,2026-08-01,10,baseline
C00276,D02649,2025-01-01,2026-08-01,4,baseline
C00277,D02379,2025-01-01,2026-08-01,6,baseline
C00278,D01124,2025-01-01,2026-08-01,11,baseline
C00279,D02129,2025-01-01,2026-08-01,13,baseline
C00280,D04243,2025-01-01,2026-08-01,19,baseline
C00281,D01714,2025-01-01,2026-08-01,7,baseline
C00282,D02776,2025-01-01,2026-08-01,16,baseline
C00283,D03669,2025-01-01,2026-08-01,14,baseline
C00284,D02951,2025-01-01,2026-08-01,7,baseline
C00285,D02221,2025-01-01,2026-08-01,19,baseline
C00286,D00181,2025-01-01,2026-08-01,17,baseline
C00287,D03705,2025-01-01,2026-08-01,15,baseline
C00288,D03841,2025-01-01,2026-08-01,20,baseline
C00289,D01263,2025-01-01,2026-08-01,17,baseline
C00290,D01138,2025-01-01,2026-08-01,16,baseline
C00291,D00603,2025-01-01,2026-08-01,10,baseline
C00292,D00200,2025-01-01,2026-08-01,10,baseline
C00293,D02102,2025-01-01,2026-08-01,2,baseline
C00294,D04074,2025-01-01,2026-08-01,20,baseline
C00295,D00821,2025-01-01,2026-08-01,16,baseline
C00296,D03540,2025-01-01,2026-08-01,4,baseline
C00297,D04301,2025-01-01,2026-08-01,11,baseline
C00298,D02815,2025-01-01,2026-08-01,5,baseline
C00299,D02978,2025-01-01,2026-08-01,6,baseline
C00300,D03200,2025-01-01,2026-08-01,10,baseline
C00301,D00284,2025-01-01,2026-08-01,3,baseline
C00302,D04238,2025-01-01,2026-08-01,2,baseline
C00303,D01384,2025-01-01,2026-08-01,20,baseline
C00304,D02065,2025-01-01,2026-08-01,18,baseline
C00305,D01095,2025-01-01,2026-08-01,3,baseline
C00306,D01124,2025-01-01,2026-08-01,4,baseline
C00307,D04724,2025-01-01,2026-08-01,10,baseline
C00308,D02016,2025-01-01,2026-08-01,7,baseline
C00309,D04605,2025-01-01,2026-08-01,4,baseline
C00310,D04664,2025-01-01,2026-08-01,18,baseline
C00311,D01209,2025-01-01,2026-08-01,15,baseline
C00312,D04859,2025-01-01,2026-08-01,2,baseline
C00313,D03826,2025-01-01,2026-08-01,15,baseline
C00314,D03076,2025-01-01,2026-08-01,20,baseline
C00315,D02701,2025-01-01,2026-08-01,8,baseline
C00316,D03830,2025-01-01,2026-08-01,2,baseline
C00317,D04911,2025-01-01,2026-08-01,8,baseline
C00318,D01863,2025-01-01,2026-08-01,20,baseline
C00319,D04283,2025-01-01,2026-08-01,14,baseline
C00320,D00515,2025-01-01,2026-08-01,9,baseline
C00321,D03343,2025-01-01,2026-08-01,9,baseline
C00322,D01507,2025-01-01,2026-08-01,19,baseline
C00323,D04686,2025-01-01,2026-08-01,2,baseline
C00324,D02557,2025-01-01,2026-08-01,11,baseline
C00325,D00612,2025-01-01,2026-08-01,19,baseline
C00326,D04774,2025-01-01,2026-08-01,6,baseline
C00327,D03885,2025-01-01,2026-08-01,4,baseline
C00328,D02614,2025-01-01,2026-08-01,18,baseline
C00329,D00093,2025-01-01,2026-08-01,10,baseline
C00330,D03398,2025-01-01,2026-08-01,2,baseline
C00331,D02028,2025-01-01,2026-08-01,1,baseline
C00332,D02023,2025-01-01,2026-08-01,11,baseline
C00333,D03444,2025-01-01,2026-08-01,2,baseline
C00334,D03997,2025-01-01,2026-08-01,19,baseline
C00335,D02083,2025-01-01,2026-08-01,2,baseline
C00336,D03581,2025-01-01,2026-08-01,17,baseline
C00337,D03130,2025-01-01,2026-08-01,9,baseline
C00338,D04869,2025-01-01,2026-08-01,5,baseline
C00339,D02784,2025-01-01,2026-08-01,19,baseline
C00340,D02023,2025-01-01,2026-08-01,9,baseline
C00341,D04128,2025-01-01,2026-08-01,13,baseline
C00342,D02615,2025-01-01,2026-08-01,10,baseline
C00343,D04478,2025-01-01,2026-08-01,2,baseline
C00344,D01028,2025-01-01,2026-08-01,6,baseline
C00345,D03632,2025-01-01,2026-08-01,14,baseline
C00346,D03196,2025-01-01,2026-08-01,12,baseline
C00347,D00565,2025-01-01,2026-08-01,16,baseline
C00348,D02770,2025-01-01,2026-08-01,19,baseline
C00349,D01091,2025-01-01,2026-08-01,16,baseline
C00350,D01046,2025-01-01,2026-08-01,7,baseline
C00351,D02462,2025-01-01,2026-08-01,4,baseline
C00352,D04471,2025-01-01,2026-08-01,8,baseline
C00353,D01952,2025-01-01,2026-08-01,16,baseline
C00354,D01976,2025-01-01,2026-08-01,15,baseline
C00355,D01532,2025-01-01,2026-08-01,13,baseline
C00356,D04200,2025-01-01,2026-08-01,12,baseline
C00357,D02919,2025-01-01,2026-08-01,8,baseline
C00358,D00532,2025-01-01,2026-08-01,13,baseline
C00359,D00850,2025-01-01,2026-08-01,7,baseline
C00360,D03112,2025-01-01,2026-08-01,18,baseline
C00361,D01890,2025-01-01,2026-08-01,8,baseline
C00362,D03968,2025-01-01,2026-08-01,13,baseline
C00363,D00723,2025-01-01,2026-08-01,13,baseline
C00364,D04112,2025-01-01,2026-08-01,9,baseline
C00365,D00853,2025-01-01,2026-08-01,4,baseline
C00366,D01243,2025-01-01,2026-08-01,5,baseline
C00367,D00963,2025-01-01,2026-08-01,6,baseline
C00368,D03940,2025-01-01,2026-08-01,10,baseline
C00369,D00969,2025-01-01,2026-08-01,12,baseline
C00370,D01472,2025-01-01,2026-08-01,10,baseline
C00371,D00425,2025-01-01,2026-08-01,13,baseline
C00372,D04960,2025-01-01,2026-08-01,17,baseline
C00373,D04296,2025-01-01,2026-08-01,1,baseline
C00374,D02711,2025-01-01,2026-08-01,12,baseline
C00375,D01409,2025-01-01,2026-08-01,2,baseline
C00376,D00019,2025-01-01,2026-08-01,20,baseline
C00377,D02047,2025-01-01,2026-08-01,20,baseline
C00378,D00436,2025-01-01,2026-08-01,2,baseline
C00379,D04487,2025-01-01,2026-08-01,19,baseline
C00380,D04725,2025-01-01,2026-08-01,7,baseline
C00381,D00054,2025-01-01,2026-08-01,13,baseline
C00382,D03991,2025-01-01,2026-08-01,15,baseline
C00383,D01679,2025-01-01,2026-08-01,17,baseline
C00384,D00260,2025-01-01,2026-08-01,15,baseline
C00385,D00593,2025-01-01,2026-08-01,4,baseline
C00386,D02458,2025-01-01,2026-08-01,18,baseline
C00387,D02782,2025-01-01,2026-08-01,15,baseline
C00388,D03431,2025-01-01,2026-08-01,18,baseline
C00389,D00099,2025-01-01,2026-08-01,8,baseline
C00390,D00497,2025-01-01,2026-08-01,5,baseline
C00391,D02123,2025-01-01,2026-08-01,1,baseline
C00392,D03988,2025-01-01,2026-08-01,8,baseline
C00393,D04581,2025-01-01,2026-08-01,3,baseline
C00394,D02640,2025-01-01,2026-08-01,10,baseline
C00395,D00529,2025-01-01,2026-08-01,5,baseline
C00396,D03344,2025-01-01,2026-08-01,16,baseline
C00397,D00078,2025-01-01,2026-08-01,1,baseline
C00398,D00053,2025-01-01,2026-08-01,10,baseline
C00399,D03675,2025-01-01,2026-08-01,18,baseline
C00400,D02333,2025-01-01,2026-08-01,3,baseline
C00401,D04783,2025-01-01,2026-08-01,12,baseline
C00402,D03827,2025-01-01,2026-08-01,8,baseline
C00403,D00412,2025-01-01,2026-08-01,14,baseline
C00404,D02166,2025-01-01,2026-08-01,2,baseline
C00405,D00652,2025-01-01,2026-08-01,7,baseline
C00406,D00379,2025-01-01,2026-08-01,12,baseline
C00407,D01525,2025-01-01,2026-08-01,8,baseline
C00408,D03061,2025-01-01,2026-08-01,7,baseline
C00409,D03705,2025-01-01,2026-08-01,19,baseline
C00410,D04160,2025-01-01,2026-08-01,6,baseline
C00411,D01807,2025-01-01,2026-08-01,4,baseline
C00412,D03984,2025-01-01,2026-08-01,4,baseline
C00413,D01123,2025-01-01,2026-08-01,20,baseline
C00414,D03401,2025-01-01,2026-08-01,18,baseline
C00415,D03833,2025-01-01,2026-08-01,11,baseline
C00416,D04553,2025-01-01,2026-08-01,3,baseline
C00417,D02415,2025-01-01,2026-08-01,5,baseline
C00418,D01799,2025-01-01,2026-08-01,12,baseline
C00419,D00808,2025-01-01,2026-08-01,11,baseline
C00420,D00401,2025-01-01,2026-08-01,5,baseline
C00421,D01377,2025-01-01,2026-08-01,10,baseline
C00422,D02512,2025-01-01,2026-08-01,13,baseline
C00423,D03933,2025-01-01,2026-08-01,19,baseline
C00424,D04046,2025-01-01,2026-08-01,3,baseline
C00425,D02869,2025-01-01,2026-08-01,12,baseline
C00426,D01884,2025-01-01,2026-08-01,15,baseline
C00427,D01710,2025-01-01,2026-08-01,12,baseline
C00428,D03701,2025-01-01,2026-08-01,20,baseline
C00429,D04442,2025-01-01,2026-08-01,1,baseline
C00430,D04049,2025-01-01,2026-08-01,17,baseline
C00431,D00821,2025-01-01,2026-08-01,15,baseline
C00432,D03425,2025-01-01,2026-08-01,16,baseline
C00433,D01767,2025-01-01,2026-08-01,14,baseline
C00434,D01804,2025-01-01,2026-08-01,19,baseline
C00435,D04874,2025-01-01,2026-08-01,19,baseline
C00436,D04029,2025-01-01,2026-08-01,6,baseline
C00437,D01075,2025-01-01,2026-08-01,2,baseline
C00438,D02593,2025-01-01,2026-08-01,6,baseline
C00439,D00507,2025-01-01,2026-08-01,10,baseline
C00440,D00789,2025-01-01,2026-08-01,4,baseline
C00441,D03420,2025-01-01,2026-08-01,17,baseline
C00442,D01986,2025-01-01,2026-08-01,18,baseline
C00443,D01861,2025-01-01,2026-08-01,8,baseline
C00444,D01734,2025-01-01,2026-08-01,17,baseline
C00445,D01630,2025-01-01,2026-08-01,10,baseline
C00446,D01112,2025-01-01,2026-08-01,7,baseline
C00447,D01101,2025-01-01,2026-08-01,9,baseline
C00448,D01613,2025-01-01,2026-08-01,16,baseline
C00449,D00364,2025-01-01,2026-08-01,9,baseline
C00450,D03808,2025-01-01,2026-08-01,13,baseline
C00451,D04554,2025-01-01,2026-08-01,11,baseline
C00452,D00053,2025-01-01,2026-08-01,8,baseline
C00453,D00579,2025-01-01,2026-08-01,14,baseline
C00454,D00343,2025-01-01,2026-08-01,9,baseline
C00455,D01867,2025-01-01,2026-08-01,20,baseline
C00456,D03279,2025-01-01,2026-08-01,5,baseline
C00457,D00906,2025-01-01,2026-08-01,17,baseline
C00458,D00167,2025-01-01,2026-08-01,14,baseline
C00459,D02266,2025-01-01,2026-08-01,8,baseline
C00460,D04818,2025-01-01,2026-08-01,3,baseline
C00461,D02491,2025-01-01,2026-08-01,17,baseline
C00462,D00573,2025-01-01,2026-08-01,20,baseline
C00463,D00919,2025-01-01,2026-08-01,6,baseline
C00464,D03079,2025-01-01,2026-08-01,5,baseline
C00465,D02354,2025-01-01,2026-08-01,3,baseline
C00466,D02587,2025-01-01,2026-08-01,1,baseline
C00467,D03414,2025-01-01,2026-08-01,14,baseline
C00468,D00648,2025-01-01,2026-08-01,11,baseline
C00469,D04959,2025-01-01,2026-08-01,20,baseline
C00470,D04051,2025-01-01,2026-08-01,11,baseline
C00471,D04317,2025-01-01,2026-08-01,3,baseline
C00472,D01874,2025-01-01,2026-08-01,9,baseline
C00473,D00631,2025-01-01,2026-08-01,11,baseline
C00474,D01507,2025-01-01,2026-08-01,20,baseline
C00475,D00769,2025-01-01,2026-08-01,9,baseline
C00476,D01904,2025-01-01,2026-08-01,20,baseline
C00477,D04238,2025-01-01,2026-08-01,5,baseline
C00478,D01703,2025-01-01,2026-08-01,12,baseline
C00479,D03289,2025-01-01,2026-08-01,8,baseline
C00480,D03919,2025-01-01,2026-08-01,6,baseline
C00481,D01363,2025-01-01,2026-08-01,9,baseline
C00482,D00854,2025-01-01,2026-08-01,20,baseline
C00483,D04684,2025-01-01,2026-08-01,4,baseline
C00484,D02604,2025-01-01,2026-08-01,6,baseline
C00485,D03623,2025-01-01,2026-08-01,7,baseline
C00486,D04458,2025-01-01,2026-08-01,16,baseline
C00487,D02065,2025-01-01,2026-08-01,1,baseline
C00488,D03245,2025-01-01,2026-08-01,10,baseline
C00489,D00331,2025-01-01,2026-08-01,1,baseline
C00490,D02909,2025-01-01,2026-08-01,10,baseline
C00491,D03535,2025-01-01,2026-08-01,9,baseline
C00492,D03714,2025-01-01,2026-08-01,14,baseline
C00493,D00530,2025-01-01,2026-08-01,16,baseline
C00494,D03967,2025-01-01,2026-08-01,16,baseline
C00495,D01799,2025-01-01,2026-08-01,6,baseline
C00496,D00926,2025-01-01,2026-08-01,5,baseline
C00497,D03142,2025-01-01,2026-08-01,11,baseline
C00498,D03567,2025-01-01,2026-08-01,10,baseline
C00499,D00889,2025-01-01,2026-08-01,9,baseline
C00500,D01607,2025-01-01,2026-08-01,1,baseline
C00501,D00593,2025-01-01,2026-08-01,12,baseline
C00502,D01792,2025-01-01,2026-08-01,18,baseline
C00503,D02081,2025-01-01,2026-08-01,1,baseline
C00504,D00387,2025-01-01,2026-08-01,19,baseline
C00505,D01132,2025-01-01,2026-08-01,17,baseline
C00506,D02535,2025-01-01,2026-08-01,7,baseline
C00507,D02227,2025-01-01,2026-08-01,10,baseline
C00508,D03144,2025-01-01,2026-08-01,14,baseline
C00509,D00192,2025-01-01,2026-08-01,19,baseline
C00510,D03104,2025-01-01,2026-08-01,14,baseline
C00511,D02563,2025-01-01,2026-08-01,18,baseline
C00512,D02351,2025-01-01,2026-08-01,20,baseline
C00513,D00155,2025-01-01,2026-08-01,13,baseline
C00514,D02470,2025-01-01,2026-08-01,10,baseline
C00515,D03022,2025-01-01,2026-08-01,3,baseline
C00516,D03794,2025-01-01,2026-08-01,4,baseline
C00517,D04732,2025-01-01,2026-08-01,5,baseline
C00518,D00413,2025-01-01,2026-08-01,1,baseline
C00519,D04307,2025-01-01,2026-08-01,17,baseline
C00520,D02276,2025-01-01,2026-08-01,19,baseline
C00521,D04394,2025-01-01,2026-08-01,9,baseline
C00522,D02718,2025-01-01,2026-08-01,11,baseline
C00523,D03894,2025-01-01,2026-08-01,10,baseline
C00524,D04220,2025-01-01,2026-08-01,5,baseline
C00525,D00166,2025-01-01,2026-08-01,7,baseline
C00526,D04756,2025-01-01,2026-08-01,9,baseline
C00527,D00247,2025-01-01,2026-08-01,2,baseline
C00528,D00531,2025-01-01,2026-08-01,1,baseline
C00529,D03551,2025-01-01,2026-08-01,17,baseline
C00530,D03963,2025-01-01,2026-08-01,16,baseline
C00531,D00413,2025-01-01,2026-08-01,8,baseline
C00532,D02109,2025-01-01,2026-08-01,20,baseline
C00533,D02490,2025-01-01,2026-08-01,10,baseline
C00534,D01253,2025-01-01,2026-08-01,4,baseline
C00535,D04771,2025-01-01,2026-08-01,14,baseline
C00536,D04972,2025-01-01,2026-08-01,6,baseline
C00537,D03543,2025-01-01,2026-08-01,19,baseline
C00538,D04780,2025-01-01,2026-08-01,15,baseline
C00539,D01917,2025-01-01,2026-08-01,10,baseline
C00540,D02620,2025-01-01,2026-08-01,20,baseline
C00541,D01538,2025-01-01,2026-08-01,12,baseline
C00542,D01026,2025-01-01,2026-08-01,5,baseline
C00543,D00696,2025-01-01,2026-08-01,11,baseline
C00544,D03299,2025-01-01,2026-08-01,2,baseline
C00545,D03750,2025-01-01,2026-08-01,19,baseline
C00546,D04481,2025-01-01,2026-08-01,3,baseline
C00547,D03746,2025-01-01,2026-08-01,11,baseline
C00548,D00980,2025-01-01,2026-08-01,1,baseline
C00549,D00634,2025-01-01,2026-08-01,12,baseline
C00550,D02527,2025-01-01,2026-08-01,15,baseline
C00551,D00521,2025-01-01,2026-08-01,6,baseline
C00552,D03042,2025-01-01,2026-08-01,16,baseline
C00553,D03906,2025-01-01,2026-08-01,19,baseline
C00554,D02198,2025-01-01,2026-08-01,17,baseline
C00555,D00468,2025-01-01,2026-08-01,5,baseline
C00556,D01825,2025-01-01,2026-08-01,6,baseline
C00557,D04049,2025-01-01,2026-08-01,2,baseline
C00558,D04280,2025-01-01,2026-08-01,19,baseline
C00559,D00556,2025-01-01,2026-08-01,16,baseline
C00560,D01922,2025-01-01,2026-08-01,5,baseline
C00561,D03057,2025-01-01,2026-08-01,2,baseline
C00562,D00854,2025-01-01,2026-08-01,12,baseline
C00563,D03706,2025-01-01,2026-08-01,8,baseline
C00564,D01457,2025-01-01,2026-08-01,5,baseline
C00565,D01987,2025-01-01,2026-08-01,5,baseline
C00566,D00303,2025-01-01,2026-08-01,3,baseline
C00567,D02941,2025-01-01,2026-08-01,10,baseline
C00568,D03223,2025-01-01,2026-08-01,20,baseline
C00569,D04265,2025-01-01,2026-08-01,7,baseline
C00570,D00495,2025-01-01,2026-08-01,20,baseline
C00571,D00656,2025-01-01,2026-08-01,5,baseline
C00572,D01222,2025-01-01,2026-08-01,7,baseline
C00573,D04525,2025-01-01,2026-08-01,7,baseline
C00574,D03426,2025-01-01,2026-08-01,3,baseline
C00575,D02218,2025-01-01,2026-08-01,11,baseline
C00576,D03964,2025-01-01,2026-08-01,5,baseline
C00577,D04187,2025-01-01,2026-08-01,12,baseline
C00578,D01613,2025-01-01,2026-08-01,1,baseline
C00579,D01721,2025-01-01,2026-08-01,19,baseline
C00580,D04568,2025-01-01,2026-08-01,10,baseline
C00581,D03621,2025-01-01,2026-08-01,3,baseline
C00582,D03228,2025-01-01,2026-08-01,16,baseline
C00583,D01687,2025-01-01,2026-08-01,19,baseline
C00584,D01261,2025-01-01,2026-08-01,4,baseline
C00585,D03625,2025-01-01,2026-08-01,2,baseline
C00586,D04277,2025-01-01,2026-08-01,7,baseline
C00587,D03980,2025-01-01,2026-08-01,9,baseline
C00588,D01587,2025-01-01,2026-08-01,4,baseline
C00589,D04836,2025-01-01,2026-08-01,10,baseline
C00590,D02197,2025-01-01,2026-08-01,8,baseline
C00591,D00704,2025-01-01,2026-08-01,18,baseline
C00592,D00904,2025-01-01,2026-08-01,12,baseline
C00593,D03513,2025-01-01,2026-08-01,12,baseline
C00594,D03063,2025-01-01,2026-08-01,2,baseline
C00595,D00793,2025-01-01,2026-08-01,17,baseline
C00596,D02136,2025-01-01,2026-08-01,11,baseline
C00597,D04589,2025-01-01,2026-08-01,5,baseline
C00598,D04712,2025-01-01,2026-08-01,10,baseline
C00599,D02990,2025-01-01,2026-08-01,3,baseline
C00600,D03345,2025-01-01,2026-08-01,8,baseline
C00601,D03347,2025-01-01,2026-08-01,3,baseline
C00602,D04999,2025-01-01,2026-08-01,1,baseline
C00603,D02868,2025-01-01,2026-08-01,10,baseline
C00604,D01827,2025-01-01,2026-08-01,2,baseline
C00605,D01176,2025-01-01,2026-08-01,12,baseline
C00606,D03032,2025-01-01,2026-08-01,11,baseline
C00607,D04834,2025-01-01,2026-08-01,20,baseline
C00608,D01605,2025-01-01,2026-08-01,20,baseline
C00609,D01484,2025-01-01,2026-08-01,1,baseline
C00610,D03391,2025-01-01,2026-08-01,1,baseline
C00611,D03422,2025-01-01,2026-08-01,10,baseline
C00612,D00019,2025-01-01,2026-08-01,20,baseline
C00613,D01165,2025-01-01,2026-08-01,12,baseline
C00614,D04029,2025-01-01,2026-08-01,8,baseline
C00615,D03800,2025-01-01,2026-08-01,2,baseline
C00616,D00709,2025-01-01,2026-08-01,2,baseline
C00617,D00181,2025-01-01,2026-08-01,4,baseline
C00618,D01906,2025-01-01,2026-08-01,1,baseline
C00619,D01113,2025-01-01,2026-08-01,6,baseline
C00620,D01307,2025-01-01,2026-08-01,8,baseline
C00621,D02497,2025-01-01,2026-08-01,8,baseline
C00622,D04047,2025-01-01,2026-08-01,9,baseline
C00623,D01702,2025-01-01,2026-08-01,14,baseline
C00624,D03270,2025-01-01,2026-08-01,2,baseline
C00625,D03197,2025-01-01,2026-08-01,16,baseline
C00626,D00818,2025-01-01,2026-08-01,6,baseline
C00627,D03240,2025-01-01,2026-08-01,8,baseline
C00628,D01355,2025-01-01,2026-08-01,9,baseline
C00629,D04783,2025-01-01,2026-08-01,13,baseline
C00630,D01374,2025-01-01,2026-08-01,8,baseline
C00631,D01173,2025-01-01,2026-08-01,9,baseline
C00632,D02152,2025-01-01,2026-08-01,7,baseline
C00633,D03504,2025-01-01,2026-08-01,2,baseline
C00634,D04822,2025-01-01,2026-08-01,13,baseline
C00635,D03758,2025-01-01,2026-08-01,19,baseline
C00636,D04756,2025-01-01,2026-08-01,3,baseline
C00637,D02867,2025-01-01,2026-08-01,4,baseline
C00638,D00253,2025-01-01,2026-08-01,15,baseline
C00639,D00490,2025-01-01,2026-08-01,17,baseline
C00640,D03378,2025-01-01,2026-08-01,12,baseline
C00641,D02797,2025-01-01,2026-08-01,19,baseline
C00642,D02967,2025-01-01,2026-08-01,3,baseline
C00643,D01648,2025-01-01,2026-08-01,5,baseline
C00644,D01398,2025-01-01,2026-08-01,18,baseline
C00645,D03049,2025-01-01,2026-08-01,8,baseline
C00646,D01236,2025-01-01,2026-08-01,9,baseline
C00647,D02716,2025-01-01,2026-08-01,1,baseline
C00648,D02616,2025-01-01,2026-08-01,6,baseline
C00649,D00120,2025-01-01,2026-08-01,2,baseline
C00650,D02155,2025-01-01,2026-08-01,17,baseline
C00651,D01001,2025-01-01,2026-08-01,11,baseline
C00652,D03742,2025-01-01,2026-08-01,19,baseline
C00653,D01735,2025-01-01,2026-08-01,6,baseline
C00654,D03301,2025-01-01,2026-08-01,20,baseline
C00655,D02179,2025-01-01,2026-08-01,20,baseline
C00656,D04287,2025-01-01,2026-08-01,19,baseline
C00657,D01648,2025-01-01,2026-08-01,17,baseline
C00658,D04731,2025-01-01,2026-08-01,14,baseline
C00659,D00089,2025-01-01,2026-08-01,4,baseline
C00660,D03452,2025-01-01,2026-08-01,13,baseline
C00661,D01579,2025-01-01,2026-08-01,2,baseline
C00662,D02624,2025-01-01,2026-08-01,10,baseline
C00663,D03300,2025-01-01,2026-08-01,9,baseline
C00664,D02359,2025-01-01,2026-08-01,20,baseline
C00665,D02515,2025-01-01,2026-08-01,5,baseline
C00666,D01461,2025-01-01,2026-08-01,18,baseline
C00667,D04215,2025-01-01,2026-08-01,7,baseline
C00668,D02764,2025-01-01,2026-08-01,12,baseline
C00669,D01297,2025-01-01,2026-08-01,13,baseline
C00670,D04867,2025-01-01,2026-08-01,3,baseline
C00671,D04397,2025-01-01,2026-08-01,6,baseline
C00672,D01288,2025-01-01,2026-08-01,20,baseline
C00673,D01518,2025-01-01,2026-08-01,4,baseline
C00674,D03554,2025-01-01,2026-08-01,20,baseline
C00675,D04563,2025-01-01,2026-08-01,13,baseline
C00676,D00159,2025-01-01,2026-08-01,6,baseline
C00677,D04802,2025-01-01,2026-08-01,13,baseline
C00678,D00608,2025-01-01,2026-08-01,14,baseline
C00679,D00394,2025-01-01,2026-08-01,4,baseline
C00680,D02254,2025-01-01,2026-08-01,2,baseline
C00681,D00082,2025-01-01,2026-08-01,7,baseline
C00682,D00794,2025-01-01,2026-08-01,16,baseline
C00683,D00034,2025-01-01,2026-08-01,20,baseline
C00684,D00936,2025-01-01,2026-08-01,7,baseline
C00685,D03911,2025-01-01,2026-08-01,16,baseline
C00686,D04258,2025-01-01,2026-08-01,13,baseline
C00687,D00181,2025-01-01,2026-08-01,9,baseline
C00688,D00251,2025-01-01,2026-08-01,9,baseline
C00689,D00355,2025-01-01,2026-08-01,18,baseline
C00690,D03312,2025-01-01,2026-08-01,10,baseline
C00691,D04352,2025-01-01,2026-08-01,14,baseline
C00692,D02981,2025-01-01,2026-08-01,19,baseline
C00693,D02042,2025-01-01,2026-08-01,1,baseline
C00694,D01218,2025-01-01,2026-08-01,5,baseline
C00695,D04952,2025-01-01,2026-08-01,10,baseline
C00696,D02658,2025-01-01,2026-08-01,8,baseline
C00697,D02060,2025-01-01,2026-08-01,7,baseline
C00698,D04133,2025-01-01,2026-08-01,16,baseline
C00699,D02841,2025-01-01,2026-08-01,2,baseline
C00700,D01329,2025-01-01,2026-08-01,5,baseline
C00701,D03332,2025-01-01,2026-08-01,5,baseline
C00702,D01819,2025-01-01,2026-08-01,6,baseline
C00703,D02251,2025-01-01,2026-08-01,1,baseline
C00704,D02415,2025-01-01,2026-08-01,1,baseline
C00705,D02414,2025-01-01,2026-08-01,19,baseline
C00706,D04349,2025-01-01,2026-08-01,8,baseline
C00707,D00656,2025-01-01,2026-08-01,14,baseline
C00708,D01987,2025-01-01,2026-08-01,5,baseline
C00709,D01089,2025-01-01,2026-08-01,17,baseline
C00710,D02264,2025-01-01,2026-08-01,10,baseline
C00711,D01149,2025-01-01,2026-08-01,19,baseline
C00712,D01612,2025-01-01,2026-08-01,7,baseline
C00713,D01244,2025-01-01,2026-08-01,16,baseline
C00714,D00168,2025-01-01,2026-08-01,7,baseline
C00715,D01477,2025-01-01,2026-08-01,4,baseline
C00716,D00848,2025-01-01,2026-08-01,14,baseline
C00717,D04101,2025-01-01,2026-08-01,2,baseline
C00718,D02114,2025-01-01,2026-08-01,7,baseline
C00719,D03042,2025-01-01,2026-08-01,11,baseline
C00720,D01138,2025-01-01,2026-08-01,20,baseline
C00721,D04154,2025-01-01,2026-08-01,14,baseline
C00722,D01934,2025-01-01,2026-08-01,4,baseline
C00723,D00248,2025-01-01,2026-08-01,11,baseline
C00724,D02005,2025-01-01,2026-08-01,1,baseline
C00725,D03201,2025-01-01,2026-08-01,19,baseline
C00726,D02427,2025-01-01,2026-08-01,13,baseline
C00727,D02589,2025-01-01,2026-08-01,1,baseline
C00728,D03882,2025-01-01,2026-08-01,8,baseline
C00729,D04486,2025-01-01,2026-08-01,18,baseline
C00730,D01933,2025-01-01,2026-08-01,15,baseline
C00731,D02964,2025-01-01,2026-08-01,8,baseline
C00732,D02879,2025-01-01,2026-08-01,20,baseline
C00733,D00365,2025-01-01,2026-08-01,19,baseline
C00734,D01999,2025-01-01,2026-08-01,7,baseline
C00735,D02178,2025-01-01,2026-08-01,8,baseline
C00736,D02683,2025-01-01,2026-08-01,1,baseline
C00737,D04718,2025-01-01,2026-08-01,17,baseline
C00738,D02491,2025-01-01,2026-08-01,8,baseline
C00739,D04240,2025-01-01,2026-08-01,20,baseline
C00740,D01316,2025-01-01,2026-08-01,11,baseline
C00741,D04088,2025-01-01,2026-08-01,3,baseline
C00742,D03878,2025-01-01,2026-08-01,18,baseline
C00743,D03225,2025-01-01,2026-08-01,13,baseline
C00744,D02534,2025-01-01,2026-08-01,18,baseline
C00745,D03332,2025-01-01,2026-08-01,16,baseline
C00746,D03088,2025-01-01,2026-08-01,17,baseline
C00747,D01399,2025-01-01,2026-08-01,13,baseline
C00748,D02923,2025-01-01,2026-08-01,11,baseline
C00749,D01208,2025-01-01,2026-08-01,16,baseline
C00750,D00781,2025-01-01,2026-08-01,4,baseline
C00751,D01670,2025-01-01,2026-08-01,14,baseline
C00752,D03240,2025-01-01,2026-08-01,8,baseline
C00753,D00099,2025-01-01,2026-08-01,11,baseline
C00754,D02522,2025-01-01,2026-08-01,12,baseline
C00755,D02760,2025-01-01,2026-08-01,4,baseline
C00756,D02236,2025-01-01,2026-08-01,3,baseline
C00757,D01442,2025-01-01,2026-08-01,8,baseline
C00758,D03425,2025-01-01,2026-08-01,3,baseline
C00759,D02581,2025-01-01,2026-08-01,1,baseline
C00760,D02498,2025-01-01,2026-08-01,4,baseline
C00761,D04547,2025-01-01,2026-08-01,6,baseline
C00762,D02908,2025-01-01,2026-08-01,17,baseline
C00763,D02190,2025-01-01,2026-08-01,2,baseline
C00764,D00076,2025-01-01,2026-08-01,4,baseline
C00765,D04728,2025-01-01,2026-08-01,1,baseline
C00766,D00285,2025-01-01,2026-08-01,10,baseline
C00767,D01399,2025-01-01,2026-08-01,18,baseline
C00768,D03438,2025-01-01,2026-08-01,10,baseline
C00769,D04130,2025-01-01,2026-08-01,2,baseline
C00770,D00894,2025-01-01,2026-08-01,2,baseline
C00771,D01856,2025-01-01,2026-08-01,11,baseline
C00772,D00828,2025-01-01,2026-08-01,19,baseline
C00773,D01174,2025-01-01,2026-08-01,13,baseline
C00774,D02390,2025-01-01,2026-08-01,9,baseline
C00775,D02609,2025-01-01,2026-08-01,14,baseline
C00776,D04520,2025-01-01,2026-08-01,6,baseline
C00777,D04048,2025-01-01,2026-08-01,14,baseline
C00778,D01115,2025-01-01,2026-08-01,11,baseline
C00779,D02076,2025-01-01,2026-08-01,12,baseline
C00780,D04087,2025-01-01,2026-08-01,5,baseline
C00781,D00393,2025-01-01,2026-08-01,12,baseline
C00782,D00992,2025-01-01,2026-08-01,3,baseline
C00783,D00178,2025-01-01,2026-08-01,1,baseline
C00784,D03506,2025-01-01,2026-08-01,17,baseline
C00785,D04792,2025-01-01,2026-08-01,14,baseline
C00786,D03755,2025-01-01,2026-08-01,16,baseline
C00787,D00995,2025-01-01,2026-08-01,19,baseline
C00788,D00391,2025-01-01,2026-08-01,5,baseline
C00789,D03818,2025-01-01,2026-08-01,13,baseline
C00790,D03601,2025-01-01,2026-08-01,15,baseline
C00791,D02845,2025-01-01,2026-08-01,12,baseline
C00792,D02435,2025-01-01,2026-08-01,8,baseline
C00793,D04887,2025-01-01,2026-08-01,7,baseline
C00794,D03130,2025-01-01,2026-08-01,15,baseline
C00795,D00751,2025-01-01,2026-08-01,13,baseline
C00796,D02935,2025-01-01,2026-08-01,7,baseline
C00797,D01466,2025-01-01,2026-08-01,5,baseline
C00798,D01861,2025-01-01,2026-08-01,18,baseline
C00799,D01368,2025-01-01,2026-08-01,19,baseline
C00800,D04394,2025-01-01,2026-08-01,16,baseline
C00801,D01647,2025-01-01,2026-08-01,15,baseline
C00802,D04968,2025-01-01,2026-08-01,8,baseline
C00803,D01075,2025-01-01,2026-08-01,16,baseline
C00804,D00810,2025-01-01,2026-08-01,7,baseline
C00805,D02680,2025-01-01,2026-08-01,17,baseline
C00806,D01169,2025-01-01,2026-08-01,1,baseline
C00807,D00594,2025-01-01,2026-08-01,7,baseline
C00808,D04685,2025-01-01,2026-08-01,9,baseline
C00809,D03817,2025-01-01,2026-08-01,18,baseline
C00810,D02454,2025-01-01,2026-08-01,2,baseline
C00811,D04796,2025-01-01,2026-08-01,9,baseline
C00812,D02017,2025-01-01,2026-08-01,20,baseline
C00813,D02242,2025-01-01,2026-08-01,3,baseline
C00814,D01514,2025-01-01,2026-08-01,7,baseline
C00815,D02456,2025-01-01,2026-08-01,14,baseline
C00816,D04450,2025-01-01,2026-08-01,11,baseline
C00817,D03075,2025-01-01,2026-08-01,19,baseline
C00818,D03738,2025-01-01,2026-08-01,5,baseline
C00819,D03255,2025-01-01,2026-08-01,9,baseline
C00820,D02520,2025-01-01,2026-08-01,1,baseline
C00821,D03036,2025-01-01,2026-08-01,1,baseline
C00822,D03898,2025-01-01,2026-08-01,11,baseline
C00823,D01017,2025-01-01,2026-08-01,14,baseline
C00824,D02646,2025-01-01,2026-08-01,12,baseline
C00825,D00356,2025-01-01,2026-08-01,9,baseline
C00826,D04165,2025-01-01,2026-08-01,15,baseline
C00827,D01087,2025-01-01,2026-08-01,8,baseline
C00828,D01445,2025-01-01,2026-08-01,18,baseline
C00829,D01944,2025-01-01,2026-08-01,12,baseline
C00830,D03281,2025-01-01,2026-08-01,17,baseline
C00831,D03555,2025-01-01,2026-08-01,9,baseline
C00832,D03386,2025-01-01,2026-08-01,12,baseline
C00833,D04749,2025-01-01,2026-08-01,19,baseline
C00834,D02562,2025-01-01,2026-08-01,10,baseline
C00835,D00669,2025-01-01,2026-08-01,16,baseline
C00836,D02080,2025-01-01,2026-08-01,4,baseline
C00837,D04311,2025-01-01,2026-08-01,14,baseline
C00838,D02317,2025-01-01,2026-08-01,9,baseline
C00839,D04630,2025-01-01,2026-08-01,20,baseline
C00840,D00975,2025-01-01,2026-08-01,11,baseline
C00841,D03542,2025-01-01,2026-08-01,1,baseline
C00842,D04560,2025-01-01,2026-08-01,1,baseline
C00843,D02328,2025-01-01,2026-08-01,7,baseline
C00844,D04389,2025-01-01,2026-08-01,8,baseline
C00845,D00869,2025-01-01,2026-08-01,1,baseline
C00846,D03415,2025-01-01,2026-08-01,16,baseline
C00847,D03658,2025-01-01,2026-08-01,14,baseline
C00848,D02019,2025-01-01,2026-08-01,9,baseline
C00849,D01820,2025-01-01,2026-08-01,1,baseline
C00850,D03753,2025-01-01,2026-08-01,7,baseline
C00851,D00719,2025-01-01,2026-08-01,12,baseline
C00852,D03932,2025-01-01,2026-08-01,9,baseline
C00853,D00697,2025-01-01,2026-08-01,5,baseline
C00854,D00995,2025-01-01,2026-08-01,8,baseline
C00855,D00485,2025-01-01,2026-08-01,20,baseline
C00856,D01975,2025-01-01,2026-08-01,17,baseline
C00857,D00982,2025-01-01,2026-08-01,18,baseline
C00858,D04426,2025-01-01,2026-08-01,16,baseline
C00859,D01548,2025-01-01,2026-08-01,15,baseline
C00860,D00876,2025-01-01,2026-08-01,6,baseline
C00861,D00146,2025-01-01,2026-08-01,1,baseline
C00862,D03471,2025-01-01,2026-08-01,15,baseline
C00863,D02806,2025-01-01,2026-08-01,17,baseline
C00864,D00604,2025-01-01,2026-08-01,17,baseline
C00865,D02111,2025-01-01,2026-08-01,5,baseline
C00866,D03138,2025-01-01,2026-08-01,5,baseline
C00867,D04392,2025-01-01,2026-08-01,18,baseline
C00868,D04113,2025-01-01,2026-08-01,5,baseline
C00869,D01318,2025-01-01,2026-08-01,18,baseline
C00870,D02857,2025-01-01,2026-08-01,7,baseline
C00871,D02849,2025-01-01,2026-08-01,11,baseline
C00872,D01271,2025-01-01,2026-08-01,1,baseline
C00873,D01552,2025-01-01,2026-08-01,18,baseline
C00874,D04291,2025-01-01,2026-08-01,2,baseline
C00875,D00068,2025-01-01,2026-08-01,6,baseline
C00876,D00839,2025-01-01,2026-08-01,12,baseline
C00877,D00947,2025-01-01,2026-08-01,13,baseline
C00878,D04935,2025-01-01,2026-08-01,11,baseline
C00879,D03360,2025-01-01,2026-08-01,15,baseline
C00880,D01554,2025-01-01,2026-08-01,20,baseline
C00881,D02366,2025-01-01,2026-08-01,10,baseline
C00882,D04477,2025-01-01,2026-08-01,12,baseline
C00883,D03640,2025-01-01,2026-08-01,3,baseline
C00884,D01700,2025-01-01,2026-08-01,17,baseline
C00885,D02825,2025-01-01,2026-08-01,3,baseline
C00886,D03573,2025-01-01,2026-08-01,8,baseline
C00887,D02381,2025-01-01,2026-08-01,15,baseline
C00888,D03012,2025-01-01,2026-08-01,18,baseline
C00889,D04398,2025-01-01,2026-08-01,18,baseline
C00890,D02449,2025-01-01,2026-08-01,15,baseline
C00891,D01460,2025-01-01,2026-08-01,1,baseline
C00892,D04648,2025-01-01,2026-08-01,8,baseline
C00893,D04181,2025-01-01,2026-08-01,13,baseline
C00894,D01737,2025-01-01,2026-08-01,15,baseline
C00895,D01516,2025-01-01,2026-08-01,4,baseline
C00896,D03912,2025-01-01,2026-08-01,13,baseline
C00897,D03920,2025-01-01,2026-08-01,9,baseline
C00898,D01135,2025-01-01,2026-08-01,14,baseline
C00899,D00686,2025-01-01,2026-08-01,16,baseline
C00900,D01518,2025-01-01,2026-08-01,12,baseline
C00901,D00983,2025-01-01,2026-08-01,10,baseline
C00902,D04535,2025-01-01,2026-08-01,17,baseline
C00903,D00183,2025-01-01,2026-08-01,4,baseline
C00904,D01487,2025-01-01,2026-08-01,19,baseline
C00905,D04672,2025-01-01,2026-08-01,1,baseline
C00906,D00082,2025-01-01,2026-08-01,4,baseline
C00907,D01398,2025-01-01,2026-08-01,13,baseline
C00908,D04775,2025-01-01,2026-08-01,2,baseline
C00909,D00837,2025-01-01,2026-08-01,20,baseline
C00910,D00247,2025-01-01,2026-08-01,15,baseline
C00911,D04649,2025-01-01,2026-08-01,9,baseline
C00912,D04562,2025-01-01,2026-08-01,8,baseline
C00913,D00004,2025-01-01,2026-08-01,7,baseline
C00914,D00299,2025-01-01,2026-08-01,14,baseline
C00915,D03708,2025-01-01,2026-08-01,16,baseline
C00916,D04368,2025-01-01,2026-08-01,15,baseline
C00917,D04874,2025-01-01,2026-08-01,16,baseline
C00918,D01553,2025-01-01,2026-08-01,9,baseline
C00919,D00451,2025-01-01,2026-08-01,12,baseline
C00920,D04128,2025-01-01,2026-08-01,6,baseline
C00921,D01405,2025-01-01,2026-08-01,9,baseline
C00922,D03276,2025-01-01,2026-08-01,19,baseline
C00923,D01700,2025-01-01,2026-08-01,20,baseline
C00924,D02380,2025-01-01,2026-08-01,6,baseline
C00925,D02658,2025-01-01,2026-08-01,16,baseline
C00926,D04863,2025-01-01,2026-08-01,17,baseline
C00927,D00079,2025-01-01,2026-08-01,10,baseline
C00928,D00855,2025-01-01,2026-08-01,9,baseline
C00929,D01679,2025-01-01,2026-08-01,17,baseline
C00930,D01614,2025-01-01,2026-08-01,8,baseline
C00931,D00743,2025-01-01,2026-08-01,7,baseline
C00932,D00562,2025-01-01,2026-08-01,19,baseline
C00933,D04499,2025-01-01,2026-08-01,13,baseline
C00934,D01332,2025-01-01,2026-08-01,5,baseline
C00935,D03820,2025-01-01,2026-08-01,6,baseline
C00936,D02815,2025-01-01,2026-08-01,14,baseline
C00937,D00524,2025-01-01,2026-08-01,20,baseline
C00938,D01573,2025-01-01,2026-08-01,14,baseline
C00939,D02317,2025-01-01,2026-08-01,16,baseline
C00940,D03180,2025-01-01,2026-08-01,5,baseline
C00941,D03667,2025-01-01,2026-08-01,18,baseline
C00942,D01227,2025-01-01,2026-08-01,8,baseline
C00943,D02779,2025-01-01,2026-08-01,7,baseline
C00944,D04357,2025-01-01,2026-08-01,9,baseline
C00945,D02523,2025-01-01,2026-08-01,13,baseline
C00946,D00347,2025-01-01,2026-08-01,10,baseline
C00947,D04306,2025-01-01,2026-08-01,7,baseline
C00948,D03211,2025-01-01,2026-08-01,7,baseline
C00949,D04004,2025-01-01,2026-08-01,4,baseline
C00950,D04532,2025-01-01,2026-08-01,17,baseline
C00951,D00872,2025-01-01,2026-08-01,16,baseline
C00952,D00706,2025-01-01,2026-08-01,2,baseline
C00953,D03539,2025-01-01,2026-08-01,20,baseline
C00954,D03005,2025-01-01,2026-08-01,9,baseline
C00955,D03241,2025-01-01,2026-08-01,12,baseline
C00956,D00424,2025-01-01,2026-08-01,5,baseline
C00957,D03031,2025-01-01,2026-08-01,13,baseline
C00958,D00683,2025-01-01,2026-08-01,10,baseline
C00959,D03862,2025-01-01,2026-08-01,15,baseline
C00960,D02067,2025-01-01,2026-08-01,5,baseline
C00961,D00186,2025-01-01,2026-08-01,11,baseline
C00962,D02007,2025-01-01,2026-08-01,11,baseline
C00963,D01567,2025-01-01,2026-08-01,15,baseline
C00964,D04154,2025-01-01,2026-08-01,8,baseline
C00965,D04843,2025-01-01,2026-08-01,16,baseline
C00966,D04695,2025-01-01,2026-08-01,5,baseline
C00967,D00836,2025-01-01,2026-08-01,2,baseline
C00968,D00348,2025-01-01,2026-08-01,15,baseline
C00969,D04439,2025-01-01,2026-08-01,12,baseline
C00970,D02651,2025-01-01,2026-08-01,20,baseline
C00971,D00702,2025-01-01,2026-08-01,20,baseline
C00972,D04213,2025-01-01,2026-08-01,19,baseline
C00973,D00965,2025-01-01,2026-08-01,15,baseline
C00974,D04814,2025-01-01,2026-08-01,14,baseline
C00975,D01862,2025-01-01,2026-08-01,18,baseline
C00976,D02144,2025-01-01,2026-08-01,16,baseline
C00977,D03527,2025-01-01,2026-08-01,5,baseline
C00978,D02249,2025-01-01,2026-08-01,14,baseline
C00979,D03246,2025-01-01,2026-08-01,4,baseline
C00980,D00428,2025-01-01,2026-08-01,3,baseline
C00981,D03372,2025-01-01,2026-08-01,1,baseline
C00982,D00106,2025-01-01,2026-08-01,8,baseline
C00983,D00281,2025-01-01,2026-08-01,20,baseline
C00984,D04087,2025-01-01,2026-08-01,18,baseline
C00985,D00561,2025-01-01,2026-08-01,4,baseline
C00986,D00178,2025-01-01,2026-08-01,15,baseline
C00987,D03702,2025-01-01,2026-08-01,1,baseline
C00988,D02468,2025-01-01,2026-08-01,15,baseline
C00989,D00280,2025-01-01,2026-08-01,17,baseline
C00990,D03240,2025-01-01,2026-08-01,7,baseline
C00991,D02459,2025-01-01,2026-08-01,14,baseline
C00992,D03074,2025-01-01,2026-08-01,5,baseline
C00993,D02847,2025-01-01,2026-08-01,2,baseline
C00994,D02134,2025-01-01,2026-08-01,15,baseline
C00995,D01376,2025-01-01,2026-08-01,3,baseline
C00996,D04487,2025-01-01,2026-08-01,19,baseline
C00997,D04451,2025-01-01,2026-08-01,7,baseline
C00998,D04674,2025-01-01,2026-08-01,8,baseline
C00999,D00615,2025-01-01,2026-08-01,13,baseline
C01000,D02087,2025-01-01,2026-08-01,19,baseline
C01001,D00503,2025-01-01,2026-08-01,15,baseline
C01002,D04834,2025-01-01,2026-08-01,19,baseline
C01003,D02962,2025-01-01,2026-08-01,16,baseline
C01004,D00980,2025-01-01,2026-08-01,4,baseline
C01005,D00635,2025-01-01,2026-08-01,9,baseline
C01006,D00206,2025-01-01,2026-08-01,7,baseline
C01007,D01458,2025-01-01,2026-08-01,18,baseline
C01008,D02615,2025-01-01,2026-08-01,13,baseline
C01009,D01650,2025-01-01,2026-08-01,4,baseline
C01010,D00388,2025-01-01,2026-08-01,4,baseline
C01011,D03148,2025-01-01,2026-08-01,13,baseline
C01012,D01494,2025-01-01,2026-08-01,15,baseline
C01013,D01088,2025-01-01,2026-08-01,14,baseline
C01014,D02817,2025-01-01,2026-08-01,9,baseline
C01015,D04205,2025-01-01,2026-08-01,12,baseline
C01016,D04932,2025-01-01,2026-08-01,3,baseline
C01017,D01879,2025-01-01,2026-08-01,19,baseline
C01018,D02444,2025-01-01,2026-08-01,18,baseline
C01019,D00474,2025-01-01,2026-08-01,2,baseline
C01020,D01568,2025-01-01,2026-08-01,10,baseline
C01021,D01722,2025-01-01,2026-08-01,19,baseline
C01022,D00907,2025-01-01,2026-08-01,16,baseline
C01023,D01063,2025-01-01,2026-08-01,5,baseline
C01024,D03551,2025-01-01,2026-08-01,12,baseline
C01025,D04105,2025-01-01,2026-08-01,4,baseline
C01026,D02959,2025-01-01,2026-08-01,16,baseline
C01027,D00737,2025-01-01,2026-08-01,7,baseline
C01028,D03636,2025-01-01,2026-08-01,17,baseline
C01029,D02799,2025-01-01,2026-08-01,8,baseline
C01030,D04972,2025-01-01,2026-08-01,5,baseline
C01031,D00488,2025-01-01,2026-08-01,13,baseline
C01032,D03131,2025-01-01,2026-08-01,18,baseline
C01033,D02139,2025-01-01,2026-08-01,17,baseline
C01034,D04033,2025-01-01,2026-08-01,6,baseline
C01035,D00851,2025-01-01,2026-08-01,7,baseline
C01036,D00757,2025-01-01,2026-08-01,11,baseline
C01037,D01381,2025-01-01,2026-08-01,11,baseline
C01038,D04414,2025-01-01,2026-08-01,10,baseline
C01039,D02283,2025-01-01,2026-08-01,6,baseline
C01040,D00961,2025-01-01,2026-08-01,6,baseline
C01041,D04476,2025-01-01,2026-08-01,6,baseline
C01042,D04302,2025-01-01,2026-08-01,6,baseline
C01043,D00775,2025-01-01,2026-08-01,9,baseline
C01044,D02545,2025-01-01,2026-08-01,15,baseline
C01045,D02623,2025-01-01,2026-08-01,10,baseline
C01046,D01715,2025-01-01,2026-08-01,6,baseline
C01047,D01261,2025-01-01,2026-08-01,11,baseline
C01048,D02937,2025-01-01,2026-08-01,10,baseline
C01049,D01153,2025-01-01,2026-08-01,9,baseline
C01050,D01764,2025-01-01,2026-08-01,20,baseline
C01051,D01425,2025-01-01,2026-08-01,2,baseline
C01052,D04215,2025-01-01,2026-08-01,4,baseline
C01053,D02707,2025-01-01,2026-08-01,1,baseline
C01054,D04782,2025-01-01,2026-08-01,18,baseline
C01055,D02212,2025-01-01,2026-08-01,2,baseline
C01056,D00677,2025-01-01,2026-08-01,13,baseline
C01057,D01317,2025-01-01,2026-08-01,8,baseline
C01058,D03293,2025-01-01,2026-08-01,19,baseline
C01059,D03050,2025-01-01,2026-08-01,4,baseline
C01060,D03802,2025-01-01,2026-08-01,7,baseline
C01061,D03064,2025-01-01,2026-08-01,3,baseline
C01062,D01789,2025-01-01,2026-08-01,10,baseline
C01063,D02961,2025-01-01,2026-08-01,14,baseline
C01064,D04854,2025-01-01,2026-08-01,10,baseline
C01065,D02826,2025-01-01,2026-08-01,10,baseline
C01066,D02472,2025-01-01,2026-08-01,14,baseline
C01067,D03641,2025-01-01,2026-08-01,9,baseline
C01068,D02615,2025-01-01,2026-08-01,14,baseline
C01069,D04004,2025-01-01,2026-08-01,18,baseline
C01070,D00987,2025-01-01,2026-08-01,17,baseline
C01071,D00797,2025-01-01,2026-08-01,11,baseline
C01072,D01860,2025-01-01,2026-08-01,1,baseline
C01073,D03245,2025-01-01,2026-08-01,7,baseline
C01074,D00291,2025-01-01,2026-08-01,19,baseline
C01075,D00791,2025-01-01,2026-08-01,6,baseline
C01076,D04697,2025-01-01,2026-08-01,6,baseline
C01077,D01220,2025-01-01,2026-08-01,8,baseline
C01078,D00903,2025-01-01,2026-08-01,18,baseline
C01079,D02997,2025-01-01,2026-08-01,15,baseline
C01080,D03824,2025-01-01,2026-08-01,15,baseline
C01081,D02354,2025-01-01,2026-08-01,5,baseline
C01082,D03829,2025-01-01,2026-08-01,17,baseline
C01083,D02592,2025-01-01,2026-08-01,2,baseline
C01084,D04616,2025-01-01,2026-08-01,1,baseline
C01085,D03775,2025-01-01,2026-08-01,12,baseline
C01086,D01283,2025-01-01,2026-08-01,7,baseline
C01087,D01994,2025-01-01,2026-08-01,7,baseline
C01088,D00164,2025-01-01,2026-08-01,4,baseline
C01089,D01865,2025-01-01,2026-08-01,6,baseline
C01090,D00047,2025-01-01,2026-08-01,2,baseline
C01091,D00954,2025-01-01,2026-08-01,6,baseline
C01092,D01932,2025-01-01,2026-08-01,9,baseline
C01093,D02906,2025-01-01,2026-08-01,17,baseline
C01094,D01140,2025-01-01,2026-08-01,3,baseline
C01095,D00687,2025-01-01,2026-08-01,12,baseline
C01096,D00848,2025-01-01,2026-08-01,2,baseline
C01097,D04428,2025-01-01,2026-08-01,1,baseline
C01098,D04442,2025-01-01,2026-08-01,19,baseline
C01099,D00404,2025-01-01,2026-08-01,13,baseline
C01100,D03053,2025-01-01,2026-08-01,20,baseline
C01101,D02802,2025-01-01,2026-08-01,13,baseline
C01102,D02215,2025-01-01,2026-08-01,2,baseline
C01103,D04494,2025-01-01,2026-08-01,4,baseline
C01104,D02870,2025-01-01,2026-08-01,5,baseline
C01105,D03215,2025-01-01,2026-08-01,1,baseline
C01106,D04390,2025-01-01,2026-08-01,19,baseline
C01107,D00719,2025-01-01,2026-08-01,16,baseline
C01108,D02148,2025-01-01,2026-08-01,16,baseline
C01109,D03940,2025-01-01,2026-08-01,9,baseline
C01110,D02721,2025-01-01,2026-08-01,6,baseline
C01111,D02431,2025-01-01,2026-08-01,20,baseline
C01112,D04965,2025-01-01,2026-08-01,18,baseline
C01113,D03628,2025-01-01,2026-08-01,13,baseline
C01114,D04662,2025-01-01,2026-08-01,4,baseline
C01115,D00244,2025-01-01,2026-08-01,2,baseline
C01116,D03237,2025-01-01,2026-08-01,19,baseline
C01117,D00676,2025-01-01,2026-08-01,14,baseline
C01118,D04572,2025-01-01,2026-08-01,15,baseline
C01119,D00598,2025-01-01,2026-08-01,12,baseline
C01120,D02852,2025-01-01,2026-08-01,2,baseline
C01121,D02006,2025-01-01,2026-08-01,11,baseline
C01122,D00903,2025-01-01,2026-08-01,14,baseline
C01123,D04308,2025-01-01,2026-08-01,11,baseline
C01124,D00215,2025-01-01,2026-08-01,9,baseline
C01125,D02572,2025-01-01,2026-08-01,13,baseline
C01126,D02825,2025-01-01,2026-08-01,19,baseline
C01127,D00518,2025-01-01,2026-08-01,18,baseline
C01128,D01998,2025-01-01,2026-08-01,5,baseline
C01129,D01714,2025-01-01,2026-08-01,7,baseline
C01130,D00072,2025-01-01,2026-08-01,18,baseline
C01131,D00736,2025-01-01,2026-08-01,4,baseline
C01132,D03807,2025-01-01,2026-08-01,9,baseline
C01133,D00820,2025-01-01,2026-08-01,13,baseline
C01134,D03445,2025-01-01,2026-08-01,20,baseline
C01135,D03016,2025-01-01,2026-08-01,6,baseline
C01136,D02784,2025-01-01,2026-08-01,14,baseline
C01137,D00057,2025-01-01,2026-08-01,11,baseline
C01138,D04620,2025-01-01,2026-08-01,19,baseline
C01139,D01199,2025-01-01,2026-08-01,3,baseline
C01140,D03785,2025-01-01,2026-08-01,9,baseline
C01141,D03070,2025-01-01,2026-08-01,13,baseline
C01142,D04349,2025-01-01,2026-08-01,5,baseline
C01143,D03350,2025-01-01,2026-08-01,20,baseline
C01144,D01290,2025-01-01,2026-08-01,17,baseline
C01145,D03224,2025-01-01,2026-08-01,3,baseline
C01146,D03385,2025-01-01,2026-08-01,18,baseline
C01147,D01813,2025-01-01,2026-08-01,17,baseline
C01148,D00955,2025-01-01,2026-08-01,1,baseline
C01149,D00323,2025-01-01,2026-08-01,18,baseline
C01150,D02552,2025-01-01,2026-08-01,2,baseline
C01151,D04364,2025-01-01,2026-08-01,19,baseline
C01152,D01905,2025-01-01,2026-08-01,14,baseline
C01153,D00147,2025-01-01,2026-08-01,2,baseline
C01154,D00527,2025-01-01,2026-08-01,20,baseline
C01155,D04359,2025-01-01,2026-08-01,11,baseline
C01156,D04559,2025-01-01,2026-08-01,18,baseline
C01157,D02596,2025-01-01,2026-08-01,17,baseline
C01158,D01154,2025-01-01,2026-08-01,6,baseline
C01159,D04198,2025-01-01,2026-08-01,13,baseline
C01160,D01034,2025-01-01,2026-08-01,2,baseline
C01161,D04083,2025-01-01,2026-08-01,10,baseline
C01162,D03190,2025-01-01,2026-08-01,2,baseline
C01163,D02897,2025-01-01,2026-08-01,14,baseline
C01164,D03892,2025-01-01,2026-08-01,17,baseline
C01165,D00736,2025-01-01,2026-08-01,13,baseline
C01166,D00436,2025-01-01,2026-08-01,20,baseline
C01167,D01220,2025-01-01,2026-08-01,15,baseline
C01168,D01409,2025-01-01,2026-08-01,17,baseline
C01169,D03053,2025-01-01,2026-08-01,16,baseline
C01170,D04830,2025-01-01,2026-08-01,16,baseline
C01171,D04555,2025-01-01,2026-08-01,9,baseline
C01172,D04279,2025-01-01,2026-08-01,12,baseline
C01173,D01477,2025-01-01,2026-08-01,17,baseline
C01174,D00707,2025-01-01,2026-08-01,20,baseline
C01175,D01028,2025-01-01,2026-08-01,15,baseline
C01176,D03348,2025-01-01,2026-08-01,1,baseline
C01177,D02777,2025-01-01,2026-08-01,16,baseline
C01178,D04172,2025-01-01,2026-08-01,6,baseline
C01179,D03575,2025-01-01,2026-08-01,16,baseline
C01180,D04287,2025-01-01,2026-08-01,6,baseline
C01181,D00857,2025-01-01,2026-08-01,20,baseline
C01182,D04108,2025-01-01,2026-08-01,13,baseline
C01183,D00355,2025-01-01,2026-08-01,9,baseline
C01184,D04316,2025-01-01,2026-08-01,18,baseline
C01185,D04188,2025-01-01,2026-08-01,20,baseline
C01186,D02681,2025-01-01,2026-08-01,19,baseline
C01187,D03240,2025-01-01,2026-08-01,15,baseline
C01188,D02429,2025-01-01,2026-08-01,4,baseline
C01189,D02929,2025-01-01,2026-08-01,10,baseline
C01190,D02979,2025-01-01,2026-08-01,16,baseline
C01191,D03893,2025-01-01,2026-08-01,14,baseline
C01192,D03312,2025-01-01,2026-08-01,19,baseline
C01193,D03792,2025-01-01,2026-08-01,6,baseline
C01194,D04639,2025-01-01,2026-08-01,5,baseline
C01195,D03979,2025-01-01,2026-08-01,14,baseline
C01196,D02722,2025-01-01,2026-08-01,11,baseline
C01197,D02157,2025-01-01,2026-08-01,14,baseline
C01198,D04970,2025-01-01,2026-08-01,19,baseline
C01199,D01880,2025-01-01,2026-08-01,3,baseline
C01200,D01639,2025-01-01,2026-08-01,2,baseline
C01201,D04870,2025-01-01,2026-08-01,12,baseline
C01202,D01297,2025-01-01,2026-08-01,4,baseline
C01203,D04723,2025-01-01,2026-08-01,8,baseline
C01204,D02974,2025-01-01,2026-08-01,8,baseline
C01205,D02680,2025-01-01,2026-08-01,17,baseline
C01206,D03020,2025-01-01,2026-08-01,9,baseline
C01207,D01710,2025-01-01,2026-08-01,8,baseline
C01208,D04602,2025-01-01,2026-08-01,2,baseline
C01209,D04092,2025-01-01,2026-08-01,4,baseline
C01210,D00850,2025-01-01,2026-08-01,16,baseline
C01211,D01421,2025-01-01,2026-08-01,12,baseline
C01212,D04206,2025-01-01,2026-08-01,14,baseline
C01213,D02689,2025-01-01,2026-08-01,14,baseline
C01214,D03886,2025-01-01,2026-08-01,4,baseline
C01215,D02986,2025-01-01,2026-08-01,5,baseline
C01216,D00374,2025-01-01,2026-08-01,20,baseline
C01217,D02873,2025-01-01,2026-08-01,17,baseline
C01218,D00886,2025-01-01,2026-08-01,8,baseline
C01219,D01885,2025-01-01,2026-08-01,9,baseline
C01220,D02130,2025-01-01,2026-08-01,19,baseline
C01221,D00349,2025-01-01,2026-08-01,2,baseline
C01222,D02506,2025-01-01,2026-08-01,3,baseline
C01223,D02933,2025-01-01,2026-08-01,2,baseline
C01224,D03516,2025-01-01,2026-08-01,2,baseline
C01225,D00065,2025-01-01,2026-08-01,16,baseline
C01226,D04255,2025-01-01,2026-08-01,10,baseline
C01227,D03084,2025-01-01,2026-08-01,8,baseline
C01228,D04311,2025-01-01,2026-08-01,13,baseline
C01229,D02642,2025-01-01,2026-08-01,14,baseline
C01230,D04468,2025-01-01,2026-08-01,17,baseline
C01231,D04934,2025-01-01,2026-08-01,7,baseline
C01232,D00254,2025-01-01,2026-08-01,9,baseline
C01233,D03224,2025-01-01,2026-08-01,20,baseline
C01234,D04447,2025-01-01,2026-08-01,9,baseline
C01235,D01637,2025-01-01,2026-08-01,16,baseline
C01236,D03625,2025-01-01,2026-08-01,17,baseline
C01237,D00236,2025-01-01,2026-08-01,8,baseline
C01238,D00423,2025-01-01,2026-08-01,3,baseline
C01239,D00543,2025-01-01,2026-08-01,4,baseline
C01240,D01228,2025-01-01,2026-08-01,13,baseline
C01241,D03535,2025-01-01,2026-08-01,2,baseline
C01242,D04321,2025-01-01,2026-08-01,6,baseline
C01243,D03882,2025-01-01,2026-08-01,20,baseline
C01244,D03438,2025-01-01,2026-08-01,9,baseline
C01245,D04095,2025-01-01,2026-08-01,1,baseline
C01246,D04075,2025-01-01,2026-08-01,10,baseline
C01247,D00002,2025-01-01,2026-08-01,12,baseline
C01248,D00502,2025-01-01,2026-08-01,18,baseline
C01249,D00076,2025-01-01,2026-08-01,2,baseline
C01250,D04329,2025-01-01,2026-08-01,5,baseline
C01251,D00033,2025-01-01,2026-08-01,13,baseline
C01252,D00510,2025-01-01,2026-08-01,4,baseline
C01253,D04943,2025-01-01,2026-08-01,1,baseline
C01254,D04392,2025-01-01,2026-08-01,18,baseline
C01255,D00039,2025-01-01,2026-08-01,20,baseline
C01256,D04772,2025-01-01,2026-08-01,2,baseline
C01257,D01338,2025-01-01,2026-08-01,8,baseline
C01258,D03349,2025-01-01,2026-08-01,14,baseline
C01259,D02300,2025-01-01,2026-08-01,12,baseline
C01260,D02529,2025-01-01,2026-08-01,11,baseline
C01261,D02173,2025-01-01,2026-08-01,2,baseline
C01262,D04849,2025-01-01,2026-08-01,10,baseline
C01263,D02877,2025-01-01,2026-08-01,20,baseline
C01264,D01031,2025-01-01,2026-08-01,1,baseline
C01265,D00513,2025-01-01,2026-08-01,8,baseline
C01266,D01067,2025-01-01,2026-08-01,1,baseline
C01267,D03387,2025-01-01,2026-08-01,9,baseline
C01268,D02816,2025-01-01,2026-08-01,19,baseline
C01269,D01246,2025-01-01,2026-08-01,12,baseline
C01270,D01002,2025-01-01,2026-08-01,17,baseline
C01271,D03849,2025-01-01,2026-08-01,2,baseline
C01272,D02808,2025-01-01,2026-08-01,15,baseline
C01273,D02508,2025-01-01,2026-08-01,10,baseline
C01274,D03456,2025-01-01,2026-08-01,14,baseline
C01275,D00959,2025-01-01,2026-08-01,10,baseline
C01276,D04619,2025-01-01,2026-08-01,17,baseline
C01277,D04237,2025-01-01,2026-08-01,9,baseline
C01278,D00650,2025-01-01,2026-08-01,14,baseline
C01279,D01831,2025-01-01,2026-08-01,14,baseline
C01280,D04046,2025-01-01,2026-08-01,11,baseline
C01281,D04532,2025-01-01,2026-08-01,6,baseline
C01282,D04382,2025-01-01,2026-08-01,3,baseline
C01283,D00959,2025-01-01,2026-08-01,12,baseline
C01284,D00242,2025-01-01,2026-08-01,3,baseline
C01285,D02747,2025-01-01,2026-08-01,15,baseline
C01286,D00099,2025-01-01,2026-08-01,10,baseline
C01287,D00770,2025-01-01,2026-08-01,16,baseline
C01288,D01862,2025-01-01,2026-08-01,15,baseline
C01289,D04800,2025-01-01,2026-08-01,3,baseline
C01290,D01396,2025-01-01,2026-08-01,17,baseline
C01291,D00637,2025-01-01,2026-08-01,8,baseline
C01292,D04274,2025-01-01,2026-08-01,17,baseline
C01293,D02779,2025-01-01,2026-08-01,11,baseline
C01294,D00294,2025-01-01,2026-08-01,3,baseline
C01295,D00235,2025-01-01,2026-08-01,4,baseline
C01296,D00708,2025-01-01,2026-08-01,20,baseline
C01297,D04697,2025-01-01,2026-08-01,10,baseline
C01298,D02847,2025-01-01,2026-08-01,8,baseline
C01299,D01125,2025-01-01,2026-08-01,12,baseline
C01300,D03685,2025-01-01,2026-08-01,1,baseline
C01301,D01273,2025-01-01,2026-08-01,1,baseline
C01302,D02929,2025-01-01,2026-08-01,20,baseline
C01303,D04806,2025-01-01,2026-08-01,11,baseline
C01304,D02252,2025-01-01,2026-08-01,1,baseline
C01305,D00099,2025-01-01,2026-08-01,19,baseline
C01306,D02597,2025-01-01,2026-08-01,18,baseline
C01307,D01276,2025-01-01,2026-08-01,17,baseline
C01308,D00945,2025-01-01,2026-08-01,11,baseline
C01309,D04745,2025-01-01,2026-08-01,14,baseline
C01310,D00095,2025-01-01,2026-08-01,17,baseline
C01311,D04984,2025-01-01,2026-08-01,16,baseline
C01312,D01121,2025-01-01,2026-08-01,11,baseline
C01313,D04439,2025-01-01,2026-08-01,17,baseline
C01314,D01585,2025-01-01,2026-08-01,18,baseline
C01315,D02749,2025-01-01,2026-08-01,8,baseline
C01316,D04804,2025-01-01,2026-08-01,3,baseline
C01317,D01462,2025-01-01,2026-08-01,13,baseline
C01318,D04894,2025-01-01,2026-08-01,18,baseline
C01319,D02358,2025-01-01,2026-08-01,19,baseline
C01320,D03016,2025-01-01,2026-08-01,10,baseline
C01321,D04860,2025-01-01,2026-08-01,20,baseline
C01322,D00100,2025-01-01,2026-08-01,15,baseline
C01323,D02614,2025-01-01,2026-08-01,10,baseline
C01324,D01562,2025-01-01,2026-08-01,18,baseline
C01325,D01396,2025-01-01,2026-08-01,5,baseline
C01326,D02225,2025-01-01,2026-08-01,1,baseline
C01327,D00990,2025-01-01,2026-08-01,15,baseline
C01328,D04116,2025-01-01,2026-08-01,19,baseline
C01329,D03976,2025-01-01,2026-08-01,10,baseline
C01330,D04311,2025-01-01,2026-08-01,5,baseline
C01331,D04073,2025-01-01,2026-08-01,17,baseline
C01332,D04584,2025-01-01,2026-08-01,6,baseline
C01333,D02890,2025-01-01,2026-08-01,19,baseline
C01334,D03706,2025-01-01,2026-08-01,13,baseline
C01335,D00361,2025-01-01,2026-08-01,15,baseline
C01336,D04542,2025-01-01,2026-08-01,3,baseline
C01337,D02917,2025-01-01,2026-08-01,4,baseline
C01338,D00893,2025-01-01,2026-08-01,10,baseline
C01339,D04772,2025-01-01,2026-08-01,6,baseline
C01340,D01795,2025-01-01,2026-08-01,7,baseline
C01341,D03087,2025-01-01,2026-08-01,7,baseline
C01342,D02934,2025-01-01,2026-08-01,17,baseline
C01343,D01391,2025-01-01,2026-08-01,8,baseline
C01344,D02033,2025-01-01,2026-08-01,13,baseline
C01345,D04302,2025-01-01,2026-08-01,11,baseline
C01346,D02356,2025-01-01,2026-08-01,19,baseline
C01347,D00606,2025-01-01,2026-08-01,4,baseline
C01348,D03051,2025-01-01,2026-08-01,16,baseline
C01349,D04327,2025-01-01,2026-08-01,15,baseline
C01350,D04356,2025-01-01,2026-08-01,14,baseline
C01351,D04309,2025-01-01,2026-08-01,1,baseline
C01352,D00397,2025-01-01,2026-08-01,15,baseline
C01353,D02565,2025-01-01,2026-08-01,4,baseline
C01354,D02731,2025-01-01,2026-08-01,6,baseline
C01355,D03790,2025-01-01,2026-08-01,3,baseline
C01356,D03601,2025-01-01,2026-08-01,3,baseline
C01357,D00317,2025-01-01,2026-08-01,1,baseline
C01358,D00010,2025-01-01,2026-08-01,2,baseline
C01359,D02794,2025-01-01,2026-08-01,5,baseline
C01360,D02659,2025-01-01,2026-08-01,4,baseline
C01361,D01416,2025-01-01,2026-08-01,17,baseline
C01362,D01818,2025-01-01,2026-08-01,5,baseline
C01363,D02506,2025-01-01,2026-08-01,18,baseline
C01364,D04134,2025-01-01,2026-08-01,8,baseline
C01365,D00307,2025-01-01,2026-08-01,2,baseline
C01366,D04979,2025-01-01,2026-08-01,17,baseline
C01367,D03023,2025-01-01,2026-08-01,12,baseline
C01368,D01505,2025-01-01,2026-08-01,17,baseline
C01369,D02423,2025-01-01,2026-08-01,13,baseline
C01370,D03815,2025-01-01,2026-08-01,6,baseline
C01371,D00255,2025-01-01,2026-08-01,3,baseline
C01372,D04668,2025-01-01,2026-08-01,4,baseline
C01373,D04212,2025-01-01,2026-08-01,18,baseline
C01374,D01026,2025-01-01,2026-08-01,4,baseline
C01375,D01074,2025-01-01,2026-08-01,18,baseline
C01376,D03300,2025-01-01,2026-08-01,1,baseline
C01377,D04973,2025-01-01,2026-08-01,13,baseline
C01378,D04415,2025-01-01,2026-08-01,17,baseline
C01379,D02059,2025-01-01,2026-08-01,18,baseline
C01380,D04800,2025-01-01,2026-08-01,10,baseline
C01381,D01986,2025-01-01,2026-08-01,3,baseline
C01382,D01585,2025-01-01,2026-08-01,7,baseline
C01383,D01065,2025-01-01,2026-08-01,1,baseline
C01384,D01440,2025-01-01,2026-08-01,9,baseline
C01385,D00253,2025-01-01,2026-08-01,15,baseline
C01386,D03740,2025-01-01,2026-08-01,10,baseline
C01387,D02752,2025-01-01,2026-08-01,17,baseline
C01388,D03151,2025-01-01,2026-08-01,19,baseline
C01389,D01045,2025-01-01,2026-08-01,17,baseline
C01390,D02176,2025-01-01,2026-08-01,8,baseline
C01391,D01122,2025-01-01,2026-08-01,2,baseline
C01392,D00138,2025-01-01,2026-08-01,6,baseline
C01393,D00454,2025-01-01,2026-08-01,19,baseline
C01394,D02892,2025-01-01,2026-08-01,2,baseline
C01395,D01727,2025-01-01,2026-08-01,10,baseline
C01396,D00466,2025-01-01,2026-08-01,7,baseline
C01397,D01910,2025-01-01,2026-08-01,12,baseline
C01398,D04982,2025-01-01,2026-08-01,6,baseline
C01399,D04656,2025-01-01,2026-08-01,6,baseline
C01400,D01327,2025-01-01,2026-08-01,14,baseline
C01401,D03865,2025-01-01,2026-08-01,12,baseline
C01402,D03003,2025-01-01,2026-08-01,9,baseline
C01403,D04286,2025-01-01,2026-08-01,18,baseline
C01404,D01457,2025-01-01,2026-08-01,17,baseline
C01405,D00263,2025-01-01,2026-08-01,2,baseline
C01406,D00556,2025-01-01,2026-08-01,7,baseline
C01407,D00721,2025-01-01,2026-08-01,7,baseline
C01408,D04740,2025-01-01,2026-08-01,19,baseline
C01409,D01707,2025-01-01,2026-08-01,5,baseline
C01410,D04806,2025-01-01,2026-08-01,17,baseline
C01411,D02295,2025-01-01,2026-08-01,10,baseline
C01412,D00778,2025-01-01,2026-08-01,6,baseline
C01413,D03827,2025-01-01,2026-08-01,14,baseline
C01414,D03693,2025-01-01,2026-08-01,18,baseline
C01415,D03517,2025-01-01,2026-08-01,1,baseline
C01416,D03305,2025-01-01,2026-08-01,10,baseline
C01417,D01041,2025-01-01,2026-08-01,1,baseline
C01418,D00308,2025-01-01,2026-08-01,16,baseline
C01419,D00844,2025-01-01,2026-08-01,8,baseline
C01420,D04692,2025-01-01,2026-08-01,20,baseline
C01421,D01923,2025-01-01,2026-08-01,8,baseline
C01422,D01434,2025-01-01,2026-08-01,18,baseline
C01423,D04099,2025-01-01,2026-08-01,11,baseline
C01424,D00727,2025-01-01,2026-08-01,17,baseline
C01425,D00023,2025-01-01,2026-08-01,12,baseline
C01426,D01044,2025-01-01,2026-08-01,7,baseline
C01427,D00829,2025-01-01,2026-08-01,6,baseline
C01428,D01149,2025-01-01,2026-08-01,12,baseline
C01429,D02217,2025-01-01,2026-08-01,17,baseline
C01430,D02301,2025-01-01,2026-08-01,13,baseline
C01431,D04049,2025-01-01,2026-08-01,10,baseline
C01432,D02667,2025-01-01,2026-08-01,11,baseline
C01433,D02973,2025-01-01,2026-08-01,15,baseline
C01434,D00517,2025-01-01,2026-08-01,19,baseline
C01435,D01902,2025-01-01,2026-08-01,9,baseline
C01436,D02755,2025-01-01,2026-08-01,9,baseline
C01437,D01154,2025-01-01,2026-08-01,11,baseline
C01438,D04389,2025-01-01,2026-08-01,12,baseline
C01439,D00650,2025-01-01,2026-08-01,12,baseline
C01440,D04679,2025-01-01,2026-08-01,9,baseline
C01441,D03062,2025-01-01,2026-08-01,1,baseline
C01442,D03466,2025-01-01,2026-08-01,12,baseline
C01443,D02097,2025-01-01,2026-08-01,6,baseline
C01444,D02461,2025-01-01,2026-08-01,5,baseline
C01445,D04106,2025-01-01,2026-08-01,18,baseline
C01446,D01870,2025-01-01,2026-08-01,5,baseline
C01447,D00024,2025-01-01,2026-08-01,6,baseline
C01448,D03932,2025-01-01,2026-08-01,10,baseline
C01449,D00200,2025-01-01,2026-08-01,11,baseline
C01450,D04867,2025-01-01,2026-08-01,14,baseline
C01451,D03684,2025-01-01,2026-08-01,7,baseline
C01452,D02824,2025-01-01,2026-08-01,6,baseline
C01453,D00818,2025-01-01,2026-08-01,17,baseline
C01454,D04960,2025-01-01,2026-08-01,15,baseline
C01455,D00737,2025-01-01,2026-08-01,3,baseline
C01456,D04908,2025-01-01,2026-08-01,15,baseline
C01457,D01641,2025-01-01,2026-08-01,2,baseline
C01458,D04246,2025-01-01,2026-08-01,14,baseline
C01459,D02817,2025-01-01,2026-08-01,8,baseline
C01460,D04553,2025-01-01,2026-08-01,3,baseline
C01461,D04744,2025-01-01,2026-08-01,18,baseline
C01462,D03808,2025-01-01,2026-08-01,20,baseline
C01463,D03630,2025-01-01,2026-08-01,6,baseline
C01464,D02176,2025-01-01,2026-08-01,17,baseline
C01465,D04563,2025-01-01,2026-08-01,18,baseline
C01466,D01929,2025-01-01,2026-08-01,18,baseline
C01467,D02826,2025-01-01,2026-08-01,4,baseline
C01468,D00834,2025-01-01,2026-08-01,1,baseline
C01469,D02008,2025-01-01,2026-08-01,9,baseline
C01470,D03466,2025-01-01,2026-08-01,15,baseline
C01471,D00401,2025-01-01,2026-08-01,17,baseline
C01472,D00054,2025-01-01,2026-08-01,9,baseline
C01473,D00033,2025-01-01,2026-08-01,17,baseline
C01474,D01414,2025-01-01,2026-08-01,16,baseline
C01475,D04037,2025-01-01,2026-08-01,9,baseline
C01476,D00116,2025-01-01,2026-08-01,2,baseline
C01477,D00999,2025-01-01,2026-08-01,3,baseline
C01478,D03565,2025-01-01,2026-08-01,14,baseline
C01479,D00987,2025-01-01,2026-08-01,3,baseline
C01480,D04176,2025-01-01,2026-08-01,9,baseline
C01481,D03034,2025-01-01,2026-08-01,11,baseline
C01482,D04976,2025-01-01,2026-08-01,7,baseline
C01483,D01838,2025-01-01,2026-08-01,17,baseline
C01484,D01216,2025-01-01,2026-08-01,9,baseline
C01485,D00853,2025-01-01,2026-08-01,10,baseline
C01486,D03326,2025-01-01,2026-08-01,13,baseline
C01487,D03263,2025-01-01,2026-08-01,9,baseline
C01488,D02166,2025-01-01,2026-08-01,14,baseline
C01489,D02718,2025-01-01,2026-08-01,20,baseline
C01490,D00224,2025-01-01,2026-08-01,4,baseline
C01491,D02622,2025-01-01,2026-08-01,6,baseline
C01492,D03630,2025-01-01,2026-08-01,4,baseline
C01493,D01662,2025-01-01,2026-08-01,1,baseline
C01494,D01538,2025-01-01,2026-08-01,4,baseline
C01495,D01556,2025-01-01,2026-08-01,17,baseline
C01496,D02656,2025-01-01,2026-08-01,1,baseline
C01497,D01565,2025-01-01,2026-08-01,3,baseline
C01498,D03365,2025-01-01,2026-08-01,4,baseline
C01499,D01849,2025-01-01,2026-08-01,11,baseline
C01500,D04009,2025-01-01,2026-08-01,4,baseline
C01501,D03910,2025-01-01,2026-08-01,15,baseline
C01502,D00931,2025-01-01,2026-08-01,14,baseline
C01503,D02368,2025-01-01,2026-08-01,2,baseline
C01504,D03186,2025-01-01,2026-08-01,6,baseline
C01505,D04619,2025-01-01,2026-08-01,11,baseline
C01506,D02093,2025-01-01,2026-08-01,12,baseline
C01507,D03726,2025-01-01,2026-08-01,20,baseline
C01508,D01141,2025-01-01,2026-08-01,18,baseline
C01509,D04112,2025-01-01,2026-08-01,20,baseline
C01510,D04055,2025-01-01,2026-08-01,5,baseline
C01511,D04715,2025-01-01,2026-08-01,12,baseline
C01512,D00875,2025-01-01,2026-08-01,13,baseline
C01513,D04902,2025-01-01,2026-08-01,18,baseline
C01514,D04065,2025-01-01,2026-08-01,11,baseline
C01515,D00868,2025-01-01,2026-08-01,10,baseline
C01516,D01024,2025-01-01,2026-08-01,2,baseline
C01517,D04074,2025-01-01,2026-08-01,1,baseline
C01518,D03254,2025-01-01,2026-08-01,9,baseline
C01519,D02888,2025-01-01,2026-08-01,16,baseline
C01520,D00554,2025-01-01,2026-08-01,2,baseline
C01521,D01148,2025-01-01,2026-08-01,16,baseline
C01522,D01553,2025-01-01,2026-08-01,16,baseline
C01523,D02544,2025-01-01,2026-08-01,7,baseline
C01524,D02506,2025-01-01,2026-08-01,16,baseline
C01525,D04551,2025-01-01,2026-08-01,2,baseline
C01526,D02615,2025-01-01,2026-08-01,6,baseline
C01527,D00090,2025-01-01,2026-08-01,16,baseline
C01528,D04370,2025-01-01,2026-08-01,13,baseline
C01529,D01769,2025-01-01,2026-08-01,11,baseline
C01530,D04277,2025-01-01,2026-08-01,7,baseline
C01531,D03972,2025-01-01,2026-08-01,18,baseline
C01532,D03667,2025-01-01,2026-08-01,20,baseline
C01533,D03307,2025-01-01,2026-08-01,13,baseline
C01534,D04679,2025-01-01,2026-08-01,3,baseline
C01535,D02469,2025-01-01,2026-08-01,9,baseline
C01536,D00140,2025-01-01,2026-08-01,8,baseline
C01537,D01606,2025-01-01,2026-08-01,4,baseline
C01538,D02155,2025-01-01,2026-08-01,17,baseline
C01539,D00924,2025-01-01,2026-08-01,9,baseline
C01540,D04003,2025-01-01,2026-08-01,9,baseline
C01541,D02690,2025-01-01,2026-08-01,17,baseline
C01542,D00843,2025-01-01,2026-08-01,12,baseline
C01543,D03113,2025-01-01,2026-08-01,11,baseline
C01544,D02710,2025-01-01,2026-08-01,18,baseline
C01545,D03952,2025-01-01,2026-08-01,7,baseline
C01546,D01512,2025-01-01,2026-08-01,1,baseline
C01547,D00938,2025-01-01,2026-08-01,14,baseline
C01548,D04807,2025-01-01,2026-08-01,7,baseline
C01549,D02186,2025-01-01,2026-08-01,6,baseline
C01550,D00977,2025-01-01,2026-08-01,17,baseline
C01551,D00148,2025-01-01,2026-08-01,10,baseline
C01552,D04809,2025-01-01,2026-08-01,2,baseline
C01553,D03175,2025-01-01,2026-08-01,1,baseline
C01554,D04033,2025-01-01,2026-08-01,1,baseline
C01555,D04050,2025-01-01,2026-08-01,13,baseline
C01556,D02196,2025-01-01,2026-08-01,1,baseline
C01557,D01045,2025-01-01,2026-08-01,18,baseline
C01558,D01767,2025-01-01,2026-08-01,2,baseline
C01559,D04735,2025-01-01,2026-08-01,6,baseline
C01560,D01791,2025-01-01,2026-08-01,8,baseline
C01561,D02639,2025-01-01,2026-08-01,5,baseline
C01562,D04924,2025-01-01,2026-08-01,6,baseline
C01563,D04047,2025-01-01,2026-08-01,1,baseline
C01564,D03279,2025-01-01,2026-08-01,16,baseline
C01565,D00549,2025-01-01,2026-08-01,18,baseline
C01566,D02889,2025-01-01,2026-08-01,16,baseline
C01567,D02949,2025-01-01,2026-08-01,15,baseline
C01568,D01903,2025-01-01,2026-08-01,4,baseline
C01569,D02694,2025-01-01,2026-08-01,8,baseline
C01570,D01859,2025-01-01,2026-08-01,20,baseline
C01571,D04416,2025-01-01,2026-08-01,13,baseline
C01572,D00352,2025-01-01,2026-08-01,8,baseline
C01573,D00955,2025-01-01,2026-08-01,17,baseline
C01574,D01965,2025-01-01,2026-08-01,20,baseline
C01575,D04389,2025-01-01,2026-08-01,6,baseline
C01576,D04792,2025-01-01,2026-08-01,17,baseline
C01577,D01701,2025-01-01,2026-08-01,14,baseline
C01578,D00606,2025-01-01,2026-08-01,19,baseline
C01579,D03616,2025-01-01,2026-08-01,4,baseline
C01580,D04489,2025-01-01,2026-08-01,7,baseline
C01581,D00420,2025-01-01,2026-08-01,7,baseline
C01582,D03016,2025-01-01,2026-08-01,13,baseline
C01583,D02061,2025-01-01,2026-08-01,3,baseline
C01584,D04533,2025-01-01,2026-08-01,20,baseline
C01585,D04493,2025-01-01,2026-08-01,19,baseline
C01586,D02509,2025-01-01,2026-08-01,17,baseline
C01587,D04475,2025-01-01,2026-08-01,15,baseline
C01588,D04393,2025-01-01,2026-08-01,7,baseline
C01589,D00797,2025-01-01,2026-08-01,18,baseline
C01590,D00149,2025-01-01,2026-08-01,5,baseline
C01591,D02676,2025-01-01,2026-08-01,16,baseline
C01592,D01266,2025-01-01,2026-08-01,1,baseline
C01593,D01713,2025-01-01,2026-08-01,14,baseline
C01594,D03093,2025-01-01,2026-08-01,6,baseline
C01595,D04124,2025-01-01,2026-08-01,16,baseline
C01596,D02368,2025-01-01,2026-08-01,16,baseline
C01597,D00713,2025-01-01,2026-08-01,3,baseline
C01598,D04862,2025-01-01,2026-08-01,17,baseline
C01599,D00481,2025-01-01,2026-08-01,10,baseline
C01600,D00916,2025-01-01,2026-08-01,14,baseline
C01601,D00521,2025-01-01,2026-08-01,7,baseline
C01602,D03515,2025-01-01,2026-08-01,6,baseline
C01603,D04500,2025-01-01,2026-08-01,12,baseline
C01604,D00510,2025-01-01,2026-08-01,4,baseline
C01605,D04454,2025-01-01,2026-08-01,20,baseline
C01606,D03871,2025-01-01,2026-08-01,4,baseline
C01607,D03406,2025-01-01,2026-08-01,12,baseline
C01608,D03546,2025-01-01,2026-08-01,8,baseline
C01609,D01357,2025-01-01,2026-08-01,14,baseline
C01610,D04305,2025-01-01,2026-08-01,2,baseline
C01611,D01136,2025-01-01,2026-08-01,15,baseline
C01612,D04612,2025-01-01,2026-08-01,19,baseline
C01613,D03560,2025-01-01,2026-08-01,13,baseline
C01614,D04717,2025-01-01,2026-08-01,1,baseline
C01615,D00559,2025-01-01,2026-08-01,7,baseline
C01616,D02309,2025-01-01,2026-08-01,3,baseline
C01617,D04466,2025-01-01,2026-08-01,7,baseline
C01618,D00586,2025-01-01,2026-08-01,15,baseline
C01619,D03097,2025-01-01,2026-08-01,16,baseline
C01620,D02777,2025-01-01,2026-08-01,2,baseline
C01621,D01433,2025-01-01,2026-08-01,5,baseline
C01622,D02248,2025-01-01,2026-08-01,16,baseline
C01623,D00181,2025-01-01,2026-08-01,4,baseline
C01624,D01070,2025-01-01,2026-08-01,9,baseline
C01625,D00227,2025-01-01,2026-08-01,15,baseline
C01626,D04178,2025-01-01,2026-08-01,17,baseline
C01627,D02280,2025-01-01,2026-08-01,4,baseline
C01628,D01748,2025-01-01,2026-08-01,7,baseline
C01629,D03435,2025-01-01,2026-08-01,15,baseline
C01630,D00255,2025-01-01,2026-08-01,16,baseline
C01631,D04820,2025-01-01,2026-08-01,1,baseline
C01632,D02217,2025-01-01,2026-08-01,16,baseline
C01633,D02267,2025-01-01,2026-08-01,5,baseline
C01634,D01418,2025-01-01,2026-08-01,6,baseline
C01635,D04228,2025-01-01,2026-08-01,19,baseline
C01636,D04405,2025-01-01,2026-08-01,1,baseline
C01637,D00863,2025-01-01,2026-08-01,12,baseline
C01638,D03800,2025-01-01,2026-08-01,10,baseline
C01639,D04860,2025-01-01,2026-08-01,17,baseline
C01640,D01086,2025-01-01,2026-08-01,5,baseline
C01641,D03337,2025-01-01,2026-08-01,18,baseline
C01642,D03938,2025-01-01,2026-08-01,8,baseline
C01643,D02251,2025-01-01,2026-08-01,8,baseline
C01644,D04886,2025-01-01,2026-08-01,9,baseline
C01645,D03051,2025-01-01,2026-08-01,6,baseline
C01646,D02932,2025-01-01,2026-08-01,19,baseline
C01647,D01500,2025-01-01,2026-08-01,2,baseline
C01648,D04684,2025-01-01,2026-08-01,2,baseline
C01649,D03229,2025-01-01,2026-08-01,13,baseline
C01650,D00865,2025-01-01,2026-08-01,12,baseline
C01651,D03794,2025-01-01,2026-08-01,9,baseline
C01652,D03613,2025-01-01,2026-08-01,6,baseline
C01653,D02306,2025-01-01,2026-08-01,7,baseline
C01654,D03220,2025-01-01,2026-08-01,14,baseline
C01655,D03590,2025-01-01,2026-08-01,20,baseline
C01656,D02385,2025-01-01,2026-08-01,14,baseline
C01657,D00064,2025-01-01,2026-08-01,7,baseline
C01658,D02935,2025-01-01,2026-08-01,1,baseline
C01659,D03137,2025-01-01,2026-08-01,17,baseline
C01660,D00838,2025-01-01,2026-08-01,11,baseline
C01661,D03672,2025-01-01,2026-08-01,13,baseline
C01662,D00309,2025-01-01,2026-08-01,20,baseline
C01663,D00276,2025-01-01,2026-08-01,8,baseline
C01664,D03724,2025-01-01,2026-08-01,12,baseline
C01665,D02811,2025-01-01,2026-08-01,14,baseline
C01666,D01656,2025-01-01,2026-08-01,20,baseline
C01667,D01909,2025-01-01,2026-08-01,5,baseline
C01668,D04819,2025-01-01,2026-08-01,20,baseline
C01669,D04982,2025-01-01,2026-08-01,9,baseline
C01670,D03974,2025-01-01,2026-08-01,13,baseline
C01671,D02090,2025-01-01,2026-08-01,7,baseline
C01672,D04901,2025-01-01,2026-08-01,19,baseline
C01673,D00569,2025-01-01,2026-08-01,6,baseline
C01674,D03391,2025-01-01,2026-08-01,8,baseline
C01675,D03574,2025-01-01,2026-08-01,4,baseline
C01676,D01832,2025-01-01,2026-08-01,15,baseline
C01677,D00506,2025-01-01,2026-08-01,13,baseline
C01678,D04137,2025-01-01,2026-08-01,16,baseline
C01679,D00390,2025-01-01,2026-08-01,3,baseline
C01680,D03816,2025-01-01,2026-08-01,3,baseline
C01681,D03151,2025-01-01,2026-08-01,19,baseline
C01682,D01644,2025-01-01,2026-08-01,9,baseline
C01683,D00449,2025-01-01,2026-08-01,11,baseline
C01684,D03129,2025-01-01,2026-08-01,16,baseline
C01685,D02163,2025-01-01,2026-08-01,5,baseline
C01686,D02243,2025-01-01,2026-08-01,5,baseline
C01687,D03628,2025-01-01,2026-08-01,17,baseline
C01688,D01461,2025-01-01,2026-08-01,15,baseline
C01689,D03755,2025-01-01,2026-08-01,3,baseline
C01690,D03598,2025-01-01,2026-08-01,11,baseline
C01691,D02503,2025-01-01,2026-08-01,18,baseline
C01692,D03616,2025-01-01,2026-08-01,4,baseline
C01693,D01816,2025-01-01,2026-08-01,14,baseline
C01694,D04361,2025-01-01,2026-08-01,19,baseline
C01695,D03074,2025-01-01,2026-08-01,3,baseline
C01696,D02579,2025-01-01,2026-08-01,20,baseline
C01697,D04101,2025-01-01,2026-08-01,17,baseline
C01698,D00107,2025-01-01,2026-08-01,2,baseline
C01699,D03021,2025-01-01,2026-08-01,4,baseline
C01700,D04554,2025-01-01,2026-08-01,6,baseline
C01701,D00909,2025-01-01,2026-08-01,13,baseline
C01702,D01370,2025-01-01,2026-08-01,11,baseline
C01703,D01932,2025-01-01,2026-08-01,9,baseline
C01704,D00566,2025-01-01,2026-08-01,4,baseline
C01705,D01407,2025-01-01,2026-08-01,6,baseline
C01706,D00603,2025-01-01,2026-08-01,8,baseline
C01707,D01103,2025-01-01,2026-08-01,3,baseline
C01708,D00204,2025-01-01,2026-08-01,19,baseline
C01709,D01219,2025-01-01,2026-08-01,17,baseline
C01710,D03757,2025-01-01,2026-08-01,1,baseline
C01711,D03990,2025-01-01,2026-08-01,6,baseline
C01712,D02005,2025-01-01,2026-08-01,8,baseline
C01713,D04627,2025-01-01,2026-08-01,7,baseline
C01714,D00427,2025-01-01,2026-08-01,1,baseline
C01715,D01670,2025-01-01,2026-08-01,6,baseline
C01716,D02645,2025-01-01,2026-08-01,6,baseline
C01717,D01159,2025-01-01,2026-08-01,9,baseline
C01718,D00335,2025-01-01,2026-08-01,13,baseline
C01719,D01069,2025-01-01,2026-08-01,9,baseline
C01720,D03959,2025-01-01,2026-08-01,10,baseline
C01721,D03319,2025-01-01,2026-08-01,2,baseline
C01722,D03285,2025-01-01,2026-08-01,9,baseline
C01723,D04195,2025-01-01,2026-08-01,17,baseline
C01724,D02054,2025-01-01,2026-08-01,15,baseline
C01725,D04991,2025-01-01,2026-08-01,1,baseline
C01726,D04849,2025-01-01,2026-08-01,1,baseline
C01727,D03798,2025-01-01,2026-08-01,13,baseline
C01728,D04972,2025-01-01,2026-08-01,19,baseline
C01729,D02198,2025-01-01,2026-08-01,11,baseline
C01730,D04572,2025-01-01,2026-08-01,6,baseline
C01731,D01392,2025-01-01,2026-08-01,14,baseline
C01732,D03746,2025-01-01,2026-08-01,18,baseline
C01733,D04023,2025-01-01,2026-08-01,6,baseline
C01734,D01752,2025-01-01,2026-08-01,19,baseline
C01735,D01551,2025-01-01,2026-08-01,16,baseline
C01736,D02592,2025-01-01,2026-08-01,8,baseline
C01737,D02184,2025-01-01,2026-08-01,2,baseline
C01738,D01528,2025-01-01,2026-08-01,13,baseline
C01739,D02185,2025-01-01,2026-08-01,20,baseline
C01740,D04394,2025-01-01,2026-08-01,12,baseline
C01741,D02397,2025-01-01,2026-08-01,7,baseline
C01742,D00078,2025-01-01,2026-08-01,14,baseline
C01743,D01857,2025-01-01,2026-08-01,4,baseline
C01744,D02160,2025-01-01,2026-08-01,17,baseline
C01745,D04357,2025-01-01,2026-08-01,6,baseline
C01746,D04987,2025-01-01,2026-08-01,2,baseline
C01747,D02592,2025-01-01,2026-08-01,10,baseline
C01748,D03697,2025-01-01,2026-08-01,8,baseline
C01749,D04576,2025-01-01,2026-08-01,11,baseline
C01750,D00968,2025-01-01,2026-08-01,7,baseline
C01751,D01912,2025-01-01,2026-08-01,14,baseline
C01752,D00590,2025-01-01,2026-08-01,14,baseline
C01753,D03014,2025-01-01,2026-08-01,6,baseline
C01754,D00264,2025-01-01,2026-08-01,18,baseline
C01755,D04894,2025-01-01,2026-08-01,15,baseline
C01756,D01576,2025-01-01,2026-08-01,9,baseline
C01757,D02730,2025-01-01,2026-08-01,5,baseline
C01758,D02063,2025-01-01,2026-08-01,12,baseline
C01759,D02296,2025-01-01,2026-08-01,5,baseline
C01760,D02902,2025-01-01,2026-08-01,6,baseline
C01761,D04029,2025-01-01,2026-08-01,7,baseline
C01762,D04183,2025-01-01,2026-08-01,20,baseline
C01763,D03700,2025-01-01,2026-08-01,13,baseline
C01764,D02037,2025-01-01,2026-08-01,4,baseline
C01765,D03894,2025-01-01,2026-08-01,13,baseline
C01766,D04995,2025-01-01,2026-08-01,11,baseline
C01767,D00343,2025-01-01,2026-08-01,1,baseline
C01768,D01127,2025-01-01,2026-08-01,1,baseline
C01769,D03558,2025-01-01,2026-08-01,15,baseline
C01770,D04563,2025-01-01,2026-08-01,14,baseline
C01771,D02948,2025-01-01,2026-08-01,4,baseline
C01772,D03910,2025-01-01,2026-08-01,1,baseline
C01773,D04007,2025-01-01,2026-08-01,1,baseline
C01774,D03957,2025-01-01,2026-08-01,7,baseline
C01775,D01905,2025-01-01,2026-08-01,17,baseline
C01776,D00481,2025-01-01,2026-08-01,2,baseline
C01777,D00310,2025-01-01,2026-08-01,7,baseline
C01778,D00098,2025-01-01,2026-08-01,3,baseline
C01779,D00501,2025-01-01,2026-08-01,18,baseline
C01780,D00415,2025-01-01,2026-08-01,19,baseline
C01781,D04581,2025-01-01,2026-08-01,6,baseline
C01782,D00031,2025-01-01,2026-08-01,7,baseline
C01783,D04341,2025-01-01,2026-08-01,16,baseline
C01784,D00861,2025-01-01,2026-08-01,11,baseline
C01785,D02379,2025-01-01,2026-08-01,4,baseline
C01786,D04127,2025-01-01,2026-08-01,19,baseline
C01787,D03486,2025-01-01,2026-08-01,12,baseline
C01788,D00453,2025-01-01,2026-08-01,3,baseline
C01789,D01444,2025-01-01,2026-08-01,10,baseline
C01790,D04872,2025-01-01,2026-08-01,12,baseline
C01791,D03018,2025-01-01,2026-08-01,8,baseline
C01792,D03952,2025-01-01,2026-08-01,2,baseline
C01793,D03918,2025-01-01,2026-08-01,19,baseline
C01794,D02600,2025-01-01,2026-08-01,10,baseline
C01795,D01434,2025-01-01,2026-08-01,2,baseline
C01796,D04498,2025-01-01,2026-08-01,7,baseline
C01797,D04262,2025-01-01,2026-08-01,8,baseline
C01798,D00514,2025-01-01,2026-08-01,12,baseline
C01799,D03950,2025-01-01,2026-08-01,11,baseline
C01800,D02085,2025-01-01,2026-08-01,20,baseline
C01801,D01757,2025-01-01,2026-08-01,6,baseline
C01802,D01234,2025-01-01,2026-08-01,10,baseline
C01803,D03318,2025-01-01,2026-08-01,2,baseline
C01804,D03976,2025-01-01,2026-08-01,6,baseline
C01805,D02100,2025-01-01,2026-08-01,17,baseline
C01806,D01260,2025-01-01,2026-08-01,6,baseline
C01807,D00189,2025-01-01,2026-08-01,1,baseline
C01808,D02392,2025-01-01,2026-08-01,8,baseline
C01809,D00326,2025-01-01,2026-08-01,3,baseline
C01810,D00497,2025-01-01,2026-08-01,20,baseline
C01811,D00212,2025-01-01,2026-08-01,14,baseline
C01812,D00369,2025-01-01,2026-08-01,9,baseline
C01813,D00091,2025-01-01,2026-08-01,6,baseline
C01814,D00896,2025-01-01,2026-08-01,20,baseline
C01815,D02854,2025-01-01,2026-08-01,2,baseline
C01816,D00110,2025-01-01,2026-08-01,12,baseline
C01817,D01434,2025-01-01,2026-08-01,7,baseline
C01818,D02867,2025-01-01,2026-08-01,16,baseline
C01819,D00613,2025-01-01,2026-08-01,12,baseline
C01820,D04506,2025-01-01,2026-08-01,4,baseline
C01821,D02051,2025-01-01,2026-08-01,6,baseline
C01822,D04212,2025-01-01,2026-08-01,4,baseline
C01823,D00687,2025-01-01,2026-08-01,9,baseline
C01824,D01975,2025-01-01,2026-08-01,19,baseline
C01825,D00077,2025-01-01,2026-08-01,11,baseline
C01826,D03804,2025-01-01,2026-08-01,19,baseline
C01827,D04664,2025-01-01,2026-08-01,4,baseline
C01828,D02743,2025-01-01,2026-08-01,16,baseline
C01829,D04524,2025-01-01,2026-08-01,16,baseline
C01830,D04507,2025-01-01,2026-08-01,10,baseline
C01831,D04275,2025-01-01,2026-08-01,4,baseline
C01832,D01044,2025-01-01,2026-08-01,18,baseline
C01833,D03178,2025-01-01,2026-08-01,4,baseline
C01834,D03227,2025-01-01,2026-08-01,5,baseline
C01835,D01917,2025-01-01,2026-08-01,10,baseline
C01836,D04713,2025-01-01,2026-08-01,3,baseline
C01837,D01632,2025-01-01,2026-08-01,19,baseline
C01838,D04628,2025-01-01,2026-08-01,8,baseline
C01839,D04856,2025-01-01,2026-08-01,12,baseline
C01840,D02182,2025-01-01,2026-08-01,1,baseline
C01841,D02621,2025-01-01,2026-08-01,9,baseline
C01842,D01937,2025-01-01,2026-08-01,5,baseline
C01843,D04537,2025-01-01,2026-08-01,6,baseline
C01844,D00170,2025-01-01,2026-08-01,1,baseline
C01845,D01139,2025-01-01,2026-08-01,14,baseline
C01846,D03454,2025-01-01,2026-08-01,4,baseline
C01847,D04573,2025-01-01,2026-08-01,10,baseline
C01848,D03867,2025-01-01,2026-08-01,14,baseline
C01849,D04001,2025-01-01,2026-08-01,16,baseline
C01850,D04168,2025-01-01,2026-08-01,19,baseline
C01851,D04611,2025-01-01,2026-08-01,13,baseline
C01852,D04265,2025-01-01,2026-08-01,14,baseline
C01853,D02388,2025-01-01,2026-08-01,7,baseline
C01854,D01623,2025-01-01,2026-08-01,20,baseline
C01855,D04955,2025-01-01,2026-08-01,17,baseline
C01856,D01273,2025-01-01,2026-08-01,11,baseline
C01857,D04193,2025-01-01,2026-08-01,2,baseline
C01858,D04674,2025-01-01,2026-08-01,13,baseline
C01859,D02918,2025-01-01,2026-08-01,6,baseline
C01860,D02636,2025-01-01,2026-08-01,18,baseline
C01861,D02027,2025-01-01,2026-08-01,4,baseline
C01862,D01810,2025-01-01,2026-08-01,20,baseline
C01863,D01764,2025-01-01,2026-08-01,3,baseline
C01864,D00605,2025-01-01,2026-08-01,7,baseline
C01865,D01063,2025-01-01,2026-08-01,3,baseline
C01866,D04148,2025-01-01,2026-08-01,11,baseline
C01867,D02775,2025-01-01,2026-08-01,3,baseline
C01868,D02192,2025-01-01,2026-08-01,8,baseline
C01869,D04969,2025-01-01,2026-08-01,6,baseline
C01870,D01056,2025-01-01,2026-08-01,3,baseline
C01871,D03667,2025-01-01,2026-08-01,8,baseline
C01872,D02446,2025-01-01,2026-08-01,12,baseline
C01873,D01483,2025-01-01,2026-08-01,14,baseline
C01874,D02471,2025-01-01,2026-08-01,6,baseline
C01875,D04213,2025-01-01,2026-08-01,14,baseline
C01876,D00026,2025-01-01,2026-08-01,4,baseline
C01877,D02159,2025-01-01,2026-08-01,13,baseline
C01878,D00990,2025-01-01,2026-08-01,14,baseline
C01879,D04411,2025-01-01,2026-08-01,4,baseline
C01880,D03970,2025-01-01,2026-08-01,10,baseline
C01881,D01308,2025-01-01,2026-08-01,12,baseline
C01882,D04471,2025-01-01,2026-08-01,13,baseline
C01883,D02703,2025-01-01,2026-08-01,2,baseline
C01884,D02959,2025-01-01,2026-08-01,11,baseline
C01885,D00757,2025-01-01,2026-08-01,2,baseline
C01886,D00146,2025-01-01,2026-08-01,7,baseline
C01887,D03287,2025-01-01,2026-08-01,4,baseline
C01888,D02422,2025-01-01,2026-08-01,16,baseline
C01889,D00497,2025-01-01,2026-08-01,11,baseline
C01890,D04401,2025-01-01,2026-08-01,15,baseline
C01891,D02031,2025-01-01,2026-08-01,15,baseline
C01892,D01686,2025-01-01,2026-08-01,4,baseline
C01893,D04800,2025-01-01,2026-08-01,10,baseline
C01894,D03736,2025-01-01,2026-08-01,3,baseline
C01895,D00501,2025-01-01,2026-08-01,7,baseline
C01896,D03158,2025-01-01,2026-08-01,14,baseline
C01897,D03557,2025-01-01,2026-08-01,7,baseline
C01898,D04552,2025-01-01,2026-08-01,16,baseline
C01899,D04568,2025-01-01,2026-08-01,3,baseline
C01900,D04785,2025-01-01,2026-08-01,9,baseline
C01901,D03512,2025-01-01,2026-08-01,2,baseline
C01902,D04687,2025-01-01,2026-08-01,11,baseline
C01903,D04849,2025-01-01,2026-08-01,19,baseline
C01904,D02707,2025-01-01,2026-08-01,6,baseline
C01905,D01478,2025-01-01,2026-08-01,16,baseline
C01906,D00483,2025-01-01,2026-08-01,20,baseline
C01907,D00834,2025-01-01,2026-08-01,13,baseline
C01908,D02759,2025-01-01,2026-08-01,7,baseline
C01909,D02100,2025-01-01,2026-08-01,9,baseline
C01910,D00541,2025-01-01,2026-08-01,13,baseline
C01911,D01812,2025-01-01,2026-08-01,1,baseline
C01912,D02033,2025-01-01,2026-08-01,1,baseline
C01913,D02523,2025-01-01,2026-08-01,12,baseline
C01914,D00354,2025-01-01,2026-08-01,17,baseline
C01915,D01662,2025-01-01,2026-08-01,11,baseline
C01916,D03103,2025-01-01,2026-08-01,17,baseline
C01917,D04197,2025-01-01,2026-08-01,18,baseline
C01918,D00547,2025-01-01,2026-08-01,3,baseline
C01919,D04853,2025-01-01,2026-08-01,13,baseline
C01920,D04169,2025-01-01,2026-08-01,14,baseline
C01921,D03341,2025-01-01,2026-08-01,18,baseline
C01922,D02174,2025-01-01,2026-08-01,9,baseline
C01923,D01232,2025-01-01,2026-08-01,4,baseline
C01924,D00548,2025-01-01,2026-08-01,16,baseline
C01925,D03131,2025-01-01,2026-08-01,5,baseline
C01926,D00910,2025-01-01,2026-08-01,16,baseline
C01927,D04786,2025-01-01,2026-08-01,10,baseline
C01928,D03381,2025-01-01,2026-08-01,1,baseline
C01929,D01238,2025-01-01,2026-08-01,1,baseline
C01930,D01735,2025-01-01,2026-08-01,19,baseline
C01931,D01307,2025-01-01,2026-08-01,20,baseline
C01932,D02740,2025-01-01,2026-08-01,10,baseline
C01933,D02882,2025-01-01,2026-08-01,20,baseline
C01934,D01249,2025-01-01,2026-08-01,17,baseline
C01935,D04793,2025-01-01,2026-08-01,18,baseline
C01936,D00903,2025-01-01,2026-08-01,5,baseline
C01937,D00272,2025-01-01,2026-08-01,11,baseline
C01938,D04038,2025-01-01,2026-08-01,1,baseline
C01939,D01528,2025-01-01,2026-08-01,9,baseline
C01940,D01244,2025-01-01,2026-08-01,7,baseline
C01941,D00060,2025-01-01,2026-08-01,5,baseline
C01942,D03402,2025-01-01,2026-08-01,16,baseline
C01943,D01469,2025-01-01,2026-08-01,6,baseline
C01944,D01007,2025-01-01,2026-08-01,15,baseline
C01945,D01345,2025-01-01,2026-08-01,8,baseline
C01946,D00431,2025-01-01,2026-08-01,20,baseline
C01947,D02707,2025-01-01,2026-08-01,10,baseline
C01948,D01599,2025-01-01,2026-08-01,9,baseline
C01949,D03088,2025-01-01,2026-08-01,17,baseline
C01950,D03415,2025-01-01,2026-08-01,19,baseline
C01951,D02291,2025-01-01,2026-08-01,18,baseline
C01952,D01761,2025-01-01,2026-08-01,1,baseline
C01953,D03355,2025-01-01,2026-08-01,12,baseline
C01954,D04736,2025-01-01,2026-08-01,7,baseline
C01955,D00222,2025-01-01,2026-08-01,20,baseline
C01956,D02029,2025-01-01,2026-08-01,17,baseline
C01957,D02621,2025-01-01,2026-08-01,11,baseline
C01958,D03681,2025-01-01,2026-08-01,13,baseline
C01959,D01920,2025-01-01,2026-08-01,9,baseline
C01960,D04559,2025-01-01,2026-08-01,5,baseline
C01961,D01582,2025-01-01,2026-08-01,9,baseline
C01962,D01928,2025-01-01,2026-08-01,1,baseline
C01963,D03889,2025-01-01,2026-08-01,3,baseline
C01964,D01410,2025-01-01,2026-08-01,16,baseline
C01965,D00094,2025-01-01,2026-08-01,12,baseline
C01966,D01582,2025-01-01,2026-08-01,20,baseline
C01967,D02336,2025-01-01,2026-08-01,4,baseline
C01968,D04664,2025-01-01,2026-08-01,4,baseline
C01969,D00962,2025-01-01,2026-08-01,3,baseline
C01970,D01227,2025-01-01,2026-08-01,17,baseline
C01971,D01206,2025-01-01,2026-08-01,11,baseline
C01972,D00737,2025-01-01,2026-08-01,20,baseline
C01973,D01420,2025-01-01,2026-08-01,8,baseline
C01974,D03299,2025-01-01,2026-08-01,18,baseline
C01975,D01168,2025-01-01,2026-08-01,12,baseline
C01976,D01579,2025-01-01,2026-08-01,15,baseline
C01977,D01169,2025-01-01,2026-08-01,16,baseline
C01978,D04926,2025-01-01,2026-08-01,1,baseline
C01979,D02962,2025-01-01,2026-08-01,12,baseline
C01980,D00092,2025-01-01,2026-08-01,17,baseline
C01981,D04239,2025-01-01,2026-08-01,7,baseline
C01982,D00123,2025-01-01,2026-08-01,7,baseline
C01983,D02538,2025-01-01,2026-08-01,14,baseline
C01984,D02185,2025-01-01,2026-08-01,7,baseline
C01985,D03692,2025-01-01,2026-08-01,10,baseline
C01986,D04113,2025-01-01,2026-08-01,6,baseline
C01987,D04962,2025-01-01,2026-08-01,16,baseline
C01988,D04116,2025-01-01,2026-08-01,3,baseline
C01989,D03840,2025-01-01,2026-08-01,17,baseline
C01990,D04230,2025-01-01,2026-08-01,20,baseline
C01991,D00556,2025-01-01,2026-08-01,6,baseline
C01992,D03322,2025-01-01,2026-08-01,20,baseline
C01993,D02894,2025-01-01,2026-08-01,3,baseline
C01994,D00418,2025-01-01,2026-08-01,14,baseline
C01995,D04968,2025-01-01,2026-08-01,10,baseline
C01996,D01168,2025-01-01,2026-08-01,1,baseline
C01997,D01421,2025-01-01,2026-08-01,1,baseline
C01998,D00307,2025-01-01,2026-08-01,14,baseline
C01999,D03985,2025-01-01,2026-08-01,4,baseline
C02000,D04587,2025-01-01,2026-08-01,16,baseline
C02001,D01700,2025-01-01,2026-08-01,7,baseline
C02002,D04145,2025-01-01,2026-08-01,1,baseline
C02003,D00158,2025-01-01,2026-08-01,3,baseline
C02004,D03583,2025-01-01,2026-08-01,2,baseline
C02005,D04615,2025-01-01,2026-08-01,10,baseline
C02006,D02120,2025-01-01,2026-08-01,5,baseline
C02007,D02265,2025-01-01,2026-08-01,6,baseline
C02008,D02151,2025-01-01,2026-08-01,18,baseline
C02009,D03717,2025-01-01,2026-08-01,4,baseline
C02010,D04814,2025-01-01,2026-08-01,18,baseline
C02011,D02411,2025-01-01,2026-08-01,11,baseline
C02012,D03229,2025-01-01,2026-08-01,19,baseline
C02013,D01389,2025-01-01,2026-08-01,19,baseline
C02014,D01281,2025-01-01,2026-08-01,12,baseline
C02015,D02434,2025-01-01,2026-08-01,16,baseline
C02016,D03942,2025-01-01,2026-08-01,5,baseline
C02017,D03850,2025-01-01,2026-08-01,14,baseline
C02018,D04815,2025-01-01,2026-08-01,19,baseline
C02019,D00462,2025-01-01,2026-08-01,12,baseline
C02020,D00375,2025-01-01,2026-08-01,9,baseline
C02021,D01821,2025-01-01,2026-08-01,3,baseline
C02022,D03835,2025-01-01,2026-08-01,10,baseline
C02023,D03221,2025-01-01,2026-08-01,8,baseline
C02024,D00412,2025-01-01,2026-08-01,16,baseline
C02025,D00344,2025-01-01,2026-08-01,20,baseline
C02026,D02352,2025-01-01,2026-08-01,2,baseline
C02027,D02003,2025-01-01,2026-08-01,8,baseline
C02028,D03995,2025-01-01,2026-08-01,7,baseline
C02029,D00941,2025-01-01,2026-08-01,1,baseline
C02030,D00060,2025-01-01,2026-08-01,19,baseline
C02031,D01724,2025-01-01,2026-08-01,3,baseline
C02032,D03420,2025-01-01,2026-08-01,17,baseline
C02033,D04770,2025-01-01,2026-08-01,17,baseline
C02034,D04714,2025-01-01,2026-08-01,3,baseline
C02035,D03143,2025-01-01,2026-08-01,20,baseline
C02036,D03217,2025-01-01,2026-08-01,13,baseline
C02037,D01896,2025-01-01,2026-08-01,19,baseline
C02038,D04483,2025-01-01,2026-08-01,19,baseline
C02039,D00346,2025-01-01,2026-08-01,19,baseline
C02040,D04102,2025-01-01,2026-08-01,1,baseline
C02041,D01920,2025-01-01,2026-08-01,6,baseline
C02042,D04253,2025-01-01,2026-08-01,19,baseline
C02043,D01016,2025-01-01,2026-08-01,9,baseline
C02044,D04011,2025-01-01,2026-08-01,7,baseline
C02045,D04306,2025-01-01,2026-08-01,13,baseline
C02046,D03702,2025-01-01,2026-08-01,3,baseline
C02047,D03988,2025-01-01,2026-08-01,11,baseline
C02048,D02999,2025-01-01,2026-08-01,1,baseline
C02049,D02976,2025-01-01,2026-08-01,13,baseline
C02050,D03500,2025-01-01,2026-08-01,18,baseline
C02051,D02415,2025-01-01,2026-08-01,16,baseline
C02052,D04691,2025-01-01,2026-08-01,2,baseline
C02053,D00710,2025-01-01,2026-08-01,7,baseline
C02054,D04368,2025-01-01,2026-08-01,12,baseline
C02055,D03642,2025-01-01,2026-08-01,18,baseline
C02056,D00587,2025-01-01,2026-08-01,19,baseline
C02057,D02048,2025-01-01,2026-08-01,20,baseline
C02058,D00527,2025-01-01,2026-08-01,4,baseline
C02059,D00451,2025-01-01,2026-08-01,11,baseline
C02060,D02406,2025-01-01,2026-08-01,13,baseline
C02061,D04831,2025-01-01,2026-08-01,13,baseline
C02062,D02118,2025-01-01,2026-08-01,16,baseline
C02063,D03737,2025-01-01,2026-08-01,19,baseline
C02064,D04178,2025-01-01,2026-08-01,19,baseline
C02065,D03207,2025-01-01,2026-08-01,20,baseline
C02066,D04299,2025-01-01,2026-08-01,3,baseline
C02067,D02027,2025-01-01,2026-08-01,12,baseline
C02068,D04831,2025-01-01,2026-08-01,12,baseline
C02069,D00473,2025-01-01,2026-08-01,1,baseline
C02070,D02380,2025-01-01,2026-08-01,11,baseline
C02071,D00228,2025-01-01,2026-08-01,10,baseline
C02072,D00892,2025-01-01,2026-08-01,10,baseline
C02073,D00700,2025-01-01,2026-08-01,14,baseline
C02074,D02860,2025-01-01,2026-08-01,4,baseline
C02075,D04863,2025-01-01,2026-08-01,19,baseline
C02076,D00201,2025-01-01,2026-08-01,7,baseline
C02077,D02140,2025-01-01,2026-08-01,2,baseline
C02078,D04740,2025-01-01,2026-08-01,18,baseline
C02079,D03549,2025-01-01,2026-08-01,17,baseline
C02080,D04575,2025-01-01,2026-08-01,7,baseline
C02081,D01529,2025-01-01,2026-08-01,13,baseline
C02082,D01003,2025-01-01,2026-08-01,1,baseline
C02083,D01845,2025-01-01,2026-08-01,18,baseline
C02084,D04164,2025-01-01,2026-08-01,20,baseline
C02085,D03898,2025-01-01,2026-08-01,5,baseline
C02086,D00982,2025-01-01,2026-08-01,11,baseline
C02087,D00824,2025-01-01,2026-08-01,11,baseline
C02088,D00861,2025-01-01,2026-08-01,19,baseline
C02089,D01599,2025-01-01,2026-08-01,14,baseline
C02090,D01752,2025-01-01,2026-08-01,1,baseline
C02091,D00660,2025-01-01,2026-08-01,15,baseline
C02092,D03262,2025-01-01,2026-08-01,1,baseline
C02093,D03523,2025-01-01,2026-08-01,3,baseline
C02094,D02263,2025-01-01,2026-08-01,5,baseline
C02095,D02530,2025-01-01,2026-08-01,9,baseline
C02096,D02726,2025-01-01,2026-08-01,13,baseline
C02097,D01117,2025-01-01,2026-08-01,2,baseline
C02098,D01266,2025-01-01,2026-08-01,16,baseline
C02099,D04661,2025-01-01,2026-08-01,20,baseline
C02100,D02407,2025-01-01,2026-08-01,19,baseline
C02101,D00456,2025-01-01,2026-08-01,4,baseline
C02102,D04272,2025-01-01,2026-08-01,19,baseline
C02103,D03155,2025-01-01,2026-08-01,14,baseline
C02104,D04720,2025-01-01,2026-08-01,8,baseline
C02105,D03686,2025-01-01,2026-08-01,9,baseline
C02106,D04152,2025-01-01,2026-08-01,14,baseline
C02107,D03357,2025-01-01,2026-08-01,2,baseline
C02108,D01351,2025-01-01,2026-08-01,6,baseline
C02109,D02802,2025-01-01,2026-08-01,16,baseline
C02110,D01829,2025-01-01,2026-08-01,10,baseline
C02111,D01572,2025-01-01,2026-08-01,12,baseline
C02112,D01738,2025-01-01,2026-08-01,9,baseline
C02113,D03892,2025-01-01,2026-08-01,13,baseline
C02114,D03936,2025-01-01,2026-08-01,20,baseline
C02115,D04028,2025-01-01,2026-08-01,13,baseline
C02116,D04877,2025-01-01,2026-08-01,20,baseline
C02117,D03432,2025-01-01,2026-08-01,18,baseline
C02118,D01015,2025-01-01,2026-08-01,20,baseline
C02119,D01534,2025-01-01,2026-08-01,2,baseline
C02120,D04338,2025-01-01,2026-08-01,10,baseline
C02121,D02005,2025-01-01,2026-08-01,10,baseline
C02122,D03645,2025-01-01,2026-08-01,15,baseline
C02123,D00860,2025-01-01,2026-08-01,12,baseline
C02124,D03517,2025-01-01,2026-08-01,7,baseline
C02125,D02479,2025-01-01,2026-08-01,10,baseline
C02126,D00297,2025-01-01,2026-08-01,3,baseline
C02127,D04535,2025-01-01,2026-08-01,1,baseline
C02128,D04749,2025-01-01,2026-08-01,3,baseline
C02129,D01647,2025-01-01,2026-08-01,19,baseline
C02130,D01193,2025-01-01,2026-08-01,2,baseline
C02131,D02119,2025-01-01,2026-08-01,17,baseline
C02132,D00560,2025-01-01,2026-08-01,11,baseline
C02133,D04929,2025-01-01,2026-08-01,15,baseline
C02134,D00465,2025-01-01,2026-08-01,12,baseline
C02135,D02576,2025-01-01,2026-08-01,5,baseline
C02136,D03729,2025-01-01,2026-08-01,3,baseline
C02137,D01133,2025-01-01,2026-08-01,14,baseline
C02138,D00152,2025-01-01,2026-08-01,15,baseline
C02139,D00292,2025-01-01,2026-08-01,2,baseline
C02140,D03171,2025-01-01,2026-08-01,15,baseline
C02141,D04202,2025-01-01,2026-08-01,8,baseline
C02142,D04266,2025-01-01,2026-08-01,17,baseline
C02143,D00076,2025-01-01,2026-08-01,14,baseline
C02144,D03767,2025-01-01,2026-08-01,8,baseline
C02145,D04338,2025-01-01,2026-08-01,5,baseline
C02146,D03957,2025-01-01,2026-08-01,17,baseline
C02147,D03624,2025-01-01,2026-08-01,5,baseline
C02148,D02770,2025-01-01,2026-08-01,6,baseline
C02149,D04408,2025-01-01,2026-08-01,4,baseline
C02150,D00785,2025-01-01,2026-08-01,7,baseline
C02151,D04883,2025-01-01,2026-08-01,20,baseline
C02152,D04144,2025-01-01,2026-08-01,16,baseline
C02153,D00204,2025-01-01,2026-08-01,1,baseline
C02154,D01722,2025-01-01,2026-08-01,19,baseline
C02155,D03705,2025-01-01,2026-08-01,1,baseline
C02156,D01811,2025-01-01,2026-08-01,3,baseline
C02157,D02391,2025-01-01,2026-08-01,12,baseline
C02158,D00518,2025-01-01,2026-08-01,14,baseline
C02159,D04342,2025-01-01,2026-08-01,17,baseline
C02160,D01985,2025-01-01,2026-08-01,6,baseline
C02161,D04999,2025-01-01,2026-08-01,20,baseline
C02162,D00942,2025-01-01,2026-08-01,2,baseline
C02163,D03798,2025-01-01,2026-08-01,11,baseline
C02164,D04471,2025-01-01,2026-08-01,3,baseline
C02165,D00620,2025-01-01,2026-08-01,18,baseline
C02166,D04577,2025-01-01,2026-08-01,3,baseline
C02167,D03576,2025-01-01,2026-08-01,1,baseline
C02168,D04667,2025-01-01,2026-08-01,18,baseline
C02169,D00888,2025-01-01,2026-08-01,4,baseline
C02170,D04166,2025-01-01,2026-08-01,4,baseline
C02171,D03961,2025-01-01,2026-08-01,4,baseline
C02172,D01947,2025-01-01,2026-08-01,18,baseline
C02173,D00265,2025-01-01,2026-08-01,4,baseline
C02174,D02778,2025-01-01,2026-08-01,10,baseline
C02175,D01654,2025-01-01,2026-08-01,7,baseline
C02176,D03480,2025-01-01,2026-08-01,19,baseline
C02177,D00497,2025-01-01,2026-08-01,15,baseline
C02178,D02690,2025-01-01,2026-08-01,11,baseline
C02179,D00138,2025-01-01,2026-08-01,20,baseline
C02180,D01101,2025-01-01,2026-08-01,16,baseline
C02181,D00679,2025-01-01,2026-08-01,18,baseline
C02182,D04793,2025-01-01,2026-08-01,17,baseline
C02183,D04390,2025-01-01,2026-08-01,7,baseline
C02184,D00912,2025-01-01,2026-08-01,15,baseline
C02185,D03459,2025-01-01,2026-08-01,6,baseline
C02186,D00437,2025-01-01,2026-08-01,20,baseline
C02187,D01194,2025-01-01,2026-08-01,16,baseline
C02188,D03037,2025-01-01,2026-08-01,8,baseline
C02189,D04914,2025-01-01,2026-08-01,12,baseline
C02190,D03414,2025-01-01,2026-08-01,18,baseline
C02191,D03246,2025-01-01,2026-08-01,2,baseline
C02192,D04947,2025-01-01,2026-08-01,5,baseline
C02193,D00156,2025-01-01,2026-08-01,10,baseline
C02194,D03684,2025-01-01,2026-08-01,20,baseline
C02195,D04554,2025-01-01,2026-08-01,18,baseline
C02196,D00343,2025-01-01,2026-08-01,8,baseline
C02197,D02798,2025-01-01,2026-08-01,2,baseline
C02198,D01762,2025-01-01,2026-08-01,15,baseline
C02199,D03223,2025-01-01,2026-08-01,2,baseline
C02200,D01473,2025-01-01,2026-08-01,17,baseline
C02201,D02685,2025-01-01,2026-08-01,2,baseline
C02202,D04551,2025-01-01,2026-08-01,9,baseline
C02203,D00659,2025-01-01,2026-08-01,1,baseline
C02204,D04229,2025-01-01,2026-08-01,20,baseline
C02205,D01585,2025-01-01,2026-08-01,3,baseline
C02206,D02029,2025-01-01,2026-08-01,14,baseline
C02207,D01221,2025-01-01,2026-08-01,8,baseline
C02208,D00477,2025-01-01,2026-08-01,4,baseline
C02209,D02371,2025-01-01,2026-08-01,12,baseline
C02210,D03807,2025-01-01,2026-08-01,12,baseline
C02211,D02044,2025-01-01,2026-08-01,1,baseline
C02212,D01357,2025-01-01,2026-08-01,1,baseline
C02213,D01832,2025-01-01,2026-08-01,1,baseline
C02214,D00638,2025-01-01,2026-08-01,13,baseline
C02215,D02367,2025-01-01,2026-08-01,17,baseline
C02216,D00679,2025-01-01,2026-08-01,1,baseline
C02217,D00167,2025-01-01,2026-08-01,5,baseline
C02218,D01370,2025-01-01,2026-08-01,11,baseline
C02219,D03742,2025-01-01,2026-08-01,6,baseline
C02220,D00684,2025-01-01,2026-08-01,20,baseline
C02221,D04355,2025-01-01,2026-08-01,10,baseline
C02222,D03171,2025-01-01,2026-08-01,4,baseline
C02223,D04066,2025-01-01,2026-08-01,7,baseline
C02224,D04599,2025-01-01,2026-08-01,12,baseline
C02225,D01201,2025-01-01,2026-08-01,10,baseline
C02226,D02443,2025-01-01,2026-08-01,17,baseline
C02227,D01169,2025-01-01,2026-08-01,17,baseline
C02228,D04175,2025-01-01,2026-08-01,11,baseline
C02229,D03119,2025-01-01,2026-08-01,6,baseline
C02230,D03153,2025-01-01,2026-08-01,6,baseline
C02231,D04720,2025-01-01,2026-08-01,3,baseline
C02232,D00864,2025-01-01,2026-08-01,8,baseline
C02233,D00017,2025-01-01,2026-08-01,5,baseline
C02234,D04369,2025-01-01,2026-08-01,11,baseline
C02235,D01448,2025-01-01,2026-08-01,11,baseline
C02236,D04212,2025-01-01,2026-08-01,15,baseline
C02237,D04304,2025-01-01,2026-08-01,18,baseline
C02238,D03211,2025-01-01,2026-08-01,7,baseline
C02239,D03929,2025-01-01,2026-08-01,5,baseline
C02240,D04126,2025-01-01,2026-08-01,20,baseline
C02241,D01206,2025-01-01,2026-08-01,2,baseline
C02242,D02500,2025-01-01,2026-08-01,3,baseline
C02243,D03833,2025-01-01,2026-08-01,6,baseline
C02244,D01458,2025-01-01,2026-08-01,20,baseline
C02245,D01449,2025-01-01,2026-08-01,15,baseline
C02246,D03273,2025-01-01,2026-08-01,10,baseline
C02247,D00906,2025-01-01,2026-08-01,13,baseline
C02248,D04494,2025-01-01,2026-08-01,2,baseline
C02249,D03364,2025-01-01,2026-08-01,17,baseline
C02250,D00611,2025-01-01,2026-08-01,3,baseline
C02251,D00280,2025-01-01,2026-08-01,6,baseline
C02252,D00517,2025-01-01,2026-08-01,6,baseline
C02253,D00871,2025-01-01,2026-08-01,5,baseline
C02254,D04419,2025-01-01,2026-08-01,10,baseline
C02255,D01252,2025-01-01,2026-08-01,8,baseline
C02256,D03776,2025-01-01,2026-08-01,10,baseline
C02257,D02337,2025-01-01,2026-08-01,17,baseline
C02258,D01862,2025-01-01,2026-08-01,14,baseline
C02259,D04145,2025-01-01,2026-08-01,1,baseline
C02260,D01368,2025-01-01,2026-08-01,11,baseline
C02261,D04609,2025-01-01,2026-08-01,4,baseline
C02262,D03061,2025-01-01,2026-08-01,15,baseline
C02263,D00749,2025-01-01,2026-08-01,7,baseline
C02264,D02190,2025-01-01,2026-08-01,6,baseline
C02265,D02494,2025-01-01,2026-08-01,3,baseline
C02266,D03853,2025-01-01,2026-08-01,1,baseline
C02267,D04952,2025-01-01,2026-08-01,12,baseline
C02268,D01004,2025-01-01,2026-08-01,2,baseline
C02269,D03306,2025-01-01,2026-08-01,1,baseline
C02270,D04394,2025-01-01,2026-08-01,19,baseline
C02271,D01344,2025-01-01,2026-08-01,13,baseline
C02272,D00905,2025-01-01,2026-08-01,1,baseline
C02273,D02380,2025-01-01,2026-08-01,16,baseline
C02274,D00894,2025-01-01,2026-08-01,10,baseline
C02275,D02177,2025-01-01,2026-08-01,7,baseline
C02276,D00108,2025-01-01,2026-08-01,12,baseline
C02277,D00649,2025-01-01,2026-08-01,8,baseline
C02278,D04100,2025-01-01,2026-08-01,4,baseline
C02279,D02506,2025-01-01,2026-08-01,12,baseline
C02280,D02578,2025-01-01,2026-08-01,9,baseline
C02281,D01377,2025-01-01,2026-08-01,8,baseline
C02282,D03033,2025-01-01,2026-08-01,17,baseline
C02283,D03826,2025-01-01,2026-08-01,5,baseline
C02284,D02587,2025-01-01,2026-08-01,12,baseline
C02285,D02871,2025-01-01,2026-08-01,12,baseline
C02286,D02297,2025-01-01,2026-08-01,3,baseline
C02287,D00027,2025-01-01,2026-08-01,17,baseline
C02288,D00717,2025-01-01,2026-08-01,11,baseline
C02289,D00086,2025-01-01,2026-08-01,20,baseline
C02290,D01389,2025-01-01,2026-08-01,6,baseline
C02291,D02371,2025-01-01,2026-08-01,14,baseline
C02292,D01376,2025-01-01,2026-08-01,20,baseline
C02293,D01308,2025-01-01,2026-08-01,12,baseline
C02294,D04536,2025-01-01,2026-08-01,8,baseline
C02295,D02249,2025-01-01,2026-08-01,12,baseline
C02296,D04853,2025-01-01,2026-08-01,11,baseline
C02297,D01532,2025-01-01,2026-08-01,14,baseline
C02298,D02464,2025-01-01,2026-08-01,17,baseline
C02299,D02751,2025-01-01,2026-08-01,1,baseline
C02300,D01267,2025-01-01,2026-08-01,8,baseline
C02301,D04987,2025-01-01,2026-08-01,15,baseline
C02302,D04875,2025-01-01,2026-08-01,13,baseline
C02303,D04413,2025-01-01,2026-08-01,6,baseline
C02304,D03249,2025-01-01,2026-08-01,13,baseline
C02305,D04693,2025-01-01,2026-08-01,17,baseline
C02306,D04195,2025-01-01,2026-08-01,11,baseline
C02307,D02204,2025-01-01,2026-08-01,2,baseline
C02308,D01047,2025-01-01,2026-08-01,2,baseline
C02309,D02508,2025-01-01,2026-08-01,8,baseline
C02310,D00944,2025-01-01,2026-08-01,1,baseline
C02311,D01914,2025-01-01,2026-08-01,1,baseline
C02312,D01606,2025-01-01,2026-08-01,2,baseline
C02313,D00569,2025-01-01,2026-08-01,8,baseline
C02314,D03187,2025-01-01,2026-08-01,8,baseline
C02315,D04897,2025-01-01,2026-08-01,18,baseline
C02316,D03358,2025-01-01,2026-08-01,17,baseline
C02317,D04850,2025-01-01,2026-08-01,14,baseline
C02318,D03414,2025-01-01,2026-08-01,17,baseline
C02319,D03954,2025-01-01,2026-08-01,7,baseline
C02320,D04196,2025-01-01,2026-08-01,4,baseline
C02321,D01964,2025-01-01,2026-08-01,19,baseline
C02322,D01499,2025-01-01,2026-08-01,6,baseline
C02323,D04914,2025-01-01,2026-08-01,1,baseline
C02324,D01578,2025-01-01,2026-08-01,13,baseline
C02325,D02595,2025-01-01,2026-08-01,14,baseline
C02326,D00453,2025-01-01,2026-08-01,9,baseline
C02327,D03384,2025-01-01,2026-08-01,10,baseline
C02328,D02108,2025-01-01,2026-08-01,13,baseline
C02329,D02478,2025-01-01,2026-08-01,5,baseline
C02330,D00624,2025-01-01,2026-08-01,1,baseline
C02331,D03630,2025-01-01,2026-08-01,1,baseline
C02332,D02949,2025-01-01,2026-08-01,7,baseline
C02333,D01879,2025-01-01,2026-08-01,6,baseline
C02334,D00735,2025-01-01,2026-08-01,11,baseline
C02335,D04550,2025-01-01,2026-08-01,15,baseline
C02336,D00271,2025-01-01,2026-08-01,9,baseline
C02337,D02504,2025-01-01,2026-08-01,9,baseline
C02338,D02144,2025-01-01,2026-08-01,13,baseline
C02339,D04353,2025-01-01,2026-08-01,19,baseline
C02340,D04747,2025-01-01,2026-08-01,5,baseline
C02341,D04239,2025-01-01,2026-08-01,10,baseline
C02342,D00538,2025-01-01,2026-08-01,10,baseline
C02343,D03976,2025-01-01,2026-08-01,19,baseline
C02344,D02775,2025-01-01,2026-08-01,16,baseline
C02345,D02672,2025-01-01,2026-08-01,17,baseline
C02346,D02723,2025-01-01,2026-08-01,9,baseline
C02347,D03533,2025-01-01,2026-08-01,8,baseline
C02348,D04189,2025-01-01,2026-08-01,20,baseline
C02349,D03634,2025-01-01,2026-08-01,12,baseline
C02350,D00014,2025-01-01,2026-08-01,14,baseline
C02351,D01300,2025-01-01,2026-08-01,4,baseline
C02352,D01554,2025-01-01,2026-08-01,20,baseline
C02353,D00122,2025-01-01,2026-08-01,11,baseline
C02354,D03413,2025-01-01,2026-08-01,16,baseline
C02355,D04126,2025-01-01,2026-08-01,4,baseline
C02356,D04402,2025-01-01,2026-08-01,19,baseline
C02357,D01652,2025-01-01,2026-08-01,8,baseline
C02358,D01973,2025-01-01,2026-08-01,19,baseline
C02359,D03954,2025-01-01,2026-08-01,12,baseline
C02360,D00862,2025-01-01,2026-08-01,7,baseline
C02361,D00819,2025-01-01,2026-08-01,5,baseline
C02362,D03764,2025-01-01,2026-08-01,1,baseline
C02363,D02331,2025-01-01,2026-08-01,10,baseline
C02364,D02648,2025-01-01,2026-08-01,15,baseline
C02365,D04416,2025-01-01,2026-08-01,3,baseline
C02366,D02087,2025-01-01,2026-08-01,4,baseline
C02367,D01512,2025-01-01,2026-08-01,20,baseline
C02368,D03571,2025-01-01,2026-08-01,4,baseline
C02369,D04648,2025-01-01,2026-08-01,4,baseline
C02370,D02728,2025-01-01,2026-08-01,7,baseline
C02371,D00629,2025-01-01,2026-08-01,2,baseline
C02372,D04091,2025-01-01,2026-08-01,1,baseline
C02373,D03245,2025-01-01,2026-08-01,19,baseline
C02374,D03941,2025-01-01,2026-08-01,1,baseline
C02375,D02657,2025-01-01,2026-08-01,17,baseline
C02376,D01060,2025-01-01,2026-08-01,16,baseline
C02377,D03852,2025-01-01,2026-08-01,16,baseline
C02378,D01296,2025-01-01,2026-08-01,13,baseline
C02379,D02680,2025-01-01,2026-08-01,16,baseline
C02380,D00581,2025-01-01,2026-08-01,2,baseline
C02381,D01055,2025-01-01,2026-08-01,17,baseline
C02382,D02379,2025-01-01,2026-08-01,3,baseline
C02383,D04519,2025-01-01,2026-08-01,14,baseline
C02384,D00604,2025-01-01,2026-08-01,17,baseline
C02385,D03044,2025-01-01,2026-08-01,5,baseline
C02386,D03401,2025-01-01,2026-08-01,15,baseline
C02387,D03970,2025-01-01,2026-08-01,18,baseline
C02388,D05000,2025-01-01,2026-08-01,1,baseline
C02389,D02464,2025-01-01,2026-08-01,4,baseline
C02390,D03469,2025-01-01,2026-08-01,13,baseline
C02391,D00768,2025-01-01,2026-08-01,3,baseline
C02392,D01699,2025-01-01,2026-08-01,10,baseline
C02393,D02595,2025-01-01,2026-08-01,5,baseline
C02394,D01138,2025-01-01,2026-08-01,14,baseline
C02395,D03372,2025-01-01,2026-08-01,19,baseline
C02396,D04671,2025-01-01,2026-08-01,15,baseline
C02397,D04230,2025-01-01,2026-08-01,14,baseline
C02398,D00084,2025-01-01,2026-08-01,2,baseline
C02399,D04569,2025-01-01,2026-08-01,6,baseline
C02400,D00976,2025-01-01,2026-08-01,13,baseline
C02401,D02143,2025-01-01,2026-08-01,4,baseline
C02402,D04064,2025-01-01,2026-08-01,19,baseline
C02403,D02219,2025-01-01,2026-08-01,2,baseline
C02404,D04634,2025-01-01,2026-08-01,16,baseline
C02405,D01727,2025-01-01,2026-08-01,18,baseline
C02406,D02499,2025-01-01,2026-08-01,4,baseline
C02407,D01953,2025-01-01,2026-08-01,3,baseline
C02408,D00596,2025-01-01,2026-08-01,12,baseline
C02409,D03971,2025-01-01,2026-08-01,16,baseline
C02410,D00570,2025-01-01,2026-08-01,18,baseline
C02411,D00101,2025-01-01,2026-08-01,16,baseline
C02412,D02505,2025-01-01,2026-08-01,20,baseline
C02413,D04129,2025-01-01,2026-08-01,6,baseline
C02414,D02838,2025-01-01,2026-08-01,13,baseline
C02415,D02373,2025-01-01,2026-08-01,8,baseline
C02416,D00202,2025-01-01,2026-08-01,4,baseline
C02417,D00362,2025-01-01,2026-08-01,5,baseline
C02418,D01612,2025-01-01,2026-08-01,19,baseline
C02419,D02847,2025-01-01,2026-08-01,9,baseline
C02420,D02021,2025-01-01,2026-08-01,12,baseline
C02421,D00671,2025-01-01,2026-08-01,8,baseline
C02422,D04588,2025-01-01,2026-08-01,9,baseline
C02423,D03984,2025-01-01,2026-08-01,6,baseline
C02424,D04523,2025-01-01,2026-08-01,3,baseline
C02425,D00912,2025-01-01,2026-08-01,20,baseline
C02426,D02568,2025-01-01,2026-08-01,16,baseline
C02427,D03030,2025-01-01,2026-08-01,3,baseline
C02428,D02357,2025-01-01,2026-08-01,19,baseline
C02429,D00395,2025-01-01,2026-08-01,13,baseline
C02430,D00508,2025-01-01,2026-08-01,15,baseline
C02431,D03360,2025-01-01,2026-08-01,9,baseline
C02432,D00739,2025-01-01,2026-08-01,5,baseline
C02433,D01715,2025-01-01,2026-08-01,10,baseline
C02434,D04604,2025-01-01,2026-08-01,8,baseline
C02435,D04317,2025-01-01,2026-08-01,11,baseline
C02436,D04857,2025-01-01,2026-08-01,15,baseline
C02437,D00879,2025-01-01,2026-08-01,11,baseline
C02438,D04884,2025-01-01,2026-08-01,17,baseline
C02439,D00204,2025-01-01,2026-08-01,11,baseline
C02440,D01901,2025-01-01,2026-08-01,5,baseline
C02441,D04788,2025-01-01,2026-08-01,16,baseline
C02442,D03319,2025-01-01,2026-08-01,2,baseline
C02443,D01900,2025-01-01,2026-08-01,2,baseline
C02444,D03597,2025-01-01,2026-08-01,20,baseline
C02445,D01269,2025-01-01,2026-08-01,3,baseline
C02446,D02758,2025-01-01,2026-08-01,20,baseline
C02447,D04092,2025-01-01,2026-08-01,18,baseline
C02448,D01912,2025-01-01,2026-08-01,6,baseline
C02449,D02723,2025-01-01,2026-08-01,20,baseline
C02450,D04595,2025-01-01,2026-08-01,8,baseline
C02451,D02608,2025-01-01,2026-08-01,4,baseline
C02452,D03497,2025-01-01,2026-08-01,3,baseline
C02453,D03146,2025-01-01,2026-08-01,12,baseline
C02454,D02570,2025-01-01,2026-08-01,4,baseline
C02455,D04221,2025-01-01,2026-08-01,5,baseline
C02456,D01351,2025-01-01,2026-08-01,14,baseline
C02457,D01613,2025-01-01,2026-08-01,13,baseline
C02458,D04186,2025-01-01,2026-08-01,18,baseline
C02459,D02249,2025-01-01,2026-08-01,20,baseline
C02460,D00389,2025-01-01,2026-08-01,11,baseline
C02461,D00273,2025-01-01,2026-08-01,10,baseline
C02462,D04464,2025-01-01,2026-08-01,5,baseline
C02463,D01192,2025-01-01,2026-08-01,13,baseline
C02464,D04927,2025-01-01,2026-08-01,3,baseline
C02465,D04143,2025-01-01,2026-08-01,17,baseline
C02466,D00747,2025-01-01,2026-08-01,12,baseline
C02467,D03287,2025-01-01,2026-08-01,19,baseline
C02468,D00310,2025-01-01,2026-08-01,20,baseline
C02469,D04217,2025-01-01,2026-08-01,15,baseline
C02470,D04330,2025-01-01,2026-08-01,17,baseline
C02471,D04877,2025-01-01,2026-08-01,20,baseline
C02472,D03825,2025-01-01,2026-08-01,18,baseline
C02473,D04071,2025-01-01,2026-08-01,13,baseline
C02474,D00811,2025-01-01,2026-08-01,12,baseline
C02475,D02929,2025-01-01,2026-08-01,17,baseline
C02476,D03501,2025-01-01,2026-08-01,4,baseline
C02477,D03614,2025-01-01,2026-08-01,2,baseline
C02478,D00660,2025-01-01,2026-08-01,7,baseline
C02479,D02571,2025-01-01,2026-08-01,3,baseline
C02480,D01513,2025-01-01,2026-08-01,1,baseline
C02481,D03451,2025-01-01,2026-08-01,7,baseline
C02482,D03651,2025-01-01,2026-08-01,13,baseline
C02483,D00862,2025-01-01,2026-08-01,8,baseline
C02484,D02537,2025-01-01,2026-08-01,15,baseline
C02485,D02720,2025-01-01,2026-08-01,19,baseline
C02486,D02918,2025-01-01,2026-08-01,13,baseline
C02487,D02213,2025-01-01,2026-08-01,6,baseline
C02488,D01407,2025-01-01,2026-08-01,5,baseline
C02489,D04929,2025-01-01,2026-08-01,17,baseline
C02490,D01705,2025-01-01,2026-08-01,11,baseline
C02491,D00837,2025-01-01,2026-08-01,9,baseline
C02492,D00303,2025-01-01,2026-08-01,4,baseline
C02493,D02052,2025-01-01,2026-08-01,6,baseline
C02494,D03779,2025-01-01,2026-08-01,8,baseline
C02495,D01580,2025-01-01,2026-08-01,5,baseline
C02496,D00874,2025-01-01,2026-08-01,12,baseline
C02497,D00747,2025-01-01,2026-08-01,2,baseline
C02498,D01836,2025-01-01,2026-08-01,1,baseline
C02499,D00231,2025-01-01,2026-08-01,10,baseline
C02500,D01815,2025-01-01,2026-08-01,3,baseline
C02501,D00300,2025-01-01,2026-08-01,6,baseline
C02502,D04995,2025-01-01,2026-08-01,2,baseline
C02503,D03676,2025-01-01,2026-08-01,12,baseline
C02504,D03937,2025-01-01,2026-08-01,14,baseline
C02505,D00720,2025-01-01,2026-08-01,15,baseline
C02506,D01802,2025-01-01,2026-08-01,12,baseline
C02507,D02635,2025-01-01,2026-08-01,3,baseline
C02508,D02292,2025-01-01,2026-08-01,14,baseline
C02509,D00846,2025-01-01,2026-08-01,16,baseline
C02510,D04167,2025-01-01,2026-08-01,10,baseline
C02511,D00701,2025-01-01,2026-08-01,5,baseline
C02512,D00915,2025-01-01,2026-08-01,20,baseline
C02513,D01244,2025-01-01,2026-08-01,16,baseline
C02514,D02491,2025-01-01,2026-08-01,3,baseline
C02515,D04423,2025-01-01,2026-08-01,16,baseline
C02516,D01648,2025-01-01,2026-08-01,8,baseline
C02517,D01730,2025-01-01,2026-08-01,2,baseline
C02518,D02982,2025-01-01,2026-08-01,12,baseline
C02519,D03253,2025-01-01,2026-08-01,3,baseline
C02520,D02915,2025-01-01,2026-08-01,11,baseline
C02521,D01138,2025-01-01,2026-08-01,1,baseline
C02522,D01058,2025-01-01,2026-08-01,15,baseline
C02523,D00814,2025-01-01,2026-08-01,16,baseline
C02524,D00226,2025-01-01,2026-08-01,2,baseline
C02525,D01411,2025-01-01,2026-08-01,18,baseline
C02526,D04515,2025-01-01,2026-08-01,12,baseline
C02527,D00557,2025-01-01,2026-08-01,15,baseline
C02528,D04839,2025-01-01,2026-08-01,9,baseline
C02529,D04485,2025-01-01,2026-08-01,20,baseline
C02530,D02025,2025-01-01,2026-08-01,8,baseline
C02531,D00753,2025-01-01,2026-08-01,19,baseline
C02532,D04686,2025-01-01,2026-08-01,14,baseline
C02533,D02015,2025-01-01,2026-08-01,12,baseline
C02534,D00277,2025-01-01,2026-08-01,12,baseline
C02535,D02656,2025-01-01,2026-08-01,13,baseline
C02536,D00172,2025-01-01,2026-08-01,13,baseline
C02537,D02799,2025-01-01,2026-08-01,13,baseline
C02538,D01707,2025-01-01,2026-08-01,5,baseline
C02539,D00089,2025-01-01,2026-08-01,2,baseline
C02540,D04502,2025-01-01,2026-08-01,20,baseline
C02541,D00084,2025-01-01,2026-08-01,19,baseline
C02542,D02737,2025-01-01,2026-08-01,16,baseline
C02543,D04088,2025-01-01,2026-08-01,11,baseline
C02544,D03529,2025-01-01,2026-08-01,8,baseline
C02545,D01395,2025-01-01,2026-08-01,5,baseline
C02546,D04397,2025-01-01,2026-08-01,6,baseline
C02547,D02693,2025-01-01,2026-08-01,1,baseline
C02548,D02002,2025-01-01,2026-08-01,17,baseline
C02549,D02620,2025-01-01,2026-08-01,7,baseline
C02550,D01060,2025-01-01,2026-08-01,7,baseline
C02551,D04584,2025-01-01,2026-08-01,9,baseline
C02552,D02176,2025-01-01,2026-08-01,5,baseline
C02553,D04684,2025-01-01,2026-08-01,9,baseline
C02554,D04290,2025-01-01,2026-08-01,9,baseline
C02555,D02263,2025-01-01,2026-08-01,14,baseline
C02556,D00363,2025-01-01,2026-08-01,9,baseline
C02557,D02521,2025-01-01,2026-08-01,11,baseline
C02558,D04794,2025-01-01,2026-08-01,15,baseline
C02559,D03670,2025-01-01,2026-08-01,7,baseline
C02560,D01985,2025-01-01,2026-08-01,20,baseline
C02561,D00721,2025-01-01,2026-08-01,4,baseline
C02562,D00275,2025-01-01,2026-08-01,17,baseline
C02563,D04843,2025-01-01,2026-08-01,8,baseline
C02564,D00296,2025-01-01,2026-08-01,15,baseline
C02565,D01757,2025-01-01,2026-08-01,17,baseline
C02566,D03756,2025-01-01,2026-08-01,6,baseline
C02567,D00370,2025-01-01,2026-08-01,8,baseline
C02568,D00689,2025-01-01,2026-08-01,14,baseline
C02569,D01003,2025-01-01,2026-08-01,11,baseline
C02570,D03498,2025-01-01,2026-08-01,15,baseline
C02571,D01555,2025-01-01,2026-08-01,15,baseline
C02572,D00598,2025-01-01,2026-08-01,2,baseline
C02573,D01130,2025-01-01,2026-08-01,15,baseline
C02574,D04564,2025-01-01,2026-08-01,16,baseline
C02575,D02702,2025-01-01,2026-08-01,20,baseline
C02576,D01926,2025-01-01,2026-08-01,5,baseline
C02577,D03438,2025-01-01,2026-08-01,1,baseline
C02578,D03904,2025-01-01,2026-08-01,2,baseline
C02579,D00143,2025-01-01,2026-08-01,5,baseline
C02580,D00780,2025-01-01,2026-08-01,20,baseline
C02581,D02712,2025-01-01,2026-08-01,1,baseline
C02582,D04187,2025-01-01,2026-08-01,7,baseline
C02583,D04272,2025-01-01,2026-08-01,6,baseline
C02584,D00533,2025-01-01,2026-08-01,15,baseline
C02585,D01215,2025-01-01,2026-08-01,9,baseline
C02586,D03033,2025-01-01,2026-08-01,5,baseline
C02587,D03720,2025-01-01,2026-08-01,9,baseline
C02588,D04650,2025-01-01,2026-08-01,8,baseline
C02589,D02489,2025-01-01,2026-08-01,7,baseline
C02590,D01079,2025-01-01,2026-08-01,6,baseline
C02591,D01573,2025-01-01,2026-08-01,15,baseline
C02592,D00609,2025-01-01,2026-08-01,7,baseline
C02593,D01517,2025-01-01,2026-08-01,16,baseline
C02594,D01528,2025-01-01,2026-08-01,5,baseline
C02595,D02467,2025-01-01,2026-08-01,10,baseline
C02596,D02364,2025-01-01,2026-08-01,1,baseline
C02597,D00099,2025-01-01,2026-08-01,9,baseline
C02598,D01776,2025-01-01,2026-08-01,10,baseline
C02599,D02248,2025-01-01,2026-08-01,13,baseline
C02600,D01387,2025-01-01,2026-08-01,16,baseline
C02601,D01093,2025-01-01,2026-08-01,17,baseline
C02602,D04043,2025-01-01,2026-08-01,5,baseline
C02603,D01444,2025-01-01,2026-08-01,9,baseline
C02604,D01618,2025-01-01,2026-08-01,9,baseline
C02605,D03672,2025-01-01,2026-08-01,6,baseline
C02606,D02176,2025-01-01,2026-08-01,18,baseline
C02607,D02350,2025-01-01,2026-08-01,8,baseline
C02608,D03142,2025-01-01,2026-08-01,5,baseline
C02609,D01233,2025-01-01,2026-08-01,11,baseline
C02610,D04680,2025-01-01,2026-08-01,20,baseline
C02611,D04567,2025-01-01,2026-08-01,10,baseline
C02612,D01334,2025-01-01,2026-08-01,16,baseline
C02613,D04730,2025-01-01,2026-08-01,13,baseline
C02614,D03018,2025-01-01,2026-08-01,20,baseline
C02615,D04034,2025-01-01,2026-08-01,14,baseline
C02616,D02051,2025-01-01,2026-08-01,4,baseline
C02617,D00202,2025-01-01,2026-08-01,1,baseline
C02618,D03594,2025-01-01,2026-08-01,3,baseline
C02619,D03457,2025-01-01,2026-08-01,5,baseline
C02620,D02751,2025-01-01,2026-08-01,20,baseline
C02621,D03230,2025-01-01,2026-08-01,19,baseline
C02622,D00886,2025-01-01,2026-08-01,17,baseline
C02623,D02162,2025-01-01,2026-08-01,9,baseline
C02624,D02355,2025-01-01,2026-08-01,19,baseline
C02625,D03271,2025-01-01,2026-08-01,13,baseline
C02626,D03293,2025-01-01,2026-08-01,14,baseline
C02627,D01508,2025-01-01,2026-08-01,1,baseline
C02628,D03494,2025-01-01,2026-08-01,5,baseline
C02629,D02561,2025-01-01,2026-08-01,3,baseline
C02630,D00489,2025-01-01,2026-08-01,19,baseline
C02631,D00917,2025-01-01,2026-08-01,5,baseline
C02632,D01850,2025-01-01,2026-08-01,10,baseline
C02633,D02731,2025-01-01,2026-08-01,16,baseline
C02634,D02534,2025-01-01,2026-08-01,20,baseline
C02635,D00613,2025-01-01,2026-08-01,18,baseline
C02636,D02444,2025-01-01,2026-08-01,6,baseline
C02637,D02625,2025-01-01,2026-08-01,9,baseline
C02638,D02619,2025-01-01,2026-08-01,8,baseline
C02639,D00330,2025-01-01,2026-08-01,12,baseline
C02640,D02879,2025-01-01,2026-08-01,9,baseline
C02641,D00675,2025-01-01,2026-08-01,11,baseline
C02642,D03782,2025-01-01,2026-08-01,10,baseline
C02643,D04886,2025-01-01,2026-08-01,4,baseline
C02644,D00097,2025-01-01,2026-08-01,6,baseline
C02645,D01286,2025-01-01,2026-08-01,20,baseline
C02646,D00551,2025-01-01,2026-08-01,18,baseline
C02647,D04606,2025-01-01,2026-08-01,20,baseline
C02648,D03081,2025-01-01,2026-08-01,17,baseline
C02649,D00613,2025-01-01,2026-08-01,13,baseline
C02650,D02881,2025-01-01,2026-08-01,1,baseline
C02651,D04977,2025-01-01,2026-08-01,4,baseline
C02652,D04879,2025-01-01,2026-08-01,2,baseline
C02653,D03615,2025-01-01,2026-08-01,14,baseline
C02654,D04623,2025-01-01,2026-08-01,4,baseline
C02655,D03811,2025-01-01,2026-08-01,9,baseline
C02656,D00245,2025-01-01,2026-08-01,2,baseline
C02657,D04133,2025-01-01,2026-08-01,14,baseline
C02658,D00360,2025-01-01,2026-08-01,17,baseline
C02659,D01271,2025-01-01,2026-08-01,13,baseline
C02660,D04213,2025-01-01,2026-08-01,5,baseline
C02661,D02089,2025-01-01,2026-08-01,19,baseline
C02662,D04936,2025-01-01,2026-08-01,8,baseline
C02663,D01076,2025-01-01,2026-08-01,16,baseline
C02664,D04933,2025-01-01,2026-08-01,15,baseline
C02665,D02422,2025-01-01,2026-08-01,15,baseline
C02666,D01399,2025-01-01,2026-08-01,6,baseline
C02667,D00522,2025-01-01,2026-08-01,12,baseline
C02668,D00635,2025-01-01,2026-08-01,11,baseline
C02669,D01522,2025-01-01,2026-08-01,10,baseline
C02670,D04010,2025-01-01,2026-08-01,5,baseline
C02671,D04926,2025-01-01,2026-08-01,11,baseline
C02672,D00283,2025-01-01,2026-08-01,9,baseline
C02673,D00280,2025-01-01,2026-08-01,4,baseline
C02674,D00471,2025-01-01,2026-08-01,10,baseline
C02675,D03394,2025-01-01,2026-08-01,8,baseline
C02676,D03033,2025-01-01,2026-08-01,20,baseline
C02677,D03930,2025-01-01,2026-08-01,6,baseline
C02678,D04150,2025-01-01,2026-08-01,10,baseline
C02679,D04255,2025-01-01,2026-08-01,12,baseline
C02680,D02800,2025-01-01,2026-08-01,15,baseline
C02681,D00248,2025-01-01,2026-08-01,12,baseline
C02682,D02639,2025-01-01,2026-08-01,16,baseline
C02683,D04882,2025-01-01,2026-08-01,19,baseline
C02684,D02953,2025-01-01,2026-08-01,7,baseline
C02685,D04661,2025-01-01,2026-08-01,3,baseline
C02686,D04329,2025-01-01,2026-08-01,4,baseline
C02687,D00335,2025-01-01,2026-08-01,12,baseline
C02688,D04103,2025-01-01,2026-08-01,9,baseline
C02689,D02933,2025-01-01,2026-08-01,6,baseline
C02690,D00665,2025-01-01,2026-08-01,18,baseline
C02691,D01599,2025-01-01,2026-08-01,12,baseline
C02692,D00424,2025-01-01,2026-08-01,12,baseline
C02693,D01617,2025-01-01,2026-08-01,2,baseline
C02694,D03158,2025-01-01,2026-08-01,18,baseline
C02695,D00013,2025-01-01,2026-08-01,11,baseline
C02696,D01113,2025-01-01,2026-08-01,13,baseline
C02697,D01159,2025-01-01,2026-08-01,9,baseline
C02698,D01032,2025-01-01,2026-08-01,4,baseline
C02699,D03962,2025-01-01,2026-08-01,8,baseline
C02700,D02307,2025-01-01,2026-08-01,20,baseline
C02701,D01262,2025-01-01,2026-08-01,15,baseline
C02702,D02043,2025-01-01,2026-08-01,14,baseline
C02703,D02528,2025-01-01,2026-08-01,18,baseline
C02704,D00279,2025-01-01,2026-08-01,15,baseline
C02705,D00546,2025-01-01,2026-08-01,8,baseline
C02706,D01140,2025-01-01,2026-08-01,6,baseline
C02707,D02657,2025-01-01,2026-08-01,11,baseline
C02708,D02266,2025-01-01,2026-08-01,10,baseline
C02709,D03044,2025-01-01,2026-08-01,16,baseline
C02710,D00431,2025-01-01,2026-08-01,14,baseline
C02711,D00265,2025-01-01,2026-08-01,17,baseline
C02712,D01252,2025-01-01,2026-08-01,1,baseline
C02713,D00842,2025-01-01,2026-08-01,2,baseline
C02714,D00723,2025-01-01,2026-08-01,5,baseline
C02715,D04178,2025-01-01,2026-08-01,17,baseline
C02716,D00361,2025-01-01,2026-08-01,10,baseline
C02717,D03217,2025-01-01,2026-08-01,1,baseline
C02718,D01324,2025-01-01,2026-08-01,11,baseline
C02719,D01370,2025-01-01,2026-08-01,1,baseline
C02720,D00862,2025-01-01,2026-08-01,20,baseline
C02721,D04113,2025-01-01,2026-08-01,11,baseline
C02722,D01340,2025-01-01,2026-08-01,13,baseline
C02723,D04013,2025-01-01,2026-08-01,5,baseline
C02724,D01114,2025-01-01,2026-08-01,16,baseline
C02725,D01048,2025-01-01,2026-08-01,13,baseline
C02726,D01059,2025-01-01,2026-08-01,12,baseline
C02727,D01042,2025-01-01,2026-08-01,15,baseline
C02728,D04028,2025-01-01,2026-08-01,13,baseline
C02729,D02059,2025-01-01,2026-08-01,2,baseline
C02730,D03695,2025-01-01,2026-08-01,4,baseline
C02731,D01731,2025-01-01,2026-08-01,1,baseline
C02732,D00091,2025-01-01,2026-08-01,2,baseline
C02733,D02225,2025-01-01,2026-08-01,19,baseline
C02734,D01201,2025-01-01,2026-08-01,11,baseline
C02735,D00319,2025-01-01,2026-08-01,1,baseline
C02736,D02986,2025-01-01,2026-08-01,4,baseline
C02737,D04176,2025-01-01,2026-08-01,20,baseline
C02738,D02272,2025-01-01,2026-08-01,11,baseline
C02739,D03149,2025-01-01,2026-08-01,10,baseline
C02740,D02450,2025-01-01,2026-08-01,15,baseline
C02741,D04842,2025-01-01,2026-08-01,15,baseline
C02742,D03167,2025-01-01,2026-08-01,19,baseline
C02743,D00683,2025-01-01,2026-08-01,13,baseline
C02744,D03364,2025-01-01,2026-08-01,9,baseline
C02745,D03130,2025-01-01,2026-08-01,13,baseline
C02746,D01510,2025-01-01,2026-08-01,14,baseline
C02747,D01829,2025-01-01,2026-08-01,3,baseline
C02748,D04448,2025-01-01,2026-08-01,5,baseline
C02749,D03606,2025-01-01,2026-08-01,17,baseline
C02750,D03131,2025-01-01,2026-08-01,18,baseline
C02751,D02399,2025-01-01,2026-08-01,12,baseline
C02752,D02482,2025-01-01,2026-08-01,17,baseline
C02753,D00707,2025-01-01,2026-08-01,13,baseline
C02754,D01493,2025-01-01,2026-08-01,14,baseline
C02755,D02813,2025-01-01,2026-08-01,15,baseline
C02756,D02428,2025-01-01,2026-08-01,17,baseline
C02757,D02704,2025-01-01,2026-08-01,6,baseline
C02758,D00250,2025-01-01,2026-08-01,12,baseline
C02759,D00921,2025-01-01,2026-08-01,14,baseline
C02760,D01615,2025-01-01,2026-08-01,7,baseline
C02761,D02173,2025-01-01,2026-08-01,6,baseline
C02762,D02524,2025-01-01,2026-08-01,15,baseline
C02763,D01945,2025-01-01,2026-08-01,17,baseline
C02764,D01559,2025-01-01,2026-08-01,6,baseline
C02765,D00406,2025-01-01,2026-08-01,11,baseline
C02766,D02449,2025-01-01,2026-08-01,9,baseline
C02767,D01385,2025-01-01,2026-08-01,16,baseline
C02768,D00766,2025-01-01,2026-08-01,6,baseline
C02769,D01834,2025-01-01,2026-08-01,5,baseline
C02770,D02720,2025-01-01,2026-08-01,17,baseline
C02771,D01305,2025-01-01,2026-08-01,1,baseline
C02772,D04994,2025-01-01,2026-08-01,1,baseline
C02773,D01228,2025-01-01,2026-08-01,13,baseline
C02774,D00792,2025-01-01,2026-08-01,8,baseline
C02775,D03827,2025-01-01,2026-08-01,14,baseline
C02776,D02514,2025-01-01,2026-08-01,17,baseline
C02777,D01085,2025-01-01,2026-08-01,18,baseline
C02778,D01200,2025-01-01,2026-08-01,20,baseline
C02779,D04207,2025-01-01,2026-08-01,1,baseline
C02780,D00782,2025-01-01,2026-08-01,5,baseline
C02781,D00902,2025-01-01,2026-08-01,8,baseline
C02782,D03954,2025-01-01,2026-08-01,20,baseline
C02783,D04200,2025-01-01,2026-08-01,11,baseline
C02784,D04667,2025-01-01,2026-08-01,13,baseline
C02785,D01287,2025-01-01,2026-08-01,3,baseline
C02786,D03902,2025-01-01,2026-08-01,16,baseline
C02787,D00139,2025-01-01,2026-08-01,1,baseline
C02788,D04101,2025-01-01,2026-08-01,4,baseline
C02789,D02623,2025-01-01,2026-08-01,19,baseline
C02790,D04953,2025-01-01,2026-08-01,1,baseline
C02791,D00447,2025-01-01,2026-08-01,13,baseline
C02792,D01007,2025-01-01,2026-08-01,13,baseline
C02793,D00178,2025-01-01,2026-08-01,6,baseline
C02794,D02470,2025-01-01,2026-08-01,19,baseline
C02795,D00449,2025-01-01,2026-08-01,15,baseline
C02796,D01542,2025-01-01,2026-08-01,9,baseline
C02797,D00824,2025-01-01,2026-08-01,1,baseline
C02798,D03762,2025-01-01,2026-08-01,5,baseline
C02799,D00109,2025-01-01,2026-08-01,5,baseline
C02800,D00372,2025-01-01,2026-08-01,19,baseline
C02801,D02774,2025-01-01,2026-08-01,19,baseline
C02802,D00463,2025-01-01,2026-08-01,14,baseline
C02803,D04188,2025-01-01,2026-08-01,9,baseline
C02804,D04161,2025-01-01,2026-08-01,5,baseline
C02805,D01997,2025-01-01,2026-08-01,12,baseline
C02806,D04844,2025-01-01,2026-08-01,9,baseline
C02807,D00964,2025-01-01,2026-08-01,17,baseline
C02808,D01170,2025-01-01,2026-08-01,15,baseline
C02809,D01426,2025-01-01,2026-08-01,20,baseline
C02810,D01889,2025-01-01,2026-08-01,3,baseline
C02811,D02821,2025-01-01,2026-08-01,14,baseline
C02812,D01553,2025-01-01,2026-08-01,14,baseline
C02813,D00948,2025-01-01,2026-08-01,4,baseline
C02814,D04851,2025-01-01,2026-08-01,13,baseline
C02815,D02862,2025-01-01,2026-08-01,12,baseline
C02816,D04869,2025-01-01,2026-08-01,3,baseline
C02817,D04507,2025-01-01,2026-08-01,2,baseline
C02818,D04542,2025-01-01,2026-08-01,11,baseline
C02819,D04046,2025-01-01,2026-08-01,13,baseline
C02820,D02145,2025-01-01,2026-08-01,4,baseline
C02821,D01507,2025-01-01,2026-08-01,12,baseline
C02822,D00912,2025-01-01,2026-08-01,14,baseline
C02823,D00236,2025-01-01,2026-08-01,6,baseline
C02824,D03694,2025-01-01,2026-08-01,8,baseline
C02825,D01781,2025-01-01,2026-08-01,2,baseline
C02826,D03015,2025-01-01,2026-08-01,15,baseline
C02827,D00795,2025-01-01,2026-08-01,5,baseline
C02828,D03511,2025-01-01,2026-08-01,1,baseline
C02829,D03889,2025-01-01,2026-08-01,16,baseline
C02830,D00231,2025-01-01,2026-08-01,11,baseline
C02831,D01279,2025-01-01,2026-08-01,11,baseline
C02832,D00681,2025-01-01,2026-08-01,16,baseline
C02833,D01060,2025-01-01,2026-08-01,16,baseline
C02834,D03974,2025-01-01,2026-08-01,6,baseline
C02835,D03751,2025-01-01,2026-08-01,17,baseline
C02836,D04031,2025-01-01,2026-08-01,5,baseline
C02837,D03719,2025-01-01,2026-08-01,17,baseline
C02838,D03180,2025-01-01,2026-08-01,11,baseline
C02839,D00390,2025-01-01,2026-08-01,7,baseline
C02840,D01402,2025-01-01,2026-08-01,7,baseline
C02841,D02322,2025-01-01,2026-08-01,17,baseline
C02842,D03563,2025-01-01,2026-08-01,14,baseline
C02843,D02609,2025-01-01,2026-08-01,8,baseline
C02844,D04018,2025-01-01,2026-08-01,4,baseline
C02845,D01724,2025-01-01,2026-08-01,5,baseline
C02846,D04820,2025-01-01,2026-08-01,11,baseline
C02847,D00045,2025-01-01,2026-08-01,5,baseline
C02848,D02799,2025-01-01,2026-08-01,11,baseline
C02849,D02856,2025-01-01,2026-08-01,6,baseline
C02850,D01748,2025-01-01,2026-08-01,19,baseline
C02851,D00866,2025-01-01,2026-08-01,11,baseline
C02852,D00651,2025-01-01,2026-08-01,2,baseline
C02853,D00765,2025-01-01,2026-08-01,18,baseline
C02854,D00345,2025-01-01,2026-08-01,16,baseline
C02855,D03952,2025-01-01,2026-08-01,5,baseline
C02856,D04163,2025-01-01,2026-08-01,4,baseline
C02857,D04570,2025-01-01,2026-08-01,19,baseline
C02858,D04572,2025-01-01,2026-08-01,17,baseline
C02859,D00068,2025-01-01,2026-08-01,17,baseline
C02860,D04577,2025-01-01,2026-08-01,11,baseline
C02861,D00342,2025-01-01,2026-08-01,2,baseline
C02862,D04321,2025-01-01,2026-08-01,18,baseline
C02863,D00831,2025-01-01,2026-08-01,8,baseline
C02864,D00258,2025-01-01,2026-08-01,8,baseline
C02865,D00180,2025-01-01,2026-08-01,19,baseline
C02866,D00239,2025-01-01,2026-08-01,7,baseline
C02867,D04041,2025-01-01,2026-08-01,9,baseline
C02868,D03282,2025-01-01,2026-08-01,3,baseline
C02869,D03293,2025-01-01,2026-08-01,19,baseline
C02870,D03691,2025-01-01,2026-08-01,5,baseline
C02871,D00495,2025-01-01,2026-08-01,16,baseline
C02872,D02041,2025-01-01,2026-08-01,10,baseline
C02873,D03520,2025-01-01,2026-08-01,20,baseline
C02874,D04973,2025-01-01,2026-08-01,1,baseline
C02875,D00926,2025-01-01,2026-08-01,2,baseline
C02876,D01771,2025-01-01,2026-08-01,3,baseline
C02877,D01976,2025-01-01,2026-08-01,15,baseline
C02878,D04135,2025-01-01,2026-08-01,2,baseline
C02879,D02197,2025-01-01,2026-08-01,13,baseline
C02880,D00045,2025-01-01,2026-08-01,16,baseline
C02881,D00665,2025-01-01,2026-08-01,20,baseline
C02882,D04803,2025-01-01,2026-08-01,6,baseline
C02883,D02707,2025-01-01,2026-08-01,20,baseline
C02884,D00493,2025-01-01,2026-08-01,6,baseline
C02885,D01724,2025-01-01,2026-08-01,2,baseline
C02886,D04732,2025-01-01,2026-08-01,19,baseline
C02887,D04339,2025-01-01,2026-08-01,2,baseline
C02888,D02647,2025-01-01,2026-08-01,2,baseline
C02889,D02436,2025-01-01,2026-08-01,9,baseline
C02890,D00030,2025-01-01,2026-08-01,4,baseline
C02891,D00550,2025-01-01,2026-08-01,14,baseline
C02892,D00228,2025-01-01,2026-08-01,12,baseline
C02893,D01125,2025-01-01,2026-08-01,3,baseline
C02894,D03885,2025-01-01,2026-08-01,11,baseline
C02895,D02635,2025-01-01,2026-08-01,7,baseline
C02896,D02405,2025-01-01,2026-08-01,6,baseline
C02897,D03497,2025-01-01,2026-08-01,12,baseline
C02898,D03924,2025-01-01,2026-08-01,12,baseline
C02899,D04362,2025-01-01,2026-08-01,9,baseline
C02900,D00786,2025-01-01,2026-08-01,5,baseline
C02901,D01469,2025-01-01,2026-08-01,13,baseline
C02902,D01504,2025-01-01,2026-08-01,10,baseline
C02903,D00669,2025-01-01,2026-08-01,9,baseline
C02904,D02738,2025-01-01,2026-08-01,20,baseline
C02905,D00938,2025-01-01,2026-08-01,17,baseline
C02906,D03321,2025-01-01,2026-08-01,11,baseline
C02907,D02772,2025-01-01,2026-08-01,9,baseline
C02908,D01827,2025-01-01,2026-08-01,20,baseline
C02909,D04653,2025-01-01,2026-08-01,8,baseline
C02910,D00687,2025-01-01,2026-08-01,14,baseline
C02911,D01463,2025-01-01,2026-08-01,16,baseline
C02912,D01165,2025-01-01,2026-08-01,10,baseline
C02913,D03098,2025-01-01,2026-08-01,5,baseline
C02914,D00652,2025-01-01,2026-08-01,3,baseline
C02915,D00161,2025-01-01,2026-08-01,15,baseline
C02916,D03441,2025-01-01,2026-08-01,18,baseline
C02917,D01039,2025-01-01,2026-08-01,7,baseline
C02918,D00967,2025-01-01,2026-08-01,16,baseline
C02919,D00692,2025-01-01,2026-08-01,9,baseline
C02920,D03805,2025-01-01,2026-08-01,11,baseline
C02921,D00268,2025-01-01,2026-08-01,3,baseline
C02922,D03988,2025-01-01,2026-08-01,2,baseline
C02923,D02910,2025-01-01,2026-08-01,15,baseline
C02924,D00844,2025-01-01,2026-08-01,9,baseline
C02925,D00184,2025-01-01,2026-08-01,5,baseline
C02926,D03206,2025-01-01,2026-08-01,15,baseline
C02927,D01024,2025-01-01,2026-08-01,17,baseline
C02928,D02247,2025-01-01,2026-08-01,9,baseline
C02929,D02298,2025-01-01,2026-08-01,5,baseline
C02930,D01845,2025-01-01,2026-08-01,5,baseline
C02931,D01386,2025-01-01,2026-08-01,1,baseline
C02932,D04960,2025-01-01,2026-08-01,11,baseline
C02933,D00669,2025-01-01,2026-08-01,2,baseline
C02934,D02409,2025-01-01,2026-08-01,5,baseline
C02935,D03835,2025-01-01,2026-08-01,20,baseline
C02936,D03882,2025-01-01,2026-08-01,13,baseline
C02937,D01142,2025-01-01,2026-08-01,14,baseline
C02938,D01874,2025-01-01,2026-08-01,7,baseline
C02939,D01658,2025-01-01,2026-08-01,6,baseline
C02940,D03405,2025-01-01,2026-08-01,6,baseline
C02941,D01420,2025-01-01,2026-08-01,15,baseline
C02942,D00679,2025-01-01,2026-08-01,10,baseline
C02943,D02724,2025-01-01,2026-08-01,12,baseline
C02944,D03556,2025-01-01,2026-08-01,5,baseline
C02945,D03837,2025-01-01,2026-08-01,15,baseline
C02946,D00564,2025-01-01,2026-08-01,13,baseline
C02947,D03447,2025-01-01,2026-08-01,19,baseline
C02948,D02285,2025-01-01,2026-08-01,19,baseline
C02949,D00715,2025-01-01,2026-08-01,15,baseline
C02950,D03244,2025-01-01,2026-08-01,9,baseline
C02951,D03699,2025-01-01,2026-08-01,17,baseline
C02952,D00462,2025-01-01,2026-08-01,16,baseline
C02953,D02712,2025-01-01,2026-08-01,5,baseline
C02954,D04085,2025-01-01,2026-08-01,11,baseline
C02955,D00154,2025-01-01,2026-08-01,9,baseline
C02956,D02254,2025-01-01,2026-08-01,18,baseline
C02957,D03785,2025-01-01,2026-08-01,3,baseline
C02958,D01723,2025-01-01,2026-08-01,2,baseline
C02959,D03988,2025-01-01,2026-08-01,14,baseline
C02960,D00920,2025-01-01,2026-08-01,16,baseline
C02961,D04142,2025-01-01,2026-08-01,4,baseline
C02962,D03756,2025-01-01,2026-08-01,9,baseline
C02963,D00847,2025-01-01,2026-08-01,5,baseline
C02964,D04435,2025-01-01,2026-08-01,6,baseline
C02965,D01246,2025-01-01,2026-08-01,12,baseline
C02966,D03427,2025-01-01,2026-08-01,15,baseline
C02967,D02432,2025-01-01,2026-08-01,16,baseline
C02968,D01563,2025-01-01,2026-08-01,4,baseline
C02969,D04604,2025-01-01,2026-08-01,10,baseline
C02970,D03483,2025-01-01,2026-08-01,9,baseline
C02971,D02773,2025-01-01,2026-08-01,13,baseline
C02972,D04972,2025-01-01,2026-08-01,4,baseline
C02973,D03837,2025-01-01,2026-08-01,12,baseline
C02974,D00857,2025-01-01,2026-08-01,12,baseline
C02975,D03514,2025-01-01,2026-08-01,4,baseline
C02976,D01244,2025-01-01,2026-08-01,18,baseline
C02977,D01892,2025-01-01,2026-08-01,9,baseline
C02978,D04483,2025-01-01,2026-08-01,6,baseline
C02979,D03586,2025-01-01,2026-08-01,17,baseline
C02980,D03463,2025-01-01,2026-08-01,5,baseline
C02981,D02038,2025-01-01,2026-08-01,11,baseline
C02982,D02272,2025-01-01,2026-08-01,6,baseline
C02983,D00978,2025-01-01,2026-08-01,8,baseline
C02984,D04564,2025-01-01,2026-08-01,14,baseline
C02985,D04042,2025-01-01,2026-08-01,19,baseline
C02986,D01791,2025-01-01,2026-08-01,6,baseline
C02987,D04654,2025-01-01,2026-08-01,18,baseline
C02988,D03179,2025-01-01,2026-08-01,2,baseline
C02989,D01991,2025-01-01,2026-08-01,20,baseline
C02990,D04049,2025-01-01,2026-08-01,12,baseline
C02991,D03058,2025-01-01,2026-08-01,20,baseline
C02992,D04968,2025-01-01,2026-08-01,8,baseline
C02993,D02132,2025-01-01,2026-08-01,8,baseline
C02994,D04223,2025-01-01,2026-08-01,2,baseline
C02995,D04882,2025-01-01,2026-08-01,9,baseline
C02996,D02314,2025-01-01,2026-08-01,12,baseline
C02997,D03598,2025-01-01,2026-08-01,15,baseline
C02998,D00189,2025-01-01,2026-08-01,4,baseline
C02999,D00610,2025-01-01,2026-08-01,12,baseline
C03000,D04117,2025-01-01,2026-08-01,19,baseline
C03001,D04640,2025-01-01,2026-08-01,11,baseline
C03002,D03056,2025-01-01,2026-08-01,8,baseline
C03003,D01035,2025-01-01,2026-08-01,8,baseline
C03004,D00114,2025-01-01,2026-08-01,15,baseline
C03005,D04552,2025-01-01,2026-08-01,6,baseline
C03006,D01868,2025-01-01,2026-08-01,15,baseline
C03007,D00154,2025-01-01,2026-08-01,13,baseline
C03008,D02665,2025-01-01,2026-08-01,19,baseline
C03009,D02052,2025-01-01,2026-08-01,14,baseline
C03010,D01131,2025-01-01,2026-08-01,3,baseline
C03011,D03965,2025-01-01,2026-08-01,5,baseline
C03012,D04406,2025-01-01,2026-08-01,20,baseline
C03013,D03121,2025-01-01,2026-08-01,13,baseline
C03014,D02302,2025-01-01,2026-08-01,14,baseline
C03015,D01760,2025-01-01,2026-08-01,20,baseline
C03016,D04625,2025-01-01,2026-08-01,19,baseline
C03017,D04909,2025-01-01,2026-08-01,7,baseline
C03018,D03616,2025-01-01,2026-08-01,1,baseline
C03019,D02304,2025-01-01,2026-08-01,13,baseline
C03020,D03418,2025-01-01,2026-08-01,2,baseline
C03021,D01343,2025-01-01,2026-08-01,5,baseline
C03022,D00835,2025-01-01,2026-08-01,5,baseline
C03023,D03975,2025-01-01,2026-08-01,4,baseline
C03024,D00178,2025-01-01,2026-08-01,11,baseline
C03025,D00032,2025-01-01,2026-08-01,13,baseline
C03026,D00213,2025-01-01,2026-08-01,19,baseline
C03027,D00650,2025-01-01,2026-08-01,15,baseline
C03028,D03264,2025-01-01,2026-08-01,14,baseline
C03029,D01874,2025-01-01,2026-08-01,11,baseline
C03030,D04178,2025-01-01,2026-08-01,20,baseline
C03031,D00190,2025-01-01,2026-08-01,6,baseline
C03032,D01003,2025-01-01,2026-08-01,9,baseline
C03033,D04832,2025-01-01,2026-08-01,3,baseline
C03034,D02565,2025-01-01,2026-08-01,18,baseline
C03035,D03286,2025-01-01,2026-08-01,16,baseline
C03036,D04285,2025-01-01,2026-08-01,7,baseline
C03037,D04926,2025-01-01,2026-08-01,19,baseline
C03038,D00016,2025-01-01,2026-08-01,10,baseline
C03039,D01597,2025-01-01,2026-08-01,11,baseline
C03040,D01944,2025-01-01,2026-08-01,6,baseline
C03041,D03855,2025-01-01,2026-08-01,2,baseline
C03042,D03324,2025-01-01,2026-08-01,3,baseline
C03043,D01807,2025-01-01,2026-08-01,5,baseline
C03044,D04143,2025-01-01,2026-08-01,16,baseline
C03045,D01123,2025-01-01,2026-08-01,11,baseline
C03046,D03500,2025-01-01,2026-08-01,18,baseline
C03047,D02849,2025-01-01,2026-08-01,6,baseline
C03048,D02179,2025-01-01,2026-08-01,8,baseline
C03049,D04882,2025-01-01,2026-08-01,16,baseline
C03050,D04029,2025-01-01,2026-08-01,11,baseline
C03051,D02756,2025-01-01,2026-08-01,10,baseline
C03052,D00821,2025-01-01,2026-08-01,15,baseline
C03053,D04946,2025-01-01,2026-08-01,4,baseline
C03054,D04308,2025-01-01,2026-08-01,9,baseline
C03055,D02728,2025-01-01,2026-08-01,19,baseline
C03056,D01402,2025-01-01,2026-08-01,13,baseline
C03057,D02542,2025-01-01,2026-08-01,19,baseline
C03058,D02565,2025-01-01,2026-08-01,20,baseline
C03059,D02669,2025-01-01,2026-08-01,7,baseline
C03060,D02991,2025-01-01,2026-08-01,9,baseline
C03061,D04981,2025-01-01,2026-08-01,2,baseline
C03062,D04958,2025-01-01,2026-08-01,11,baseline
C03063,D00542,2025-01-01,2026-08-01,9,baseline
C03064,D00085,2025-01-01,2026-08-01,3,baseline
C03065,D04526,2025-01-01,2026-08-01,20,baseline
C03066,D03802,2025-01-01,2026-08-01,6,baseline
C03067,D04679,2025-01-01,2026-08-01,1,baseline
C03068,D02519,2025-01-01,2026-08-01,15,baseline
C03069,D01642,2025-01-01,2026-08-01,16,baseline
C03070,D04849,2025-01-01,2026-08-01,5,baseline
C03071,D03133,2025-01-01,2026-08-01,14,baseline
C03072,D03064,2025-01-01,2026-08-01,20,baseline
C03073,D00584,2025-01-01,2026-08-01,17,baseline
C03074,D03870,2025-01-01,2026-08-01,1,baseline
C03075,D04748,2025-01-01,2026-08-01,9,baseline
C03076,D01813,2025-01-01,2026-08-01,4,baseline
C03077,D02698,2025-01-01,2026-08-01,9,baseline
C03078,D00375,2025-01-01,2026-08-01,16,baseline
C03079,D00783,2025-01-01,2026-08-01,10,baseline
C03080,D04051,2025-01-01,2026-08-01,14,baseline
C03081,D02538,2025-01-01,2026-08-01,2,baseline
C03082,D01256,2025-01-01,2026-08-01,18,baseline
C03083,D03977,2025-01-01,2026-08-01,9,baseline
C03084,D03402,2025-01-01,2026-08-01,1,baseline
C03085,D01960,2025-01-01,2026-08-01,3,baseline
C03086,D04285,2025-01-01,2026-08-01,12,baseline
C03087,D02209,2025-01-01,2026-08-01,16,baseline
C03088,D04593,2025-01-01,2026-08-01,5,baseline
C03089,D02970,2025-01-01,2026-08-01,13,baseline
C03090,D00859,2025-01-01,2026-08-01,6,baseline
C03091,D01363,2025-01-01,2026-08-01,10,baseline
C03092,D04264,2025-01-01,2026-08-01,5,baseline
C03093,D03703,2025-01-01,2026-08-01,5,baseline
C03094,D02376,2025-01-01,2026-08-01,2,baseline
C03095,D02547,2025-01-01,2026-08-01,16,baseline
C03096,D04364,2025-01-01,2026-08-01,17,baseline
C03097,D00276,2025-01-01,2026-08-01,9,baseline
C03098,D04690,2025-01-01,2026-08-01,3,baseline
C03099,D00192,2025-01-01,2026-08-01,16,baseline
C03100,D00143,2025-01-01,2026-08-01,5,baseline
C03101,D02972,2025-01-01,2026-08-01,18,baseline
C03102,D04811,2025-01-01,2026-08-01,9,baseline
C03103,D01171,2025-01-01,2026-08-01,1,baseline
C03104,D00381,2025-01-01,2026-08-01,1,baseline
C03105,D04868,2025-01-01,2026-08-01,9,baseline
C03106,D03191,2025-01-01,2026-08-01,11,baseline
C03107,D03509,2025-01-01,2026-08-01,1,baseline
C03108,D02764,2025-01-01,2026-08-01,9,baseline
C03109,D02160,2025-01-01,2026-08-01,6,baseline
C03110,D01733,2025-01-01,2026-08-01,7,baseline
C03111,D00070,2025-01-01,2026-08-01,14,baseline
C03112,D02052,2025-01-01,2026-08-01,7,baseline
C03113,D03633,2025-01-01,2026-08-01,5,baseline
C03114,D03498,2025-01-01,2026-08-01,19,baseline
C03115,D01290,2025-01-01,2026-08-01,4,baseline
C03116,D01064,2025-01-01,2026-08-01,19,baseline
C03117,D02956,2025-01-01,2026-08-01,19,baseline
C03118,D00647,2025-01-01,2026-08-01,15,baseline
C03119,D04166,2025-01-01,2026-08-01,17,baseline
C03120,D02195,2025-01-01,2026-08-01,18,baseline
C03121,D04586,2025-01-01,2026-08-01,17,baseline
C03122,D03541,2025-01-01,2026-08-01,9,baseline
C03123,D00118,2025-01-01,2026-08-01,19,baseline
C03124,D00691,2025-01-01,2026-08-01,6,baseline
C03125,D02517,2025-01-01,2026-08-01,16,baseline
C03126,D02442,2025-01-01,2026-08-01,14,baseline
C03127,D01754,2025-01-01,2026-08-01,2,baseline
C03128,D02479,2025-01-01,2026-08-01,11,baseline
C03129,D02338,2025-01-01,2026-08-01,1,baseline
C03130,D02255,2025-01-01,2026-08-01,7,baseline
C03131,D04149,2025-01-01,2026-08-01,19,baseline
C03132,D02023,2025-01-01,2026-08-01,14,baseline
C03133,D03443,2025-01-01,2026-08-01,10,baseline
C03134,D00320,2025-01-01,2026-08-01,11,baseline
C03135,D03874,2025-01-01,2026-08-01,4,baseline
C03136,D04679,2025-01-01,2026-08-01,13,baseline
C03137,D01843,2025-01-01,2026-08-01,2,baseline
C03138,D04885,2025-01-01,2026-08-01,12,baseline
C03139,D00418,2025-01-01,2026-08-01,16,baseline
C03140,D01826,2025-01-01,2026-08-01,1,baseline
C03141,D00240,2025-01-01,2026-08-01,5,baseline
C03142,D03922,2025-01-01,2026-08-01,17,baseline
C03143,D01308,2025-01-01,2026-08-01,16,baseline
C03144,D02187,2025-01-01,2026-08-01,10,baseline
C03145,D03412,2025-01-01,2026-08-01,19,baseline
C03146,D01570,2025-01-01,2026-08-01,12,baseline
C03147,D04082,2025-01-01,2026-08-01,3,baseline
C03148,D01022,2025-01-01,2026-08-01,4,baseline
C03149,D04173,2025-01-01,2026-08-01,5,baseline
C03150,D00636,2025-01-01,2026-08-01,8,baseline
C03151,D03636,2025-01-01,2026-08-01,5,baseline
C03152,D03076,2025-01-01,2026-08-01,3,baseline
C03153,D01030,2025-01-01,2026-08-01,18,baseline
C03154,D00175,2025-01-01,2026-08-01,2,baseline
C03155,D04916,2025-01-01,2026-08-01,11,baseline
C03156,D02450,2025-01-01,2026-08-01,1,baseline
C03157,D03882,2025-01-01,2026-08-01,9,baseline
C03158,D00251,2025-01-01,2026-08-01,7,baseline
C03159,D02083,2025-01-01,2026-08-01,14,baseline
C03160,D00239,2025-01-01,2026-08-01,12,baseline
C03161,D03677,2025-01-01,2026-08-01,7,baseline
C03162,D02185,2025-01-01,2026-08-01,4,baseline
C03163,D00493,2025-01-01,2026-08-01,6,baseline
C03164,D03178,2025-01-01,2026-08-01,20,baseline
C03165,D03477,2025-01-01,2026-08-01,6,baseline
C03166,D02226,2025-01-01,2026-08-01,17,baseline
C03167,D03215,2025-01-01,2026-08-01,3,baseline
C03168,D00460,2025-01-01,2026-08-01,5,baseline
C03169,D04181,2025-01-01,2026-08-01,5,baseline
C03170,D04613,2025-01-01,2026-08-01,17,baseline
C03171,D02394,2025-01-01,2026-08-01,7,baseline
C03172,D03846,2025-01-01,2026-08-01,5,baseline
C03173,D00603,2025-01-01,2026-08-01,17,baseline
C03174,D00574,2025-01-01,2026-08-01,18,baseline
C03175,D00700,2025-01-01,2026-08-01,16,baseline
C03176,D01974,2025-01-01,2026-08-01,2,baseline
C03177,D01357,2025-01-01,2026-08-01,1,baseline
C03178,D04099,2025-01-01,2026-08-01,13,baseline
C03179,D00804,2025-01-01,2026-08-01,18,baseline
C03180,D00438,2025-01-01,2026-08-01,9,baseline
C03181,D01025,2025-01-01,2026-08-01,20,baseline
C03182,D02706,2025-01-01,2026-08-01,2,baseline
C03183,D04806,2025-01-01,2026-08-01,18,baseline
C03184,D01457,2025-01-01,2026-08-01,3,baseline
C03185,D02257,2025-01-01,2026-08-01,12,baseline
C03186,D04575,2025-01-01,2026-08-01,14,baseline
C03187,D00676,2025-01-01,2026-08-01,10,baseline
C03188,D04545,2025-01-01,2026-08-01,16,baseline
C03189,D02262,2025-01-01,2026-08-01,3,baseline
C03190,D02977,2025-01-01,2026-08-01,4,baseline
C03191,D03432,2025-01-01,2026-08-01,19,baseline
C03192,D02570,2025-01-01,2026-08-01,7,baseline
C03193,D01113,2025-01-01,2026-08-01,3,baseline
C03194,D00809,2025-01-01,2026-08-01,4,baseline
C03195,D02358,2025-01-01,2026-08-01,13,baseline
C03196,D04284,2025-01-01,2026-08-01,18,baseline
C03197,D03688,2025-01-01,2026-08-01,18,baseline
C03198,D04913,2025-01-01,2026-08-01,20,baseline
C03199,D04092,2025-01-01,2026-08-01,2,baseline
C03200,D04035,2025-01-01,2026-08-01,8,baseline
C03201,D04733,2025-01-01,2026-08-01,18,baseline
C03202,D01364,2025-01-01,2026-08-01,6,baseline
C03203,D04313,2025-01-01,2026-08-01,5,baseline
C03204,D00053,2025-01-01,2026-08-01,5,baseline
C03205,D02871,2025-01-01,2026-08-01,5,baseline
C03206,D02206,2025-01-01,2026-08-01,17,baseline
C03207,D01001,2025-01-01,2026-08-01,15,baseline
C03208,D04639,2025-01-01,2026-08-01,8,baseline
C03209,D01335,2025-01-01,2026-08-01,11,baseline
C03210,D00742,2025-01-01,2026-08-01,15,baseline
C03211,D04915,2025-01-01,2026-08-01,3,baseline
C03212,D02908,2025-01-01,2026-08-01,2,baseline
C03213,D02509,2025-01-01,2026-08-01,4,baseline
C03214,D03727,2025-01-01,2026-08-01,16,baseline
C03215,D01069,2025-01-01,2026-08-01,1,baseline
C03216,D03237,2025-01-01,2026-08-01,1,baseline
C03217,D00960,2025-01-01,2026-08-01,10,baseline
C03218,D04284,2025-01-01,2026-08-01,15,baseline
C03219,D01667,2025-01-01,2026-08-01,15,baseline
C03220,D02165,2025-01-01,2026-08-01,9,baseline
C03221,D03883,2025-01-01,2026-08-01,14,baseline
C03222,D03555,2025-01-01,2026-08-01,7,baseline
C03223,D02314,2025-01-01,2026-08-01,4,baseline
C03224,D00823,2025-01-01,2026-08-01,20,baseline
C03225,D04956,2025-01-01,2026-08-01,7,baseline
C03226,D01455,2025-01-01,2026-08-01,8,baseline
C03227,D02456,2025-01-01,2026-08-01,16,baseline
C03228,D00295,2025-01-01,2026-08-01,2,baseline
C03229,D02888,2025-01-01,2026-08-01,1,baseline
C03230,D03585,2025-01-01,2026-08-01,4,baseline
C03231,D03077,2025-01-01,2026-08-01,13,baseline
C03232,D03151,2025-01-01,2026-08-01,18,baseline
C03233,D03526,2025-01-01,2026-08-01,17,baseline
C03234,D00505,2025-01-01,2026-08-01,3,baseline
C03235,D04742,2025-01-01,2026-08-01,20,baseline
C03236,D04030,2025-01-01,2026-08-01,7,baseline
C03237,D04377,2025-01-01,2026-08-01,6,baseline
C03238,D02271,2025-01-01,2026-08-01,12,baseline
C03239,D02954,2025-01-01,2026-08-01,16,baseline
C03240,D01047,2025-01-01,2026-08-01,14,baseline
C03241,D01627,2025-01-01,2026-08-01,2,baseline
C03242,D03406,2025-01-01,2026-08-01,5,baseline
C03243,D04861,2025-01-01,2026-08-01,15,baseline
C03244,D01063,2025-01-01,2026-08-01,7,baseline
C03245,D00199,2025-01-01,2026-08-01,19,baseline
C03246,D02208,2025-01-01,2026-08-01,10,baseline
C03247,D04397,2025-01-01,2026-08-01,17,baseline
C03248,D02757,2025-01-01,2026-08-01,18,baseline
C03249,D00765,2025-01-01,2026-08-01,14,baseline
C03250,D02366,2025-01-01,2026-08-01,20,baseline
C03251,D00327,2025-01-01,2026-08-01,20,baseline
C03252,D01538,2025-01-01,2026-08-01,7,baseline
C03253,D04054,2025-01-01,2026-08-01,15,baseline
C03254,D03201,2025-01-01,2026-08-01,5,baseline
C03255,D01204,2025-01-01,2026-08-01,17,baseline
C03256,D02853,2025-01-01,2026-08-01,2,baseline
C03257,D02933,2025-01-01,2026-08-01,8,baseline
C03258,D04338,2025-01-01,2026-08-01,5,baseline
C03259,D04441,2025-01-01,2026-08-01,12,baseline
C03260,D00506,2025-01-01,2026-08-01,5,baseline
C03261,D03763,2025-01-01,2026-08-01,13,baseline
C03262,D04539,2025-01-01,2026-08-01,12,baseline
C03263,D04794,2025-01-01,2026-08-01,7,baseline
C03264,D03905,2025-01-01,2026-08-01,5,baseline
C03265,D00839,2025-01-01,2026-08-01,1,baseline
C03266,D04899,2025-01-01,2026-08-01,14,baseline
C03267,D02436,2025-01-01,2026-08-01,3,baseline
C03268,D01392,2025-01-01,2026-08-01,18,baseline
C03269,D02644,2025-01-01,2026-08-01,12,baseline
C03270,D04376,2025-01-01,2026-08-01,19,baseline
C03271,D02681,2025-01-01,2026-08-01,8,baseline
C03272,D02297,2025-01-01,2026-08-01,12,baseline
C03273,D02268,2025-01-01,2026-08-01,12,baseline
C03274,D01699,2025-01-01,2026-08-01,17,baseline
C03275,D01387,2025-01-01,2026-08-01,4,baseline
C03276,D03365,2025-01-01,2026-08-01,4,baseline
C03277,D00656,2025-01-01,2026-08-01,2,baseline
C03278,D02842,2025-01-01,2026-08-01,20,baseline
C03279,D04657,2025-01-01,2026-08-01,9,baseline
C03280,D01401,2025-01-01,2026-08-01,8,baseline
C03281,D00855,2025-01-01,2026-08-01,8,baseline
C03282,D02508,2025-01-01,2026-08-01,6,baseline
C03283,D01346,2025-01-01,2026-08-01,17,baseline
C03284,D04939,2025-01-01,2026-08-01,7,baseline
C03285,D02602,2025-01-01,2026-08-01,4,baseline
C03286,D03379,2025-01-01,2026-08-01,11,baseline
C03287,D02928,2025-01-01,2026-08-01,14,baseline
C03288,D01852,2025-01-01,2026-08-01,12,baseline
C03289,D03130,2025-01-01,2026-08-01,4,baseline
C03290,D01583,2025-01-01,2026-08-01,19,baseline
C03291,D02137,2025-01-01,2026-08-01,3,baseline
C03292,D03238,2025-01-01,2026-08-01,11,baseline
C03293,D00033,2025-01-01,2026-08-01,16,baseline
C03294,D04869,2025-01-01,2026-08-01,9,baseline
C03295,D00790,2025-01-01,2026-08-01,6,baseline
C03296,D00409,2025-01-01,2026-08-01,7,baseline
C03297,D03014,2025-01-01,2026-08-01,17,baseline
C03298,D03083,2025-01-01,2026-08-01,7,baseline
C03299,D00255,2025-01-01,2026-08-01,6,baseline
C03300,D03376,2025-01-01,2026-08-01,19,baseline
C03301,D03904,2025-01-01,2026-08-01,1,baseline
C03302,D00536,2025-01-01,2026-08-01,5,baseline
C03303,D03421,2025-01-01,2026-08-01,15,baseline
C03304,D03883,2025-01-01,2026-08-01,7,baseline
C03305,D01116,2025-01-01,2026-08-01,7,baseline
C03306,D03860,2025-01-01,2026-08-01,20,baseline
C03307,D00788,2025-01-01,2026-08-01,7,baseline
C03308,D01308,2025-01-01,2026-08-01,16,baseline
C03309,D02897,2025-01-01,2026-08-01,3,baseline
C03310,D01785,2025-01-01,2026-08-01,5,baseline
C03311,D04799,2025-01-01,2026-08-01,2,baseline
C03312,D04450,2025-01-01,2026-08-01,16,baseline
C03313,D03444,2025-01-01,2026-08-01,8,baseline
C03314,D03073,2025-01-01,2026-08-01,6,baseline
C03315,D02446,2025-01-01,2026-08-01,6,baseline
C03316,D04422,2025-01-01,2026-08-01,13,baseline
C03317,D00308,2025-01-01,2026-08-01,6,baseline
C03318,D00908,2025-01-01,2026-08-01,5,baseline
C03319,D00635,2025-01-01,2026-08-01,13,baseline
C03320,D02221,2025-01-01,2026-08-01,15,baseline
C03321,D04266,2025-01-01,2026-08-01,18,baseline
C03322,D02097,2025-01-01,2026-08-01,18,baseline
C03323,D01974,2025-01-01,2026-08-01,5,baseline
C03324,D00669,2025-01-01,2026-08-01,15,baseline
C03325,D04419,2025-01-01,2026-08-01,10,baseline
C03326,D03856,2025-01-01,2026-08-01,9,baseline
C03327,D03071,2025-01-01,2026-08-01,5,baseline
C03328,D01709,2025-01-01,2026-08-01,4,baseline
C03329,D03807,2025-01-01,2026-08-01,12,baseline
C03330,D04238,2025-01-01,2026-08-01,17,baseline
C03331,D03108,2025-01-01,2026-08-01,3,baseline
C03332,D02494,2025-01-01,2026-08-01,16,baseline
C03333,D04215,2025-01-01,2026-08-01,8,baseline
C03334,D03478,2025-01-01,2026-08-01,20,baseline
C03335,D03999,2025-01-01,2026-08-01,4,baseline
C03336,D01715,2025-01-01,2026-08-01,10,baseline
C03337,D04339,2025-01-01,2026-08-01,12,baseline
C03338,D02410,2025-01-01,2026-08-01,15,baseline
C03339,D02905,2025-01-01,2026-08-01,12,baseline
C03340,D03476,2025-01-01,2026-08-01,11,baseline
C03341,D02573,2025-01-01,2026-08-01,13,baseline
C03342,D02792,2025-01-01,2026-08-01,19,baseline
C03343,D01553,2025-01-01,2026-08-01,7,baseline
C03344,D04754,2025-01-01,2026-08-01,5,baseline
C03345,D00881,2025-01-01,2026-08-01,14,baseline
C03346,D01004,2025-01-01,2026-08-01,8,baseline
C03347,D03410,2025-01-01,2026-08-01,18,baseline
C03348,D00843,2025-01-01,2026-08-01,6,baseline
C03349,D01149,2025-01-01,2026-08-01,17,baseline
C03350,D00284,2025-01-01,2026-08-01,8,baseline
C03351,D00703,2025-01-01,2026-08-01,7,baseline
C03352,D00301,2025-01-01,2026-08-01,16,baseline
C03353,D03204,2025-01-01,2026-08-01,15,baseline
C03354,D02920,2025-01-01,2026-08-01,3,baseline
C03355,D01294,2025-01-01,2026-08-01,12,baseline
C03356,D03151,2025-01-01,2026-08-01,6,baseline
C03357,D04007,2025-01-01,2026-08-01,2,baseline
C03358,D04143,2025-01-01,2026-08-01,16,baseline
C03359,D00555,2025-01-01,2026-08-01,7,baseline
C03360,D04798,2025-01-01,2026-08-01,3,baseline
C03361,D00899,2025-01-01,2026-08-01,4,baseline
C03362,D01464,2025-01-01,2026-08-01,15,baseline
C03363,D04460,2025-01-01,2026-08-01,10,baseline
C03364,D03009,2025-01-01,2026-08-01,17,baseline
C03365,D04031,2025-01-01,2026-08-01,8,baseline
C03366,D03007,2025-01-01,2026-08-01,20,baseline
C03367,D04288,2025-01-01,2026-08-01,13,baseline
C03368,D04496,2025-01-01,2026-08-01,19,baseline
C03369,D04781,2025-01-01,2026-08-01,6,baseline
C03370,D04486,2025-01-01,2026-08-01,12,baseline
C03371,D01481,2025-01-01,2026-08-01,9,baseline
C03372,D02723,2025-01-01,2026-08-01,1,baseline
C03373,D00774,2025-01-01,2026-08-01,14,baseline
C03374,D00364,2025-01-01,2026-08-01,16,baseline
C03375,D01701,2025-01-01,2026-08-01,12,baseline
C03376,D04812,2025-01-01,2026-08-01,18,baseline
C03377,D03721,2025-01-01,2026-08-01,12,baseline
C03378,D01084,2025-01-01,2026-08-01,6,baseline
C03379,D01659,2025-01-01,2026-08-01,16,baseline
C03380,D04804,2025-01-01,2026-08-01,17,baseline
C03381,D04279,2025-01-01,2026-08-01,5,baseline
C03382,D01191,2025-01-01,2026-08-01,9,baseline
C03383,D00508,2025-01-01,2026-08-01,9,baseline
C03384,D00135,2025-01-01,2026-08-01,15,baseline
C03385,D00321,2025-01-01,2026-08-01,3,baseline
C03386,D03432,2025-01-01,2026-08-01,8,baseline
C03387,D04758,2025-01-01,2026-08-01,4,baseline
C03388,D00338,2025-01-01,2026-08-01,16,baseline
C03389,D04077,2025-01-01,2026-08-01,13,baseline
C03390,D02358,2025-01-01,2026-08-01,20,baseline
C03391,D01416,2025-01-01,2026-08-01,5,baseline
C03392,D01606,2025-01-01,2026-08-01,7,baseline
C03393,D04093,2025-01-01,2026-08-01,10,baseline
C03394,D01565,2025-01-01,2026-08-01,5,baseline
C03395,D04954,2025-01-01,2026-08-01,8,baseline
C03396,D00322,2025-01-01,2026-08-01,10,baseline
C03397,D04597,2025-01-01,2026-08-01,18,baseline
C03398,D03436,2025-01-01,2026-08-01,19,baseline
C03399,D02217,2025-01-01,2026-08-01,2,baseline
C03400,D01652,2025-01-01,2026-08-01,15,baseline
C03401,D00634,2025-01-01,2026-08-01,7,baseline
C03402,D03525,2025-01-01,2026-08-01,4,baseline
C03403,D04962,2025-01-01,2026-08-01,6,baseline
C03404,D01331,2025-01-01,2026-08-01,6,baseline
C03405,D04824,2025-01-01,2026-08-01,14,baseline
C03406,D04276,2025-01-01,2026-08-01,6,baseline
C03407,D03092,2025-01-01,2026-08-01,20,baseline
C03408,D00780,2025-01-01,2026-08-01,14,baseline
C03409,D04961,2025-01-01,2026-08-01,3,baseline
C03410,D02606,2025-01-01,2026-08-01,12,baseline
C03411,D00735,2025-01-01,2026-08-01,8,baseline
C03412,D00262,2025-01-01,2026-08-01,17,baseline
C03413,D03024,2025-01-01,2026-08-01,3,baseline
C03414,D01867,2025-01-01,2026-08-01,1,baseline
C03415,D00658,2025-01-01,2026-08-01,2,baseline
C03416,D04521,2025-01-01,2026-08-01,19,baseline
C03417,D00921,2025-01-01,2026-08-01,4,baseline
C03418,D02095,2025-01-01,2026-08-01,8,baseline
C03419,D01125,2025-01-01,2026-08-01,9,baseline
C03420,D02225,2025-01-01,2026-08-01,3,baseline
C03421,D03172,2025-01-01,2026-08-01,4,baseline
C03422,D02960,2025-01-01,2026-08-01,10,baseline
C03423,D03087,2025-01-01,2026-08-01,7,baseline
C03424,D00133,2025-01-01,2026-08-01,15,baseline
C03425,D04167,2025-01-01,2026-08-01,15,baseline
C03426,D03568,2025-01-01,2026-08-01,11,baseline
C03427,D00992,2025-01-01,2026-08-01,19,baseline
C03428,D00764,2025-01-01,2026-08-01,6,baseline
C03429,D02414,2025-01-01,2026-08-01,19,baseline
C03430,D02427,2025-01-01,2026-08-01,2,baseline
C03431,D01180,2025-01-01,2026-08-01,16,baseline
C03432,D02506,2025-01-01,2026-08-01,4,baseline
C03433,D02894,2025-01-01,2026-08-01,1,baseline
C03434,D04169,2025-01-01,2026-08-01,18,baseline
C03435,D01623,2025-01-01,2026-08-01,8,baseline
C03436,D00537,2025-01-01,2026-08-01,15,baseline
C03437,D02864,2025-01-01,2026-08-01,10,baseline
C03438,D02900,2025-01-01,2026-08-01,14,baseline
C03439,D03837,2025-01-01,2026-08-01,12,baseline
C03440,D03886,2025-01-01,2026-08-01,15,baseline
C03441,D04531,2025-01-01,2026-08-01,7,baseline
C03442,D00592,2025-01-01,2026-08-01,17,baseline
C03443,D03710,2025-01-01,2026-08-01,7,baseline
C03444,D03637,2025-01-01,2026-08-01,5,baseline
C03445,D02590,2025-01-01,2026-08-01,14,baseline
C03446,D01641,2025-01-01,2026-08-01,15,baseline
C03447,D00446,2025-01-01,2026-08-01,2,baseline
C03448,D02578,2025-01-01,2026-08-01,3,baseline
C03449,D03025,2025-01-01,2026-08-01,12,baseline
C03450,D02687,2025-01-01,2026-08-01,3,baseline
C03451,D04438,2025-01-01,2026-08-01,5,baseline
C03452,D01900,2025-01-01,2026-08-01,8,baseline
C03453,D00438,2025-01-01,2026-08-01,6,baseline
C03454,D02509,2025-01-01,2026-08-01,6,baseline
C03455,D03969,2025-01-01,2026-08-01,5,baseline
C03456,D04870,2025-01-01,2026-08-01,17,baseline
C03457,D04279,2025-01-01,2026-08-01,5,baseline
C03458,D03626,2025-01-01,2026-08-01,5,baseline
C03459,D02098,2025-01-01,2026-08-01,5,baseline
C03460,D01165,2025-01-01,2026-08-01,7,baseline
C03461,D02105,2025-01-01,2026-08-01,5,baseline
C03462,D03597,2025-01-01,2026-08-01,4,baseline
C03463,D01189,2025-01-01,2026-08-01,8,baseline
C03464,D01288,2025-01-01,2026-08-01,11,baseline
C03465,D00098,2025-01-01,2026-08-01,1,baseline
C03466,D01249,2025-01-01,2026-08-01,8,baseline
C03467,D02333,2025-01-01,2026-08-01,18,baseline
C03468,D02205,2025-01-01,2026-08-01,9,baseline
C03469,D00494,2025-01-01,2026-08-01,11,baseline
C03470,D01621,2025-01-01,2026-08-01,15,baseline
C03471,D04457,2025-01-01,2026-08-01,18,baseline
C03472,D00458,2025-01-01,2026-08-01,12,baseline
C03473,D02089,2025-01-01,2026-08-01,17,baseline
C03474,D00373,2025-01-01,2026-08-01,12,baseline
C03475,D01473,2025-01-01,2026-08-01,11,baseline
C03476,D04705,2025-01-01,2026-08-01,9,baseline
C03477,D01883,2025-01-01,2026-08-01,2,baseline
C03478,D04667,2025-01-01,2026-08-01,17,baseline
C03479,D01632,2025-01-01,2026-08-01,7,baseline
C03480,D00720,2025-01-01,2026-08-01,12,baseline
C03481,D01373,2025-01-01,2026-08-01,17,baseline
C03482,D01769,2025-01-01,2026-08-01,8,baseline
C03483,D00400,2025-01-01,2026-08-01,3,baseline
C03484,D03403,2025-01-01,2026-08-01,4,baseline
C03485,D01408,2025-01-01,2026-08-01,13,baseline
C03486,D02877,2025-01-01,2026-08-01,13,baseline
C03487,D04803,2025-01-01,2026-08-01,17,baseline
C03488,D03750,2025-01-01,2026-08-01,17,baseline
C03489,D01040,2025-01-01,2026-08-01,3,baseline
C03490,D01831,2025-01-01,2026-08-01,18,baseline
C03491,D03984,2025-01-01,2026-08-01,2,baseline
C03492,D00446,2025-01-01,2026-08-01,6,baseline
C03493,D03999,2025-01-01,2026-08-01,9,baseline
C03494,D00076,2025-01-01,2026-08-01,2,baseline
C03495,D04206,2025-01-01,2026-08-01,6,baseline
C03496,D03016,2025-01-01,2026-08-01,8,baseline
C03497,D01848,2025-01-01,2026-08-01,3,baseline
C03498,D03789,2025-01-01,2026-08-01,8,baseline
C03499,D00355,2025-01-01,2026-08-01,8,baseline
C03500,D04388,2025-01-01,2026-08-01,11,baseline
C03501,D03617,2025-01-01,2026-08-01,5,baseline
C03502,D00032,2025-01-01,2026-08-01,7,baseline
C03503,D01546,2025-01-01,2026-08-01,13,baseline
C03504,D03465,2025-01-01,2026-08-01,7,baseline
C03505,D04733,2025-01-01,2026-08-01,19,baseline
C03506,D04958,2025-01-01,2026-08-01,1,baseline
C03507,D03591,2025-01-01,2026-08-01,1,baseline
C03508,D01808,2025-01-01,2026-08-01,4,baseline
C03509,D02709,2025-01-01,2026-08-01,2,baseline
C03510,D00811,2025-01-01,2026-08-01,1,baseline
C03511,D02001,2025-01-01,2026-08-01,11,baseline
C03512,D00849,2025-01-01,2026-08-01,14,baseline
C03513,D01050,2025-01-01,2026-08-01,19,baseline
C03514,D02928,2025-01-01,2026-08-01,5,baseline
C03515,D00852,2025-01-01,2026-08-01,4,baseline
C03516,D04324,2025-01-01,2026-08-01,14,baseline
C03517,D02224,2025-01-01,2026-08-01,16,baseline
C03518,D01585,2025-01-01,2026-08-01,8,baseline
C03519,D00695,2025-01-01,2026-08-01,17,baseline
C03520,D01305,2025-01-01,2026-08-01,20,baseline
C03521,D03081,2025-01-01,2026-08-01,18,baseline
C03522,D00417,2025-01-01,2026-08-01,13,baseline
C03523,D02664,2025-01-01,2026-08-01,7,baseline
C03524,D00586,2025-01-01,2026-08-01,7,baseline
C03525,D00785,2025-01-01,2026-08-01,17,baseline
C03526,D04211,2025-01-01,2026-08-01,15,baseline
C03527,D03112,2025-01-01,2026-08-01,16,baseline
C03528,D03807,2025-01-01,2026-08-01,3,baseline
C03529,D00248,2025-01-01,2026-08-01,19,baseline
C03530,D04797,2025-01-01,2026-08-01,8,baseline
C03531,D01325,2025-01-01,2026-08-01,1,baseline
C03532,D03260,2025-01-01,2026-08-01,6,baseline
C03533,D03945,2025-01-01,2026-08-01,7,baseline
C03534,D03163,2025-01-01,2026-08-01,20,baseline
C03535,D03522,2025-01-01,2026-08-01,5,baseline
C03536,D02635,2025-01-01,2026-08-01,19,baseline
C03537,D03326,2025-01-01,2026-08-01,20,baseline
C03538,D02937,2025-01-01,2026-08-01,18,baseline
C03539,D00219,2025-01-01,2026-08-01,20,baseline
C03540,D00139,2025-01-01,2026-08-01,1,baseline
C03541,D03509,2025-01-01,2026-08-01,14,baseline
C03542,D02682,2025-01-01,2026-08-01,18,baseline
C03543,D04443,2025-01-01,2026-08-01,6,baseline
C03544,D01882,2025-01-01,2026-08-01,8,baseline
C03545,D03732,2025-01-01,2026-08-01,20,baseline
C03546,D01674,2025-01-01,2026-08-01,3,baseline
C03547,D04265,2025-01-01,2026-08-01,20,baseline
C03548,D03326,2025-01-01,2026-08-01,11,baseline
C03549,D02333,2025-01-01,2026-08-01,17,baseline
C03550,D04200,2025-01-01,2026-08-01,13,baseline
C03551,D02783,2025-01-01,2026-08-01,18,baseline
C03552,D01869,2025-01-01,2026-08-01,6,baseline
C03553,D03901,2025-01-01,2026-08-01,10,baseline
C03554,D01885,2025-01-01,2026-08-01,8,baseline
C03555,D03833,2025-01-01,2026-08-01,5,baseline
C03556,D02064,2025-01-01,2026-08-01,4,baseline
C03557,D01205,2025-01-01,2026-08-01,19,baseline
C03558,D04728,2025-01-01,2026-08-01,20,baseline
C03559,D00656,2025-01-01,2026-08-01,19,baseline
C03560,D04110,2025-01-01,2026-08-01,14,baseline
C03561,D00925,2025-01-01,2026-08-01,4,baseline
C03562,D04009,2025-01-01,2026-08-01,12,baseline
C03563,D03511,2025-01-01,2026-08-01,10,baseline
C03564,D04422,2025-01-01,2026-08-01,15,baseline
C03565,D00277,2025-01-01,2026-08-01,13,baseline
C03566,D04971,2025-01-01,2026-08-01,15,baseline
C03567,D01636,2025-01-01,2026-08-01,18,baseline
C03568,D01249,2025-01-01,2026-08-01,17,baseline
C03569,D04207,2025-01-01,2026-08-01,6,baseline
C03570,D04830,2025-01-01,2026-08-01,12,baseline
C03571,D04760,2025-01-01,2026-08-01,1,baseline
C03572,D00610,2025-01-01,2026-08-01,1,baseline
C03573,D04296,2025-01-01,2026-08-01,1,baseline
C03574,D01471,2025-01-01,2026-08-01,4,baseline
C03575,D01106,2025-01-01,2026-08-01,9,baseline
C03576,D03305,2025-01-01,2026-08-01,7,baseline
C03577,D00484,2025-01-01,2026-08-01,6,baseline
C03578,D03653,2025-01-01,2026-08-01,8,baseline
C03579,D04758,2025-01-01,2026-08-01,11,baseline
C03580,D04718,2025-01-01,2026-08-01,5,baseline
C03581,D02498,2025-01-01,2026-08-01,2,baseline
C03582,D01863,2025-01-01,2026-08-01,20,baseline
C03583,D00593,2025-01-01,2026-08-01,8,baseline
C03584,D04320,2025-01-01,2026-08-01,7,baseline
C03585,D00346,2025-01-01,2026-08-01,14,baseline
C03586,D02141,2025-01-01,2026-08-01,2,baseline
C03587,D02610,2025-01-01,2026-08-01,3,baseline
C03588,D03155,2025-01-01,2026-08-01,7,baseline
C03589,D01798,2025-01-01,2026-08-01,12,baseline
C03590,D01938,2025-01-01,2026-08-01,1,baseline
C03591,D04984,2025-01-01,2026-08-01,20,baseline
C03592,D04668,2025-01-01,2026-08-01,5,baseline
C03593,D00552,2025-01-01,2026-08-01,7,baseline
C03594,D00411,2025-01-01,2026-08-01,7,baseline
C03595,D01225,2025-01-01,2026-08-01,6,baseline
C03596,D04700,2025-01-01,2026-08-01,19,baseline
C03597,D00776,2025-01-01,2026-08-01,18,baseline
C03598,D02373,2025-01-01,2026-08-01,8,baseline
C03599,D03030,2025-01-01,2026-08-01,13,baseline
C03600,D00125,2025-01-01,2026-08-01,19,baseline
C03601,D04499,2025-01-01,2026-08-01,10,baseline
C03602,D02408,2025-01-01,2026-08-01,12,baseline
C03603,D03452,2025-01-01,2026-08-01,19,baseline
C03604,D00057,2025-01-01,2026-08-01,7,baseline
C03605,D03267,2025-01-01,2026-08-01,12,baseline
C03606,D02604,2025-01-01,2026-08-01,8,baseline
C03607,D02799,2025-01-01,2026-08-01,16,baseline
C03608,D02014,2025-01-01,2026-08-01,10,baseline
C03609,D04846,2025-01-01,2026-08-01,16,baseline
C03610,D03433,2025-01-01,2026-08-01,10,baseline
C03611,D01268,2025-01-01,2026-08-01,16,baseline
C03612,D01616,2025-01-01,2026-08-01,5,baseline
C03613,D04897,2025-01-01,2026-08-01,13,baseline
C03614,D02276,2025-01-01,2026-08-01,8,baseline
C03615,D00495,2025-01-01,2026-08-01,14,baseline
C03616,D00742,2025-01-01,2026-08-01,5,baseline
C03617,D03727,2025-01-01,2026-08-01,1,baseline
C03618,D01747,2025-01-01,2026-08-01,16,baseline
C03619,D03449,2025-01-01,2026-08-01,12,baseline
C03620,D04575,2025-01-01,2026-08-01,10,baseline
C03621,D01550,2025-01-01,2026-08-01,15,baseline
C03622,D02052,2025-01-01,2026-08-01,4,baseline
C03623,D02520,2025-01-01,2026-08-01,19,baseline
C03624,D03616,2025-01-01,2026-08-01,18,baseline
C03625,D03968,2025-01-01,2026-08-01,14,baseline
C03626,D04457,2025-01-01,2026-08-01,4,baseline
C03627,D00915,2025-01-01,2026-08-01,14,baseline
C03628,D01189,2025-01-01,2026-08-01,2,baseline
C03629,D02070,2025-01-01,2026-08-01,8,baseline
C03630,D02586,2025-01-01,2026-08-01,3,baseline
C03631,D03892,2025-01-01,2026-08-01,16,baseline
C03632,D02510,2025-01-01,2026-08-01,5,baseline
C03633,D00964,2025-01-01,2026-08-01,2,baseline
C03634,D00727,2025-01-01,2026-08-01,14,baseline
C03635,D04123,2025-01-01,2026-08-01,18,baseline
C03636,D04581,2025-01-01,2026-08-01,15,baseline
C03637,D00551,2025-01-01,2026-08-01,19,baseline
C03638,D03908,2025-01-01,2026-08-01,9,baseline
C03639,D03720,2025-01-01,2026-08-01,11,baseline
C03640,D00647,2025-01-01,2026-08-01,13,baseline
C03641,D03829,2025-01-01,2026-08-01,20,baseline
C03642,D00350,2025-01-01,2026-08-01,14,baseline
C03643,D04669,2025-01-01,2026-08-01,20,baseline
C03644,D03029,2025-01-01,2026-08-01,12,baseline
C03645,D02762,2025-01-01,2026-08-01,10,baseline
C03646,D02028,2025-01-01,2026-08-01,5,baseline
C03647,D01221,2025-01-01,2026-08-01,14,baseline
C03648,D02386,2025-01-01,2026-08-01,15,baseline
C03649,D01974,2025-01-01,2026-08-01,14,baseline
C03650,D03326,2025-01-01,2026-08-01,18,baseline
C03651,D01334,2025-01-01,2026-08-01,18,baseline
C03652,D03356,2025-01-01,2026-08-01,4,baseline
C03653,D03003,2025-01-01,2026-08-01,11,baseline
C03654,D03041,2025-01-01,2026-08-01,3,baseline
C03655,D03987,2025-01-01,2026-08-01,11,baseline
C03656,D04768,2025-01-01,2026-08-01,12,baseline
C03657,D01775,2025-01-01,2026-08-01,19,baseline
C03658,D01243,2025-01-01,2026-08-01,3,baseline
C03659,D03607,2025-01-01,2026-08-01,1,baseline
C03660,D02958,2025-01-01,2026-08-01,14,baseline
C03661,D03130,2025-01-01,2026-08-01,5,baseline
C03662,D02908,2025-01-01,2026-08-01,13,baseline
C03663,D01510,2025-01-01,2026-08-01,7,baseline
C03664,D04151,2025-01-01,2026-08-01,11,baseline
C03665,D02260,2025-01-01,2026-08-01,10,baseline
C03666,D03372,2025-01-01,2026-08-01,10,baseline
C03667,D04778,2025-01-01,2026-08-01,8,baseline
C03668,D02505,2025-01-01,2026-08-01,16,baseline
C03669,D00101,2025-01-01,2026-08-01,18,baseline
C03670,D03882,2025-01-01,2026-08-01,14,baseline
C03671,D04490,2025-01-01,2026-08-01,7,baseline
C03672,D02216,2025-01-01,2026-08-01,19,baseline
C03673,D03515,2025-01-01,2026-08-01,19,baseline
C03674,D00990,2025-01-01,2026-08-01,12,baseline
C03675,D03251,2025-01-01,2026-08-01,5,baseline
C03676,D04835,2025-01-01,2026-08-01,10,baseline
C03677,D00242,2025-01-01,2026-08-01,13,baseline
C03678,D01771,2025-01-01,2026-08-01,11,baseline
C03679,D04303,2025-01-01,2026-08-01,14,baseline
C03680,D03315,2025-01-01,2026-08-01,9,baseline
C03681,D04013,2025-01-01,2026-08-01,18,baseline
C03682,D00436,2025-01-01,2026-08-01,19,baseline
C03683,D03568,2025-01-01,2026-08-01,15,baseline
C03684,D03424,2025-01-01,2026-08-01,4,baseline
C03685,D03743,2025-01-01,2026-08-01,6,baseline
C03686,D00195,2025-01-01,2026-08-01,6,baseline
C03687,D00917,2025-01-01,2026-08-01,20,baseline
C03688,D04950,2025-01-01,2026-08-01,2,baseline
C03689,D00408,2025-01-01,2026-08-01,1,baseline
C03690,D02281,2025-01-01,2026-08-01,11,baseline
C03691,D00637,2025-01-01,2026-08-01,14,baseline
C03692,D02313,2025-01-01,2026-08-01,10,baseline
C03693,D00001,2025-01-01,2026-08-01,1,baseline
C03694,D01868,2025-01-01,2026-08-01,15,baseline
C03695,D01065,2025-01-01,2026-08-01,10,baseline
C03696,D01321,2025-01-01,2026-08-01,10,baseline
C03697,D02487,2025-01-01,2026-08-01,8,baseline
C03698,D02885,2025-01-01,2026-08-01,13,baseline
C03699,D03418,2025-01-01,2026-08-01,1,baseline
C03700,D04410,2025-01-01,2026-08-01,2,baseline
C03701,D01168,2025-01-01,2026-08-01,7,baseline
C03702,D00238,2025-01-01,2026-08-01,13,baseline
C03703,D04656,2025-01-01,2026-08-01,20,baseline
C03704,D04118,2025-01-01,2026-08-01,10,baseline
C03705,D01643,2025-01-01,2026-08-01,19,baseline
C03706,D02758,2025-01-01,2026-08-01,11,baseline
C03707,D02075,2025-01-01,2026-08-01,6,baseline
C03708,D03205,2025-01-01,2026-08-01,1,baseline
C03709,D00942,2025-01-01,2026-08-01,15,baseline
C03710,D04925,2025-01-01,2026-08-01,15,baseline
C03711,D00960,2025-01-01,2026-08-01,3,baseline
C03712,D00034,2025-01-01,2026-08-01,17,baseline
C03713,D02296,2025-01-01,2026-08-01,15,baseline
C03714,D02450,2025-01-01,2026-08-01,19,baseline
C03715,D02909,2025-01-01,2026-08-01,3,baseline
C03716,D04263,2025-01-01,2026-08-01,10,baseline
C03717,D04283,2025-01-01,2026-08-01,17,baseline
C03718,D03056,2025-01-01,2026-08-01,17,baseline
C03719,D01516,2025-01-01,2026-08-01,2,baseline
C03720,D03828,2025-01-01,2026-08-01,6,baseline
C03721,D04154,2025-01-01,2026-08-01,4,baseline
C03722,D02265,2025-01-01,2026-08-01,4,baseline
C03723,D04214,2025-01-01,2026-08-01,19,baseline
C03724,D00305,2025-01-01,2026-08-01,13,baseline
C03725,D03628,2025-01-01,2026-08-01,7,baseline
C03726,D01881,2025-01-01,2026-08-01,6,baseline
C03727,D02784,2025-01-01,2026-08-01,3,baseline
C03728,D03071,2025-01-01,2026-08-01,5,baseline
C03729,D03813,2025-01-01,2026-08-01,9,baseline
C03730,D04263,2025-01-01,2026-08-01,13,baseline
C03731,D03893,2025-01-01,2026-08-01,15,baseline
C03732,D04944,2025-01-01,2026-08-01,2,baseline
C03733,D01589,2025-01-01,2026-08-01,7,baseline
C03734,D04592,2025-01-01,2026-08-01,5,baseline
C03735,D03657,2025-01-01,2026-08-01,17,baseline
C03736,D04483,2025-01-01,2026-08-01,19,baseline
C03737,D00205,2025-01-01,2026-08-01,16,baseline
C03738,D02534,2025-01-01,2026-08-01,16,baseline
C03739,D00442,2025-01-01,2026-08-01,11,baseline
C03740,D04863,2025-01-01,2026-08-01,3,baseline
C03741,D03799,2025-01-01,2026-08-01,12,baseline
C03742,D04418,2025-01-01,2026-08-01,13,baseline
C03743,D01180,2025-01-01,2026-08-01,16,baseline
C03744,D03262,2025-01-01,2026-08-01,19,baseline
C03745,D02064,2025-01-01,2026-08-01,7,baseline
C03746,D00891,2025-01-01,2026-08-01,6,baseline
C03747,D00378,2025-01-01,2026-08-01,20,baseline
C03748,D03169,2025-01-01,2026-08-01,1,baseline
C03749,D02012,2025-01-01,2026-08-01,13,baseline
C03750,D04344,2025-01-01,2026-08-01,20,baseline
C03751,D02656,2025-01-01,2026-08-01,16,baseline
C03752,D02327,2025-01-01,2026-08-01,4,baseline
C03753,D04231,2025-01-01,2026-08-01,12,baseline
C03754,D02675,2025-01-01,2026-08-01,14,baseline
C03755,D01030,2025-01-01,2026-08-01,8,baseline
C03756,D03228,2025-01-01,2026-08-01,9,baseline
C03757,D01002,2025-01-01,2026-08-01,20,baseline
C03758,D01988,2025-01-01,2026-08-01,10,baseline
C03759,D00647,2025-01-01,2026-08-01,1,baseline
C03760,D03661,2025-01-01,2026-08-01,11,baseline
C03761,D04269,2025-01-01,2026-08-01,13,baseline
C03762,D03649,2025-01-01,2026-08-01,18,baseline
C03763,D01940,2025-01-01,2026-08-01,18,baseline
C03764,D01364,2025-01-01,2026-08-01,10,baseline
C03765,D02625,2025-01-01,2026-08-01,16,baseline
C03766,D01256,2025-01-01,2026-08-01,13,baseline
C03767,D01144,2025-01-01,2026-08-01,9,baseline
C03768,D01942,2025-01-01,2026-08-01,16,baseline
C03769,D00716,2025-01-01,2026-08-01,13,baseline
C03770,D03232,2025-01-01,2026-08-01,3,baseline
C03771,D00380,2025-01-01,2026-08-01,7,baseline
C03772,D00671,2025-01-01,2026-08-01,19,baseline
C03773,D03693,2025-01-01,2026-08-01,8,baseline
C03774,D00008,2025-01-01,2026-08-01,20,baseline
C03775,D02397,2025-01-01,2026-08-01,14,baseline
C03776,D01088,2025-01-01,2026-08-01,9,baseline
C03777,D01901,2025-01-01,2026-08-01,10,baseline
C03778,D01574,2025-01-01,2026-08-01,3,baseline
C03779,D02536,2025-01-01,2026-08-01,12,baseline
C03780,D03283,2025-01-01,2026-08-01,10,baseline
C03781,D01912,2025-01-01,2026-08-01,7,baseline
C03782,D04871,2025-01-01,2026-08-01,11,baseline
C03783,D04819,2025-01-01,2026-08-01,5,baseline
C03784,D00106,2025-01-01,2026-08-01,4,baseline
C03785,D04236,2025-01-01,2026-08-01,11,baseline
C03786,D04583,2025-01-01,2026-08-01,14,baseline
C03787,D03443,2025-01-01,2026-08-01,17,baseline
C03788,D04268,2025-01-01,2026-08-01,1,baseline
C03789,D02939,2025-01-01,2026-08-01,5,baseline
C03790,D04456,2025-01-01,2026-08-01,6,baseline
C03791,D04212,2025-01-01,2026-08-01,16,baseline
C03792,D01553,2025-01-01,2026-08-01,5,baseline
C03793,D03378,2025-01-01,2026-08-01,6,baseline
C03794,D01354,2025-01-01,2026-08-01,11,baseline
C03795,D02712,2025-01-01,2026-08-01,11,baseline
C03796,D00790,2025-01-01,2026-08-01,9,baseline
C03797,D03082,2025-01-01,2026-08-01,17,baseline
C03798,D00431,2025-01-01,2026-08-01,1,baseline
C03799,D03199,2025-01-01,2026-08-01,16,baseline
C03800,D02333,2025-01-01,2026-08-01,15,baseline
C03801,D04694,2025-01-01,2026-08-01,20,baseline
C03802,D01236,2025-01-01,2026-08-01,2,baseline
C03803,D00549,2025-01-01,2026-08-01,4,baseline
C03804,D01200,2025-01-01,2026-08-01,17,baseline
C03805,D00385,2025-01-01,2026-08-01,12,baseline
C03806,D03205,2025-01-01,2026-08-01,9,baseline
C03807,D04865,2025-01-01,2026-08-01,19,baseline
C03808,D01897,2025-01-01,2026-08-01,19,baseline
C03809,D00079,2025-01-01,2026-08-01,20,baseline
C03810,D00311,2025-01-01,2026-08-01,10,baseline
C03811,D01423,2025-01-01,2026-08-01,4,baseline
C03812,D02693,2025-01-01,2026-08-01,14,baseline
C03813,D01320,2025-01-01,2026-08-01,4,baseline
C03814,D04612,2025-01-01,2026-08-01,19,baseline
C03815,D02858,2025-01-01,2026-08-01,6,baseline
C03816,D02054,2025-01-01,2026-08-01,16,baseline
C03817,D03609,2025-01-01,2026-08-01,18,baseline
C03818,D01727,2025-01-01,2026-08-01,12,baseline
C03819,D02373,2025-01-01,2026-08-01,9,baseline
C03820,D01047,2025-01-01,2026-08-01,12,baseline
C03821,D01077,2025-01-01,2026-08-01,4,baseline
C03822,D00167,2025-01-01,2026-08-01,18,baseline
C03823,D02964,2025-01-01,2026-08-01,11,baseline
C03824,D04769,2025-01-01,2026-08-01,19,baseline
C03825,D03922,2025-01-01,2026-08-01,2,baseline
C03826,D02476,2025-01-01,2026-08-01,7,baseline
C03827,D03010,2025-01-01,2026-08-01,18,baseline
C03828,D03647,2025-01-01,2026-08-01,3,baseline
C03829,D01750,2025-01-01,2026-08-01,9,baseline
C03830,D00985,2025-01-01,2026-08-01,11,baseline
C03831,D01886,2025-01-01,2026-08-01,13,baseline
C03832,D01267,2025-01-01,2026-08-01,10,baseline
C03833,D01658,2025-01-01,2026-08-01,14,baseline
C03834,D01012,2025-01-01,2026-08-01,6,baseline
C03835,D04319,2025-01-01,2026-08-01,6,baseline
C03836,D00045,2025-01-01,2026-08-01,20,baseline
C03837,D04022,2025-01-01,2026-08-01,14,baseline
C03838,D01348,2025-01-01,2026-08-01,9,baseline
C03839,D01075,2025-01-01,2026-08-01,13,baseline
C03840,D02648,2025-01-01,2026-08-01,14,baseline
C03841,D04455,2025-01-01,2026-08-01,15,baseline
C03842,D03065,2025-01-01,2026-08-01,11,baseline
C03843,D04704,2025-01-01,2026-08-01,19,baseline
C03844,D00271,2025-01-01,2026-08-01,2,baseline
C03845,D01117,2025-01-01,2026-08-01,20,baseline
C03846,D03472,2025-01-01,2026-08-01,20,baseline
C03847,D03938,2025-01-01,2026-08-01,2,baseline
C03848,D01591,2025-01-01,2026-08-01,5,baseline
C03849,D04448,2025-01-01,2026-08-01,15,baseline
C03850,D01088,2025-01-01,2026-08-01,12,baseline
C03851,D04487,2025-01-01,2026-08-01,7,baseline
C03852,D00270,2025-01-01,2026-08-01,2,baseline
C03853,D03842,2025-01-01,2026-08-01,2,baseline
C03854,D03673,2025-01-01,2026-08-01,13,baseline
C03855,D00345,2025-01-01,2026-08-01,1,baseline
C03856,D04592,2025-01-01,2026-08-01,3,baseline
C03857,D00398,2025-01-01,2026-08-01,13,baseline
C03858,D01577,2025-01-01,2026-08-01,5,baseline
C03859,D00750,2025-01-01,2026-08-01,6,baseline
C03860,D02137,2025-01-01,2026-08-01,7,baseline
C03861,D03684,2025-01-01,2026-08-01,10,baseline
C03862,D02836,2025-01-01,2026-08-01,14,baseline
C03863,D04220,2025-01-01,2026-08-01,19,baseline
C03864,D04146,2025-01-01,2026-08-01,6,baseline
C03865,D01853,2025-01-01,2026-08-01,9,baseline
C03866,D00353,2025-01-01,2026-08-01,15,baseline
C03867,D02307,2025-01-01,2026-08-01,14,baseline
C03868,D02716,2025-01-01,2026-08-01,20,baseline
C03869,D04772,2025-01-01,2026-08-01,16,baseline
C03870,D04240,2025-01-01,2026-08-01,19,baseline
C03871,D04319,2025-01-01,2026-08-01,14,baseline
C03872,D00485,2025-01-01,2026-08-01,11,baseline
C03873,D00256,2025-01-01,2026-08-01,13,baseline
C03874,D01148,2025-01-01,2026-08-01,17,baseline
C03875,D01891,2025-01-01,2026-08-01,13,baseline
C03876,D04281,2025-01-01,2026-08-01,8,baseline
C03877,D01405,2025-01-01,2026-08-01,7,baseline
C03878,D04861,2025-01-01,2026-08-01,3,baseline
C03879,D04951,2025-01-01,2026-08-01,17,baseline
C03880,D01134,2025-01-01,2026-08-01,16,baseline
C03881,D00253,2025-01-01,2026-08-01,5,baseline
C03882,D04057,2025-01-01,2026-08-01,9,baseline
C03883,D04796,2025-01-01,2026-08-01,6,baseline
C03884,D01527,2025-01-01,2026-08-01,8,baseline
C03885,D01565,2025-01-01,2026-08-01,3,baseline
C03886,D03759,2025-01-01,2026-08-01,19,baseline
C03887,D01128,2025-01-01,2026-08-01,8,baseline
C03888,D03562,2025-01-01,2026-08-01,12,baseline
C03889,D01577,2025-01-01,2026-08-01,7,baseline
C03890,D00862,2025-01-01,2026-08-01,15,baseline
C03891,D04781,2025-01-01,2026-08-01,13,baseline
C03892,D03192,2025-01-01,2026-08-01,18,baseline
C03893,D03521,2025-01-01,2026-08-01,16,baseline
C03894,D04941,2025-01-01,2026-08-01,10,baseline
C03895,D00850,2025-01-01,2026-08-01,10,baseline
C03896,D04998,2025-01-01,2026-08-01,12,baseline
C03897,D03419,2025-01-01,2026-08-01,4,baseline
C03898,D01381,2025-01-01,2026-08-01,9,baseline
C03899,D02589,2025-01-01,2026-08-01,8,baseline
C03900,D02063,2025-01-01,2026-08-01,15,baseline
C03901,D01193,2025-01-01,2026-08-01,7,baseline
C03902,D01855,2025-01-01,2026-08-01,8,baseline
C03903,D03076,2025-01-01,2026-08-01,4,baseline
C03904,D01771,2025-01-01,2026-08-01,10,baseline
C03905,D03520,2025-01-01,2026-08-01,10,baseline
C03906,D03137,2025-01-01,2026-08-01,16,baseline
C03907,D00767,2025-01-01,2026-08-01,11,baseline
C03908,D04843,2025-01-01,2026-08-01,12,baseline
C03909,D01845,2025-01-01,2026-08-01,1,baseline
C03910,D01711,2025-01-01,2026-08-01,9,baseline
C03911,D03120,2025-01-01,2026-08-01,1,baseline
C03912,D03167,2025-01-01,2026-08-01,6,baseline
C03913,D00415,2025-01-01,2026-08-01,16,baseline
C03914,D04949,2025-01-01,2026-08-01,11,baseline
C03915,D00626,2025-01-01,2026-08-01,9,baseline
C03916,D03907,2025-01-01,2026-08-01,11,baseline
C03917,D01394,2025-01-01,2026-08-01,13,baseline
C03918,D03004,2025-01-01,2026-08-01,9,baseline
C03919,D02723,2025-01-01,2026-08-01,16,baseline
C03920,D00673,2025-01-01,2026-08-01,8,baseline
C03921,D02036,2025-01-01,2026-08-01,6,baseline
C03922,D04918,2025-01-01,2026-08-01,8,baseline
C03923,D02236,2025-01-01,2026-08-01,11,baseline
C03924,D00709,2025-01-01,2026-08-01,12,baseline
C03925,D03478,2025-01-01,2026-08-01,14,baseline
C03926,D04929,2025-01-01,2026-08-01,3,baseline
C03927,D04807,2025-01-01,2026-08-01,18,baseline
C03928,D02799,2025-01-01,2026-08-01,2,baseline
C03929,D03333,2025-01-01,2026-08-01,3,baseline
C03930,D00869,2025-01-01,2026-08-01,16,baseline
C03931,D01767,2025-01-01,2026-08-01,6,baseline
C03932,D00926,2025-01-01,2026-08-01,9,baseline
C03933,D00885,2025-01-01,2026-08-01,3,baseline
C03934,D02621,2025-01-01,2026-08-01,13,baseline
C03935,D00123,2025-01-01,2026-08-01,14,baseline
C03936,D00409,2025-01-01,2026-08-01,14,baseline
C03937,D00692,2025-01-01,2026-08-01,7,baseline
C03938,D01482,2025-01-01,2026-08-01,4,baseline
C03939,D04760,2025-01-01,2026-08-01,18,baseline
C03940,D03751,2025-01-01,2026-08-01,9,baseline
C03941,D03105,2025-01-01,2026-08-01,17,baseline
C03942,D02644,2025-01-01,2026-08-01,4,baseline
C03943,D00652,2025-01-01,2026-08-01,5,baseline
C03944,D02317,2025-01-01,2026-08-01,14,baseline
C03945,D00640,2025-01-01,2026-08-01,19,baseline
C03946,D03218,2025-01-01,2026-08-01,7,baseline
C03947,D04866,2025-01-01,2026-08-01,7,baseline
C03948,D04762,2025-01-01,2026-08-01,2,baseline
C03949,D02846,2025-01-01,2026-08-01,17,baseline
C03950,D01244,2025-01-01,2026-08-01,18,baseline
C03951,D00036,2025-01-01,2026-08-01,1,baseline
C03952,D02208,2025-01-01,2026-08-01,13,baseline
C03953,D02480,2025-01-01,2026-08-01,17,baseline
C03954,D04534,2025-01-01,2026-08-01,14,baseline
C03955,D02941,2025-01-01,2026-08-01,11,baseline
C03956,D03457,2025-01-01,2026-08-01,3,baseline
C03957,D04521,2025-01-01,2026-08-01,19,baseline
C03958,D02181,2025-01-01,2026-08-01,19,baseline
C03959,D04499,2025-01-01,2026-08-01,18,baseline
C03960,D01037,2025-01-01,2026-08-01,3,baseline
C03961,D00223,2025-01-01,2026-08-01,7,baseline
C03962,D04543,2025-01-01,2026-08-01,6,baseline
C03963,D01784,2025-01-01,2026-08-01,14,baseline
C03964,D03128,2025-01-01,2026-08-01,11,baseline
C03965,D03862,2025-01-01,2026-08-01,12,baseline
C03966,D04814,2025-01-01,2026-08-01,13,baseline
C03967,D02108,2025-01-01,2026-08-01,6,baseline
C03968,D04853,2025-01-01,2026-08-01,11,baseline
C03969,D01260,2025-01-01,2026-08-01,6,baseline
C03970,D02603,2025-01-01,2026-08-01,1,baseline
C03971,D02354,2025-01-01,2026-08-01,14,baseline
C03972,D03121,2025-01-01,2026-08-01,15,baseline
C03973,D00916,2025-01-01,2026-08-01,14,baseline
C03974,D04951,2025-01-01,2026-08-01,20,baseline
C03975,D04124,2025-01-01,2026-08-01,12,baseline
C03976,D02494,2025-01-01,2026-08-01,20,baseline
C03977,D03322,2025-01-01,2026-08-01,12,baseline
C03978,D02439,2025-01-01,2026-08-01,19,baseline
C03979,D02299,2025-01-01,2026-08-01,10,baseline
C03980,D03122,2025-01-01,2026-08-01,17,baseline
C03981,D00149,2025-01-01,2026-08-01,12,baseline
C03982,D02906,2025-01-01,2026-08-01,15,baseline
C03983,D02250,2025-01-01,2026-08-01,20,baseline
C03984,D04180,2025-01-01,2026-08-01,11,baseline
C03985,D01766,2025-01-01,2026-08-01,2,baseline
C03986,D01696,2025-01-01,2026-08-01,17,baseline
C03987,D02133,2025-01-01,2026-08-01,9,baseline
C03988,D00485,2025-01-01,2026-08-01,1,baseline
C03989,D00537,2025-01-01,2026-08-01,11,baseline
C03990,D01281,2025-01-01,2026-08-01,6,baseline
C03991,D04580,2025-01-01,2026-08-01,10,baseline
C03992,D01309,2025-01-01,2026-08-01,7,baseline
C03993,D03861,2025-01-01,2026-08-01,9,baseline
C03994,D03795,2025-01-01,2026-08-01,10,baseline
C03995,D01538,2025-01-01,2026-08-01,9,baseline
C03996,D01010,2025-01-01,2026-08-01,2,baseline
C03997,D02376,2025-01-01,2026-08-01,19,baseline
C03998,D01205,2025-01-01,2026-08-01,12,baseline
C03999,D01559,2025-01-01,2026-08-01,12,baseline
C04000,D03748,2025-01-01,2026-08-01,6,baseline
C04001,D00486,2025-01-01,2026-08-01,10,baseline
C04002,D03353,2025-01-01,2026-08-01,15,baseline
C04003,D03410,2025-01-01,2026-08-01,10,baseline
C04004,D02045,2025-01-01,2026-08-01,5,baseline
C04005,D00892,2025-01-01,2026-08-01,13,baseline
C04006,D04857,2025-01-01,2026-08-01,20,baseline
C04007,D03959,2025-01-01,2026-08-01,9,baseline
C04008,D04046,2025-01-01,2026-08-01,1,baseline
C04009,D04197,2025-01-01,2026-08-01,20,baseline
C04010,D01285,2025-01-01,2026-08-01,8,baseline
C04011,D04098,2025-01-01,2026-08-01,11,baseline
C04012,D03736,2025-01-01,2026-08-01,19,baseline
C04013,D00404,2025-01-01,2026-08-01,13,baseline
C04014,D03353,2025-01-01,2026-08-01,12,baseline
C04015,D01206,2025-01-01,2026-08-01,9,baseline
C04016,D04607,2025-01-01,2026-08-01,12,baseline
C04017,D00263,2025-01-01,2026-08-01,8,baseline
C04018,D03503,2025-01-01,2026-08-01,18,baseline
C04019,D03682,2025-01-01,2026-08-01,7,baseline
C04020,D02075,2025-01-01,2026-08-01,2,baseline
C04021,D00426,2025-01-01,2026-08-01,20,baseline
C04022,D01732,2025-01-01,2026-08-01,13,baseline
C04023,D03575,2025-01-01,2026-08-01,16,baseline
C04024,D04084,2025-01-01,2026-08-01,6,baseline
C04025,D01496,2025-01-01,2026-08-01,14,baseline
C04026,D04032,2025-01-01,2026-08-01,13,baseline
C04027,D01122,2025-01-01,2026-08-01,17,baseline
C04028,D02207,2025-01-01,2026-08-01,9,baseline
C04029,D02552,2025-01-01,2026-08-01,5,baseline
C04030,D01891,2025-01-01,2026-08-01,8,baseline
C04031,D00152,2025-01-01,2026-08-01,6,baseline
C04032,D03549,2025-01-01,2026-08-01,20,baseline
C04033,D04555,2025-01-01,2026-08-01,17,baseline
C04034,D03932,2025-01-01,2026-08-01,11,baseline
C04035,D04355,2025-01-01,2026-08-01,16,baseline
C04036,D03061,2025-01-01,2026-08-01,19,baseline
C04037,D02385,2025-01-01,2026-08-01,14,baseline
C04038,D02215,2025-01-01,2026-08-01,6,baseline
C04039,D03033,2025-01-01,2026-08-01,8,baseline
C04040,D03861,2025-01-01,2026-08-01,10,baseline
C04041,D01280,2025-01-01,2026-08-01,2,baseline
C04042,D03342,2025-01-01,2026-08-01,11,baseline
C04043,D04016,2025-01-01,2026-08-01,8,baseline
C04044,D04894,2025-01-01,2026-08-01,13,baseline
C04045,D02918,2025-01-01,2026-08-01,5,baseline
C04046,D04630,2025-01-01,2026-08-01,17,baseline
C04047,D00425,2025-01-01,2026-08-01,3,baseline
C04048,D03284,2025-01-01,2026-08-01,19,baseline
C04049,D03225,2025-01-01,2026-08-01,14,baseline
C04050,D01021,2025-01-01,2026-08-01,11,baseline
C04051,D01634,2025-01-01,2026-08-01,1,baseline
C04052,D02992,2025-01-01,2026-08-01,19,baseline
C04053,D02798,2025-01-01,2026-08-01,15,baseline
C04054,D03836,2025-01-01,2026-08-01,13,baseline
C04055,D04594,2025-01-01,2026-08-01,2,baseline
C04056,D00158,2025-01-01,2026-08-01,6,baseline
C04057,D01703,2025-01-01,2026-08-01,4,baseline
C04058,D03811,2025-01-01,2026-08-01,5,baseline
C04059,D02719,2025-01-01,2026-08-01,3,baseline
C04060,D02656,2025-01-01,2026-08-01,11,baseline
C04061,D02790,2025-01-01,2026-08-01,16,baseline
C04062,D01140,2025-01-01,2026-08-01,12,baseline
C04063,D02018,2025-01-01,2026-08-01,9,baseline
C04064,D01487,2025-01-01,2026-08-01,3,baseline
C04065,D04932,2025-01-01,2026-08-01,20,baseline
C04066,D03281,2025-01-01,2026-08-01,10,baseline
C04067,D03500,2025-01-01,2026-08-01,20,baseline
C04068,D03751,2025-01-01,2026-08-01,19,baseline
C04069,D02105,2025-01-01,2026-08-01,15,baseline
C04070,D02349,2025-01-01,2026-08-01,20,baseline
C04071,D00360,2025-01-01,2026-08-01,12,baseline
C04072,D01754,2025-01-01,2026-08-01,4,baseline
C04073,D01430,2025-01-01,2026-08-01,16,baseline
C04074,D03092,2025-01-01,2026-08-01,19,baseline
C04075,D00868,2025-01-01,2026-08-01,20,baseline
C04076,D03518,2025-01-01,2026-08-01,16,baseline
C04077,D00680,2025-01-01,2026-08-01,1,baseline
C04078,D03249,2025-01-01,2026-08-01,13,baseline
C04079,D02269,2025-01-01,2026-08-01,15,baseline
C04080,D02028,2025-01-01,2026-08-01,18,baseline
C04081,D01046,2025-01-01,2026-08-01,18,baseline
C04082,D04829,2025-01-01,2026-08-01,5,baseline
C04083,D04453,2025-01-01,2026-08-01,4,baseline
C04084,D04296,2025-01-01,2026-08-01,19,baseline
C04085,D01438,2025-01-01,2026-08-01,16,baseline
C04086,D03550,2025-01-01,2026-08-01,19,baseline
C04087,D01604,2025-01-01,2026-08-01,1,baseline
C04088,D02547,2025-01-01,2026-08-01,12,baseline
C04089,D01404,2025-01-01,2026-08-01,19,baseline
C04090,D04868,2025-01-01,2026-08-01,4,baseline
C04091,D03757,2025-01-01,2026-08-01,3,baseline
C04092,D00616,2025-01-01,2026-08-01,8,baseline
C04093,D00316,2025-01-01,2026-08-01,4,baseline
C04094,D00997,2025-01-01,2026-08-01,4,baseline
C04095,D03639,2025-01-01,2026-08-01,7,baseline
C04096,D02849,2025-01-01,2026-08-01,6,baseline
C04097,D04212,2025-01-01,2026-08-01,9,baseline
C04098,D00984,2025-01-01,2026-08-01,5,baseline
C04099,D00519,2025-01-01,2026-08-01,1,baseline
C04100,D01792,2025-01-01,2026-08-01,17,baseline
C04101,D01668,2025-01-01,2026-08-01,10,baseline
C04102,D03655,2025-01-01,2026-08-01,15,baseline
C04103,D04982,2025-01-01,2026-08-01,9,baseline
C04104,D02843,2025-01-01,2026-08-01,13,baseline
C04105,D04856,2025-01-01,2026-08-01,15,baseline
C04106,D00180,2025-01-01,2026-08-01,17,baseline
C04107,D04493,2025-01-01,2026-08-01,10,baseline
C04108,D03337,2025-01-01,2026-08-01,5,baseline
C04109,D04722,2025-01-01,2026-08-01,19,baseline
C04110,D03687,2025-01-01,2026-08-01,6,baseline
C04111,D01615,2025-01-01,2026-08-01,10,baseline
C04112,D00597,2025-01-01,2026-08-01,15,baseline
C04113,D04666,2025-01-01,2026-08-01,4,baseline
C04114,D03905,2025-01-01,2026-08-01,3,baseline
C04115,D01287,2025-01-01,2026-08-01,2,baseline
C04116,D03977,2025-01-01,2026-08-01,18,baseline
C04117,D02117,2025-01-01,2026-08-01,4,baseline
C04118,D04446,2025-01-01,2026-08-01,20,baseline
C04119,D03709,2025-01-01,2026-08-01,9,baseline
C04120,D00639,2025-01-01,2026-08-01,15,baseline
C04121,D04684,2025-01-01,2026-08-01,7,baseline
C04122,D04345,2025-01-01,2026-08-01,13,baseline
C04123,D02059,2025-01-01,2026-08-01,18,baseline
C04124,D04412,2025-01-01,2026-08-01,14,baseline
C04125,D04561,2025-01-01,2026-08-01,6,baseline
C04126,D03198,2025-01-01,2026-08-01,20,baseline
C04127,D03646,2025-01-01,2026-08-01,3,baseline
C04128,D04374,2025-01-01,2026-08-01,12,baseline
C04129,D00546,2025-01-01,2026-08-01,8,baseline
C04130,D01340,2025-01-01,2026-08-01,16,baseline
C04131,D01749,2025-01-01,2026-08-01,3,baseline
C04132,D01048,2025-01-01,2026-08-01,18,baseline
C04133,D02934,2025-01-01,2026-08-01,20,baseline
C04134,D02284,2025-01-01,2026-08-01,7,baseline
C04135,D00774,2025-01-01,2026-08-01,5,baseline
C04136,D00861,2025-01-01,2026-08-01,11,baseline
C04137,D03169,2025-01-01,2026-08-01,7,baseline
C04138,D02350,2025-01-01,2026-08-01,11,baseline
C04139,D01322,2025-01-01,2026-08-01,18,baseline
C04140,D04242,2025-01-01,2026-08-01,19,baseline
C04141,D01587,2025-01-01,2026-08-01,1,baseline
C04142,D04905,2025-01-01,2026-08-01,17,baseline
C04143,D04076,2025-01-01,2026-08-01,20,baseline
C04144,D00977,2025-01-01,2026-08-01,11,baseline
C04145,D04184,2025-01-01,2026-08-01,15,baseline
C04146,D02160,2025-01-01,2026-08-01,17,baseline
C04147,D02369,2025-01-01,2026-08-01,8,baseline
C04148,D03355,2025-01-01,2026-08-01,16,baseline
C04149,D00536,2025-01-01,2026-08-01,13,baseline
C04150,D00945,2025-01-01,2026-08-01,5,baseline
C04151,D04861,2025-01-01,2026-08-01,17,baseline
C04152,D00839,2025-01-01,2026-08-01,7,baseline
C04153,D04848,2025-01-01,2026-08-01,16,baseline
C04154,D04352,2025-01-01,2026-08-01,18,baseline
C04155,D04194,2025-01-01,2026-08-01,20,baseline
C04156,D04058,2025-01-01,2026-08-01,6,baseline
C04157,D01610,2025-01-01,2026-08-01,16,baseline
C04158,D02538,2025-01-01,2026-08-01,7,baseline
C04159,D03824,2025-01-01,2026-08-01,11,baseline
C04160,D01661,2025-01-01,2026-08-01,12,baseline
C04161,D01981,2025-01-01,2026-08-01,15,baseline
C04162,D00130,2025-01-01,2026-08-01,17,baseline
C04163,D03631,2025-01-01,2026-08-01,7,baseline
C04164,D02802,2025-01-01,2026-08-01,14,baseline
C04165,D01587,2025-01-01,2026-08-01,1,baseline
C04166,D02736,2025-01-01,2026-08-01,5,baseline
C04167,D04076,2025-01-01,2026-08-01,3,baseline
C04168,D03066,2025-01-01,2026-08-01,8,baseline
C04169,D01721,2025-01-01,2026-08-01,2,baseline
C04170,D03685,2025-01-01,2026-08-01,5,baseline
C04171,D04209,2025-01-01,2026-08-01,15,baseline
C04172,D03096,2025-01-01,2026-08-01,7,baseline
C04173,D02566,2025-01-01,2026-08-01,16,baseline
C04174,D02176,2025-01-01,2026-08-01,17,baseline
C04175,D04654,2025-01-01,2026-08-01,19,baseline
C04176,D02376,2025-01-01,2026-08-01,4,baseline
C04177,D02980,2025-01-01,2026-08-01,8,baseline
C04178,D01067,2025-01-01,2026-08-01,7,baseline
C04179,D03338,2025-01-01,2026-08-01,20,baseline
C04180,D04622,2025-01-01,2026-08-01,16,baseline
C04181,D01852,2025-01-01,2026-08-01,15,baseline
C04182,D00585,2025-01-01,2026-08-01,5,baseline
C04183,D04015,2025-01-01,2026-08-01,4,baseline
C04184,D00755,2025-01-01,2026-08-01,2,baseline
C04185,D04176,2025-01-01,2026-08-01,8,baseline
C04186,D01808,2025-01-01,2026-08-01,3,baseline
C04187,D01286,2025-01-01,2026-08-01,19,baseline
C04188,D04972,2025-01-01,2026-08-01,15,baseline
C04189,D02090,2025-01-01,2026-08-01,11,baseline
C04190,D03978,2025-01-01,2026-08-01,14,baseline
C04191,D03381,2025-01-01,2026-08-01,13,baseline
C04192,D02489,2025-01-01,2026-08-01,5,baseline
C04193,D01443,2025-01-01,2026-08-01,7,baseline
C04194,D03569,2025-01-01,2026-08-01,13,baseline
C04195,D03678,2025-01-01,2026-08-01,17,baseline
C04196,D02042,2025-01-01,2026-08-01,3,baseline
C04197,D00304,2025-01-01,2026-08-01,14,baseline
C04198,D03965,2025-01-01,2026-08-01,4,baseline
C04199,D01669,2025-01-01,2026-08-01,16,baseline
C04200,D03360,2025-01-01,2026-08-01,18,baseline
C04201,D02053,2025-01-01,2026-08-01,8,baseline
C04202,D04604,2025-01-01,2026-08-01,7,baseline
C04203,D02147,2025-01-01,2026-08-01,12,baseline
C04204,D04453,2025-01-01,2026-08-01,5,baseline
C04205,D02006,2025-01-01,2026-08-01,20,baseline
C04206,D02118,2025-01-01,2026-08-01,18,baseline
C04207,D03398,2025-01-01,2026-08-01,13,baseline
C04208,D02275,2025-01-01,2026-08-01,19,baseline
C04209,D03900,2025-01-01,2026-08-01,4,baseline
C04210,D04220,2025-01-01,2026-08-01,6,baseline
C04211,D04138,2025-01-01,2026-08-01,5,baseline
C04212,D02551,2025-01-01,2026-08-01,12,baseline
C04213,D00494,2025-01-01,2026-08-01,19,baseline
C04214,D03847,2025-01-01,2026-08-01,5,baseline
C04215,D02808,2025-01-01,2026-08-01,12,baseline
C04216,D01942,2025-01-01,2026-08-01,5,baseline
C04217,D01211,2025-01-01,2026-08-01,12,baseline
C04218,D04103,2025-01-01,2026-08-01,17,baseline
C04219,D04181,2025-01-01,2026-08-01,5,baseline
C04220,D01166,2025-01-01,2026-08-01,10,baseline
C04221,D01174,2025-01-01,2026-08-01,7,baseline
C04222,D00940,2025-01-01,2026-08-01,9,baseline
C04223,D02049,2025-01-01,2026-08-01,20,baseline
C04224,D04887,2025-01-01,2026-08-01,18,baseline
C04225,D01924,2025-01-01,2026-08-01,3,baseline
C04226,D01656,2025-01-01,2026-08-01,4,baseline
C04227,D02748,2025-01-01,2026-08-01,14,baseline
C04228,D00030,2025-01-01,2026-08-01,19,baseline
C04229,D01970,2025-01-01,2026-08-01,9,baseline
C04230,D04956,2025-01-01,2026-08-01,8,baseline
C04231,D02790,2025-01-01,2026-08-01,19,baseline
C04232,D03055,2025-01-01,2026-08-01,12,baseline
C04233,D00018,2025-01-01,2026-08-01,3,baseline
C04234,D01360,2025-01-01,2026-08-01,16,baseline
C04235,D02894,2025-01-01,2026-08-01,7,baseline
C04236,D04333,2025-01-01,2026-08-01,15,baseline
C04237,D02767,2025-01-01,2026-08-01,16,baseline
C04238,D03532,2025-01-01,2026-08-01,9,baseline
C04239,D02058,2025-01-01,2026-08-01,20,baseline
C04240,D04377,2025-01-01,2026-08-01,13,baseline
C04241,D00037,2025-01-01,2026-08-01,4,baseline
C04242,D00661,2025-01-01,2026-08-01,1,baseline
C04243,D01354,2025-01-01,2026-08-01,19,baseline
C04244,D00396,2025-01-01,2026-08-01,6,baseline
C04245,D00228,2025-01-01,2026-08-01,15,baseline
C04246,D03416,2025-01-01,2026-08-01,8,baseline
C04247,D03216,2025-01-01,2026-08-01,20,baseline
C04248,D01096,2025-01-01,2026-08-01,1,baseline
C04249,D00780,2025-01-01,2026-08-01,1,baseline
C04250,D01606,2025-01-01,2026-08-01,6,baseline
C04251,D01338,2025-01-01,2026-08-01,4,baseline
C04252,D02910,2025-01-01,2026-08-01,5,baseline
C04253,D02850,2025-01-01,2026-08-01,12,baseline
C04254,D00215,2025-01-01,2026-08-01,5,baseline
C04255,D04097,2025-01-01,2026-08-01,3,baseline
C04256,D02747,2025-01-01,2026-08-01,5,baseline
C04257,D02044,2025-01-01,2026-08-01,8,baseline
C04258,D04350,2025-01-01,2026-08-01,5,baseline
C04259,D02762,2025-01-01,2026-08-01,11,baseline
C04260,D04601,2025-01-01,2026-08-01,14,baseline
C04261,D03174,2025-01-01,2026-08-01,7,baseline
C04262,D01307,2025-01-01,2026-08-01,8,baseline
C04263,D04729,2025-01-01,2026-08-01,17,baseline
C04264,D03255,2025-01-01,2026-08-01,1,baseline
C04265,D00449,2025-01-01,2026-08-01,1,baseline
C04266,D02295,2025-01-01,2026-08-01,13,baseline
C04267,D01659,2025-01-01,2026-08-01,12,baseline
C04268,D02489,2025-01-01,2026-08-01,4,baseline
C04269,D00449,2025-01-01,2026-08-01,15,baseline
C04270,D02942,2025-01-01,2026-08-01,6,baseline
C04271,D01651,2025-01-01,2026-08-01,11,baseline
C04272,D00379,2025-01-01,2026-08-01,4,baseline
C04273,D00837,2025-01-01,2026-08-01,14,baseline
C04274,D00385,2025-01-01,2026-08-01,19,baseline
C04275,D04906,2025-01-01,2026-08-01,17,baseline
C04276,D03309,2025-01-01,2026-08-01,12,baseline
C04277,D02872,2025-01-01,2026-08-01,5,baseline
C04278,D00265,2025-01-01,2026-08-01,4,baseline
C04279,D03964,2025-01-01,2026-08-01,9,baseline
C04280,D00937,2025-01-01,2026-08-01,5,baseline
C04281,D03480,2025-01-01,2026-08-01,15,baseline
C04282,D02180,2025-01-01,2026-08-01,5,baseline
C04283,D04903,2025-01-01,2026-08-01,11,baseline
C04284,D04029,2025-01-01,2026-08-01,14,baseline
C04285,D00695,2025-01-01,2026-08-01,19,baseline
C04286,D01126,2025-01-01,2026-08-01,10,baseline
C04287,D04430,2025-01-01,2026-08-01,5,baseline
C04288,D00972,2025-01-01,2026-08-01,8,baseline
C04289,D02837,2025-01-01,2026-08-01,18,baseline
C04290,D00206,2025-01-01,2026-08-01,16,baseline
C04291,D00788,2025-01-01,2026-08-01,5,baseline
C04292,D01064,2025-01-01,2026-08-01,16,baseline
C04293,D03520,2025-01-01,2026-08-01,12,baseline
C04294,D03149,2025-01-01,2026-08-01,13,baseline
C04295,D01203,2025-01-01,2026-08-01,3,baseline
C04296,D01122,2025-01-01,2026-08-01,7,baseline
C04297,D04905,2025-01-01,2026-08-01,5,baseline
C04298,D00738,2025-01-01,2026-08-01,9,baseline
C04299,D00390,2025-01-01,2026-08-01,5,baseline
C04300,D04201,2025-01-01,2026-08-01,7,baseline
C04301,D04201,2025-01-01,2026-08-01,15,baseline
C04302,D03725,2025-01-01,2026-08-01,10,baseline
C04303,D01007,2025-01-01,2026-08-01,5,baseline
C04304,D00130,2025-01-01,2026-08-01,9,baseline
C04305,D04356,2025-01-01,2026-08-01,9,baseline
C04306,D04323,2025-01-01,2026-08-01,17,baseline
C04307,D01964,2025-01-01,2026-08-01,12,baseline
C04308,D00664,2025-01-01,2026-08-01,12,baseline
C04309,D01401,2025-01-01,2026-08-01,16,baseline
C04310,D01286,2025-01-01,2026-08-01,9,baseline
C04311,D01355,2025-01-01,2026-08-01,17,baseline
C04312,D04617,2025-01-01,2026-08-01,6,baseline
C04313,D02370,2025-01-01,2026-08-01,10,baseline
C04314,D01873,2025-01-01,2026-08-01,7,baseline
C04315,D00746,2025-01-01,2026-08-01,3,baseline
C04316,D02078,2025-01-01,2026-08-01,16,baseline
C04317,D00554,2025-01-01,2026-08-01,3,baseline
C04318,D01213,2025-01-01,2026-08-01,8,baseline
C04319,D03130,2025-01-01,2026-08-01,8,baseline
C04320,D04841,2025-01-01,2026-08-01,1,baseline
C04321,D00346,2025-01-01,2026-08-01,15,baseline
C04322,D01252,2025-01-01,2026-08-01,8,baseline
C04323,D04143,2025-01-01,2026-08-01,12,baseline
C04324,D03492,2025-01-01,2026-08-01,15,baseline
C04325,D01401,2025-01-01,2026-08-01,7,baseline
C04326,D00623,2025-01-01,2026-08-01,14,baseline
C04327,D02514,2025-01-01,2026-08-01,8,baseline
C04328,D01256,2025-01-01,2026-08-01,4,baseline
C04329,D00235,2025-01-01,2026-08-01,14,baseline
C04330,D01927,2025-01-01,2026-08-01,6,baseline
C04331,D03703,2025-01-01,2026-08-01,8,baseline
C04332,D03048,2025-01-01,2026-08-01,17,baseline
C04333,D04206,2025-01-01,2026-08-01,8,baseline
C04334,D04261,2025-01-01,2026-08-01,13,baseline
C04335,D03374,2025-01-01,2026-08-01,9,baseline
C04336,D01027,2025-01-01,2026-08-01,13,baseline
C04337,D02034,2025-01-01,2026-08-01,1,baseline
C04338,D04834,2025-01-01,2026-08-01,14,baseline
C04339,D01801,2025-01-01,2026-08-01,6,baseline
C04340,D01242,2025-01-01,2026-08-01,8,baseline
C04341,D00524,2025-01-01,2026-08-01,16,baseline
C04342,D04062,2025-01-01,2026-08-01,8,baseline
C04343,D02417,2025-01-01,2026-08-01,19,baseline
C04344,D01723,2025-01-01,2026-08-01,11,baseline
C04345,D03234,2025-01-01,2026-08-01,18,baseline
C04346,D03877,2025-01-01,2026-08-01,11,baseline
C04347,D03892,2025-01-01,2026-08-01,20,baseline
C04348,D04548,2025-01-01,2026-08-01,16,baseline
C04349,D00386,2025-01-01,2026-08-01,13,baseline
C04350,D04149,2025-01-01,2026-08-01,13,baseline
C04351,D00437,2025-01-01,2026-08-01,20,baseline
C04352,D04543,2025-01-01,2026-08-01,12,baseline
C04353,D03963,2025-01-01,2026-08-01,12,baseline
C04354,D03435,2025-01-01,2026-08-01,7,baseline
C04355,D03212,2025-01-01,2026-08-01,6,baseline
C04356,D01599,2025-01-01,2026-08-01,18,baseline
C04357,D02206,2025-01-01,2026-08-01,3,baseline
C04358,D00590,2025-01-01,2026-08-01,15,baseline
C04359,D02851,2025-01-01,2026-08-01,18,baseline
C04360,D02242,2025-01-01,2026-08-01,20,baseline
C04361,D03402,2025-01-01,2026-08-01,14,baseline
C04362,D01787,2025-01-01,2026-08-01,11,baseline
C04363,D01481,2025-01-01,2026-08-01,7,baseline
C04364,D00205,2025-01-01,2026-08-01,5,baseline
C04365,D02648,2025-01-01,2026-08-01,12,baseline
C04366,D04521,2025-01-01,2026-08-01,3,baseline
C04367,D04847,2025-01-01,2026-08-01,10,baseline
C04368,D01583,2025-01-01,2026-08-01,5,baseline
C04369,D00959,2025-01-01,2026-08-01,9,baseline
C04370,D03741,2025-01-01,2026-08-01,10,baseline
C04371,D00449,2025-01-01,2026-08-01,5,baseline
C04372,D03821,2025-01-01,2026-08-01,12,baseline
C04373,D00882,2025-01-01,2026-08-01,20,baseline
C04374,D02051,2025-01-01,2026-08-01,6,baseline
C04375,D02140,2025-01-01,2026-08-01,13,baseline
C04376,D02491,2025-01-01,2026-08-01,3,baseline
C04377,D04083,2025-01-01,2026-08-01,9,baseline
C04378,D03785,2025-01-01,2026-08-01,9,baseline
C04379,D04959,2025-01-01,2026-08-01,20,baseline
C04380,D04501,2025-01-01,2026-08-01,8,baseline
C04381,D03155,2025-01-01,2026-08-01,2,baseline
C04382,D04153,2025-01-01,2026-08-01,7,baseline
C04383,D04204,2025-01-01,2026-08-01,5,baseline
C04384,D00873,2025-01-01,2026-08-01,18,baseline
C04385,D02444,2025-01-01,2026-08-01,17,baseline
C04386,D00261,2025-01-01,2026-08-01,14,baseline
C04387,D04601,2025-01-01,2026-08-01,15,baseline
C04388,D04798,2025-01-01,2026-08-01,14,baseline
C04389,D02076,2025-01-01,2026-08-01,9,baseline
C04390,D03341,2025-01-01,2026-08-01,2,baseline
C04391,D04594,2025-01-01,2026-08-01,6,baseline
C04392,D03851,2025-01-01,2026-08-01,19,baseline
C04393,D01157,2025-01-01,2026-08-01,6,baseline
C04394,D04361,2025-01-01,2026-08-01,7,baseline
C04395,D04744,2025-01-01,2026-08-01,20,baseline
C04396,D03656,2025-01-01,2026-08-01,19,baseline
C04397,D01487,2025-01-01,2026-08-01,20,baseline
C04398,D04793,2025-01-01,2026-08-01,18,baseline
C04399,D00511,2025-01-01,2026-08-01,17,baseline
C04400,D02842,2025-01-01,2026-08-01,8,baseline
C04401,D03927,2025-01-01,2026-08-01,16,baseline
C04402,D03881,2025-01-01,2026-08-01,2,baseline
C04403,D03051,2025-01-01,2026-08-01,2,baseline
C04404,D03810,2025-01-01,2026-08-01,3,baseline
C04405,D00618,2025-01-01,2026-08-01,20,baseline
C04406,D01171,2025-01-01,2026-08-01,10,baseline
C04407,D03503,2025-01-01,2026-08-01,14,baseline
C04408,D04833,2025-01-01,2026-08-01,1,baseline
C04409,D01642,2025-01-01,2026-08-01,9,baseline
C04410,D03938,2025-01-01,2026-08-01,12,baseline
C04411,D02061,2025-01-01,2026-08-01,10,baseline
C04412,D00629,2025-01-01,2026-08-01,2,baseline
C04413,D02922,2025-01-01,2026-08-01,19,baseline
C04414,D02060,2025-01-01,2026-08-01,11,baseline
C04415,D02856,2025-01-01,2026-08-01,9,baseline
C04416,D03399,2025-01-01,2026-08-01,5,baseline
C04417,D01435,2025-01-01,2026-08-01,3,baseline
C04418,D04671,2025-01-01,2026-08-01,4,baseline
C04419,D00108,2025-01-01,2026-08-01,4,baseline
C04420,D03154,2025-01-01,2026-08-01,9,baseline
C04421,D02825,2025-01-01,2026-08-01,16,baseline
C04422,D03329,2025-01-01,2026-08-01,3,baseline
C04423,D00122,2025-01-01,2026-08-01,5,baseline
C04424,D03865,2025-01-01,2026-08-01,6,baseline
C04425,D01143,2025-01-01,2026-08-01,2,baseline
C04426,D04689,2025-01-01,2026-08-01,9,baseline
C04427,D02787,2025-01-01,2026-08-01,10,baseline
C04428,D04726,2025-01-01,2026-08-01,16,baseline
C04429,D03530,2025-01-01,2026-08-01,3,baseline
C04430,D01168,2025-01-01,2026-08-01,9,baseline
C04431,D04262,2025-01-01,2026-08-01,7,baseline
C04432,D00818,2025-01-01,2026-08-01,15,baseline
C04433,D04054,2025-01-01,2026-08-01,6,baseline
C04434,D00413,2025-01-01,2026-08-01,18,baseline
C04435,D00549,2025-01-01,2026-08-01,5,baseline
C04436,D04810,2025-01-01,2026-08-01,10,baseline
C04437,D03139,2025-01-01,2026-08-01,12,baseline
C04438,D00760,2025-01-01,2026-08-01,15,baseline
C04439,D03870,2025-01-01,2026-08-01,5,baseline
C04440,D02329,2025-01-01,2026-08-01,5,baseline
C04441,D04153,2025-01-01,2026-08-01,5,baseline
C04442,D04469,2025-01-01,2026-08-01,20,baseline
C04443,D02733,2025-01-01,2026-08-01,14,baseline
C04444,D04532,2025-01-01,2026-08-01,9,baseline
C04445,D03119,2025-01-01,2026-08-01,7,baseline
C04446,D03336,2025-01-01,2026-08-01,17,baseline
C04447,D04321,2025-01-01,2026-08-01,16,baseline
C04448,D01257,2025-01-01,2026-08-01,11,baseline
C04449,D01627,2025-01-01,2026-08-01,16,baseline
C04450,D03031,2025-01-01,2026-08-01,19,baseline
C04451,D04359,2025-01-01,2026-08-01,3,baseline
C04452,D04151,2025-01-01,2026-08-01,1,baseline
C04453,D02082,2025-01-01,2026-08-01,19,baseline
C04454,D02255,2025-01-01,2026-08-01,16,baseline
C04455,D03140,2025-01-01,2026-08-01,6,baseline
C04456,D01846,2025-01-01,2026-08-01,18,baseline
C04457,D01072,2025-01-01,2026-08-01,9,baseline
C04458,D04444,2025-01-01,2026-08-01,14,baseline
C04459,D02620,2025-01-01,2026-08-01,19,baseline
C04460,D01487,2025-01-01,2026-08-01,4,baseline
C04461,D04728,2025-01-01,2026-08-01,8,baseline
C04462,D04043,2025-01-01,2026-08-01,12,baseline
C04463,D03328,2025-01-01,2026-08-01,3,baseline
C04464,D01668,2025-01-01,2026-08-01,6,baseline
C04465,D04928,2025-01-01,2026-08-01,20,baseline
C04466,D01786,2025-01-01,2026-08-01,16,baseline
C04467,D04196,2025-01-01,2026-08-01,18,baseline
C04468,D02385,2025-01-01,2026-08-01,2,baseline
C04469,D04943,2025-01-01,2026-08-01,9,baseline
C04470,D01392,2025-01-01,2026-08-01,6,baseline
C04471,D02641,2025-01-01,2026-08-01,10,baseline
C04472,D00169,2025-01-01,2026-08-01,8,baseline
C04473,D04514,2025-01-01,2026-08-01,20,baseline
C04474,D01575,2025-01-01,2026-08-01,3,baseline
C04475,D01518,2025-01-01,2026-08-01,13,baseline
C04476,D04932,2025-01-01,2026-08-01,6,baseline
C04477,D04694,2025-01-01,2026-08-01,17,baseline
C04478,D00729,2025-01-01,2026-08-01,15,baseline
C04479,D02340,2025-01-01,2026-08-01,20,baseline
C04480,D02934,2025-01-01,2026-08-01,20,baseline
C04481,D03245,2025-01-01,2026-08-01,16,baseline
C04482,D04693,2025-01-01,2026-08-01,5,baseline
C04483,D00878,2025-01-01,2026-08-01,5,baseline
C04484,D04694,2025-01-01,2026-08-01,13,baseline
C04485,D04265,2025-01-01,2026-08-01,15,baseline
C04486,D00253,2025-01-01,2026-08-01,2,baseline
C04487,D00111,2025-01-01,2026-08-01,5,baseline
C04488,D01515,2025-01-01,2026-08-01,15,baseline
C04489,D04411,2025-01-01,2026-08-01,5,baseline
C04490,D00120,2025-01-01,2026-08-01,19,baseline
C04491,D02162,2025-01-01,2026-08-01,13,baseline
C04492,D02820,2025-01-01,2026-08-01,1,baseline
C04493,D03002,2025-01-01,2026-08-01,1,baseline
C04494,D03307,2025-01-01,2026-08-01,3,baseline
C04495,D01028,2025-01-01,2026-08-01,9,baseline
C04496,D00891,2025-01-01,2026-08-01,9,baseline
C04497,D00640,2025-01-01,2026-08-01,13,baseline
C04498,D01678,2025-01-01,2026-08-01,20,baseline
C04499,D02510,2025-01-01,2026-08-01,11,baseline
C04500,D03242,2025-01-01,2026-08-01,16,baseline
C04501,D00659,2025-01-01,2026-08-01,10,baseline
C04502,D00901,2025-01-01,2026-08-01,4,baseline
C04503,D03786,2025-01-01,2026-08-01,13,baseline
C04504,D03103,2025-01-01,2026-08-01,19,baseline
C04505,D00662,2025-01-01,2026-08-01,4,baseline
C04506,D04551,2025-01-01,2026-08-01,20,baseline
C04507,D01608,2025-01-01,2026-08-01,20,baseline
C04508,D01568,2025-01-01,2026-08-01,19,baseline
C04509,D01263,2025-01-01,2026-08-01,15,baseline
C04510,D03357,2025-01-01,2026-08-01,16,baseline
C04511,D00786,2025-01-01,2026-08-01,7,baseline
C04512,D02214,2025-01-01,2026-08-01,12,baseline
C04513,D02143,2025-01-01,2026-08-01,15,baseline
C04514,D02254,2025-01-01,2026-08-01,5,baseline
C04515,D01557,2025-01-01,2026-08-01,17,baseline
C04516,D03623,2025-01-01,2026-08-01,8,baseline
C04517,D00019,2025-01-01,2026-08-01,1,baseline
C04518,D01005,2025-01-01,2026-08-01,7,baseline
C04519,D02600,2025-01-01,2026-08-01,19,baseline
C04520,D00463,2025-01-01,2026-08-01,14,baseline
C04521,D04305,2025-01-01,2026-08-01,7,baseline
C04522,D02837,2025-01-01,2026-08-01,9,baseline
C04523,D03574,2025-01-01,2026-08-01,19,baseline
C04524,D02292,2025-01-01,2026-08-01,15,baseline
C04525,D00025,2025-01-01,2026-08-01,16,baseline
C04526,D01282,2025-01-01,2026-08-01,8,baseline
C04527,D04978,2025-01-01,2026-08-01,11,baseline
C04528,D00976,2025-01-01,2026-08-01,2,baseline
C04529,D01355,2025-01-01,2026-08-01,11,baseline
C04530,D03045,2025-01-01,2026-08-01,15,baseline
C04531,D01368,2025-01-01,2026-08-01,16,baseline
C04532,D04939,2025-01-01,2026-08-01,6,baseline
C04533,D01189,2025-01-01,2026-08-01,4,baseline
C04534,D03734,2025-01-01,2026-08-01,13,baseline
C04535,D01297,2025-01-01,2026-08-01,17,baseline
C04536,D04672,2025-01-01,2026-08-01,19,baseline
C04537,D02301,2025-01-01,2026-08-01,6,baseline
C04538,D00128,2025-01-01,2026-08-01,7,baseline
C04539,D00359,2025-01-01,2026-08-01,17,baseline
C04540,D03494,2025-01-01,2026-08-01,4,baseline
C04541,D02855,2025-01-01,2026-08-01,19,baseline
C04542,D03424,2025-01-01,2026-08-01,11,baseline
C04543,D04814,2025-01-01,2026-08-01,7,baseline
C04544,D03670,2025-01-01,2026-08-01,17,baseline
C04545,D04277,2025-01-01,2026-08-01,11,baseline
C04546,D04455,2025-01-01,2026-08-01,5,baseline
C04547,D00974,2025-01-01,2026-08-01,17,baseline
C04548,D04810,2025-01-01,2026-08-01,13,baseline
C04549,D03721,2025-01-01,2026-08-01,5,baseline
C04550,D00919,2025-01-01,2026-08-01,17,baseline
C04551,D00204,2025-01-01,2026-08-01,17,baseline
C04552,D02548,2025-01-01,2026-08-01,14,baseline
C04553,D02848,2025-01-01,2026-08-01,18,baseline
C04554,D04488,2025-01-01,2026-08-01,1,baseline
C04555,D03913,2025-01-01,2026-08-01,19,baseline
C04556,D03568,2025-01-01,2026-08-01,7,baseline
C04557,D04843,2025-01-01,2026-08-01,6,baseline
C04558,D01351,2025-01-01,2026-08-01,20,baseline
C04559,D00754,2025-01-01,2026-08-01,3,baseline
C04560,D03177,2025-01-01,2026-08-01,6,baseline
C04561,D01712,2025-01-01,2026-08-01,18,baseline
C04562,D00781,2025-01-01,2026-08-01,3,baseline
C04563,D00415,2025-01-01,2026-08-01,7,baseline
C04564,D03221,2025-01-01,2026-08-01,11,baseline
C04565,D01669,2025-01-01,2026-08-01,2,baseline
C04566,D03105,2025-01-01,2026-08-01,13,baseline
C04567,D02799,2025-01-01,2026-08-01,16,baseline
C04568,D00801,2025-01-01,2026-08-01,18,baseline
C04569,D01086,2025-01-01,2026-08-01,7,baseline
C04570,D00697,2025-01-01,2026-08-01,10,baseline
C04571,D00115,2025-01-01,2026-08-01,13,baseline
C04572,D03386,2025-01-01,2026-08-01,8,baseline
C04573,D01067,2025-01-01,2026-08-01,12,baseline
C04574,D00898,2025-01-01,2026-08-01,14,baseline
C04575,D01053,2025-01-01,2026-08-01,5,baseline
C04576,D03906,2025-01-01,2026-08-01,16,baseline
C04577,D04767,2025-01-01,2026-08-01,9,baseline
C04578,D00476,2025-01-01,2026-08-01,12,baseline
C04579,D04832,2025-01-01,2026-08-01,12,baseline
C04580,D01250,2025-01-01,2026-08-01,5,baseline
C04581,D04697,2025-01-01,2026-08-01,18,baseline
C04582,D03792,2025-01-01,2026-08-01,20,baseline
C04583,D01311,2025-01-01,2026-08-01,5,baseline
C04584,D02961,2025-01-01,2026-08-01,17,baseline
C04585,D04625,2025-01-01,2026-08-01,6,baseline
C04586,D03848,2025-01-01,2026-08-01,12,baseline
C04587,D01902,2025-01-01,2026-08-01,1,baseline
C04588,D01976,2025-01-01,2026-08-01,16,baseline
C04589,D01245,2025-01-01,2026-08-01,19,baseline
C04590,D01363,2025-01-01,2026-08-01,19,baseline
C04591,D02449,2025-01-01,2026-08-01,2,baseline
C04592,D01225,2025-01-01,2026-08-01,14,baseline
C04593,D00258,2025-01-01,2026-08-01,18,baseline
C04594,D02363,2025-01-01,2026-08-01,13,baseline
C04595,D02635,2025-01-01,2026-08-01,11,baseline
C04596,D03245,2025-01-01,2026-08-01,14,baseline
C04597,D02596,2025-01-01,2026-08-01,10,baseline
C04598,D03956,2025-01-01,2026-08-01,19,baseline
C04599,D01982,2025-01-01,2026-08-01,15,baseline
C04600,D02743,2025-01-01,2026-08-01,16,baseline
C04601,D00988,2025-01-01,2026-08-01,8,baseline
C04602,D03635,2025-01-01,2026-08-01,6,baseline
C04603,D02611,2025-01-01,2026-08-01,14,baseline
C04604,D01345,2025-01-01,2026-08-01,11,baseline
C04605,D04575,2025-01-01,2026-08-01,7,baseline
C04606,D00557,2025-01-01,2026-08-01,13,baseline
C04607,D02350,2025-01-01,2026-08-01,10,baseline
C04608,D03215,2025-01-01,2026-08-01,11,baseline
C04609,D01277,2025-01-01,2026-08-01,2,baseline
C04610,D01601,2025-01-01,2026-08-01,7,baseline
C04611,D00017,2025-01-01,2026-08-01,12,baseline
C04612,D01667,2025-01-01,2026-08-01,15,baseline
C04613,D04726,2025-01-01,2026-08-01,9,baseline
C04614,D01423,2025-01-01,2026-08-01,2,baseline
C04615,D00915,2025-01-01,2026-08-01,6,baseline
C04616,D03859,2025-01-01,2026-08-01,16,baseline
C04617,D00724,2025-01-01,2026-08-01,2,baseline
C04618,D03508,2025-01-01,2026-08-01,9,baseline
C04619,D00349,2025-01-01,2026-08-01,17,baseline
C04620,D04405,2025-01-01,2026-08-01,5,baseline
C04621,D01379,2025-01-01,2026-08-01,15,baseline
C04622,D03207,2025-01-01,2026-08-01,12,baseline
C04623,D02752,2025-01-01,2026-08-01,12,baseline
C04624,D04997,2025-01-01,2026-08-01,8,baseline
C04625,D04009,2025-01-01,2026-08-01,14,baseline
C04626,D01950,2025-01-01,2026-08-01,7,baseline
C04627,D01343,2025-01-01,2026-08-01,6,baseline
C04628,D01555,2025-01-01,2026-08-01,1,baseline
C04629,D02372,2025-01-01,2026-08-01,18,baseline
C04630,D00738,2025-01-01,2026-08-01,3,baseline
C04631,D03300,2025-01-01,2026-08-01,1,baseline
C04632,D04252,2025-01-01,2026-08-01,13,baseline
C04633,D00947,2025-01-01,2026-08-01,14,baseline
C04634,D04995,2025-01-01,2026-08-01,9,baseline
C04635,D00159,2025-01-01,2026-08-01,5,baseline
C04636,D04283,2025-01-01,2026-08-01,3,baseline
C04637,D01809,2025-01-01,2026-08-01,6,baseline
C04638,D01437,2025-01-01,2026-08-01,10,baseline
C04639,D04393,2025-01-01,2026-08-01,12,baseline
C04640,D00839,2025-01-01,2026-08-01,16,baseline
C04641,D03497,2025-01-01,2026-08-01,18,baseline
C04642,D00665,2025-01-01,2026-08-01,12,baseline
C04643,D03352,2025-01-01,2026-08-01,16,baseline
C04644,D04752,2025-01-01,2026-08-01,5,baseline
C04645,D00621,2025-01-01,2026-08-01,6,baseline
C04646,D04099,2025-01-01,2026-08-01,10,baseline
C04647,D00934,2025-01-01,2026-08-01,15,baseline
C04648,D02886,2025-01-01,2026-08-01,10,baseline
C04649,D01544,2025-01-01,2026-08-01,19,baseline
C04650,D00541,2025-01-01,2026-08-01,18,baseline
C04651,D00223,2025-01-01,2026-08-01,16,baseline
C04652,D01560,2025-01-01,2026-08-01,3,baseline
C04653,D01270,2025-01-01,2026-08-01,8,baseline
C04654,D04622,2025-01-01,2026-08-01,20,baseline
C04655,D04012,2025-01-01,2026-08-01,5,baseline
C04656,D04831,2025-01-01,2026-08-01,20,baseline
C04657,D00810,2025-01-01,2026-08-01,19,baseline
C04658,D01585,2025-01-01,2026-08-01,6,baseline
C04659,D02729,2025-01-01,2026-08-01,17,baseline
C04660,D01752,2025-01-01,2026-08-01,16,baseline
C04661,D04352,2025-01-01,2026-08-01,12,baseline
C04662,D00406,2025-01-01,2026-08-01,9,baseline
C04663,D01467,2025-01-01,2026-08-01,15,baseline
C04664,D02350,2025-01-01,2026-08-01,5,baseline
C04665,D01567,2025-01-01,2026-08-01,14,baseline
C04666,D01683,2025-01-01,2026-08-01,19,baseline
C04667,D04924,2025-01-01,2026-08-01,4,baseline
C04668,D03810,2025-01-01,2026-08-01,6,baseline
C04669,D00088,2025-01-01,2026-08-01,18,baseline
C04670,D00644,2025-01-01,2026-08-01,5,baseline
C04671,D03734,2025-01-01,2026-08-01,8,baseline
C04672,D04383,2025-01-01,2026-08-01,6,baseline
C04673,D00373,2025-01-01,2026-08-01,11,baseline
C04674,D03764,2025-01-01,2026-08-01,8,baseline
C04675,D04207,2025-01-01,2026-08-01,2,baseline
C04676,D03150,2025-01-01,2026-08-01,11,baseline
C04677,D02932,2025-01-01,2026-08-01,14,baseline
C04678,D00150,2025-01-01,2026-08-01,11,baseline
C04679,D01664,2025-01-01,2026-08-01,10,baseline
C04680,D02571,2025-01-01,2026-08-01,8,baseline
C04681,D03265,2025-01-01,2026-08-01,11,baseline
C04682,D01142,2025-01-01,2026-08-01,14,baseline
C04683,D00669,2025-01-01,2026-08-01,11,baseline
C04684,D02255,2025-01-01,2026-08-01,11,baseline
C04685,D03938,2025-01-01,2026-08-01,9,baseline
C04686,D02416,2025-01-01,2026-08-01,9,baseline
C04687,D01305,2025-01-01,2026-08-01,16,baseline
C04688,D00551,2025-01-01,2026-08-01,2,baseline
C04689,D01608,2025-01-01,2026-08-01,16,baseline
C04690,D00511,2025-01-01,2026-08-01,17,baseline
C04691,D04712,2025-01-01,2026-08-01,18,baseline
C04692,D02154,2025-01-01,2026-08-01,3,baseline
C04693,D03360,2025-01-01,2026-08-01,12,baseline
C04694,D03755,2025-01-01,2026-08-01,7,baseline
C04695,D02981,2025-01-01,2026-08-01,14,baseline
C04696,D04260,2025-01-01,2026-08-01,18,baseline
C04697,D00200,2025-01-01,2026-08-01,4,baseline
C04698,D02663,2025-01-01,2026-08-01,8,baseline
C04699,D02802,2025-01-01,2026-08-01,7,baseline
C04700,D00902,2025-01-01,2026-08-01,12,baseline
C04701,D03138,2025-01-01,2026-08-01,7,baseline
C04702,D00236,2025-01-01,2026-08-01,10,baseline
C04703,D01062,2025-01-01,2026-08-01,10,baseline
C04704,D00698,2025-01-01,2026-08-01,16,baseline
C04705,D04854,2025-01-01,2026-08-01,10,baseline
C04706,D02252,2025-01-01,2026-08-01,11,baseline
C04707,D04113,2025-01-01,2026-08-01,8,baseline
C04708,D02697,2025-01-01,2026-08-01,8,baseline
C04709,D04115,2025-01-01,2026-08-01,20,baseline
C04710,D00092,2025-01-01,2026-08-01,4,baseline
C04711,D03071,2025-01-01,2026-08-01,6,baseline
C04712,D01027,2025-01-01,2026-08-01,6,baseline
C04713,D02646,2025-01-01,2026-08-01,7,baseline
C04714,D04640,2025-01-01,2026-08-01,11,baseline
C04715,D03957,2025-01-01,2026-08-01,12,baseline
C04716,D03820,2025-01-01,2026-08-01,10,baseline
C04717,D01780,2025-01-01,2026-08-01,13,baseline
C04718,D01288,2025-01-01,2026-08-01,6,baseline
C04719,D00179,2025-01-01,2026-08-01,8,baseline
C04720,D02370,2025-01-01,2026-08-01,13,baseline
C04721,D03914,2025-01-01,2026-08-01,17,baseline
C04722,D04096,2025-01-01,2026-08-01,8,baseline
C04723,D01031,2025-01-01,2026-08-01,13,baseline
C04724,D03905,2025-01-01,2026-08-01,3,baseline
C04725,D02423,2025-01-01,2026-08-01,3,baseline
C04726,D03966,2025-01-01,2026-08-01,7,baseline
C04727,D04053,2025-01-01,2026-08-01,15,baseline
C04728,D04222,2025-01-01,2026-08-01,10,baseline
C04729,D03115,2025-01-01,2026-08-01,11,baseline
C04730,D03782,2025-01-01,2026-08-01,20,baseline
C04731,D02536,2025-01-01,2026-08-01,8,baseline
C04732,D01444,2025-01-01,2026-08-01,2,baseline
C04733,D03913,2025-01-01,2026-08-01,4,baseline
C04734,D00612,2025-01-01,2026-08-01,9,baseline
C04735,D02025,2025-01-01,2026-08-01,2,baseline
C04736,D00569,2025-01-01,2026-08-01,18,baseline
C04737,D03690,2025-01-01,2026-08-01,5,baseline
C04738,D00494,2025-01-01,2026-08-01,8,baseline
C04739,D03274,2025-01-01,2026-08-01,7,baseline
C04740,D03712,2025-01-01,2026-08-01,17,baseline
C04741,D01487,2025-01-01,2026-08-01,8,baseline
C04742,D04020,2025-01-01,2026-08-01,8,baseline
C04743,D03477,2025-01-01,2026-08-01,8,baseline
C04744,D04746,2025-01-01,2026-08-01,19,baseline
C04745,D04982,2025-01-01,2026-08-01,4,baseline
C04746,D04516,2025-01-01,2026-08-01,15,baseline
C04747,D00141,2025-01-01,2026-08-01,4,baseline
C04748,D02184,2025-01-01,2026-08-01,11,baseline
C04749,D04407,2025-01-01,2026-08-01,17,baseline
C04750,D01081,2025-01-01,2026-08-01,5,baseline
C04751,D03881,2025-01-01,2026-08-01,10,baseline
C04752,D01262,2025-01-01,2026-08-01,17,baseline
C04753,D01999,2025-01-01,2026-08-01,3,baseline
C04754,D02196,2025-01-01,2026-08-01,8,baseline
C04755,D01808,2025-01-01,2026-08-01,12,baseline
C04756,D00485,2025-01-01,2026-08-01,3,baseline
C04757,D00587,2025-01-01,2026-08-01,17,baseline
C04758,D00129,2025-01-01,2026-08-01,6,baseline
C04759,D00411,2025-01-01,2026-08-01,12,baseline
C04760,D01493,2025-01-01,2026-08-01,11,baseline
C04761,D04546,2025-01-01,2026-08-01,3,baseline
C04762,D00074,2025-01-01,2026-08-01,10,baseline
C04763,D03415,2025-01-01,2026-08-01,19,baseline
C04764,D04936,2025-01-01,2026-08-01,12,baseline
C04765,D02017,2025-01-01,2026-08-01,13,baseline
C04766,D02753,2025-01-01,2026-08-01,9,baseline
C04767,D02645,2025-01-01,2026-08-01,6,baseline
C04768,D04341,2025-01-01,2026-08-01,1,baseline
C04769,D02576,2025-01-01,2026-08-01,19,baseline
C04770,D02421,2025-01-01,2026-08-01,9,baseline
C04771,D03556,2025-01-01,2026-08-01,8,baseline
C04772,D04442,2025-01-01,2026-08-01,16,baseline
C04773,D04200,2025-01-01,2026-08-01,8,baseline
C04774,D04861,2025-01-01,2026-08-01,11,baseline
C04775,D03222,2025-01-01,2026-08-01,1,baseline
C04776,D00877,2025-01-01,2026-08-01,2,baseline
C04777,D04105,2025-01-01,2026-08-01,10,baseline
C04778,D01442,2025-01-01,2026-08-01,16,baseline
C04779,D00719,2025-01-01,2026-08-01,20,baseline
C04780,D04393,2025-01-01,2026-08-01,1,baseline
C04781,D02151,2025-01-01,2026-08-01,5,baseline
C04782,D02185,2025-01-01,2026-08-01,7,baseline
C04783,D00643,2025-01-01,2026-08-01,17,baseline
C04784,D01035,2025-01-01,2026-08-01,9,baseline
C04785,D02657,2025-01-01,2026-08-01,1,baseline
C04786,D04195,2025-01-01,2026-08-01,4,baseline
C04787,D04458,2025-01-01,2026-08-01,12,baseline
C04788,D04912,2025-01-01,2026-08-01,13,baseline
C04789,D01621,2025-01-01,2026-08-01,3,baseline
C04790,D02995,2025-01-01,2026-08-01,19,baseline
C04791,D02291,2025-01-01,2026-08-01,20,baseline
C04792,D02287,2025-01-01,2026-08-01,15,baseline
C04793,D03991,2025-01-01,2026-08-01,5,baseline
C04794,D03681,2025-01-01,2026-08-01,15,baseline
C04795,D00146,2025-01-01,2026-08-01,14,baseline
C04796,D04514,2025-01-01,2026-08-01,12,baseline
C04797,D03126,2025-01-01,2026-08-01,3,baseline
C04798,D00333,2025-01-01,2026-08-01,18,baseline
C04799,D03169,2025-01-01,2026-08-01,8,baseline
C04800,D01319,2025-01-01,2026-08-01,11,baseline
C04801,D03882,2025-01-01,2026-08-01,20,baseline
C04802,D03596,2025-01-01,2026-08-01,6,baseline
C04803,D01471,2025-01-01,2026-08-01,11,baseline
C04804,D03405,2025-01-01,2026-08-01,5,baseline
C04805,D04649,2025-01-01,2026-08-01,16,baseline
C04806,D01332,2025-01-01,2026-08-01,9,baseline
C04807,D04965,2025-01-01,2026-08-01,3,baseline
C04808,D01127,2025-01-01,2026-08-01,10,baseline
C04809,D02970,2025-01-01,2026-08-01,8,baseline
C04810,D01407,2025-01-01,2026-08-01,9,baseline
C04811,D00319,2025-01-01,2026-08-01,2,baseline
C04812,D01345,2025-01-01,2026-08-01,20,baseline
C04813,D03387,2025-01-01,2026-08-01,20,baseline
C04814,D01277,2025-01-01,2026-08-01,18,baseline
C04815,D04094,2025-01-01,2026-08-01,2,baseline
C04816,D03754,2025-01-01,2026-08-01,3,baseline
C04817,D04291,2025-01-01,2026-08-01,3,baseline
C04818,D04341,2025-01-01,2026-08-01,11,baseline
C04819,D01348,2025-01-01,2026-08-01,5,baseline
C04820,D04814,2025-01-01,2026-08-01,7,baseline
C04821,D03263,2025-01-01,2026-08-01,5,baseline
C04822,D02933,2025-01-01,2026-08-01,19,baseline
C04823,D03452,2025-01-01,2026-08-01,11,baseline
C04824,D01569,2025-01-01,2026-08-01,9,baseline
C04825,D03789,2025-01-01,2026-08-01,2,baseline
C04826,D01878,2025-01-01,2026-08-01,17,baseline
C04827,D01683,2025-01-01,2026-08-01,19,baseline
C04828,D00752,2025-01-01,2026-08-01,5,baseline
C04829,D00755,2025-01-01,2026-08-01,4,baseline
C04830,D00902,2025-01-01,2026-08-01,18,baseline
C04831,D00710,2025-01-01,2026-08-01,8,baseline
C04832,D00334,2025-01-01,2026-08-01,12,baseline
C04833,D00128,2025-01-01,2026-08-01,14,baseline
C04834,D02786,2025-01-01,2026-08-01,16,baseline
C04835,D02231,2025-01-01,2026-08-01,8,baseline
C04836,D02203,2025-01-01,2026-08-01,2,baseline
C04837,D04399,2025-01-01,2026-08-01,19,baseline
C04838,D01461,2025-01-01,2026-08-01,3,baseline
C04839,D03648,2025-01-01,2026-08-01,6,baseline
C04840,D03746,2025-01-01,2026-08-01,10,baseline
C04841,D03953,2025-01-01,2026-08-01,5,baseline
C04842,D03883,2025-01-01,2026-08-01,14,baseline
C04843,D02031,2025-01-01,2026-08-01,19,baseline
C04844,D00913,2025-01-01,2026-08-01,16,baseline
C04845,D01363,2025-01-01,2026-08-01,18,baseline
C04846,D03653,2025-01-01,2026-08-01,11,baseline
C04847,D04744,2025-01-01,2026-08-01,18,baseline
C04848,D04180,2025-01-01,2026-08-01,15,baseline
C04849,D02088,2025-01-01,2026-08-01,17,baseline
C04850,D04897,2025-01-01,2026-08-01,12,baseline
C04851,D01631,2025-01-01,2026-08-01,17,baseline
C04852,D04080,2025-01-01,2026-08-01,18,baseline
C04853,D01239,2025-01-01,2026-08-01,13,baseline
C04854,D04984,2025-01-01,2026-08-01,14,baseline
C04855,D03967,2025-01-01,2026-08-01,3,baseline
C04856,D04331,2025-01-01,2026-08-01,15,baseline
C04857,D02818,2025-01-01,2026-08-01,9,baseline
C04858,D00703,2025-01-01,2026-08-01,17,baseline
C04859,D04087,2025-01-01,2026-08-01,13,baseline
C04860,D04854,2025-01-01,2026-08-01,15,baseline
C04861,D04695,2025-01-01,2026-08-01,9,baseline
C04862,D00762,2025-01-01,2026-08-01,13,baseline
C04863,D03957,2025-01-01,2026-08-01,3,baseline
C04864,D01466,2025-01-01,2026-08-01,15,baseline
C04865,D02013,2025-01-01,2026-08-01,1,baseline
C04866,D00413,2025-01-01,2026-08-01,4,baseline
C04867,D03995,2025-01-01,2026-08-01,8,baseline
C04868,D02416,2025-01-01,2026-08-01,12,baseline
C04869,D01539,2025-01-01,2026-08-01,3,baseline
C04870,D00820,2025-01-01,2026-08-01,7,baseline
C04871,D01721,2025-01-01,2026-08-01,16,baseline
C04872,D03968,2025-01-01,2026-08-01,10,baseline
C04873,D04016,2025-01-01,2026-08-01,13,baseline
C04874,D02613,2025-01-01,2026-08-01,10,baseline
C04875,D00502,2025-01-01,2026-08-01,20,baseline
C04876,D03272,2025-01-01,2026-08-01,13,baseline
C04877,D02336,2025-01-01,2026-08-01,12,baseline
C04878,D03600,2025-01-01,2026-08-01,2,baseline
C04879,D01611,2025-01-01,2026-08-01,4,baseline
C04880,D00516,2025-01-01,2026-08-01,10,baseline
C04881,D01335,2025-01-01,2026-08-01,3,baseline
C04882,D01303,2025-01-01,2026-08-01,1,baseline
C04883,D00308,2025-01-01,2026-08-01,3,baseline
C04884,D03878,2025-01-01,2026-08-01,10,baseline
C04885,D01718,2025-01-01,2026-08-01,13,baseline
C04886,D01846,2025-01-01,2026-08-01,11,baseline
C04887,D04280,2025-01-01,2026-08-01,11,baseline
C04888,D01044,2025-01-01,2026-08-01,10,baseline
C04889,D03530,2025-01-01,2026-08-01,17,baseline
C04890,D04547,2025-01-01,2026-08-01,18,baseline
C04891,D01708,2025-01-01,2026-08-01,17,baseline
C04892,D01658,2025-01-01,2026-08-01,11,baseline
C04893,D02077,2025-01-01,2026-08-01,13,baseline
C04894,D02232,2025-01-01,2026-08-01,15,baseline
C04895,D01521,2025-01-01,2026-08-01,3,baseline
C04896,D03675,2025-01-01,2026-08-01,2,baseline
C04897,D02715,2025-01-01,2026-08-01,7,baseline
C04898,D01961,2025-01-01,2026-08-01,14,baseline
C04899,D04078,2025-01-01,2026-08-01,15,baseline
C04900,D00819,2025-01-01,2026-08-01,1,baseline
C04901,D04941,2025-01-01,2026-08-01,6,baseline
C04902,D00073,2025-01-01,2026-08-01,18,baseline
C04903,D03232,2025-01-01,2026-08-01,19,baseline
C04904,D04160,2025-01-01,2026-08-01,6,baseline
C04905,D00515,2025-01-01,2026-08-01,16,baseline
C04906,D00858,2025-01-01,2026-08-01,9,baseline
C04907,D02996,2025-01-01,2026-08-01,19,baseline
C04908,D02926,2025-01-01,2026-08-01,7,baseline
C04909,D03414,2025-01-01,2026-08-01,1,baseline
C04910,D04434,2025-01-01,2026-08-01,4,baseline
C04911,D04842,2025-01-01,2026-08-01,11,baseline
C04912,D01818,2025-01-01,2026-08-01,14,baseline
C04913,D01948,2025-01-01,2026-08-01,16,baseline
C04914,D02591,2025-01-01,2026-08-01,8,baseline
C04915,D01500,2025-01-01,2026-08-01,9,baseline
C04916,D00678,2025-01-01,2026-08-01,5,baseline
C04917,D02046,2025-01-01,2026-08-01,13,baseline
C04918,D02820,2025-01-01,2026-08-01,18,baseline
C04919,D02194,2025-01-01,2026-08-01,7,baseline
C04920,D00938,2025-01-01,2026-08-01,4,baseline
C04921,D03059,2025-01-01,2026-08-01,20,baseline
C04922,D04726,2025-01-01,2026-08-01,5,baseline
C04923,D04059,2025-01-01,2026-08-01,16,baseline
C04924,D04321,2025-01-01,2026-08-01,7,baseline
C04925,D02985,2025-01-01,2026-08-01,9,baseline
C04926,D03537,2025-01-01,2026-08-01,8,baseline
C04927,D00799,2025-01-01,2026-08-01,13,baseline
C04928,D04161,2025-01-01,2026-08-01,10,baseline
C04929,D02064,2025-01-01,2026-08-01,12,baseline
C04930,D04571,2025-01-01,2026-08-01,7,baseline
C04931,D01616,2025-01-01,2026-08-01,18,baseline
C04932,D00506,2025-01-01,2026-08-01,14,baseline
C04933,D03065,2025-01-01,2026-08-01,3,baseline
C04934,D04389,2025-01-01,2026-08-01,4,baseline
C04935,D00568,2025-01-01,2026-08-01,17,baseline
C04936,D00473,2025-01-01,2026-08-01,16,baseline
C04937,D03322,2025-01-01,2026-08-01,16,baseline
C04938,D04668,2025-01-01,2026-08-01,2,baseline
C04939,D04685,2025-01-01,2026-08-01,1,baseline
C04940,D04484,2025-01-01,2026-08-01,6,baseline
C04941,D01798,2025-01-01,2026-08-01,7,baseline
C04942,D01024,2025-01-01,2026-08-01,13,baseline
C04943,D03484,2025-01-01,2026-08-01,7,baseline
C04944,D01432,2025-01-01,2026-08-01,12,baseline
C04945,D01951,2025-01-01,2026-08-01,13,baseline
C04946,D04504,2025-01-01,2026-08-01,5,baseline
C04947,D00463,2025-01-01,2026-08-01,13,baseline
C04948,D04243,2025-01-01,2026-08-01,8,baseline
C04949,D03558,2025-01-01,2026-08-01,14,baseline
C04950,D00882,2025-01-01,2026-08-01,16,baseline
C04951,D02959,2025-01-01,2026-08-01,8,baseline
C04952,D03620,2025-01-01,2026-08-01,13,baseline
C04953,D04664,2025-01-01,2026-08-01,17,baseline
C04954,D03695,2025-01-01,2026-08-01,14,baseline
C04955,D02322,2025-01-01,2026-08-01,7,baseline
C04956,D00723,2025-01-01,2026-08-01,6,baseline
C04957,D02260,2025-01-01,2026-08-01,16,baseline
C04958,D03118,2025-01-01,2026-08-01,1,baseline
C04959,D00190,2025-01-01,2026-08-01,1,baseline
C04960,D01839,2025-01-01,2026-08-01,16,baseline
C04961,D01386,2025-01-01,2026-08-01,6,baseline
C04962,D01007,2025-01-01,2026-08-01,10,baseline
C04963,D04416,2025-01-01,2026-08-01,4,baseline
C04964,D01208,2025-01-01,2026-08-01,11,baseline
C04965,D04042,2025-01-01,2026-08-01,18,baseline
C04966,D01541,2025-01-01,2026-08-01,15,baseline
C04967,D01953,2025-01-01,2026-08-01,11,baseline
C04968,D01495,2025-01-01,2026-08-01,1,baseline
C04969,D03905,2025-01-01,2026-08-01,5,baseline
C04970,D04488,2025-01-01,2026-08-01,5,baseline
C04971,D04333,2025-01-01,2026-08-01,4,baseline
C04972,D03408,2025-01-01,2026-08-01,20,baseline
C04973,D04003,2025-01-01,2026-08-01,13,baseline
C04974,D00655,2025-01-01,2026-08-01,10,baseline
C04975,D04313,2025-01-01,2026-08-01,8,baseline
C04976,D03256,2025-01-01,2026-08-01,10,baseline
C04977,D04477,2025-01-01,2026-08-01,16,baseline
C04978,D04154,2025-01-01,2026-08-01,16,baseline
C04979,D04149,2025-01-01,2026-08-01,3,baseline
C04980,D04644,2025-01-01,2026-08-01,9,baseline
C04981,D03013,2025-01-01,2026-08-01,16,baseline
C04982,D00282,2025-01-01,2026-08-01,5,baseline
C04983,D04840,2025-01-01,2026-08-01,4,baseline
C04984,D02526,2025-01-01,2026-08-01,14,baseline
C04985,D00180,2025-01-01,2026-08-01,6,baseline
C04986,D04922,2025-01-01,2026-08-01,13,baseline
C04987,D00717,2025-01-01,2026-08-01,14,baseline
C04988,D02478,2025-01-01,2026-08-01,1,baseline
C04989,D03990,2025-01-01,2026-08-01,9,baseline
C04990,D04806,2025-01-01,2026-08-01,2,baseline
C04991,D00337,2025-01-01,2026-08-01,4,baseline
C04992,D00196,2025-01-01,2026-08-01,6,baseline
C04993,D03967,2025-01-01,2026-08-01,17,baseline
C04994,D01611,2025-01-01,2026-08-01,6,baseline
C04995,D03492,2025-01-01,2026-08-01,15,baseline
C04996,D02520,2025-01-01,2026-08-01,14,baseline
C04997,D00505,2025-01-01,2026-08-01,7,baseline
C04998,D01088,2025-01-01,2026-08-01,17,baseline
C04999,D04889,2025-01-01,2026-08-01,3,baseline
C05000,D01162,2025-01-01,2026-08-01,4,baseline
C05001,D04056,2025-01-01,2026-08-01,11,baseline
C05002,D02833,2025-01-01,2026-08-01,6,baseline
C05003,D02479,2025-01-01,2026-08-01,8,baseline
C05004,D03498,2025-01-01,2026-08-01,7,baseline
C05005,D01169,2025-01-01,2026-08-01,6,baseline
C05006,D03948,2025-01-01,2026-08-01,2,baseline
C05007,D00395,2025-01-01,2026-08-01,15,baseline
C05008,D03775,2025-01-01,2026-08-01,18,baseline
C05009,D02187,2025-01-01,2026-08-01,16,baseline
C05010,D04847,2025-01-01,2026-08-01,9,baseline
C05011,D01301,2025-01-01,2026-08-01,13,baseline
C05012,D01047,2025-01-01,2026-08-01,18,baseline
C05013,D03595,2025-01-01,2026-08-01,19,baseline
C05014,D00423,2025-01-01,2026-08-01,12,baseline
C05015,D01175,2025-01-01,2026-08-01,14,baseline
C05016,D03153,2025-01-01,2026-08-01,14,baseline
C05017,D04892,2025-01-01,2026-08-01,2,baseline
C05018,D03395,2025-01-01,2026-08-01,17,baseline
C05019,D00868,2025-01-01,2026-08-01,18,baseline
C05020,D02190,2025-01-01,2026-08-01,15,baseline
C05021,D01129,2025-01-01,2026-08-01,5,baseline
C05022,D00710,2025-01-01,2026-08-01,9,baseline
C05023,D00646,2025-01-01,2026-08-01,4,baseline
C05024,D02933,2025-01-01,2026-08-01,5,baseline
C05025,D03252,2025-01-01,2026-08-01,12,baseline
C05026,D01647,2025-01-01,2026-08-01,1,baseline
C05027,D03605,2025-01-01,2026-08-01,15,baseline
C05028,D02646,2025-01-01,2026-08-01,10,baseline
C05029,D03900,2025-01-01,2026-08-01,11,baseline
C05030,D03467,2025-01-01,2026-08-01,17,baseline
C05031,D02687,2025-01-01,2026-08-01,9,baseline
C05032,D03838,2025-01-01,2026-08-01,16,baseline
C05033,D04608,2025-01-01,2026-08-01,11,baseline
C05034,D00638,2025-01-01,2026-08-01,14,baseline
C05035,D03825,2025-01-01,2026-08-01,16,baseline
C05036,D00131,2025-01-01,2026-08-01,3,baseline
C05037,D02239,2025-01-01,2026-08-01,18,baseline
C05038,D02930,2025-01-01,2026-08-01,14,baseline
C05039,D04229,2025-01-01,2026-08-01,2,baseline
C05040,D03027,2025-01-01,2026-08-01,13,baseline
C05041,D03477,2025-01-01,2026-08-01,4,baseline
C05042,D02833,2025-01-01,2026-08-01,14,baseline
C05043,D00456,2025-01-01,2026-08-01,11,baseline
C05044,D04033,2025-01-01,2026-08-01,7,baseline
C05045,D01466,2025-01-01,2026-08-01,6,baseline
C05046,D02944,2025-01-01,2026-08-01,7,baseline
C05047,D03206,2025-01-01,2026-08-01,4,baseline
C05048,D01015,2025-01-01,2026-08-01,15,baseline
C05049,D00997,2025-01-01,2026-08-01,9,baseline
C05050,D00423,2025-01-01,2026-08-01,20,baseline
C05051,D01424,2025-01-01,2026-08-01,2,baseline
C05052,D04180,2025-01-01,2026-08-01,3,baseline
C05053,D01773,2025-01-01,2026-08-01,14,baseline
C05054,D00979,2025-01-01,2026-08-01,5,baseline
C05055,D04251,2025-01-01,2026-08-01,20,baseline
C05056,D00816,2025-01-01,2026-08-01,8,baseline
C05057,D01760,2025-01-01,2026-08-01,18,baseline
C05058,D04010,2025-01-01,2026-08-01,5,baseline
C05059,D00376,2025-01-01,2026-08-01,2,baseline
C05060,D02445,2025-01-01,2026-08-01,8,baseline
C05061,D02106,2025-01-01,2026-08-01,1,baseline
C05062,D00299,2025-01-01,2026-08-01,9,baseline
C05063,D00708,2025-01-01,2026-08-01,4,baseline
C05064,D04362,2025-01-01,2026-08-01,2,baseline
C05065,D00588,2025-01-01,2026-08-01,18,baseline
C05066,D01902,2025-01-01,2026-08-01,16,baseline
C05067,D03823,2025-01-01,2026-08-01,5,baseline
C05068,D00563,2025-01-01,2026-08-01,15,baseline
C05069,D01497,2025-01-01,2026-08-01,5,baseline
C05070,D02598,2025-01-01,2026-08-01,9,baseline
C05071,D04382,2025-01-01,2026-08-01,11,baseline
C05072,D00439,2025-01-01,2026-08-01,4,baseline
C05073,D01035,2025-01-01,2026-08-01,3,baseline
C05074,D01807,2025-01-01,2026-08-01,7,baseline
C05075,D00334,2025-01-01,2026-08-01,15,baseline
C05076,D00518,2025-01-01,2026-08-01,9,baseline
C05077,D03520,2025-01-01,2026-08-01,13,baseline
C05078,D01409,2025-01-01,2026-08-01,16,baseline
C05079,D04643,2025-01-01,2026-08-01,7,baseline
C05080,D04203,2025-01-01,2026-08-01,16,baseline
C05081,D02988,2025-01-01,2026-08-01,8,baseline
C05082,D02811,2025-01-01,2026-08-01,20,baseline
C05083,D04420,2025-01-01,2026-08-01,15,baseline
C05084,D04791,2025-01-01,2026-08-01,14,baseline
C05085,D01303,2025-01-01,2026-08-01,8,baseline
C05086,D03583,2025-01-01,2026-08-01,14,baseline
C05087,D01409,2025-01-01,2026-08-01,19,baseline
C05088,D02138,2025-01-01,2026-08-01,5,baseline
C05089,D02300,2025-01-01,2026-08-01,10,baseline
C05090,D03633,2025-01-01,2026-08-01,12,baseline
C05091,D04896,2025-01-01,2026-08-01,14,baseline
C05092,D03822,2025-01-01,2026-08-01,12,baseline
C05093,D03382,2025-01-01,2026-08-01,5,baseline
C05094,D00064,2025-01-01,2026-08-01,5,baseline
C05095,D01868,2025-01-01,2026-08-01,11,baseline
C05096,D00517,2025-01-01,2026-08-01,2,baseline
C05097,D04852,2025-01-01,2026-08-01,2,baseline
C05098,D02404,2025-01-01,2026-08-01,16,baseline
C05099,D03351,2025-01-01,2026-08-01,16,baseline
C05100,D03844,2025-01-01,2026-08-01,16,baseline
C05101,D01516,2025-01-01,2026-08-01,3,baseline
C05102,D03948,2025-01-01,2026-08-01,9,baseline
C05103,D02588,2025-01-01,2026-08-01,2,baseline
C05104,D02234,2025-01-01,2026-08-01,18,baseline
C05105,D01682,2025-01-01,2026-08-01,9,baseline
C05106,D04970,2025-01-01,2026-08-01,19,baseline
C05107,D01007,2025-01-01,2026-08-01,18,baseline
C05108,D02731,2025-01-01,2026-08-01,15,baseline
C05109,D02315,2025-01-01,2026-08-01,7,baseline
C05110,D03672,2025-01-01,2026-08-01,2,baseline
C05111,D04058,2025-01-01,2026-08-01,18,baseline
C05112,D03168,2025-01-01,2026-08-01,16,baseline
C05113,D00139,2025-01-01,2026-08-01,13,baseline
C05114,D03514,2025-01-01,2026-08-01,17,baseline
C05115,D04710,2025-01-01,2026-08-01,20,baseline
C05116,D04234,2025-01-01,2026-08-01,13,baseline
C05117,D00419,2025-01-01,2026-08-01,18,baseline
C05118,D02637,2025-01-01,2026-08-01,8,baseline
C05119,D00153,2025-01-01,2026-08-01,12,baseline
C05120,D01809,2025-01-01,2026-08-01,3,baseline
C05121,D03645,2025-01-01,2026-08-01,1,baseline
C05122,D00411,2025-01-01,2026-08-01,9,baseline
C05123,D01172,2025-01-01,2026-08-01,6,baseline
C05124,D02070,2025-01-01,2026-08-01,2,baseline
C05125,D03563,2025-01-01,2026-08-01,14,baseline
C05126,D03318,2025-01-01,2026-08-01,9,baseline
C05127,D03083,2025-01-01,2026-08-01,9,baseline
C05128,D01314,2025-01-01,2026-08-01,15,baseline
C05129,D04543,2025-01-01,2026-08-01,14,baseline
C05130,D01649,2025-01-01,2026-08-01,17,baseline
C05131,D00037,2025-01-01,2026-08-01,7,baseline
C05132,D00852,2025-01-01,2026-08-01,7,baseline
C05133,D03009,2025-01-01,2026-08-01,17,baseline
C05134,D04131,2025-01-01,2026-08-01,2,baseline
C05135,D03708,2025-01-01,2026-08-01,13,baseline
C05136,D03608,2025-01-01,2026-08-01,12,baseline
C05137,D01973,2025-01-01,2026-08-01,4,baseline
C05138,D00758,2025-01-01,2026-08-01,5,baseline
C05139,D04005,2025-01-01,2026-08-01,17,baseline
C05140,D02752,2025-01-01,2026-08-01,5,baseline
C05141,D03504,2025-01-01,2026-08-01,9,baseline
C05142,D01781,2025-01-01,2026-08-01,19,baseline
C05143,D04138,2025-01-01,2026-08-01,14,baseline
C05144,D00934,2025-01-01,2026-08-01,7,baseline
C05145,D02929,2025-01-01,2026-08-01,11,baseline
C05146,D01885,2025-01-01,2026-08-01,10,baseline
C05147,D02661,2025-01-01,2026-08-01,9,baseline
C05148,D03295,2025-01-01,2026-08-01,6,baseline
C05149,D02946,2025-01-01,2026-08-01,18,baseline
C05150,D04193,2025-01-01,2026-08-01,3,baseline
C05151,D04138,2025-01-01,2026-08-01,13,baseline
C05152,D03977,2025-01-01,2026-08-01,16,baseline
C05153,D04484,2025-01-01,2026-08-01,18,baseline
C05154,D01842,2025-01-01,2026-08-01,14,baseline
C05155,D02982,2025-01-01,2026-08-01,4,baseline
C05156,D00016,2025-01-01,2026-08-01,7,baseline
C05157,D01736,2025-01-01,2026-08-01,12,baseline
C05158,D01929,2025-01-01,2026-08-01,20,baseline
C05159,D01093,2025-01-01,2026-08-01,11,baseline
C05160,D00501,2025-01-01,2026-08-01,2,baseline
C05161,D04644,2025-01-01,2026-08-01,14,baseline
C05162,D00700,2025-01-01,2026-08-01,17,baseline
C05163,D00260,2025-01-01,2026-08-01,19,baseline
C05164,D03312,2025-01-01,2026-08-01,8,baseline
C05165,D00634,2025-01-01,2026-08-01,13,baseline
C05166,D02841,2025-01-01,2026-08-01,20,baseline
C05167,D03708,2025-01-01,2026-08-01,7,baseline
C05168,D00414,2025-01-01,2026-08-01,3,baseline
C05169,D01717,2025-01-01,2026-08-01,17,baseline
C05170,D00092,2025-01-01,2026-08-01,13,baseline
C05171,D04893,2025-01-01,2026-08-01,11,baseline
C05172,D03886,2025-01-01,2026-08-01,7,baseline
C05173,D01022,2025-01-01,2026-08-01,20,baseline
C05174,D02453,2025-01-01,2026-08-01,9,baseline
C05175,D04576,2025-01-01,2026-08-01,20,baseline
C05176,D01955,2025-01-01,2026-08-01,9,baseline
C05177,D01409,2025-01-01,2026-08-01,5,baseline
C05178,D02427,2025-01-01,2026-08-01,15,baseline
C05179,D02856,2025-01-01,2026-08-01,11,baseline
C05180,D02612,2025-01-01,2026-08-01,3,baseline
C05181,D01302,2025-01-01,2026-08-01,17,baseline
C05182,D02327,2025-01-01,2026-08-01,18,baseline
C05183,D02907,2025-01-01,2026-08-01,20,baseline
C05184,D03606,2025-01-01,2026-08-01,3,baseline
C05185,D03355,2025-01-01,2026-08-01,20,baseline
C05186,D01034,2025-01-01,2026-08-01,4,baseline
C05187,D04279,2025-01-01,2026-08-01,14,baseline
C05188,D03247,2025-01-01,2026-08-01,3,baseline
C05189,D04450,2025-01-01,2026-08-01,8,baseline
C05190,D02509,2025-01-01,2026-08-01,20,baseline
C05191,D02626,2025-01-01,2026-08-01,5,baseline
C05192,D00820,2025-01-01,2026-08-01,5,baseline
C05193,D00065,2025-01-01,2026-08-01,9,baseline
C05194,D02351,2025-01-01,2026-08-01,1,baseline
C05195,D01434,2025-01-01,2026-08-01,16,baseline
C05196,D03131,2025-01-01,2026-08-01,4,baseline
C05197,D01001,2025-01-01,2026-08-01,14,baseline
C05198,D02437,2025-01-01,2026-08-01,8,baseline
C05199,D03881,2025-01-01,2026-08-01,7,baseline
C05200,D04975,2025-01-01,2026-08-01,2,baseline
C05201,D04839,2025-01-01,2026-08-01,2,baseline
C05202,D01426,2025-01-01,2026-08-01,20,baseline
C05203,D00681,2025-01-01,2026-08-01,8,baseline
C05204,D00385,2025-01-01,2026-08-01,9,baseline
C05205,D00109,2025-01-01,2026-08-01,9,baseline
C05206,D03200,2025-01-01,2026-08-01,8,baseline
C05207,D00927,2025-01-01,2026-08-01,9,baseline
C05208,D03232,2025-01-01,2026-08-01,16,baseline
C05209,D00161,2025-01-01,2026-08-01,2,baseline
C05210,D03326,2025-01-01,2026-08-01,10,baseline
C05211,D00611,2025-01-01,2026-08-01,20,baseline
C05212,D02568,2025-01-01,2026-08-01,18,baseline
C05213,D01735,2025-01-01,2026-08-01,2,baseline
C05214,D03430,2025-01-01,2026-08-01,15,baseline
C05215,D03205,2025-01-01,2026-08-01,8,baseline
C05216,D04713,2025-01-01,2026-08-01,10,baseline
C05217,D01274,2025-01-01,2026-08-01,7,baseline
C05218,D01051,2025-01-01,2026-08-01,4,baseline
C05219,D00073,2025-01-01,2026-08-01,7,baseline
C05220,D00612,2025-01-01,2026-08-01,13,baseline
C05221,D02201,2025-01-01,2026-08-01,8,baseline
C05222,D02426,2025-01-01,2026-08-01,9,baseline
C05223,D01057,2025-01-01,2026-08-01,14,baseline
C05224,D01331,2025-01-01,2026-08-01,14,baseline
C05225,D01890,2025-01-01,2026-08-01,16,baseline
C05226,D01679,2025-01-01,2026-08-01,9,baseline
C05227,D04616,2025-01-01,2026-08-01,13,baseline
C05228,D03551,2025-01-01,2026-08-01,7,baseline
C05229,D01697,2025-01-01,2026-08-01,11,baseline
C05230,D01374,2025-01-01,2026-08-01,15,baseline
C05231,D02145,2025-01-01,2026-08-01,17,baseline
C05232,D03971,2025-01-01,2026-08-01,14,baseline
C05233,D03383,2025-01-01,2026-08-01,2,baseline
C05234,D03337,2025-01-01,2026-08-01,11,baseline
C05235,D02908,2025-01-01,2026-08-01,19,baseline
C05236,D02608,2025-01-01,2026-08-01,9,baseline
C05237,D04720,2025-01-01,2026-08-01,11,baseline
C05238,D03711,2025-01-01,2026-08-01,14,baseline
C05239,D01364,2025-01-01,2026-08-01,10,baseline
C05240,D01971,2025-01-01,2026-08-01,6,baseline
C05241,D01965,2025-01-01,2026-08-01,18,baseline
C05242,D04353,2025-01-01,2026-08-01,18,baseline
C05243,D03435,2025-01-01,2026-08-01,3,baseline
C05244,D00464,2025-01-01,2026-08-01,11,baseline
C05245,D04408,2025-01-01,2026-08-01,5,baseline
C05246,D00341,2025-01-01,2026-08-01,14,baseline
C05247,D00318,2025-01-01,2026-08-01,18,baseline
C05248,D00916,2025-01-01,2026-08-01,7,baseline
C05249,D03781,2025-01-01,2026-08-01,5,baseline
C05250,D02827,2025-01-01,2026-08-01,17,baseline
C05251,D01247,2025-01-01,2026-08-01,1,baseline
C05252,D01299,2025-01-01,2026-08-01,2,baseline
C05253,D02395,2025-01-01,2026-08-01,13,baseline
C05254,D01063,2025-01-01,2026-08-01,17,baseline
C05255,D01608,2025-01-01,2026-08-01,14,baseline
C05256,D02955,2025-01-01,2026-08-01,16,baseline
C05257,D03364,2025-01-01,2026-08-01,2,baseline
C05258,D02839,2025-01-01,2026-08-01,17,baseline
C05259,D02098,2025-01-01,2026-08-01,8,baseline
C05260,D04998,2025-01-01,2026-08-01,18,baseline
C05261,D00683,2025-01-01,2026-08-01,17,baseline
C05262,D04739,2025-01-01,2026-08-01,14,baseline
C05263,D02736,2025-01-01,2026-08-01,1,baseline
C05264,D02456,2025-01-01,2026-08-01,14,baseline
C05265,D01716,2025-01-01,2026-08-01,2,baseline
C05266,D04074,2025-01-01,2026-08-01,6,baseline
C05267,D03826,2025-01-01,2026-08-01,17,baseline
C05268,D01535,2025-01-01,2026-08-01,18,baseline
C05269,D03763,2025-01-01,2026-08-01,8,baseline
C05270,D04363,2025-01-01,2026-08-01,2,baseline
C05271,D04384,2025-01-01,2026-08-01,17,baseline
C05272,D02724,2025-01-01,2026-08-01,8,baseline
C05273,D03752,2025-01-01,2026-08-01,10,baseline
C05274,D03196,2025-01-01,2026-08-01,20,baseline
C05275,D00209,2025-01-01,2026-08-01,10,baseline
C05276,D00589,2025-01-01,2026-08-01,2,baseline
C05277,D04391,2025-01-01,2026-08-01,7,baseline
C05278,D04510,2025-01-01,2026-08-01,10,baseline
C05279,D04201,2025-01-01,2026-08-01,14,baseline
C05280,D00499,2025-01-01,2026-08-01,12,baseline
C05281,D01144,2025-01-01,2026-08-01,12,baseline
C05282,D04347,2025-01-01,2026-08-01,17,baseline
C05283,D04250,2025-01-01,2026-08-01,20,baseline
C05284,D02868,2025-01-01,2026-08-01,12,baseline
C05285,D04028,2025-01-01,2026-08-01,16,baseline
C05286,D04422,2025-01-01,2026-08-01,9,baseline
C05287,D04754,2025-01-01,2026-08-01,19,baseline
C05288,D00179,2025-01-01,2026-08-01,20,baseline
C05289,D04364,2025-01-01,2026-08-01,3,baseline
C05290,D04329,2025-01-01,2026-08-01,7,baseline
C05291,D00365,2025-01-01,2026-08-01,6,baseline
C05292,D02896,2025-01-01,2026-08-01,5,baseline
C05293,D03922,2025-01-01,2026-08-01,19,baseline
C05294,D02629,2025-01-01,2026-08-01,20,baseline
C05295,D01820,2025-01-01,2026-08-01,1,baseline
C05296,D03621,2025-01-01,2026-08-01,16,baseline
C05297,D00901,2025-01-01,2026-08-01,2,baseline
C05298,D04509,2025-01-01,2026-08-01,4,baseline
C05299,D00330,2025-01-01,2026-08-01,12,baseline
C05300,D02790,2025-01-01,2026-08-01,9,baseline
C05301,D00163,2025-01-01,2026-08-01,1,baseline
C05302,D00803,2025-01-01,2026-08-01,14,baseline
C05303,D04962,2025-01-01,2026-08-01,13,baseline
C05304,D00631,2025-01-01,2026-08-01,7,baseline
C05305,D01442,2025-01-01,2026-08-01,7,baseline
C05306,D00983,2025-01-01,2026-08-01,13,baseline
C05307,D00693,2025-01-01,2026-08-01,9,baseline
C05308,D02058,2025-01-01,2026-08-01,7,baseline
C05309,D04958,2025-01-01,2026-08-01,9,baseline
C05310,D01252,2025-01-01,2026-08-01,17,baseline
C05311,D00076,2025-01-01,2026-08-01,14,baseline
C05312,D02710,2025-01-01,2026-08-01,7,baseline
C05313,D04472,2025-01-01,2026-08-01,10,baseline
C05314,D01329,2025-01-01,2026-08-01,10,baseline
C05315,D04976,2025-01-01,2026-08-01,20,baseline
C05316,D00876,2025-01-01,2026-08-01,20,baseline
C05317,D01657,2025-01-01,2026-08-01,11,baseline
C05318,D00883,2025-01-01,2026-08-01,18,baseline
C05319,D01477,2025-01-01,2026-08-01,17,baseline
C05320,D01685,2025-01-01,2026-08-01,8,baseline
C05321,D01656,2025-01-01,2026-08-01,4,baseline
C05322,D02850,2025-01-01,2026-08-01,4,baseline
C05323,D00806,2025-01-01,2026-08-01,11,baseline
C05324,D04351,2025-01-01,2026-08-01,15,baseline
C05325,D04973,2025-01-01,2026-08-01,16,baseline
C05326,D04297,2025-01-01,2026-08-01,15,baseline
C05327,D03157,2025-01-01,2026-08-01,16,baseline
C05328,D00486,2025-01-01,2026-08-01,20,baseline
C05329,D03113,2025-01-01,2026-08-01,4,baseline
C05330,D01774,2025-01-01,2026-08-01,11,baseline
C05331,D02029,2025-01-01,2026-08-01,3,baseline
C05332,D04403,2025-01-01,2026-08-01,5,baseline
C05333,D01496,2025-01-01,2026-08-01,3,baseline
C05334,D00997,2025-01-01,2026-08-01,11,baseline
C05335,D04252,2025-01-01,2026-08-01,6,baseline
C05336,D04183,2025-01-01,2026-08-01,14,baseline
C05337,D00807,2025-01-01,2026-08-01,10,baseline
C05338,D03356,2025-01-01,2026-08-01,7,baseline
C05339,D02745,2025-01-01,2026-08-01,12,baseline
C05340,D04127,2025-01-01,2026-08-01,17,baseline
C05341,D00713,2025-01-01,2026-08-01,10,baseline
C05342,D03744,2025-01-01,2026-08-01,10,baseline
C05343,D01982,2025-01-01,2026-08-01,12,baseline
C05344,D04593,2025-01-01,2026-08-01,15,baseline
C05345,D02617,2025-01-01,2026-08-01,16,baseline
C05346,D03927,2025-01-01,2026-08-01,3,baseline
C05347,D01847,2025-01-01,2026-08-01,10,baseline
C05348,D04093,2025-01-01,2026-08-01,15,baseline
C05349,D04537,2025-01-01,2026-08-01,15,baseline
C05350,D01636,2025-01-01,2026-08-01,3,baseline
C05351,D04703,2025-01-01,2026-08-01,15,baseline
C05352,D03675,2025-01-01,2026-08-01,12,baseline
C05353,D00511,2025-01-01,2026-08-01,10,baseline
C05354,D01640,2025-01-01,2026-08-01,15,baseline
C05355,D04081,2025-01-01,2026-08-01,9,baseline
C05356,D00805,2025-01-01,2026-08-01,7,baseline
C05357,D02078,2025-01-01,2026-08-01,7,baseline
C05358,D03373,2025-01-01,2026-08-01,19,baseline
C05359,D03362,2025-01-01,2026-08-01,3,baseline
C05360,D01047,2025-01-01,2026-08-01,17,baseline
C05361,D03815,2025-01-01,2026-08-01,20,baseline
C05362,D00309,2025-01-01,2026-08-01,15,baseline
C05363,D00371,2025-01-01,2026-08-01,9,baseline
C05364,D02733,2025-01-01,2026-08-01,15,baseline
C05365,D04632,2025-01-01,2026-08-01,15,baseline
C05366,D01007,2025-01-01,2026-08-01,9,baseline
C05367,D04057,2025-01-01,2026-08-01,10,baseline
C05368,D00254,2025-01-01,2026-08-01,4,baseline
C05369,D02729,2025-01-01,2026-08-01,20,baseline
C05370,D02030,2025-01-01,2026-08-01,3,baseline
C05371,D03044,2025-01-01,2026-08-01,16,baseline
C05372,D04881,2025-01-01,2026-08-01,15,baseline
C05373,D00710,2025-01-01,2026-08-01,13,baseline
C05374,D02067,2025-01-01,2026-08-01,15,baseline
C05375,D02674,2025-01-01,2026-08-01,18,baseline
C05376,D02485,2025-01-01,2026-08-01,9,baseline
C05377,D03787,2025-01-01,2026-08-01,13,baseline
C05378,D00684,2025-01-01,2026-08-01,1,baseline
C05379,D04642,2025-01-01,2026-08-01,16,baseline
C05380,D04532,2025-01-01,2026-08-01,12,baseline
C05381,D01371,2025-01-01,2026-08-01,2,baseline
C05382,D02442,2025-01-01,2026-08-01,18,baseline
C05383,D01918,2025-01-01,2026-08-01,19,baseline
C05384,D00890,2025-01-01,2026-08-01,20,baseline
C05385,D02304,2025-01-01,2026-08-01,16,baseline
C05386,D01008,2025-01-01,2026-08-01,17,baseline
C05387,D03890,2025-01-01,2026-08-01,8,baseline
C05388,D04274,2025-01-01,2026-08-01,12,baseline
C05389,D01438,2025-01-01,2026-08-01,13,baseline
C05390,D01848,2025-01-01,2026-08-01,20,baseline
C05391,D02192,2025-01-01,2026-08-01,3,baseline
C05392,D00726,2025-01-01,2026-08-01,8,baseline
C05393,D00338,2025-01-01,2026-08-01,3,baseline
C05394,D02246,2025-01-01,2026-08-01,20,baseline
C05395,D00837,2025-01-01,2026-08-01,7,baseline
C05396,D02124,2025-01-01,2026-08-01,3,baseline
C05397,D02630,2025-01-01,2026-08-01,9,baseline
C05398,D04258,2025-01-01,2026-08-01,19,baseline
C05399,D00149,2025-01-01,2026-08-01,17,baseline
C05400,D03267,2025-01-01,2026-08-01,9,baseline
C05401,D03933,2025-01-01,2026-08-01,16,baseline
C05402,D04890,2025-01-01,2026-08-01,16,baseline
C05403,D03120,2025-01-01,2026-08-01,11,baseline
C05404,D03691,2025-01-01,2026-08-01,19,baseline
C05405,D04584,2025-01-01,2026-08-01,12,baseline
C05406,D02972,2025-01-01,2026-08-01,5,baseline
C05407,D02405,2025-01-01,2026-08-01,15,baseline
C05408,D02300,2025-01-01,2026-08-01,13,baseline
C05409,D03699,2025-01-01,2026-08-01,3,baseline
C05410,D01843,2025-01-01,2026-08-01,15,baseline
C05411,D00549,2025-01-01,2026-08-01,12,baseline
C05412,D04383,2025-01-01,2026-08-01,15,baseline
C05413,D04669,2025-01-01,2026-08-01,8,baseline
C05414,D03204,2025-01-01,2026-08-01,1,baseline
C05415,D04678,2025-01-01,2026-08-01,18,baseline
C05416,D01453,2025-01-01,2026-08-01,1,baseline
C05417,D01554,2025-01-01,2026-08-01,17,baseline
C05418,D04743,2025-01-01,2026-08-01,14,baseline
C05419,D03068,2025-01-01,2026-08-01,11,baseline
C05420,D01398,2025-01-01,2026-08-01,11,baseline
C05421,D03969,2025-01-01,2026-08-01,18,baseline
C05422,D04070,2025-01-01,2026-08-01,1,baseline
C05423,D01094,2025-01-01,2026-08-01,3,baseline
C05424,D02172,2025-01-01,2026-08-01,9,baseline
C05425,D02551,2025-01-01,2026-08-01,4,baseline
C05426,D00909,2025-01-01,2026-08-01,13,baseline
C05427,D02194,2025-01-01,2026-08-01,11,baseline
C05428,D02557,2025-01-01,2026-08-01,17,baseline
C05429,D00241,2025-01-01,2026-08-01,16,baseline
C05430,D00728,2025-01-01,2026-08-01,7,baseline
C05431,D04812,2025-01-01,2026-08-01,4,baseline
C05432,D02899,2025-01-01,2026-08-01,9,baseline
C05433,D01197,2025-01-01,2026-08-01,17,baseline
C05434,D03864,2025-01-01,2026-08-01,9,baseline
C05435,D02107,2025-01-01,2026-08-01,16,baseline
C05436,D01264,2025-01-01,2026-08-01,19,baseline
C05437,D00797,2025-01-01,2026-08-01,3,baseline
C05438,D00977,2025-01-01,2026-08-01,8,baseline
C05439,D00358,2025-01-01,2026-08-01,18,baseline
C05440,D04238,2025-01-01,2026-08-01,19,baseline
C05441,D00561,2025-01-01,2026-08-01,14,baseline
C05442,D01266,2025-01-01,2026-08-01,5,baseline
C05443,D00595,2025-01-01,2026-08-01,13,baseline
C05444,D03323,2025-01-01,2026-08-01,16,baseline
C05445,D04161,2025-01-01,2026-08-01,14,baseline
C05446,D00098,2025-01-01,2026-08-01,11,baseline
C05447,D00545,2025-01-01,2026-08-01,1,baseline
C05448,D01351,2025-01-01,2026-08-01,4,baseline
C05449,D02703,2025-01-01,2026-08-01,14,baseline
C05450,D03497,2025-01-01,2026-08-01,20,baseline
C05451,D01692,2025-01-01,2026-08-01,8,baseline
C05452,D01796,2025-01-01,2026-08-01,8,baseline
C05453,D01213,2025-01-01,2026-08-01,10,baseline
C05454,D03959,2025-01-01,2026-08-01,13,baseline
C05455,D04073,2025-01-01,2026-08-01,7,baseline
C05456,D04716,2025-01-01,2026-08-01,18,baseline
C05457,D04848,2025-01-01,2026-08-01,1,baseline
C05458,D04125,2025-01-01,2026-08-01,10,baseline
C05459,D04205,2025-01-01,2026-08-01,9,baseline
C05460,D03059,2025-01-01,2026-08-01,4,baseline
C05461,D04989,2025-01-01,2026-08-01,13,baseline
C05462,D04517,2025-01-01,2026-08-01,4,baseline
C05463,D01077,2025-01-01,2026-08-01,6,baseline
C05464,D01381,2025-01-01,2026-08-01,10,baseline
C05465,D02959,2025-01-01,2026-08-01,9,baseline
C05466,D01358,2025-01-01,2026-08-01,19,baseline
C05467,D00202,2025-01-01,2026-08-01,7,baseline
C05468,D02737,2025-01-01,2026-08-01,7,baseline
C05469,D00884,2025-01-01,2026-08-01,10,baseline
C05470,D01823,2025-01-01,2026-08-01,17,baseline
C05471,D02821,2025-01-01,2026-08-01,3,baseline
C05472,D04134,2025-01-01,2026-08-01,19,baseline
C05473,D01489,2025-01-01,2026-08-01,15,baseline
C05474,D04232,2025-01-01,2026-08-01,8,baseline
C05475,D00505,2025-01-01,2026-08-01,10,baseline
C05476,D03431,2025-01-01,2026-08-01,12,baseline
C05477,D02346,2025-01-01,2026-08-01,14,baseline
C05478,D04212,2025-01-01,2026-08-01,6,baseline
C05479,D01457,2025-01-01,2026-08-01,8,baseline
C05480,D03383,2025-01-01,2026-08-01,14,baseline
C05481,D00318,2025-01-01,2026-08-01,18,baseline
C05482,D03208,2025-01-01,2026-08-01,7,baseline
C05483,D02928,2025-01-01,2026-08-01,6,baseline
C05484,D00804,2025-01-01,2026-08-01,15,baseline
C05485,D03379,2025-01-01,2026-08-01,15,baseline
C05486,D03545,2025-01-01,2026-08-01,13,baseline
C05487,D00315,2025-01-01,2026-08-01,7,baseline
C05488,D03363,2025-01-01,2026-08-01,13,baseline
C05489,D04625,2025-01-01,2026-08-01,9,baseline
C05490,D03135,2025-01-01,2026-08-01,20,baseline
C05491,D04455,2025-01-01,2026-08-01,19,baseline
C05492,D02851,2025-01-01,2026-08-01,2,baseline
C05493,D02093,2025-01-01,2026-08-01,16,baseline
C05494,D01241,2025-01-01,2026-08-01,14,baseline
C05495,D02992,2025-01-01,2026-08-01,15,baseline
C05496,D03986,2025-01-01,2026-08-01,14,baseline
C05497,D03080,2025-01-01,2026-08-01,18,baseline
C05498,D04662,2025-01-01,2026-08-01,13,baseline
C05499,D04568,2025-01-01,2026-08-01,3,baseline
C05500,D01154,2025-01-01,2026-08-01,18,baseline
C05501,D00027,2025-01-01,2026-08-01,17,baseline
C05502,D00879,2025-01-01,2026-08-01,16,baseline
C05503,D04456,2025-01-01,2026-08-01,5,baseline
C05504,D02861,2025-01-01,2026-08-01,13,baseline
C05505,D04191,2025-01-01,2026-08-01,18,baseline
C05506,D04509,2025-01-01,2026-08-01,1,baseline
C05507,D01405,2025-01-01,2026-08-01,14,baseline
C05508,D02290,2025-01-01,2026-08-01,16,baseline
C05509,D02246,2025-01-01,2026-08-01,4,baseline
C05510,D01916,2025-01-01,2026-08-01,13,baseline
C05511,D00653,2025-01-01,2026-08-01,16,baseline
C05512,D03544,2025-01-01,2026-08-01,6,baseline
C05513,D00041,2025-01-01,2026-08-01,4,baseline
C05514,D01887,2025-01-01,2026-08-01,12,baseline
C05515,D04595,2025-01-01,2026-08-01,9,baseline
C05516,D03760,2025-01-01,2026-08-01,1,baseline
C05517,D03945,2025-01-01,2026-08-01,2,baseline
C05518,D02128,2025-01-01,2026-08-01,12,baseline
C05519,D03355,2025-01-01,2026-08-01,12,baseline
C05520,D00043,2025-01-01,2026-08-01,10,baseline
C05521,D04632,2025-01-01,2026-08-01,11,baseline
C05522,D02694,2025-01-01,2026-08-01,12,baseline
C05523,D01468,2025-01-01,2026-08-01,13,baseline
C05524,D03574,2025-01-01,2026-08-01,13,baseline
C05525,D00559,2025-01-01,2026-08-01,11,baseline
C05526,D03749,2025-01-01,2026-08-01,1,baseline
C05527,D00572,2025-01-01,2026-08-01,20,baseline
C05528,D03756,2025-01-01,2026-08-01,20,baseline
C05529,D02290,2025-01-01,2026-08-01,12,baseline
C05530,D03786,2025-01-01,2026-08-01,9,baseline
C05531,D04281,2025-01-01,2026-08-01,18,baseline
C05532,D04305,2025-01-01,2026-08-01,1,baseline
C05533,D00364,2025-01-01,2026-08-01,1,baseline
C05534,D02706,2025-01-01,2026-08-01,13,baseline
C05535,D04613,2025-01-01,2026-08-01,10,baseline
C05536,D02717,2025-01-01,2026-08-01,8,baseline
C05537,D01289,2025-01-01,2026-08-01,3,baseline
C05538,D04287,2025-01-01,2026-08-01,9,baseline
C05539,D02792,2025-01-01,2026-08-01,3,baseline
C05540,D03372,2025-01-01,2026-08-01,4,baseline
C05541,D02976,2025-01-01,2026-08-01,19,baseline
C05542,D01540,2025-01-01,2026-08-01,3,baseline
C05543,D03353,2025-01-01,2026-08-01,9,baseline
C05544,D04751,2025-01-01,2026-08-01,13,baseline
C05545,D00872,2025-01-01,2026-08-01,20,baseline
C05546,D03110,2025-01-01,2026-08-01,9,baseline
C05547,D01593,2025-01-01,2026-08-01,20,baseline
C05548,D01199,2025-01-01,2026-08-01,15,baseline
C05549,D03616,2025-01-01,2026-08-01,12,baseline
C05550,D02326,2025-01-01,2026-08-01,5,baseline
C05551,D02085,2025-01-01,2026-08-01,11,baseline
C05552,D03605,2025-01-01,2026-08-01,17,baseline
C05553,D03488,2025-01-01,2026-08-01,17,baseline
C05554,D03290,2025-01-01,2026-08-01,12,baseline
C05555,D01207,2025-01-01,2026-08-01,2,baseline
C05556,D03227,2025-01-01,2026-08-01,6,baseline
C05557,D03677,2025-01-01,2026-08-01,13,baseline
C05558,D04710,2025-01-01,2026-08-01,9,baseline
C05559,D00595,2025-01-01,2026-08-01,15,baseline
C05560,D00094,2025-01-01,2026-08-01,2,baseline
C05561,D04458,2025-01-01,2026-08-01,17,baseline
C05562,D02245,2025-01-01,2026-08-01,15,baseline
C05563,D03689,2025-01-01,2026-08-01,18,baseline
C05564,D01331,2025-01-01,2026-08-01,3,baseline
C05565,D00197,2025-01-01,2026-08-01,17,baseline
C05566,D03350,2025-01-01,2026-08-01,8,baseline
C05567,D00307,2025-01-01,2026-08-01,6,baseline
C05568,D04699,2025-01-01,2026-08-01,14,baseline
C05569,D04497,2025-01-01,2026-08-01,14,baseline
C05570,D03508,2025-01-01,2026-08-01,2,baseline
C05571,D02244,2025-01-01,2026-08-01,1,baseline
C05572,D04913,2025-01-01,2026-08-01,19,baseline
C05573,D02867,2025-01-01,2026-08-01,15,baseline
C05574,D03552,2025-01-01,2026-08-01,4,baseline
C05575,D03072,2025-01-01,2026-08-01,4,baseline
C05576,D04182,2025-01-01,2026-08-01,17,baseline
C05577,D01438,2025-01-01,2026-08-01,2,baseline
C05578,D01741,2025-01-01,2026-08-01,15,baseline
C05579,D04224,2025-01-01,2026-08-01,3,baseline
C05580,D04345,2025-01-01,2026-08-01,4,baseline
C05581,D00532,2025-01-01,2026-08-01,1,baseline
C05582,D04493,2025-01-01,2026-08-01,6,baseline
C05583,D02631,2025-01-01,2026-08-01,5,baseline
C05584,D03652,2025-01-01,2026-08-01,12,baseline
C05585,D04890,2025-01-01,2026-08-01,2,baseline
C05586,D04507,2025-01-01,2026-08-01,6,baseline
C05587,D04671,2025-01-01,2026-08-01,9,baseline
C05588,D04344,2025-01-01,2026-08-01,2,baseline
C05589,D04348,2025-01-01,2026-08-01,16,baseline
C05590,D02234,2025-01-01,2026-08-01,1,baseline
C05591,D03733,2025-01-01,2026-08-01,3,baseline
C05592,D04290,2025-01-01,2026-08-01,11,baseline
C05593,D02801,2025-01-01,2026-08-01,7,baseline
C05594,D02136,2025-01-01,2026-08-01,13,baseline
C05595,D02351,2025-01-01,2026-08-01,7,baseline
C05596,D03023,2025-01-01,2026-08-01,6,baseline
C05597,D04495,2025-01-01,2026-08-01,6,baseline
C05598,D04173,2025-01-01,2026-08-01,2,baseline
C05599,D04835,2025-01-01,2026-08-01,18,baseline
C05600,D02713,2025-01-01,2026-08-01,3,baseline
C05601,D01375,2025-01-01,2026-08-01,18,baseline
C05602,D03232,2025-01-01,2026-08-01,15,baseline
C05603,D03645,2025-01-01,2026-08-01,20,baseline
C05604,D03268,2025-01-01,2026-08-01,9,baseline
C05605,D00045,2025-01-01,2026-08-01,2,baseline
C05606,D01098,2025-01-01,2026-08-01,17,baseline
C05607,D02169,2025-01-01,2026-08-01,9,baseline
C05608,D00508,2025-01-01,2026-08-01,16,baseline
C05609,D00546,2025-01-01,2026-08-01,1,baseline
C05610,D01781,2025-01-01,2026-08-01,16,baseline
C05611,D04368,2025-01-01,2026-08-01,20,baseline
C05612,D02775,2025-01-01,2026-08-01,7,baseline
C05613,D04042,2025-01-01,2026-08-01,20,baseline
C05614,D04371,2025-01-01,2026-08-01,11,baseline
C05615,D05000,2025-01-01,2026-08-01,13,baseline
C05616,D01249,2025-01-01,2026-08-01,18,baseline
C05617,D02541,2025-01-01,2026-08-01,11,baseline
C05618,D00500,2025-01-01,2026-08-01,13,baseline
C05619,D04003,2025-01-01,2026-08-01,15,baseline
C05620,D04433,2025-01-01,2026-08-01,20,baseline
C05621,D04829,2025-01-01,2026-08-01,19,baseline
C05622,D01741,2025-01-01,2026-08-01,5,baseline
C05623,D04308,2025-01-01,2026-08-01,10,baseline
C05624,D00943,2025-01-01,2026-08-01,19,baseline
C05625,D00121,2025-01-01,2026-08-01,1,baseline
C05626,D00811,2025-01-01,2026-08-01,12,baseline
C05627,D03177,2025-01-01,2026-08-01,20,baseline
C05628,D02895,2025-01-01,2026-08-01,9,baseline
C05629,D04807,2025-01-01,2026-08-01,17,baseline
C05630,D01720,2025-01-01,2026-08-01,6,baseline
C05631,D04913,2025-01-01,2026-08-01,18,baseline
C05632,D04873,2025-01-01,2026-08-01,8,baseline
C05633,D02650,2025-01-01,2026-08-01,19,baseline
C05634,D02588,2025-01-01,2026-08-01,6,baseline
C05635,D03079,2025-01-01,2026-08-01,14,baseline
C05636,D03334,2025-01-01,2026-08-01,9,baseline
C05637,D03674,2025-01-01,2026-08-01,15,baseline
C05638,D02596,2025-01-01,2026-08-01,15,baseline
C05639,D04823,2025-01-01,2026-08-01,19,baseline
C05640,D04069,2025-01-01,2026-08-01,2,baseline
C05641,D04333,2025-01-01,2026-08-01,16,baseline
C05642,D03203,2025-01-01,2026-08-01,5,baseline
C05643,D03818,2025-01-01,2026-08-01,17,baseline
C05644,D01372,2025-01-01,2026-08-01,20,baseline
C05645,D00613,2025-01-01,2026-08-01,9,baseline
C05646,D04584,2025-01-01,2026-08-01,15,baseline
C05647,D02554,2025-01-01,2026-08-01,15,baseline
C05648,D04916,2025-01-01,2026-08-01,8,baseline
C05649,D02704,2025-01-01,2026-08-01,16,baseline
C05650,D03102,2025-01-01,2026-08-01,2,baseline
C05651,D02330,2025-01-01,2026-08-01,20,baseline
C05652,D01110,2025-01-01,2026-08-01,12,baseline
C05653,D01038,2025-01-01,2026-08-01,17,baseline
C05654,D01878,2025-01-01,2026-08-01,19,baseline
C05655,D04651,2025-01-01,2026-08-01,18,baseline
C05656,D00011,2025-01-01,2026-08-01,5,baseline
C05657,D01927,2025-01-01,2026-08-01,12,baseline
C05658,D02042,2025-01-01,2026-08-01,10,baseline
C05659,D02336,2025-01-01,2026-08-01,15,baseline
C05660,D01201,2025-01-01,2026-08-01,9,baseline
C05661,D04761,2025-01-01,2026-08-01,16,baseline
C05662,D04420,2025-01-01,2026-08-01,16,baseline
C05663,D03545,2025-01-01,2026-08-01,17,baseline
C05664,D03366,2025-01-01,2026-08-01,11,baseline
C05665,D00118,2025-01-01,2026-08-01,12,baseline
C05666,D04249,2025-01-01,2026-08-01,9,baseline
C05667,D00080,2025-01-01,2026-08-01,10,baseline
C05668,D01999,2025-01-01,2026-08-01,10,baseline
C05669,D02256,2025-01-01,2026-08-01,14,baseline
C05670,D02948,2025-01-01,2026-08-01,6,baseline
C05671,D00324,2025-01-01,2026-08-01,8,baseline
C05672,D04594,2025-01-01,2026-08-01,2,baseline
C05673,D02039,2025-01-01,2026-08-01,8,baseline
C05674,D04386,2025-01-01,2026-08-01,12,baseline
C05675,D01989,2025-01-01,2026-08-01,16,baseline
C05676,D01518,2025-01-01,2026-08-01,14,baseline
C05677,D02625,2025-01-01,2026-08-01,19,baseline
C05678,D02807,2025-01-01,2026-08-01,18,baseline
C05679,D04411,2025-01-01,2026-08-01,11,baseline
C05680,D00728,2025-01-01,2026-08-01,10,baseline
C05681,D02866,2025-01-01,2026-08-01,15,baseline
C05682,D03908,2025-01-01,2026-08-01,13,baseline
C05683,D03270,2025-01-01,2026-08-01,1,baseline
C05684,D02322,2025-01-01,2026-08-01,10,baseline
C05685,D00626,2025-01-01,2026-08-01,4,baseline
C05686,D01590,2025-01-01,2026-08-01,6,baseline
C05687,D02602,2025-01-01,2026-08-01,9,baseline
C05688,D04209,2025-01-01,2026-08-01,1,baseline
C05689,D03909,2025-01-01,2026-08-01,6,baseline
C05690,D04032,2025-01-01,2026-08-01,18,baseline
C05691,D03592,2025-01-01,2026-08-01,18,baseline
C05692,D02435,2025-01-01,2026-08-01,3,baseline
C05693,D00392,2025-01-01,2026-08-01,12,baseline
C05694,D04570,2025-01-01,2026-08-01,5,baseline
C05695,D03204,2025-01-01,2026-08-01,2,baseline
C05696,D02060,2025-01-01,2026-08-01,18,baseline
C05697,D01535,2025-01-01,2026-08-01,19,baseline
C05698,D03078,2025-01-01,2026-08-01,15,baseline
C05699,D02734,2025-01-01,2026-08-01,10,baseline
C05700,D01303,2025-01-01,2026-08-01,18,baseline
C05701,D04643,2025-01-01,2026-08-01,6,baseline
C05702,D03999,2025-01-01,2026-08-01,6,baseline
C05703,D04362,2025-01-01,2026-08-01,3,baseline
C05704,D01298,2025-01-01,2026-08-01,16,baseline
C05705,D02863,2025-01-01,2026-08-01,5,baseline
C05706,D04147,2025-01-01,2026-08-01,19,baseline
C05707,D04842,2025-01-01,2026-08-01,10,baseline
C05708,D02815,2025-01-01,2026-08-01,19,baseline
C05709,D01498,2025-01-01,2026-08-01,8,baseline
C05710,D02402,2025-01-01,2026-08-01,4,baseline
C05711,D00858,2025-01-01,2026-08-01,6,baseline
C05712,D02027,2025-01-01,2026-08-01,19,baseline
C05713,D00959,2025-01-01,2026-08-01,4,baseline
C05714,D03883,2025-01-01,2026-08-01,7,baseline
C05715,D02143,2025-01-01,2026-08-01,20,baseline
C05716,D03531,2025-01-01,2026-08-01,6,baseline
C05717,D00367,2025-01-01,2026-08-01,6,baseline
C05718,D02721,2025-01-01,2026-08-01,9,baseline
C05719,D01058,2025-01-01,2026-08-01,8,baseline
C05720,D04979,2025-01-01,2026-08-01,8,baseline
C05721,D03640,2025-01-01,2026-08-01,11,baseline
C05722,D02221,2025-01-01,2026-08-01,7,baseline
C05723,D02290,2025-01-01,2026-08-01,1,baseline
C05724,D03996,2025-01-01,2026-08-01,18,baseline
C05725,D03111,2025-01-01,2026-08-01,5,baseline
C05726,D04920,2025-01-01,2026-08-01,5,baseline
C05727,D03610,2025-01-01,2026-08-01,11,baseline
C05728,D02967,2025-01-01,2026-08-01,18,baseline
C05729,D02942,2025-01-01,2026-08-01,5,baseline
C05730,D00440,2025-01-01,2026-08-01,9,baseline
C05731,D00895,2025-01-01,2026-08-01,9,baseline
C05732,D02456,2025-01-01,2026-08-01,13,baseline
C05733,D03570,2025-01-01,2026-08-01,7,baseline
C05734,D00788,2025-01-01,2026-08-01,2,baseline
C05735,D04794,2025-01-01,2026-08-01,20,baseline
C05736,D02231,2025-01-01,2026-08-01,3,baseline
C05737,D02103,2025-01-01,2026-08-01,19,baseline
C05738,D03184,2025-01-01,2026-08-01,18,baseline
C05739,D00606,2025-01-01,2026-08-01,20,baseline
C05740,D01008,2025-01-01,2026-08-01,4,baseline
C05741,D04753,2025-01-01,2026-08-01,3,baseline
C05742,D03685,2025-01-01,2026-08-01,9,baseline
C05743,D03509,2025-01-01,2026-08-01,20,baseline
C05744,D00944,2025-01-01,2026-08-01,3,baseline
C05745,D03704,2025-01-01,2026-08-01,5,baseline
C05746,D02080,2025-01-01,2026-08-01,14,baseline
C05747,D00133,2025-01-01,2026-08-01,8,baseline
C05748,D00050,2025-01-01,2026-08-01,19,baseline
C05749,D01003,2025-01-01,2026-08-01,8,baseline
C05750,D04054,2025-01-01,2026-08-01,4,baseline
C05751,D03920,2025-01-01,2026-08-01,3,baseline
C05752,D00457,2025-01-01,2026-08-01,8,baseline
C05753,D01710,2025-01-01,2026-08-01,3,baseline
C05754,D02169,2025-01-01,2026-08-01,15,baseline
C05755,D01253,2025-01-01,2026-08-01,4,baseline
C05756,D00353,2025-01-01,2026-08-01,8,baseline
C05757,D04233,2025-01-01,2026-08-01,16,baseline
C05758,D03942,2025-01-01,2026-08-01,3,baseline
C05759,D02562,2025-01-01,2026-08-01,13,baseline
C05760,D03113,2025-01-01,2026-08-01,16,baseline
C05761,D02249,2025-01-01,2026-08-01,18,baseline
C05762,D00548,2025-01-01,2026-08-01,12,baseline
C05763,D01505,2025-01-01,2026-08-01,2,baseline
C05764,D00242,2025-01-01,2026-08-01,16,baseline
C05765,D02971,2025-01-01,2026-08-01,12,baseline
C05766,D01601,2025-01-01,2026-08-01,3,baseline
C05767,D03576,2025-01-01,2026-08-01,5,baseline
C05768,D01319,2025-01-01,2026-08-01,17,baseline
C05769,D04880,2025-01-01,2026-08-01,4,baseline
C05770,D04843,2025-01-01,2026-08-01,10,baseline
C05771,D02063,2025-01-01,2026-08-01,19,baseline
C05772,D01969,2025-01-01,2026-08-01,14,baseline
C05773,D00190,2025-01-01,2026-08-01,18,baseline
C05774,D01290,2025-01-01,2026-08-01,20,baseline
C05775,D01695,2025-01-01,2026-08-01,4,baseline
C05776,D04514,2025-01-01,2026-08-01,14,baseline
C05777,D04947,2025-01-01,2026-08-01,2,baseline
C05778,D00921,2025-01-01,2026-08-01,13,baseline
C05779,D03163,2025-01-01,2026-08-01,14,baseline
C05780,D00454,2025-01-01,2026-08-01,18,baseline
C05781,D03314,2025-01-01,2026-08-01,5,baseline
C05782,D02683,2025-01-01,2026-08-01,11,baseline
C05783,D01611,2025-01-01,2026-08-01,17,baseline
C05784,D00421,2025-01-01,2026-08-01,20,baseline
C05785,D02189,2025-01-01,2026-08-01,5,baseline
C05786,D04155,2025-01-01,2026-08-01,12,baseline
C05787,D02585,2025-01-01,2026-08-01,18,baseline
C05788,D00774,2025-01-01,2026-08-01,8,baseline
C05789,D03970,2025-01-01,2026-08-01,6,baseline
C05790,D02656,2025-01-01,2026-08-01,9,baseline
C05791,D04297,2025-01-01,2026-08-01,3,baseline
C05792,D01883,2025-01-01,2026-08-01,1,baseline
C05793,D01579,2025-01-01,2026-08-01,10,baseline
C05794,D04986,2025-01-01,2026-08-01,19,baseline
C05795,D01276,2025-01-01,2026-08-01,16,baseline
C05796,D03290,2025-01-01,2026-08-01,14,baseline
C05797,D00854,2025-01-01,2026-08-01,14,baseline
C05798,D04373,2025-01-01,2026-08-01,11,baseline
C05799,D02700,2025-01-01,2026-08-01,15,baseline
C05800,D00048,2025-01-01,2026-08-01,11,baseline
C05801,D03878,2025-01-01,2026-08-01,18,baseline
C05802,D03711,2025-01-01,2026-08-01,13,baseline
C05803,D04965,2025-01-01,2026-08-01,1,baseline
C05804,D04949,2025-01-01,2026-08-01,13,baseline
C05805,D00276,2025-01-01,2026-08-01,17,baseline
C05806,D00776,2025-01-01,2026-08-01,17,baseline
C05807,D04693,2025-01-01,2026-08-01,12,baseline
C05808,D00305,2025-01-01,2026-08-01,13,baseline
C05809,D02739,2025-01-01,2026-08-01,20,baseline
C05810,D03505,2025-01-01,2026-08-01,8,baseline
C05811,D04373,2025-01-01,2026-08-01,17,baseline
C05812,D00939,2025-01-01,2026-08-01,17,baseline
C05813,D04883,2025-01-01,2026-08-01,17,baseline
C05814,D01460,2025-01-01,2026-08-01,7,baseline
C05815,D00926,2025-01-01,2026-08-01,19,baseline
C05816,D00162,2025-01-01,2026-08-01,19,baseline
C05817,D04146,2025-01-01,2026-08-01,13,baseline
C05818,D02727,2025-01-01,2026-08-01,1,baseline
C05819,D02904,2025-01-01,2026-08-01,17,baseline
C05820,D02452,2025-01-01,2026-08-01,15,baseline
C05821,D00853,2025-01-01,2026-08-01,5,baseline
C05822,D03027,2025-01-01,2026-08-01,4,baseline
C05823,D03909,2025-01-01,2026-08-01,11,baseline
C05824,D04193,2025-01-01,2026-08-01,2,baseline
C05825,D00948,2025-01-01,2026-08-01,12,baseline
C05826,D04215,2025-01-01,2026-08-01,9,baseline
C05827,D00508,2025-01-01,2026-08-01,5,baseline
C05828,D04834,2025-01-01,2026-08-01,4,baseline
C05829,D02105,2025-01-01,2026-08-01,4,baseline
C05830,D00380,2025-01-01,2026-08-01,20,baseline
C05831,D04990,2025-01-01,2026-08-01,6,baseline
C05832,D01619,2025-01-01,2026-08-01,13,baseline
C05833,D02620,2025-01-01,2026-08-01,18,baseline
C05834,D00263,2025-01-01,2026-08-01,10,baseline
C05835,D04754,2025-01-01,2026-08-01,7,baseline
C05836,D03604,2025-01-01,2026-08-01,7,baseline
C05837,D03139,2025-01-01,2026-08-01,2,baseline
C05838,D00085,2025-01-01,2026-08-01,17,baseline
C05839,D04388,2025-01-01,2026-08-01,15,baseline
C05840,D01655,2025-01-01,2026-08-01,18,baseline
C05841,D03021,2025-01-01,2026-08-01,13,baseline
C05842,D03308,2025-01-01,2026-08-01,14,baseline
C05843,D02430,2025-01-01,2026-08-01,17,baseline
C05844,D01132,2025-01-01,2026-08-01,2,baseline
C05845,D03111,2025-01-01,2026-08-01,7,baseline
C05846,D04967,2025-01-01,2026-08-01,11,baseline
C05847,D00322,2025-01-01,2026-08-01,1,baseline
C05848,D02071,2025-01-01,2026-08-01,18,baseline
C05849,D00751,2025-01-01,2026-08-01,14,baseline
C05850,D02918,2025-01-01,2026-08-01,18,baseline
C05851,D00513,2025-01-01,2026-08-01,14,baseline
C05852,D00949,2025-01-01,2026-08-01,3,baseline
C05853,D01607,2025-01-01,2026-08-01,20,baseline
C05854,D00833,2025-01-01,2026-08-01,19,baseline
C05855,D02011,2025-01-01,2026-08-01,8,baseline
C05856,D04152,2025-01-01,2026-08-01,13,baseline
C05857,D01979,2025-01-01,2026-08-01,20,baseline
C05858,D04040,2025-01-01,2026-08-01,15,baseline
C05859,D02457,2025-01-01,2026-08-01,6,baseline
C05860,D00998,2025-01-01,2026-08-01,19,baseline
C05861,D02804,2025-01-01,2026-08-01,6,baseline
C05862,D00434,2025-01-01,2026-08-01,8,baseline
C05863,D03418,2025-01-01,2026-08-01,20,baseline
C05864,D03450,2025-01-01,2026-08-01,20,baseline
C05865,D03021,2025-01-01,2026-08-01,20,baseline
C05866,D02500,2025-01-01,2026-08-01,4,baseline
C05867,D02652,2025-01-01,2026-08-01,4,baseline
C05868,D04027,2025-01-01,2026-08-01,7,baseline
C05869,D02983,2025-01-01,2026-08-01,4,baseline
C05870,D04203,2025-01-01,2026-08-01,12,baseline
C05871,D01954,2025-01-01,2026-08-01,10,baseline
C05872,D04784,2025-01-01,2026-08-01,6,baseline
C05873,D01262,2025-01-01,2026-08-01,4,baseline
C05874,D02401,2025-01-01,2026-08-01,18,baseline
C05875,D00452,2025-01-01,2026-08-01,6,baseline
C05876,D03449,2025-01-01,2026-08-01,7,baseline
C05877,D04101,2025-01-01,2026-08-01,8,baseline
C05878,D04208,2025-01-01,2026-08-01,2,baseline
C05879,D04526,2025-01-01,2026-08-01,15,baseline
C05880,D02650,2025-01-01,2026-08-01,8,baseline
C05881,D02098,2025-01-01,2026-08-01,4,baseline
C05882,D03624,2025-01-01,2026-08-01,8,baseline
C05883,D00604,2025-01-01,2026-08-01,15,baseline
C05884,D02501,2025-01-01,2026-08-01,12,baseline
C05885,D04016,2025-01-01,2026-08-01,11,baseline
C05886,D03141,2025-01-01,2026-08-01,6,baseline
C05887,D02685,2025-01-01,2026-08-01,16,baseline
C05888,D01597,2025-01-01,2026-08-01,7,baseline
C05889,D00905,2025-01-01,2026-08-01,14,baseline
C05890,D03674,2025-01-01,2026-08-01,18,baseline
C05891,D03272,2025-01-01,2026-08-01,3,baseline
C05892,D02740,2025-01-01,2026-08-01,7,baseline
C05893,D00174,2025-01-01,2026-08-01,16,baseline
C05894,D01557,2025-01-01,2026-08-01,8,baseline
C05895,D04443,2025-01-01,2026-08-01,19,baseline
C05896,D04375,2025-01-01,2026-08-01,2,baseline
C05897,D03827,2025-01-01,2026-08-01,12,baseline
C05898,D02452,2025-01-01,2026-08-01,8,baseline
C05899,D00794,2025-01-01,2026-08-01,12,baseline
C05900,D04700,2025-01-01,2026-08-01,20,baseline
C05901,D04100,2025-01-01,2026-08-01,16,baseline
C05902,D02180,2025-01-01,2026-08-01,13,baseline
C05903,D04375,2025-01-01,2026-08-01,3,baseline
C05904,D04944,2025-01-01,2026-08-01,8,baseline
C05905,D03096,2025-01-01,2026-08-01,17,baseline
C05906,D01795,2025-01-01,2026-08-01,2,baseline
C05907,D00888,2025-01-01,2026-08-01,14,baseline
C05908,D03385,2025-01-01,2026-08-01,9,baseline
C05909,D03149,2025-01-01,2026-08-01,13,baseline
C05910,D00667,2025-01-01,2026-08-01,8,baseline
C05911,D04004,2025-01-01,2026-08-01,14,baseline
C05912,D00587,2025-01-01,2026-08-01,4,baseline
C05913,D03608,2025-01-01,2026-08-01,19,baseline
C05914,D00982,2025-01-01,2026-08-01,17,baseline
C05915,D00705,2025-01-01,2026-08-01,14,baseline
C05916,D04162,2025-01-01,2026-08-01,18,baseline
C05917,D02461,2025-01-01,2026-08-01,12,baseline
C05918,D02832,2025-01-01,2026-08-01,3,baseline
C05919,D03690,2025-01-01,2026-08-01,18,baseline
C05920,D01756,2025-01-01,2026-08-01,17,baseline
C05921,D04387,2025-01-01,2026-08-01,10,baseline
C05922,D03783,2025-01-01,2026-08-01,5,baseline
C05923,D03706,2025-01-01,2026-08-01,19,baseline
C05924,D00361,2025-01-01,2026-08-01,7,baseline
C05925,D02827,2025-01-01,2026-08-01,17,baseline
C05926,D00344,2025-01-01,2026-08-01,11,baseline
C05927,D01598,2025-01-01,2026-08-01,6,baseline
C05928,D02734,2025-01-01,2026-08-01,16,baseline
C05929,D04991,2025-01-01,2026-08-01,16,baseline
C05930,D04476,2025-01-01,2026-08-01,18,baseline
C05931,D03216,2025-01-01,2026-08-01,20,baseline
C05932,D00354,2025-01-01,2026-08-01,10,baseline
C05933,D01466,2025-01-01,2026-08-01,2,baseline
C05934,D02485,2025-01-01,2026-08-01,9,baseline
C05935,D04281,2025-01-01,2026-08-01,20,baseline
C05936,D01404,2025-01-01,2026-08-01,8,baseline
C05937,D00278,2025-01-01,2026-08-01,5,baseline
C05938,D00249,2025-01-01,2026-08-01,5,baseline
C05939,D00921,2025-01-01,2026-08-01,17,baseline
C05940,D04697,2025-01-01,2026-08-01,18,baseline
C05941,D04138,2025-01-01,2026-08-01,11,baseline
C05942,D01248,2025-01-01,2026-08-01,17,baseline
C05943,D04572,2025-01-01,2026-08-01,14,baseline
C05944,D00942,2025-01-01,2026-08-01,9,baseline
C05945,D00641,2025-01-01,2026-08-01,14,baseline
C05946,D03232,2025-01-01,2026-08-01,18,baseline
C05947,D00727,2025-01-01,2026-08-01,12,baseline
C05948,D04559,2025-01-01,2026-08-01,18,baseline
C05949,D00824,2025-01-01,2026-08-01,1,baseline
C05950,D00836,2025-01-01,2026-08-01,18,baseline
C05951,D01221,2025-01-01,2026-08-01,12,baseline
C05952,D03474,2025-01-01,2026-08-01,9,baseline
C05953,D02579,2025-01-01,2026-08-01,3,baseline
C05954,D02726,2025-01-01,2026-08-01,17,baseline
C05955,D01109,2025-01-01,2026-08-01,3,baseline
C05956,D00830,2025-01-01,2026-08-01,16,baseline
C05957,D04742,2025-01-01,2026-08-01,12,baseline
C05958,D00884,2025-01-01,2026-08-01,10,baseline
C05959,D01238,2025-01-01,2026-08-01,2,baseline
C05960,D04079,2025-01-01,2026-08-01,11,baseline
C05961,D00837,2025-01-01,2026-08-01,15,baseline
C05962,D03347,2025-01-01,2026-08-01,14,baseline
C05963,D00309,2025-01-01,2026-08-01,2,baseline
C05964,D01067,2025-01-01,2026-08-01,1,baseline
C05965,D01370,2025-01-01,2026-08-01,5,baseline
C05966,D04415,2025-01-01,2026-08-01,12,baseline
C05967,D01264,2025-01-01,2026-08-01,18,baseline
C05968,D04213,2025-01-01,2026-08-01,11,baseline
C05969,D00843,2025-01-01,2026-08-01,5,baseline
C05970,D02764,2025-01-01,2026-08-01,16,baseline
C05971,D02889,2025-01-01,2026-08-01,12,baseline
C05972,D02500,2025-01-01,2026-08-01,17,baseline
C05973,D04497,2025-01-01,2026-08-01,2,baseline
C05974,D04468,2025-01-01,2026-08-01,15,baseline
C05975,D00198,2025-01-01,2026-08-01,20,baseline
C05976,D01077,2025-01-01,2026-08-01,4,baseline
C05977,D04744,2025-01-01,2026-08-01,6,baseline
C05978,D03736,2025-01-01,2026-08-01,16,baseline
C05979,D03705,2025-01-01,2026-08-01,20,baseline
C05980,D04020,2025-01-01,2026-08-01,3,baseline
C05981,D02695,2025-01-01,2026-08-01,20,baseline
C05982,D00268,2025-01-01,2026-08-01,1,baseline
C05983,D00985,2025-01-01,2026-08-01,15,baseline
C05984,D04395,2025-01-01,2026-08-01,20,baseline
C05985,D02505,2025-01-01,2026-08-01,9,baseline
C05986,D00715,2025-01-01,2026-08-01,16,baseline
C05987,D01799,2025-01-01,2026-08-01,2,baseline
C05988,D03200,2025-01-01,2026-08-01,17,baseline
C05989,D01827,2025-01-01,2026-08-01,8,baseline
C05990,D00623,2025-01-01,2026-08-01,4,baseline
C05991,D04547,2025-01-01,2026-08-01,9,baseline
C05992,D00358,2025-01-01,2026-08-01,4,baseline
C05993,D00516,2025-01-01,2026-08-01,8,baseline
C05994,D04530,2025-01-01,2026-08-01,16,baseline
C05995,D01479,2025-01-01,2026-08-01,5,baseline
C05996,D02232,2025-01-01,2026-08-01,19,baseline
C05997,D01766,2025-01-01,2026-08-01,11,baseline
C05998,D02465,2025-01-01,2026-08-01,4,baseline
C05999,D01866,2025-01-01,2026-08-01,19,baseline
C06000,D02217,2025-01-01,2026-08-01,1,baseline
C06001,D00201,2025-01-01,2026-08-01,10,baseline
C06002,D04265,2025-01-01,2026-08-01,1,baseline
C06003,D02502,2025-01-01,2026-08-01,9,baseline
C06004,D04099,2025-01-01,2026-08-01,2,baseline
C06005,D01470,2025-01-01,2026-08-01,15,baseline
C06006,D01904,2025-01-01,2026-08-01,15,baseline
C06007,D03201,2025-01-01,2026-08-01,6,baseline
C06008,D01281,2025-01-01,2026-08-01,11,baseline
C06009,D02443,2025-01-01,2026-08-01,5,baseline
C06010,D00569,2025-01-01,2026-08-01,10,baseline
C06011,D01490,2025-01-01,2026-08-01,19,baseline
C06012,D04818,2025-01-01,2026-08-01,19,baseline
C06013,D02087,2025-01-01,2026-08-01,7,baseline
C06014,D00496,2025-01-01,2026-08-01,9,baseline
C06015,D03340,2025-01-01,2026-08-01,7,baseline
C06016,D04474,2025-01-01,2026-08-01,14,baseline
C06017,D04141,2025-01-01,2026-08-01,10,baseline
C06018,D02627,2025-01-01,2026-08-01,19,baseline
C06019,D00715,2025-01-01,2026-08-01,17,baseline
C06020,D02780,2025-01-01,2026-08-01,13,baseline
C06021,D02068,2025-01-01,2026-08-01,1,baseline
C06022,D02673,2025-01-01,2026-08-01,9,baseline
C06023,D00205,2025-01-01,2026-08-01,13,baseline
C06024,D00169,2025-01-01,2026-08-01,11,baseline
C06025,D01505,2025-01-01,2026-08-01,12,baseline
C06026,D04846,2025-01-01,2026-08-01,16,baseline
C06027,D04395,2025-01-01,2026-08-01,13,baseline
C06028,D00562,2025-01-01,2026-08-01,6,baseline
C06029,D00061,2025-01-01,2026-08-01,14,baseline
C06030,D01725,2025-01-01,2026-08-01,12,baseline
C06031,D03710,2025-01-01,2026-08-01,8,baseline
C06032,D03591,2025-01-01,2026-08-01,18,baseline
C06033,D02125,2025-01-01,2026-08-01,3,baseline
C06034,D03643,2025-01-01,2026-08-01,2,baseline
C06035,D01987,2025-01-01,2026-08-01,10,baseline
C06036,D03908,2025-01-01,2026-08-01,7,baseline
C06037,D03669,2025-01-01,2026-08-01,4,baseline
C06038,D00477,2025-01-01,2026-08-01,6,baseline
C06039,D01188,2025-01-01,2026-08-01,20,baseline
C06040,D02811,2025-01-01,2026-08-01,15,baseline
C06041,D04600,2025-01-01,2026-08-01,15,baseline
C06042,D01601,2025-01-01,2026-08-01,10,baseline
C06043,D03679,2025-01-01,2026-08-01,5,baseline
C06044,D02896,2025-01-01,2026-08-01,2,baseline
C06045,D03114,2025-01-01,2026-08-01,12,baseline
C06046,D04476,2025-01-01,2026-08-01,9,baseline
C06047,D03215,2025-01-01,2026-08-01,13,baseline
C06048,D03610,2025-01-01,2026-08-01,4,baseline
C06049,D00522,2025-01-01,2026-08-01,5,baseline
C06050,D00389,2025-01-01,2026-08-01,4,baseline
C06051,D01498,2025-01-01,2026-08-01,13,baseline
C06052,D02010,2025-01-01,2026-08-01,15,baseline
C06053,D01853,2025-01-01,2026-08-01,19,baseline
C06054,D04377,2025-01-01,2026-08-01,12,baseline
C06055,D02033,2025-01-01,2026-08-01,15,baseline
C06056,D01480,2025-01-01,2026-08-01,8,baseline
C06057,D02864,2025-01-01,2026-08-01,12,baseline
C06058,D04998,2025-01-01,2026-08-01,6,baseline
C06059,D04205,2025-01-01,2026-08-01,13,baseline
C06060,D02686,2025-01-01,2026-08-01,2,baseline
C06061,D04971,2025-01-01,2026-08-01,8,baseline
C06062,D02488,2025-01-01,2026-08-01,10,baseline
C06063,D03525,2025-01-01,2026-08-01,12,baseline
C06064,D00913,2025-01-01,2026-08-01,11,baseline
C06065,D01283,2025-01-01,2026-08-01,16,baseline
C06066,D01668,2025-01-01,2026-08-01,20,baseline
C06067,D03584,2025-01-01,2026-08-01,17,baseline
C06068,D00635,2025-01-01,2026-08-01,9,baseline
C06069,D01752,2025-01-01,2026-08-01,16,baseline
C06070,D02259,2025-01-01,2026-08-01,17,baseline
C06071,D03032,2025-01-01,2026-08-01,4,baseline
C06072,D00848,2025-01-01,2026-08-01,8,baseline
C06073,D02097,2025-01-01,2026-08-01,8,baseline
C06074,D03119,2025-01-01,2026-08-01,3,baseline
C06075,D01593,2025-01-01,2026-08-01,12,baseline
C06076,D04458,2025-01-01,2026-08-01,18,baseline
C06077,D02934,2025-01-01,2026-08-01,16,baseline
C06078,D02623,2025-01-01,2026-08-01,1,baseline
C06079,D04867,2025-01-01,2026-08-01,15,baseline
C06080,D04465,2025-01-01,2026-08-01,20,baseline
C06081,D00505,2025-01-01,2026-08-01,3,baseline
C06082,D00602,2025-01-01,2026-08-01,18,baseline
C06083,D04683,2025-01-01,2026-08-01,11,baseline
C06084,D02966,2025-01-01,2026-08-01,6,baseline
C06085,D02749,2025-01-01,2026-08-01,18,baseline
C06086,D01875,2025-01-01,2026-08-01,2,baseline
C06087,D01280,2025-01-01,2026-08-01,4,baseline
C06088,D03586,2025-01-01,2026-08-01,19,baseline
C06089,D00329,2025-01-01,2026-08-01,17,baseline
C06090,D04046,2025-01-01,2026-08-01,19,baseline
C06091,D00351,2025-01-01,2026-08-01,18,baseline
C06092,D02435,2025-01-01,2026-08-01,11,baseline
C06093,D01994,2025-01-01,2026-08-01,9,baseline
C06094,D01953,2025-01-01,2026-08-01,15,baseline
C06095,D04513,2025-01-01,2026-08-01,8,baseline
C06096,D00301,2025-01-01,2026-08-01,19,baseline
C06097,D00309,2025-01-01,2026-08-01,14,baseline
C06098,D01885,2025-01-01,2026-08-01,18,baseline
C06099,D00855,2025-01-01,2026-08-01,14,baseline
C06100,D01266,2025-01-01,2026-08-01,5,baseline
C06101,D03692,2025-01-01,2026-08-01,9,baseline
C06102,D00721,2025-01-01,2026-08-01,16,baseline
C06103,D01497,2025-01-01,2026-08-01,15,baseline
C06104,D00598,2025-01-01,2026-08-01,2,baseline
C06105,D00214,2025-01-01,2026-08-01,3,baseline
C06106,D01891,2025-01-01,2026-08-01,6,baseline
C06107,D02590,2025-01-01,2026-08-01,3,baseline
C06108,D00667,2025-01-01,2026-08-01,7,baseline
C06109,D01766,2025-01-01,2026-08-01,2,baseline
C06110,D02038,2025-01-01,2026-08-01,8,baseline
C06111,D01759,2025-01-01,2026-08-01,10,baseline
C06112,D01181,2025-01-01,2026-08-01,6,baseline
C06113,D02059,2025-01-01,2026-08-01,5,baseline
C06114,D00088,2025-01-01,2026-08-01,2,baseline
C06115,D03961,2025-01-01,2026-08-01,9,baseline
C06116,D02968,2025-01-01,2026-08-01,20,baseline
C06117,D02307,2025-01-01,2026-08-01,9,baseline
C06118,D01957,2025-01-01,2026-08-01,18,baseline
C06119,D01822,2025-01-01,2026-08-01,7,baseline
C06120,D03897,2025-01-01,2026-08-01,2,baseline
C06121,D03493,2025-01-01,2026-08-01,6,baseline
C06122,D00147,2025-01-01,2026-08-01,20,baseline
C06123,D02839,2025-01-01,2026-08-01,14,baseline
C06124,D02798,2025-01-01,2026-08-01,5,baseline
C06125,D02559,2025-01-01,2026-08-01,1,baseline
C06126,D02418,2025-01-01,2026-08-01,16,baseline
C06127,D00892,2025-01-01,2026-08-01,1,baseline
C06128,D01176,2025-01-01,2026-08-01,15,baseline
C06129,D04058,2025-01-01,2026-08-01,18,baseline
C06130,D04392,2025-01-01,2026-08-01,14,baseline
C06131,D03946,2025-01-01,2026-08-01,16,baseline
C06132,D00981,2025-01-01,2026-08-01,4,baseline
C06133,D02303,2025-01-01,2026-08-01,20,baseline
C06134,D01029,2025-01-01,2026-08-01,10,baseline
C06135,D01583,2025-01-01,2026-08-01,17,baseline
C06136,D03572,2025-01-01,2026-08-01,13,baseline
C06137,D01576,2025-01-01,2026-08-01,13,baseline
C06138,D03278,2025-01-01,2026-08-01,7,baseline
C06139,D03658,2025-01-01,2026-08-01,6,baseline
C06140,D03708,2025-01-01,2026-08-01,5,baseline
C06141,D02911,2025-01-01,2026-08-01,15,baseline
C06142,D00873,2025-01-01,2026-08-01,18,baseline
C06143,D00878,2025-01-01,2026-08-01,7,baseline
C06144,D01835,2025-01-01,2026-08-01,8,baseline
C06145,D03108,2025-01-01,2026-08-01,2,baseline
C06146,D04659,2025-01-01,2026-08-01,6,baseline
C06147,D02322,2025-01-01,2026-08-01,13,baseline
C06148,D01304,2025-01-01,2026-08-01,6,baseline
C06149,D02682,2025-01-01,2026-08-01,9,baseline
C06150,D03075,2025-01-01,2026-08-01,8,baseline
C06151,D01602,2025-01-01,2026-08-01,20,baseline
C06152,D03107,2025-01-01,2026-08-01,14,baseline
C06153,D00841,2025-01-01,2026-08-01,20,baseline
C06154,D03171,2025-01-01,2026-08-01,19,baseline
C06155,D01614,2025-01-01,2026-08-01,7,baseline
C06156,D01491,2025-01-01,2026-08-01,10,baseline
C06157,D02573,2025-01-01,2026-08-01,20,baseline
C06158,D02119,2025-01-01,2026-08-01,9,baseline
C06159,D03544,2025-01-01,2026-08-01,15,baseline
C06160,D02111,2025-01-01,2026-08-01,18,baseline
C06161,D03706,2025-01-01,2026-08-01,4,baseline
C06162,D04074,2025-01-01,2026-08-01,12,baseline
C06163,D04689,2025-01-01,2026-08-01,10,baseline
C06164,D02971,2025-01-01,2026-08-01,14,baseline
C06165,D04595,2025-01-01,2026-08-01,8,baseline
C06166,D04867,2025-01-01,2026-08-01,17,baseline
C06167,D04916,2025-01-01,2026-08-01,2,baseline
C06168,D00668,2025-01-01,2026-08-01,11,baseline
C06169,D00428,2025-01-01,2026-08-01,13,baseline
C06170,D00484,2025-01-01,2026-08-01,7,baseline
C06171,D02906,2025-01-01,2026-08-01,13,baseline
C06172,D03504,2025-01-01,2026-08-01,10,baseline
C06173,D04364,2025-01-01,2026-08-01,12,baseline
C06174,D02785,2025-01-01,2026-08-01,11,baseline
C06175,D02450,2025-01-01,2026-08-01,20,baseline
C06176,D03728,2025-01-01,2026-08-01,5,baseline
C06177,D04599,2025-01-01,2026-08-01,4,baseline
C06178,D00284,2025-01-01,2026-08-01,11,baseline
C06179,D00375,2025-01-01,2026-08-01,11,baseline
C06180,D03148,2025-01-01,2026-08-01,15,baseline
C06181,D03412,2025-01-01,2026-08-01,19,baseline
C06182,D03754,2025-01-01,2026-08-01,18,baseline
C06183,D04884,2025-01-01,2026-08-01,16,baseline
C06184,D03731,2025-01-01,2026-08-01,8,baseline
C06185,D02496,2025-01-01,2026-08-01,18,baseline
C06186,D01278,2025-01-01,2026-08-01,9,baseline
C06187,D04841,2025-01-01,2026-08-01,12,baseline
C06188,D00331,2025-01-01,2026-08-01,11,baseline
C06189,D01267,2025-01-01,2026-08-01,2,baseline
C06190,D02756,2025-01-01,2026-08-01,3,baseline
C06191,D03707,2025-01-01,2026-08-01,5,baseline
C06192,D01473,2025-01-01,2026-08-01,9,baseline
C06193,D00224,2025-01-01,2026-08-01,12,baseline
C06194,D03094,2025-01-01,2026-08-01,5,baseline
C06195,D01664,2025-01-01,2026-08-01,19,baseline
C06196,D02034,2025-01-01,2026-08-01,18,baseline
C06197,D03525,2025-01-01,2026-08-01,20,baseline
C06198,D02970,2025-01-01,2026-08-01,7,baseline
C06199,D01262,2025-01-01,2026-08-01,12,baseline
C06200,D03255,2025-01-01,2026-08-01,12,baseline
C06201,D04275,2025-01-01,2026-08-01,4,baseline
C06202,D00445,2025-01-01,2026-08-01,4,baseline
C06203,D03923,2025-01-01,2026-08-01,2,baseline
C06204,D04357,2025-01-01,2026-08-01,5,baseline
C06205,D00877,2025-01-01,2026-08-01,16,baseline
C06206,D02240,2025-01-01,2026-08-01,8,baseline
C06207,D04860,2025-01-01,2026-08-01,14,baseline
C06208,D03245,2025-01-01,2026-08-01,15,baseline
C06209,D01142,2025-01-01,2026-08-01,9,baseline
C06210,D02962,2025-01-01,2026-08-01,1,baseline
C06211,D00575,2025-01-01,2026-08-01,6,baseline
C06212,D01369,2025-01-01,2026-08-01,12,baseline
C06213,D04473,2025-01-01,2026-08-01,16,baseline
C06214,D01987,2025-01-01,2026-08-01,5,baseline
C06215,D04210,2025-01-01,2026-08-01,16,baseline
C06216,D02050,2025-01-01,2026-08-01,5,baseline
C06217,D04753,2025-01-01,2026-08-01,1,baseline
C06218,D03038,2025-01-01,2026-08-01,13,baseline
C06219,D02482,2025-01-01,2026-08-01,3,baseline
C06220,D01170,2025-01-01,2026-08-01,19,baseline
C06221,D01696,2025-01-01,2026-08-01,2,baseline
C06222,D00306,2025-01-01,2026-08-01,9,baseline
C06223,D04425,2025-01-01,2026-08-01,7,baseline
C06224,D00536,2025-01-01,2026-08-01,16,baseline
C06225,D00366,2025-01-01,2026-08-01,1,baseline
C06226,D03223,2025-01-01,2026-08-01,11,baseline
C06227,D04475,2025-01-01,2026-08-01,15,baseline
C06228,D04031,2025-01-01,2026-08-01,2,baseline
C06229,D00793,2025-01-01,2026-08-01,11,baseline
C06230,D02075,2025-01-01,2026-08-01,5,baseline
C06231,D02170,2025-01-01,2026-08-01,7,baseline
C06232,D00623,2025-01-01,2026-08-01,12,baseline
C06233,D03450,2025-01-01,2026-08-01,14,baseline
C06234,D01197,2025-01-01,2026-08-01,19,baseline
C06235,D03962,2025-01-01,2026-08-01,7,baseline
C06236,D03957,2025-01-01,2026-08-01,8,baseline
C06237,D03673,2025-01-01,2026-08-01,2,baseline
C06238,D01724,2025-01-01,2026-08-01,10,baseline
C06239,D02650,2025-01-01,2026-08-01,14,baseline
C06240,D02719,2025-01-01,2026-08-01,18,baseline
C06241,D04643,2025-01-01,2026-08-01,20,baseline
C06242,D00462,2025-01-01,2026-08-01,19,baseline
C06243,D02104,2025-01-01,2026-08-01,19,baseline
C06244,D01799,2025-01-01,2026-08-01,15,baseline
C06245,D03665,2025-01-01,2026-08-01,19,baseline
C06246,D04030,2025-01-01,2026-08-01,2,baseline
C06247,D03063,2025-01-01,2026-08-01,12,baseline
C06248,D00621,2025-01-01,2026-08-01,13,baseline
C06249,D02852,2025-01-01,2026-08-01,2,baseline
C06250,D01878,2025-01-01,2026-08-01,10,baseline
C06251,D04419,2025-01-01,2026-08-01,10,baseline
C06252,D03571,2025-01-01,2026-08-01,4,baseline
C06253,D03646,2025-01-01,2026-08-01,15,baseline
C06254,D03338,2025-01-01,2026-08-01,5,baseline
C06255,D00457,2025-01-01,2026-08-01,6,baseline
C06256,D04183,2025-01-01,2026-08-01,5,baseline
C06257,D04114,2025-01-01,2026-08-01,3,baseline
C06258,D01498,2025-01-01,2026-08-01,2,baseline
C06259,D04045,2025-01-01,2026-08-01,5,baseline
C06260,D03934,2025-01-01,2026-08-01,11,baseline
C06261,D01486,2025-01-01,2026-08-01,14,baseline
C06262,D02562,2025-01-01,2026-08-01,11,baseline
C06263,D04352,2025-01-01,2026-08-01,8,baseline
C06264,D02594,2025-01-01,2026-08-01,6,baseline
C06265,D04664,2025-01-01,2026-08-01,7,baseline
C06266,D00903,2025-01-01,2026-08-01,4,baseline
C06267,D04913,2025-01-01,2026-08-01,13,baseline
C06268,D02965,2025-01-01,2026-08-01,4,baseline
C06269,D02862,2025-01-01,2026-08-01,2,baseline
C06270,D02928,2025-01-01,2026-08-01,9,baseline
C06271,D01148,2025-01-01,2026-08-01,10,baseline
C06272,D03528,2025-01-01,2026-08-01,14,baseline
C06273,D00435,2025-01-01,2026-08-01,2,baseline
C06274,D02782,2025-01-01,2026-08-01,13,baseline
C06275,D00945,2025-01-01,2026-08-01,9,baseline
C06276,D03783,2025-01-01,2026-08-01,15,baseline
C06277,D00842,2025-01-01,2026-08-01,10,baseline
C06278,D04201,2025-01-01,2026-08-01,19,baseline
C06279,D00119,2025-01-01,2026-08-01,10,baseline
C06280,D03306,2025-01-01,2026-08-01,7,baseline
C06281,D04389,2025-01-01,2026-08-01,11,baseline
C06282,D00745,2025-01-01,2026-08-01,3,baseline
C06283,D01005,2025-01-01,2026-08-01,16,baseline
C06284,D04803,2025-01-01,2026-08-01,6,baseline
C06285,D03762,2025-01-01,2026-08-01,16,baseline
C06286,D02878,2025-01-01,2026-08-01,16,baseline
C06287,D01210,2025-01-01,2026-08-01,20,baseline
C06288,D03065,2025-01-01,2026-08-01,7,baseline
C06289,D01762,2025-01-01,2026-08-01,11,baseline
C06290,D02990,2025-01-01,2026-08-01,15,baseline
C06291,D01249,2025-01-01,2026-08-01,19,baseline
C06292,D03196,2025-01-01,2026-08-01,1,baseline
C06293,D01228,2025-01-01,2026-08-01,17,baseline
C06294,D02133,2025-01-01,2026-08-01,11,baseline
C06295,D04836,2025-01-01,2026-08-01,13,baseline
C06296,D01893,2025-01-01,2026-08-01,8,baseline
C06297,D02149,2025-01-01,2026-08-01,16,baseline
C06298,D03496,2025-01-01,2026-08-01,19,baseline
C06299,D00405,2025-01-01,2026-08-01,16,baseline
C06300,D03757,2025-01-01,2026-08-01,20,baseline
C06301,D04473,2025-01-01,2026-08-01,16,baseline
C06302,D01681,2025-01-01,2026-08-01,7,baseline
C06303,D00686,2025-01-01,2026-08-01,13,baseline
C06304,D03907,2025-01-01,2026-08-01,12,baseline
C06305,D03670,2025-01-01,2026-08-01,18,baseline
C06306,D04209,2025-01-01,2026-08-01,17,baseline
C06307,D02828,2025-01-01,2026-08-01,12,baseline
C06308,D04976,2025-01-01,2026-08-01,20,baseline
C06309,D01681,2025-01-01,2026-08-01,11,baseline
C06310,D03262,2025-01-01,2026-08-01,13,baseline
C06311,D01209,2025-01-01,2026-08-01,5,baseline
C06312,D04650,2025-01-01,2026-08-01,15,baseline
C06313,D01836,2025-01-01,2026-08-01,8,baseline
C06314,D04598,2025-01-01,2026-08-01,18,baseline
C06315,D00505,2025-01-01,2026-08-01,3,baseline
C06316,D01341,2025-01-01,2026-08-01,11,baseline
C06317,D04862,2025-01-01,2026-08-01,17,baseline
C06318,D04819,2025-01-01,2026-08-01,15,baseline
C06319,D04682,2025-01-01,2026-08-01,20,baseline
C06320,D00732,2025-01-01,2026-08-01,10,baseline
C06321,D04234,2025-01-01,2026-08-01,19,baseline
C06322,D04999,2025-01-01,2026-08-01,13,baseline
C06323,D01065,2025-01-01,2026-08-01,15,baseline
C06324,D02762,2025-01-01,2026-08-01,9,baseline
C06325,D02690,2025-01-01,2026-08-01,12,baseline
C06326,D00328,2025-01-01,2026-08-01,18,baseline
C06327,D02146,2025-01-01,2026-08-01,18,baseline
C06328,D00024,2025-01-01,2026-08-01,7,baseline
C06329,D01041,2025-01-01,2026-08-01,18,baseline
C06330,D02664,2025-01-01,2026-08-01,11,baseline
C06331,D02546,2025-01-01,2026-08-01,9,baseline
C06332,D04635,2025-01-01,2026-08-01,5,baseline
C06333,D04902,2025-01-01,2026-08-01,16,baseline
C06334,D04731,2025-01-01,2026-08-01,6,baseline
C06335,D04278,2025-01-01,2026-08-01,19,baseline
C06336,D01022,2025-01-01,2026-08-01,5,baseline
C06337,D00822,2025-01-01,2026-08-01,18,baseline
C06338,D04589,2025-01-01,2026-08-01,18,baseline
C06339,D01793,2025-01-01,2026-08-01,7,baseline
C06340,D01337,2025-01-01,2026-08-01,20,baseline
C06341,D03590,2025-01-01,2026-08-01,18,baseline
C06342,D02841,2025-01-01,2026-08-01,1,baseline
C06343,D02827,2025-01-01,2026-08-01,5,baseline
C06344,D03224,2025-01-01,2026-08-01,7,baseline
C06345,D04333,2025-01-01,2026-08-01,1,baseline
C06346,D00291,2025-01-01,2026-08-01,2,baseline
C06347,D04481,2025-01-01,2026-08-01,4,baseline
C06348,D03707,2025-01-01,2026-08-01,9,baseline
C06349,D01425,2025-01-01,2026-08-01,14,baseline
C06350,D00075,2025-01-01,2026-08-01,20,baseline
C06351,D00436,2025-01-01,2026-08-01,8,baseline
C06352,D01137,2025-01-01,2026-08-01,17,baseline
C06353,D03656,2025-01-01,2026-08-01,5,baseline
C06354,D05000,2025-01-01,2026-08-01,10,baseline
C06355,D03700,2025-01-01,2026-08-01,9,baseline
C06356,D01323,2025-01-01,2026-08-01,6,baseline
C06357,D03169,2025-01-01,2026-08-01,10,baseline
C06358,D04083,2025-01-01,2026-08-01,13,baseline
C06359,D04465,2025-01-01,2026-08-01,13,baseline
C06360,D00717,2025-01-01,2026-08-01,17,baseline
C06361,D01864,2025-01-01,2026-08-01,9,baseline
C06362,D02984,2025-01-01,2026-08-01,11,baseline
C06363,D03863,2025-01-01,2026-08-01,1,baseline
C06364,D00287,2025-01-01,2026-08-01,16,baseline
C06365,D00442,2025-01-01,2026-08-01,12,baseline
C06366,D00038,2025-01-01,2026-08-01,15,baseline
C06367,D01381,2025-01-01,2026-08-01,19,baseline
C06368,D04866,2025-01-01,2026-08-01,16,baseline
C06369,D00072,2025-01-01,2026-08-01,4,baseline
C06370,D04021,2025-01-01,2026-08-01,14,baseline
C06371,D00669,2025-01-01,2026-08-01,11,baseline
C06372,D04210,2025-01-01,2026-08-01,16,baseline
C06373,D00682,2025-01-01,2026-08-01,9,baseline
C06374,D00331,2025-01-01,2026-08-01,8,baseline
C06375,D00896,2025-01-01,2026-08-01,12,baseline
C06376,D01727,2025-01-01,2026-08-01,12,baseline
C06377,D02654,2025-01-01,2026-08-01,7,baseline
C06378,D01213,2025-01-01,2026-08-01,2,baseline
C06379,D00749,2025-01-01,2026-08-01,6,baseline
C06380,D02556,2025-01-01,2026-08-01,20,baseline
C06381,D01976,2025-01-01,2026-08-01,20,baseline
C06382,D04921,2025-01-01,2026-08-01,2,baseline
C06383,D00793,2025-01-01,2026-08-01,3,baseline
C06384,D04199,2025-01-01,2026-08-01,9,baseline
C06385,D00807,2025-01-01,2026-08-01,16,baseline
C06386,D01822,2025-01-01,2026-08-01,9,baseline
C06387,D03221,2025-01-01,2026-08-01,16,baseline
C06388,D04704,2025-01-01,2026-08-01,12,baseline
C06389,D03257,2025-01-01,2026-08-01,18,baseline
C06390,D00353,2025-01-01,2026-08-01,18,baseline
C06391,D03306,2025-01-01,2026-08-01,17,baseline
C06392,D02603,2025-01-01,2026-08-01,9,baseline
C06393,D01945,2025-01-01,2026-08-01,18,baseline
C06394,D04771,2025-01-01,2026-08-01,3,baseline
C06395,D03413,2025-01-01,2026-08-01,20,baseline
C06396,D04490,2025-01-01,2026-08-01,2,baseline
C06397,D04735,2025-01-01,2026-08-01,3,baseline
C06398,D04494,2025-01-01,2026-08-01,3,baseline
C06399,D00030,2025-01-01,2026-08-01,1,baseline
C06400,D03066,2025-01-01,2026-08-01,20,baseline
C06401,D04707,2025-01-01,2026-08-01,15,baseline
C06402,D00071,2025-01-01,2026-08-01,15,baseline
C06403,D02221,2025-01-01,2026-08-01,8,baseline
C06404,D03876,2025-01-01,2026-08-01,17,baseline
C06405,D00709,2025-01-01,2026-08-01,15,baseline
C06406,D04555,2025-01-01,2026-08-01,19,baseline
C06407,D02324,2025-01-01,2026-08-01,12,baseline
C06408,D00080,2025-01-01,2026-08-01,12,baseline
C06409,D02540,2025-01-01,2026-08-01,6,baseline
C06410,D01096,2025-01-01,2026-08-01,9,baseline
C06411,D03454,2025-01-01,2026-08-01,10,baseline
C06412,D04285,2025-01-01,2026-08-01,11,baseline
C06413,D03030,2025-01-01,2026-08-01,5,baseline
C06414,D01355,2025-01-01,2026-08-01,19,baseline
C06415,D02345,2025-01-01,2026-08-01,5,baseline
C06416,D04635,2025-01-01,2026-08-01,1,baseline
C06417,D01256,2025-01-01,2026-08-01,12,baseline
C06418,D02391,2025-01-01,2026-08-01,8,baseline
C06419,D04914,2025-01-01,2026-08-01,19,baseline
C06420,D01538,2025-01-01,2026-08-01,16,baseline
C06421,D00308,2025-01-01,2026-08-01,16,baseline
C06422,D01104,2025-01-01,2026-08-01,5,baseline
C06423,D02053,2025-01-01,2026-08-01,4,baseline
C06424,D03268,2025-01-01,2026-08-01,8,baseline
C06425,D01502,2025-01-01,2026-08-01,15,baseline
C06426,D04538,2025-01-01,2026-08-01,10,baseline
C06427,D01795,2025-01-01,2026-08-01,1,baseline
C06428,D00068,2025-01-01,2026-08-01,14,baseline
C06429,D04543,2025-01-01,2026-08-01,16,baseline
C06430,D04337,2025-01-01,2026-08-01,11,baseline
C06431,D02855,2025-01-01,2026-08-01,16,baseline
C06432,D02234,2025-01-01,2026-08-01,20,baseline
C06433,D03045,2025-01-01,2026-08-01,19,baseline
C06434,D03848,2025-01-01,2026-08-01,14,baseline
C06435,D00161,2025-01-01,2026-08-01,2,baseline
C06436,D04695,2025-01-01,2026-08-01,14,baseline
C06437,D03575,2025-01-01,2026-08-01,20,baseline
C06438,D00932,2025-01-01,2026-08-01,14,baseline
C06439,D02261,2025-01-01,2026-08-01,5,baseline
C06440,D03709,2025-01-01,2026-08-01,1,baseline
C06441,D02382,2025-01-01,2026-08-01,3,baseline
C06442,D02995,2025-01-01,2026-08-01,3,baseline
C06443,D02850,2025-01-01,2026-08-01,4,baseline
C06444,D03995,2025-01-01,2026-08-01,11,baseline
C06445,D04220,2025-01-01,2026-08-01,13,baseline
C06446,D01251,2025-01-01,2026-08-01,8,baseline
C06447,D04101,2025-01-01,2026-08-01,15,baseline
C06448,D03135,2025-01-01,2026-08-01,6,baseline
C06449,D00410,2025-01-01,2026-08-01,19,baseline
C06450,D00688,2025-01-01,2026-08-01,20,baseline
C06451,D01970,2025-01-01,2026-08-01,6,baseline
C06452,D03179,2025-01-01,2026-08-01,6,baseline
C06453,D01544,2025-01-01,2026-08-01,15,baseline
C06454,D03558,2025-01-01,2026-08-01,7,baseline
C06455,D03706,2025-01-01,2026-08-01,2,baseline
C06456,D01727,2025-01-01,2026-08-01,4,baseline
C06457,D04566,2025-01-01,2026-08-01,18,baseline
C06458,D03654,2025-01-01,2026-08-01,17,baseline
C06459,D02007,2025-01-01,2026-08-01,8,baseline
C06460,D01892,2025-01-01,2026-08-01,4,baseline
C06461,D02506,2025-01-01,2026-08-01,19,baseline
C06462,D04375,2025-01-01,2026-08-01,13,baseline
C06463,D04704,2025-01-01,2026-08-01,3,baseline
C06464,D00301,2025-01-01,2026-08-01,11,baseline
C06465,D00124,2025-01-01,2026-08-01,7,baseline
C06466,D03957,2025-01-01,2026-08-01,4,baseline
C06467,D03425,2025-01-01,2026-08-01,2,baseline
C06468,D00298,2025-01-01,2026-08-01,20,baseline
C06469,D04212,2025-01-01,2026-08-01,16,baseline
C06470,D02189,2025-01-01,2026-08-01,10,baseline
C06471,D00719,2025-01-01,2026-08-01,3,baseline
C06472,D04692,2025-01-01,2026-08-01,16,baseline
C06473,D00092,2025-01-01,2026-08-01,7,baseline
C06474,D00511,2025-01-01,2026-08-01,12,baseline
C06475,D04725,2025-01-01,2026-08-01,13,baseline
C06476,D00687,2025-01-01,2026-08-01,10,baseline
C06477,D04783,2025-01-01,2026-08-01,4,baseline
C06478,D03641,2025-01-01,2026-08-01,13,baseline
C06479,D01943,2025-01-01,2026-08-01,5,baseline
C06480,D01695,2025-01-01,2026-08-01,4,baseline
C06481,D01522,2025-01-01,2026-08-01,9,baseline
C06482,D04410,2025-01-01,2026-08-01,5,baseline
C06483,D02112,2025-01-01,2026-08-01,9,baseline
C06484,D04703,2025-01-01,2026-08-01,11,baseline
C06485,D03070,2025-01-01,2026-08-01,8,baseline
C06486,D02435,2025-01-01,2026-08-01,4,baseline
C06487,D01447,2025-01-01,2026-08-01,10,baseline
C06488,D04925,2025-01-01,2026-08-01,16,baseline
C06489,D01505,2025-01-01,2026-08-01,13,baseline
C06490,D03253,2025-01-01,2026-08-01,14,baseline
C06491,D02207,2025-01-01,2026-08-01,7,baseline
C06492,D00815,2025-01-01,2026-08-01,8,baseline
C06493,D03360,2025-01-01,2026-08-01,8,baseline
C06494,D03929,2025-01-01,2026-08-01,10,baseline
C06495,D00674,2025-01-01,2026-08-01,20,baseline
C06496,D01414,2025-01-01,2026-08-01,6,baseline
C06497,D02934,2025-01-01,2026-08-01,5,baseline
C06498,D00304,2025-01-01,2026-08-01,10,baseline
C06499,D01914,2025-01-01,2026-08-01,1,baseline
C06500,D03179,2025-01-01,2026-08-01,6,baseline
C06501,D00490,2025-01-01,2026-08-01,11,baseline
C06502,D02208,2025-01-01,2026-08-01,15,baseline
C06503,D01143,2025-01-01,2026-08-01,16,baseline
C06504,D01607,2025-01-01,2026-08-01,10,baseline
C06505,D03795,2025-01-01,2026-08-01,7,baseline
C06506,D03473,2025-01-01,2026-08-01,11,baseline
C06507,D03545,2025-01-01,2026-08-01,16,baseline
C06508,D04904,2025-01-01,2026-08-01,18,baseline
C06509,D01987,2025-01-01,2026-08-01,11,baseline
C06510,D04921,2025-01-01,2026-08-01,4,baseline
C06511,D03623,2025-01-01,2026-08-01,8,baseline
C06512,D03531,2025-01-01,2026-08-01,13,baseline
C06513,D03511,2025-01-01,2026-08-01,6,baseline
C06514,D04889,2025-01-01,2026-08-01,7,baseline
C06515,D04027,2025-01-01,2026-08-01,6,baseline
C06516,D02611,2025-01-01,2026-08-01,15,baseline
C06517,D02167,2025-01-01,2026-08-01,4,baseline
C06518,D01721,2025-01-01,2026-08-01,20,baseline
C06519,D03245,2025-01-01,2026-08-01,2,baseline
C06520,D03357,2025-01-01,2026-08-01,2,baseline
C06521,D04183,2025-01-01,2026-08-01,20,baseline
C06522,D02081,2025-01-01,2026-08-01,1,baseline
C06523,D04583,2025-01-01,2026-08-01,12,baseline
C06524,D02408,2025-01-01,2026-08-01,19,baseline
C06525,D04475,2025-01-01,2026-08-01,15,baseline
C06526,D03224,2025-01-01,2026-08-01,18,baseline
C06527,D02430,2025-01-01,2026-08-01,11,baseline
C06528,D00712,2025-01-01,2026-08-01,17,baseline
C06529,D00528,2025-01-01,2026-08-01,8,baseline
C06530,D01620,2025-01-01,2026-08-01,3,baseline
C06531,D03860,2025-01-01,2026-08-01,12,baseline
C06532,D00249,2025-01-01,2026-08-01,7,baseline
C06533,D00007,2025-01-01,2026-08-01,20,baseline
C06534,D04337,2025-01-01,2026-08-01,18,baseline
C06535,D01498,2025-01-01,2026-08-01,20,baseline
C06536,D03099,2025-01-01,2026-08-01,7,baseline
C06537,D03873,2025-01-01,2026-08-01,8,baseline
C06538,D03976,2025-01-01,2026-08-01,17,baseline
C06539,D04257,2025-01-01,2026-08-01,18,baseline
C06540,D00792,2025-01-01,2026-08-01,19,baseline
C06541,D01339,2025-01-01,2026-08-01,6,baseline
C06542,D00780,2025-01-01,2026-08-01,9,baseline
C06543,D00844,2025-01-01,2026-08-01,4,baseline
C06544,D02708,2025-01-01,2026-08-01,8,baseline
C06545,D00085,2025-01-01,2026-08-01,9,baseline
C06546,D02219,2025-01-01,2026-08-01,10,baseline
C06547,D03752,2025-01-01,2026-08-01,5,baseline
C06548,D00598,2025-01-01,2026-08-01,4,baseline
C06549,D02617,2025-01-01,2026-08-01,19,baseline
C06550,D03256,2025-01-01,2026-08-01,15,baseline
C06551,D02892,2025-01-01,2026-08-01,14,baseline
C06552,D01015,2025-01-01,2026-08-01,7,baseline
C06553,D02878,2025-01-01,2026-08-01,8,baseline
C06554,D00578,2025-01-01,2026-08-01,19,baseline
C06555,D03297,2025-01-01,2026-08-01,7,baseline
C06556,D04746,2025-01-01,2026-08-01,11,baseline
C06557,D03991,2025-01-01,2026-08-01,12,baseline
C06558,D03885,2025-01-01,2026-08-01,17,baseline
C06559,D03962,2025-01-01,2026-08-01,16,baseline
C06560,D00834,2025-01-01,2026-08-01,6,baseline
C06561,D03435,2025-01-01,2026-08-01,12,baseline
C06562,D02103,2025-01-01,2026-08-01,20,baseline
C06563,D02549,2025-01-01,2026-08-01,4,baseline
C06564,D00495,2025-01-01,2026-08-01,19,baseline
C06565,D04949,2025-01-01,2026-08-01,2,baseline
C06566,D02229,2025-01-01,2026-08-01,3,baseline
C06567,D00556,2025-01-01,2026-08-01,8,baseline
C06568,D03334,2025-01-01,2026-08-01,5,baseline
C06569,D03356,2025-01-01,2026-08-01,13,baseline
C06570,D00714,2025-01-01,2026-08-01,1,baseline
C06571,D00323,2025-01-01,2026-08-01,3,baseline
C06572,D03695,2025-01-01,2026-08-01,9,baseline
C06573,D00929,2025-01-01,2026-08-01,17,baseline
C06574,D04796,2025-01-01,2026-08-01,8,baseline
C06575,D03660,2025-01-01,2026-08-01,15,baseline
C06576,D00578,2025-01-01,2026-08-01,2,baseline
C06577,D00648,2025-01-01,2026-08-01,1,baseline
C06578,D00420,2025-01-01,2026-08-01,1,baseline
C06579,D00050,2025-01-01,2026-08-01,17,baseline
C06580,D04787,2025-01-01,2026-08-01,16,baseline
C06581,D03954,2025-01-01,2026-08-01,2,baseline
C06582,D00943,2025-01-01,2026-08-01,6,baseline
C06583,D02684,2025-01-01,2026-08-01,12,baseline
C06584,D00952,2025-01-01,2026-08-01,19,baseline
C06585,D00526,2025-01-01,2026-08-01,8,baseline
C06586,D01329,2025-01-01,2026-08-01,5,baseline
C06587,D03544,2025-01-01,2026-08-01,11,baseline
C06588,D04932,2025-01-01,2026-08-01,18,baseline
C06589,D00993,2025-01-01,2026-08-01,16,baseline
C06590,D02908,2025-01-01,2026-08-01,14,baseline
C06591,D02418,2025-01-01,2026-08-01,20,baseline
C06592,D02302,2025-01-01,2026-08-01,11,baseline
C06593,D04480,2025-01-01,2026-08-01,18,baseline
C06594,D04030,2025-01-01,2026-08-01,4,baseline
C06595,D01721,2025-01-01,2026-08-01,12,baseline
C06596,D01437,2025-01-01,2026-08-01,1,baseline
C06597,D02283,2025-01-01,2026-08-01,12,baseline
C06598,D02588,2025-01-01,2026-08-01,17,baseline
C06599,D04483,2025-01-01,2026-08-01,10,baseline
C06600,D03211,2025-01-01,2026-08-01,11,baseline
C06601,D04152,2025-01-01,2026-08-01,12,baseline
C06602,D03184,2025-01-01,2026-08-01,20,baseline
C06603,D02104,2025-01-01,2026-08-01,9,baseline
C06604,D00241,2025-01-01,2026-08-01,5,baseline
C06605,D04199,2025-01-01,2026-08-01,20,baseline
C06606,D00640,2025-01-01,2026-08-01,15,baseline
C06607,D02724,2025-01-01,2026-08-01,14,baseline
C06608,D04246,2025-01-01,2026-08-01,11,baseline
C06609,D01349,2025-01-01,2026-08-01,1,baseline
C06610,D02147,2025-01-01,2026-08-01,2,baseline
C06611,D04162,2025-01-01,2026-08-01,7,baseline
C06612,D02868,2025-01-01,2026-08-01,15,baseline
C06613,D04410,2025-01-01,2026-08-01,5,baseline
C06614,D02508,2025-01-01,2026-08-01,3,baseline
C06615,D01385,2025-01-01,2026-08-01,3,baseline
C06616,D03508,2025-01-01,2026-08-01,2,baseline
C06617,D03895,2025-01-01,2026-08-01,18,baseline
C06618,D04594,2025-01-01,2026-08-01,10,baseline
C06619,D04940,2025-01-01,2026-08-01,8,baseline
C06620,D03612,2025-01-01,2026-08-01,18,baseline
C06621,D03624,2025-01-01,2026-08-01,14,baseline
C06622,D00020,2025-01-01,2026-08-01,11,baseline
C06623,D04096,2025-01-01,2026-08-01,13,baseline
C06624,D02165,2025-01-01,2026-08-01,9,baseline
C06625,D01752,2025-01-01,2026-08-01,3,baseline
C06626,D04098,2025-01-01,2026-08-01,14,baseline
C06627,D04263,2025-01-01,2026-08-01,5,baseline
C06628,D03499,2025-01-01,2026-08-01,6,baseline
C06629,D04604,2025-01-01,2026-08-01,9,baseline
C06630,D01661,2025-01-01,2026-08-01,16,baseline
C06631,D00326,2025-01-01,2026-08-01,11,baseline
C06632,D03891,2025-01-01,2026-08-01,3,baseline
C06633,D02967,2025-01-01,2026-08-01,16,baseline
C06634,D01282,2025-01-01,2026-08-01,5,baseline
C06635,D01582,2025-01-01,2026-08-01,14,baseline
C06636,D01618,2025-01-01,2026-08-01,17,baseline
C06637,D02528,2025-01-01,2026-08-01,6,baseline
C06638,D00440,2025-01-01,2026-08-01,5,baseline
C06639,D03956,2025-01-01,2026-08-01,8,baseline
C06640,D00044,2025-01-01,2026-08-01,7,baseline
C06641,D01473,2025-01-01,2026-08-01,16,baseline
C06642,D03194,2025-01-01,2026-08-01,5,baseline
C06643,D02831,2025-01-01,2026-08-01,5,baseline
C06644,D02412,2025-01-01,2026-08-01,5,baseline
C06645,D01817,2025-01-01,2026-08-01,5,baseline
C06646,D03761,2025-01-01,2026-08-01,9,baseline
C06647,D01251,2025-01-01,2026-08-01,2,baseline
C06648,D01092,2025-01-01,2026-08-01,14,baseline
C06649,D03967,2025-01-01,2026-08-01,12,baseline
C06650,D04213,2025-01-01,2026-08-01,4,baseline
C06651,D01787,2025-01-01,2026-08-01,3,baseline
C06652,D03580,2025-01-01,2026-08-01,1,baseline
C06653,D01046,2025-01-01,2026-08-01,10,baseline
C06654,D01553,2025-01-01,2026-08-01,14,baseline
C06655,D01609,2025-01-01,2026-08-01,14,baseline
C06656,D04424,2025-01-01,2026-08-01,5,baseline
C06657,D04239,2025-01-01,2026-08-01,4,baseline
C06658,D03639,2025-01-01,2026-08-01,12,baseline
C06659,D02270,2025-01-01,2026-08-01,19,baseline
C06660,D03896,2025-01-01,2026-08-01,12,baseline
C06661,D01308,2025-01-01,2026-08-01,17,baseline
C06662,D00368,2025-01-01,2026-08-01,19,baseline
C06663,D00889,2025-01-01,2026-08-01,20,baseline
C06664,D01849,2025-01-01,2026-08-01,17,baseline
C06665,D03292,2025-01-01,2026-08-01,8,baseline
C06666,D03047,2025-01-01,2026-08-01,6,baseline
C06667,D00767,2025-01-01,2026-08-01,8,baseline
C06668,D02719,2025-01-01,2026-08-01,17,baseline
C06669,D01442,2025-01-01,2026-08-01,13,baseline
C06670,D02839,2025-01-01,2026-08-01,1,baseline
C06671,D04408,2025-01-01,2026-08-01,11,baseline
C06672,D02303,2025-01-01,2026-08-01,9,baseline
C06673,D03122,2025-01-01,2026-08-01,2,baseline
C06674,D00391,2025-01-01,2026-08-01,3,baseline
C06675,D01684,2025-01-01,2026-08-01,5,baseline
C06676,D00010,2025-01-01,2026-08-01,2,baseline
C06677,D01350,2025-01-01,2026-08-01,4,baseline
C06678,D04393,2025-01-01,2026-08-01,19,baseline
C06679,D04866,2025-01-01,2026-08-01,13,baseline
C06680,D04017,2025-01-01,2026-08-01,7,baseline
C06681,D00925,2025-01-01,2026-08-01,6,baseline
C06682,D03435,2025-01-01,2026-08-01,13,baseline
C06683,D02167,2025-01-01,2026-08-01,5,baseline
C06684,D03148,2025-01-01,2026-08-01,5,baseline
C06685,D02164,2025-01-01,2026-08-01,2,baseline
C06686,D02200,2025-01-01,2026-08-01,19,baseline
C06687,D04244,2025-01-01,2026-08-01,18,baseline
C06688,D02044,2025-01-01,2026-08-01,10,baseline
C06689,D00867,2025-01-01,2026-08-01,16,baseline
C06690,D00973,2025-01-01,2026-08-01,11,baseline
C06691,D01240,2025-01-01,2026-08-01,7,baseline
C06692,D01504,2025-01-01,2026-08-01,18,baseline
C06693,D00739,2025-01-01,2026-08-01,12,baseline
C06694,D03766,2025-01-01,2026-08-01,16,baseline
C06695,D02923,2025-01-01,2026-08-01,12,baseline
C06696,D01486,2025-01-01,2026-08-01,12,baseline
C06697,D01269,2025-01-01,2026-08-01,9,baseline
C06698,D02600,2025-01-01,2026-08-01,9,baseline
C06699,D02927,2025-01-01,2026-08-01,19,baseline
C06700,D03866,2025-01-01,2026-08-01,13,baseline
C06701,D02460,2025-01-01,2026-08-01,19,baseline
C06702,D04869,2025-01-01,2026-08-01,18,baseline
C06703,D00866,2025-01-01,2026-08-01,17,baseline
C06704,D02687,2025-01-01,2026-08-01,6,baseline
C06705,D04598,2025-01-01,2026-08-01,6,baseline
C06706,D01011,2025-01-01,2026-08-01,15,baseline
C06707,D01333,2025-01-01,2026-08-01,14,baseline
C06708,D02201,2025-01-01,2026-08-01,11,baseline
C06709,D02929,2025-01-01,2026-08-01,5,baseline
C06710,D02416,2025-01-01,2026-08-01,8,baseline
C06711,D03543,2025-01-01,2026-08-01,15,baseline
C06712,D00428,2025-01-01,2026-08-01,18,baseline
C06713,D04544,2025-01-01,2026-08-01,17,baseline
C06714,D02451,2025-01-01,2026-08-01,14,baseline
C06715,D00167,2025-01-01,2026-08-01,17,baseline
C06716,D01401,2025-01-01,2026-08-01,6,baseline
C06717,D02626,2025-01-01,2026-08-01,20,baseline
C06718,D04911,2025-01-01,2026-08-01,10,baseline
C06719,D03406,2025-01-01,2026-08-01,14,baseline
C06720,D01113,2025-01-01,2026-08-01,11,baseline
C06721,D03009,2025-01-01,2026-08-01,11,baseline
C06722,D01247,2025-01-01,2026-08-01,19,baseline
C06723,D02762,2025-01-01,2026-08-01,12,baseline
C06724,D01871,2025-01-01,2026-08-01,7,baseline
C06725,D02086,2025-01-01,2026-08-01,4,baseline
C06726,D03567,2025-01-01,2026-08-01,6,baseline
C06727,D04981,2025-01-01,2026-08-01,17,baseline
C06728,D00980,2025-01-01,2026-08-01,11,baseline
C06729,D01550,2025-01-01,2026-08-01,18,baseline
C06730,D02361,2025-01-01,2026-08-01,14,baseline
C06731,D03698,2025-01-01,2026-08-01,12,baseline
C06732,D04279,2025-01-01,2026-08-01,10,baseline
C06733,D01792,2025-01-01,2026-08-01,13,baseline
C06734,D04665,2025-01-01,2026-08-01,6,baseline
C06735,D03526,2025-01-01,2026-08-01,14,baseline
C06736,D01005,2025-01-01,2026-08-01,7,baseline
C06737,D03921,2025-01-01,2026-08-01,13,baseline
C06738,D02699,2025-01-01,2026-08-01,17,baseline
C06739,D02998,2025-01-01,2026-08-01,1,baseline
C06740,D04136,2025-01-01,2026-08-01,16,baseline
C06741,D04559,2025-01-01,2026-08-01,15,baseline
C06742,D04286,2025-01-01,2026-08-01,10,baseline
C06743,D00997,2025-01-01,2026-08-01,1,baseline
C06744,D03839,2025-01-01,2026-08-01,13,baseline
C06745,D02875,2025-01-01,2026-08-01,9,baseline
C06746,D02934,2025-01-01,2026-08-01,14,baseline
C06747,D01347,2025-01-01,2026-08-01,2,baseline
C06748,D04289,2025-01-01,2026-08-01,15,baseline
C06749,D01253,2025-01-01,2026-08-01,18,baseline
C06750,D03258,2025-01-01,2026-08-01,11,baseline
C06751,D00511,2025-01-01,2026-08-01,20,baseline
C06752,D02869,2025-01-01,2026-08-01,8,baseline
C06753,D00125,2025-01-01,2026-08-01,12,baseline
C06754,D02205,2025-01-01,2026-08-01,14,baseline
C06755,D00233,2025-01-01,2026-08-01,7,baseline
C06756,D02398,2025-01-01,2026-08-01,1,baseline
C06757,D00212,2025-01-01,2026-08-01,16,baseline
C06758,D01852,2025-01-01,2026-08-01,2,baseline
C06759,D04101,2025-01-01,2026-08-01,11,baseline
C06760,D01519,2025-01-01,2026-08-01,8,baseline
C06761,D04242,2025-01-01,2026-08-01,20,baseline
C06762,D01762,2025-01-01,2026-08-01,16,baseline
C06763,D01939,2025-01-01,2026-08-01,17,baseline
C06764,D02691,2025-01-01,2026-08-01,14,baseline
C06765,D04225,2025-01-01,2026-08-01,20,baseline
C06766,D01541,2025-01-01,2026-08-01,13,baseline
C06767,D02394,2025-01-01,2026-08-01,16,baseline
C06768,D02053,2025-01-01,2026-08-01,14,baseline
C06769,D00671,2025-01-01,2026-08-01,3,baseline
C06770,D04584,2025-01-01,2026-08-01,9,baseline
C06771,D04776,2025-01-01,2026-08-01,2,baseline
C06772,D03462,2025-01-01,2026-08-01,8,baseline
C06773,D04245,2025-01-01,2026-08-01,16,baseline
C06774,D00854,2025-01-01,2026-08-01,9,baseline
C06775,D00165,2025-01-01,2026-08-01,2,baseline
C06776,D02582,2025-01-01,2026-08-01,7,baseline
C06777,D00104,2025-01-01,2026-08-01,20,baseline
C06778,D04223,2025-01-01,2026-08-01,10,baseline
C06779,D01976,2025-01-01,2026-08-01,9,baseline
C06780,D04730,2025-01-01,2026-08-01,3,baseline
C06781,D02988,2025-01-01,2026-08-01,9,baseline
C06782,D00947,2025-01-01,2026-08-01,15,baseline
C06783,D02401,2025-01-01,2026-08-01,20,baseline
C06784,D00164,2025-01-01,2026-08-01,7,baseline
C06785,D02239,2025-01-01,2026-08-01,9,baseline
C06786,D02572,2025-01-01,2026-08-01,8,baseline
C06787,D02596,2025-01-01,2026-08-01,17,baseline
C06788,D01560,2025-01-01,2026-08-01,11,baseline
C06789,D00907,2025-01-01,2026-08-01,6,baseline
C06790,D02260,2025-01-01,2026-08-01,1,baseline
C06791,D04593,2025-01-01,2026-08-01,20,baseline
C06792,D04554,2025-01-01,2026-08-01,15,baseline
C06793,D02637,2025-01-01,2026-08-01,20,baseline
C06794,D03263,2025-01-01,2026-08-01,18,baseline
C06795,D03217,2025-01-01,2026-08-01,13,baseline
C06796,D02260,2025-01-01,2026-08-01,7,baseline
C06797,D03470,2025-01-01,2026-08-01,15,baseline
C06798,D04231,2025-01-01,2026-08-01,16,baseline
C06799,D00330,2025-01-01,2026-08-01,5,baseline
C06800,D04475,2025-01-01,2026-08-01,15,baseline
C06801,D03190,2025-01-01,2026-08-01,6,baseline
C06802,D04504,2025-01-01,2026-08-01,10,baseline
C06803,D00581,2025-01-01,2026-08-01,15,baseline
C06804,D02107,2025-01-01,2026-08-01,11,baseline
C06805,D04323,2025-01-01,2026-08-01,10,baseline
C06806,D04819,2025-01-01,2026-08-01,4,baseline
C06807,D03436,2025-01-01,2026-08-01,13,baseline
C06808,D03962,2025-01-01,2026-08-01,8,baseline
C06809,D04038,2025-01-01,2026-08-01,10,baseline
C06810,D01521,2025-01-01,2026-08-01,3,baseline
C06811,D04933,2025-01-01,2026-08-01,3,baseline
C06812,D01612,2025-01-01,2026-08-01,4,baseline
C06813,D00009,2025-01-01,2026-08-01,19,baseline
C06814,D00378,2025-01-01,2026-08-01,16,baseline
C06815,D00368,2025-01-01,2026-08-01,5,baseline
C06816,D01280,2025-01-01,2026-08-01,7,baseline
C06817,D04975,2025-01-01,2026-08-01,6,baseline
C06818,D00333,2025-01-01,2026-08-01,20,baseline
C06819,D00678,2025-01-01,2026-08-01,18,baseline
C06820,D00147,2025-01-01,2026-08-01,8,baseline
C06821,D03395,2025-01-01,2026-08-01,6,baseline
C06822,D04764,2025-01-01,2026-08-01,18,baseline
C06823,D04599,2025-01-01,2026-08-01,20,baseline
C06824,D04951,2025-01-01,2026-08-01,8,baseline
C06825,D04460,2025-01-01,2026-08-01,9,baseline
C06826,D00451,2025-01-01,2026-08-01,15,baseline
C06827,D01137,2025-01-01,2026-08-01,14,baseline
C06828,D01705,2025-01-01,2026-08-01,3,baseline
C06829,D01397,2025-01-01,2026-08-01,9,baseline
C06830,D04829,2025-01-01,2026-08-01,4,baseline
C06831,D00424,2025-01-01,2026-08-01,6,baseline
C06832,D02827,2025-01-01,2026-08-01,19,baseline
C06833,D03410,2025-01-01,2026-08-01,8,baseline
C06834,D02131,2025-01-01,2026-08-01,11,baseline
C06835,D02446,2025-01-01,2026-08-01,6,baseline
C06836,D00156,2025-01-01,2026-08-01,12,baseline
C06837,D04438,2025-01-01,2026-08-01,20,baseline
C06838,D00581,2025-01-01,2026-08-01,20,baseline
C06839,D01916,2025-01-01,2026-08-01,4,baseline
C06840,D01864,2025-01-01,2026-08-01,2,baseline
C06841,D01222,2025-01-01,2026-08-01,15,baseline
C06842,D01659,2025-01-01,2026-08-01,9,baseline
C06843,D00573,2025-01-01,2026-08-01,18,baseline
C06844,D02509,2025-01-01,2026-08-01,2,baseline
C06845,D01723,2025-01-01,2026-08-01,17,baseline
C06846,D04069,2025-01-01,2026-08-01,12,baseline
C06847,D02239,2025-01-01,2026-08-01,2,baseline
C06848,D02966,2025-01-01,2026-08-01,11,baseline
C06849,D03075,2025-01-01,2026-08-01,10,baseline
C06850,D02592,2025-01-01,2026-08-01,5,baseline
C06851,D02338,2025-01-01,2026-08-01,13,baseline
C06852,D00199,2025-01-01,2026-08-01,16,baseline
C06853,D01695,2025-01-01,2026-08-01,3,baseline
C06854,D02234,2025-01-01,2026-08-01,4,baseline
C06855,D03565,2025-01-01,2026-08-01,5,baseline
C06856,D04218,2025-01-01,2026-08-01,10,baseline
C06857,D04408,2025-01-01,2026-08-01,8,baseline
C06858,D04005,2025-01-01,2026-08-01,11,baseline
C06859,D00540,2025-01-01,2026-08-01,10,baseline
C06860,D00037,2025-01-01,2026-08-01,17,baseline
C06861,D00416,2025-01-01,2026-08-01,6,baseline
C06862,D01061,2025-01-01,2026-08-01,8,baseline
C06863,D01704,2025-01-01,2026-08-01,5,baseline
C06864,D00679,2025-01-01,2026-08-01,19,baseline
C06865,D00167,2025-01-01,2026-08-01,1,baseline
C06866,D00350,2025-01-01,2026-08-01,15,baseline
C06867,D03178,2025-01-01,2026-08-01,10,baseline
C06868,D01698,2025-01-01,2026-08-01,20,baseline
C06869,D04333,2025-01-01,2026-08-01,2,baseline
C06870,D04458,2025-01-01,2026-08-01,4,baseline
C06871,D02165,2025-01-01,2026-08-01,10,baseline
C06872,D00742,2025-01-01,2026-08-01,15,baseline
C06873,D03824,2025-01-01,2026-08-01,6,baseline
C06874,D00194,2025-01-01,2026-08-01,18,baseline
C06875,D02417,2025-01-01,2026-08-01,13,baseline
C06876,D03579,2025-01-01,2026-08-01,6,baseline
C06877,D00596,2025-01-01,2026-08-01,19,baseline
C06878,D03779,2025-01-01,2026-08-01,17,baseline
C06879,D01549,2025-01-01,2026-08-01,12,baseline
C06880,D02249,2025-01-01,2026-08-01,7,baseline
C06881,D00762,2025-01-01,2026-08-01,16,baseline
C06882,D02814,2025-01-01,2026-08-01,2,baseline
C06883,D03523,2025-01-01,2026-08-01,1,baseline
C06884,D04915,2025-01-01,2026-08-01,3,baseline
C06885,D01765,2025-01-01,2026-08-01,1,baseline
C06886,D00992,2025-01-01,2026-08-01,5,baseline
C06887,D00530,2025-01-01,2026-08-01,20,baseline
C06888,D00638,2025-01-01,2026-08-01,2,baseline
C06889,D04221,2025-01-01,2026-08-01,9,baseline
C06890,D03336,2025-01-01,2026-08-01,11,baseline
C06891,D02491,2025-01-01,2026-08-01,17,baseline
C06892,D01082,2025-01-01,2026-08-01,14,baseline
C06893,D01103,2025-01-01,2026-08-01,7,baseline
C06894,D01751,2025-01-01,2026-08-01,2,baseline
C06895,D00351,2025-01-01,2026-08-01,13,baseline
C06896,D01044,2025-01-01,2026-08-01,12,baseline
C06897,D04619,2025-01-01,2026-08-01,12,baseline
C06898,D04855,2025-01-01,2026-08-01,3,baseline
C06899,D01605,2025-01-01,2026-08-01,12,baseline
C06900,D02340,2025-01-01,2026-08-01,4,baseline
C06901,D02322,2025-01-01,2026-08-01,10,baseline
C06902,D04708,2025-01-01,2026-08-01,11,baseline
C06903,D00582,2025-01-01,2026-08-01,18,baseline
C06904,D00051,2025-01-01,2026-08-01,4,baseline
C06905,D00162,2025-01-01,2026-08-01,17,baseline
C06906,D04216,2025-01-01,2026-08-01,19,baseline
C06907,D00803,2025-01-01,2026-08-01,3,baseline
C06908,D01600,2025-01-01,2026-08-01,9,baseline
C06909,D00128,2025-01-01,2026-08-01,4,baseline
C06910,D02988,2025-01-01,2026-08-01,9,baseline
C06911,D04293,2025-01-01,2026-08-01,8,baseline
C06912,D02233,2025-01-01,2026-08-01,5,baseline
C06913,D03425,2025-01-01,2026-08-01,7,baseline
C06914,D03886,2025-01-01,2026-08-01,14,baseline
C06915,D04654,2025-01-01,2026-08-01,16,baseline
C06916,D00087,2025-01-01,2026-08-01,4,baseline
C06917,D00576,2025-01-01,2026-08-01,4,baseline
C06918,D00372,2025-01-01,2026-08-01,20,baseline
C06919,D04873,2025-01-01,2026-08-01,17,baseline
C06920,D00058,2025-01-01,2026-08-01,11,baseline
C06921,D03874,2025-01-01,2026-08-01,20,baseline
C06922,D02751,2025-01-01,2026-08-01,17,baseline
C06923,D02126,2025-01-01,2026-08-01,20,baseline
C06924,D04081,2025-01-01,2026-08-01,20,baseline
C06925,D00970,2025-01-01,2026-08-01,18,baseline
C06926,D00429,2025-01-01,2026-08-01,9,baseline
C06927,D00813,2025-01-01,2026-08-01,3,baseline
C06928,D01720,2025-01-01,2026-08-01,7,baseline
C06929,D00482,2025-01-01,2026-08-01,4,baseline
C06930,D03266,2025-01-01,2026-08-01,8,baseline
C06931,D00789,2025-01-01,2026-08-01,8,baseline
C06932,D01710,2025-01-01,2026-08-01,8,baseline
C06933,D01589,2025-01-01,2026-08-01,13,baseline
C06934,D04058,2025-01-01,2026-08-01,19,baseline
C06935,D02399,2025-01-01,2026-08-01,9,baseline
C06936,D04760,2025-01-01,2026-08-01,20,baseline
C06937,D01662,2025-01-01,2026-08-01,12,baseline
C06938,D04010,2025-01-01,2026-08-01,10,baseline
C06939,D04314,2025-01-01,2026-08-01,11,baseline
C06940,D00990,2025-01-01,2026-08-01,5,baseline
C06941,D00517,2025-01-01,2026-08-01,16,baseline
C06942,D00878,2025-01-01,2026-08-01,14,baseline
C06943,D04598,2025-01-01,2026-08-01,20,baseline
C06944,D00197,2025-01-01,2026-08-01,10,baseline
C06945,D02492,2025-01-01,2026-08-01,1,baseline
C06946,D00944,2025-01-01,2026-08-01,9,baseline
C06947,D00644,2025-01-01,2026-08-01,7,baseline
C06948,D03997,2025-01-01,2026-08-01,2,baseline
C06949,D02197,2025-01-01,2026-08-01,15,baseline
C06950,D03243,2025-01-01,2026-08-01,5,baseline
C06951,D03175,2025-01-01,2026-08-01,8,baseline
C06952,D02771,2025-01-01,2026-08-01,15,baseline
C06953,D03451,2025-01-01,2026-08-01,3,baseline
C06954,D03786,2025-01-01,2026-08-01,10,baseline
C06955,D02867,2025-01-01,2026-08-01,11,baseline
C06956,D01840,2025-01-01,2026-08-01,13,baseline
C06957,D04906,2025-01-01,2026-08-01,8,baseline
C06958,D00829,2025-01-01,2026-08-01,13,baseline
C06959,D03045,2025-01-01,2026-08-01,5,baseline
C06960,D03522,2025-01-01,2026-08-01,15,baseline
C06961,D02530,2025-01-01,2026-08-01,8,baseline
C06962,D04018,2025-01-01,2026-08-01,2,baseline
C06963,D02536,2025-01-01,2026-08-01,20,baseline
C06964,D03686,2025-01-01,2026-08-01,19,baseline
C06965,D00413,2025-01-01,2026-08-01,6,baseline
C06966,D04091,2025-01-01,2026-08-01,10,baseline
C06967,D04156,2025-01-01,2026-08-01,20,baseline
C06968,D03198,2025-01-01,2026-08-01,13,baseline
C06969,D00268,2025-01-01,2026-08-01,9,baseline
C06970,D01966,2025-01-01,2026-08-01,14,baseline
C06971,D01701,2025-01-01,2026-08-01,2,baseline
C06972,D02236,2025-01-01,2026-08-01,20,baseline
C06973,D04984,2025-01-01,2026-08-01,14,baseline
C06974,D03742,2025-01-01,2026-08-01,4,baseline
C06975,D03614,2025-01-01,2026-08-01,13,baseline
C06976,D03341,2025-01-01,2026-08-01,16,baseline
C06977,D00145,2025-01-01,2026-08-01,3,baseline
C06978,D04504,2025-01-01,2026-08-01,1,baseline
C06979,D01175,2025-01-01,2026-08-01,10,baseline
C06980,D00567,2025-01-01,2026-08-01,18,baseline
C06981,D00299,2025-01-01,2026-08-01,1,baseline
C06982,D01320,2025-01-01,2026-08-01,12,baseline
C06983,D01751,2025-01-01,2026-08-01,10,baseline
C06984,D03277,2025-01-01,2026-08-01,11,baseline
C06985,D03666,2025-01-01,2026-08-01,1,baseline
C06986,D04606,2025-01-01,2026-08-01,4,baseline
C06987,D01508,2025-01-01,2026-08-01,8,baseline
C06988,D02717,2025-01-01,2026-08-01,19,baseline
C06989,D03484,2025-01-01,2026-08-01,15,baseline
C06990,D03919,2025-01-01,2026-08-01,3,baseline
C06991,D03568,2025-01-01,2026-08-01,17,baseline
C06992,D03681,2025-01-01,2026-08-01,9,baseline
C06993,D02464,2025-01-01,2026-08-01,11,baseline
C06994,D04247,2025-01-01,2026-08-01,18,baseline
C06995,D02617,2025-01-01,2026-08-01,2,baseline
C06996,D01809,2025-01-01,2026-08-01,7,baseline
C06997,D03813,2025-01-01,2026-08-01,17,baseline
C06998,D04647,2025-01-01,2026-08-01,5,baseline
C06999,D03814,2025-01-01,2026-08-01,7,baseline
C07000,D02823,2025-01-01,2026-08-01,18,baseline
C07001,D04768,2025-01-01,2026-08-01,16,baseline
C07002,D01199,2025-01-01,2026-08-01,20,baseline
C07003,D04124,2025-01-01,2026-08-01,15,baseline
C07004,D02775,2025-01-01,2026-08-01,14,baseline
C07005,D01549,2025-01-01,2026-08-01,16,baseline
C07006,D03389,2025-01-01,2026-08-01,18,baseline
C07007,D02011,2025-01-01,2026-08-01,19,baseline
C07008,D02272,2025-01-01,2026-08-01,2,baseline
C07009,D02588,2025-01-01,2026-08-01,7,baseline
C07010,D01479,2025-01-01,2026-08-01,17,baseline
C07011,D04313,2025-01-01,2026-08-01,7,baseline
C07012,D01962,2025-01-01,2026-08-01,3,baseline
C07013,D02500,2025-01-01,2026-08-01,1,baseline
C07014,D03264,2025-01-01,2026-08-01,2,baseline
C07015,D01635,2025-01-01,2026-08-01,16,baseline
C07016,D00649,2025-01-01,2026-08-01,11,baseline
C07017,D03188,2025-01-01,2026-08-01,3,baseline
C07018,D04330,2025-01-01,2026-08-01,2,baseline
C07019,D02213,2025-01-01,2026-08-01,20,baseline
C07020,D00418,2025-01-01,2026-08-01,6,baseline
C07021,D04294,2025-01-01,2026-08-01,1,baseline
C07022,D01618,2025-01-01,2026-08-01,7,baseline
C07023,D01869,2025-01-01,2026-08-01,2,baseline
C07024,D00397,2025-01-01,2026-08-01,10,baseline
C07025,D04973,2025-01-01,2026-08-01,10,baseline
C07026,D03457,2025-01-01,2026-08-01,4,baseline
C07027,D01860,2025-01-01,2026-08-01,14,baseline
C07028,D01337,2025-01-01,2026-08-01,18,baseline
C07029,D01591,2025-01-01,2026-08-01,8,baseline
C07030,D04034,2025-01-01,2026-08-01,11,baseline
C07031,D02091,2025-01-01,2026-08-01,10,baseline
C07032,D04420,2025-01-01,2026-08-01,6,baseline
C07033,D03713,2025-01-01,2026-08-01,9,baseline
C07034,D01830,2025-01-01,2026-08-01,16,baseline
C07035,D01493,2025-01-01,2026-08-01,1,baseline
C07036,D01922,2025-01-01,2026-08-01,19,baseline
C07037,D02294,2025-01-01,2026-08-01,11,baseline
C07038,D00131,2025-01-01,2026-08-01,8,baseline
C07039,D00834,2025-01-01,2026-08-01,19,baseline
C07040,D03200,2025-01-01,2026-08-01,18,baseline
C07041,D04291,2025-01-01,2026-08-01,15,baseline
C07042,D01972,2025-01-01,2026-08-01,20,baseline
C07043,D00234,2025-01-01,2026-08-01,8,baseline
C07044,D03000,2025-01-01,2026-08-01,9,baseline
C07045,D01606,2025-01-01,2026-08-01,14,baseline
C07046,D02903,2025-01-01,2026-08-01,17,baseline
C07047,D04997,2025-01-01,2026-08-01,8,baseline
C07048,D00010,2025-01-01,2026-08-01,20,baseline
C07049,D03544,2025-01-01,2026-08-01,15,baseline
C07050,D00813,2025-01-01,2026-08-01,14,baseline
C07051,D02561,2025-01-01,2026-08-01,14,baseline
C07052,D02788,2025-01-01,2026-08-01,15,baseline
C07053,D04384,2025-01-01,2026-08-01,9,baseline
C07054,D02447,2025-01-01,2026-08-01,15,baseline
C07055,D04587,2025-01-01,2026-08-01,12,baseline
C07056,D04491,2025-01-01,2026-08-01,2,baseline
C07057,D03515,2025-01-01,2026-08-01,3,baseline
C07058,D02561,2025-01-01,2026-08-01,15,baseline
C07059,D03404,2025-01-01,2026-08-01,11,baseline
C07060,D04128,2025-01-01,2026-08-01,9,baseline
C07061,D00653,2025-01-01,2026-08-01,11,baseline
C07062,D03241,2025-01-01,2026-08-01,11,baseline
C07063,D01866,2025-01-01,2026-08-01,19,baseline
C07064,D00171,2025-01-01,2026-08-01,12,baseline
C07065,D00021,2025-01-01,2026-08-01,14,baseline
C07066,D03413,2025-01-01,2026-08-01,17,baseline
C07067,D03103,2025-01-01,2026-08-01,15,baseline
C07068,D04275,2025-01-01,2026-08-01,5,baseline
C07069,D03166,2025-01-01,2026-08-01,11,baseline
C07070,D04626,2025-01-01,2026-08-01,20,baseline
C07071,D01725,2025-01-01,2026-08-01,7,baseline
C07072,D01093,2025-01-01,2026-08-01,20,baseline
C07073,D00989,2025-01-01,2026-08-01,12,baseline
C07074,D02005,2025-01-01,2026-08-01,1,baseline
C07075,D02759,2025-01-01,2026-08-01,3,baseline
C07076,D03362,2025-01-01,2026-08-01,12,baseline
C07077,D01709,2025-01-01,2026-08-01,10,baseline
C07078,D00556,2025-01-01,2026-08-01,19,baseline
C07079,D03090,2025-01-01,2026-08-01,11,baseline
C07080,D02393,2025-01-01,2026-08-01,20,baseline
C07081,D00555,2025-01-01,2026-08-01,14,baseline
C07082,D04163,2025-01-01,2026-08-01,10,baseline
C07083,D01528,2025-01-01,2026-08-01,9,baseline
C07084,D00972,2025-01-01,2026-08-01,10,baseline
C07085,D02717,2025-01-01,2026-08-01,14,baseline
C07086,D01968,2025-01-01,2026-08-01,9,baseline
C07087,D00573,2025-01-01,2026-08-01,9,baseline
C07088,D01490,2025-01-01,2026-08-01,12,baseline
C07089,D02724,2025-01-01,2026-08-01,9,baseline
C07090,D01219,2025-01-01,2026-08-01,17,baseline
C07091,D04938,2025-01-01,2026-08-01,9,baseline
C07092,D00065,2025-01-01,2026-08-01,11,baseline
C07093,D01740,2025-01-01,2026-08-01,9,baseline
C07094,D00246,2025-01-01,2026-08-01,19,baseline
C07095,D03376,2025-01-01,2026-08-01,15,baseline
C07096,D04309,2025-01-01,2026-08-01,1,baseline
C07097,D00872,2025-01-01,2026-08-01,3,baseline
C07098,D02609,2025-01-01,2026-08-01,15,baseline
C07099,D01741,2025-01-01,2026-08-01,8,baseline
C07100,D02704,2025-01-01,2026-08-01,3,baseline
C07101,D03728,2025-01-01,2026-08-01,9,baseline
C07102,D00136,2025-01-01,2026-08-01,14,baseline
C07103,D04115,2025-01-01,2026-08-01,1,baseline
C07104,D01563,2025-01-01,2026-08-01,3,baseline
C07105,D02103,2025-01-01,2026-08-01,14,baseline
C07106,D01621,2025-01-01,2026-08-01,1,baseline
C07107,D01262,2025-01-01,2026-08-01,6,baseline
C07108,D04676,2025-01-01,2026-08-01,12,baseline
C07109,D01198,2025-01-01,2026-08-01,3,baseline
C07110,D03654,2025-01-01,2026-08-01,6,baseline
C07111,D00811,2025-01-01,2026-08-01,9,baseline
C07112,D04510,2025-01-01,2026-08-01,19,baseline
C07113,D02763,2025-01-01,2026-08-01,12,baseline
C07114,D04665,2025-01-01,2026-08-01,14,baseline
C07115,D02135,2025-01-01,2026-08-01,4,baseline
C07116,D04539,2025-01-01,2026-08-01,19,baseline
C07117,D04314,2025-01-01,2026-08-01,18,baseline
C07118,D03814,2025-01-01,2026-08-01,11,baseline
C07119,D04850,2025-01-01,2026-08-01,20,baseline
C07120,D00121,2025-01-01,2026-08-01,18,baseline
C07121,D03215,2025-01-01,2026-08-01,20,baseline
C07122,D00415,2025-01-01,2026-08-01,5,baseline
C07123,D01592,2025-01-01,2026-08-01,11,baseline
C07124,D04160,2025-01-01,2026-08-01,15,baseline
C07125,D03939,2025-01-01,2026-08-01,11,baseline
C07126,D03544,2025-01-01,2026-08-01,16,baseline
C07127,D00829,2025-01-01,2026-08-01,12,baseline
C07128,D02202,2025-01-01,2026-08-01,4,baseline
C07129,D00817,2025-01-01,2026-08-01,9,baseline
C07130,D03123,2025-01-01,2026-08-01,18,baseline
C07131,D00663,2025-01-01,2026-08-01,20,baseline
C07132,D00064,2025-01-01,2026-08-01,15,baseline
C07133,D02956,2025-01-01,2026-08-01,4,baseline
C07134,D01163,2025-01-01,2026-08-01,1,baseline
C07135,D02693,2025-01-01,2026-08-01,2,baseline
C07136,D01808,2025-01-01,2026-08-01,13,baseline
C07137,D03355,2025-01-01,2026-08-01,1,baseline
C07138,D03874,2025-01-01,2026-08-01,17,baseline
C07139,D02541,2025-01-01,2026-08-01,19,baseline
C07140,D02143,2025-01-01,2026-08-01,3,baseline
C07141,D01951,2025-01-01,2026-08-01,12,baseline
C07142,D04835,2025-01-01,2026-08-01,6,baseline
C07143,D00050,2025-01-01,2026-08-01,1,baseline
C07144,D04887,2025-01-01,2026-08-01,18,baseline
C07145,D00709,2025-01-01,2026-08-01,20,baseline
C07146,D04974,2025-01-01,2026-08-01,2,baseline
C07147,D02336,2025-01-01,2026-08-01,11,baseline
C07148,D03602,2025-01-01,2026-08-01,13,baseline
C07149,D02390,2025-01-01,2026-08-01,18,baseline
C07150,D02217,2025-01-01,2026-08-01,9,baseline
C07151,D04846,2025-01-01,2026-08-01,18,baseline
C07152,D02844,2025-01-01,2026-08-01,19,baseline
C07153,D00805,2025-01-01,2026-08-01,15,baseline
C07154,D02209,2025-01-01,2026-08-01,8,baseline
C07155,D00424,2025-01-01,2026-08-01,5,baseline
C07156,D04034,2025-01-01,2026-08-01,2,baseline
C07157,D00147,2025-01-01,2026-08-01,14,baseline
C07158,D02193,2025-01-01,2026-08-01,17,baseline
C07159,D01385,2025-01-01,2026-08-01,8,baseline
C07160,D04197,2025-01-01,2026-08-01,14,baseline
C07161,D02172,2025-01-01,2026-08-01,3,baseline
C07162,D01334,2025-01-01,2026-08-01,4,baseline
C07163,D04571,2025-01-01,2026-08-01,14,baseline
C07164,D02557,2025-01-01,2026-08-01,4,baseline
C07165,D00934,2025-01-01,2026-08-01,9,baseline
C07166,D04222,2025-01-01,2026-08-01,12,baseline
C07167,D03812,2025-01-01,2026-08-01,3,baseline
C07168,D04594,2025-01-01,2026-08-01,9,baseline
C07169,D03223,2025-01-01,2026-08-01,17,baseline
C07170,D02958,2025-01-01,2026-08-01,18,baseline
C07171,D00727,2025-01-01,2026-08-01,14,baseline
C07172,D02288,2025-01-01,2026-08-01,17,baseline
C07173,D01797,2025-01-01,2026-08-01,18,baseline
C07174,D01783,2025-01-01,2026-08-01,8,baseline
C07175,D02057,2025-01-01,2026-08-01,10,baseline
C07176,D04473,2025-01-01,2026-08-01,3,baseline
C07177,D02610,2025-01-01,2026-08-01,17,baseline
C07178,D01162,2025-01-01,2026-08-01,7,baseline
C07179,D03210,2025-01-01,2026-08-01,15,baseline
C07180,D04862,2025-01-01,2026-08-01,15,baseline
C07181,D03159,2025-01-01,2026-08-01,1,baseline
C07182,D04314,2025-01-01,2026-08-01,14,baseline
C07183,D03987,2025-01-01,2026-08-01,17,baseline
C07184,D02379,2025-01-01,2026-08-01,19,baseline
C07185,D00295,2025-01-01,2026-08-01,7,baseline
C07186,D01334,2025-01-01,2026-08-01,13,baseline
C07187,D00841,2025-01-01,2026-08-01,6,baseline
C07188,D00846,2025-01-01,2026-08-01,15,baseline
C07189,D03482,2025-01-01,2026-08-01,20,baseline
C07190,D01699,2025-01-01,2026-08-01,14,baseline
C07191,D00985,2025-01-01,2026-08-01,8,baseline
C07192,D00156,2025-01-01,2026-08-01,18,baseline
C07193,D02953,2025-01-01,2026-08-01,2,baseline
C07194,D02670,2025-01-01,2026-08-01,9,baseline
C07195,D02263,2025-01-01,2026-08-01,2,baseline
C07196,D01210,2025-01-01,2026-08-01,17,baseline
C07197,D03948,2025-01-01,2026-08-01,7,baseline
C07198,D03014,2025-01-01,2026-08-01,10,baseline
C07199,D00717,2025-01-01,2026-08-01,5,baseline
C07200,D04222,2025-01-01,2026-08-01,18,baseline
C07201,D00419,2025-01-01,2026-08-01,13,baseline
C07202,D03792,2025-01-01,2026-08-01,2,baseline
C07203,D02129,2025-01-01,2026-08-01,9,baseline
C07204,D01229,2025-01-01,2026-08-01,2,baseline
C07205,D04323,2025-01-01,2026-08-01,4,baseline
C07206,D04228,2025-01-01,2026-08-01,4,baseline
C07207,D03050,2025-01-01,2026-08-01,10,baseline
C07208,D00404,2025-01-01,2026-08-01,12,baseline
C07209,D00386,2025-01-01,2026-08-01,20,baseline
C07210,D02755,2025-01-01,2026-08-01,3,baseline
C07211,D04114,2025-01-01,2026-08-01,12,baseline
C07212,D02607,2025-01-01,2026-08-01,5,baseline
C07213,D02003,2025-01-01,2026-08-01,11,baseline
C07214,D01023,2025-01-01,2026-08-01,1,baseline
C07215,D01832,2025-01-01,2026-08-01,15,baseline
C07216,D00437,2025-01-01,2026-08-01,17,baseline
C07217,D01043,2025-01-01,2026-08-01,6,baseline
C07218,D03663,2025-01-01,2026-08-01,9,baseline
C07219,D02568,2025-01-01,2026-08-01,9,baseline
C07220,D04298,2025-01-01,2026-08-01,2,baseline
C07221,D01624,2025-01-01,2026-08-01,9,baseline
C07222,D03235,2025-01-01,2026-08-01,17,baseline
C07223,D01336,2025-01-01,2026-08-01,8,baseline
C07224,D00206,2025-01-01,2026-08-01,16,baseline
C07225,D01479,2025-01-01,2026-08-01,14,baseline
C07226,D01105,2025-01-01,2026-08-01,14,baseline
C07227,D00887,2025-01-01,2026-08-01,17,baseline
C07228,D00076,2025-01-01,2026-08-01,8,baseline
C07229,D00955,2025-01-01,2026-08-01,10,baseline
C07230,D00106,2025-01-01,2026-08-01,20,baseline
C07231,D00106,2025-01-01,2026-08-01,15,baseline
C07232,D01184,2025-01-01,2026-08-01,10,baseline
C07233,D00668,2025-01-01,2026-08-01,10,baseline
C07234,D02399,2025-01-01,2026-08-01,10,baseline
C07235,D00597,2025-01-01,2026-08-01,4,baseline
C07236,D02146,2025-01-01,2026-08-01,19,baseline
C07237,D02050,2025-01-01,2026-08-01,19,baseline
C07238,D04470,2025-01-01,2026-08-01,19,baseline
C07239,D00339,2025-01-01,2026-08-01,20,baseline
C07240,D02486,2025-01-01,2026-08-01,19,baseline
C07241,D02641,2025-01-01,2026-08-01,9,baseline
C07242,D00441,2025-01-01,2026-08-01,2,baseline
C07243,D04152,2025-01-01,2026-08-01,1,baseline
C07244,D01985,2025-01-01,2026-08-01,12,baseline
C07245,D00755,2025-01-01,2026-08-01,11,baseline
C07246,D02268,2025-01-01,2026-08-01,17,baseline
C07247,D01145,2025-01-01,2026-08-01,19,baseline
C07248,D00540,2025-01-01,2026-08-01,10,baseline
C07249,D04771,2025-01-01,2026-08-01,16,baseline
C07250,D01852,2025-01-01,2026-08-01,19,baseline
C07251,D00025,2025-01-01,2026-08-01,19,baseline
C07252,D03791,2025-01-01,2026-08-01,4,baseline
C07253,D00276,2025-01-01,2026-08-01,5,baseline
C07254,D00205,2025-01-01,2026-08-01,6,baseline
C07255,D00311,2025-01-01,2026-08-01,4,baseline
C07256,D01993,2025-01-01,2026-08-01,5,baseline
C07257,D04269,2025-01-01,2026-08-01,1,baseline
C07258,D00937,2025-01-01,2026-08-01,3,baseline
C07259,D00893,2025-01-01,2026-08-01,10,baseline
C07260,D04539,2025-01-01,2026-08-01,7,baseline
C07261,D04001,2025-01-01,2026-08-01,7,baseline
C07262,D03479,2025-01-01,2026-08-01,16,baseline
C07263,D02416,2025-01-01,2026-08-01,20,baseline
C07264,D02765,2025-01-01,2026-08-01,14,baseline
C07265,D01500,2025-01-01,2026-08-01,3,baseline
C07266,D03376,2025-01-01,2026-08-01,20,baseline
C07267,D04390,2025-01-01,2026-08-01,18,baseline
C07268,D00215,2025-01-01,2026-08-01,7,baseline
C07269,D04053,2025-01-01,2026-08-01,11,baseline
C07270,D02973,2025-01-01,2026-08-01,19,baseline
C07271,D03090,2025-01-01,2026-08-01,5,baseline
C07272,D02585,2025-01-01,2026-08-01,10,baseline
C07273,D03652,2025-01-01,2026-08-01,20,baseline
C07274,D01794,2025-01-01,2026-08-01,18,baseline
C07275,D03613,2025-01-01,2026-08-01,16,baseline
C07276,D01067,2025-01-01,2026-08-01,19,baseline
C07277,D03880,2025-01-01,2026-08-01,10,baseline
C07278,D02684,2025-01-01,2026-08-01,15,baseline
C07279,D01563,2025-01-01,2026-08-01,15,baseline
C07280,D00043,2025-01-01,2026-08-01,5,baseline
C07281,D04443,2025-01-01,2026-08-01,12,baseline
C07282,D01154,2025-01-01,2026-08-01,19,baseline
C07283,D00167,2025-01-01,2026-08-01,2,baseline
C07284,D02093,2025-01-01,2026-08-01,13,baseline
C07285,D02372,2025-01-01,2026-08-01,3,baseline
C07286,D01048,2025-01-01,2026-08-01,11,baseline
C07287,D00064,2025-01-01,2026-08-01,9,baseline
C07288,D02155,2025-01-01,2026-08-01,19,baseline
C07289,D00931,2025-01-01,2026-08-01,4,baseline
C07290,D02966,2025-01-01,2026-08-01,12,baseline
C07291,D03231,2025-01-01,2026-08-01,16,baseline
C07292,D04252,2025-01-01,2026-08-01,16,baseline
C07293,D02119,2025-01-01,2026-08-01,3,baseline
C07294,D02967,2025-01-01,2026-08-01,13,baseline
C07295,D04350,2025-01-01,2026-08-01,17,baseline
C07296,D01763,2025-01-01,2026-08-01,6,baseline
C07297,D03173,2025-01-01,2026-08-01,6,baseline
C07298,D04796,2025-01-01,2026-08-01,5,baseline
C07299,D02898,2025-01-01,2026-08-01,16,baseline
C07300,D02069,2025-01-01,2026-08-01,9,baseline
C07301,D01554,2025-01-01,2026-08-01,17,baseline
C07302,D03621,2025-01-01,2026-08-01,15,baseline
C07303,D02138,2025-01-01,2026-08-01,6,baseline
C07304,D02410,2025-01-01,2026-08-01,20,baseline
C07305,D00368,2025-01-01,2026-08-01,10,baseline
C07306,D04954,2025-01-01,2026-08-01,9,baseline
C07307,D03351,2025-01-01,2026-08-01,10,baseline
C07308,D00806,2025-01-01,2026-08-01,12,baseline
C07309,D03974,2025-01-01,2026-08-01,20,baseline
C07310,D04263,2025-01-01,2026-08-01,11,baseline
C07311,D01184,2025-01-01,2026-08-01,14,baseline
C07312,D01064,2025-01-01,2026-08-01,12,baseline
C07313,D04556,2025-01-01,2026-08-01,16,baseline
C07314,D03513,2025-01-01,2026-08-01,20,baseline
C07315,D02117,2025-01-01,2026-08-01,9,baseline
C07316,D02111,2025-01-01,2026-08-01,20,baseline
C07317,D03960,2025-01-01,2026-08-01,19,baseline
C07318,D01938,2025-01-01,2026-08-01,11,baseline
C07319,D04236,2025-01-01,2026-08-01,10,baseline
C07320,D00524,2025-01-01,2026-08-01,4,baseline
C07321,D04342,2025-01-01,2026-08-01,9,baseline
C07322,D00724,2025-01-01,2026-08-01,7,baseline
C07323,D01091,2025-01-01,2026-08-01,20,baseline
C07324,D00231,2025-01-01,2026-08-01,8,baseline
C07325,D01674,2025-01-01,2026-08-01,16,baseline
C07326,D00215,2025-01-01,2026-08-01,20,baseline
C07327,D03396,2025-01-01,2026-08-01,6,baseline
C07328,D00242,2025-01-01,2026-08-01,12,baseline
C07329,D02999,2025-01-01,2026-08-01,5,baseline
C07330,D02139,2025-01-01,2026-08-01,19,baseline
C07331,D02119,2025-01-01,2026-08-01,5,baseline
C07332,D00388,2025-01-01,2026-08-01,14,baseline
C07333,D02287,2025-01-01,2026-08-01,13,baseline
C07334,D03517,2025-01-01,2026-08-01,8,baseline
C07335,D03242,2025-01-01,2026-08-01,2,baseline
C07336,D03193,2025-01-01,2026-08-01,1,baseline
C07337,D02400,2025-01-01,2026-08-01,5,baseline
C07338,D01091,2025-01-01,2026-08-01,5,baseline
C07339,D02825,2025-01-01,2026-08-01,18,baseline
C07340,D03021,2025-01-01,2026-08-01,5,baseline
C07341,D04555,2025-01-01,2026-08-01,9,baseline
C07342,D03083,2025-01-01,2026-08-01,10,baseline
C07343,D03674,2025-01-01,2026-08-01,19,baseline
C07344,D02518,2025-01-01,2026-08-01,16,baseline
C07345,D00234,2025-01-01,2026-08-01,4,baseline
C07346,D00501,2025-01-01,2026-08-01,16,baseline
C07347,D04266,2025-01-01,2026-08-01,4,baseline
C07348,D00160,2025-01-01,2026-08-01,3,baseline
C07349,D01913,2025-01-01,2026-08-01,11,baseline
C07350,D00697,2025-01-01,2026-08-01,9,baseline
C07351,D02075,2025-01-01,2026-08-01,20,baseline
C07352,D01557,2025-01-01,2026-08-01,13,baseline
C07353,D00993,2025-01-01,2026-08-01,14,baseline
C07354,D03978,2025-01-01,2026-08-01,9,baseline
C07355,D03828,2025-01-01,2026-08-01,7,baseline
C07356,D01823,2025-01-01,2026-08-01,7,baseline
C07357,D00769,2025-01-01,2026-08-01,4,baseline
C07358,D00376,2025-01-01,2026-08-01,5,baseline
C07359,D01101,2025-01-01,2026-08-01,19,baseline
C07360,D02726,2025-01-01,2026-08-01,12,baseline
C07361,D03875,2025-01-01,2026-08-01,8,baseline
C07362,D04151,2025-01-01,2026-08-01,13,baseline
C07363,D03963,2025-01-01,2026-08-01,3,baseline
C07364,D04086,2025-01-01,2026-08-01,11,baseline
C07365,D01508,2025-01-01,2026-08-01,9,baseline
C07366,D01588,2025-01-01,2026-08-01,20,baseline
C07367,D00945,2025-01-01,2026-08-01,5,baseline
C07368,D03276,2025-01-01,2026-08-01,3,baseline
C07369,D02781,2025-01-01,2026-08-01,20,baseline
C07370,D04785,2025-01-01,2026-08-01,6,baseline
C07371,D01727,2025-01-01,2026-08-01,15,baseline
C07372,D02908,2025-01-01,2026-08-01,6,baseline
C07373,D01578,2025-01-01,2026-08-01,12,baseline
C07374,D02928,2025-01-01,2026-08-01,12,baseline
C07375,D02589,2025-01-01,2026-08-01,4,baseline
C07376,D01163,2025-01-01,2026-08-01,16,baseline
C07377,D02302,2025-01-01,2026-08-01,4,baseline
C07378,D03454,2025-01-01,2026-08-01,16,baseline
C07379,D04212,2025-01-01,2026-08-01,12,baseline
C07380,D04349,2025-01-01,2026-08-01,8,baseline
C07381,D03116,2025-01-01,2026-08-01,5,baseline
C07382,D04361,2025-01-01,2026-08-01,2,baseline
C07383,D00925,2025-01-01,2026-08-01,19,baseline
C07384,D00561,2025-01-01,2026-08-01,4,baseline
C07385,D04132,2025-01-01,2026-08-01,18,baseline
C07386,D01495,2025-01-01,2026-08-01,17,baseline
C07387,D01441,2025-01-01,2026-08-01,11,baseline
C07388,D02897,2025-01-01,2026-08-01,9,baseline
C07389,D02948,2025-01-01,2026-08-01,2,baseline
C07390,D02006,2025-01-01,2026-08-01,10,baseline
C07391,D01102,2025-01-01,2026-08-01,14,baseline
C07392,D00188,2025-01-01,2026-08-01,9,baseline
C07393,D00744,2025-01-01,2026-08-01,10,baseline
C07394,D04627,2025-01-01,2026-08-01,2,baseline
C07395,D00366,2025-01-01,2026-08-01,9,baseline
C07396,D02481,2025-01-01,2026-08-01,15,baseline
C07397,D02990,2025-01-01,2026-08-01,7,baseline
C07398,D01920,2025-01-01,2026-08-01,8,baseline
C07399,D03088,2025-01-01,2026-08-01,13,baseline
C07400,D03315,2025-01-01,2026-08-01,2,baseline
C07401,D02778,2025-01-01,2026-08-01,5,baseline
C07402,D03435,2025-01-01,2026-08-01,19,baseline
C07403,D01790,2025-01-01,2026-08-01,18,baseline
C07404,D01347,2025-01-01,2026-08-01,2,baseline
C07405,D00096,2025-01-01,2026-08-01,6,baseline
C07406,D04389,2025-01-01,2026-08-01,2,baseline
C07407,D04573,2025-01-01,2026-08-01,20,baseline
C07408,D03508,2025-01-01,2026-08-01,18,baseline
C07409,D00256,2025-01-01,2026-08-01,11,baseline
C07410,D03891,2025-01-01,2026-08-01,18,baseline
C07411,D00146,2025-01-01,2026-08-01,19,baseline
C07412,D03461,2025-01-01,2026-08-01,14,baseline
C07413,D00960,2025-01-01,2026-08-01,20,baseline
C07414,D03179,2025-01-01,2026-08-01,9,baseline
C07415,D03499,2025-01-01,2026-08-01,9,baseline
C07416,D03556,2025-01-01,2026-08-01,11,baseline
C07417,D01633,2025-01-01,2026-08-01,12,baseline
C07418,D02035,2025-01-01,2026-08-01,17,baseline
C07419,D03952,2025-01-01,2026-08-01,4,baseline
C07420,D01001,2025-01-01,2026-08-01,5,baseline
C07421,D03976,2025-01-01,2026-08-01,1,baseline
C07422,D00822,2025-01-01,2026-08-01,19,baseline
C07423,D01846,2025-01-01,2026-08-01,11,baseline
C07424,D01949,2025-01-01,2026-08-01,16,baseline
C07425,D04891,2025-01-01,2026-08-01,8,baseline
C07426,D03040,2025-01-01,2026-08-01,2,baseline
C07427,D04989,2025-01-01,2026-08-01,6,baseline
C07428,D03893,2025-01-01,2026-08-01,4,baseline
C07429,D03514,2025-01-01,2026-08-01,16,baseline
C07430,D01843,2025-01-01,2026-08-01,4,baseline
C07431,D02676,2025-01-01,2026-08-01,7,baseline
C07432,D00966,2025-01-01,2026-08-01,17,baseline
C07433,D04849,2025-01-01,2026-08-01,17,baseline
C07434,D00170,2025-01-01,2026-08-01,11,baseline
C07435,D01587,2025-01-01,2026-08-01,15,baseline
C07436,D02751,2025-01-01,2026-08-01,8,baseline
C07437,D01273,2025-01-01,2026-08-01,17,baseline
C07438,D03661,2025-01-01,2026-08-01,20,baseline
C07439,D02012,2025-01-01,2026-08-01,8,baseline
C07440,D02991,2025-01-01,2026-08-01,5,baseline
C07441,D03315,2025-01-01,2026-08-01,14,baseline
C07442,D02080,2025-01-01,2026-08-01,10,baseline
C07443,D00093,2025-01-01,2026-08-01,15,baseline
C07444,D01531,2025-01-01,2026-08-01,3,baseline
C07445,D04234,2025-01-01,2026-08-01,16,baseline
C07446,D01859,2025-01-01,2026-08-01,1,baseline
C07447,D02822,2025-01-01,2026-08-01,16,baseline
C07448,D01404,2025-01-01,2026-08-01,11,baseline
C07449,D03013,2025-01-01,2026-08-01,17,baseline
C07450,D03114,2025-01-01,2026-08-01,10,baseline
C07451,D01102,2025-01-01,2026-08-01,18,baseline
C07452,D03253,2025-01-01,2026-08-01,13,baseline
C07453,D00639,2025-01-01,2026-08-01,1,baseline
C07454,D01876,2025-01-01,2026-08-01,1,baseline
C07455,D03940,2025-01-01,2026-08-01,6,baseline
C07456,D04579,2025-01-01,2026-08-01,6,baseline
C07457,D02819,2025-01-01,2026-08-01,8,baseline
C07458,D01865,2025-01-01,2026-08-01,18,baseline
C07459,D00946,2025-01-01,2026-08-01,17,baseline
C07460,D00232,2025-01-01,2026-08-01,18,baseline
C07461,D03346,2025-01-01,2026-08-01,10,baseline
C07462,D02234,2025-01-01,2026-08-01,8,baseline
C07463,D00648,2025-01-01,2026-08-01,9,baseline
C07464,D02391,2025-01-01,2026-08-01,19,baseline
C07465,D02681,2025-01-01,2026-08-01,9,baseline
C07466,D02508,2025-01-01,2026-08-01,4,baseline
C07467,D04061,2025-01-01,2026-08-01,12,baseline
C07468,D03844,2025-01-01,2026-08-01,16,baseline
C07469,D04836,2025-01-01,2026-08-01,17,baseline
C07470,D04697,2025-01-01,2026-08-01,13,baseline
C07471,D04589,2025-01-01,2026-08-01,15,baseline
C07472,D04830,2025-01-01,2026-08-01,20,baseline
C07473,D03005,2025-01-01,2026-08-01,9,baseline
C07474,D03707,2025-01-01,2026-08-01,14,baseline
C07475,D04932,2025-01-01,2026-08-01,7,baseline
C07476,D03805,2025-01-01,2026-08-01,16,baseline
C07477,D04015,2025-01-01,2026-08-01,15,baseline
C07478,D01982,2025-01-01,2026-08-01,2,baseline
C07479,D03526,2025-01-01,2026-08-01,19,baseline
C07480,D00880,2025-01-01,2026-08-01,14,baseline
C07481,D00303,2025-01-01,2026-08-01,8,baseline
C07482,D02897,2025-01-01,2026-08-01,19,baseline
C07483,D02697,2025-01-01,2026-08-01,15,baseline
C07484,D00864,2025-01-01,2026-08-01,10,baseline
C07485,D00253,2025-01-01,2026-08-01,12,baseline
C07486,D03248,2025-01-01,2026-08-01,4,baseline
C07487,D00155,2025-01-01,2026-08-01,12,baseline
C07488,D02961,2025-01-01,2026-08-01,1,baseline
C07489,D02722,2025-01-01,2026-08-01,3,baseline
C07490,D01665,2025-01-01,2026-08-01,17,baseline
C07491,D00341,2025-01-01,2026-08-01,10,baseline
C07492,D00155,2025-01-01,2026-08-01,18,baseline
C07493,D04666,2025-01-01,2026-08-01,18,baseline
C07494,D01347,2025-01-01,2026-08-01,5,baseline
C07495,D01989,2025-01-01,2026-08-01,5,baseline
C07496,D00125,2025-01-01,2026-08-01,1,baseline
C07497,D02581,2025-01-01,2026-08-01,12,baseline
C07498,D02463,2025-01-01,2026-08-01,6,baseline
C07499,D02610,2025-01-01,2026-08-01,17,baseline
C07500,D04890,2025-01-01,2026-08-01,15,baseline
C07501,D01933,2025-01-01,2026-08-01,19,baseline
C07502,D00836,2025-01-01,2026-08-01,5,baseline
C07503,D01366,2025-01-01,2026-08-01,5,baseline
C07504,D03584,2025-01-01,2026-08-01,4,baseline
C07505,D03589,2025-01-01,2026-08-01,8,baseline
C07506,D03251,2025-01-01,2026-08-01,14,baseline
C07507,D03009,2025-01-01,2026-08-01,7,baseline
C07508,D04793,2025-01-01,2026-08-01,9,baseline
C07509,D02596,2025-01-01,2026-08-01,6,baseline
C07510,D00139,2025-01-01,2026-08-01,11,baseline
C07511,D00554,2025-01-01,2026-08-01,8,baseline
C07512,D01670,2025-01-01,2026-08-01,15,baseline
C07513,D02922,2025-01-01,2026-08-01,8,baseline
C07514,D03802,2025-01-01,2026-08-01,20,baseline
C07515,D01886,2025-01-01,2026-08-01,20,baseline
C07516,D02762,2025-01-01,2026-08-01,12,baseline
C07517,D01035,2025-01-01,2026-08-01,18,baseline
C07518,D02639,2025-01-01,2026-08-01,4,baseline
C07519,D02548,2025-01-01,2026-08-01,16,baseline
C07520,D03126,2025-01-01,2026-08-01,12,baseline
C07521,D00724,2025-01-01,2026-08-01,19,baseline
C07522,D01607,2025-01-01,2026-08-01,13,baseline
C07523,D02782,2025-01-01,2026-08-01,5,baseline
C07524,D01962,2025-01-01,2026-08-01,11,baseline
C07525,D03326,2025-01-01,2026-08-01,3,baseline
C07526,D04218,2025-01-01,2026-08-01,1,baseline
C07527,D02503,2025-01-01,2026-08-01,8,baseline
C07528,D00823,2025-01-01,2026-08-01,7,baseline
C07529,D01285,2025-01-01,2026-08-01,12,baseline
C07530,D03471,2025-01-01,2026-08-01,1,baseline
C07531,D00835,2025-01-01,2026-08-01,2,baseline
C07532,D02396,2025-01-01,2026-08-01,11,baseline
C07533,D03967,2025-01-01,2026-08-01,18,baseline
C07534,D03507,2025-01-01,2026-08-01,9,baseline
C07535,D03782,2025-01-01,2026-08-01,9,baseline
C07536,D01155,2025-01-01,2026-08-01,13,baseline
C07537,D01774,2025-01-01,2026-08-01,5,baseline
C07538,D04555,2025-01-01,2026-08-01,14,baseline
C07539,D04570,2025-01-01,2026-08-01,17,baseline
C07540,D04135,2025-01-01,2026-08-01,13,baseline
C07541,D02881,2025-01-01,2026-08-01,20,baseline
C07542,D01168,2025-01-01,2026-08-01,9,baseline
C07543,D00048,2025-01-01,2026-08-01,9,baseline
C07544,D00798,2025-01-01,2026-08-01,5,baseline
C07545,D00264,2025-01-01,2026-08-01,5,baseline
C07546,D02339,2025-01-01,2026-08-01,2,baseline
C07547,D00794,2025-01-01,2026-08-01,10,baseline
C07548,D01252,2025-01-01,2026-08-01,3,baseline
C07549,D00756,2025-01-01,2026-08-01,15,baseline
C07550,D00190,2025-01-01,2026-08-01,3,baseline
C07551,D00748,2025-01-01,2026-08-01,11,baseline
C07552,D00446,2025-01-01,2026-08-01,6,baseline
C07553,D02227,2025-01-01,2026-08-01,18,baseline
C07554,D03399,2025-01-01,2026-08-01,9,baseline
C07555,D00089,2025-01-01,2026-08-01,10,baseline
C07556,D04522,2025-01-01,2026-08-01,14,baseline
C07557,D01708,2025-01-01,2026-08-01,6,baseline
C07558,D00510,2025-01-01,2026-08-01,6,baseline
C07559,D04202,2025-01-01,2026-08-01,7,baseline
C07560,D03785,2025-01-01,2026-08-01,2,baseline
C07561,D03776,2025-01-01,2026-08-01,7,baseline
C07562,D04633,2025-01-01,2026-08-01,11,baseline
C07563,D04396,2025-01-01,2026-08-01,4,baseline
C07564,D00960,2025-01-01,2026-08-01,8,baseline
C07565,D00713,2025-01-01,2026-08-01,3,baseline
C07566,D00327,2025-01-01,2026-08-01,13,baseline
C07567,D03639,2025-01-01,2026-08-01,12,baseline
C07568,D03241,2025-01-01,2026-08-01,4,baseline
C07569,D03411,2025-01-01,2026-08-01,3,baseline
C07570,D00440,2025-01-01,2026-08-01,16,baseline
C07571,D02154,2025-01-01,2026-08-01,15,baseline
C07572,D02385,2025-01-01,2026-08-01,2,baseline
C07573,D03517,2025-01-01,2026-08-01,4,baseline
C07574,D02133,2025-01-01,2026-08-01,2,baseline
C07575,D00775,2025-01-01,2026-08-01,9,baseline
C07576,D02596,2025-01-01,2026-08-01,9,baseline
C07577,D00267,2025-01-01,2026-08-01,2,baseline
C07578,D00823,2025-01-01,2026-08-01,3,baseline
C07579,D02370,2025-01-01,2026-08-01,13,baseline
C07580,D00058,2025-01-01,2026-08-01,7,baseline
C07581,D00193,2025-01-01,2026-08-01,15,baseline
C07582,D01469,2025-01-01,2026-08-01,13,baseline
C07583,D02690,2025-01-01,2026-08-01,14,baseline
C07584,D02196,2025-01-01,2026-08-01,20,baseline
C07585,D01996,2025-01-01,2026-08-01,4,baseline
C07586,D03630,2025-01-01,2026-08-01,13,baseline
C07587,D02295,2025-01-01,2026-08-01,13,baseline
C07588,D04449,2025-01-01,2026-08-01,18,baseline
C07589,D02386,2025-01-01,2026-08-01,18,baseline
C07590,D01712,2025-01-01,2026-08-01,1,baseline
C07591,D04295,2025-01-01,2026-08-01,18,baseline
C07592,D02553,2025-01-01,2026-08-01,11,baseline
C07593,D01321,2025-01-01,2026-08-01,12,baseline
C07594,D04605,2025-01-01,2026-08-01,9,baseline
C07595,D00922,2025-01-01,2026-08-01,5,baseline
C07596,D03042,2025-01-01,2026-08-01,9,baseline
C07597,D00989,2025-01-01,2026-08-01,8,baseline
C07598,D01964,2025-01-01,2026-08-01,12,baseline
C07599,D04857,2025-01-01,2026-08-01,10,baseline
C07600,D01410,2025-01-01,2026-08-01,7,baseline
C07601,D00153,2025-01-01,2026-08-01,1,baseline
C07602,D03652,2025-01-01,2026-08-01,6,baseline
C07603,D01296,2025-01-01,2026-08-01,11,baseline
C07604,D02357,2025-01-01,2026-08-01,9,baseline
C07605,D01690,2025-01-01,2026-08-01,8,baseline
C07606,D00708,2025-01-01,2026-08-01,7,baseline
C07607,D03710,2025-01-01,2026-08-01,16,baseline
C07608,D02271,2025-01-01,2026-08-01,5,baseline
C07609,D03599,2025-01-01,2026-08-01,14,baseline
C07610,D03730,2025-01-01,2026-08-01,19,baseline
C07611,D00419,2025-01-01,2026-08-01,20,baseline
C07612,D02187,2025-01-01,2026-08-01,12,baseline
C07613,D01145,2025-01-01,2026-08-01,1,baseline
C07614,D04696,2025-01-01,2026-08-01,16,baseline
C07615,D04324,2025-01-01,2026-08-01,18,baseline
C07616,D03008,2025-01-01,2026-08-01,11,baseline
C07617,D01327,2025-01-01,2026-08-01,16,baseline
C07618,D00032,2025-01-01,2026-08-01,12,baseline
C07619,D00904,2025-01-01,2026-08-01,14,baseline
C07620,D00074,2025-01-01,2026-08-01,17,baseline
C07621,D04265,2025-01-01,2026-08-01,8,baseline
C07622,D04288,2025-01-01,2026-08-01,4,baseline
C07623,D04689,2025-01-01,2026-08-01,11,baseline
C07624,D01457,2025-01-01,2026-08-01,14,baseline
C07625,D03513,2025-01-01,2026-08-01,17,baseline
C07626,D04658,2025-01-01,2026-08-01,18,baseline
C07627,D03297,2025-01-01,2026-08-01,2,baseline
C07628,D04951,2025-01-01,2026-08-01,3,baseline
C07629,D03700,2025-01-01,2026-08-01,19,baseline
C07630,D01129,2025-01-01,2026-08-01,17,baseline
C07631,D01183,2025-01-01,2026-08-01,9,baseline
C07632,D01634,2025-01-01,2026-08-01,12,baseline
C07633,D02828,2025-01-01,2026-08-01,20,baseline
C07634,D01187,2025-01-01,2026-08-01,3,baseline
C07635,D04558,2025-01-01,2026-08-01,11,baseline
C07636,D03174,2025-01-01,2026-08-01,11,baseline
C07637,D03183,2025-01-01,2026-08-01,18,baseline
C07638,D00947,2025-01-01,2026-08-01,16,baseline
C07639,D01147,2025-01-01,2026-08-01,20,baseline
C07640,D03461,2025-01-01,2026-08-01,17,baseline
C07641,D04266,2025-01-01,2026-08-01,12,baseline
C07642,D02902,2025-01-01,2026-08-01,12,baseline
C07643,D04813,2025-01-01,2026-08-01,13,baseline
C07644,D03594,2025-01-01,2026-08-01,18,baseline
C07645,D03354,2025-01-01,2026-08-01,20,baseline
C07646,D03827,2025-01-01,2026-08-01,5,baseline
C07647,D00952,2025-01-01,2026-08-01,9,baseline
C07648,D02169,2025-01-01,2026-08-01,4,baseline
C07649,D02019,2025-01-01,2026-08-01,12,baseline
C07650,D04254,2025-01-01,2026-08-01,4,baseline
C07651,D03849,2025-01-01,2026-08-01,2,baseline
C07652,D03511,2025-01-01,2026-08-01,17,baseline
C07653,D01465,2025-01-01,2026-08-01,2,baseline
C07654,D02784,2025-01-01,2026-08-01,18,baseline
C07655,D00413,2025-01-01,2026-08-01,20,baseline
C07656,D02825,2025-01-01,2026-08-01,15,baseline
C07657,D02336,2025-01-01,2026-08-01,3,baseline
C07658,D00864,2025-01-01,2026-08-01,10,baseline
C07659,D04849,2025-01-01,2026-08-01,11,baseline
C07660,D03900,2025-01-01,2026-08-01,3,baseline
C07661,D00578,2025-01-01,2026-08-01,12,baseline
C07662,D00447,2025-01-01,2026-08-01,9,baseline
C07663,D02880,2025-01-01,2026-08-01,15,baseline
C07664,D00635,2025-01-01,2026-08-01,4,baseline
C07665,D03662,2025-01-01,2026-08-01,5,baseline
C07666,D04378,2025-01-01,2026-08-01,9,baseline
C07667,D02717,2025-01-01,2026-08-01,20,baseline
C07668,D00387,2025-01-01,2026-08-01,7,baseline
C07669,D03130,2025-01-01,2026-08-01,12,baseline
C07670,D00574,2025-01-01,2026-08-01,14,baseline
C07671,D04933,2025-01-01,2026-08-01,17,baseline
C07672,D00031,2025-01-01,2026-08-01,16,baseline
C07673,D04270,2025-01-01,2026-08-01,10,baseline
C07674,D01858,2025-01-01,2026-08-01,4,baseline
C07675,D03064,2025-01-01,2026-08-01,20,baseline
C07676,D01996,2025-01-01,2026-08-01,6,baseline
C07677,D00102,2025-01-01,2026-08-01,17,baseline
C07678,D04276,2025-01-01,2026-08-01,1,baseline
C07679,D01148,2025-01-01,2026-08-01,13,baseline
C07680,D01156,2025-01-01,2026-08-01,14,baseline
C07681,D03403,2025-01-01,2026-08-01,13,baseline
C07682,D01110,2025-01-01,2026-08-01,10,baseline
C07683,D02257,2025-01-01,2026-08-01,15,baseline
C07684,D03087,2025-01-01,2026-08-01,20,baseline
C07685,D02676,2025-01-01,2026-08-01,20,baseline
C07686,D03411,2025-01-01,2026-08-01,19,baseline
C07687,D02050,2025-01-01,2026-08-01,14,baseline
C07688,D04334,2025-01-01,2026-08-01,9,baseline
C07689,D01718,2025-01-01,2026-08-01,11,baseline
C07690,D03350,2025-01-01,2026-08-01,5,baseline
C07691,D01398,2025-01-01,2026-08-01,2,baseline
C07692,D00100,2025-01-01,2026-08-01,16,baseline
C07693,D02512,2025-01-01,2026-08-01,9,baseline
C07694,D03862,2025-01-01,2026-08-01,4,baseline
C07695,D00231,2025-01-01,2026-08-01,8,baseline
C07696,D02624,2025-01-01,2026-08-01,8,baseline
C07697,D01240,2025-01-01,2026-08-01,2,baseline
C07698,D00275,2025-01-01,2026-08-01,18,baseline
C07699,D03316,2025-01-01,2026-08-01,7,baseline
C07700,D03219,2025-01-01,2026-08-01,8,baseline
C07701,D02760,2025-01-01,2026-08-01,17,baseline
C07702,D04892,2025-01-01,2026-08-01,1,baseline
C07703,D02968,2025-01-01,2026-08-01,3,baseline
C07704,D01314,2025-01-01,2026-08-01,20,baseline
C07705,D00974,2025-01-01,2026-08-01,3,baseline
C07706,D03725,2025-01-01,2026-08-01,4,baseline
C07707,D01989,2025-01-01,2026-08-01,10,baseline
C07708,D01937,2025-01-01,2026-08-01,2,baseline
C07709,D03115,2025-01-01,2026-08-01,8,baseline
C07710,D00498,2025-01-01,2026-08-01,4,baseline
C07711,D03525,2025-01-01,2026-08-01,16,baseline
C07712,D00151,2025-01-01,2026-08-01,15,baseline
C07713,D02195,2025-01-01,2026-08-01,3,baseline
C07714,D01053,2025-01-01,2026-08-01,17,baseline
C07715,D02121,2025-01-01,2026-08-01,18,baseline
C07716,D01977,2025-01-01,2026-08-01,3,baseline
C07717,D02247,2025-01-01,2026-08-01,14,baseline
C07718,D01505,2025-01-01,2026-08-01,2,baseline
C07719,D00159,2025-01-01,2026-08-01,3,baseline
C07720,D00099,2025-01-01,2026-08-01,16,baseline
C07721,D04881,2025-01-01,2026-08-01,17,baseline
C07722,D00117,2025-01-01,2026-08-01,14,baseline
C07723,D03067,2025-01-01,2026-08-01,8,baseline
C07724,D03843,2025-01-01,2026-08-01,19,baseline
C07725,D03959,2025-01-01,2026-08-01,13,baseline
C07726,D00587,2025-01-01,2026-08-01,7,baseline
C07727,D03583,2025-01-01,2026-08-01,2,baseline
C07728,D01767,2025-01-01,2026-08-01,4,baseline
C07729,D01052,2025-01-01,2026-08-01,3,baseline
C07730,D03983,2025-01-01,2026-08-01,1,baseline
C07731,D01397,2025-01-01,2026-08-01,10,baseline
C07732,D01096,2025-01-01,2026-08-01,15,baseline
C07733,D01203,2025-01-01,2026-08-01,5,baseline
C07734,D03296,2025-01-01,2026-08-01,8,baseline
C07735,D02542,2025-01-01,2026-08-01,17,baseline
C07736,D00697,2025-01-01,2026-08-01,18,baseline
C07737,D04632,2025-01-01,2026-08-01,17,baseline
C07738,D01852,2025-01-01,2026-08-01,11,baseline
C07739,D01193,2025-01-01,2026-08-01,18,baseline
C07740,D00033,2025-01-01,2026-08-01,4,baseline
C07741,D03571,2025-01-01,2026-08-01,17,baseline
C07742,D03589,2025-01-01,2026-08-01,7,baseline
C07743,D01666,2025-01-01,2026-08-01,14,baseline
C07744,D03478,2025-01-01,2026-08-01,13,baseline
C07745,D04925,2025-01-01,2026-08-01,14,baseline
C07746,D03634,2025-01-01,2026-08-01,2,baseline
C07747,D03880,2025-01-01,2026-08-01,15,baseline
C07748,D04680,2025-01-01,2026-08-01,3,baseline
C07749,D00166,2025-01-01,2026-08-01,15,baseline
C07750,D02103,2025-01-01,2026-08-01,17,baseline
C07751,D02586,2025-01-01,2026-08-01,4,baseline
C07752,D03918,2025-01-01,2026-08-01,1,baseline
C07753,D00215,2025-01-01,2026-08-01,8,baseline
C07754,D03839,2025-01-01,2026-08-01,11,baseline
C07755,D03018,2025-01-01,2026-08-01,17,baseline
C07756,D02622,2025-01-01,2026-08-01,19,baseline
C07757,D03283,2025-01-01,2026-08-01,16,baseline
C07758,D04553,2025-01-01,2026-08-01,11,baseline
C07759,D01422,2025-01-01,2026-08-01,4,baseline
C07760,D03712,2025-01-01,2026-08-01,14,baseline
C07761,D02256,2025-01-01,2026-08-01,12,baseline
C07762,D00439,2025-01-01,2026-08-01,15,baseline
C07763,D04917,2025-01-01,2026-08-01,2,baseline
C07764,D02296,2025-01-01,2026-08-01,11,baseline
C07765,D00441,2025-01-01,2026-08-01,2,baseline
C07766,D02278,2025-01-01,2026-08-01,13,baseline
C07767,D04780,2025-01-01,2026-08-01,12,baseline
C07768,D03107,2025-01-01,2026-08-01,17,baseline
C07769,D02948,2025-01-01,2026-08-01,3,baseline
C07770,D04742,2025-01-01,2026-08-01,10,baseline
C07771,D01228,2025-01-01,2026-08-01,11,baseline
C07772,D02369,2025-01-01,2026-08-01,17,baseline
C07773,D03957,2025-01-01,2026-08-01,13,baseline
C07774,D01369,2025-01-01,2026-08-01,14,baseline
C07775,D02798,2025-01-01,2026-08-01,8,baseline
C07776,D02318,2025-01-01,2026-08-01,1,baseline
C07777,D00260,2025-01-01,2026-08-01,6,baseline
C07778,D03867,2025-01-01,2026-08-01,14,baseline
C07779,D01746,2025-01-01,2026-08-01,14,baseline
C07780,D03020,2025-01-01,2026-08-01,3,baseline
C07781,D00558,2025-01-01,2026-08-01,8,baseline
C07782,D02324,2025-01-01,2026-08-01,9,baseline
C07783,D04989,2025-01-01,2026-08-01,6,baseline
C07784,D03480,2025-01-01,2026-08-01,9,baseline
C07785,D04941,2025-01-01,2026-08-01,16,baseline
C07786,D04420,2025-01-01,2026-08-01,12,baseline
C07787,D01028,2025-01-01,2026-08-01,10,baseline
C07788,D00561,2025-01-01,2026-08-01,6,baseline
C07789,D02840,2025-01-01,2026-08-01,20,baseline
C07790,D03404,2025-01-01,2026-08-01,20,baseline
C07791,D02019,2025-01-01,2026-08-01,3,baseline
C07792,D01858,2025-01-01,2026-08-01,4,baseline
C07793,D01433,2025-01-01,2026-08-01,12,baseline
C07794,D00305,2025-01-01,2026-08-01,7,baseline
C07795,D00796,2025-01-01,2026-08-01,18,baseline
C07796,D03868,2025-01-01,2026-08-01,7,baseline
C07797,D00849,2025-01-01,2026-08-01,17,baseline
C07798,D04319,2025-01-01,2026-08-01,14,baseline
C07799,D03535,2025-01-01,2026-08-01,3,baseline
C07800,D00143,2025-01-01,2026-08-01,9,baseline
C07801,D02959,2025-01-01,2026-08-01,10,baseline
C07802,D03927,2025-01-01,2026-08-01,10,baseline
C07803,D04829,2025-01-01,2026-08-01,2,baseline
C07804,D01327,2025-01-01,2026-08-01,2,baseline
C07805,D04954,2025-01-01,2026-08-01,4,baseline
C07806,D00471,2025-01-01,2026-08-01,19,baseline
C07807,D02281,2025-01-01,2026-08-01,13,baseline
C07808,D02267,2025-01-01,2026-08-01,6,baseline
C07809,D04611,2025-01-01,2026-08-01,10,baseline
C07810,D04448,2025-01-01,2026-08-01,6,baseline
C07811,D02647,2025-01-01,2026-08-01,10,baseline
C07812,D00347,2025-01-01,2026-08-01,15,baseline
C07813,D02468,2025-01-01,2026-08-01,3,baseline
C07814,D02497,2025-01-01,2026-08-01,16,baseline
C07815,D02995,2025-01-01,2026-08-01,15,baseline
C07816,D04806,2025-01-01,2026-08-01,19,baseline
C07817,D02170,2025-01-01,2026-08-01,15,baseline
C07818,D01781,2025-01-01,2026-08-01,14,baseline
C07819,D00680,2025-01-01,2026-08-01,3,baseline
C07820,D03292,2025-01-01,2026-08-01,3,baseline
C07821,D04045,2025-01-01,2026-08-01,1,baseline
C07822,D03654,2025-01-01,2026-08-01,20,baseline
C07823,D00510,2025-01-01,2026-08-01,9,baseline
C07824,D04297,2025-01-01,2026-08-01,13,baseline
C07825,D00806,2025-01-01,2026-08-01,4,baseline
C07826,D01380,2025-01-01,2026-08-01,9,baseline
C07827,D04516,2025-01-01,2026-08-01,20,baseline
C07828,D02096,2025-01-01,2026-08-01,14,baseline
C07829,D01965,2025-01-01,2026-08-01,9,baseline
C07830,D00668,2025-01-01,2026-08-01,20,baseline
C07831,D02052,2025-01-01,2026-08-01,2,baseline
C07832,D00749,2025-01-01,2026-08-01,5,baseline
C07833,D01267,2025-01-01,2026-08-01,19,baseline
C07834,D04797,2025-01-01,2026-08-01,12,baseline
C07835,D02525,2025-01-01,2026-08-01,17,baseline
C07836,D03772,2025-01-01,2026-08-01,6,baseline
C07837,D03906,2025-01-01,2026-08-01,8,baseline
C07838,D01175,2025-01-01,2026-08-01,19,baseline
C07839,D02326,2025-01-01,2026-08-01,2,baseline
C07840,D03729,2025-01-01,2026-08-01,6,baseline
C07841,D00595,2025-01-01,2026-08-01,16,baseline
C07842,D03039,2025-01-01,2026-08-01,14,baseline
C07843,D01188,2025-01-01,2026-08-01,14,baseline
C07844,D00547,2025-01-01,2026-08-01,10,baseline
C07845,D03286,2025-01-01,2026-08-01,5,baseline
C07846,D03155,2025-01-01,2026-08-01,7,baseline
C07847,D03620,2025-01-01,2026-08-01,18,baseline
C07848,D02077,2025-01-01,2026-08-01,18,baseline
C07849,D03689,2025-01-01,2026-08-01,4,baseline
C07850,D02047,2025-01-01,2026-08-01,20,baseline
C07851,D03377,2025-01-01,2026-08-01,2,baseline
C07852,D04727,2025-01-01,2026-08-01,17,baseline
C07853,D03695,2025-01-01,2026-08-01,18,baseline
C07854,D00163,2025-01-01,2026-08-01,1,baseline
C07855,D01988,2025-01-01,2026-08-01,7,baseline
C07856,D01567,2025-01-01,2026-08-01,10,baseline
C07857,D01460,2025-01-01,2026-08-01,12,baseline
C07858,D02755,2025-01-01,2026-08-01,3,baseline
C07859,D04582,2025-01-01,2026-08-01,3,baseline
C07860,D01730,2025-01-01,2026-08-01,20,baseline
C07861,D01009,2025-01-01,2026-08-01,12,baseline
C07862,D00190,2025-01-01,2026-08-01,11,baseline
C07863,D01391,2025-01-01,2026-08-01,14,baseline
C07864,D02684,2025-01-01,2026-08-01,19,baseline
C07865,D00832,2025-01-01,2026-08-01,19,baseline
C07866,D02684,2025-01-01,2026-08-01,7,baseline
C07867,D04436,2025-01-01,2026-08-01,19,baseline
C07868,D02407,2025-01-01,2026-08-01,15,baseline
C07869,D04920,2025-01-01,2026-08-01,1,baseline
C07870,D02191,2025-01-01,2026-08-01,3,baseline
C07871,D04254,2025-01-01,2026-08-01,13,baseline
C07872,D00858,2025-01-01,2026-08-01,19,baseline
C07873,D04682,2025-01-01,2026-08-01,2,baseline
C07874,D02797,2025-01-01,2026-08-01,16,baseline
C07875,D00486,2025-01-01,2026-08-01,14,baseline
C07876,D01295,2025-01-01,2026-08-01,9,baseline
C07877,D00639,2025-01-01,2026-08-01,8,baseline
C07878,D01092,2025-01-01,2026-08-01,19,baseline
C07879,D01524,2025-01-01,2026-08-01,17,baseline
C07880,D01046,2025-01-01,2026-08-01,16,baseline
C07881,D02634,2025-01-01,2026-08-01,3,baseline
C07882,D02461,2025-01-01,2026-08-01,2,baseline
C07883,D00345,2025-01-01,2026-08-01,1,baseline
C07884,D01542,2025-01-01,2026-08-01,4,baseline
C07885,D03136,2025-01-01,2026-08-01,12,baseline
C07886,D03095,2025-01-01,2026-08-01,16,baseline
C07887,D03311,2025-01-01,2026-08-01,15,baseline
C07888,D01964,2025-01-01,2026-08-01,19,baseline
C07889,D03796,2025-01-01,2026-08-01,3,baseline
C07890,D02370,2025-01-01,2026-08-01,8,baseline
C07891,D00534,2025-01-01,2026-08-01,2,baseline
C07892,D01076,2025-01-01,2026-08-01,17,baseline
C07893,D02060,2025-01-01,2026-08-01,16,baseline
C07894,D01463,2025-01-01,2026-08-01,7,baseline
C07895,D03921,2025-01-01,2026-08-01,13,baseline
C07896,D00807,2025-01-01,2026-08-01,9,baseline
C07897,D04247,2025-01-01,2026-08-01,17,baseline
C07898,D02500,2025-01-01,2026-08-01,9,baseline
C07899,D00826,2025-01-01,2026-08-01,11,baseline
C07900,D02283,2025-01-01,2026-08-01,5,baseline
C07901,D02421,2025-01-01,2026-08-01,7,baseline
C07902,D02223,2025-01-01,2026-08-01,12,baseline
C07903,D00890,2025-01-01,2026-08-01,12,baseline
C07904,D00604,2025-01-01,2026-08-01,13,baseline
C07905,D02007,2025-01-01,2026-08-01,4,baseline
C07906,D04216,2025-01-01,2026-08-01,20,baseline
C07907,D00602,2025-01-01,2026-08-01,19,baseline
C07908,D02734,2025-01-01,2026-08-01,4,baseline
C07909,D03125,2025-01-01,2026-08-01,6,baseline
C07910,D00152,2025-01-01,2026-08-01,4,baseline
C07911,D04039,2025-01-01,2026-08-01,4,baseline
C07912,D04874,2025-01-01,2026-08-01,7,baseline
C07913,D03828,2025-01-01,2026-08-01,13,baseline
C07914,D03029,2025-01-01,2026-08-01,5,baseline
C07915,D04124,2025-01-01,2026-08-01,12,baseline
C07916,D00113,2025-01-01,2026-08-01,15,baseline
C07917,D02525,2025-01-01,2026-08-01,2,baseline
C07918,D02242,2025-01-01,2026-08-01,7,baseline
C07919,D03465,2025-01-01,2026-08-01,9,baseline
C07920,D03518,2025-01-01,2026-08-01,19,baseline
C07921,D01327,2025-01-01,2026-08-01,9,baseline
C07922,D03279,2025-01-01,2026-08-01,14,baseline
C07923,D02910,2025-01-01,2026-08-01,2,baseline
C07924,D04707,2025-01-01,2026-08-01,19,baseline
C07925,D00620,2025-01-01,2026-08-01,17,baseline
C07926,D01861,2025-01-01,2026-08-01,8,baseline
C07927,D04925,2025-01-01,2026-08-01,9,baseline
C07928,D01030,2025-01-01,2026-08-01,8,baseline
C07929,D01352,2025-01-01,2026-08-01,9,baseline
C07930,D04331,2025-01-01,2026-08-01,2,baseline
C07931,D00784,2025-01-01,2026-08-01,20,baseline
C07932,D01863,2025-01-01,2026-08-01,3,baseline
C07933,D01174,2025-01-01,2026-08-01,19,baseline
C07934,D04342,2025-01-01,2026-08-01,11,baseline
C07935,D03191,2025-01-01,2026-08-01,17,baseline
C07936,D01269,2025-01-01,2026-08-01,4,baseline
C07937,D02474,2025-01-01,2026-08-01,8,baseline
C07938,D00433,2025-01-01,2026-08-01,17,baseline
C07939,D02897,2025-01-01,2026-08-01,20,baseline
C07940,D01537,2025-01-01,2026-08-01,5,baseline
C07941,D04579,2025-01-01,2026-08-01,7,baseline
C07942,D04994,2025-01-01,2026-08-01,3,baseline
C07943,D04848,2025-01-01,2026-08-01,9,baseline
C07944,D04691,2025-01-01,2026-08-01,13,baseline
C07945,D04877,2025-01-01,2026-08-01,10,baseline
C07946,D04058,2025-01-01,2026-08-01,5,baseline
C07947,D04198,2025-01-01,2026-08-01,15,baseline
C07948,D03318,2025-01-01,2026-08-01,1,baseline
C07949,D00887,2025-01-01,2026-08-01,17,baseline
C07950,D00172,2025-01-01,2026-08-01,20,baseline
C07951,D02816,2025-01-01,2026-08-01,5,baseline
C07952,D02658,2025-01-01,2026-08-01,3,baseline
C07953,D01056,2025-01-01,2026-08-01,20,baseline
C07954,D04613,2025-01-01,2026-08-01,15,baseline
C07955,D01954,2025-01-01,2026-08-01,15,baseline
C07956,D04521,2025-01-01,2026-08-01,18,baseline
C07957,D04948,2025-01-01,2026-08-01,11,baseline
C07958,D01557,2025-01-01,2026-08-01,9,baseline
C07959,D02632,2025-01-01,2026-08-01,18,baseline
C07960,D04962,2025-01-01,2026-08-01,16,baseline
C07961,D03968,2025-01-01,2026-08-01,15,baseline
C07962,D00749,2025-01-01,2026-08-01,7,baseline
C07963,D02920,2025-01-01,2026-08-01,2,baseline
C07964,D02314,2025-01-01,2026-08-01,18,baseline
C07965,D01179,2025-01-01,2026-08-01,13,baseline
C07966,D03234,2025-01-01,2026-08-01,16,baseline
C07967,D02172,2025-01-01,2026-08-01,11,baseline
C07968,D04381,2025-01-01,2026-08-01,16,baseline
C07969,D03262,2025-01-01,2026-08-01,18,baseline
C07970,D03619,2025-01-01,2026-08-01,13,baseline
C07971,D04184,2025-01-01,2026-08-01,13,baseline
C07972,D02180,2025-01-01,2026-08-01,2,baseline
C07973,D04355,2025-01-01,2026-08-01,5,baseline
C07974,D04999,2025-01-01,2026-08-01,15,baseline
C07975,D02472,2025-01-01,2026-08-01,14,baseline
C07976,D01707,2025-01-01,2026-08-01,6,baseline
C07977,D03792,2025-01-01,2026-08-01,7,baseline
C07978,D04778,2025-01-01,2026-08-01,10,baseline
C07979,D00694,2025-01-01,2026-08-01,10,baseline
C07980,D02763,2025-01-01,2026-08-01,8,baseline
C07981,D00259,2025-01-01,2026-08-01,4,baseline
C07982,D04710,2025-01-01,2026-08-01,19,baseline
C07983,D03229,2025-01-01,2026-08-01,14,baseline
C07984,D03635,2025-01-01,2026-08-01,19,baseline
C07985,D00103,2025-01-01,2026-08-01,15,baseline
C07986,D03845,2025-01-01,2026-08-01,1,baseline
C07987,D02226,2025-01-01,2026-08-01,7,baseline
C07988,D04112,2025-01-01,2026-08-01,15,baseline
C07989,D00324,2025-01-01,2026-08-01,1,baseline
C07990,D04627,2025-01-01,2026-08-01,17,baseline
C07991,D04922,2025-01-01,2026-08-01,14,baseline
C07992,D02772,2025-01-01,2026-08-01,19,baseline
C07993,D02345,2025-01-01,2026-08-01,6,baseline
C07994,D03142,2025-01-01,2026-08-01,17,baseline
C07995,D00681,2025-01-01,2026-08-01,14,baseline
C07996,D02860,2025-01-01,2026-08-01,16,baseline
C07997,D01274,2025-01-01,2026-08-01,1,baseline
C07998,D04753,2025-01-01,2026-08-01,15,baseline
C07999,D04154,2025-01-01,2026-08-01,18,baseline
C08000,D03353,2025-01-01,2026-08-01,3,baseline
C08001,D02483,2025-01-01,2026-08-01,12,baseline
C08002,D04904,2025-01-01,2026-08-01,8,baseline
C08003,D04479,2025-01-01,2026-08-01,5,baseline
C08004,D03236,2025-01-01,2026-08-01,3,baseline
C08005,D04903,2025-01-01,2026-08-01,19,baseline
C08006,D04257,2025-01-01,2026-08-01,17,baseline
C08007,D02270,2025-01-01,2026-08-01,5,baseline
C08008,D04362,2025-01-01,2026-08-01,3,baseline
C08009,D04397,2025-01-01,2026-08-01,8,baseline
C08010,D00452,2025-01-01,2026-08-01,1,baseline
C08011,D02945,2025-01-01,2026-08-01,8,baseline
C08012,D00718,2025-01-01,2026-08-01,10,baseline
C08013,D01335,2025-01-01,2026-08-01,16,baseline
C08014,D04870,2025-01-01,2026-08-01,2,baseline
C08015,D03580,2025-01-01,2026-08-01,6,baseline
C08016,D02247,2025-01-01,2026-08-01,9,baseline
C08017,D01881,2025-01-01,2026-08-01,5,baseline
C08018,D04454,2025-01-01,2026-08-01,17,baseline
C08019,D02926,2025-01-01,2026-08-01,16,baseline
C08020,D04808,2025-01-01,2026-08-01,5,baseline
C08021,D01183,2025-01-01,2026-08-01,16,baseline
C08022,D03670,2025-01-01,2026-08-01,7,baseline
C08023,D01099,2025-01-01,2026-08-01,7,baseline
C08024,D00370,2025-01-01,2026-08-01,8,baseline
C08025,D03468,2025-01-01,2026-08-01,12,baseline
C08026,D04209,2025-01-01,2026-08-01,15,baseline
C08027,D02828,2025-01-01,2026-08-01,3,baseline
C08028,D01800,2025-01-01,2026-08-01,19,baseline
C08029,D01089,2025-01-01,2026-08-01,2,baseline
C08030,D00588,2025-01-01,2026-08-01,16,baseline
C08031,D00702,2025-01-01,2026-08-01,17,baseline
C08032,D04509,2025-01-01,2026-08-01,15,baseline
C08033,D04871,2025-01-01,2026-08-01,9,baseline
C08034,D01450,2025-01-01,2026-08-01,7,baseline
C08035,D04227,2025-01-01,2026-08-01,4,baseline
C08036,D02291,2025-01-01,2026-08-01,2,baseline
C08037,D01985,2025-01-01,2026-08-01,4,baseline
C08038,D04832,2025-01-01,2026-08-01,15,baseline
C08039,D03402,2025-01-01,2026-08-01,17,baseline
C08040,D01438,2025-01-01,2026-08-01,13,baseline
C08041,D00134,2025-01-01,2026-08-01,9,baseline
C08042,D03562,2025-01-01,2026-08-01,19,baseline
C08043,D03679,2025-01-01,2026-08-01,14,baseline
C08044,D02423,2025-01-01,2026-08-01,17,baseline
C08045,D02736,2025-01-01,2026-08-01,9,baseline
C08046,D01080,2025-01-01,2026-08-01,5,baseline
C08047,D00440,2025-01-01,2026-08-01,7,baseline
C08048,D04270,2025-01-01,2026-08-01,11,baseline
C08049,D04496,2025-01-01,2026-08-01,18,baseline
C08050,D00299,2025-01-01,2026-08-01,12,baseline
C08051,D03977,2025-01-01,2026-08-01,14,baseline
C08052,D00473,2025-01-01,2026-08-01,6,baseline
C08053,D01657,2025-01-01,2026-08-01,9,baseline
C08054,D01433,2025-01-01,2026-08-01,8,baseline
C08055,D00726,2025-01-01,2026-08-01,5,baseline
C08056,D03594,2025-01-01,2026-08-01,18,baseline
C08057,D04198,2025-01-01,2026-08-01,3,baseline
C08058,D04590,2025-01-01,2026-08-01,18,baseline
C08059,D03777,2025-01-01,2026-08-01,2,baseline
C08060,D02518,2025-01-01,2026-08-01,9,baseline
C08061,D04268,2025-01-01,2026-08-01,2,baseline
C08062,D03881,2025-01-01,2026-08-01,7,baseline
C08063,D01854,2025-01-01,2026-08-01,10,baseline
C08064,D01548,2025-01-01,2026-08-01,13,baseline
C08065,D01818,2025-01-01,2026-08-01,11,baseline
C08066,D03317,2025-01-01,2026-08-01,18,baseline
C08067,D03263,2025-01-01,2026-08-01,17,baseline
C08068,D04451,2025-01-01,2026-08-01,19,baseline
C08069,D02852,2025-01-01,2026-08-01,2,baseline
C08070,D01283,2025-01-01,2026-08-01,13,baseline
C08071,D03374,2025-01-01,2026-08-01,14,baseline
C08072,D03122,2025-01-01,2026-08-01,12,baseline
C08073,D02207,2025-01-01,2026-08-01,1,baseline
C08074,D00057,2025-01-01,2026-08-01,1,baseline
C08075,D01724,2025-01-01,2026-08-01,1,baseline
C08076,D03833,2025-01-01,2026-08-01,10,baseline
C08077,D00242,2025-01-01,2026-08-01,14,baseline
C08078,D01134,2025-01-01,2026-08-01,9,baseline
C08079,D02246,2025-01-01,2026-08-01,18,baseline
C08080,D00454,2025-01-01,2026-08-01,8,baseline
C08081,D01880,2025-01-01,2026-08-01,8,baseline
C08082,D01548,2025-01-01,2026-08-01,16,baseline
C08083,D02225,2025-01-01,2026-08-01,6,baseline
C08084,D02194,2025-01-01,2026-08-01,6,baseline
C08085,D02657,2025-01-01,2026-08-01,3,baseline
C08086,D04053,2025-01-01,2026-08-01,12,baseline
C08087,D02693,2025-01-01,2026-08-01,13,baseline
C08088,D04406,2025-01-01,2026-08-01,17,baseline
C08089,D03360,2025-01-01,2026-08-01,19,baseline
C08090,D04470,2025-01-01,2026-08-01,3,baseline
C08091,D02697,2025-01-01,2026-08-01,9,baseline
C08092,D01928,2025-01-01,2026-08-01,13,baseline
C08093,D00495,2025-01-01,2026-08-01,12,baseline
C08094,D02100,2025-01-01,2026-08-01,11,baseline
C08095,D04986,2025-01-01,2026-08-01,11,baseline
C08096,D03594,2025-01-01,2026-08-01,2,baseline
C08097,D02358,2025-01-01,2026-08-01,19,baseline
C08098,D01237,2025-01-01,2026-08-01,16,baseline
C08099,D00698,2025-01-01,2026-08-01,13,baseline
C08100,D02869,2025-01-01,2026-08-01,8,baseline
C08101,D01486,2025-01-01,2026-08-01,13,baseline
C08102,D02079,2025-01-01,2026-08-01,6,baseline
C08103,D02715,2025-01-01,2026-08-01,3,baseline
C08104,D03839,2025-01-01,2026-08-01,14,baseline
C08105,D00774,2025-01-01,2026-08-01,5,baseline
C08106,D03401,2025-01-01,2026-08-01,8,baseline
C08107,D00013,2025-01-01,2026-08-01,11,baseline
C08108,D00020,2025-01-01,2026-08-01,11,baseline
C08109,D00858,2025-01-01,2026-08-01,16,baseline
C08110,D03997,2025-01-01,2026-08-01,14,baseline
C08111,D01748,2025-01-01,2026-08-01,10,baseline
C08112,D04486,2025-01-01,2026-08-01,8,baseline
C08113,D01145,2025-01-01,2026-08-01,7,baseline
C08114,D01963,2025-01-01,2026-08-01,12,baseline
C08115,D01327,2025-01-01,2026-08-01,16,baseline
C08116,D03846,2025-01-01,2026-08-01,4,baseline
C08117,D04661,2025-01-01,2026-08-01,3,baseline
C08118,D01257,2025-01-01,2026-08-01,1,baseline
C08119,D00023,2025-01-01,2026-08-01,10,baseline
C08120,D02448,2025-01-01,2026-08-01,1,baseline
C08121,D03551,2025-01-01,2026-08-01,17,baseline
C08122,D01677,2025-01-01,2026-08-01,2,baseline
C08123,D00647,2025-01-01,2026-08-01,7,baseline
C08124,D04455,2025-01-01,2026-08-01,6,baseline
C08125,D03018,2025-01-01,2026-08-01,11,baseline
C08126,D01114,2025-01-01,2026-08-01,18,baseline
C08127,D04535,2025-01-01,2026-08-01,7,baseline
C08128,D04166,2025-01-01,2026-08-01,3,baseline
C08129,D02772,2025-01-01,2026-08-01,16,baseline
C08130,D02554,2025-01-01,2026-08-01,13,baseline
C08131,D04984,2025-01-01,2026-08-01,16,baseline
C08132,D04983,2025-01-01,2026-08-01,1,baseline
C08133,D02714,2025-01-01,2026-08-01,12,baseline
C08134,D04659,2025-01-01,2026-08-01,15,baseline
C08135,D04882,2025-01-01,2026-08-01,13,baseline
C08136,D00238,2025-01-01,2026-08-01,3,baseline
C08137,D03858,2025-01-01,2026-08-01,5,baseline
C08138,D01959,2025-01-01,2026-08-01,7,baseline
C08139,D01675,2025-01-01,2026-08-01,6,baseline
C08140,D03896,2025-01-01,2026-08-01,14,baseline
C08141,D00906,2025-01-01,2026-08-01,8,baseline
C08142,D04296,2025-01-01,2026-08-01,18,baseline
C08143,D01865,2025-01-01,2026-08-01,13,baseline
C08144,D04538,2025-01-01,2026-08-01,20,baseline
C08145,D01261,2025-01-01,2026-08-01,15,baseline
C08146,D01928,2025-01-01,2026-08-01,18,baseline
C08147,D03454,2025-01-01,2026-08-01,10,baseline
C08148,D01860,2025-01-01,2026-08-01,16,baseline
C08149,D03565,2025-01-01,2026-08-01,4,baseline
C08150,D00890,2025-01-01,2026-08-01,18,baseline
C08151,D00728,2025-01-01,2026-08-01,8,baseline
C08152,D02479,2025-01-01,2026-08-01,6,baseline
C08153,D04386,2025-01-01,2026-08-01,16,baseline
C08154,D00810,2025-01-01,2026-08-01,14,baseline
C08155,D00778,2025-01-01,2026-08-01,10,baseline
C08156,D01392,2025-01-01,2026-08-01,15,baseline
C08157,D02453,2025-01-01,2026-08-01,4,baseline
C08158,D04798,2025-01-01,2026-08-01,11,baseline
C08159,D02567,2025-01-01,2026-08-01,14,baseline
C08160,D02741,2025-01-01,2026-08-01,10,baseline
C08161,D00201,2025-01-01,2026-08-01,14,baseline
C08162,D03623,2025-01-01,2026-08-01,4,baseline
C08163,D02198,2025-01-01,2026-08-01,20,baseline
C08164,D02190,2025-01-01,2026-08-01,8,baseline
C08165,D04168,2025-01-01,2026-08-01,11,baseline
C08166,D01206,2025-01-01,2026-08-01,1,baseline
C08167,D04505,2025-01-01,2026-08-01,14,baseline
C08168,D04683,2025-01-01,2026-08-01,16,baseline
C08169,D02107,2025-01-01,2026-08-01,17,baseline
C08170,D04299,2025-01-01,2026-08-01,19,baseline
C08171,D04707,2025-01-01,2026-08-01,6,baseline
C08172,D01285,2025-01-01,2026-08-01,17,baseline
C08173,D00714,2025-01-01,2026-08-01,5,baseline
C08174,D03413,2025-01-01,2026-08-01,6,baseline
C08175,D01776,2025-01-01,2026-08-01,18,baseline
C08176,D04148,2025-01-01,2026-08-01,17,baseline
C08177,D03662,2025-01-01,2026-08-01,16,baseline
C08178,D04065,2025-01-01,2026-08-01,7,baseline
C08179,D01848,2025-01-01,2026-08-01,11,baseline
C08180,D01889,2025-01-01,2026-08-01,12,baseline
C08181,D02114,2025-01-01,2026-08-01,8,baseline
C08182,D04737,2025-01-01,2026-08-01,11,baseline
C08183,D01557,2025-01-01,2026-08-01,19,baseline
C08184,D04335,2025-01-01,2026-08-01,17,baseline
C08185,D01856,2025-01-01,2026-08-01,1,baseline
C08186,D00224,2025-01-01,2026-08-01,15,baseline
C08187,D00857,2025-01-01,2026-08-01,20,baseline
C08188,D04102,2025-01-01,2026-08-01,17,baseline
C08189,D03248,2025-01-01,2026-08-01,13,baseline
C08190,D00828,2025-01-01,2026-08-01,17,baseline
C08191,D03208,2025-01-01,2026-08-01,16,baseline
C08192,D03361,2025-01-01,2026-08-01,7,baseline
C08193,D00425,2025-01-01,2026-08-01,8,baseline
C08194,D04864,2025-01-01,2026-08-01,9,baseline
C08195,D03792,2025-01-01,2026-08-01,2,baseline
C08196,D04001,2025-01-01,2026-08-01,13,baseline
C08197,D00080,2025-01-01,2026-08-01,14,baseline
C08198,D00282,2025-01-01,2026-08-01,9,baseline
C08199,D00395,2025-01-01,2026-08-01,7,baseline
C08200,D01701,2025-01-01,2026-08-01,10,baseline
C08201,D00112,2025-01-01,2026-08-01,14,baseline
C08202,D02029,2025-01-01,2026-08-01,11,baseline
C08203,D03097,2025-01-01,2026-08-01,9,baseline
C08204,D03163,2025-01-01,2026-08-01,15,baseline
C08205,D00421,2025-01-01,2026-08-01,20,baseline
C08206,D03554,2025-01-01,2026-08-01,19,baseline
C08207,D01211,2025-01-01,2026-08-01,6,baseline
C08208,D04589,2025-01-01,2026-08-01,20,baseline
C08209,D00158,2025-01-01,2026-08-01,7,baseline
C08210,D03575,2025-01-01,2026-08-01,7,baseline
C08211,D00120,2025-01-01,2026-08-01,3,baseline
C08212,D04171,2025-01-01,2026-08-01,18,baseline
C08213,D04592,2025-01-01,2026-08-01,14,baseline
C08214,D04936,2025-01-01,2026-08-01,13,baseline
C08215,D01405,2025-01-01,2026-08-01,20,baseline
C08216,D01593,2025-01-01,2026-08-01,4,baseline
C08217,D00858,2025-01-01,2026-08-01,6,baseline
C08218,D03290,2025-01-01,2026-08-01,14,baseline
C08219,D02895,2025-01-01,2026-08-01,12,baseline
C08220,D01817,2025-01-01,2026-08-01,18,baseline
C08221,D03869,2025-01-01,2026-08-01,7,baseline
C08222,D03905,2025-01-01,2026-08-01,20,baseline
C08223,D04043,2025-01-01,2026-08-01,8,baseline
C08224,D03264,2025-01-01,2026-08-01,18,baseline
C08225,D00801,2025-01-01,2026-08-01,18,baseline
C08226,D01130,2025-01-01,2026-08-01,4,baseline
C08227,D03727,2025-01-01,2026-08-01,19,baseline
C08228,D04970,2025-01-01,2026-08-01,19,baseline
C08229,D04482,2025-01-01,2026-08-01,14,baseline
C08230,D01738,2025-01-01,2026-08-01,18,baseline
C08231,D00294,2025-01-01,2026-08-01,8,baseline
C08232,D03023,2025-01-01,2026-08-01,9,baseline
C08233,D01267,2025-01-01,2026-08-01,17,baseline
C08234,D03068,2025-01-01,2026-08-01,20,baseline
C08235,D01133,2025-01-01,2026-08-01,4,baseline
C08236,D02216,2025-01-01,2026-08-01,11,baseline
C08237,D02835,2025-01-01,2026-08-01,13,baseline
C08238,D04620,2025-01-01,2026-08-01,16,baseline
C08239,D00218,2025-01-01,2026-08-01,10,baseline
C08240,D00809,2025-01-01,2026-08-01,17,baseline
C08241,D00085,2025-01-01,2026-08-01,5,baseline
C08242,D00321,2025-01-01,2026-08-01,4,baseline
C08243,D00659,2025-01-01,2026-08-01,18,baseline
C08244,D02084,2025-01-01,2026-08-01,2,baseline
C08245,D01117,2025-01-01,2026-08-01,19,baseline
C08246,D04531,2025-01-01,2026-08-01,18,baseline
C08247,D00542,2025-01-01,2026-08-01,17,baseline
C08248,D00035,2025-01-01,2026-08-01,2,baseline
C08249,D00207,2025-01-01,2026-08-01,12,baseline
C08250,D02029,2025-01-01,2026-08-01,16,baseline
C08251,D02044,2025-01-01,2026-08-01,7,baseline
C08252,D04116,2025-01-01,2026-08-01,15,baseline
C08253,D02293,2025-01-01,2026-08-01,2,baseline
C08254,D03233,2025-01-01,2026-08-01,3,baseline
C08255,D04311,2025-01-01,2026-08-01,10,baseline
C08256,D01474,2025-01-01,2026-08-01,6,baseline
C08257,D01625,2025-01-01,2026-08-01,6,baseline
C08258,D02433,2025-01-01,2026-08-01,10,baseline
C08259,D04445,2025-01-01,2026-08-01,4,baseline
C08260,D04040,2025-01-01,2026-08-01,6,baseline
C08261,D03868,2025-01-01,2026-08-01,14,baseline
C08262,D00814,2025-01-01,2026-08-01,4,baseline
C08263,D00514,2025-01-01,2026-08-01,8,baseline
C08264,D03226,2025-01-01,2026-08-01,12,baseline
C08265,D01938,2025-01-01,2026-08-01,1,baseline
C08266,D03874,2025-01-01,2026-08-01,20,baseline
C08267,D01710,2025-01-01,2026-08-01,8,baseline
C08268,D02106,2025-01-01,2026-08-01,8,baseline
C08269,D03239,2025-01-01,2026-08-01,8,baseline
C08270,D04275,2025-01-01,2026-08-01,10,baseline
C08271,D03187,2025-01-01,2026-08-01,4,baseline
C08272,D02539,2025-01-01,2026-08-01,2,baseline
C08273,D01203,2025-01-01,2026-08-01,20,baseline
C08274,D03657,2025-01-01,2026-08-01,17,baseline
C08275,D02698,2025-01-01,2026-08-01,10,baseline
C08276,D02213,2025-01-01,2026-08-01,16,baseline
C08277,D03943,2025-01-01,2026-08-01,19,baseline
C08278,D01396,2025-01-01,2026-08-01,2,baseline
C08279,D01081,2025-01-01,2026-08-01,18,baseline
C08280,D00855,2025-01-01,2026-08-01,17,baseline
C08281,D04684,2025-01-01,2026-08-01,9,baseline
C08282,D04746,2025-01-01,2026-08-01,11,baseline
C08283,D02196,2025-01-01,2026-08-01,16,baseline
C08284,D01682,2025-01-01,2026-08-01,13,baseline
C08285,D03452,2025-01-01,2026-08-01,9,baseline
C08286,D03377,2025-01-01,2026-08-01,18,baseline
C08287,D01207,2025-01-01,2026-08-01,17,baseline
C08288,D00667,2025-01-01,2026-08-01,16,baseline
C08289,D00624,2025-01-01,2026-08-01,1,baseline
C08290,D01344,2025-01-01,2026-08-01,3,baseline
C08291,D03388,2025-01-01,2026-08-01,6,baseline
C08292,D04569,2025-01-01,2026-08-01,7,baseline
C08293,D01029,2025-01-01,2026-08-01,8,baseline
C08294,D01200,2025-01-01,2026-08-01,20,baseline
C08295,D01351,2025-01-01,2026-08-01,13,baseline
C08296,D03923,2025-01-01,2026-08-01,13,baseline
C08297,D03395,2025-01-01,2026-08-01,11,baseline
C08298,D02010,2025-01-01,2026-08-01,1,baseline
C08299,D04310,2025-01-01,2026-08-01,11,baseline
C08300,D03691,2025-01-01,2026-08-01,16,baseline
C08301,D00250,2025-01-01,2026-08-01,20,baseline
C08302,D02793,2025-01-01,2026-08-01,20,baseline
C08303,D03677,2025-01-01,2026-08-01,4,baseline
C08304,D01746,2025-01-01,2026-08-01,14,baseline
C08305,D00785,2025-01-01,2026-08-01,15,baseline
C08306,D02631,2025-01-01,2026-08-01,20,baseline
C08307,D01067,2025-01-01,2026-08-01,2,baseline
C08308,D03105,2025-01-01,2026-08-01,10,baseline
C08309,D02412,2025-01-01,2026-08-01,13,baseline
C08310,D03849,2025-01-01,2026-08-01,9,baseline
C08311,D01739,2025-01-01,2026-08-01,20,baseline
C08312,D02494,2025-01-01,2026-08-01,14,baseline
C08313,D04649,2025-01-01,2026-08-01,8,baseline
C08314,D03552,2025-01-01,2026-08-01,10,baseline
C08315,D00482,2025-01-01,2026-08-01,12,baseline
C08316,D02575,2025-01-01,2026-08-01,6,baseline
C08317,D03717,2025-01-01,2026-08-01,6,baseline
C08318,D04547,2025-01-01,2026-08-01,14,baseline
C08319,D00876,2025-01-01,2026-08-01,3,baseline
C08320,D02240,2025-01-01,2026-08-01,7,baseline
C08321,D04596,2025-01-01,2026-08-01,3,baseline
C08322,D01252,2025-01-01,2026-08-01,1,baseline
C08323,D03525,2025-01-01,2026-08-01,1,baseline
C08324,D03134,2025-01-01,2026-08-01,5,baseline
C08325,D02781,2025-01-01,2026-08-01,1,baseline
C08326,D02560,2025-01-01,2026-08-01,1,baseline
C08327,D03334,2025-01-01,2026-08-01,18,baseline
C08328,D00001,2025-01-01,2026-08-01,13,baseline
C08329,D03687,2025-01-01,2026-08-01,6,baseline
C08330,D02918,2025-01-01,2026-08-01,15,baseline
C08331,D02011,2025-01-01,2026-08-01,3,baseline
C08332,D00888,2025-01-01,2026-08-01,2,baseline
C08333,D01506,2025-01-01,2026-08-01,13,baseline
C08334,D01235,2025-01-01,2026-08-01,16,baseline
C08335,D02646,2025-01-01,2026-08-01,3,baseline
C08336,D00314,2025-01-01,2026-08-01,20,baseline
C08337,D02141,2025-01-01,2026-08-01,15,baseline
C08338,D00690,2025-01-01,2026-08-01,13,baseline
C08339,D01714,2025-01-01,2026-08-01,12,baseline
C08340,D01962,2025-01-01,2026-08-01,9,baseline
C08341,D04879,2025-01-01,2026-08-01,20,baseline
C08342,D04282,2025-01-01,2026-08-01,1,baseline
C08343,D03982,2025-01-01,2026-08-01,3,baseline
C08344,D00712,2025-01-01,2026-08-01,18,baseline
C08345,D04280,2025-01-01,2026-08-01,3,baseline
C08346,D03758,2025-01-01,2026-08-01,2,baseline
C08347,D03960,2025-01-01,2026-08-01,13,baseline
C08348,D01527,2025-01-01,2026-08-01,20,baseline
C08349,D01712,2025-01-01,2026-08-01,15,baseline
C08350,D01092,2025-01-01,2026-08-01,7,baseline
C08351,D00948,2025-01-01,2026-08-01,10,baseline
C08352,D01874,2025-01-01,2026-08-01,11,baseline
C08353,D02416,2025-01-01,2026-08-01,8,baseline
C08354,D02353,2025-01-01,2026-08-01,1,baseline
C08355,D03264,2025-01-01,2026-08-01,8,baseline
C08356,D04230,2025-01-01,2026-08-01,7,baseline
C08357,D03560,2025-01-01,2026-08-01,18,baseline
C08358,D03136,2025-01-01,2026-08-01,18,baseline
C08359,D01439,2025-01-01,2026-08-01,16,baseline
C08360,D04206,2025-01-01,2026-08-01,14,baseline
C08361,D00341,2025-01-01,2026-08-01,6,baseline
C08362,D01797,2025-01-01,2026-08-01,14,baseline
C08363,D04110,2025-01-01,2026-08-01,2,baseline
C08364,D00371,2025-01-01,2026-08-01,18,baseline
C08365,D00641,2025-01-01,2026-08-01,16,baseline
C08366,D01121,2025-01-01,2026-08-01,16,baseline
C08367,D02335,2025-01-01,2026-08-01,17,baseline
C08368,D04871,2025-01-01,2026-08-01,18,baseline
C08369,D00975,2025-01-01,2026-08-01,13,baseline
C08370,D04518,2025-01-01,2026-08-01,8,baseline
C08371,D04104,2025-01-01,2026-08-01,10,baseline
C08372,D03416,2025-01-01,2026-08-01,6,baseline
C08373,D00167,2025-01-01,2026-08-01,10,baseline
C08374,D01021,2025-01-01,2026-08-01,18,baseline
C08375,D02970,2025-01-01,2026-08-01,13,baseline
C08376,D03914,2025-01-01,2026-08-01,14,baseline
C08377,D00189,2025-01-01,2026-08-01,18,baseline
C08378,D04265,2025-01-01,2026-08-01,17,baseline
C08379,D02123,2025-01-01,2026-08-01,14,baseline
C08380,D00411,2025-01-01,2026-08-01,20,baseline
C08381,D03084,2025-01-01,2026-08-01,20,baseline
C08382,D02673,2025-01-01,2026-08-01,9,baseline
C08383,D03152,2025-01-01,2026-08-01,7,baseline
C08384,D02622,2025-01-01,2026-08-01,5,baseline
C08385,D01494,2025-01-01,2026-08-01,14,baseline
C08386,D02598,2025-01-01,2026-08-01,19,baseline
C08387,D01528,2025-01-01,2026-08-01,13,baseline
C08388,D00786,2025-01-01,2026-08-01,2,baseline
C08389,D03491,2025-01-01,2026-08-01,5,baseline
C08390,D00368,2025-01-01,2026-08-01,14,baseline
C08391,D04489,2025-01-01,2026-08-01,2,baseline
C08392,D03167,2025-01-01,2026-08-01,2,baseline
C08393,D03353,2025-01-01,2026-08-01,11,baseline
C08394,D03131,2025-01-01,2026-08-01,8,baseline
C08395,D01694,2025-01-01,2026-08-01,16,baseline
C08396,D01083,2025-01-01,2026-08-01,7,baseline
C08397,D01490,2025-01-01,2026-08-01,20,baseline
C08398,D00147,2025-01-01,2026-08-01,1,baseline
C08399,D04040,2025-01-01,2026-08-01,14,baseline
C08400,D02089,2025-01-01,2026-08-01,11,baseline
C08401,D01284,2025-01-01,2026-08-01,14,baseline
C08402,D00215,2025-01-01,2026-08-01,18,baseline
C08403,D01879,2025-01-01,2026-08-01,2,baseline
C08404,D00384,2025-01-01,2026-08-01,19,baseline
C08405,D01349,2025-01-01,2026-08-01,7,baseline
C08406,D03130,2025-01-01,2026-08-01,7,baseline
C08407,D02088,2025-01-01,2026-08-01,11,baseline
C08408,D03382,2025-01-01,2026-08-01,3,baseline
C08409,D01479,2025-01-01,2026-08-01,6,baseline
C08410,D03064,2025-01-01,2026-08-01,11,baseline
C08411,D04765,2025-01-01,2026-08-01,13,baseline
C08412,D02577,2025-01-01,2026-08-01,16,baseline
C08413,D03519,2025-01-01,2026-08-01,3,baseline
C08414,D02186,2025-01-01,2026-08-01,17,baseline
C08415,D02253,2025-01-01,2026-08-01,6,baseline
C08416,D00088,2025-01-01,2026-08-01,1,baseline
C08417,D03507,2025-01-01,2026-08-01,5,baseline
C08418,D04496,2025-01-01,2026-08-01,6,baseline
C08419,D03022,2025-01-01,2026-08-01,17,baseline
C08420,D01672,2025-01-01,2026-08-01,13,baseline
C08421,D04463,2025-01-01,2026-08-01,15,baseline
C08422,D04701,2025-01-01,2026-08-01,7,baseline
C08423,D02195,2025-01-01,2026-08-01,17,baseline
C08424,D00496,2025-01-01,2026-08-01,10,baseline
C08425,D04641,2025-01-01,2026-08-01,11,baseline
C08426,D03366,2025-01-01,2026-08-01,13,baseline
C08427,D02266,2025-01-01,2026-08-01,12,baseline
C08428,D00472,2025-01-01,2026-08-01,5,baseline
C08429,D04940,2025-01-01,2026-08-01,4,baseline
C08430,D04176,2025-01-01,2026-08-01,1,baseline
C08431,D00358,2025-01-01,2026-08-01,12,baseline
C08432,D00838,2025-01-01,2026-08-01,5,baseline
C08433,D01822,2025-01-01,2026-08-01,7,baseline
C08434,D03005,2025-01-01,2026-08-01,2,baseline
C08435,D03136,2025-01-01,2026-08-01,7,baseline
C08436,D01780,2025-01-01,2026-08-01,17,baseline
C08437,D03908,2025-01-01,2026-08-01,14,baseline
C08438,D01746,2025-01-01,2026-08-01,13,baseline
C08439,D01257,2025-01-01,2026-08-01,17,baseline
C08440,D01241,2025-01-01,2026-08-01,20,baseline
C08441,D00469,2025-01-01,2026-08-01,15,baseline
C08442,D01889,2025-01-01,2026-08-01,11,baseline
C08443,D04899,2025-01-01,2026-08-01,13,baseline
C08444,D04920,2025-01-01,2026-08-01,20,baseline
C08445,D02016,2025-01-01,2026-08-01,11,baseline
C08446,D04954,2025-01-01,2026-08-01,12,baseline
C08447,D01877,2025-01-01,2026-08-01,19,baseline
C08448,D03816,2025-01-01,2026-08-01,11,baseline
C08449,D02503,2025-01-01,2026-08-01,8,baseline
C08450,D03168,2025-01-01,2026-08-01,15,baseline
C08451,D04601,2025-01-01,2026-08-01,16,baseline
C08452,D03740,2025-01-01,2026-08-01,3,baseline
C08453,D01503,2025-01-01,2026-08-01,16,baseline
C08454,D01824,2025-01-01,2026-08-01,2,baseline
C08455,D03508,2025-01-01,2026-08-01,5,baseline
C08456,D03606,2025-01-01,2026-08-01,5,baseline
C08457,D00720,2025-01-01,2026-08-01,3,baseline
C08458,D02667,2025-01-01,2026-08-01,13,baseline
C08459,D02270,2025-01-01,2026-08-01,16,baseline
C08460,D01384,2025-01-01,2026-08-01,14,baseline
C08461,D01834,2025-01-01,2026-08-01,14,baseline
C08462,D00451,2025-01-01,2026-08-01,16,baseline
C08463,D01987,2025-01-01,2026-08-01,4,baseline
C08464,D00228,2025-01-01,2026-08-01,16,baseline
C08465,D04960,2025-01-01,2026-08-01,1,baseline
C08466,D03492,2025-01-01,2026-08-01,17,baseline
C08467,D01332,2025-01-01,2026-08-01,14,baseline
C08468,D00358,2025-01-01,2026-08-01,6,baseline
C08469,D01374,2025-01-01,2026-08-01,8,baseline
C08470,D04772,2025-01-01,2026-08-01,1,baseline
C08471,D03493,2025-01-01,2026-08-01,4,baseline
C08472,D00136,2025-01-01,2026-08-01,17,baseline
C08473,D02816,2025-01-01,2026-08-01,18,baseline
C08474,D00505,2025-01-01,2026-08-01,13,baseline
C08475,D03227,2025-01-01,2026-08-01,8,baseline
C08476,D02999,2025-01-01,2026-08-01,7,baseline
C08477,D04326,2025-01-01,2026-08-01,12,baseline
C08478,D00346,2025-01-01,2026-08-01,5,baseline
C08479,D00629,2025-01-01,2026-08-01,18,baseline
C08480,D02584,2025-01-01,2026-08-01,16,baseline
C08481,D01793,2025-01-01,2026-08-01,14,baseline
C08482,D00028,2025-01-01,2026-08-01,7,baseline
C08483,D03145,2025-01-01,2026-08-01,16,baseline
C08484,D00491,2025-01-01,2026-08-01,20,baseline
C08485,D00785,2025-01-01,2026-08-01,19,baseline
C08486,D02720,2025-01-01,2026-08-01,11,baseline
C08487,D02537,2025-01-01,2026-08-01,20,baseline
C08488,D02399,2025-01-01,2026-08-01,16,baseline
C08489,D03539,2025-01-01,2026-08-01,8,baseline
C08490,D00358,2025-01-01,2026-08-01,12,baseline
C08491,D02862,2025-01-01,2026-08-01,5,baseline
C08492,D02728,2025-01-01,2026-08-01,6,baseline
C08493,D01600,2025-01-01,2026-08-01,12,baseline
C08494,D00423,2025-01-01,2026-08-01,9,baseline
C08495,D02244,2025-01-01,2026-08-01,5,baseline
C08496,D03803,2025-01-01,2026-08-01,12,baseline
C08497,D03863,2025-01-01,2026-08-01,13,baseline
C08498,D00598,2025-01-01,2026-08-01,8,baseline
C08499,D01845,2025-01-01,2026-08-01,1,baseline
C08500,D00048,2025-01-01,2026-08-01,4,baseline
C08501,D02608,2025-01-01,2026-08-01,13,baseline
C08502,D04031,2025-01-01,2026-08-01,7,baseline
C08503,D04366,2025-01-01,2026-08-01,18,baseline
C08504,D01178,2025-01-01,2026-08-01,5,baseline
C08505,D04045,2025-01-01,2026-08-01,18,baseline
C08506,D01619,2025-01-01,2026-08-01,2,baseline
C08507,D04610,2025-01-01,2026-08-01,5,baseline
C08508,D02810,2025-01-01,2026-08-01,12,baseline
C08509,D01657,2025-01-01,2026-08-01,17,baseline
C08510,D01285,2025-01-01,2026-08-01,18,baseline
C08511,D04441,2025-01-01,2026-08-01,6,baseline
C08512,D02209,2025-01-01,2026-08-01,7,baseline
C08513,D00309,2025-01-01,2026-08-01,1,baseline
C08514,D02539,2025-01-01,2026-08-01,4,baseline
C08515,D03316,2025-01-01,2026-08-01,2,baseline
C08516,D02729,2025-01-01,2026-08-01,10,baseline
C08517,D02639,2025-01-01,2026-08-01,18,baseline
C08518,D02569,2025-01-01,2026-08-01,17,baseline
C08519,D00581,2025-01-01,2026-08-01,7,baseline
C08520,D03194,2025-01-01,2026-08-01,9,baseline
C08521,D03976,2025-01-01,2026-08-01,7,baseline
C08522,D04501,2025-01-01,2026-08-01,9,baseline
C08523,D00255,2025-01-01,2026-08-01,20,baseline
C08524,D02338,2025-01-01,2026-08-01,17,baseline
C08525,D02945,2025-01-01,2026-08-01,7,baseline
C08526,D01428,2025-01-01,2026-08-01,18,baseline
C08527,D03063,2025-01-01,2026-08-01,6,baseline
C08528,D04914,2025-01-01,2026-08-01,20,baseline
C08529,D03132,2025-01-01,2026-08-01,13,baseline
C08530,D02825,2025-01-01,2026-08-01,10,baseline
C08531,D00042,2025-01-01,2026-08-01,4,baseline
C08532,D01864,2025-01-01,2026-08-01,3,baseline
C08533,D02061,2025-01-01,2026-08-01,17,baseline
C08534,D00238,2025-01-01,2026-08-01,10,baseline
C08535,D04318,2025-01-01,2026-08-01,15,baseline
C08536,D04467,2025-01-01,2026-08-01,13,baseline
C08537,D00150,2025-01-01,2026-08-01,15,baseline
C08538,D00532,2025-01-01,2026-08-01,17,baseline
C08539,D03134,2025-01-01,2026-08-01,11,baseline
C08540,D03735,2025-01-01,2026-08-01,8,baseline
C08541,D04339,2025-01-01,2026-08-01,3,baseline
C08542,D01958,2025-01-01,2026-08-01,11,baseline
C08543,D03694,2025-01-01,2026-08-01,7,baseline
C08544,D02835,2025-01-01,2026-08-01,3,baseline
C08545,D02803,2025-01-01,2026-08-01,12,baseline
C08546,D02081,2025-01-01,2026-08-01,3,baseline
C08547,D03951,2025-01-01,2026-08-01,15,baseline
C08548,D01383,2025-01-01,2026-08-01,11,baseline
C08549,D02593,2025-01-01,2026-08-01,7,baseline
C08550,D04699,2025-01-01,2026-08-01,5,baseline
C08551,D03573,2025-01-01,2026-08-01,13,baseline
C08552,D04245,2025-01-01,2026-08-01,5,baseline
C08553,D04125,2025-01-01,2026-08-01,4,baseline
C08554,D02336,2025-01-01,2026-08-01,20,baseline
C08555,D01511,2025-01-01,2026-08-01,18,baseline
C08556,D02842,2025-01-01,2026-08-01,11,baseline
C08557,D04935,2025-01-01,2026-08-01,4,baseline
C08558,D00464,2025-01-01,2026-08-01,11,baseline
C08559,D01678,2025-01-01,2026-08-01,16,baseline
C08560,D02578,2025-01-01,2026-08-01,4,baseline
C08561,D01252,2025-01-01,2026-08-01,6,baseline
C08562,D02994,2025-01-01,2026-08-01,20,baseline
C08563,D02744,2025-01-01,2026-08-01,14,baseline
C08564,D03384,2025-01-01,2026-08-01,2,baseline
C08565,D02945,2025-01-01,2026-08-01,14,baseline
C08566,D02395,2025-01-01,2026-08-01,3,baseline
C08567,D02187,2025-01-01,2026-08-01,18,baseline
C08568,D03118,2025-01-01,2026-08-01,17,baseline
C08569,D03274,2025-01-01,2026-08-01,11,baseline
C08570,D00526,2025-01-01,2026-08-01,9,baseline
C08571,D04126,2025-01-01,2026-08-01,9,baseline
C08572,D01488,2025-01-01,2026-08-01,17,baseline
C08573,D03248,2025-01-01,2026-08-01,8,baseline
C08574,D04462,2025-01-01,2026-08-01,4,baseline
C08575,D00671,2025-01-01,2026-08-01,19,baseline
C08576,D03689,2025-01-01,2026-08-01,8,baseline
C08577,D03956,2025-01-01,2026-08-01,4,baseline
C08578,D03113,2025-01-01,2026-08-01,7,baseline
C08579,D03593,2025-01-01,2026-08-01,6,baseline
C08580,D01652,2025-01-01,2026-08-01,1,baseline
C08581,D02396,2025-01-01,2026-08-01,1,baseline
C08582,D02983,2025-01-01,2026-08-01,1,baseline
C08583,D00330,2025-01-01,2026-08-01,17,baseline
C08584,D00678,2025-01-01,2026-08-01,15,baseline
C08585,D03636,2025-01-01,2026-08-01,11,baseline
C08586,D03273,2025-01-01,2026-08-01,3,baseline
C08587,D01045,2025-01-01,2026-08-01,16,baseline
C08588,D04743,2025-01-01,2026-08-01,18,baseline
C08589,D02790,2025-01-01,2026-08-01,8,baseline
C08590,D04840,2025-01-01,2026-08-01,14,baseline
C08591,D01642,2025-01-01,2026-08-01,17,baseline
C08592,D00357,2025-01-01,2026-08-01,16,baseline
C08593,D01171,2025-01-01,2026-08-01,17,baseline
C08594,D03381,2025-01-01,2026-08-01,15,baseline
C08595,D03421,2025-01-01,2026-08-01,4,baseline
C08596,D00073,2025-01-01,2026-08-01,16,baseline
C08597,D02962,2025-01-01,2026-08-01,19,baseline
C08598,D00135,2025-01-01,2026-08-01,20,baseline
C08599,D01302,2025-01-01,2026-08-01,4,baseline
C08600,D00926,2025-01-01,2026-08-01,18,baseline
C08601,D04438,2025-01-01,2026-08-01,10,baseline
C08602,D04948,2025-01-01,2026-08-01,16,baseline
C08603,D00769,2025-01-01,2026-08-01,16,baseline
C08604,D00184,2025-01-01,2026-08-01,8,baseline
C08605,D01509,2025-01-01,2026-08-01,6,baseline
C08606,D02278,2025-01-01,2026-08-01,6,baseline
C08607,D02616,2025-01-01,2026-08-01,10,baseline
C08608,D04448,2025-01-01,2026-08-01,2,baseline
C08609,D03739,2025-01-01,2026-08-01,5,baseline
C08610,D01151,2025-01-01,2026-08-01,7,baseline
C08611,D02865,2025-01-01,2026-08-01,15,baseline
C08612,D04311,2025-01-01,2026-08-01,19,baseline
C08613,D02321,2025-01-01,2026-08-01,14,baseline
C08614,D02766,2025-01-01,2026-08-01,14,baseline
C08615,D04923,2025-01-01,2026-08-01,6,baseline
C08616,D03497,2025-01-01,2026-08-01,2,baseline
C08617,D01427,2025-01-01,2026-08-01,4,baseline
C08618,D01252,2025-01-01,2026-08-01,12,baseline
C08619,D00298,2025-01-01,2026-08-01,4,baseline
C08620,D04580,2025-01-01,2026-08-01,14,baseline
C08621,D01214,2025-01-01,2026-08-01,15,baseline
C08622,D01925,2025-01-01,2026-08-01,20,baseline
C08623,D02718,2025-01-01,2026-08-01,7,baseline
C08624,D01060,2025-01-01,2026-08-01,14,baseline
C08625,D03589,2025-01-01,2026-08-01,16,baseline
C08626,D01898,2025-01-01,2026-08-01,11,baseline
C08627,D04256,2025-01-01,2026-08-01,19,baseline
C08628,D00461,2025-01-01,2026-08-01,19,baseline
C08629,D04807,2025-01-01,2026-08-01,12,baseline
C08630,D02387,2025-01-01,2026-08-01,13,baseline
C08631,D03194,2025-01-01,2026-08-01,5,baseline
C08632,D01275,2025-01-01,2026-08-01,10,baseline
C08633,D02653,2025-01-01,2026-08-01,18,baseline
C08634,D03630,2025-01-01,2026-08-01,8,baseline
C08635,D02908,2025-01-01,2026-08-01,13,baseline
C08636,D00679,2025-01-01,2026-08-01,17,baseline
C08637,D02118,2025-01-01,2026-08-01,2,baseline
C08638,D02128,2025-01-01,2026-08-01,20,baseline
C08639,D00594,2025-01-01,2026-08-01,4,baseline
C08640,D02940,2025-01-01,2026-08-01,7,baseline
C08641,D01019,2025-01-01,2026-08-01,12,baseline
C08642,D03599,2025-01-01,2026-08-01,7,baseline
C08643,D02381,2025-01-01,2026-08-01,8,baseline
C08644,D00229,2025-01-01,2026-08-01,16,baseline
C08645,D00931,2025-01-01,2026-08-01,20,baseline
C08646,D04764,2025-01-01,2026-08-01,12,baseline
C08647,D02900,2025-01-01,2026-08-01,2,baseline
C08648,D03452,2025-01-01,2026-08-01,13,baseline
C08649,D00059,2025-01-01,2026-08-01,20,baseline
C08650,D03542,2025-01-01,2026-08-01,12,baseline
C08651,D02328,2025-01-01,2026-08-01,20,baseline
C08652,D04698,2025-01-01,2026-08-01,17,baseline
C08653,D02846,2025-01-01,2026-08-01,1,baseline
C08654,D02519,2025-01-01,2026-08-01,6,baseline
C08655,D04295,2025-01-01,2026-08-01,11,baseline
C08656,D01030,2025-01-01,2026-08-01,2,baseline
C08657,D03168,2025-01-01,2026-08-01,5,baseline
C08658,D02746,2025-01-01,2026-08-01,8,baseline
C08659,D03086,2025-01-01,2026-08-01,11,baseline
C08660,D02386,2025-01-01,2026-08-01,8,baseline
C08661,D04641,2025-01-01,2026-08-01,9,baseline
C08662,D00024,2025-01-01,2026-08-01,15,baseline
C08663,D02307,2025-01-01,2026-08-01,5,baseline
C08664,D02842,2025-01-01,2026-08-01,6,baseline
C08665,D02437,2025-01-01,2026-08-01,19,baseline
C08666,D01088,2025-01-01,2026-08-01,9,baseline
C08667,D02658,2025-01-01,2026-08-01,13,baseline
C08668,D04519,2025-01-01,2026-08-01,2,baseline
C08669,D01177,2025-01-01,2026-08-01,18,baseline
C08670,D03550,2025-01-01,2026-08-01,1,baseline
C08671,D03998,2025-01-01,2026-08-01,8,baseline
C08672,D04356,2025-01-01,2026-08-01,20,baseline
C08673,D00141,2025-01-01,2026-08-01,4,baseline
C08674,D00049,2025-01-01,2026-08-01,11,baseline
C08675,D00076,2025-01-01,2026-08-01,12,baseline
C08676,D00655,2025-01-01,2026-08-01,19,baseline
C08677,D00694,2025-01-01,2026-08-01,10,baseline
C08678,D00121,2025-01-01,2026-08-01,10,baseline
C08679,D00760,2025-01-01,2026-08-01,12,baseline
C08680,D01046,2025-01-01,2026-08-01,5,baseline
C08681,D01205,2025-01-01,2026-08-01,11,baseline
C08682,D02938,2025-01-01,2026-08-01,15,baseline
C08683,D00072,2025-01-01,2026-08-01,6,baseline
C08684,D04564,2025-01-01,2026-08-01,2,baseline
C08685,D00958,2025-01-01,2026-08-01,20,baseline
C08686,D03449,2025-01-01,2026-08-01,1,baseline
C08687,D01084,2025-01-01,2026-08-01,17,baseline
C08688,D03081,2025-01-01,2026-08-01,5,baseline
C08689,D02670,2025-01-01,2026-08-01,17,baseline
C08690,D01986,2025-01-01,2026-08-01,14,baseline
C08691,D03348,2025-01-01,2026-08-01,3,baseline
C08692,D04546,2025-01-01,2026-08-01,2,baseline
C08693,D03750,2025-01-01,2026-08-01,5,baseline
C08694,D03024,2025-01-01,2026-08-01,20,baseline
C08695,D02662,2025-01-01,2026-08-01,5,baseline
C08696,D01127,2025-01-01,2026-08-01,5,baseline
C08697,D02695,2025-01-01,2026-08-01,12,baseline
C08698,D01572,2025-01-01,2026-08-01,4,baseline
C08699,D02141,2025-01-01,2026-08-01,1,baseline
C08700,D02652,2025-01-01,2026-08-01,14,baseline
C08701,D02150,2025-01-01,2026-08-01,16,baseline
C08702,D02665,2025-01-01,2026-08-01,14,baseline
C08703,D03120,2025-01-01,2026-08-01,20,baseline
C08704,D02360,2025-01-01,2026-08-01,6,baseline
C08705,D04767,2025-01-01,2026-08-01,5,baseline
C08706,D00870,2025-01-01,2026-08-01,1,baseline
C08707,D04860,2025-01-01,2026-08-01,16,baseline
C08708,D03659,2025-01-01,2026-08-01,11,baseline
C08709,D04246,2025-01-01,2026-08-01,8,baseline
C08710,D00655,2025-01-01,2026-08-01,2,baseline
C08711,D00860,2025-01-01,2026-08-01,6,baseline
C08712,D02195,2025-01-01,2026-08-01,18,baseline
C08713,D02029,2025-01-01,2026-08-01,6,baseline
C08714,D03193,2025-01-01,2026-08-01,10,baseline
C08715,D00747,2025-01-01,2026-08-01,4,baseline
C08716,D03543,2025-01-01,2026-08-01,11,baseline
C08717,D00706,2025-01-01,2026-08-01,15,baseline
C08718,D00041,2025-01-01,2026-08-01,18,baseline
C08719,D03881,2025-01-01,2026-08-01,20,baseline
C08720,D03309,2025-01-01,2026-08-01,14,baseline
C08721,D01850,2025-01-01,2026-08-01,2,baseline
C08722,D00193,2025-01-01,2026-08-01,8,baseline
C08723,D03138,2025-01-01,2026-08-01,5,baseline
C08724,D00704,2025-01-01,2026-08-01,7,baseline
C08725,D00111,2025-01-01,2026-08-01,13,baseline
C08726,D03856,2025-01-01,2026-08-01,5,baseline
C08727,D04854,2025-01-01,2026-08-01,12,baseline
C08728,D03842,2025-01-01,2026-08-01,13,baseline
C08729,D00566,2025-01-01,2026-08-01,6,baseline
C08730,D01940,2025-01-01,2026-08-01,8,baseline
C08731,D02777,2025-01-01,2026-08-01,15,baseline
C08732,D02951,2025-01-01,2026-08-01,4,baseline
C08733,D02962,2025-01-01,2026-08-01,20,baseline
C08734,D01642,2025-01-01,2026-08-01,16,baseline
C08735,D03015,2025-01-01,2026-08-01,3,baseline
C08736,D01853,2025-01-01,2026-08-01,18,baseline
C08737,D01754,2025-01-01,2026-08-01,19,baseline
C08738,D02853,2025-01-01,2026-08-01,10,baseline
C08739,D04478,2025-01-01,2026-08-01,5,baseline
C08740,D04150,2025-01-01,2026-08-01,11,baseline
C08741,D01620,2025-01-01,2026-08-01,4,baseline
C08742,D03023,2025-01-01,2026-08-01,15,baseline
C08743,D01828,2025-01-01,2026-08-01,9,baseline
C08744,D02570,2025-01-01,2026-08-01,7,baseline
C08745,D04616,2025-01-01,2026-08-01,19,baseline
C08746,D01400,2025-01-01,2026-08-01,14,baseline
C08747,D04970,2025-01-01,2026-08-01,5,baseline
C08748,D03292,2025-01-01,2026-08-01,11,baseline
C08749,D04637,2025-01-01,2026-08-01,8,baseline
C08750,D01645,2025-01-01,2026-08-01,2,baseline
C08751,D00811,2025-01-01,2026-08-01,14,baseline
C08752,D04525,2025-01-01,2026-08-01,18,baseline
C08753,D03886,2025-01-01,2026-08-01,16,baseline
C08754,D01247,2025-01-01,2026-08-01,1,baseline
C08755,D00087,2025-01-01,2026-08-01,7,baseline
C08756,D04224,2025-01-01,2026-08-01,8,baseline
C08757,D00676,2025-01-01,2026-08-01,3,baseline
C08758,D01539,2025-01-01,2026-08-01,20,baseline
C08759,D02399,2025-01-01,2026-08-01,16,baseline
C08760,D04898,2025-01-01,2026-08-01,12,baseline
C08761,D02366,2025-01-01,2026-08-01,14,baseline
C08762,D02428,2025-01-01,2026-08-01,16,baseline
C08763,D02022,2025-01-01,2026-08-01,2,baseline
C08764,D01176,2025-01-01,2026-08-01,1,baseline
C08765,D00871,2025-01-01,2026-08-01,1,baseline
C08766,D04135,2025-01-01,2026-08-01,8,baseline
C08767,D04690,2025-01-01,2026-08-01,14,baseline
C08768,D03311,2025-01-01,2026-08-01,4,baseline
C08769,D02267,2025-01-01,2026-08-01,18,baseline
C08770,D00944,2025-01-01,2026-08-01,6,baseline
C08771,D00258,2025-01-01,2026-08-01,13,baseline
C08772,D00609,2025-01-01,2026-08-01,6,baseline
C08773,D04156,2025-01-01,2026-08-01,16,baseline
C08774,D00925,2025-01-01,2026-08-01,3,baseline
C08775,D01071,2025-01-01,2026-08-01,11,baseline
C08776,D04006,2025-01-01,2026-08-01,2,baseline
C08777,D00808,2025-01-01,2026-08-01,5,baseline
C08778,D03200,2025-01-01,2026-08-01,2,baseline
C08779,D00779,2025-01-01,2026-08-01,10,baseline
C08780,D02051,2025-01-01,2026-08-01,11,baseline
C08781,D03549,2025-01-01,2026-08-01,9,baseline
C08782,D02429,2025-01-01,2026-08-01,11,baseline
C08783,D01501,2025-01-01,2026-08-01,8,baseline
C08784,D01643,2025-01-01,2026-08-01,18,baseline
C08785,D01352,2025-01-01,2026-08-01,18,baseline
C08786,D01628,2025-01-01,2026-08-01,8,baseline
C08787,D00177,2025-01-01,2026-08-01,15,baseline
C08788,D01666,2025-01-01,2026-08-01,15,baseline
C08789,D01747,2025-01-01,2026-08-01,10,baseline
C08790,D02224,2025-01-01,2026-08-01,15,baseline
C08791,D03108,2025-01-01,2026-08-01,10,baseline
C08792,D01233,2025-01-01,2026-08-01,7,baseline
C08793,D02901,2025-01-01,2026-08-01,12,baseline
C08794,D00664,2025-01-01,2026-08-01,5,baseline
C08795,D01285,2025-01-01,2026-08-01,10,baseline
C08796,D04263,2025-01-01,2026-08-01,7,baseline
C08797,D04892,2025-01-01,2026-08-01,9,baseline
C08798,D00552,2025-01-01,2026-08-01,2,baseline
C08799,D00106,2025-01-01,2026-08-01,4,baseline
C08800,D00406,2025-01-01,2026-08-01,8,baseline
C08801,D03157,2025-01-01,2026-08-01,16,baseline
C08802,D04853,2025-01-01,2026-08-01,4,baseline
C08803,D01818,2025-01-01,2026-08-01,12,baseline
C08804,D04697,2025-01-01,2026-08-01,4,baseline
C08805,D00083,2025-01-01,2026-08-01,7,baseline
C08806,D00798,2025-01-01,2026-08-01,13,baseline
C08807,D03041,2025-01-01,2026-08-01,20,baseline
C08808,D03236,2025-01-01,2026-08-01,6,baseline
C08809,D04024,2025-01-01,2026-08-01,1,baseline
C08810,D04300,2025-01-01,2026-08-01,13,baseline
C08811,D04711,2025-01-01,2026-08-01,11,baseline
C08812,D02431,2025-01-01,2026-08-01,7,baseline
C08813,D03296,2025-01-01,2026-08-01,12,baseline
C08814,D02960,2025-01-01,2026-08-01,11,baseline
C08815,D03629,2025-01-01,2026-08-01,12,baseline
C08816,D02255,2025-01-01,2026-08-01,18,baseline
C08817,D03087,2025-01-01,2026-08-01,2,baseline
C08818,D00714,2025-01-01,2026-08-01,16,baseline
C08819,D00655,2025-01-01,2026-08-01,12,baseline
C08820,D03351,2025-01-01,2026-08-01,7,baseline
C08821,D03506,2025-01-01,2026-08-01,6,baseline
C08822,D04874,2025-01-01,2026-08-01,12,baseline
C08823,D01633,2025-01-01,2026-08-01,2,baseline
C08824,D00442,2025-01-01,2026-08-01,14,baseline
C08825,D04582,2025-01-01,2026-08-01,15,baseline
C08826,D00091,2025-01-01,2026-08-01,5,baseline
C08827,D00001,2025-01-01,2026-08-01,9,baseline
C08828,D04683,2025-01-01,2026-08-01,13,baseline
C08829,D00835,2025-01-01,2026-08-01,4,baseline
C08830,D03901,2025-01-01,2026-08-01,9,baseline
C08831,D02298,2025-01-01,2026-08-01,2,baseline
C08832,D01969,2025-01-01,2026-08-01,13,baseline
C08833,D03362,2025-01-01,2026-08-01,2,baseline
C08834,D02600,2025-01-01,2026-08-01,19,baseline
C08835,D00821,2025-01-01,2026-08-01,1,baseline
C08836,D00192,2025-01-01,2026-08-01,3,baseline
C08837,D04414,2025-01-01,2026-08-01,7,baseline
C08838,D00319,2025-01-01,2026-08-01,5,baseline
C08839,D03343,2025-01-01,2026-08-01,6,baseline
C08840,D01169,2025-01-01,2026-08-01,18,baseline
C08841,D02982,2025-01-01,2026-08-01,13,baseline
C08842,D00446,2025-01-01,2026-08-01,10,baseline
C08843,D04137,2025-01-01,2026-08-01,19,baseline
C08844,D00434,2025-01-01,2026-08-01,2,baseline
C08845,D02252,2025-01-01,2026-08-01,3,baseline
C08846,D00556,2025-01-01,2026-08-01,13,baseline
C08847,D04311,2025-01-01,2026-08-01,15,baseline
C08848,D01240,2025-01-01,2026-08-01,2,baseline
C08849,D00440,2025-01-01,2026-08-01,4,baseline
C08850,D01204,2025-01-01,2026-08-01,7,baseline
C08851,D03957,2025-01-01,2026-08-01,3,baseline
C08852,D01242,2025-01-01,2026-08-01,1,baseline
C08853,D00501,2025-01-01,2026-08-01,10,baseline
C08854,D03156,2025-01-01,2026-08-01,4,baseline
C08855,D03284,2025-01-01,2026-08-01,8,baseline
C08856,D00587,2025-01-01,2026-08-01,12,baseline
C08857,D04714,2025-01-01,2026-08-01,16,baseline
C08858,D03860,2025-01-01,2026-08-01,3,baseline
C08859,D01064,2025-01-01,2026-08-01,14,baseline
C08860,D04569,2025-01-01,2026-08-01,5,baseline
C08861,D02221,2025-01-01,2026-08-01,12,baseline
C08862,D03822,2025-01-01,2026-08-01,10,baseline
C08863,D02688,2025-01-01,2026-08-01,2,baseline
C08864,D03324,2025-01-01,2026-08-01,4,baseline
C08865,D04270,2025-01-01,2026-08-01,14,baseline
C08866,D04528,2025-01-01,2026-08-01,13,baseline
C08867,D01954,2025-01-01,2026-08-01,10,baseline
C08868,D00561,2025-01-01,2026-08-01,16,baseline
C08869,D00765,2025-01-01,2026-08-01,7,baseline
C08870,D04714,2025-01-01,2026-08-01,18,baseline
C08871,D03393,2025-01-01,2026-08-01,15,baseline
C08872,D02060,2025-01-01,2026-08-01,19,baseline
C08873,D04910,2025-01-01,2026-08-01,16,baseline
C08874,D03619,2025-01-01,2026-08-01,18,baseline
C08875,D01377,2025-01-01,2026-08-01,13,baseline
C08876,D04851,2025-01-01,2026-08-01,4,baseline
C08877,D03921,2025-01-01,2026-08-01,20,baseline
C08878,D01598,2025-01-01,2026-08-01,19,baseline
C08879,D00566,2025-01-01,2026-08-01,16,baseline
C08880,D01413,2025-01-01,2026-08-01,7,baseline
C08881,D04104,2025-01-01,2026-08-01,17,baseline
C08882,D02245,2025-01-01,2026-08-01,1,baseline
C08883,D03049,2025-01-01,2026-08-01,17,baseline
C08884,D01343,2025-01-01,2026-08-01,14,baseline
C08885,D04353,2025-01-01,2026-08-01,1,baseline
C08886,D03116,2025-01-01,2026-08-01,20,baseline
C08887,D03740,2025-01-01,2026-08-01,8,baseline
C08888,D00934,2025-01-01,2026-08-01,1,baseline
C08889,D03736,2025-01-01,2026-08-01,8,baseline
C08890,D03694,2025-01-01,2026-08-01,10,baseline
C08891,D02407,2025-01-01,2026-08-01,10,baseline
C08892,D02611,2025-01-01,2026-08-01,14,baseline
C08893,D04224,2025-01-01,2026-08-01,1,baseline
C08894,D04120,2025-01-01,2026-08-01,19,baseline
C08895,D00466,2025-01-01,2026-08-01,13,baseline
C08896,D03587,2025-01-01,2026-08-01,19,baseline
C08897,D00368,2025-01-01,2026-08-01,11,baseline
C08898,D04890,2025-01-01,2026-08-01,13,baseline
C08899,D01905,2025-01-01,2026-08-01,18,baseline
C08900,D03675,2025-01-01,2026-08-01,7,baseline
C08901,D02334,2025-01-01,2026-08-01,13,baseline
C08902,D01342,2025-01-01,2026-08-01,10,baseline
C08903,D02289,2025-01-01,2026-08-01,9,baseline
C08904,D04399,2025-01-01,2026-08-01,15,baseline
C08905,D01399,2025-01-01,2026-08-01,8,baseline
C08906,D01542,2025-01-01,2026-08-01,1,baseline
C08907,D00016,2025-01-01,2026-08-01,1,baseline
C08908,D00532,2025-01-01,2026-08-01,6,baseline
C08909,D04331,2025-01-01,2026-08-01,14,baseline
C08910,D02697,2025-01-01,2026-08-01,1,baseline
C08911,D04978,2025-01-01,2026-08-01,12,baseline
C08912,D03568,2025-01-01,2026-08-01,10,baseline
C08913,D01925,2025-01-01,2026-08-01,12,baseline
C08914,D03597,2025-01-01,2026-08-01,2,baseline
C08915,D01381,2025-01-01,2026-08-01,1,baseline
C08916,D03440,2025-01-01,2026-08-01,3,baseline
C08917,D03122,2025-01-01,2026-08-01,5,baseline
C08918,D01819,2025-01-01,2026-08-01,19,baseline
C08919,D01926,2025-01-01,2026-08-01,17,baseline
C08920,D01525,2025-01-01,2026-08-01,10,baseline
C08921,D00679,2025-01-01,2026-08-01,5,baseline
C08922,D00016,2025-01-01,2026-08-01,18,baseline
C08923,D02871,2025-01-01,2026-08-01,9,baseline
C08924,D01839,2025-01-01,2026-08-01,12,baseline
C08925,D03386,2025-01-01,2026-08-01,5,baseline
C08926,D04170,2025-01-01,2026-08-01,19,baseline
C08927,D00757,2025-01-01,2026-08-01,1,baseline
C08928,D02895,2025-01-01,2026-08-01,2,baseline
C08929,D00262,2025-01-01,2026-08-01,20,baseline
C08930,D04918,2025-01-01,2026-08-01,16,baseline
C08931,D02749,2025-01-01,2026-08-01,15,baseline
C08932,D02431,2025-01-01,2026-08-01,4,baseline
C08933,D02983,2025-01-01,2026-08-01,2,baseline
C08934,D00829,2025-01-01,2026-08-01,19,baseline
C08935,D00679,2025-01-01,2026-08-01,3,baseline
C08936,D03738,2025-01-01,2026-08-01,1,baseline
C08937,D04000,2025-01-01,2026-08-01,18,baseline
C08938,D01255,2025-01-01,2026-08-01,8,baseline
C08939,D02724,2025-01-01,2026-08-01,11,baseline
C08940,D04060,2025-01-01,2026-08-01,14,baseline
C08941,D02135,2025-01-01,2026-08-01,15,baseline
C08942,D03940,2025-01-01,2026-08-01,11,baseline
C08943,D03181,2025-01-01,2026-08-01,7,baseline
C08944,D02071,2025-01-01,2026-08-01,15,baseline
C08945,D04786,2025-01-01,2026-08-01,9,baseline
C08946,D02445,2025-01-01,2026-08-01,6,baseline
C08947,D02150,2025-01-01,2026-08-01,2,baseline
C08948,D03328,2025-01-01,2026-08-01,14,baseline
C08949,D02439,2025-01-01,2026-08-01,10,baseline
C08950,D00401,2025-01-01,2026-08-01,13,baseline
C08951,D04698,2025-01-01,2026-08-01,6,baseline
C08952,D04202,2025-01-01,2026-08-01,10,baseline
C08953,D01135,2025-01-01,2026-08-01,5,baseline
C08954,D00299,2025-01-01,2026-08-01,8,baseline
C08955,D04046,2025-01-01,2026-08-01,14,baseline
C08956,D01701,2025-01-01,2026-08-01,18,baseline
C08957,D01125,2025-01-01,2026-08-01,19,baseline
C08958,D04169,2025-01-01,2026-08-01,10,baseline
C08959,D00781,2025-01-01,2026-08-01,5,baseline
C08960,D01988,2025-01-01,2026-08-01,19,baseline
C08961,D04125,2025-01-01,2026-08-01,5,baseline
C08962,D02989,2025-01-01,2026-08-01,4,baseline
C08963,D00278,2025-01-01,2026-08-01,14,baseline
C08964,D01922,2025-01-01,2026-08-01,10,baseline
C08965,D01356,2025-01-01,2026-08-01,20,baseline
C08966,D03218,2025-01-01,2026-08-01,13,baseline
C08967,D01784,2025-01-01,2026-08-01,4,baseline
C08968,D03708,2025-01-01,2026-08-01,18,baseline
C08969,D00230,2025-01-01,2026-08-01,10,baseline
C08970,D04054,2025-01-01,2026-08-01,9,baseline
C08971,D01957,2025-01-01,2026-08-01,3,baseline
C08972,D03651,2025-01-01,2026-08-01,12,baseline
C08973,D01113,2025-01-01,2026-08-01,8,baseline
C08974,D03717,2025-01-01,2026-08-01,5,baseline
C08975,D00072,2025-01-01,2026-08-01,4,baseline
C08976,D04048,2025-01-01,2026-08-01,1,baseline
C08977,D01410,2025-01-01,2026-08-01,17,baseline
C08978,D02898,2025-01-01,2026-08-01,8,baseline
C08979,D00956,2025-01-01,2026-08-01,12,baseline
C08980,D03722,2025-01-01,2026-08-01,2,baseline
C08981,D04914,2025-01-01,2026-08-01,3,baseline
C08982,D04524,2025-01-01,2026-08-01,4,baseline
C08983,D04937,2025-01-01,2026-08-01,17,baseline
C08984,D04758,2025-01-01,2026-08-01,17,baseline
C08985,D00053,2025-01-01,2026-08-01,17,baseline
C08986,D00336,2025-01-01,2026-08-01,10,baseline
C08987,D00815,2025-01-01,2026-08-01,12,baseline
C08988,D01833,2025-01-01,2026-08-01,17,baseline
C08989,D00436,2025-01-01,2026-08-01,19,baseline
C08990,D00580,2025-01-01,2026-08-01,17,baseline
C08991,D02298,2025-01-01,2026-08-01,19,baseline
C08992,D04645,2025-01-01,2026-08-01,14,baseline
C08993,D02977,2025-01-01,2026-08-01,7,baseline
C08994,D03732,2025-01-01,2026-08-01,4,baseline
C08995,D04817,2025-01-01,2026-08-01,16,baseline
C08996,D01883,2025-01-01,2026-08-01,8,baseline
C08997,D02443,2025-01-01,2026-08-01,7,baseline
C08998,D00581,2025-01-01,2026-08-01,4,baseline
C08999,D01458,2025-01-01,2026-08-01,12,baseline
C09000,D02292,2025-01-01,2026-08-01,18,baseline
C09001,D02052,2025-01-01,2026-08-01,1,baseline
C09002,D01369,2025-01-01,2026-08-01,19,baseline
C09003,D04111,2025-01-01,2026-08-01,8,baseline
C09004,D01229,2025-01-01,2026-08-01,5,baseline
C09005,D02479,2025-01-01,2026-08-01,17,baseline
C09006,D01392,2025-01-01,2026-08-01,17,baseline
C09007,D02525,2025-01-01,2026-08-01,8,baseline
C09008,D01556,2025-01-01,2026-08-01,12,baseline
C09009,D03197,2025-01-01,2026-08-01,5,baseline
C09010,D01955,2025-01-01,2026-08-01,4,baseline
C09011,D02215,2025-01-01,2026-08-01,3,baseline
C09012,D00327,2025-01-01,2026-08-01,16,baseline
C09013,D03647,2025-01-01,2026-08-01,18,baseline
C09014,D04621,2025-01-01,2026-08-01,18,baseline
C09015,D03220,2025-01-01,2026-08-01,12,baseline
C09016,D04255,2025-01-01,2026-08-01,12,baseline
C09017,D00577,2025-01-01,2026-08-01,16,baseline
C09018,D01457,2025-01-01,2026-08-01,7,baseline
C09019,D01295,2025-01-01,2026-08-01,11,baseline
C09020,D01619,2025-01-01,2026-08-01,17,baseline
C09021,D00962,2025-01-01,2026-08-01,15,baseline
C09022,D02597,2025-01-01,2026-08-01,14,baseline
C09023,D00531,2025-01-01,2026-08-01,15,baseline
C09024,D02115,2025-01-01,2026-08-01,6,baseline
C09025,D01243,2025-01-01,2026-08-01,2,baseline
C09026,D00835,2025-01-01,2026-08-01,19,baseline
C09027,D01802,2025-01-01,2026-08-01,9,baseline
C09028,D03069,2025-01-01,2026-08-01,6,baseline
C09029,D02922,2025-01-01,2026-08-01,17,baseline
C09030,D03732,2025-01-01,2026-08-01,1,baseline
C09031,D02811,2025-01-01,2026-08-01,10,baseline
C09032,D01058,2025-01-01,2026-08-01,10,baseline
C09033,D03998,2025-01-01,2026-08-01,17,baseline
C09034,D02368,2025-01-01,2026-08-01,7,baseline
C09035,D00149,2025-01-01,2026-08-01,11,baseline
C09036,D03805,2025-01-01,2026-08-01,7,baseline
C09037,D01574,2025-01-01,2026-08-01,11,baseline
C09038,D01467,2025-01-01,2026-08-01,9,baseline
C09039,D02064,2025-01-01,2026-08-01,20,baseline
C09040,D04781,2025-01-01,2026-08-01,11,baseline
C09041,D04865,2025-01-01,2026-08-01,15,baseline
C09042,D03160,2025-01-01,2026-08-01,4,baseline
C09043,D04577,2025-01-01,2026-08-01,13,baseline
C09044,D00456,2025-01-01,2026-08-01,7,baseline
C09045,D01130,2025-01-01,2026-08-01,6,baseline
C09046,D03022,2025-01-01,2026-08-01,13,baseline
C09047,D02254,2025-01-01,2026-08-01,13,baseline
C09048,D03884,2025-01-01,2026-08-01,11,baseline
C09049,D03242,2025-01-01,2026-08-01,13,baseline
C09050,D01863,2025-01-01,2026-08-01,1,baseline
C09051,D00625,2025-01-01,2026-08-01,16,baseline
C09052,D00946,2025-01-01,2026-08-01,4,baseline
C09053,D01342,2025-01-01,2026-08-01,10,baseline
C09054,D01395,2025-01-01,2026-08-01,3,baseline
C09055,D04690,2025-01-01,2026-08-01,13,baseline
C09056,D03629,2025-01-01,2026-08-01,14,baseline
C09057,D00021,2025-01-01,2026-08-01,1,baseline
C09058,D00467,2025-01-01,2026-08-01,18,baseline
C09059,D04656,2025-01-01,2026-08-01,7,baseline
C09060,D03238,2025-01-01,2026-08-01,14,baseline
C09061,D03244,2025-01-01,2026-08-01,5,baseline
C09062,D00258,2025-01-01,2026-08-01,17,baseline
C09063,D02703,2025-01-01,2026-08-01,18,baseline
C09064,D01631,2025-01-01,2026-08-01,16,baseline
C09065,D00376,2025-01-01,2026-08-01,7,baseline
C09066,D02692,2025-01-01,2026-08-01,18,baseline
C09067,D02932,2025-01-01,2026-08-01,7,baseline
C09068,D04066,2025-01-01,2026-08-01,19,baseline
C09069,D01933,2025-01-01,2026-08-01,10,baseline
C09070,D03816,2025-01-01,2026-08-01,10,baseline
C09071,D02067,2025-01-01,2026-08-01,16,baseline
C09072,D02874,2025-01-01,2026-08-01,20,baseline
C09073,D04660,2025-01-01,2026-08-01,4,baseline
C09074,D00985,2025-01-01,2026-08-01,8,baseline
C09075,D04125,2025-01-01,2026-08-01,18,baseline
C09076,D00225,2025-01-01,2026-08-01,9,baseline
C09077,D01161,2025-01-01,2026-08-01,2,baseline
C09078,D00154,2025-01-01,2026-08-01,9,baseline
C09079,D04240,2025-01-01,2026-08-01,19,baseline
C09080,D00424,2025-01-01,2026-08-01,19,baseline
C09081,D04373,2025-01-01,2026-08-01,14,baseline
C09082,D03534,2025-01-01,2026-08-01,16,baseline
C09083,D01608,2025-01-01,2026-08-01,9,baseline
C09084,D04805,2025-01-01,2026-08-01,17,baseline
C09085,D00350,2025-01-01,2026-08-01,16,baseline
C09086,D03791,2025-01-01,2026-08-01,11,baseline
C09087,D02421,2025-01-01,2026-08-01,15,baseline
C09088,D04895,2025-01-01,2026-08-01,8,baseline
C09089,D04983,2025-01-01,2026-08-01,11,baseline
C09090,D01237,2025-01-01,2026-08-01,1,baseline
C09091,D02649,2025-01-01,2026-08-01,6,baseline
C09092,D02789,2025-01-01,2026-08-01,13,baseline
C09093,D01285,2025-01-01,2026-08-01,13,baseline
C09094,D02420,2025-01-01,2026-08-01,11,baseline
C09095,D03562,2025-01-01,2026-08-01,4,baseline
C09096,D02284,2025-01-01,2026-08-01,15,baseline
C09097,D00611,2025-01-01,2026-08-01,11,baseline
C09098,D00056,2025-01-01,2026-08-01,1,baseline
C09099,D01534,2025-01-01,2026-08-01,17,baseline
C09100,D00021,2025-01-01,2026-08-01,3,baseline
C09101,D01963,2025-01-01,2026-08-01,10,baseline
C09102,D04379,2025-01-01,2026-08-01,6,baseline
C09103,D02934,2025-01-01,2026-08-01,7,baseline
C09104,D04248,2025-01-01,2026-08-01,1,baseline
C09105,D03791,2025-01-01,2026-08-01,16,baseline
C09106,D01295,2025-01-01,2026-08-01,10,baseline
C09107,D01909,2025-01-01,2026-08-01,19,baseline
C09108,D03244,2025-01-01,2026-08-01,19,baseline
C09109,D02498,2025-01-01,2026-08-01,6,baseline
C09110,D01837,2025-01-01,2026-08-01,4,baseline
C09111,D00705,2025-01-01,2026-08-01,6,baseline
C09112,D00521,2025-01-01,2026-08-01,5,baseline
C09113,D01800,2025-01-01,2026-08-01,8,baseline
C09114,D00143,2025-01-01,2026-08-01,15,baseline
C09115,D00282,2025-01-01,2026-08-01,7,baseline
C09116,D01289,2025-01-01,2026-08-01,6,baseline
C09117,D01357,2025-01-01,2026-08-01,15,baseline
C09118,D01748,2025-01-01,2026-08-01,4,baseline
C09119,D03230,2025-01-01,2026-08-01,8,baseline
C09120,D02278,2025-01-01,2026-08-01,3,baseline
C09121,D00157,2025-01-01,2026-08-01,17,baseline
C09122,D02253,2025-01-01,2026-08-01,16,baseline
C09123,D02536,2025-01-01,2026-08-01,3,baseline
C09124,D01129,2025-01-01,2026-08-01,8,baseline
C09125,D04152,2025-01-01,2026-08-01,18,baseline
C09126,D04108,2025-01-01,2026-08-01,1,baseline
C09127,D00602,2025-01-01,2026-08-01,5,baseline
C09128,D01692,2025-01-01,2026-08-01,17,baseline
C09129,D00450,2025-01-01,2026-08-01,3,baseline
C09130,D03252,2025-01-01,2026-08-01,20,baseline
C09131,D00899,2025-01-01,2026-08-01,10,baseline
C09132,D01223,2025-01-01,2026-08-01,15,baseline
C09133,D02054,2025-01-01,2026-08-01,20,baseline
C09134,D04969,2025-01-01,2026-08-01,5,baseline
C09135,D01557,2025-01-01,2026-08-01,7,baseline
C09136,D01382,2025-01-01,2026-08-01,19,baseline
C09137,D02462,2025-01-01,2026-08-01,12,baseline
C09138,D01878,2025-01-01,2026-08-01,12,baseline
C09139,D00136,2025-01-01,2026-08-01,14,baseline
C09140,D04845,2025-01-01,2026-08-01,10,baseline
C09141,D00291,2025-01-01,2026-08-01,9,baseline
C09142,D03376,2025-01-01,2026-08-01,7,baseline
C09143,D00066,2025-01-01,2026-08-01,3,baseline
C09144,D01384,2025-01-01,2026-08-01,1,baseline
C09145,D01010,2025-01-01,2026-08-01,9,baseline
C09146,D04734,2025-01-01,2026-08-01,17,baseline
C09147,D01078,2025-01-01,2026-08-01,15,baseline
C09148,D04506,2025-01-01,2026-08-01,18,baseline
C09149,D03635,2025-01-01,2026-08-01,3,baseline
C09150,D00965,2025-01-01,2026-08-01,5,baseline
C09151,D01769,2025-01-01,2026-08-01,19,baseline
C09152,D04374,2025-01-01,2026-08-01,14,baseline
C09153,D02698,2025-01-01,2026-08-01,4,baseline
C09154,D03977,2025-01-01,2026-08-01,18,baseline
C09155,D03011,2025-01-01,2026-08-01,1,baseline
C09156,D00945,2025-01-01,2026-08-01,17,baseline
C09157,D03624,2025-01-01,2026-08-01,2,baseline
C09158,D01793,2025-01-01,2026-08-01,3,baseline
C09159,D00237,2025-01-01,2026-08-01,18,baseline
C09160,D03485,2025-01-01,2026-08-01,6,baseline
C09161,D01396,2025-01-01,2026-08-01,19,baseline
C09162,D02462,2025-01-01,2026-08-01,3,baseline
C09163,D03944,2025-01-01,2026-08-01,17,baseline
C09164,D01523,2025-01-01,2026-08-01,6,baseline
C09165,D02350,2025-01-01,2026-08-01,6,baseline
C09166,D01360,2025-01-01,2026-08-01,5,baseline
C09167,D00290,2025-01-01,2026-08-01,19,baseline
C09168,D00460,2025-01-01,2026-08-01,3,baseline
C09169,D03164,2025-01-01,2026-08-01,18,baseline
C09170,D00833,2025-01-01,2026-08-01,8,baseline
C09171,D02193,2025-01-01,2026-08-01,5,baseline
C09172,D03704,2025-01-01,2026-08-01,9,baseline
C09173,D03402,2025-01-01,2026-08-01,5,baseline
C09174,D01605,2025-01-01,2026-08-01,19,baseline
C09175,D01530,2025-01-01,2026-08-01,16,baseline
C09176,D00148,2025-01-01,2026-08-01,13,baseline
C09177,D01176,2025-01-01,2026-08-01,20,baseline
C09178,D01541,2025-01-01,2026-08-01,19,baseline
C09179,D01381,2025-01-01,2026-08-01,9,baseline
C09180,D01499,2025-01-01,2026-08-01,15,baseline
C09181,D01551,2025-01-01,2026-08-01,10,baseline
C09182,D01289,2025-01-01,2026-08-01,20,baseline
C09183,D03889,2025-01-01,2026-08-01,11,baseline
C09184,D01375,2025-01-01,2026-08-01,15,baseline
C09185,D02804,2025-01-01,2026-08-01,17,baseline
C09186,D04345,2025-01-01,2026-08-01,15,baseline
C09187,D02318,2025-01-01,2026-08-01,8,baseline
C09188,D02762,2025-01-01,2026-08-01,8,baseline
C09189,D01626,2025-01-01,2026-08-01,9,baseline
C09190,D04931,2025-01-01,2026-08-01,16,baseline
C09191,D01646,2025-01-01,2026-08-01,5,baseline
C09192,D04419,2025-01-01,2026-08-01,10,baseline
C09193,D02199,2025-01-01,2026-08-01,10,baseline
C09194,D02949,2025-01-01,2026-08-01,14,baseline
C09195,D04665,2025-01-01,2026-08-01,10,baseline
C09196,D01981,2025-01-01,2026-08-01,13,baseline
C09197,D04794,2025-01-01,2026-08-01,5,baseline
C09198,D04462,2025-01-01,2026-08-01,20,baseline
C09199,D02942,2025-01-01,2026-08-01,13,baseline
C09200,D01246,2025-01-01,2026-08-01,4,baseline
C09201,D03887,2025-01-01,2026-08-01,11,baseline
C09202,D04680,2025-01-01,2026-08-01,3,baseline
C09203,D04427,2025-01-01,2026-08-01,5,baseline
C09204,D03489,2025-01-01,2026-08-01,4,baseline
C09205,D00509,2025-01-01,2026-08-01,3,baseline
C09206,D03442,2025-01-01,2026-08-01,8,baseline
C09207,D01836,2025-01-01,2026-08-01,1,baseline
C09208,D02113,2025-01-01,2026-08-01,14,baseline
C09209,D01284,2025-01-01,2026-08-01,6,baseline
C09210,D03649,2025-01-01,2026-08-01,17,baseline
C09211,D04571,2025-01-01,2026-08-01,1,baseline
C09212,D02577,2025-01-01,2026-08-01,8,baseline
C09213,D04909,2025-01-01,2026-08-01,9,baseline
C09214,D01380,2025-01-01,2026-08-01,16,baseline
C09215,D03117,2025-01-01,2026-08-01,18,baseline
C09216,D00519,2025-01-01,2026-08-01,8,baseline
C09217,D04490,2025-01-01,2026-08-01,12,baseline
C09218,D03126,2025-01-01,2026-08-01,14,baseline
C09219,D00910,2025-01-01,2026-08-01,17,baseline
C09220,D04736,2025-01-01,2026-08-01,18,baseline
C09221,D02341,2025-01-01,2026-08-01,4,baseline
C09222,D02440,2025-01-01,2026-08-01,12,baseline
C09223,D00414,2025-01-01,2026-08-01,18,baseline
C09224,D04050,2025-01-01,2026-08-01,16,baseline
C09225,D01787,2025-01-01,2026-08-01,10,baseline
C09226,D01803,2025-01-01,2026-08-01,16,baseline
C09227,D03891,2025-01-01,2026-08-01,20,baseline
C09228,D02284,2025-01-01,2026-08-01,11,baseline
C09229,D01832,2025-01-01,2026-08-01,1,baseline
C09230,D03030,2025-01-01,2026-08-01,5,baseline
C09231,D03414,2025-01-01,2026-08-01,4,baseline
C09232,D04518,2025-01-01,2026-08-01,1,baseline
C09233,D03059,2025-01-01,2026-08-01,14,baseline
C09234,D02114,2025-01-01,2026-08-01,15,baseline
C09235,D01945,2025-01-01,2026-08-01,18,baseline
C09236,D04567,2025-01-01,2026-08-01,17,baseline
C09237,D02730,2025-01-01,2026-08-01,19,baseline
C09238,D03869,2025-01-01,2026-08-01,18,baseline
C09239,D02489,2025-01-01,2026-08-01,12,baseline
C09240,D02599,2025-01-01,2026-08-01,1,baseline
C09241,D00894,2025-01-01,2026-08-01,11,baseline
C09242,D03983,2025-01-01,2026-08-01,20,baseline
C09243,D02293,2025-01-01,2026-08-01,17,baseline
C09244,D03117,2025-01-01,2026-08-01,2,baseline
C09245,D03836,2025-01-01,2026-08-01,20,baseline
C09246,D02295,2025-01-01,2026-08-01,9,baseline
C09247,D01857,2025-01-01,2026-08-01,20,baseline
C09248,D01583,2025-01-01,2026-08-01,3,baseline
C09249,D01100,2025-01-01,2026-08-01,1,baseline
C09250,D04924,2025-01-01,2026-08-01,2,baseline
C09251,D03264,2025-01-01,2026-08-01,18,baseline
C09252,D00364,2025-01-01,2026-08-01,17,baseline
C09253,D02410,2025-01-01,2026-08-01,1,baseline
C09254,D01618,2025-01-01,2026-08-01,9,baseline
C09255,D02190,2025-01-01,2026-08-01,16,baseline
C09256,D04638,2025-01-01,2026-08-01,16,baseline
C09257,D01234,2025-01-01,2026-08-01,14,baseline
C09258,D03482,2025-01-01,2026-08-01,5,baseline
C09259,D02651,2025-01-01,2026-08-01,17,baseline
C09260,D00592,2025-01-01,2026-08-01,10,baseline
C09261,D04732,2025-01-01,2026-08-01,4,baseline
C09262,D00903,2025-01-01,2026-08-01,9,baseline
C09263,D01433,2025-01-01,2026-08-01,15,baseline
C09264,D01934,2025-01-01,2026-08-01,20,baseline
C09265,D04828,2025-01-01,2026-08-01,12,baseline
C09266,D04827,2025-01-01,2026-08-01,18,baseline
C09267,D02628,2025-01-01,2026-08-01,7,baseline
C09268,D03346,2025-01-01,2026-08-01,5,baseline
C09269,D03523,2025-01-01,2026-08-01,16,baseline
C09270,D02657,2025-01-01,2026-08-01,2,baseline
C09271,D01619,2025-01-01,2026-08-01,16,baseline
C09272,D01425,2025-01-01,2026-08-01,11,baseline
C09273,D02156,2025-01-01,2026-08-01,19,baseline
C09274,D02104,2025-01-01,2026-08-01,4,baseline
C09275,D02519,2025-01-01,2026-08-01,12,baseline
C09276,D03270,2025-01-01,2026-08-01,6,baseline
C09277,D04646,2025-01-01,2026-08-01,3,baseline
C09278,D03186,2025-01-01,2026-08-01,16,baseline
C09279,D02517,2025-01-01,2026-08-01,8,baseline
C09280,D00861,2025-01-01,2026-08-01,9,baseline
C09281,D03611,2025-01-01,2026-08-01,3,baseline
C09282,D00086,2025-01-01,2026-08-01,3,baseline
C09283,D02445,2025-01-01,2026-08-01,11,baseline
C09284,D03955,2025-01-01,2026-08-01,7,baseline
C09285,D01163,2025-01-01,2026-08-01,20,baseline
C09286,D00551,2025-01-01,2026-08-01,8,baseline
C09287,D02401,2025-01-01,2026-08-01,8,baseline
C09288,D04805,2025-01-01,2026-08-01,10,baseline
C09289,D02366,2025-01-01,2026-08-01,12,baseline
C09290,D02343,2025-01-01,2026-08-01,9,baseline
C09291,D00424,2025-01-01,2026-08-01,1,baseline
C09292,D00245,2025-01-01,2026-08-01,4,baseline
C09293,D03704,2025-01-01,2026-08-01,14,baseline
C09294,D03063,2025-01-01,2026-08-01,5,baseline
C09295,D00044,2025-01-01,2026-08-01,8,baseline
C09296,D04732,2025-01-01,2026-08-01,20,baseline
C09297,D00539,2025-01-01,2026-08-01,4,baseline
C09298,D01047,2025-01-01,2026-08-01,20,baseline
C09299,D01313,2025-01-01,2026-08-01,13,baseline
C09300,D02513,2025-01-01,2026-08-01,2,baseline
C09301,D02052,2025-01-01,2026-08-01,4,baseline
C09302,D04420,2025-01-01,2026-08-01,13,baseline
C09303,D01266,2025-01-01,2026-08-01,10,baseline
C09304,D01791,2025-01-01,2026-08-01,1,baseline
C09305,D02065,2025-01-01,2026-08-01,14,baseline
C09306,D04493,2025-01-01,2026-08-01,16,baseline
C09307,D03618,2025-01-01,2026-08-01,10,baseline
C09308,D03538,2025-01-01,2026-08-01,17,baseline
C09309,D00702,2025-01-01,2026-08-01,19,baseline
C09310,D01207,2025-01-01,2026-08-01,19,baseline
C09311,D03568,2025-01-01,2026-08-01,7,baseline
C09312,D03756,2025-01-01,2026-08-01,7,baseline
C09313,D00914,2025-01-01,2026-08-01,6,baseline
C09314,D04574,2025-01-01,2026-08-01,6,baseline
C09315,D04505,2025-01-01,2026-08-01,17,baseline
C09316,D04171,2025-01-01,2026-08-01,1,baseline
C09317,D00902,2025-01-01,2026-08-01,14,baseline
C09318,D01670,2025-01-01,2026-08-01,15,baseline
C09319,D03621,2025-01-01,2026-08-01,1,baseline
C09320,D03535,2025-01-01,2026-08-01,8,baseline
C09321,D04725,2025-01-01,2026-08-01,12,baseline
C09322,D04067,2025-01-01,2026-08-01,11,baseline
C09323,D02179,2025-01-01,2026-08-01,19,baseline
C09324,D01012,2025-01-01,2026-08-01,19,baseline
C09325,D02315,2025-01-01,2026-08-01,8,baseline
C09326,D01257,2025-01-01,2026-08-01,16,baseline
C09327,D02106,2025-01-01,2026-08-01,4,baseline
C09328,D01425,2025-01-01,2026-08-01,5,baseline
C09329,D04489,2025-01-01,2026-08-01,8,baseline
C09330,D02470,2025-01-01,2026-08-01,17,baseline
C09331,D03764,2025-01-01,2026-08-01,17,baseline
C09332,D04291,2025-01-01,2026-08-01,17,baseline
C09333,D01712,2025-01-01,2026-08-01,16,baseline
C09334,D02032,2025-01-01,2026-08-01,17,baseline
C09335,D02443,2025-01-01,2026-08-01,19,baseline
C09336,D01441,2025-01-01,2026-08-01,8,baseline
C09337,D00078,2025-01-01,2026-08-01,6,baseline
C09338,D03110,2025-01-01,2026-08-01,9,baseline
C09339,D03477,2025-01-01,2026-08-01,15,baseline
C09340,D02045,2025-01-01,2026-08-01,9,baseline
C09341,D04951,2025-01-01,2026-08-01,18,baseline
C09342,D01033,2025-01-01,2026-08-01,10,baseline
C09343,D01083,2025-01-01,2026-08-01,20,baseline
C09344,D01506,2025-01-01,2026-08-01,19,baseline
C09345,D01855,2025-01-01,2026-08-01,5,baseline
C09346,D03781,2025-01-01,2026-08-01,4,baseline
C09347,D02612,2025-01-01,2026-08-01,5,baseline
C09348,D02843,2025-01-01,2026-08-01,16,baseline
C09349,D00580,2025-01-01,2026-08-01,10,baseline
C09350,D00928,2025-01-01,2026-08-01,18,baseline
C09351,D01473,2025-01-01,2026-08-01,2,baseline
C09352,D02306,2025-01-01,2026-08-01,1,baseline
C09353,D04221,2025-01-01,2026-08-01,5,baseline
C09354,D00546,2025-01-01,2026-08-01,9,baseline
C09355,D02139,2025-01-01,2026-08-01,4,baseline
C09356,D03392,2025-01-01,2026-08-01,19,baseline
C09357,D02853,2025-01-01,2026-08-01,13,baseline
C09358,D04110,2025-01-01,2026-08-01,1,baseline
C09359,D00254,2025-01-01,2026-08-01,1,baseline
C09360,D02980,2025-01-01,2026-08-01,12,baseline
C09361,D03068,2025-01-01,2026-08-01,5,baseline
C09362,D02566,2025-01-01,2026-08-01,9,baseline
C09363,D00459,2025-01-01,2026-08-01,13,baseline
C09364,D04951,2025-01-01,2026-08-01,6,baseline
C09365,D04122,2025-01-01,2026-08-01,18,baseline
C09366,D01897,2025-01-01,2026-08-01,8,baseline
C09367,D03064,2025-01-01,2026-08-01,17,baseline
C09368,D04694,2025-01-01,2026-08-01,14,baseline
C09369,D01969,2025-01-01,2026-08-01,1,baseline
C09370,D02588,2025-01-01,2026-08-01,13,baseline
C09371,D02965,2025-01-01,2026-08-01,11,baseline
C09372,D01648,2025-01-01,2026-08-01,15,baseline
C09373,D02481,2025-01-01,2026-08-01,16,baseline
C09374,D04756,2025-01-01,2026-08-01,4,baseline
C09375,D01907,2025-01-01,2026-08-01,20,baseline
C09376,D00061,2025-01-01,2026-08-01,16,baseline
C09377,D03568,2025-01-01,2026-08-01,6,baseline
C09378,D03297,2025-01-01,2026-08-01,19,baseline
C09379,D01002,2025-01-01,2026-08-01,2,baseline
C09380,D00036,2025-01-01,2026-08-01,14,baseline
C09381,D01759,2025-01-01,2026-08-01,12,baseline
C09382,D03905,2025-01-01,2026-08-01,16,baseline
C09383,D03243,2025-01-01,2026-08-01,7,baseline
C09384,D03575,2025-01-01,2026-08-01,3,baseline
C09385,D04521,2025-01-01,2026-08-01,14,baseline
C09386,D00420,2025-01-01,2026-08-01,12,baseline
C09387,D04009,2025-01-01,2026-08-01,14,baseline
C09388,D00275,2025-01-01,2026-08-01,9,baseline
C09389,D02622,2025-01-01,2026-08-01,4,baseline
C09390,D03266,2025-01-01,2026-08-01,3,baseline
C09391,D02745,2025-01-01,2026-08-01,5,baseline
C09392,D03310,2025-01-01,2026-08-01,2,baseline
C09393,D03678,2025-01-01,2026-08-01,20,baseline
C09394,D01832,2025-01-01,2026-08-01,9,baseline
C09395,D01450,2025-01-01,2026-08-01,3,baseline
C09396,D04119,2025-01-01,2026-08-01,18,baseline
C09397,D00717,2025-01-01,2026-08-01,9,baseline
C09398,D04002,2025-01-01,2026-08-01,19,baseline
C09399,D03293,2025-01-01,2026-08-01,2,baseline
C09400,D03446,2025-01-01,2026-08-01,2,baseline
C09401,D01980,2025-01-01,2026-08-01,15,baseline
C09402,D00686,2025-01-01,2026-08-01,4,baseline
C09403,D04419,2025-01-01,2026-08-01,6,baseline
C09404,D01331,2025-01-01,2026-08-01,1,baseline
C09405,D01003,2025-01-01,2026-08-01,6,baseline
C09406,D01930,2025-01-01,2026-08-01,6,baseline
C09407,D00072,2025-01-01,2026-08-01,13,baseline
C09408,D04729,2025-01-01,2026-08-01,9,baseline
C09409,D03662,2025-01-01,2026-08-01,8,baseline
C09410,D00856,2025-01-01,2026-08-01,10,baseline
C09411,D01516,2025-01-01,2026-08-01,4,baseline
C09412,D00185,2025-01-01,2026-08-01,6,baseline
C09413,D04869,2025-01-01,2026-08-01,6,baseline
C09414,D00480,2025-01-01,2026-08-01,5,baseline
C09415,D02018,2025-01-01,2026-08-01,9,baseline
C09416,D03446,2025-01-01,2026-08-01,7,baseline
C09417,D02603,2025-01-01,2026-08-01,15,baseline
C09418,D02575,2025-01-01,2026-08-01,9,baseline
C09419,D03717,2025-01-01,2026-08-01,6,baseline
C09420,D02611,2025-01-01,2026-08-01,10,baseline
C09421,D01356,2025-01-01,2026-08-01,11,baseline
C09422,D00796,2025-01-01,2026-08-01,3,baseline
C09423,D03242,2025-01-01,2026-08-01,19,baseline
C09424,D01556,2025-01-01,2026-08-01,13,baseline
C09425,D03034,2025-01-01,2026-08-01,9,baseline
C09426,D04303,2025-01-01,2026-08-01,2,baseline
C09427,D02282,2025-01-01,2026-08-01,7,baseline
C09428,D03234,2025-01-01,2026-08-01,11,baseline
C09429,D03338,2025-01-01,2026-08-01,17,baseline
C09430,D00695,2025-01-01,2026-08-01,18,baseline
C09431,D00225,2025-01-01,2026-08-01,11,baseline
C09432,D00327,2025-01-01,2026-08-01,2,baseline
C09433,D02953,2025-01-01,2026-08-01,18,baseline
C09434,D04296,2025-01-01,2026-08-01,3,baseline
C09435,D03377,2025-01-01,2026-08-01,19,baseline
C09436,D03426,2025-01-01,2026-08-01,11,baseline
C09437,D02814,2025-01-01,2026-08-01,14,baseline
C09438,D03242,2025-01-01,2026-08-01,8,baseline
C09439,D00370,2025-01-01,2026-08-01,18,baseline
C09440,D01343,2025-01-01,2026-08-01,11,baseline
C09441,D01759,2025-01-01,2026-08-01,15,baseline
C09442,D00836,2025-01-01,2026-08-01,13,baseline
C09443,D03438,2025-01-01,2026-08-01,20,baseline
C09444,D03784,2025-01-01,2026-08-01,11,baseline
C09445,D02539,2025-01-01,2026-08-01,13,baseline
C09446,D03243,2025-01-01,2026-08-01,1,baseline
C09447,D01519,2025-01-01,2026-08-01,11,baseline
C09448,D00258,2025-01-01,2026-08-01,9,baseline
C09449,D01433,2025-01-01,2026-08-01,17,baseline
C09450,D00608,2025-01-01,2026-08-01,15,baseline
C09451,D02849,2025-01-01,2026-08-01,10,baseline
C09452,D04933,2025-01-01,2026-08-01,13,baseline
C09453,D01461,2025-01-01,2026-08-01,14,baseline
C09454,D04394,2025-01-01,2026-08-01,19,baseline
C09455,D01635,2025-01-01,2026-08-01,1,baseline
C09456,D01514,2025-01-01,2026-08-01,7,baseline
C09457,D04647,2025-01-01,2026-08-01,12,baseline
C09458,D03180,2025-01-01,2026-08-01,6,baseline
C09459,D04685,2025-01-01,2026-08-01,16,baseline
C09460,D02808,2025-01-01,2026-08-01,12,baseline
C09461,D03196,2025-01-01,2026-08-01,1,baseline
C09462,D02297,2025-01-01,2026-08-01,19,baseline
C09463,D01133,2025-01-01,2026-08-01,4,baseline
C09464,D03955,2025-01-01,2026-08-01,14,baseline
C09465,D04131,2025-01-01,2026-08-01,17,baseline
C09466,D00219,2025-01-01,2026-08-01,18,baseline
C09467,D01381,2025-01-01,2026-08-01,12,baseline
C09468,D00678,2025-01-01,2026-08-01,7,baseline
C09469,D04262,2025-01-01,2026-08-01,19,baseline
C09470,D03903,2025-01-01,2026-08-01,6,baseline
C09471,D00413,2025-01-01,2026-08-01,19,baseline
C09472,D00556,2025-01-01,2026-08-01,13,baseline
C09473,D02526,2025-01-01,2026-08-01,2,baseline
C09474,D00579,2025-01-01,2026-08-01,12,baseline
C09475,D01565,2025-01-01,2026-08-01,14,baseline
C09476,D02941,2025-01-01,2026-08-01,14,baseline
C09477,D04938,2025-01-01,2026-08-01,2,baseline
C09478,D01174,2025-01-01,2026-08-01,18,baseline
C09479,D03167,2025-01-01,2026-08-01,1,baseline
C09480,D03229,2025-01-01,2026-08-01,11,baseline
C09481,D00891,2025-01-01,2026-08-01,14,baseline
C09482,D00089,2025-01-01,2026-08-01,8,baseline
C09483,D02126,2025-01-01,2026-08-01,3,baseline
C09484,D03823,2025-01-01,2026-08-01,12,baseline
C09485,D01207,2025-01-01,2026-08-01,14,baseline
C09486,D01272,2025-01-01,2026-08-01,14,baseline
C09487,D00493,2025-01-01,2026-08-01,9,baseline
C09488,D03600,2025-01-01,2026-08-01,19,baseline
C09489,D01375,2025-01-01,2026-08-01,1,baseline
C09490,D01572,2025-01-01,2026-08-01,8,baseline
C09491,D02691,2025-01-01,2026-08-01,2,baseline
C09492,D03955,2025-01-01,2026-08-01,20,baseline
C09493,D03424,2025-01-01,2026-08-01,9,baseline
C09494,D00096,2025-01-01,2026-08-01,15,baseline
C09495,D01432,2025-01-01,2026-08-01,3,baseline
C09496,D01607,2025-01-01,2026-08-01,17,baseline
C09497,D00972,2025-01-01,2026-08-01,6,baseline
C09498,D00210,2025-01-01,2026-08-01,17,baseline
C09499,D04770,2025-01-01,2026-08-01,15,baseline
C09500,D02723,2025-01-01,2026-08-01,7,baseline
C09501,D04111,2025-01-01,2026-08-01,15,baseline
C09502,D01649,2025-01-01,2026-08-01,10,baseline
C09503,D04364,2025-01-01,2026-08-01,7,baseline
C09504,D03826,2025-01-01,2026-08-01,12,baseline
C09505,D00703,2025-01-01,2026-08-01,7,baseline
C09506,D03065,2025-01-01,2026-08-01,12,baseline
C09507,D01252,2025-01-01,2026-08-01,12,baseline
C09508,D03557,2025-01-01,2026-08-01,11,baseline
C09509,D00336,2025-01-01,2026-08-01,15,baseline
C09510,D02277,2025-01-01,2026-08-01,20,baseline
C09511,D02338,2025-01-01,2026-08-01,6,baseline
C09512,D01862,2025-01-01,2026-08-01,9,baseline
C09513,D00695,2025-01-01,2026-08-01,19,baseline
C09514,D02798,2025-01-01,2026-08-01,15,baseline
C09515,D00985,2025-01-01,2026-08-01,15,baseline
C09516,D01454,2025-01-01,2026-08-01,3,baseline
C09517,D02347,2025-01-01,2026-08-01,10,baseline
C09518,D04846,2025-01-01,2026-08-01,18,baseline
C09519,D02118,2025-01-01,2026-08-01,4,baseline
C09520,D01134,2025-01-01,2026-08-01,14,baseline
C09521,D04976,2025-01-01,2026-08-01,20,baseline
C09522,D04889,2025-01-01,2026-08-01,1,baseline
C09523,D01188,2025-01-01,2026-08-01,14,baseline
C09524,D04603,2025-01-01,2026-08-01,4,baseline
C09525,D04495,2025-01-01,2026-08-01,17,baseline
C09526,D00624,2025-01-01,2026-08-01,1,baseline
C09527,D04816,2025-01-01,2026-08-01,11,baseline
C09528,D01526,2025-01-01,2026-08-01,11,baseline
C09529,D02442,2025-01-01,2026-08-01,13,baseline
C09530,D04341,2025-01-01,2026-08-01,19,baseline
C09531,D03224,2025-01-01,2026-08-01,20,baseline
C09532,D01948,2025-01-01,2026-08-01,3,baseline
C09533,D03914,2025-01-01,2026-08-01,15,baseline
C09534,D04276,2025-01-01,2026-08-01,3,baseline
C09535,D00232,2025-01-01,2026-08-01,13,baseline
C09536,D01314,2025-01-01,2026-08-01,3,baseline
C09537,D03364,2025-01-01,2026-08-01,17,baseline
C09538,D02068,2025-01-01,2026-08-01,6,baseline
C09539,D00902,2025-01-01,2026-08-01,19,baseline
C09540,D03487,2025-01-01,2026-08-01,2,baseline
C09541,D02825,2025-01-01,2026-08-01,17,baseline
C09542,D02467,2025-01-01,2026-08-01,19,baseline
C09543,D02518,2025-01-01,2026-08-01,12,baseline
C09544,D00805,2025-01-01,2026-08-01,4,baseline
C09545,D01267,2025-01-01,2026-08-01,19,baseline
C09546,D01692,2025-01-01,2026-08-01,13,baseline
C09547,D04116,2025-01-01,2026-08-01,9,baseline
C09548,D03938,2025-01-01,2026-08-01,10,baseline
C09549,D04594,2025-01-01,2026-08-01,8,baseline
C09550,D03610,2025-01-01,2026-08-01,15,baseline
C09551,D01010,2025-01-01,2026-08-01,17,baseline
C09552,D04612,2025-01-01,2026-08-01,18,baseline
C09553,D04405,2025-01-01,2026-08-01,3,baseline
C09554,D00862,2025-01-01,2026-08-01,7,baseline
C09555,D03594,2025-01-01,2026-08-01,18,baseline
C09556,D04517,2025-01-01,2026-08-01,6,baseline
C09557,D00268,2025-01-01,2026-08-01,14,baseline
C09558,D03340,2025-01-01,2026-08-01,3,baseline
C09559,D03151,2025-01-01,2026-08-01,5,baseline
C09560,D00167,2025-01-01,2026-08-01,17,baseline
C09561,D03108,2025-01-01,2026-08-01,1,baseline
C09562,D03296,2025-01-01,2026-08-01,6,baseline
C09563,D04458,2025-01-01,2026-08-01,16,baseline
C09564,D02505,2025-01-01,2026-08-01,19,baseline
C09565,D04127,2025-01-01,2026-08-01,2,baseline
C09566,D04981,2025-01-01,2026-08-01,12,baseline
C09567,D00092,2025-01-01,2026-08-01,5,baseline
C09568,D01769,2025-01-01,2026-08-01,7,baseline
C09569,D02772,2025-01-01,2026-08-01,10,baseline
C09570,D01899,2025-01-01,2026-08-01,19,baseline
C09571,D04201,2025-01-01,2026-08-01,12,baseline
C09572,D01755,2025-01-01,2026-08-01,15,baseline
C09573,D04050,2025-01-01,2026-08-01,1,baseline
C09574,D02637,2025-01-01,2026-08-01,10,baseline
C09575,D00871,2025-01-01,2026-08-01,12,baseline
C09576,D02640,2025-01-01,2026-08-01,4,baseline
C09577,D00109,2025-01-01,2026-08-01,9,baseline
C09578,D02488,2025-01-01,2026-08-01,11,baseline
C09579,D04028,2025-01-01,2026-08-01,13,baseline
C09580,D00498,2025-01-01,2026-08-01,14,baseline
C09581,D03748,2025-01-01,2026-08-01,8,baseline
C09582,D00049,2025-01-01,2026-08-01,13,baseline
C09583,D02994,2025-01-01,2026-08-01,12,baseline
C09584,D01491,2025-01-01,2026-08-01,3,baseline
C09585,D03117,2025-01-01,2026-08-01,4,baseline
C09586,D03820,2025-01-01,2026-08-01,3,baseline
C09587,D02478,2025-01-01,2026-08-01,1,baseline
C09588,D01278,2025-01-01,2026-08-01,9,baseline
C09589,D03721,2025-01-01,2026-08-01,7,baseline
C09590,D03781,2025-01-01,2026-08-01,1,baseline
C09591,D00301,2025-01-01,2026-08-01,15,baseline
C09592,D00772,2025-01-01,2026-08-01,14,baseline
C09593,D00688,2025-01-01,2026-08-01,15,baseline
C09594,D00820,2025-01-01,2026-08-01,18,baseline
C09595,D04175,2025-01-01,2026-08-01,14,baseline
C09596,D02295,2025-01-01,2026-08-01,18,baseline
C09597,D01665,2025-01-01,2026-08-01,3,baseline
C09598,D03495,2025-01-01,2026-08-01,1,baseline
C09599,D00406,2025-01-01,2026-08-01,9,baseline
C09600,D02988,2025-01-01,2026-08-01,16,baseline
C09601,D01591,2025-01-01,2026-08-01,3,baseline
C09602,D01935,2025-01-01,2026-08-01,1,baseline
C09603,D03848,2025-01-01,2026-08-01,3,baseline
C09604,D00328,2025-01-01,2026-08-01,13,baseline
C09605,D04125,2025-01-01,2026-08-01,7,baseline
C09606,D02874,2025-01-01,2026-08-01,5,baseline
C09607,D03750,2025-01-01,2026-08-01,5,baseline
C09608,D01508,2025-01-01,2026-08-01,17,baseline
C09609,D04001,2025-01-01,2026-08-01,11,baseline
C09610,D03010,2025-01-01,2026-08-01,11,baseline
C09611,D01098,2025-01-01,2026-08-01,6,baseline
C09612,D02316,2025-01-01,2026-08-01,20,baseline
C09613,D04285,2025-01-01,2026-08-01,17,baseline
C09614,D00478,2025-01-01,2026-08-01,19,baseline
C09615,D02303,2025-01-01,2026-08-01,13,baseline
C09616,D02413,2025-01-01,2026-08-01,9,baseline
C09617,D02318,2025-01-01,2026-08-01,14,baseline
C09618,D00056,2025-01-01,2026-08-01,20,baseline
C09619,D03098,2025-01-01,2026-08-01,8,baseline
C09620,D03294,2025-01-01,2026-08-01,6,baseline
C09621,D02981,2025-01-01,2026-08-01,15,baseline
C09622,D02185,2025-01-01,2026-08-01,6,baseline
C09623,D04474,2025-01-01,2026-08-01,15,baseline
C09624,D00963,2025-01-01,2026-08-01,3,baseline
C09625,D03787,2025-01-01,2026-08-01,17,baseline
C09626,D03114,2025-01-01,2026-08-01,4,baseline
C09627,D00843,2025-01-01,2026-08-01,13,baseline
C09628,D04408,2025-01-01,2026-08-01,18,baseline
C09629,D01760,2025-01-01,2026-08-01,20,baseline
C09630,D00384,2025-01-01,2026-08-01,4,baseline
C09631,D04191,2025-01-01,2026-08-01,12,baseline
C09632,D03469,2025-01-01,2026-08-01,13,baseline
C09633,D03733,2025-01-01,2026-08-01,6,baseline
C09634,D00171,2025-01-01,2026-08-01,15,baseline
C09635,D01297,2025-01-01,2026-08-01,2,baseline
C09636,D00574,2025-01-01,2026-08-01,8,baseline
C09637,D01430,2025-01-01,2026-08-01,10,baseline
C09638,D01239,2025-01-01,2026-08-01,11,baseline
C09639,D04637,2025-01-01,2026-08-01,14,baseline
C09640,D00783,2025-01-01,2026-08-01,7,baseline
C09641,D02525,2025-01-01,2026-08-01,18,baseline
C09642,D01555,2025-01-01,2026-08-01,13,baseline
C09643,D00818,2025-01-01,2026-08-01,19,baseline
C09644,D04779,2025-01-01,2026-08-01,18,baseline
C09645,D03750,2025-01-01,2026-08-01,14,baseline
C09646,D02362,2025-01-01,2026-08-01,19,baseline
C09647,D03704,2025-01-01,2026-08-01,3,baseline
C09648,D02131,2025-01-01,2026-08-01,16,baseline
C09649,D01187,2025-01-01,2026-08-01,12,baseline
C09650,D04692,2025-01-01,2026-08-01,8,baseline
C09651,D00494,2025-01-01,2026-08-01,2,baseline
C09652,D00872,2025-01-01,2026-08-01,3,baseline
C09653,D03338,2025-01-01,2026-08-01,11,baseline
C09654,D03899,2025-01-01,2026-08-01,16,baseline
C09655,D02323,2025-01-01,2026-08-01,14,baseline
C09656,D04573,2025-01-01,2026-08-01,10,baseline
C09657,D03239,2025-01-01,2026-08-01,4,baseline
C09658,D01684,2025-01-01,2026-08-01,6,baseline
C09659,D01691,2025-01-01,2026-08-01,19,baseline
C09660,D04019,2025-01-01,2026-08-01,15,baseline
C09661,D04070,2025-01-01,2026-08-01,6,baseline
C09662,D04415,2025-01-01,2026-08-01,12,baseline
C09663,D00130,2025-01-01,2026-08-01,15,baseline
C09664,D02443,2025-01-01,2026-08-01,19,baseline
C09665,D00651,2025-01-01,2026-08-01,18,baseline
C09666,D00823,2025-01-01,2026-08-01,14,baseline
C09667,D00765,2025-01-01,2026-08-01,12,baseline
C09668,D04928,2025-01-01,2026-08-01,8,baseline
C09669,D01218,2025-01-01,2026-08-01,8,baseline
C09670,D02553,2025-01-01,2026-08-01,3,baseline
C09671,D02361,2025-01-01,2026-08-01,13,baseline
C09672,D03665,2025-01-01,2026-08-01,4,baseline
C09673,D03404,2025-01-01,2026-08-01,3,baseline
C09674,D01528,2025-01-01,2026-08-01,1,baseline
C09675,D03517,2025-01-01,2026-08-01,15,baseline
C09676,D02630,2025-01-01,2026-08-01,12,baseline
C09677,D03257,2025-01-01,2026-08-01,11,baseline
C09678,D02136,2025-01-01,2026-08-01,13,baseline
C09679,D03144,2025-01-01,2026-08-01,12,baseline
C09680,D00299,2025-01-01,2026-08-01,12,baseline
C09681,D00430,2025-01-01,2026-08-01,11,baseline
C09682,D01095,2025-01-01,2026-08-01,7,baseline
C09683,D02322,2025-01-01,2026-08-01,16,baseline
C09684,D04547,2025-01-01,2026-08-01,8,baseline
C09685,D01039,2025-01-01,2026-08-01,19,baseline
C09686,D03937,2025-01-01,2026-08-01,14,baseline
C09687,D00661,2025-01-01,2026-08-01,10,baseline
C09688,D01296,2025-01-01,2026-08-01,7,baseline
C09689,D00872,2025-01-01,2026-08-01,4,baseline
C09690,D01295,2025-01-01,2026-08-01,6,baseline
C09691,D02213,2025-01-01,2026-08-01,18,baseline
C09692,D02542,2025-01-01,2026-08-01,11,baseline
C09693,D00970,2025-01-01,2026-08-01,20,baseline
C09694,D01477,2025-01-01,2026-08-01,15,baseline
C09695,D00920,2025-01-01,2026-08-01,3,baseline
C09696,D00617,2025-01-01,2026-08-01,12,baseline
C09697,D03679,2025-01-01,2026-08-01,14,baseline
C09698,D04102,2025-01-01,2026-08-01,18,baseline
C09699,D01950,2025-01-01,2026-08-01,12,baseline
C09700,D00637,2025-01-01,2026-08-01,8,baseline
C09701,D01629,2025-01-01,2026-08-01,6,baseline
C09702,D02884,2025-01-01,2026-08-01,19,baseline
C09703,D01821,2025-01-01,2026-08-01,12,baseline
C09704,D04855,2025-01-01,2026-08-01,10,baseline
C09705,D01828,2025-01-01,2026-08-01,17,baseline
C09706,D03887,2025-01-01,2026-08-01,18,baseline
C09707,D04182,2025-01-01,2026-08-01,11,baseline
C09708,D02455,2025-01-01,2026-08-01,12,baseline
C09709,D04106,2025-01-01,2026-08-01,18,baseline
C09710,D01467,2025-01-01,2026-08-01,17,baseline
C09711,D04334,2025-01-01,2026-08-01,13,baseline
C09712,D02056,2025-01-01,2026-08-01,15,baseline
C09713,D04793,2025-01-01,2026-08-01,17,baseline
C09714,D01971,2025-01-01,2026-08-01,14,baseline
C09715,D04721,2025-01-01,2026-08-01,9,baseline
C09716,D01544,2025-01-01,2026-08-01,19,baseline
C09717,D04642,2025-01-01,2026-08-01,11,baseline
C09718,D02254,2025-01-01,2026-08-01,5,baseline
C09719,D01868,2025-01-01,2026-08-01,3,baseline
C09720,D02395,2025-01-01,2026-08-01,19,baseline
C09721,D04367,2025-01-01,2026-08-01,3,baseline
C09722,D01468,2025-01-01,2026-08-01,5,baseline
C09723,D04225,2025-01-01,2026-08-01,2,baseline
C09724,D04751,2025-01-01,2026-08-01,16,baseline
C09725,D03921,2025-01-01,2026-08-01,17,baseline
C09726,D04998,2025-01-01,2026-08-01,14,baseline
C09727,D01750,2025-01-01,2026-08-01,14,baseline
C09728,D04678,2025-01-01,2026-08-01,11,baseline
C09729,D04917,2025-01-01,2026-08-01,3,baseline
C09730,D02595,2025-01-01,2026-08-01,16,baseline
C09731,D02119,2025-01-01,2026-08-01,2,baseline
C09732,D01677,2025-01-01,2026-08-01,13,baseline
C09733,D01095,2025-01-01,2026-08-01,5,baseline
C09734,D03493,2025-01-01,2026-08-01,7,baseline
C09735,D03295,2025-01-01,2026-08-01,1,baseline
C09736,D03321,2025-01-01,2026-08-01,2,baseline
C09737,D03884,2025-01-01,2026-08-01,11,baseline
C09738,D02303,2025-01-01,2026-08-01,12,baseline
C09739,D01153,2025-01-01,2026-08-01,12,baseline
C09740,D02019,2025-01-01,2026-08-01,16,baseline
C09741,D04594,2025-01-01,2026-08-01,1,baseline
C09742,D02019,2025-01-01,2026-08-01,2,baseline
C09743,D00705,2025-01-01,2026-08-01,14,baseline
C09744,D02565,2025-01-01,2026-08-01,16,baseline
C09745,D03672,2025-01-01,2026-08-01,5,baseline
C09746,D00191,2025-01-01,2026-08-01,15,baseline
C09747,D02550,2025-01-01,2026-08-01,11,baseline
C09748,D04112,2025-01-01,2026-08-01,7,baseline
C09749,D02875,2025-01-01,2026-08-01,4,baseline
C09750,D01482,2025-01-01,2026-08-01,1,baseline
C09751,D01552,2025-01-01,2026-08-01,18,baseline
C09752,D00482,2025-01-01,2026-08-01,15,baseline
C09753,D00717,2025-01-01,2026-08-01,12,baseline
C09754,D01531,2025-01-01,2026-08-01,3,baseline
C09755,D00970,2025-01-01,2026-08-01,13,baseline
C09756,D03844,2025-01-01,2026-08-01,16,baseline
C09757,D01102,2025-01-01,2026-08-01,12,baseline
C09758,D02305,2025-01-01,2026-08-01,13,baseline
C09759,D00701,2025-01-01,2026-08-01,12,baseline
C09760,D02070,2025-01-01,2026-08-01,18,baseline
C09761,D04103,2025-01-01,2026-08-01,13,baseline
C09762,D01588,2025-01-01,2026-08-01,3,baseline
C09763,D02345,2025-01-01,2026-08-01,17,baseline
C09764,D02992,2025-01-01,2026-08-01,20,baseline
C09765,D02790,2025-01-01,2026-08-01,8,baseline
C09766,D00997,2025-01-01,2026-08-01,2,baseline
C09767,D04359,2025-01-01,2026-08-01,15,baseline
C09768,D04512,2025-01-01,2026-08-01,15,baseline
C09769,D03199,2025-01-01,2026-08-01,9,baseline
C09770,D02845,2025-01-01,2026-08-01,13,baseline
C09771,D01154,2025-01-01,2026-08-01,2,baseline
C09772,D02697,2025-01-01,2026-08-01,7,baseline
C09773,D00960,2025-01-01,2026-08-01,14,baseline
C09774,D00093,2025-01-01,2026-08-01,2,baseline
C09775,D04680,2025-01-01,2026-08-01,13,baseline
C09776,D04210,2025-01-01,2026-08-01,19,baseline
C09777,D02384,2025-01-01,2026-08-01,19,baseline
C09778,D03210,2025-01-01,2026-08-01,12,baseline
C09779,D04623,2025-01-01,2026-08-01,1,baseline
C09780,D03917,2025-01-01,2026-08-01,9,baseline
C09781,D04900,2025-01-01,2026-08-01,8,baseline
C09782,D01539,2025-01-01,2026-08-01,15,baseline
C09783,D03668,2025-01-01,2026-08-01,17,baseline
C09784,D03877,2025-01-01,2026-08-01,1,baseline
C09785,D02124,2025-01-01,2026-08-01,16,baseline
C09786,D03585,2025-01-01,2026-08-01,19,baseline
C09787,D03687,2025-01-01,2026-08-01,2,baseline
C09788,D02429,2025-01-01,2026-08-01,5,baseline
C09789,D01272,2025-01-01,2026-08-01,15,baseline
C09790,D03063,2025-01-01,2026-08-01,19,baseline
C09791,D01900,2025-01-01,2026-08-01,10,baseline
C09792,D00448,2025-01-01,2026-08-01,15,baseline
C09793,D02501,2025-01-01,2026-08-01,8,baseline
C09794,D01594,2025-01-01,2026-08-01,6,baseline
C09795,D04513,2025-01-01,2026-08-01,4,baseline
C09796,D00256,2025-01-01,2026-08-01,3,baseline
C09797,D02294,2025-01-01,2026-08-01,4,baseline
C09798,D03291,2025-01-01,2026-08-01,10,baseline
C09799,D01174,2025-01-01,2026-08-01,7,baseline
C09800,D04812,2025-01-01,2026-08-01,14,baseline
C09801,D02822,2025-01-01,2026-08-01,7,baseline
C09802,D03437,2025-01-01,2026-08-01,6,baseline
C09803,D04196,2025-01-01,2026-08-01,20,baseline
C09804,D02646,2025-01-01,2026-08-01,10,baseline
C09805,D01356,2025-01-01,2026-08-01,20,baseline
C09806,D04244,2025-01-01,2026-08-01,15,baseline
C09807,D01253,2025-01-01,2026-08-01,14,baseline
C09808,D02312,2025-01-01,2026-08-01,6,baseline
C09809,D03754,2025-01-01,2026-08-01,5,baseline
C09810,D01752,2025-01-01,2026-08-01,16,baseline
C09811,D02385,2025-01-01,2026-08-01,1,baseline
C09812,D01533,2025-01-01,2026-08-01,18,baseline
C09813,D03277,2025-01-01,2026-08-01,8,baseline
C09814,D04521,2025-01-01,2026-08-01,19,baseline
C09815,D04777,2025-01-01,2026-08-01,1,baseline
C09816,D02649,2025-01-01,2026-08-01,9,baseline
C09817,D00246,2025-01-01,2026-08-01,3,baseline
C09818,D00105,2025-01-01,2026-08-01,4,baseline
C09819,D01149,2025-01-01,2026-08-01,11,baseline
C09820,D01752,2025-01-01,2026-08-01,2,baseline
C09821,D03264,2025-01-01,2026-08-01,9,baseline
C09822,D02066,2025-01-01,2026-08-01,4,baseline
C09823,D02034,2025-01-01,2026-08-01,4,baseline
C09824,D02807,2025-01-01,2026-08-01,18,baseline
C09825,D04900,2025-01-01,2026-08-01,20,baseline
C09826,D02816,2025-01-01,2026-08-01,13,baseline
C09827,D01344,2025-01-01,2026-08-01,13,baseline
C09828,D00680,2025-01-01,2026-08-01,3,baseline
C09829,D00212,2025-01-01,2026-08-01,10,baseline
C09830,D02074,2025-01-01,2026-08-01,11,baseline
C09831,D03700,2025-01-01,2026-08-01,10,baseline
C09832,D00487,2025-01-01,2026-08-01,14,baseline
C09833,D03562,2025-01-01,2026-08-01,7,baseline
C09834,D00695,2025-01-01,2026-08-01,3,baseline
C09835,D00082,2025-01-01,2026-08-01,4,baseline
C09836,D00420,2025-01-01,2026-08-01,17,baseline
C09837,D04603,2025-01-01,2026-08-01,12,baseline
C09838,D01993,2025-01-01,2026-08-01,3,baseline
C09839,D04586,2025-01-01,2026-08-01,19,baseline
C09840,D03056,2025-01-01,2026-08-01,15,baseline
C09841,D03825,2025-01-01,2026-08-01,20,baseline
C09842,D01941,2025-01-01,2026-08-01,14,baseline
C09843,D02677,2025-01-01,2026-08-01,8,baseline
C09844,D02001,2025-01-01,2026-08-01,5,baseline
C09845,D01876,2025-01-01,2026-08-01,7,baseline
C09846,D04913,2025-01-01,2026-08-01,4,baseline
C09847,D00091,2025-01-01,2026-08-01,6,baseline
C09848,D00366,2025-01-01,2026-08-01,5,baseline
C09849,D03506,2025-01-01,2026-08-01,13,baseline
C09850,D01157,2025-01-01,2026-08-01,18,baseline
C09851,D03298,2025-01-01,2026-08-01,10,baseline
C09852,D00842,2025-01-01,2026-08-01,8,baseline
C09853,D01266,2025-01-01,2026-08-01,5,baseline
C09854,D01784,2025-01-01,2026-08-01,1,baseline
C09855,D04735,2025-01-01,2026-08-01,13,baseline
C09856,D02563,2025-01-01,2026-08-01,14,baseline
C09857,D02308,2025-01-01,2026-08-01,3,baseline
C09858,D01072,2025-01-01,2026-08-01,6,baseline
C09859,D03954,2025-01-01,2026-08-01,3,baseline
C09860,D04442,2025-01-01,2026-08-01,9,baseline
C09861,D02887,2025-01-01,2026-08-01,13,baseline
C09862,D04588,2025-01-01,2026-08-01,19,baseline
C09863,D04454,2025-01-01,2026-08-01,10,baseline
C09864,D04255,2025-01-01,2026-08-01,4,baseline
C09865,D04965,2025-01-01,2026-08-01,2,baseline
C09866,D00516,2025-01-01,2026-08-01,19,baseline
C09867,D04782,2025-01-01,2026-08-01,5,baseline
C09868,D00607,2025-01-01,2026-08-01,9,baseline
C09869,D03255,2025-01-01,2026-08-01,10,baseline
C09870,D02262,2025-01-01,2026-08-01,15,baseline
C09871,D02142,2025-01-01,2026-08-01,3,baseline
C09872,D01929,2025-01-01,2026-08-01,3,baseline
C09873,D00800,2025-01-01,2026-08-01,2,baseline
C09874,D04314,2025-01-01,2026-08-01,16,baseline
C09875,D01823,2025-01-01,2026-08-01,10,baseline
C09876,D00803,2025-01-01,2026-08-01,18,baseline
C09877,D02545,2025-01-01,2026-08-01,12,baseline
C09878,D02060,2025-01-01,2026-08-01,8,baseline
C09879,D02584,2025-01-01,2026-08-01,5,baseline
C09880,D01870,2025-01-01,2026-08-01,13,baseline
C09881,D00041,2025-01-01,2026-08-01,3,baseline
C09882,D00451,2025-01-01,2026-08-01,18,baseline
C09883,D04422,2025-01-01,2026-08-01,15,baseline
C09884,D03849,2025-01-01,2026-08-01,1,baseline
C09885,D02236,2025-01-01,2026-08-01,1,baseline
C09886,D02729,2025-01-01,2026-08-01,7,baseline
C09887,D00937,2025-01-01,2026-08-01,16,baseline
C09888,D03790,2025-01-01,2026-08-01,12,baseline
C09889,D02350,2025-01-01,2026-08-01,13,baseline
C09890,D02268,2025-01-01,2026-08-01,13,baseline
C09891,D04064,2025-01-01,2026-08-01,13,baseline
C09892,D01176,2025-01-01,2026-08-01,7,baseline
C09893,D02387,2025-01-01,2026-08-01,12,baseline
C09894,D03567,2025-01-01,2026-08-01,4,baseline
C09895,D00438,2025-01-01,2026-08-01,5,baseline
C09896,D02908,2025-01-01,2026-08-01,3,baseline
C09897,D02432,2025-01-01,2026-08-01,13,baseline
C09898,D04436,2025-01-01,2026-08-01,10,baseline
C09899,D01845,2025-01-01,2026-08-01,6,baseline
C09900,D04945,2025-01-01,2026-08-01,15,baseline
C09901,D03963,2025-01-01,2026-08-01,20,baseline
C09902,D01413,2025-01-01,2026-08-01,18,baseline
C09903,D04208,2025-01-01,2026-08-01,13,baseline
C09904,D01474,2025-01-01,2026-08-01,16,baseline
C09905,D02686,2025-01-01,2026-08-01,15,baseline
C09906,D00906,2025-01-01,2026-08-01,13,baseline
C09907,D04956,2025-01-01,2026-08-01,10,baseline
C09908,D03218,2025-01-01,2026-08-01,13,baseline
C09909,D00836,2025-01-01,2026-08-01,3,baseline
C09910,D01028,2025-01-01,2026-08-01,16,baseline
C09911,D03674,2025-01-01,2026-08-01,7,baseline
C09912,D04946,2025-01-01,2026-08-01,17,baseline
C09913,D02358,2025-01-01,2026-08-01,1,baseline
C09914,D01134,2025-01-01,2026-08-01,4,baseline
C09915,D01090,2025-01-01,2026-08-01,16,baseline
C09916,D04435,2025-01-01,2026-08-01,3,baseline
C09917,D02966,2025-01-01,2026-08-01,11,baseline
C09918,D04617,2025-01-01,2026-08-01,11,baseline
C09919,D03040,2025-01-01,2026-08-01,15,baseline
C09920,D04081,2025-01-01,2026-08-01,12,baseline
C09921,D03267,2025-01-01,2026-08-01,3,baseline
C09922,D01288,2025-01-01,2026-08-01,6,baseline
C09923,D03603,2025-01-01,2026-08-01,20,baseline
C09924,D01416,2025-01-01,2026-08-01,16,baseline
C09925,D00273,2025-01-01,2026-08-01,15,baseline
C09926,D01203,2025-01-01,2026-08-01,2,baseline
C09927,D00158,2025-01-01,2026-08-01,12,baseline
C09928,D02069,2025-01-01,2026-08-01,6,baseline
C09929,D01266,2025-01-01,2026-08-01,14,baseline
C09930,D02312,2025-01-01,2026-08-01,20,baseline
C09931,D00344,2025-01-01,2026-08-01,16,baseline
C09932,D04248,2025-01-01,2026-08-01,11,baseline
C09933,D04822,2025-01-01,2026-08-01,10,baseline
C09934,D01369,2025-01-01,2026-08-01,3,baseline
C09935,D01841,2025-01-01,2026-08-01,4,baseline
C09936,D02636,2025-01-01,2026-08-01,7,baseline
C09937,D01554,2025-01-01,2026-08-01,4,baseline
C09938,D00967,2025-01-01,2026-08-01,12,baseline
C09939,D04654,2025-01-01,2026-08-01,2,baseline
C09940,D01656,2025-01-01,2026-08-01,2,baseline
C09941,D01319,2025-01-01,2026-08-01,7,baseline
C09942,D03924,2025-01-01,2026-08-01,20,baseline
C09943,D02498,2025-01-01,2026-08-01,9,baseline
C09944,D00758,2025-01-01,2026-08-01,6,baseline
C09945,D04807,2025-01-01,2026-08-01,5,baseline
C09946,D03684,2025-01-01,2026-08-01,4,baseline
C09947,D00386,2025-01-01,2026-08-01,8,baseline
C09948,D02311,2025-01-01,2026-08-01,17,baseline
C09949,D03953,2025-01-01,2026-08-01,3,baseline
C09950,D04859,2025-01-01,2026-08-01,8,baseline
C09951,D03255,2025-01-01,2026-08-01,9,baseline
C09952,D03925,2025-01-01,2026-08-01,13,baseline
C09953,D00615,2025-01-01,2026-08-01,11,baseline
C09954,D00186,2025-01-01,2026-08-01,10,baseline
C09955,D04293,2025-01-01,2026-08-01,12,baseline
C09956,D04255,2025-01-01,2026-08-01,14,baseline
C09957,D00716,2025-01-01,2026-08-01,9,baseline
C09958,D01705,2025-01-01,2026-08-01,5,baseline
C09959,D00208,2025-01-01,2026-08-01,10,baseline
C09960,D04903,2025-01-01,2026-08-01,4,baseline
C09961,D04788,2025-01-01,2026-08-01,18,baseline
C09962,D00319,2025-01-01,2026-08-01,7,baseline
C09963,D01697,2025-01-01,2026-08-01,4,baseline
C09964,D00394,2025-01-01,2026-08-01,20,baseline
C09965,D04174,2025-01-01,2026-08-01,16,baseline
C09966,D04561,2025-01-01,2026-08-01,3,baseline
C09967,D04688,2025-01-01,2026-08-01,12,baseline
C09968,D02577,2025-01-01,2026-08-01,13,baseline
C09969,D02992,2025-01-01,2026-08-01,19,baseline
C09970,D01244,2025-01-01,2026-08-01,19,baseline
C09971,D00583,2025-01-01,2026-08-01,6,baseline
C09972,D03464,2025-01-01,2026-08-01,17,baseline
C09973,D01498,2025-01-01,2026-08-01,20,baseline
C09974,D02742,2025-01-01,2026-08-01,14,baseline
C09975,D04235,2025-01-01,2026-08-01,18,baseline
C09976,D02330,2025-01-01,2026-08-01,16,baseline
C09977,D02311,2025-01-01,2026-08-01,20,baseline
C09978,D04958,2025-01-01,2026-08-01,15,baseline
C09979,D03201,2025-01-01,2026-08-01,19,baseline
C09980,D02042,2025-01-01,2026-08-01,15,baseline
C09981,D00199,2025-01-01,2026-08-01,3,baseline
C09982,D02506,2025-01-01,2026-08-01,8,baseline
C09983,D01845,2025-01-01,2026-08-01,7,baseline
C09984,D04401,2025-01-01,2026-08-01,1,baseline
C09985,D04383,2025-01-01,2026-08-01,19,baseline
C09986,D03665,2025-01-01,2026-08-01,5,baseline
C09987,D01713,2025-01-01,2026-08-01,4,baseline
C09988,D01253,2025-01-01,2026-08-01,17,baseline
C09989,D04570,2025-01-01,2026-08-01,7,baseline
C09990,D00739,2025-01-01,2026-08-01,5,baseline
C09991,D02081,2025-01-01,2026-08-01,6,baseline
C09992,D03455,2025-01-01,2026-08-01,8,baseline
C09993,D02474,2025-01-01,2026-08-01,7,baseline
C09994,D01508,2025-01-01,2026-08-01,4,baseline
C09995,D04793,2025-01-01,2026-08-01,1,baseline
C09996,D00493,2025-01-01,2026-08-01,15,baseline
C09997,D01611,2025-01-01,2026-08-01,19,baseline
C09998,D04612,2025-01-01,2026-08-01,1,baseline
C09999,D04462,2025-01-01,2026-08-01,5,baseline
C10000,D03767,2025-01-01,2026-08-01,1,baseline
C07582,D03750,2025-06-01,2026-08-01,49,shared_cluster
C06658,D03750,2025-06-01,2026-08-01,35,shared_cluster
C08785,D03750,2025-06-01,2026-08-01,30,shared_cluster
C03956,D03750,2025-06-01,2026-08-01,16,shared_cluster
C03056,D02549,2025-06-01,2026-08-01,26,shared_cluster
C07426,D02549,2025-06-01,2026-08-01,41,shared_cluster
C07805,D02549,2025-06-01,2026-08-01,44,shared_cluster
C02534,D02549,2025-06-01,2026-08-01,31,shared_cluster
C09468,D02549,2025-06-01,2026-08-01,16,shared_cluster
C04527,D04589,2025-06-01,2026-08-01,11,shared_cluster
C03546,D04589,2025-06-01,2026-08-01,22,shared_cluster
C06435,D04589,2025-06-01,2026-08-01,43,shared_cluster
C00849,D04589,2025-06-01,2026-08-01,16,shared_cluster
C07773,D04589,2025-06-01,2026-08-01,29,shared_cluster
C04987,D00213,2025-06-01,2026-08-01,10,shared_cluster
C09578,D00213,2025-06-01,2026-08-01,49,shared_cluster
C07724,D00213,2025-06-01,2026-08-01,23,shared_cluster
C01205,D00170,2025-06-01,2026-08-01,15,shared_cluster
C06561,D00170,2025-06-01,2026-08-01,27,shared_cluster
C08871,D00170,2025-06-01,2026-08-01,9,shared_cluster
C05653,D00170,2025-06-01,2026-08-01,43,shared_cluster
C02615,D00170,2025-06-01,2026-08-01,23,shared_cluster
C03707,D00170,2025-06-01,2026-08-01,46,shared_cluster
C01919,D03774,2025-06-01,2026-08-01,37,shared_cluster
C00541,D03774,2025-06-01,2026-08-01,31,shared_cluster
C05317,D03774,2025-06-01,2026-08-01,49,shared_cluster
C09205,D03774,2025-06-01,2026-08-01,36,shared_cluster
C02449,D03774,2025-06-01,2026-08-01,26,shared_cluster
C09178,D03774,2025-06-01,2026-08-01,29,shared_cluster
C06997,D03326,2025-06-01,2026-08-01,48,shared_cluster
C05138,D03326,2025-06-01,2026-08-01,39,shared_cluster
C03128,D03326,2025-06-01,2026-08-01,18,shared_cluster
C07472,D03326,2025-06-01,2026-08-01,30,shared_cluster
C05360,D03326,2025-06-01,2026-08-01,18,shared_cluster
C00526,D02367,2025-06-01,2026-08-01,17,shared_cluster
C06001,D02367,2025-06-01,2026-08-01,20,shared_cluster
C05982,D02367,2025-06-01,2026-08-01,10,shared_cluster
C06751,D02367,2025-06-01,2026-08-01,43,shared_cluster
C06384,D04558,2025-06-01,2026-08-01,49,shared_cluster
C05046,D04558,2025-06-01,2026-08-01,48,shared_cluster
C01169,D04558,2025-06-01,2026-08-01,20,shared_cluster
C00916,D04558,2025-06-01,2026-08-01,17,shared_cluster
C04906,D04558,2025-06-01,2026-08-01,20,shared_cluster
C00437,D04558,2025-06-01,2026-08-01,39,shared_cluster
C09727,D01616,2025-06-01,2026-08-01,16,shared_cluster
C02731,D01616,2025-06-01,2026-08-01,47,shared_cluster
C06409,D04697,2025-06-01,2026-08-01,24,shared_cluster
C01096,D04697,2025-06-01,2026-08-01,29,shared_cluster
C08161,D00753,2025-06-01,2026-08-01,29,shared_cluster
C06195,D00753,2025-06-01,2026-08-01,6,shared_cluster
C08690,D00753,2025-06-01,2026-08-01,43,shared_cluster
C06202,D00753,2025-06-01,2026-08-01,17,shared_cluster
C00786,D02445,2025-06-01,2026-08-01,36,shared_cluster
C01519,D02445,2025-06-01,2026-08-01,20,shared_cluster
C02837,D02445,2025-06-01,2026-08-01,13,shared_cluster
C08451,D02445,2025-06-01,2026-08-01,40,shared_cluster
C04006,D02445,2025-06-01,2026-08-01,15,shared_cluster
C07438,D02445,2025-06-01,2026-08-01,8,shared_cluster
C05240,D03341,2025-06-01,2026-08-01,47,shared_cluster
C02517,D03341,2025-06-01,2026-08-01,12,shared_cluster
C00769,D03341,2025-06-01,2026-08-01,25,shared_cluster
C01835,D03341,2025-06-01,2026-08-01,27,shared_cluster
C06370,D03341,2025-06-01,2026-08-01,49,shared_cluster
C03749,D03341,2025-06-01,2026-08-01,8,shared_cluster
C07915,D01285,2025-06-01,2026-08-01,32,shared_cluster
C05514,D01285,2025-06-01,2026-08-01,36,shared_cluster
C00666,D01285,2025-06-01,2026-08-01,27,shared_cluster
C09107,D01285,2025-06-01,2026-08-01,46,shared_cluster
C05850,D01285,2025-06-01,2026-08-01,15,shared_cluster
C04805,D01901,2025-06-01,2026-08-01,6,shared_cluster
C09615,D01901,2025-06-01,2026-08-01,12,shared_cluster
C02746,D01901,2025-06-01,2026-08-01,50,shared_cluster
C08429,D01901,2025-06-01,2026-08-01,38,shared_cluster
C06793,D01901,2025-06-01,2026-08-01,31,shared_cluster
C03426,D01138,2025-06-01,2026-08-01,7,shared_cluster
C01346,D01138,2025-06-01,2026-08-01,20,shared_cluster
C02064,D01138,2025-06-01,2026-08-01,46,shared_cluster
C03188,D03206,2025-06-01,2026-08-01,14,shared_cluster
C07236,D03206,2025-06-01,2026-08-01,12,shared_cluster
C03770,D03206,2025-06-01,2026-08-01,24,shared_cluster
C07364,D03206,2025-06-01,2026-08-01,24,shared_cluster
C08480,D04956,2025-06-01,2026-08-01,30,shared_cluster
C02469,D04956,2025-06-01,2026-08-01,25,shared_cluster
C01666,D04956,2025-06-01,2026-08-01,21,shared_cluster
C02810,D01169,2025-06-01,2026-08-01,23,shared_cluster
C03732,D01169,2025-06-01,2026-08-01,43,shared_cluster
C07317,D01169,2025-06-01,2026-08-01,43,shared_cluster
C09503,D01169,2025-06-01,2026-08-01,38,shared_cluster
C04739,D01169,2025-06-01,2026-08-01,50,shared_cluster
C04746,D01169,2025-06-01,2026-08-01,30,shared_cluster
C04075,D01999,2025-06-01,2026-08-01,42,shared_cluster
C02013,D01999,2025-06-01,2026-08-01,7,shared_cluster
C07090,D01999,2025-06-01,2026-08-01,49,shared_cluster
C08769,D02308,2025-06-01,2026-08-01,30,shared_cluster
C00528,D02308,2025-06-01,2026-08-01,26,shared_cluster
C05941,D02308,2025-06-01,2026-08-01,15,shared_cluster
C08748,D02308,2025-06-01,2026-08-01,15,shared_cluster
C03088,D01401,2025-06-01,2026-08-01,35,shared_cluster
C00438,D01401,2025-06-01,2026-08-01,15,shared_cluster
C05783,D01401,2025-06-01,2026-08-01,8,shared_cluster
C04795,D02919,2025-06-01,2026-08-01,24,shared_cluster
C05864,D02919,2025-06-01,2026-08-01,20,shared_cluster
C05337,D02919,2025-06-01,2026-08-01,38,shared_cluster
C02394,D02919,2025-06-01,2026-08-01,47,shared_cluster
C07214,D02919,2025-06-01,2026-08-01,9,shared_cluster
C06438,D02919,2025-06-01,2026-08-01,23,shared_cluster
C09412,D02564,2025-06-01,2026-08-01,10,shared_cluster
C02651,D02564,2025-06-01,2026-08-01,14,shared_cluster
C00018,D02564,2025-06-01,2026-08-01,9,shared_cluster
C03203,D02564,2025-06-01,2026-08-01,22,shared_cluster
C07210,D02969,2025-06-01,2026-08-01,28,shared_cluster
C06178,D02969,2025-06-01,2026-08-01,26,shared_cluster
C06828,D02969,2025-06-01,2026-08-01,31,shared_cluster
C02171,D02069,2025-06-01,2026-08-01,31,shared_cluster
C00805,D02069,2025-06-01,2026-08-01,23,shared_cluster
C03876,D02069,2025-06-01,2026-08-01,22,shared_cluster
C03512,D02069,2025-06-01,2026-08-01,28,shared_cluster
C02271,D00248,2025-06-01,2026-08-01,35,shared_cluster
C06130,D00248,2025-06-01,2026-08-01,47,shared_cluster
C08405,D00248,2025-06-01,2026-08-01,34,shared_cluster
C07025,D00248,2025-06-01,2026-08-01,14,shared_cluster
C00405,D00248,2025-06-01,2026-08-01,8,shared_cluster
C09936,D00248,2025-06-01,2026-08-01,5,shared_cluster
C02943,D02035,2025-06-01,2026-08-01,40,shared_cluster
C07235,D02035,2025-06-01,2026-08-01,6,shared_cluster
C09720,D02035,2025-06-01,2026-08-01,28,shared_cluster
C03662,D02035,2025-06-01,2026-08-01,6,shared_cluster
C01571,D04659,2025-06-01,2026-08-01,47,shared_cluster
C09617,D04659,2025-06-01,2026-08-01,37,shared_cluster
C08165,D04659,2025-06-01,2026-08-01,7,shared_cluster
C07526,D04659,2025-06-01,2026-08-01,21,shared_cluster
C07315,D04659,2025-06-01,2026-08-01,27,shared_cluster
C04117,D01121,2025-06-01,2026-08-01,39,shared_cluster
C09483,D01121,2025-06-01,2026-08-01,44,shared_cluster
C04128,D01121,2025-06-01,2026-08-01,27,shared_cluster
C00741,D01925,2025-06-01,2026-08-01,22,shared_cluster
C08610,D01925,2025-06-01,2026-08-01,14,shared_cluster
C03523,D01925,2025-06-01,2026-08-01,37,shared_cluster
C02881,D01882,2025-06-01,2026-08-01,26,shared_cluster
C01147,D01882,2025-06-01,2026-08-01,16,shared_cluster
C05234,D04109,2025-06-01,2026-08-01,18,shared_cluster
C03744,D04109,2025-06-01,2026-08-01,10,shared_cluster
C02504,D04109,2025-06-01,2026-08-01,25,shared_cluster
C08440,D04109,2025-06-01,2026-08-01,39,shared_cluster
C00353,D04109,2025-06-01,2026-08-01,42,shared_cluster
C01000,D04109,2025-06-01,2026-08-01,43,shared_cluster
C09065,D00485,2025-06-01,2026-08-01,38,shared_cluster
C06060,D00485,2025-06-01,2026-08-01,17,shared_cluster
C02115,D00485,2025-06-01,2026-08-01,48,shared_cluster
C04493,D00485,2025-06-01,2026-08-01,13,shared_cluster
C01724,D00485,2025-06-01,2026-08-01,14,shared_cluster
C01696,D00249,2025-06-01,2026-08-01,24,shared_cluster
C05358,D00249,2025-06-01,2026-08-01,15,shared_cluster
C03579,D00249,2025-06-01,2026-08-01,40,shared_cluster
C01314,D00249,2025-06-01,2026-08-01,21,shared_cluster
C01457,D00249,2025-06-01,2026-08-01,42,shared_cluster
C06416,D00501,2025-06-01,2026-08-01,33,shared_cluster
C04949,D00501,2025-06-01,2026-08-01,18,shared_cluster
C02583,D00501,2025-06-01,2026-08-01,39,shared_cluster
C08438,D04295,2025-06-01,2026-08-01,29,shared_cluster
C04696,D04295,2025-06-01,2026-08-01,31,shared_cluster
C05127,D03161,2025-06-01,2026-08-01,30,shared_cluster
C04485,D03161,2025-06-01,2026-08-01,9,shared_cluster
C09106,D03785,2025-06-01,2026-08-01,31,shared_cluster
C01073,D03785,2025-06-01,2026-08-01,6,shared_cluster
C08381,D03785,2025-06-01,2026-08-01,9,shared_cluster
C08380,D03785,2025-06-01,2026-08-01,7,shared_cluster
C08546,D03785,2025-06-01,2026-08-01,34,shared_cluster
C05079,D01985,2025-06-01,2026-08-01,44,shared_cluster
C01392,D01985,2025-06-01,2026-08-01,24,shared_cluster
C03547,D01985,2025-06-01,2026-08-01,48,shared_cluster
C03179,D03968,2025-06-01,2026-08-01,27,shared_cluster
C03658,D03968,2025-06-01,2026-08-01,5,shared_cluster
C09402,D03968,2025-06-01,2026-08-01,44,shared_cluster
C08473,D02421,2025-06-01,2026-08-01,46,shared_cluster
C02474,D02421,2025-06-01,2026-08-01,39,shared_cluster
C02516,D02421,2025-06-01,2026-08-01,27,shared_cluster
C00236,D02421,2025-06-01,2026-08-01,21,shared_cluster
C04688,D02421,2025-06-01,2026-08-01,44,shared_cluster
C02023,D04477,2025-06-01,2026-08-01,42,shared_cluster
C07930,D04477,2025-06-01,2026-08-01,10,shared_cluster
C00597,D04477,2025-06-01,2026-08-01,28,shared_cluster
C07646,D04477,2025-06-01,2026-08-01,35,shared_cluster
C01384,D04477,2025-06-01,2026-08-01,44,shared_cluster
C06562,D01387,2025-06-01,2026-08-01,27,shared_cluster
C08526,D01387,2025-06-01,2026-08-01,30,shared_cluster
C04793,D01387,2025-06-01,2026-08-01,9,shared_cluster
C07193,D01831,2025-06-01,2026-08-01,41,shared_cluster
C00087,D01831,2025-06-01,2026-08-01,25,shared_cluster
C02691,D01831,2025-06-01,2026-08-01,35,shared_cluster
C03735,D01831,2025-06-01,2026-08-01,16,shared_cluster
C02524,D03597,2025-06-01,2026-08-01,11,shared_cluster
C01511,D03597,2025-06-01,2026-08-01,49,shared_cluster
C02181,D04542,2025-06-01,2026-08-01,35,shared_cluster
C09132,D04542,2025-06-01,2026-08-01,38,shared_cluster
C00198,D04542,2025-06-01,2026-08-01,43,shared_cluster
C08596,D04937,2025-06-01,2026-08-01,22,shared_cluster
C06256,D04937,2025-06-01,2026-08-01,5,shared_cluster
C04891,D04937,2025-06-01,2026-08-01,14,shared_cluster
C03941,D04937,2025-06-01,2026-08-01,50,shared_cluster
C09813,D04937,2025-06-01,2026-08-01,29,shared_cluster
C05433,D04281,2025-06-01,2026-08-01,49,shared_cluster
C07688,D04281,2025-06-01,2026-08-01,30,shared_cluster
C00497,D00852,2025-06-01,2026-08-01,47,shared_cluster
C07089,D00852,2025-06-01,2026-08-01,36,shared_cluster
C07898,D00852,2025-06-01,2026-08-01,48,shared_cluster
C05828,D00852,2025-06-01,2026-08-01,30,shared_cluster
C04097,D00852,2025-06-01,2026-08-01,25,shared_cluster
C07742,D00852,2025-06-01,2026-08-01,22,shared_cluster
C02543,D02697,2025-06-01,2026-08-01,19,shared_cluster
C02333,D02697,2025-06-01,2026-08-01,38,shared_cluster
C00922,D02697,2025-06-01,2026-08-01,37,shared_cluster
C07576,D02697,2025-06-01,2026-08-01,25,shared_cluster
C02589,D01630,2025-06-01,2026-08-01,17,shared_cluster
C00874,D01630,2025-06-01,2026-08-01,37,shared_cluster
C03202,D01630,2025-06-01,2026-08-01,7,shared_cluster
C05968,D01630,2025-06-01,2026-08-01,25,shared_cluster
C07434,D02060,2025-06-01,2026-08-01,17,shared_cluster
C07465,D02060,2025-06-01,2026-08-01,17,shared_cluster
C07372,D01643,2025-06-01,2026-08-01,21,shared_cluster
C05171,D01643,2025-06-01,2026-08-01,18,shared_cluster
C01415,D01643,2025-06-01,2026-08-01,14,shared_cluster
C09117,D04600,2025-06-01,2026-08-01,29,shared_cluster
C02785,D04600,2025-06-01,2026-08-01,26,shared_cluster
C09672,D04600,2025-06-01,2026-08-01,46,shared_cluster
C03208,D00563,2025-06-01,2026-08-01,37,shared_cluster
C07831,D00563,2025-06-01,2026-08-01,40,shared_cluster
C03072,D04021,2025-06-01,2026-08-01,16,shared_cluster
C03681,D04021,2025-06-01,2026-08-01,35,shared_cluster
C03425,D04021,2025-06-01,2026-08-01,31,shared_cluster
C01261,D04521,2025-06-01,2026-08-01,37,shared_cluster
C05090,D04521,2025-06-01,2026-08-01,39,shared_cluster
C06567,D04521,2025-06-01,2026-08-01,12,shared_cluster
C00064,D01835,2025-06-01,2026-08-01,27,shared_cluster
C02286,D01835,2025-06-01,2026-08-01,5,shared_cluster
C09708,D04768,2025-06-01,2026-08-01,45,shared_cluster
C00247,D04768,2025-06-01,2026-08-01,39,shared_cluster
C03073,D04768,2025-06-01,2026-08-01,37,shared_cluster
C08618,D04768,2025-06-01,2026-08-01,27,shared_cluster
C02224,D02682,2025-06-01,2026-08-01,8,shared_cluster
C06332,D02682,2025-06-01,2026-08-01,8,shared_cluster
C01438,D02682,2025-06-01,2026-08-01,15,shared_cluster
C03563,D02682,2025-06-01,2026-08-01,43,shared_cluster
C08340,D02682,2025-06-01,2026-08-01,44,shared_cluster
C02622,D04323,2025-06-01,2026-08-01,44,shared_cluster
C09694,D04323,2025-06-01,2026-08-01,8,shared_cluster
C09649,D04323,2025-06-01,2026-08-01,36,shared_cluster
C04261,D04323,2025-06-01,2026-08-01,33,shared_cluster
C06006,D04323,2025-06-01,2026-08-01,31,shared_cluster
C05132,D01210,2025-06-01,2026-08-01,27,shared_cluster
C05800,D01210,2025-06-01,2026-08-01,39,shared_cluster
C02358,D01210,2025-06-01,2026-08-01,13,shared_cluster
C03191,D01210,2025-06-01,2026-08-01,39,shared_cluster
C05375,D01210,2025-06-01,2026-08-01,8,shared_cluster
C08300,D04922,2025-06-01,2026-08-01,46,shared_cluster
C01829,D04922,2025-06-01,2026-08-01,34,shared_cluster
C04469,D00683,2025-06-01,2026-08-01,14,shared_cluster
C04904,D00683,2025-06-01,2026-08-01,36,shared_cluster
C07768,D02225,2025-06-01,2026-08-01,20,shared_cluster
C04564,D02225,2025-06-01,2026-08-01,28,shared_cluster
C05749,D02225,2025-06-01,2026-08-01,39,shared_cluster
C06560,D02225,2025-06-01,2026-08-01,32,shared_cluster
C02231,D02126,2025-06-01,2026-08-01,33,shared_cluster
C03998,D02126,2025-06-01,2026-08-01,24,shared_cluster
C08312,D02126,2025-06-01,2026-08-01,14,shared_cluster
C03460,D02126,2025-06-01,2026-08-01,38,shared_cluster
C08309,D02126,2025-06-01,2026-08-01,7,shared_cluster
C02072,D00188,2025-06-01,2026-08-01,26,shared_cluster
C07799,D00188,2025-06-01,2026-08-01,38,shared_cluster
C03357,D00188,2025-06-01,2026-08-01,38,shared_cluster
C09281,D00188,2025-06-01,2026-08-01,32,shared_cluster
C09364,D00188,2025-06-01,2026-08-01,41,shared_cluster
C04823,D04072,2025-06-01,2026-08-01,11,shared_cluster
C04627,D04072,2025-06-01,2026-08-01,26,shared_cluster
C03074,D03962,2025-06-01,2026-08-01,7,shared_cluster
C09741,D03962,2025-06-01,2026-08-01,17,shared_cluster
C05118,D03962,2025-06-01,2026-08-01,5,shared_cluster
C08514,D03962,2025-06-01,2026-08-01,41,shared_cluster
C04292,D03885,2025-06-01,2026-08-01,10,shared_cluster
C03300,D03885,2025-06-01,2026-08-01,45,shared_cluster
C02187,D01168,2025-06-01,2026-08-01,20,shared_cluster
C03336,D01168,2025-06-01,2026-08-01,35,shared_cluster
C09560,D01168,2025-06-01,2026-08-01,10,shared_cluster
C07795,D01923,2025-06-01,2026-08-01,15,shared_cluster
C01352,D01923,2025-06-01,2026-08-01,39,shared_cluster
C02475,D01923,2025-06-01,2026-08-01,20,shared_cluster
C08651,D01200,2025-06-01,2026-08-01,36,shared_cluster
C05847,D01200,2025-06-01,2026-08-01,43,shared_cluster
C01624,D01200,2025-06-01,2026-08-01,7,shared_cluster
C01959,D01200,2025-06-01,2026-08-01,7,shared_cluster
C08113,D01200,2025-06-01,2026-08-01,6,shared_cluster
C08519,D03643,2025-06-01,2026-08-01,14,shared_cluster
C01993,D03643,2025-06-01,2026-08-01,36,shared_cluster
C00222,D03643,2025-06-01,2026-08-01,17,shared_cluster
C08345,D03643,2025-06-01,2026-08-01,32,shared_cluster
C06775,D03786,2025-06-01,2026-08-01,19,shared_cluster
C00995,D03786,2025-06-01,2026-08-01,34,shared_cluster
C00219,D04943,2025-06-01,2026-08-01,45,shared_cluster
C01106,D04943,2025-06-01,2026-08-01,42,shared_cluster
C09370,D04943,2025-06-01,2026-08-01,19,shared_cluster
C04537,D04943,2025-06-01,2026-08-01,26,shared_cluster
C04622,D04943,2025-06-01,2026-08-01,49,shared_cluster
C00569,D02995,2025-06-01,2026-08-01,39,shared_cluster
C02625,D02995,2025-06-01,2026-08-01,42,shared_cluster
C03046,D02995,2025-06-01,2026-08-01,23,shared_cluster
C04652,D02995,2025-06-01,2026-08-01,21,shared_cluster
C08259,D02995,2025-06-01,2026-08-01,48,shared_cluster
C06912,D02995,2025-06-01,2026-08-01,10,shared_cluster
C04439,D00830,2025-06-01,2026-08-01,21,shared_cluster
C09502,D00830,2025-06-01,2026-08-01,20,shared_cluster
C01782,D00830,2025-06-01,2026-08-01,34,shared_cluster
C02857,D03027,2025-06-01,2026-08-01,14,shared_cluster
C06000,D03027,2025-06-01,2026-08-01,26,shared_cluster
C02792,D03027,2025-06-01,2026-08-01,43,shared_cluster
C06724,D03195,2025-06-01,2026-08-01,37,shared_cluster
C02389,D03195,2025-06-01,2026-08-01,21,shared_cluster
C09143,D03195,2025-06-01,2026-08-01,42,shared_cluster
C09905,D03195,2025-06-01,2026-08-01,22,shared_cluster
C06530,D04403,2025-06-01,2026-08-01,49,shared_cluster
C03851,D04403,2025-06-01,2026-08-01,11,shared_cluster
C00821,D04403,2025-06-01,2026-08-01,42,shared_cluster
C02383,D04403,2025-06-01,2026-08-01,13,shared_cluster
C07417,D01096,2025-06-01,2026-08-01,13,shared_cluster
C07171,D01096,2025-06-01,2026-08-01,37,shared_cluster
C04741,D01096,2025-06-01,2026-08-01,41,shared_cluster
C01882,D04797,2025-06-01,2026-08-01,14,shared_cluster
C01366,D04797,2025-06-01,2026-08-01,39,shared_cluster
C01890,D04797,2025-06-01,2026-08-01,47,shared_cluster
C02510,D04797,2025-06-01,2026-08-01,26,shared_cluster
C02399,D02081,2025-06-01,2026-08-01,7,shared_cluster
C04437,D02081,2025-06-01,2026-08-01,16,shared_cluster
C08781,D02081,2025-06-01,2026-08-01,35,shared_cluster
C05969,D01281,2025-06-01,2026-08-01,22,shared_cluster
C04361,D01281,2025-06-01,2026-08-01,49,shared_cluster
C08686,D01281,2025-06-01,2026-08-01,43,shared_cluster
C08741,D01281,2025-06-01,2026-08-01,21,shared_cluster
C07354,D01281,2025-06-01,2026-08-01,8,shared_cluster
C07539,D01281,2025-06-01,2026-08-01,31,shared_cluster
C08884,D02087,2025-06-01,2026-08-01,50,shared_cluster
C02579,D02087,2025-06-01,2026-08-01,7,shared_cluster
C03782,D02087,2025-06-01,2026-08-01,30,shared_cluster
C02393,D02087,2025-06-01,2026-08-01,33,shared_cluster
C03438,D00053,2025-06-01,2026-08-01,38,shared_cluster
C05683,D00053,2025-06-01,2026-08-01,20,shared_cluster
C04459,D00053,2025-06-01,2026-08-01,34,shared_cluster
C03827,D03036,2025-06-01,2026-08-01,7,shared_cluster
C09004,D03036,2025-06-01,2026-08-01,19,shared_cluster
C08993,D03194,2025-06-01,2026-08-01,44,shared_cluster
C02112,D03194,2025-06-01,2026-08-01,17,shared_cluster
C04026,D03194,2025-06-01,2026-08-01,43,shared_cluster
C04492,D03194,2025-06-01,2026-08-01,29,shared_cluster
C09805,D03194,2025-06-01,2026-08-01,50,shared_cluster
C03597,D03194,2025-06-01,2026-08-01,40,shared_cluster
C02084,D01847,2025-06-01,2026-08-01,36,shared_cluster
C01140,D01847,2025-06-01,2026-08-01,31,shared_cluster
C02351,D01847,2025-06-01,2026-08-01,34,shared_cluster
C07965,D01847,2025-06-01,2026-08-01,11,shared_cluster
C04812,D01847,2025-06-01,2026-08-01,16,shared_cluster
C08725,D01847,2025-06-01,2026-08-01,14,shared_cluster
C01809,D01386,2025-06-01,2026-08-01,17,shared_cluster
C02822,D01386,2025-06-01,2026-08-01,34,shared_cluster
C06939,D01386,2025-06-01,2026-08-01,19,shared_cluster
C05165,D01386,2025-06-01,2026-08-01,41,shared_cluster
C08342,D01386,2025-06-01,2026-08-01,13,shared_cluster
C01131,D02597,2025-06-01,2026-08-01,15,shared_cluster
C09886,D02597,2025-06-01,2026-08-01,7,shared_cluster
C02522,D02597,2025-06-01,2026-08-01,18,shared_cluster
C08247,D02597,2025-06-01,2026-08-01,45,shared_cluster
C06250,D02597,2025-06-01,2026-08-01,8,shared_cluster
C05176,D04402,2025-06-01,2026-08-01,34,shared_cluster
C00056,D04402,2025-06-01,2026-08-01,28,shared_cluster
C00313,D04402,2025-06-01,2026-08-01,6,shared_cluster
C00942,D04402,2025-06-01,2026-08-01,46,shared_cluster
C09919,D04402,2025-06-01,2026-08-01,28,shared_cluster
C09541,D02537,2025-06-01,2026-08-01,35,shared_cluster
C03790,D02537,2025-06-01,2026-08-01,8,shared_cluster
C03005,D02537,2025-06-01,2026-08-01,13,shared_cluster
C09833,D00191,2025-06-01,2026-08-01,32,shared_cluster
C08657,D00191,2025-06-01,2026-08-01,32,shared_cluster
C07147,D04201,2025-06-01,2026-08-01,7,shared_cluster
C01211,D04201,2025-06-01,2026-08-01,35,shared_cluster
C07994,D04201,2025-06-01,2026-08-01,41,shared_cluster
C08565,D04201,2025-06-01,2026-08-01,7,shared_cluster
C01227,D04201,2025-06-01,2026-08-01,16,shared_cluster
C07401,D02652,2025-06-01,2026-08-01,44,shared_cluster
C04901,D02652,2025-06-01,2026-08-01,38,shared_cluster
C00892,D02652,2025-06-01,2026-08-01,7,shared_cluster
C03721,D02652,2025-06-01,2026-08-01,34,shared_cluster
C06525,D02486,2025-06-01,2026-08-01,40,shared_cluster
C07732,D02486,2025-06-01,2026-08-01,10,shared_cluster
C01637,D02486,2025-06-01,2026-08-01,15,shared_cluster
C06713,D02486,2025-06-01,2026-08-01,47,shared_cluster
C03065,D02486,2025-06-01,2026-08-01,10,shared_cluster
C05024,D01653,2025-06-01,2026-08-01,30,shared_cluster
C09168,D01653,2025-06-01,2026-08-01,6,shared_cluster
C08799,D01653,2025-06-01,2026-08-01,24,shared_cluster
C04521,D02403,2025-06-01,2026-08-01,50,shared_cluster
C08667,D02403,2025-06-01,2026-08-01,42,shared_cluster
C01051,D02403,2025-06-01,2026-08-01,7,shared_cluster
C04080,D02403,2025-06-01,2026-08-01,12,shared_cluster
C09297,D02403,2025-06-01,2026-08-01,40,shared_cluster
C09254,D00105,2025-06-01,2026-08-01,46,shared_cluster
C02985,D00105,2025-06-01,2026-08-01,42,shared_cluster
C00412,D00105,2025-06-01,2026-08-01,15,shared_cluster
C08539,D03993,2025-06-01,2026-08-01,31,shared_cluster
C07574,D03993,2025-06-01,2026-08-01,26,shared_cluster
C07311,D03993,2025-06-01,2026-08-01,8,shared_cluster
C07219,D03993,2025-06-01,2026-08-01,7,shared_cluster
C03363,D03729,2025-06-01,2026-08-01,19,shared_cluster
C03805,D03729,2025-06-01,2026-08-01,44,shared_cluster
C00145,D03729,2025-06-01,2026-08-01,41,shared_cluster
C02094,D03729,2025-06-01,2026-08-01,9,shared_cluster
C04135,D03729,2025-06-01,2026-08-01,28,shared_cluster
C09298,D01693,2025-06-01,2026-08-01,29,shared_cluster
C06924,D01693,2025-06-01,2026-08-01,39,shared_cluster
C01472,D02221,2025-06-01,2026-08-01,17,shared_cluster
C00354,D02221,2025-06-01,2026-08-01,24,shared_cluster
C00309,D02221,2025-06-01,2026-08-01,18,shared_cluster
C06585,D02221,2025-06-01,2026-08-01,22,shared_cluster
C02277,D01380,2025-06-01,2026-08-01,33,shared_cluster
C03970,D01380,2025-06-01,2026-08-01,11,shared_cluster
C08134,D01380,2025-06-01,2026-08-01,47,shared_cluster
C03219,D01380,2025-06-01,2026-08-01,12,shared_cluster
C00083,D01380,2025-06-01,2026-08-01,18,shared_cluster
C08577,D03153,2025-06-01,2026-08-01,25,shared_cluster
C07172,D03153,2025-06-01,2026-08-01,46,shared_cluster
C02712,D03153,2025-06-01,2026-08-01,11,shared_cluster
C01928,D03153,2025-06-01,2026-08-01,17,shared_cluster
C09849,D03153,2025-06-01,2026-08-01,42,shared_cluster
C02458,D03153,2025-06-01,2026-08-01,27,shared_cluster
C05590,D04503,2025-06-01,2026-08-01,50,shared_cluster
C05409,D04503,2025-06-01,2026-08-01,43,shared_cluster
C02076,D04503,2025-06-01,2026-08-01,14,shared_cluster
C05978,D04503,2025-06-01,2026-08-01,36,shared_cluster
C00756,D04503,2025-06-01,2026-08-01,21,shared_cluster
C01526,D00043,2025-06-01,2026-08-01,29,shared_cluster
C04195,D00043,2025-06-01,2026-08-01,40,shared_cluster
C06045,D00043,2025-06-01,2026-08-01,11,shared_cluster
C09688,D04044,2025-06-01,2026-08-01,32,shared_cluster
C00890,D04044,2025-06-01,2026-08-01,14,shared_cluster
C07559,D04044,2025-06-01,2026-08-01,5,shared_cluster
C08663,D04044,2025-06-01,2026-08-01,14,shared_cluster
C09707,D04044,2025-06-01,2026-08-01,32,shared_cluster
C04384,D04044,2025-06-01,2026-08-01,38,shared_cluster
C08888,D02070,2025-06-01,2026-08-01,37,shared_cluster
C06393,D02070,2025-06-01,2026-08-01,50,shared_cluster
C07554,D02070,2025-06-01,2026-08-01,18,shared_cluster
C01845,D02070,2025-06-01,2026-08-01,33,shared_cluster
C09795,D02070,2025-06-01,2026-08-01,10,shared_cluster
C02899,D02856,2025-06-01,2026-08-01,27,shared_cluster
C03429,D02856,2025-06-01,2026-08-01,35,shared_cluster
C04620,D02856,2025-06-01,2026-08-01,10,shared_cluster
C00471,D02856,2025-06-01,2026-08-01,22,shared_cluster
C06025,D02856,2025-06-01,2026-08-01,6,shared_cluster
C09265,D02856,2025-06-01,2026-08-01,30,shared_cluster
C05789,D01366,2025-06-01,2026-08-01,43,shared_cluster
C00187,D01366,2025-06-01,2026-08-01,15,shared_cluster
C09961,D01366,2025-06-01,2026-08-01,24,shared_cluster
C02219,D01366,2025-06-01,2026-08-01,36,shared_cluster
C05302,D01366,2025-06-01,2026-08-01,12,shared_cluster
C02886,D01366,2025-06-01,2026-08-01,12,shared_cluster
C05447,D01019,2025-06-01,2026-08-01,14,shared_cluster
C06046,D01019,2025-06-01,2026-08-01,20,shared_cluster
C01112,D01019,2025-06-01,2026-08-01,26,shared_cluster
C02958,D01019,2025-06-01,2026-08-01,11,shared_cluster
C06034,D01019,2025-06-01,2026-08-01,34,shared_cluster
C02192,D01019,2025-06-01,2026-08-01,19,shared_cluster
C03313,D03513,2025-06-01,2026-08-01,26,shared_cluster
C02576,D03513,2025-06-01,2026-08-01,41,shared_cluster
C05694,D03513,2025-06-01,2026-08-01,26,shared_cluster
C04801,D03513,2025-06-01,2026-08-01,36,shared_cluster
C09384,D01154,2025-06-01,2026-08-01,14,shared_cluster
C03763,D01154,2025-06-01,2026-08-01,24,shared_cluster
C00099,D01154,2025-06-01,2026-08-01,23,shared_cluster
C02722,D01154,2025-06-01,2026-08-01,43,shared_cluster
C02827,D01154,2025-06-01,2026-08-01,17,shared_cluster
C06959,D01154,2025-06-01,2026-08-01,34,shared_cluster
C00724,D01553,2025-06-01,2026-08-01,29,shared_cluster
C03443,D01553,2025-06-01,2026-08-01,46,shared_cluster
C09349,D04497,2025-06-01,2026-08-01,17,shared_cluster
C08354,D04497,2025-06-01,2026-08-01,9,shared_cluster
C05451,D04497,2025-06-01,2026-08-01,17,shared_cluster
C05866,D04497,2025-06-01,2026-08-01,9,shared_cluster
C08516,D03944,2025-06-01,2026-08-01,8,shared_cluster
C03634,D03944,2025-06-01,2026-08-01,39,shared_cluster
C09862,D03944,2025-06-01,2026-08-01,28,shared_cluster
C05722,D03944,2025-06-01,2026-08-01,45,shared_cluster
C02247,D03944,2025-06-01,2026-08-01,27,shared_cluster
C01860,D01631,2025-06-01,2026-08-01,32,shared_cluster
C09822,D01631,2025-06-01,2026-08-01,7,shared_cluster
C05505,D01631,2025-06-01,2026-08-01,24,shared_cluster
C09994,D02783,2025-06-01,2026-08-01,42,shared_cluster
C03799,D02783,2025-06-01,2026-08-01,42,shared_cluster
C05362,D02783,2025-06-01,2026-08-01,10,shared_cluster
C07014,D02783,2025-06-01,2026-08-01,36,shared_cluster
C00814,D02783,2025-06-01,2026-08-01,30,shared_cluster
C08868,D02783,2025-06-01,2026-08-01,27,shared_cluster
C05510,D04591,2025-06-01,2026-08-01,23,shared_cluster
C09531,D04591,2025-06-01,2026-08-01,47,shared_cluster
C08833,D04591,2025-06-01,2026-08-01,46,shared_cluster
C07483,D04591,2025-06-01,2026-08-01,44,shared_cluster
C07269,D04591,2025-06-01,2026-08-01,24,shared_cluster
C06322,D01653,2025-06-01,2026-08-01,9,shared_cluster
C04108,D01653,2025-06-01,2026-08-01,33,shared_cluster
C06578,D01653,2025-06-01,2026-08-01,35,shared_cluster
C09998,D01653,2025-06-01,2026-08-01,33,shared_cluster
C02060,D01653,2025-06-01,2026-08-01,28,shared_cluster
C02629,D00736,2025-06-01,2026-08-01,39,shared_cluster
C02193,D00736,2025-06-01,2026-08-01,13,shared_cluster
C09596,D00736,2025-06-01,2026-08-01,19,shared_cluster
C07187,D00736,2025-06-01,2026-08-01,11,shared_cluster
C07300,D01581,2025-06-01,2026-08-01,32,shared_cluster
C06576,D01581,2025-06-01,2026-08-01,26,shared_cluster
C03379,D04292,2025-06-01,2026-08-01,39,shared_cluster
C05531,D04292,2025-06-01,2026-08-01,31,shared_cluster
C07337,D04292,2025-06-01,2026-08-01,22,shared_cluster
C07495,D04292,2025-06-01,2026-08-01,34,shared_cluster
C07256,D04292,2025-06-01,2026-08-01,7,shared_cluster
C07932,D00581,2025-06-01,2026-08-01,16,shared_cluster
C03408,D00581,2025-06-01,2026-08-01,32,shared_cluster
C04860,D00581,2025-06-01,2026-08-01,6,shared_cluster
C07374,D00581,2025-06-01,2026-08-01,10,shared_cluster
C09033,D00607,2025-06-01,2026-08-01,32,shared_cluster
C03690,D00607,2025-06-01,2026-08-01,40,shared_cluster
C06616,D04045,2025-06-01,2026-08-01,7,shared_cluster
C02025,D04045,2025-06-01,2026-08-01,21,shared_cluster
C09269,D04045,2025-06-01,2026-08-01,35,shared_cluster
C04503,D04045,2025-06-01,2026-08-01,22,shared_cluster
C04093,D04045,2025-06-01,2026-08-01,17,shared_cluster
C04640,D04461,2025-06-01,2026-08-01,31,shared_cluster
C02545,D04461,2025-06-01,2026-08-01,42,shared_cluster
C02729,D04461,2025-06-01,2026-08-01,46,shared_cluster
C07433,D04461,2025-06-01,2026-08-01,23,shared_cluster
C08136,D04461,2025-06-01,2026-08-01,49,shared_cluster
C09713,D03726,2025-06-01,2026-08-01,29,shared_cluster
C05416,D03726,2025-06-01,2026-08-01,40,shared_cluster
C09127,D03726,2025-06-01,2026-08-01,8,shared_cluster
C05128,D03406,2025-06-01,2026-08-01,28,shared_cluster
C08436,D03406,2025-06-01,2026-08-01,23,shared_cluster
C06694,D03406,2025-06-01,2026-08-01,46,shared_cluster
C08029,D03406,2025-06-01,2026-08-01,48,shared_cluster
C08254,D03406,2025-06-01,2026-08-01,30,shared_cluster
C07844,D02804,2025-06-01,2026-08-01,19,shared_cluster
C08533,D02804,2025-06-01,2026-08-01,26,shared_cluster
C05106,D02804,2025-06-01,2026-08-01,50,shared_cluster
C00010,D02804,2025-06-01,2026-08-01,22,shared_cluster
C00461,D03914,2025-06-01,2026-08-01,10,shared_cluster
C00738,D03914,2025-06-01,2026-08-01,25,shared_cluster
C03927,D03914,2025-06-01,2026-08-01,20,shared_cluster
C09212,D03914,2025-06-01,2026-08-01,7,shared_cluster
C04356,D03914,2025-06-01,2026-08-01,25,shared_cluster
C00204,D03914,2025-06-01,2026-08-01,17,shared_cluster
C08286,D00080,2025-06-01,2026-08-01,47,shared_cluster
C03997,D00080,2025-06-01,2026-08-01,38,shared_cluster
C03895,D00080,2025-06-01,2026-08-01,32,shared_cluster
C01731,D00080,2025-06-01,2026-08-01,20,shared_cluster
C08852,D00615,2025-06-01,2026-08-01,35,shared_cluster
C05752,D00615,2025-06-01,2026-08-01,34,shared_cluster
C07308,D00747,2025-06-01,2026-08-01,15,shared_cluster
C05790,D00747,2025-06-01,2026-08-01,28,shared_cluster
C04862,D00747,2025-06-01,2026-08-01,18,shared_cluster
C06772,D03921,2025-06-01,2026-08-01,43,shared_cluster
C06347,D03921,2025-06-01,2026-08-01,46,shared_cluster
C09012,D04284,2025-06-01,2026-08-01,15,shared_cluster
C00008,D04284,2025-06-01,2026-08-01,50,shared_cluster
C01814,D04284,2025-06-01,2026-08-01,41,shared_cluster
C01038,D04284,2025-06-01,2026-08-01,9,shared_cluster
C06770,D04284,2025-06-01,2026-08-01,47,shared_cluster
C06995,D04356,2025-06-01,2026-08-01,24,shared_cluster
C03241,D04356,2025-06-01,2026-08-01,32,shared_cluster
C07624,D04356,2025-06-01,2026-08-01,44,shared_cluster
C07430,D04356,2025-06-01,2026-08-01,32,shared_cluster
C08861,D04356,2025-06-01,2026-08-01,38,shared_cluster
C02243,D04356,2025-06-01,2026-08-01,27,shared_cluster
C04111,D02895,2025-06-01,2026-08-01,9,shared_cluster
C08817,D02895,2025-06-01,2026-08-01,14,shared_cluster
C03703,D02895,2025-06-01,2026-08-01,30,shared_cluster
C03108,D02895,2025-06-01,2026-08-01,36,shared_cluster
C07369,D01634,2025-06-01,2026-08-01,19,shared_cluster
C08239,D01634,2025-06-01,2026-08-01,42,shared_cluster
C08129,D01634,2025-06-01,2026-08-01,6,shared_cluster
C06595,D01634,2025-06-01,2026-08-01,38,shared_cluster
C07295,D01634,2025-06-01,2026-08-01,45,shared_cluster
C03620,D01634,2025-06-01,2026-08-01,32,shared_cluster
C02249,D01007,2025-06-01,2026-08-01,42,shared_cluster
C03213,D01007,2025-06-01,2026-08-01,46,shared_cluster
C02916,D01007,2025-06-01,2026-08-01,21,shared_cluster
C05591,D03588,2025-06-01,2026-08-01,47,shared_cluster
C02410,D03588,2025-06-01,2026-08-01,19,shared_cluster
C04374,D03588,2025-06-01,2026-08-01,46,shared_cluster
C05446,D03588,2025-06-01,2026-08-01,38,shared_cluster
C05431,D00707,2025-06-01,2026-08-01,17,shared_cluster
C01733,D00707,2025-06-01,2026-08-01,36,shared_cluster
C09025,D00707,2025-06-01,2026-08-01,21,shared_cluster
C03891,D03751,2025-06-01,2026-08-01,7,shared_cluster
C04887,D03751,2025-06-01,2026-08-01,50,shared_cluster
C04800,D03751,2025-06-01,2026-08-01,15,shared_cluster
C03298,D03751,2025-06-01,2026-08-01,28,shared_cluster
C02673,D03751,2025-06-01,2026-08-01,49,shared_cluster
C04660,D01932,2025-06-01,2026-08-01,25,shared_cluster
C04747,D01932,2025-06-01,2026-08-01,16,shared_cluster
C07313,D01932,2025-06-01,2026-08-01,39,shared_cluster
C07919,D00649,2025-06-01,2026-08-01,22,shared_cluster
C04057,D00649,2025-06-01,2026-08-01,50,shared_cluster
C04161,D00649,2025-06-01,2026-08-01,7,shared_cluster
C06701,D00649,2025-06-01,2026-08-01,47,shared_cluster
C03149,D01350,2025-06-01,2026-08-01,8,shared_cluster
C03308,D01350,2025-06-01,2026-08-01,19,shared_cluster
C04557,D04660,2025-06-01,2026-08-01,45,shared_cluster
C02902,D04660,2025-06-01,2026-08-01,28,shared_cluster
C08865,D04660,2025-06-01,2026-08-01,18,shared_cluster
C08217,D04660,2025-06-01,2026-08-01,14,shared_cluster
C07851,D04660,2025-06-01,2026-08-01,22,shared_cluster
C04781,D01437,2025-06-01,2026-08-01,23,shared_cluster
C06650,D01437,2025-06-01,2026-08-01,25,shared_cluster
C01672,D04992,2025-06-01,2026-08-01,33,shared_cluster
C00947,D04992,2025-06-01,2026-08-01,31,shared_cluster
C01508,D01344,2025-06-01,2026-08-01,37,shared_cluster
C02371,D01344,2025-06-01,2026-08-01,39,shared_cluster
C02531,D01344,2025-06-01,2026-08-01,20,shared_cluster
C09881,D01344,2025-06-01,2026-08-01,18,shared_cluster
C07108,D00008,2025-06-01,2026-08-01,25,shared_cluster
C05092,D00008,2025-06-01,2026-08-01,10,shared_cluster
C02412,D00008,2025-06-01,2026-08-01,30,shared_cluster
C07781,D02936,2025-06-01,2026-08-01,30,shared_cluster
C05198,D02936,2025-06-01,2026-08-01,7,shared_cluster
C08454,D02936,2025-06-01,2026-08-01,36,shared_cluster
C00558,D02936,2025-06-01,2026-08-01,35,shared_cluster
C08200,D02936,2025-06-01,2026-08-01,17,shared_cluster
C00978,D04085,2025-06-01,2026-08-01,38,shared_cluster
C06257,D04085,2025-06-01,2026-08-01,32,shared_cluster
C09951,D04085,2025-06-01,2026-08-01,30,shared_cluster
C00994,D04085,2025-06-01,2026-08-01,34,shared_cluster
C05563,D04085,2025-06-01,2026-08-01,17,shared_cluster
C09674,D03889,2025-06-01,2026-08-01,34,shared_cluster
C03562,D03889,2025-06-01,2026-08-01,37,shared_cluster
C07599,D03889,2025-06-01,2026-08-01,39,shared_cluster
C02337,D03889,2025-06-01,2026-08-01,31,shared_cluster
C00674,D00355,2025-06-01,2026-08-01,50,shared_cluster
C09076,D00355,2025-06-01,2026-08-01,50,shared_cluster
C04145,D00355,2025-06-01,2026-08-01,39,shared_cluster
C03522,D00355,2025-06-01,2026-08-01,50,shared_cluster
C06182,D00355,2025-06-01,2026-08-01,29,shared_cluster
C00036,D00159,2025-06-01,2026-08-01,33,shared_cluster
C05533,D00159,2025-06-01,2026-08-01,11,shared_cluster
C08794,D00159,2025-06-01,2026-08-01,43,shared_cluster
C07717,D00159,2025-06-01,2026-08-01,50,shared_cluster
C09047,D00159,2025-06-01,2026-08-01,34,shared_cluster
C04563,D00159,2025-06-01,2026-08-01,11,shared_cluster
C00636,D01570,2025-06-01,2026-08-01,17,shared_cluster
C07382,D01570,2025-06-01,2026-08-01,16,shared_cluster
C01854,D03211,2025-06-01,2026-08-01,5,shared_cluster
C00644,D03211,2025-06-01,2026-08-01,43,shared_cluster
C09980,D00606,2025-06-01,2026-08-01,46,shared_cluster
C04041,D00606,2025-06-01,2026-08-01,14,shared_cluster
C06234,D00606,2025-06-01,2026-08-01,19,shared_cluster
C00338,D00606,2025-06-01,2026-08-01,16,shared_cluster
C07123,D00606,2025-06-01,2026-08-01,50,shared_cluster
C00063,D04341,2025-06-01,2026-08-01,31,shared_cluster
C01469,D04341,2025-06-01,2026-08-01,36,shared_cluster
C03174,D03044,2025-06-01,2026-08-01,35,shared_cluster
C00564,D03044,2025-06-01,2026-08-01,16,shared_cluster
C04628,D03678,2025-06-01,2026-08-01,15,shared_cluster
C07398,D03678,2025-06-01,2026-08-01,35,shared_cluster
C02662,D03678,2025-06-01,2026-08-01,48,shared_cluster
C01968,D02678,2025-06-01,2026-08-01,30,shared_cluster
C08734,D02678,2025-06-01,2026-08-01,36,shared_cluster
C08194,D04365,2025-06-01,2026-08-01,14,shared_cluster
C08536,D04365,2025-06-01,2026-08-01,19,shared_cluster
C09129,D04365,2025-06-01,2026-08-01,15,shared_cluster
C05686,D04365,2025-06-01,2026-08-01,18,shared_cluster
C06210,D04365,2025-06-01,2026-08-01,15,shared_cluster
C00364,D04365,2025-06-01,2026-08-01,41,shared_cluster
C07060,D02364,2025-06-01,2026-08-01,45,shared_cluster
C09925,D02364,2025-06-01,2026-08-01,5,shared_cluster
C00809,D02364,2025-06-01,2026-08-01,34,shared_cluster
C07842,D02364,2025-06-01,2026-08-01,26,shared_cluster
C08784,D02364,2025-06-01,2026-08-01,48,shared_cluster
C04239,D02364,2025-06-01,2026-08-01,32,shared_cluster
C09134,D01150,2025-06-01,2026-08-01,38,shared_cluster
C03892,D01150,2025-06-01,2026-08-01,12,shared_cluster
C07451,D01150,2025-06-01,2026-08-01,40,shared_cluster
C00257,D01150,2025-06-01,2026-08-01,40,shared_cluster
C01052,D01150,2025-06-01,2026-08-01,9,shared_cluster
C00660,D04906,2025-06-01,2026-08-01,41,shared_cluster
C08816,D04906,2025-06-01,2026-08-01,27,shared_cluster
C02279,D02307,2025-06-01,2026-08-01,25,shared_cluster
C07631,D02307,2025-06-01,2026-08-01,35,shared_cluster
C07635,D02307,2025-06-01,2026-08-01,33,shared_cluster
C09454,D02307,2025-06-01,2026-08-01,23,shared_cluster
C08512,D02307,2025-06-01,2026-08-01,21,shared_cluster
C01513,D04060,2025-06-01,2026-08-01,33,shared_cluster
C06674,D04060,2025-06-01,2026-08-01,29,shared_cluster
C07331,D04060,2025-06-01,2026-08-01,49,shared_cluster
C08925,D04060,2025-06-01,2026-08-01,43,shared_cluster
C07289,D01377,2025-06-01,2026-08-01,31,shared_cluster
C08070,D01377,2025-06-01,2026-08-01,11,shared_cluster
C02751,D01377,2025-06-01,2026-08-01,44,shared_cluster
C09116,D01621,2025-06-01,2026-08-01,7,shared_cluster
C05235,D01621,2025-06-01,2026-08-01,11,shared_cluster
C01579,D01621,2025-06-01,2026-08-01,31,shared_cluster
C07358,D01621,2025-06-01,2026-08-01,43,shared_cluster
C09616,D01621,2025-06-01,2026-08-01,16,shared_cluster
C00600,D01621,2025-06-01,2026-08-01,9,shared_cluster
C01842,D03403,2025-06-01,2026-08-01,6,shared_cluster
C03373,D03403,2025-06-01,2026-08-01,44,shared_cluster
C01732,D03403,2025-06-01,2026-08-01,46,shared_cluster
C07959,D03403,2025-06-01,2026-08-01,39,shared_cluster
C05415,D03403,2025-06-01,2026-08-01,20,shared_cluster
C09543,D04333,2025-06-01,2026-08-01,8,shared_cluster
C06215,D04333,2025-06-01,2026-08-01,43,shared_cluster
C03889,D04333,2025-06-01,2026-08-01,14,shared_cluster
C00914,D02681,2025-06-01,2026-08-01,23,shared_cluster
C06075,D02681,2025-06-01,2026-08-01,27,shared_cluster
C04375,D02681,2025-06-01,2026-08-01,7,shared_cluster
C08671,D00923,2025-06-01,2026-08-01,5,shared_cluster
C00245,D00923,2025-06-01,2026-08-01,24,shared_cluster
C07804,D00923,2025-06-01,2026-08-01,44,shared_cluster
C06682,D00923,2025-06-01,2026-08-01,30,shared_cluster
C04475,D03817,2025-06-01,2026-08-01,39,shared_cluster
C09053,D03817,2025-06-01,2026-08-01,36,shared_cluster
C05758,D00813,2025-06-01,2026-08-01,46,shared_cluster
C00837,D00813,2025-06-01,2026-08-01,8,shared_cluster
C01008,D00813,2025-06-01,2026-08-01,38,shared_cluster
C08355,D03793,2025-06-01,2026-08-01,41,shared_cluster
C09213,D03793,2025-06-01,2026-08-01,19,shared_cluster
C06359,D03793,2025-06-01,2026-08-01,32,shared_cluster
C08014,D04582,2025-06-01,2026-08-01,49,shared_cluster
C09142,D04582,2025-06-01,2026-08-01,11,shared_cluster
C00356,D04582,2025-06-01,2026-08-01,30,shared_cluster
C01754,D04582,2025-06-01,2026-08-01,13,shared_cluster
C00021,D04582,2025-06-01,2026-08-01,15,shared_cluster
C09957,D04582,2025-06-01,2026-08-01,15,shared_cluster
C02186,D04199,2025-06-01,2026-08-01,33,shared_cluster
C09459,D04199,2025-06-01,2026-08-01,45,shared_cluster
C07040,D04199,2025-06-01,2026-08-01,8,shared_cluster
C08257,D04199,2025-06-01,2026-08-01,7,shared_cluster
C04951,D04199,2025-06-01,2026-08-01,16,shared_cluster
C05875,D03722,2025-06-01,2026-08-01,30,shared_cluster
C02503,D03722,2025-06-01,2026-08-01,10,shared_cluster
C04182,D03722,2025-06-01,2026-08-01,32,shared_cluster
C05393,D03722,2025-06-01,2026-08-01,32,shared_cluster
C03802,D03722,2025-06-01,2026-08-01,41,shared_cluster
C02879,D02970,2025-06-01,2026-08-01,27,shared_cluster
C03165,D02970,2025-06-01,2026-08-01,18,shared_cluster
C08731,D02970,2025-06-01,2026-08-01,24,shared_cluster
C01931,D02970,2025-06-01,2026-08-01,19,shared_cluster
C07285,D02970,2025-06-01,2026-08-01,16,shared_cluster
C05336,D02970,2025-06-01,2026-08-01,44,shared_cluster
C08695,D00267,2025-06-01,2026-08-01,26,shared_cluster
C07832,D00267,2025-06-01,2026-08-01,8,shared_cluster
C09490,D00267,2025-06-01,2026-08-01,50,shared_cluster
C06500,D00267,2025-06-01,2026-08-01,29,shared_cluster
C04850,D00267,2025-06-01,2026-08-01,47,shared_cluster
C08190,D00267,2025-06-01,2026-08-01,21,shared_cluster
C08266,D03343,2025-06-01,2026-08-01,30,shared_cluster
C02444,D03343,2025-06-01,2026-08-01,6,shared_cluster
C03011,D03343,2025-06-01,2026-08-01,6,shared_cluster
C02648,D03343,2025-06-01,2026-08-01,10,shared_cluster
C01225,D03343,2025-06-01,2026-08-01,28,shared_cluster
C04740,D03343,2025-06-01,2026-08-01,27,shared_cluster
C01800,D00971,2025-06-01,2026-08-01,12,shared_cluster
C04206,D00971,2025-06-01,2026-08-01,30,shared_cluster
C08412,D00971,2025-06-01,2026-08-01,32,shared_cluster
C03343,D04307,2025-06-01,2026-08-01,5,shared_cluster
C06014,D04307,2025-06-01,2026-08-01,35,shared_cluster
C09100,D04307,2025-06-01,2026-08-01,16,shared_cluster
C06733,D04307,2025-06-01,2026-08-01,39,shared_cluster
C02587,D02204,2025-06-01,2026-08-01,41,shared_cluster
C05579,D02204,2025-06-01,2026-08-01,47,shared_cluster
C05363,D02204,2025-06-01,2026-08-01,39,shared_cluster
C04418,D02204,2025-06-01,2026-08-01,46,shared_cluster
C05216,D02204,2025-06-01,2026-08-01,29,shared_cluster
C01332,D00422,2025-06-01,2026-08-01,25,shared_cluster
C04483,D00422,2025-06-01,2026-08-01,37,shared_cluster
C03061,D04143,2025-06-01,2026-08-01,19,shared_cluster
C02800,D04143,2025-06-01,2026-08-01,8,shared_cluster
C03171,D02494,2025-06-01,2026-08-01,42,shared_cluster
C04548,D02494,2025-06-01,2026-08-01,37,shared_cluster
C00343,D02494,2025-06-01,2026-08-01,19,shared_cluster
C08844,D02494,2025-06-01,2026-08-01,32,shared_cluster
C07148,D02494,2025-06-01,2026-08-01,31,shared_cluster
C03929,D01200,2025-06-01,2026-08-01,46,shared_cluster
C03607,D01200,2025-06-01,2026-08-01,24,shared_cluster
C09863,D01200,2025-06-01,2026-08-01,10,shared_cluster
C07231,D01961,2025-06-01,2026-08-01,31,shared_cluster
C00307,D01961,2025-06-01,2026-08-01,28,shared_cluster
C00903,D01961,2025-06-01,2026-08-01,6,shared_cluster
C02719,D01961,2025-06-01,2026-08-01,35,shared_cluster
C08672,D01961,2025-06-01,2026-08-01,50,shared_cluster
C03146,D01961,2025-06-01,2026-08-01,29,shared_cluster
C00866,D03904,2025-06-01,2026-08-01,28,shared_cluster
C08027,D03904,2025-06-01,2026-08-01,30,shared_cluster
C06800,D03904,2025-06-01,2026-08-01,35,shared_cluster
C00996,D03904,2025-06-01,2026-08-01,20,shared_cluster
C05167,D04366,2025-06-01,2026-08-01,39,shared_cluster
C00242,D04366,2025-06-01,2026-08-01,27,shared_cluster
C05232,D03084,2025-06-01,2026-08-01,34,shared_cluster
C04222,D03084,2025-06-01,2026-08-01,28,shared_cluster
C03237,D03084,2025-06-01,2026-08-01,9,shared_cluster
C06915,D04415,2025-06-01,2026-08-01,33,shared_cluster
C04160,D04415,2025-06-01,2026-08-01,10,shared_cluster
C06584,D04415,2025-06-01,2026-08-01,23,shared_cluster
C00239,D00133,2025-06-01,2026-08-01,27,shared_cluster
C09230,D00133,2025-06-01,2026-08-01,15,shared_cluster
C01400,D00133,2025-06-01,2026-08-01,15,shared_cluster
C02040,D00133,2025-06-01,2026-08-01,24,shared_cluster
C09834,D00133,2025-06-01,2026-08-01,9,shared_cluster
C01425,D03260,2025-06-01,2026-08-01,22,shared_cluster
C05912,D03260,2025-06-01,2026-08-01,47,shared_cluster
C02037,D00660,2025-06-01,2026-08-01,42,shared_cluster
C08724,D00660,2025-06-01,2026-08-01,12,shared_cluster
C00923,D01375,2025-06-01,2026-08-01,46,shared_cluster
C01941,D01375,2025-06-01,2026-08-01,8,shared_cluster
C02661,D01375,2025-06-01,2026-08-01,41,shared_cluster
C09947,D01375,2025-06-01,2026-08-01,6,shared_cluster
C00722,D01375,2025-06-01,2026-08-01,45,shared_cluster
C02769,D01375,2025-06-01,2026-08-01,25,shared_cluster
C09238,D04414,2025-06-01,2026-08-01,18,shared_cluster
C09749,D04414,2025-06-01,2026-08-01,41,shared_cluster
C08038,D03582,2025-06-01,2026-08-01,6,shared_cluster
C03221,D03582,2025-06-01,2026-08-01,23,shared_cluster
C08011,D03582,2025-06-01,2026-08-01,7,shared_cluster
C06572,D03582,2025-06-01,2026-08-01,8,shared_cluster
C01114,D04993,2025-06-01,2026-08-01,22,shared_cluster
C06388,D04993,2025-06-01,2026-08-01,23,shared_cluster
C02051,D04993,2025-06-01,2026-08-01,21,shared_cluster
C05462,D04993,2025-06-01,2026-08-01,11,shared_cluster
C09550,D04993,2025-06-01,2026-08-01,40,shared_cluster
C01206,D04993,2025-06-01,2026-08-01,12,shared_cluster
C02519,D01135,2025-06-01,2026-08-01,34,shared_cluster
C09990,D01135,2025-06-01,2026-08-01,32,shared_cluster
C04238,D01135,2025-06-01,2026-08-01,41,shared_cluster
C02532,D01968,2025-06-01,2026-08-01,19,shared_cluster
C08732,D01968,2025-06-01,2026-08-01,26,shared_cluster
C08201,D01968,2025-06-01,2026-08-01,8,shared_cluster
C06355,D01968,2025-06-01,2026-08-01,40,shared_cluster
C03458,D01968,2025-06-01,2026-08-01,18,shared_cluster
C01386,D00391,2025-06-01,2026-08-01,50,shared_cluster
C08612,D00391,2025-06-01,2026-08-01,35,shared_cluster
C07266,D00391,2025-06-01,2026-08-01,45,shared_cluster
C08262,D00391,2025-06-01,2026-08-01,7,shared_cluster
C06098,D01754,2025-06-01,2026-08-01,8,shared_cluster
C04648,D01754,2025-06-01,2026-08-01,30,shared_cluster
C07030,D01754,2025-06-01,2026-08-01,25,shared_cluster
C03845,D01754,2025-06-01,2026-08-01,37,shared_cluster
C09927,D01754,2025-06-01,2026-08-01,32,shared_cluster
C03439,D01394,2025-06-01,2026-08-01,49,shared_cluster
C08418,D01394,2025-06-01,2026-08-01,37,shared_cluster
C08662,D01386,2025-06-01,2026-08-01,48,shared_cluster
C08419,D01386,2025-06-01,2026-08-01,46,shared_cluster
C06478,D01386,2025-06-01,2026-08-01,42,shared_cluster
C09293,D01386,2025-06-01,2026-08-01,16,shared_cluster
C09491,D01386,2025-06-01,2026-08-01,18,shared_cluster
C09585,D01984,2025-06-01,2026-08-01,19,shared_cluster
C00778,D01984,2025-06-01,2026-08-01,36,shared_cluster
C07211,D01984,2025-06-01,2026-08-01,43,shared_cluster
C05938,D01984,2025-06-01,2026-08-01,14,shared_cluster
C06758,D01984,2025-06-01,2026-08-01,6,shared_cluster
C06989,D00783,2025-06-01,2026-08-01,30,shared_cluster
C08763,D00783,2025-06-01,2026-08-01,17,shared_cluster
C04298,D00783,2025-06-01,2026-08-01,39,shared_cluster
C07007,D00783,2025-06-01,2026-08-01,6,shared_cluster
C06945,D04487,2025-06-01,2026-08-01,35,shared_cluster
C04220,D04487,2025-06-01,2026-08-01,30,shared_cluster
C02357,D04487,2025-06-01,2026-08-01,42,shared_cluster
C08592,D01988,2025-06-01,2026-08-01,31,shared_cluster
C01793,D01988,2025-06-01,2026-08-01,44,shared_cluster
C06670,D01988,2025-06-01,2026-08-01,36,shared_cluster
C04586,D01988,2025-06-01,2026-08-01,14,shared_cluster
C07632,D01988,2025-06-01,2026-08-01,43,shared_cluster
C03422,D04966,2025-06-01,2026-08-01,7,shared_cluster
C08507,D04966,2025-06-01,2026-08-01,8,shared_cluster
C07318,D02003,2025-06-01,2026-08-01,29,shared_cluster
C05126,D02003,2025-06-01,2026-08-01,22,shared_cluster
C09190,D02003,2025-06-01,2026-08-01,20,shared_cluster
C02846,D02003,2025-06-01,2026-08-01,48,shared_cluster
C05020,D02003,2025-06-01,2026-08-01,45,shared_cluster
C08755,D04797,2025-06-01,2026-08-01,40,shared_cluster
C09931,D04797,2025-06-01,2026-08-01,47,shared_cluster
C02303,D04797,2025-06-01,2026-08-01,24,shared_cluster
C07263,D04797,2025-06-01,2026-08-01,14,shared_cluster
C00919,D04797,2025-06-01,2026-08-01,38,shared_cluster
C00197,D03141,2025-06-01,2026-08-01,14,shared_cluster
C03814,D03141,2025-06-01,2026-08-01,20,shared_cluster
C08460,D03141,2025-06-01,2026-08-01,42,shared_cluster
C02470,D01248,2025-06-01,2026-08-01,32,shared_cluster
C08488,D01248,2025-06-01,2026-08-01,19,shared_cluster
C04630,D01248,2025-06-01,2026-08-01,42,shared_cluster
C01298,D01248,2025-06-01,2026-08-01,12,shared_cluster
C06907,D03084,2025-06-01,2026-08-01,30,shared_cluster
C02932,D03084,2025-06-01,2026-08-01,50,shared_cluster
C02302,D03084,2025-06-01,2026-08-01,20,shared_cluster
C07918,D03084,2025-06-01,2026-08-01,39,shared_cluster
C09807,D03084,2025-06-01,2026-08-01,37,shared_cluster
C00380,D03674,2025-06-01,2026-08-01,37,shared_cluster
C00840,D03674,2025-06-01,2026-08-01,45,shared_cluster
C06759,D03467,2025-06-01,2026-08-01,37,shared_cluster
C08496,D03467,2025-06-01,2026-08-01,33,shared_cluster
C00612,D03467,2025-06-01,2026-08-01,6,shared_cluster
C05386,D03467,2025-06-01,2026-08-01,25,shared_cluster
C04917,D03467,2025-06-01,2026-08-01,13,shared_cluster
C02330,D00690,2025-06-01,2026-08-01,35,shared_cluster
C09574,D00690,2025-06-01,2026-08-01,30,shared_cluster
C03808,D00690,2025-06-01,2026-08-01,37,shared_cluster
C01763,D00690,2025-06-01,2026-08-01,17,shared_cluster
C08866,D00690,2025-06-01,2026-08-01,33,shared_cluster
C08058,D00690,2025-06-01,2026-08-01,45,shared_cluster
C06899,D00222,2025-06-01,2026-08-01,20,shared_cluster
C01330,D00222,2025-06-01,2026-08-01,26,shared_cluster
C07144,D00222,2025-06-01,2026-08-01,21,shared_cluster
C03132,D00222,2025-06-01,2026-08-01,38,shared_cluster
C03622,D00222,2025-06-01,2026-08-01,46,shared_cluster
C06787,D00222,2025-06-01,2026-08-01,29,shared_cluster
C08499,D03871,2025-06-01,2026-08-01,30,shared_cluster
C03988,D03871,2025-06-01,2026-08-01,41,shared_cluster
C09914,D03871,2025-06-01,2026-08-01,11,shared_cluster
C06619,D01602,2025-06-01,2026-08-01,23,shared_cluster
C06077,D01602,2025-06-01,2026-08-01,13,shared_cluster
C02547,D03755,2025-06-01,2026-08-01,25,shared_cluster
C02423,D03755,2025-06-01,2026-08-01,26,shared_cluster
C02124,D03192,2025-06-01,2026-08-01,24,shared_cluster
C08160,D03192,2025-06-01,2026-08-01,14,shared_cluster
C04405,D03192,2025-06-01,2026-08-01,25,shared_cluster
C01086,D04823,2025-06-01,2026-08-01,46,shared_cluster
C01639,D04823,2025-06-01,2026-08-01,25,shared_cluster
C06558,D04823,2025-06-01,2026-08-01,27,shared_cluster
C08904,D00745,2025-06-01,2026-08-01,48,shared_cluster
C09977,D00745,2025-06-01,2026-08-01,43,shared_cluster
C07360,D00745,2025-06-01,2026-08-01,42,shared_cluster
C08281,D00745,2025-06-01,2026-08-01,14,shared_cluster
C01257,D00745,2025-06-01,2026-08-01,49,shared_cluster
C06675,D00745,2025-06-01,2026-08-01,38,shared_cluster
C05692,D02813,2025-06-01,2026-08-01,26,shared_cluster
C07431,D02813,2025-06-01,2026-08-01,48,shared_cluster
C05588,D02813,2025-06-01,2026-08-01,20,shared_cluster
C05663,D02813,2025-06-01,2026-08-01,17,shared_cluster
C07174,D03619,2025-06-01,2026-08-01,48,shared_cluster
C07890,D03619,2025-06-01,2026-08-01,40,shared_cluster
C03169,D03619,2025-06-01,2026-08-01,36,shared_cluster
C05282,D03619,2025-06-01,2026-08-01,30,shared_cluster
C03310,D03619,2025-06-01,2026-08-01,25,shared_cluster
C02918,D03619,2025-06-01,2026-08-01,45,shared_cluster
C01735,D01293,2025-06-01,2026-08-01,35,shared_cluster
C03994,D01293,2025-06-01,2026-08-01,28,shared_cluster
C02304,D01293,2025-06-01,2026-08-01,40,shared_cluster
C07865,D01293,2025-06-01,2026-08-01,14,shared_cluster
C05490,D04595,2025-06-01,2026-08-01,21,shared_cluster
C07488,D04595,2025-06-01,2026-08-01,6,shared_cluster
C07249,D04595,2025-06-01,2026-08-01,40,shared_cluster
C01371,D04595,2025-06-01,2026-08-01,19,shared_cluster
C04278,D02852,2025-06-01,2026-08-01,21,shared_cluster
C03254,D02852,2025-06-01,2026-08-01,11,shared_cluster
C07557,D02852,2025-06-01,2026-08-01,27,shared_cluster
C01030,D00621,2025-06-01,2026-08-01,37,shared_cluster
C01363,D00621,2025-06-01,2026-08-01,49,shared_cluster
C04948,D00621,2025-06-01,2026-08-01,26,shared_cluster
C08859,D00621,2025-06-01,2026-08-01,40,shared_cluster
C03856,D00621,2025-06-01,2026-08-01,18,shared_cluster
C00048,D01804,2025-06-01,2026-08-01,42,shared_cluster
C09960,D01804,2025-06-01,2026-08-01,17,shared_cluster
C04345,D01804,2025-06-01,2026-08-01,29,shared_cluster
C02891,D00133,2025-06-01,2026-08-01,30,shared_cluster
C00873,D00133,2025-06-01,2026-08-01,8,shared_cluster
C05135,D00133,2025-06-01,2026-08-01,26,shared_cluster
C01995,D00133,2025-06-01,2026-08-01,28,shared_cluster
C03600,D00133,2025-06-01,2026-08-01,47,shared_cluster
C06300,D00133,2025-06-01,2026-08-01,45,shared_cluster
C04619,D02532,2025-06-01,2026-08-01,17,shared_cluster
C02386,D02532,2025-06-01,2026-08-01,33,shared_cluster
C05608,D02532,2025-06-01,2026-08-01,37,shared_cluster
C03395,D01864,2025-06-01,2026-08-01,15,shared_cluster
C02248,D01864,2025-06-01,2026-08-01,41,shared_cluster
C09912,D01864,2025-06-01,2026-08-01,11,shared_cluster
C01618,D01864,2025-06-01,2026-08-01,25,shared_cluster
C01858,D02696,2025-06-01,2026-08-01,41,shared_cluster
C08558,D02696,2025-06-01,2026-08-01,27,shared_cluster
C07070,D04736,2025-06-01,2026-08-01,6,shared_cluster
C07957,D04736,2025-06-01,2026-08-01,34,shared_cluster
C00224,D04736,2025-06-01,2026-08-01,11,shared_cluster
C06801,D01549,2025-06-01,2026-08-01,32,shared_cluster
C01965,D01549,2025-06-01,2026-08-01,13,shared_cluster
C00904,D01549,2025-06-01,2026-08-01,34,shared_cluster
C01359,D02956,2025-06-01,2026-08-01,37,shared_cluster
C03087,D02956,2025-06-01,2026-08-01,28,shared_cluster
C07779,D02956,2025-06-01,2026-08-01,23,shared_cluster
C05793,D02956,2025-06-01,2026-08-01,36,shared_cluster
C01658,D02956,2025-06-01,2026-08-01,22,shared_cluster
C02904,D01429,2025-06-01,2026-08-01,14,shared_cluster
C06087,D01429,2025-06-01,2026-08-01,41,shared_cluster
C01081,D02526,2025-06-01,2026-08-01,7,shared_cluster
C03229,D02526,2025-06-01,2026-08-01,28,shared_cluster
C07052,D02526,2025-06-01,2026-08-01,35,shared_cluster
C03995,D02526,2025-06-01,2026-08-01,38,shared_cluster
C05004,D02526,2025-06-01,2026-08-01,42,shared_cluster
C08035,D02526,2025-06-01,2026-08-01,27,shared_cluster
C01510,D01819,2025-06-01,2026-08-01,46,shared_cluster
C04346,D01819,2025-06-01,2026-08-01,38,shared_cluster
C05294,D01819,2025-06-01,2026-08-01,46,shared_cluster
C01396,D01819,2025-06-01,2026-08-01,21,shared_cluster
C04315,D01819,2025-06-01,2026-08-01,14,shared_cluster
C08490,D01819,2025-06-01,2026-08-01,44,shared_cluster
C01220,D02733,2025-06-01,2026-08-01,26,shared_cluster
C09050,D02733,2025-06-01,2026-08-01,16,shared_cluster
C06620,D02733,2025-06-01,2026-08-01,23,shared_cluster
C05693,D02733,2025-06-01,2026-08-01,44,shared_cluster
C00948,D00428,2025-06-01,2026-08-01,31,shared_cluster
C02039,D00428,2025-06-01,2026-08-01,34,shared_cluster
C06780,D00428,2025-06-01,2026-08-01,15,shared_cluster
C08030,D04714,2025-06-01,2026-08-01,29,shared_cluster
C03775,D04714,2025-06-01,2026-08-01,42,shared_cluster
C03348,D04714,2025-06-01,2026-08-01,29,shared_cluster
C06044,D04714,2025-06-01,2026-08-01,10,shared_cluster
C05291,D04714,2025-06-01,2026-08-01,43,shared_cluster
C00676,D02327,2025-06-01,2026-08-01,45,shared_cluster
C08502,D02327,2025-06-01,2026-08-01,11,shared_cluster
C01715,D02327,2025-06-01,2026-08-01,16,shared_cluster
C03027,D03127,2025-06-01,2026-08-01,17,shared_cluster
C01267,D03127,2025-06-01,2026-08-01,39,shared_cluster
C05557,D02841,2025-06-01,2026-08-01,5,shared_cluster
C01447,D02841,2025-06-01,2026-08-01,26,shared_cluster
C07015,D02841,2025-06-01,2026-08-01,7,shared_cluster
C05343,D02841,2025-06-01,2026-08-01,38,shared_cluster
C03584,D02841,2025-06-01,2026-08-01,48,shared_cluster
C05529,D00920,2025-06-01,2026-08-01,50,shared_cluster
C08333,D00920,2025-06-01,2026-08-01,20,shared_cluster
C02877,D00920,2025-06-01,2026-08-01,19,shared_cluster
C03759,D03867,2025-06-01,2026-08-01,25,shared_cluster
C05668,D03867,2025-06-01,2026-08-01,6,shared_cluster
C05201,D03867,2025-06-01,2026-08-01,24,shared_cluster
C01536,D03867,2025-06-01,2026-08-01,15,shared_cluster
C08597,D01474,2025-06-01,2026-08-01,27,shared_cluster
C04752,D01474,2025-06-01,2026-08-01,38,shared_cluster
C01429,D01474,2025-06-01,2026-08-01,48,shared_cluster
C00846,D01474,2025-06-01,2026-08-01,27,shared_cluster
C02914,D01474,2025-06-01,2026-08-01,49,shared_cluster
C09075,D03557,2025-06-01,2026-08-01,18,shared_cluster
C09151,D03557,2025-06-01,2026-08-01,45,shared_cluster
C03250,D04065,2025-06-01,2026-08-01,47,shared_cluster
C02366,D04065,2025-06-01,2026-08-01,40,shared_cluster
C02660,D04065,2025-06-01,2026-08-01,30,shared_cluster
C07629,D04065,2025-06-01,2026-08-01,37,shared_cluster
C02942,D04065,2025-06-01,2026-08-01,17,shared_cluster
C02924,D01626,2025-06-01,2026-08-01,26,shared_cluster
C05918,D01626,2025-06-01,2026-08-01,12,shared_cluster
C07949,D01626,2025-06-01,2026-08-01,9,shared_cluster
C08213,D01626,2025-06-01,2026-08-01,44,shared_cluster
C03559,D04501,2025-06-01,2026-08-01,8,shared_cluster
C02178,D04501,2025-06-01,2026-08-01,18,shared_cluster
C06725,D04501,2025-06-01,2026-08-01,46,shared_cluster
C05394,D04501,2025-06-01,2026-08-01,27,shared_cluster
C05849,D04501,2025-06-01,2026-08-01,41,shared_cluster
C02962,D03643,2025-06-01,2026-08-01,17,shared_cluster
C03004,D03643,2025-06-01,2026-08-01,33,shared_cluster
C02974,D00838,2025-06-01,2026-08-01,50,shared_cluster
C00060,D00838,2025-06-01,2026-08-01,28,shared_cluster
C00864,D00838,2025-06-01,2026-08-01,30,shared_cluster
C04534,D01674,2025-06-01,2026-08-01,20,shared_cluster
C07282,D01674,2025-06-01,2026-08-01,37,shared_cluster
C09306,D01674,2025-06-01,2026-08-01,40,shared_cluster
C03674,D01674,2025-06-01,2026-08-01,27,shared_cluster
C00252,D01674,2025-06-01,2026-08-01,29,shared_cluster
C02127,D01674,2025-06-01,2026-08-01,39,shared_cluster
C07756,D04138,2025-06-01,2026-08-01,27,shared_cluster
C05001,D04138,2025-06-01,2026-08-01,20,shared_cluster
C09288,D04138,2025-06-01,2026-08-01,48,shared_cluster
C00825,D04138,2025-06-01,2026-08-01,10,shared_cluster
C01170,D04138,2025-06-01,2026-08-01,43,shared_cluster
C07336,D04138,2025-06-01,2026-08-01,49,shared_cluster
C04324,D04723,2025-06-01,2026-08-01,20,shared_cluster
C09565,D04723,2025-06-01,2026-08-01,27,shared_cluster
C02429,D04723,2025-06-01,2026-08-01,27,shared_cluster
C01076,D04723,2025-06-01,2026-08-01,46,shared_cluster
C08142,D04723,2025-06-01,2026-08-01,32,shared_cluster
C02160,D02470,2025-06-01,2026-08-01,46,shared_cluster
C06556,D02470,2025-06-01,2026-08-01,24,shared_cluster
C03853,D02470,2025-06-01,2026-08-01,15,shared_cluster
C00422,D03366,2025-06-01,2026-08-01,44,shared_cluster
C05607,D03366,2025-06-01,2026-08-01,13,shared_cluster
C04318,D03366,2025-06-01,2026-08-01,35,shared_cluster
C04893,D03366,2025-06-01,2026-08-01,47,shared_cluster
C02842,D03740,2025-06-01,2026-08-01,34,shared_cluster
C02848,D03740,2025-06-01,2026-08-01,39,shared_cluster
C00403,D03245,2025-06-01,2026-08-01,16,shared_cluster
C04367,D03245,2025-06-01,2026-08-01,17,shared_cluster
C08500,D03245,2025-06-01,2026-08-01,30,shared_cluster
C09195,D02889,2025-06-01,2026-08-01,40,shared_cluster
C09414,D02889,2025-06-01,2026-08-01,9,shared_cluster
C06460,D02889,2025-06-01,2026-08-01,20,shared_cluster
C00719,D02889,2025-06-01,2026-08-01,10,shared_cluster
C06788,D02889,2025-06-01,2026-08-01,22,shared_cluster
C00017,D03066,2025-06-01,2026-08-01,20,shared_cluster
C05658,D03066,2025-06-01,2026-08-01,24,shared_cluster
C05376,D03255,2025-06-01,2026-08-01,13,shared_cluster
C04458,D03255,2025-06-01,2026-08-01,5,shared_cluster
C03273,D03255,2025-06-01,2026-08-01,21,shared_cluster
C06753,D02202,2025-06-01,2026-08-01,15,shared_cluster
C07583,D02202,2025-06-01,2026-08-01,24,shared_cluster
C05056,D02723,2025-06-01,2026-08-01,44,shared_cluster
C08317,D02723,2025-06-01,2026-08-01,19,shared_cluster
C06239,D00797,2025-06-01,2026-08-01,43,shared_cluster
C00733,D00797,2025-06-01,2026-08-01,34,shared_cluster
C06189,D00381,2025-06-01,2026-08-01,32,shared_cluster
C06777,D00381,2025-06-01,2026-08-01,38,shared_cluster
C01927,D01390,2025-06-01,2026-08-01,21,shared_cluster
C01007,D01390,2025-06-01,2026-08-01,47,shared_cluster
C07362,D01390,2025-06-01,2026-08-01,47,shared_cluster
C05516,D01390,2025-06-01,2026-08-01,38,shared_cluster
C08792,D01390,2025-06-01,2026-08-01,21,shared_cluster
C09546,D01175,2025-06-01,2026-08-01,44,shared_cluster
C00072,D01175,2025-06-01,2026-08-01,6,shared_cluster
C00097,D01175,2025-06-01,2026-08-01,7,shared_cluster
C00368,D01175,2025-06-01,2026-08-01,5,shared_cluster
C01022,D01175,2025-06-01,2026-08-01,29,shared_cluster
C09226,D03733,2025-06-01,2026-08-01,48,shared_cluster
C09452,D03733,2025-06-01,2026-08-01,7,shared_cluster
C00485,D03733,2025-06-01,2026-08-01,45,shared_cluster
C05604,D03733,2025-06-01,2026-08-01,17,shared_cluster
C00423,D03733,2025-06-01,2026-08-01,14,shared_cluster
C00486,D02960,2025-06-01,2026-08-01,16,shared_cluster
C06716,D02960,2025-06-01,2026-08-01,44,shared_cluster
C09136,D02153,2025-06-01,2026-08-01,29,shared_cluster
C00853,D02153,2025-06-01,2026-08-01,42,shared_cluster
C01545,D02153,2025-06-01,2026-08-01,40,shared_cluster
C03716,D02153,2025-06-01,2026-08-01,44,shared_cluster
C05267,D01291,2025-06-01,2026-08-01,18,shared_cluster
C02344,D01291,2025-06-01,2026-08-01,12,shared_cluster
C08637,D01291,2025-06-01,2026-08-01,49,shared_cluster
C08444,D01291,2025-06-01,2026-08-01,24,shared_cluster
C02538,D01291,2025-06-01,2026-08-01,25,shared_cluster
C06101,D02130,2025-06-01,2026-08-01,29,shared_cluster
C06583,D02130,2025-06-01,2026-08-01,49,shared_cluster
C01254,D02130,2025-06-01,2026-08-01,32,shared_cluster
C09030,D02130,2025-06-01,2026-08-01,14,shared_cluster
C05779,D02130,2025-06-01,2026-08-01,25,shared_cluster
C08064,D02319,2025-06-01,2026-08-01,16,shared_cluster
C02414,D02319,2025-06-01,2026-08-01,38,shared_cluster
C01132,D02319,2025-06-01,2026-08-01,16,shared_cluster
C04009,D02319,2025-06-01,2026-08-01,45,shared_cluster
C04883,D02319,2025-06-01,2026-08-01,27,shared_cluster
C09701,D04819,2025-06-01,2026-08-01,11,shared_cluster
C06188,D04819,2025-06-01,2026-08-01,45,shared_cluster
C09323,D04819,2025-06-01,2026-08-01,29,shared_cluster
C06894,D04819,2025-06-01,2026-08-01,24,shared_cluster
C05202,D04819,2025-06-01,2026-08-01,29,shared_cluster
C02462,D04819,2025-06-01,2026-08-01,26,shared_cluster
C02952,D04029,2025-06-01,2026-08-01,19,shared_cluster
C06776,D04029,2025-06-01,2026-08-01,46,shared_cluster
C03335,D04029,2025-06-01,2026-08-01,5,shared_cluster
C08586,D04029,2025-06-01,2026-08-01,10,shared_cluster
C01334,D00735,2025-06-01,2026-08-01,44,shared_cluster
C09354,D00735,2025-06-01,2026-08-01,17,shared_cluster
C03555,D00735,2025-06-01,2026-08-01,39,shared_cluster
C09179,D00735,2025-06-01,2026-08-01,24,shared_cluster
C08623,D03469,2025-06-01,2026-08-01,48,shared_cluster
C03520,D03469,2025-06-01,2026-08-01,21,shared_cluster
C09890,D03469,2025-06-01,2026-08-01,6,shared_cluster
C02947,D03469,2025-06-01,2026-08-01,24,shared_cluster
C04516,D01731,2025-06-01,2026-08-01,33,shared_cluster
C02372,D01731,2025-06-01,2026-08-01,50,shared_cluster
C03318,D01731,2025-06-01,2026-08-01,33,shared_cluster
C07611,D01731,2025-06-01,2026-08-01,50,shared_cluster
C06367,D01731,2025-06-01,2026-08-01,27,shared_cluster
C09351,D01669,2025-06-01,2026-08-01,10,shared_cluster
C08391,D01669,2025-06-01,2026-08-01,28,shared_cluster
C05221,D04190,2025-06-01,2026-08-01,15,shared_cluster
C07037,D04190,2025-06-01,2026-08-01,50,shared_cluster
C06120,D04190,2025-06-01,2026-08-01,25,shared_cluster
C02314,D04190,2025-06-01,2026-08-01,31,shared_cluster
C08138,D04190,2025-06-01,2026-08-01,29,shared_cluster
C05226,D04190,2025-06-01,2026-08-01,16,shared_cluster
C00173,D04689,2025-06-01,2026-08-01,40,shared_cluster
C01340,D04689,2025-06-01,2026-08-01,38,shared_cluster
C04262,D04689,2025-06-01,2026-08-01,25,shared_cluster
C06888,D04689,2025-06-01,2026-08-01,14,shared_cluster
C07326,D04689,2025-06-01,2026-08-01,27,shared_cluster
C02406,D04689,2025-06-01,2026-08-01,19,shared_cluster
C04538,D02482,2025-06-01,2026-08-01,7,shared_cluster
C06033,D02482,2025-06-01,2026-08-01,16,shared_cluster
C01095,D02482,2025-06-01,2026-08-01,10,shared_cluster
C08847,D02482,2025-06-01,2026-08-01,31,shared_cluster
C00952,D02482,2025-06-01,2026-08-01,35,shared_cluster
C09343,D02482,2025-06-01,2026-08-01,17,shared_cluster
C01210,D03528,2025-06-01,2026-08-01,39,shared_cluster
C04023,D03528,2025-06-01,2026-08-01,5,shared_cluster
C06163,D03528,2025-06-01,2026-08-01,24,shared_cluster
C06043,D04253,2025-06-01,2026-08-01,33,shared_cluster
C06603,D04253,2025-06-01,2026-08-01,31,shared_cluster
C07881,D04253,2025-06-01,2026-08-01,33,shared_cluster
C02054,D00086,2025-06-01,2026-08-01,35,shared_cluster
C03057,D00086,2025-06-01,2026-08-01,39,shared_cluster
C05619,D00086,2025-06-01,2026-08-01,46,shared_cluster
C02887,D00086,2025-06-01,2026-08-01,20,shared_cluster
C03740,D00086,2025-06-01,2026-08-01,43,shared_cluster
C02402,D00086,2025-06-01,2026-08-01,8,shared_cluster
C07530,D01759,2025-06-01,2026-08-01,10,shared_cluster
C04573,D01759,2025-06-01,2026-08-01,37,shared_cluster
C05383,D01759,2025-06-01,2026-08-01,18,shared_cluster
C05546,D00313,2025-06-01,2026-08-01,49,shared_cluster
C03002,D00313,2025-06-01,2026-08-01,38,shared_cluster
C07452,D00313,2025-06-01,2026-08-01,23,shared_cluster
C08882,D01221,2025-06-01,2026-08-01,22,shared_cluster
C02255,D01221,2025-06-01,2026-08-01,8,shared_cluster
C08021,D01221,2025-06-01,2026-08-01,19,shared_cluster
C06807,D01221,2025-06-01,2026-08-01,49,shared_cluster
C03526,D04712,2025-06-01,2026-08-01,44,shared_cluster
C05420,D04712,2025-06-01,2026-08-01,8,shared_cluster
C08086,D04712,2025-06-01,2026-08-01,11,shared_cluster
C09474,D00249,2025-06-01,2026-08-01,8,shared_cluster
C03766,D00249,2025-06-01,2026-08-01,17,shared_cluster
C08032,D00249,2025-06-01,2026-08-01,45,shared_cluster
C05453,D00249,2025-06-01,2026-08-01,23,shared_cluster
C03153,D00249,2025-06-01,2026-08-01,44,shared_cluster
C08620,D00249,2025-06-01,2026-08-01,8,shared_cluster
C02078,D04702,2025-06-01,2026-08-01,16,shared_cluster
C06550,D04702,2025-06-01,2026-08-01,16,shared_cluster
C06049,D04702,2025-06-01,2026-08-01,26,shared_cluster
C07116,D04702,2025-06-01,2026-08-01,26,shared_cluster
C05059,D04702,2025-06-01,2026-08-01,43,shared_cluster
C08322,D03919,2025-06-01,2026-08-01,8,shared_cluster
C01288,D03919,2025-06-01,2026-08-01,30,shared_cluster
C03105,D03919,2025-06-01,2026-08-01,9,shared_cluster
C05953,D03919,2025-06-01,2026-08-01,38,shared_cluster
C02263,D03919,2025-06-01,2026-08-01,40,shared_cluster
C02476,D03919,2025-06-01,2026-08-01,50,shared_cluster
C02365,D01938,2025-06-01,2026-08-01,35,shared_cluster
C09488,D01938,2025-06-01,2026-08-01,13,shared_cluster
C05718,D01938,2025-06-01,2026-08-01,13,shared_cluster
C07914,D01938,2025-06-01,2026-08-01,18,shared_cluster
C05120,D00004,2025-06-01,2026-08-01,45,shared_cluster
C08848,D00004,2025-06-01,2026-08-01,45,shared_cluster
C05494,D00004,2025-06-01,2026-08-01,27,shared_cluster
C01675,D00004,2025-06-01,2026-08-01,46,shared_cluster
C05129,D00004,2025-06-01,2026-08-01,19,shared_cluster
C04310,D04132,2025-06-01,2026-08-01,8,shared_cluster
C04400,D04132,2025-06-01,2026-08-01,19,shared_cluster
C09589,D04132,2025-06-01,2026-08-01,19,shared_cluster
C04470,D04132,2025-06-01,2026-08-01,31,shared_cluster
C04357,D04132,2025-06-01,2026-08-01,35,shared_cluster
C04828,D00580,2025-06-01,2026-08-01,42,shared_cluster
C02774,D00580,2025-06-01,2026-08-01,40,shared_cluster
C01231,D00580,2025-06-01,2026-08-01,20,shared_cluster
C08857,D00580,2025-06-01,2026-08-01,15,shared_cluster
C04712,D00580,2025-06-01,2026-08-01,37,shared_cluster
C09555,D00965,2025-06-01,2026-08-01,48,shared_cluster
C07509,D00965,2025-06-01,2026-08-01,41,shared_cluster
C03050,D00965,2025-06-01,2026-08-01,11,shared_cluster
C02411,D03763,2025-06-01,2026-08-01,29,shared_cluster
C07412,D03763,2025-06-01,2026-08-01,31,shared_cluster
C05028,D04263,2025-06-01,2026-08-01,10,shared_cluster
C06813,D04263,2025-06-01,2026-08-01,13,shared_cluster
C00584,D04263,2025-06-01,2026-08-01,29,shared_cluster
C07954,D04263,2025-06-01,2026-08-01,46,shared_cluster
C08563,D04263,2025-06-01,2026-08-01,38,shared_cluster
C05098,D04263,2025-06-01,2026-08-01,11,shared_cluster
C09757,D01506,2025-06-01,2026-08-01,12,shared_cluster
C05110,D01506,2025-06-01,2026-08-01,45,shared_cluster
C02873,D01506,2025-06-01,2026-08-01,39,shared_cluster
C09629,D01506,2025-06-01,2026-08-01,16,shared_cluster
C08495,D01506,2025-06-01,2026-08-01,46,shared_cluster
C02858,D04162,2025-06-01,2026-08-01,24,shared_cluster
C08015,D04162,2025-06-01,2026-08-01,41,shared_cluster
C02670,D04162,2025-06-01,2026-08-01,49,shared_cluster
C08909,D04162,2025-06-01,2026-08-01,17,shared_cluster
C04882,D04162,2025-06-01,2026-08-01,14,shared_cluster
C09420,D01313,2025-06-01,2026-08-01,40,shared_cluster
C00777,D01313,2025-06-01,2026-08-01,48,shared_cluster
C09870,D01313,2025-06-01,2026-08-01,18,shared_cluster
C07368,D02354,2025-06-01,2026-08-01,15,shared_cluster
C02252,D02354,2025-06-01,2026-08-01,26,shared_cluster
C00249,D02354,2025-06-01,2026-08-01,25,shared_cluster
C09949,D02354,2025-06-01,2026-08-01,34,shared_cluster
C06088,D02354,2025-06-01,2026-08-01,46,shared_cluster
C04288,D02354,2025-06-01,2026-08-01,23,shared_cluster
C04568,D00561,2025-06-01,2026-08-01,23,shared_cluster
C00601,D00561,2025-06-01,2026-08-01,24,shared_cluster
C06129,D00561,2025-06-01,2026-08-01,26,shared_cluster
C04770,D00561,2025-06-01,2026-08-01,45,shared_cluster
C09787,D00561,2025-06-01,2026-08-01,31,shared_cluster
C08954,D02597,2025-06-01,2026-08-01,42,shared_cluster
C08043,D02597,2025-06-01,2026-08-01,20,shared_cluster
C02083,D02597,2025-06-01,2026-08-01,28,shared_cluster
C00633,D02597,2025-06-01,2026-08-01,39,shared_cluster
C09777,D02597,2025-06-01,2026-08-01,19,shared_cluster
C04926,D02597,2025-06-01,2026-08-01,28,shared_cluster
C00475,D03755,2025-06-01,2026-08-01,21,shared_cluster
C08527,D03755,2025-06-01,2026-08-01,9,shared_cluster
C07036,D03755,2025-06-01,2026-08-01,8,shared_cluster
C05945,D03755,2025-06-01,2026-08-01,50,shared_cluster
C07846,D00086,2025-06-01,2026-08-01,17,shared_cluster
C07741,D00086,2025-06-01,2026-08-01,15,shared_cluster
C03964,D00086,2025-06-01,2026-08-01,32,shared_cluster
C00100,D00086,2025-06-01,2026-08-01,34,shared_cluster
C09093,D00086,2025-06-01,2026-08-01,40,shared_cluster
C05500,D00583,2025-06-01,2026-08-01,40,shared_cluster
C06646,D00583,2025-06-01,2026-08-01,34,shared_cluster
C08432,D00583,2025-06-01,2026-08-01,43,shared_cluster
C04555,D00583,2025-06-01,2026-08-01,32,shared_cluster
C07345,D00997,2025-06-01,2026-08-01,50,shared_cluster
C01936,D00997,2025-06-01,2026-08-01,31,shared_cluster
C01262,D00997,2025-06-01,2026-08-01,12,shared_cluster
C00404,D00997,2025-06-01,2026-08-01,12,shared_cluster
C02710,D00997,2025-06-01,2026-08-01,20,shared_cluster
C02016,D04438,2025-06-01,2026-08-01,5,shared_cluster
C01078,D04438,2025-06-01,2026-08-01,11,shared_cluster
C06310,D01239,2025-06-01,2026-08-01,21,shared_cluster
C03303,D01239,2025-06-01,2026-08-01,23,shared_cluster
C00396,D01239,2025-06-01,2026-08-01,24,shared_cluster
C01390,D03089,2025-06-01,2026-08-01,23,shared_cluster
C05543,D03089,2025-06-01,2026-08-01,12,shared_cluster
C09698,D04778,2025-06-01,2026-08-01,8,shared_cluster
C07737,D04778,2025-06-01,2026-08-01,24,shared_cluster
C09252,D04778,2025-06-01,2026-08-01,40,shared_cluster
C00514,D04778,2025-06-01,2026-08-01,31,shared_cluster
C09109,D00889,2025-06-01,2026-08-01,38,shared_cluster
C05195,D00889,2025-06-01,2026-08-01,44,shared_cluster
C08320,D00889,2025-06-01,2026-08-01,6,shared_cluster
C02753,D00889,2025-06-01,2026-08-01,32,shared_cluster
C07764,D00889,2025-06-01,2026-08-01,19,shared_cluster
C06166,D01048,2025-06-01,2026-08-01,34,shared_cluster
C07745,D01048,2025-06-01,2026-08-01,30,shared_cluster
C06639,D01048,2025-06-01,2026-08-01,30,shared_cluster
C04448,D01048,2025-06-01,2026-08-01,9,shared_cluster
C03812,D01048,2025-06-01,2026-08-01,21,shared_cluster
C07562,D03119,2025-06-01,2026-08-01,21,shared_cluster
C03281,D03119,2025-06-01,2026-08-01,49,shared_cluster
C05727,D03119,2025-06-01,2026-08-01,38,shared_cluster
C04953,D03119,2025-06-01,2026-08-01,42,shared_cluster
C00389,D03119,2025-06-01,2026-08-01,8,shared_cluster
C01290,D03449,2025-06-01,2026-08-01,29,shared_cluster
C08127,D03449,2025-06-01,2026-08-01,25,shared_cluster
C04512,D02359,2025-06-01,2026-08-01,42,shared_cluster
C05102,D02359,2025-06-01,2026-08-01,19,shared_cluster
C04995,D02359,2025-06-01,2026-08-01,34,shared_cluster
C05927,D02359,2025-06-01,2026-08-01,44,shared_cluster
C02760,D02359,2025-06-01,2026-08-01,19,shared_cluster
C01717,D04516,2025-06-01,2026-08-01,5,shared_cluster
C09705,D04516,2025-06-01,2026-08-01,9,shared_cluster
C08659,D04516,2025-06-01,2026-08-01,18,shared_cluster
C03042,D04516,2025-06-01,2026-08-01,48,shared_cluster
C06543,D00845,2025-06-01,2026-08-01,48,shared_cluster
C07261,D00845,2025-06-01,2026-08-01,11,shared_cluster
C00560,D00845,2025-06-01,2026-08-01,8,shared_cluster
C06167,D00845,2025-06-01,2026-08-01,26,shared_cluster
C05357,D03951,2025-06-01,2026-08-01,50,shared_cluster
C04130,D03951,2025-06-01,2026-08-01,34,shared_cluster
C08365,D03951,2025-06-01,2026-08-01,11,shared_cluster
C07497,D04386,2025-06-01,2026-08-01,32,shared_cluster
C08648,D04386,2025-06-01,2026-08-01,41,shared_cluster
C05664,D04386,2025-06-01,2026-08-01,43,shared_cluster
C06484,D00903,2025-06-01,2026-08-01,24,shared_cluster
C01567,D00903,2025-06-01,2026-08-01,19,shared_cluster
C03899,D04894,2025-06-01,2026-08-01,41,shared_cluster
C01524,D04894,2025-06-01,2026-08-01,10,shared_cluster
C09656,D04894,2025-06-01,2026-08-01,50,shared_cluster
C00658,D04894,2025-06-01,2026-08-01,38,shared_cluster
C05560,D04300,2025-06-01,2026-08-01,25,shared_cluster
C04984,D04300,2025-06-01,2026-08-01,29,shared_cluster
C04237,D04300,2025-06-01,2026-08-01,40,shared_cluster
C09481,D04300,2025-06-01,2026-08-01,32,shared_cluster
C04594,D04924,2025-06-01,2026-08-01,35,shared_cluster
C05688,D04924,2025-06-01,2026-08-01,24,shared_cluster
C06803,D04924,2025-06-01,2026-08-01,46,shared_cluster
C06452,D04924,2025-06-01,2026-08-01,39,shared_cluster
C02595,D04518,2025-06-01,2026-08-01,46,shared_cluster
C07468,D04518,2025-06-01,2026-08-01,23,shared_cluster
C06069,D04518,2025-06-01,2026-08-01,33,shared_cluster
C00094,D04518,2025-06-01,2026-08-01,26,shared_cluster
C02354,D01689,2025-06-01,2026-08-01,38,shared_cluster
C05005,D01689,2025-06-01,2026-08-01,30,shared_cluster
C08842,D01689,2025-06-01,2026-08-01,14,shared_cluster
C04727,D04740,2025-06-01,2026-08-01,10,shared_cluster
C02485,D04740,2025-06-01,2026-08-01,38,shared_cluster
C08669,D04740,2025-06-01,2026-08-01,36,shared_cluster
C03649,D04740,2025-06-01,2026-08-01,26,shared_cluster
C06641,D04740,2025-06-01,2026-08-01,23,shared_cluster
C02339,D04740,2025-06-01,2026-08-01,48,shared_cluster
C02042,D03008,2025-06-01,2026-08-01,6,shared_cluster
C00274,D03008,2025-06-01,2026-08-01,45,shared_cluster
C06601,D03008,2025-06-01,2026-08-01,32,shared_cluster
C08218,D03008,2025-06-01,2026-08-01,25,shared_cluster
C07432,D04492,2025-06-01,2026-08-01,36,shared_cluster
C06272,D04492,2025-06-01,2026-08-01,5,shared_cluster
C01333,D04492,2025-06-01,2026-08-01,50,shared_cluster
C05889,D04004,2025-06-01,2026-08-01,14,shared_cluster
C01233,D04004,2025-06-01,2026-08-01,14,shared_cluster
C07299,D04004,2025-06-01,2026-08-01,23,shared_cluster
C09311,D04004,2025-06-01,2026-08-01,26,shared_cluster
C02813,D04004,2025-06-01,2026-08-01,40,shared_cluster
C08319,D04004,2025-06-01,2026-08-01,27,shared_cluster
C02599,D02071,2025-06-01,2026-08-01,14,shared_cluster
C03480,D02071,2025-06-01,2026-08-01,34,shared_cluster
C01242,D02071,2025-06-01,2026-08-01,36,shared_cluster
C00851,D02071,2025-06-01,2026-08-01,12,shared_cluster
C07852,D02071,2025-06-01,2026-08-01,20,shared_cluster
C02085,D02071,2025-06-01,2026-08-01,5,shared_cluster
C08793,D03543,2025-06-01,2026-08-01,46,shared_cluster
C02290,D03543,2025-06-01,2026-08-01,27,shared_cluster
C04856,D03543,2025-06-01,2026-08-01,44,shared_cluster
C01269,D03543,2025-06-01,2026-08-01,35,shared_cluster
C09782,D01489,2025-06-01,2026-08-01,32,shared_cluster
C01355,D01489,2025-06-01,2026-08-01,11,shared_cluster
C09476,D01489,2025-06-01,2026-08-01,39,shared_cluster
C07863,D01489,2025-06-01,2026-08-01,46,shared_cluster
C05641,D01489,2025-06-01,2026-08-01,7,shared_cluster
C04196,D01489,2025-06-01,2026-08-01,12,shared_cluster
C08520,D04253,2025-06-01,2026-08-01,28,shared_cluster
C06470,D04253,2025-06-01,2026-08-01,47,shared_cluster
C08048,D04253,2025-06-01,2026-08-01,28,shared_cluster
C05706,D04253,2025-06-01,2026-08-01,12,shared_cluster
C03328,D04253,2025-06-01,2026-08-01,18,shared_cluster
C04864,D02702,2025-06-01,2026-08-01,17,shared_cluster
C00742,D02702,2025-06-01,2026-08-01,23,shared_cluster
C02940,D02702,2025-06-01,2026-08-01,11,shared_cluster
C05690,D02921,2025-06-01,2026-08-01,15,shared_cluster
C09325,D02921,2025-06-01,2026-08-01,17,shared_cluster
C03971,D02921,2025-06-01,2026-08-01,49,shared_cluster
C00743,D02921,2025-06-01,2026-08-01,9,shared_cluster
C05002,D02921,2025-06-01,2026-08-01,27,shared_cluster
C01481,D00762,2025-06-01,2026-08-01,8,shared_cluster
C05644,D00762,2025-06-01,2026-08-01,48,shared_cluster
C00737,D00762,2025-06-01,2026-08-01,18,shared_cluster
C00883,D01538,2025-06-01,2026-08-01,20,shared_cluster
C03457,D01538,2025-06-01,2026-08-01,35,shared_cluster
C01393,D01538,2025-06-01,2026-08-01,46,shared_cluster
C02113,D01538,2025-06-01,2026-08-01,36,shared_cluster
C05212,D01538,2025-06-01,2026-08-01,35,shared_cluster
C01522,D01239,2025-06-01,2026-08-01,47,shared_cluster
C04905,D01239,2025-06-01,2026-08-01,48,shared_cluster
C05680,D01239,2025-06-01,2026-08-01,21,shared_cluster
C07942,D01239,2025-06-01,2026-08-01,35,shared_cluster
C02046,D01239,2025-06-01,2026-08-01,24,shared_cluster
C00432,D00101,2025-06-01,2026-08-01,32,shared_cluster
C05354,D00101,2025-06-01,2026-08-01,35,shared_cluster
C05284,D00101,2025-06-01,2026-08-01,20,shared_cluster
C02757,D00101,2025-06-01,2026-08-01,38,shared_cluster
C08967,D00101,2025-06-01,2026-08-01,43,shared_cluster
C03437,D02336,2025-06-01,2026-08-01,31,shared_cluster
C08435,D02336,2025-06-01,2026-08-01,6,shared_cluster
C06213,D02336,2025-06-01,2026-08-01,5,shared_cluster
C03266,D02336,2025-06-01,2026-08-01,8,shared_cluster
C08948,D02336,2025-06-01,2026-08-01,17,shared_cluster
C06736,D02336,2025-06-01,2026-08-01,13,shared_cluster
C00159,D03811,2025-06-01,2026-08-01,7,shared_cluster
C04651,D03811,2025-06-01,2026-08-01,29,shared_cluster
C01064,D03811,2025-06-01,2026-08-01,30,shared_cluster
C00678,D03811,2025-06-01,2026-08-01,19,shared_cluster
C02639,D01108,2025-06-01,2026-08-01,9,shared_cluster
C09679,D01108,2025-06-01,2026-08-01,45,shared_cluster
C05285,D01108,2025-06-01,2026-08-01,49,shared_cluster
C07071,D01108,2025-06-01,2026-08-01,35,shared_cluster
C05325,D01108,2025-06-01,2026-08-01,48,shared_cluster
C06847,D03985,2025-06-01,2026-08-01,34,shared_cluster
C09799,D03985,2025-06-01,2026-08-01,12,shared_cluster
C04811,D03985,2025-06-01,2026-08-01,48,shared_cluster
C03329,D03985,2025-06-01,2026-08-01,13,shared_cluster
C03657,D04787,2025-06-01,2026-08-01,14,shared_cluster
C04778,D04787,2025-06-01,2026-08-01,40,shared_cluster
C03961,D04787,2025-06-01,2026-08-01,8,shared_cluster
C06184,D04787,2025-06-01,2026-08-01,24,shared_cluster
C07460,D04787,2025-06-01,2026-08-01,50,shared_cluster
C06368,D04787,2025-06-01,2026-08-01,23,shared_cluster
C06491,D00552,2025-06-01,2026-08-01,13,shared_cluster
C09067,D00552,2025-06-01,2026-08-01,22,shared_cluster
C07813,D00552,2025-06-01,2026-08-01,12,shared_cluster
C04065,D00552,2025-06-01,2026-08-01,29,shared_cluster
C02734,D04851,2025-06-01,2026-08-01,31,shared_cluster
C07578,D04851,2025-06-01,2026-08-01,7,shared_cluster
C06812,D04851,2025-06-01,2026-08-01,36,shared_cluster
C01251,D04851,2025-06-01,2026-08-01,15,shared_cluster
C02437,D04851,2025-06-01,2026-08-01,43,shared_cluster
C09023,D04851,2025-06-01,2026-08-01,50,shared_cluster
C08434,D03257,2025-06-01,2026-08-01,44,shared_cluster
C07140,D03257,2025-06-01,2026-08-01,37,shared_cluster
C04849,D03257,2025-06-01,2026-08-01,42,shared_cluster
C01026,D00247,2025-06-01,2026-08-01,27,shared_cluster
C07606,D00247,2025-06-01,2026-08-01,26,shared_cluster
C02327,D00247,2025-06-01,2026-08-01,17,shared_cluster
C00668,D00247,2025-06-01,2026-08-01,23,shared_cluster
C00896,D00247,2025-06-01,2026-08-01,26,shared_cluster
C02398,D04036,2025-06-01,2026-08-01,36,shared_cluster
C00193,D04036,2025-06-01,2026-08-01,27,shared_cluster
C03366,D04036,2025-06-01,2026-08-01,30,shared_cluster
C03017,D04036,2025-06-01,2026-08-01,38,shared_cluster
C04203,D04699,2025-06-01,2026-08-01,19,shared_cluster
C03030,D04699,2025-06-01,2026-08-01,23,shared_cluster
C01805,D04699,2025-06-01,2026-08-01,38,shared_cluster
C02196,D04699,2025-06-01,2026-08-01,16,shared_cluster
C08302,D04699,2025-06-01,2026-08-01,46,shared_cluster
C09847,D04699,2025-06-01,2026-08-01,14,shared_cluster
C00062,D00617,2025-06-01,2026-08-01,33,shared_cluster
C03428,D00617,2025-06-01,2026-08-01,35,shared_cluster
C02515,D00617,2025-06-01,2026-08-01,38,shared_cluster
C05345,D00617,2025-06-01,2026-08-01,43,shared_cluster
C02316,D00617,2025-06-01,2026-08-01,17,shared_cluster
C07552,D02690,2025-06-01,2026-08-01,21,shared_cluster
C06930,D02690,2025-06-01,2026-08-01,38,shared_cluster
C04959,D02690,2025-06-01,2026-08-01,21,shared_cluster
C00731,D02690,2025-06-01,2026-08-01,45,shared_cluster
C05894,D03217,2025-06-01,2026-08-01,19,shared_cluster
C07125,D03217,2025-06-01,2026-08-01,17,shared_cluster
C00927,D03217,2025-06-01,2026-08-01,18,shared_cluster
C05823,D03217,2025-06-01,2026-08-01,17,shared_cluster
C07757,D03217,2025-06-01,2026-08-01,30,shared_cluster
C00875,D03217,2025-06-01,2026-08-01,14,shared_cluster
C05988,D03722,2025-06-01,2026-08-01,22,shared_cluster
C08139,D03722,2025-06-01,2026-08-01,37,shared_cluster
C03864,D04164,2025-06-01,2026-08-01,41,shared_cluster
C01640,D04164,2025-06-01,2026-08-01,8,shared_cluster
C05408,D03117,2025-06-01,2026-08-01,5,shared_cluster
C08915,D03117,2025-06-01,2026-08-01,6,shared_cluster
C07067,D03117,2025-06-01,2026-08-01,11,shared_cluster
C07054,D02024,2025-06-01,2026-08-01,43,shared_cluster
C07253,D02024,2025-06-01,2026-08-01,6,shared_cluster
C03824,D02024,2025-06-01,2026-08-01,41,shared_cluster
C02238,D02024,2025-06-01,2026-08-01,18,shared_cluster
C01752,D01811,2025-06-01,2026-08-01,40,shared_cluster
C09347,D01811,2025-06-01,2026-08-01,35,shared_cluster
C01883,D01811,2025-06-01,2026-08-01,46,shared_cluster
C08991,D01811,2025-06-01,2026-08-01,31,shared_cluster
C04532,D01811,2025-06-01,2026-08-01,48,shared_cluster
C02981,D01811,2025-06-01,2026-08-01,47,shared_cluster
C01183,D03324,2025-06-01,2026-08-01,46,shared_cluster
C08353,D03324,2025-06-01,2026-08-01,10,shared_cluster
C09686,D03324,2025-06-01,2026-08-01,45,shared_cluster
C00517,D03324,2025-06-01,2026-08-01,47,shared_cluster
C01401,D03324,2025-06-01,2026-08-01,24,shared_cluster
C03285,D00484,2025-06-01,2026-08-01,34,shared_cluster
C00967,D00484,2025-06-01,2026-08-01,17,shared_cluster
C03272,D00484,2025-06-01,2026-08-01,18,shared_cluster
C04303,D00977,2025-06-01,2026-08-01,16,shared_cluster
C02574,D00977,2025-06-01,2026-08-01,49,shared_cluster
C05684,D00977,2025-06-01,2026-08-01,13,shared_cluster
C01085,D02764,2025-06-01,2026-08-01,8,shared_cluster
C08364,D02764,2025-06-01,2026-08-01,47,shared_cluster
C01645,D02764,2025-06-01,2026-08-01,30,shared_cluster
C02257,D02764,2025-06-01,2026-08-01,47,shared_cluster
C04214,D03568,2025-06-01,2026-08-01,17,shared_cluster
C01171,D03568,2025-06-01,2026-08-01,45,shared_cluster
C00693,D03568,2025-06-01,2026-08-01,19,shared_cluster
C07375,D00627,2025-06-01,2026-08-01,41,shared_cluster
C06394,D00627,2025-06-01,2026-08-01,44,shared_cluster
C02784,D00627,2025-06-01,2026-08-01,28,shared_cluster
C04289,D00627,2025-06-01,2026-08-01,47,shared_cluster
C00744,D00627,2025-06-01,2026-08-01,19,shared_cluster
C07558,D00627,2025-06-01,2026-08-01,22,shared_cluster
C09844,D04628,2025-06-01,2026-08-01,11,shared_cluster
C03230,D04628,2025-06-01,2026-08-01,5,shared_cluster
C07505,D04628,2025-06-01,2026-08-01,20,shared_cluster
C08982,D04628,2025-06-01,2026-08-01,21,shared_cluster
C06353,D04628,2025-06-01,2026-08-01,27,shared_cluster
C09888,D04628,2025-06-01,2026-08-01,27,shared_cluster
C02409,D02828,2025-06-01,2026-08-01,49,shared_cluster
C09506,D02828,2025-06-01,2026-08-01,27,shared_cluster
C01487,D02828,2025-06-01,2026-08-01,8,shared_cluster
C08188,D02828,2025-06-01,2026-08-01,11,shared_cluster
C08556,D03662,2025-06-01,2026-08-01,21,shared_cluster
C08788,D03662,2025-06-01,2026-08-01,26,shared_cluster
C03181,D03662,2025-06-01,2026-08-01,18,shared_cluster
C07262,D00089,2025-06-01,2026-08-01,8,shared_cluster
C04258,D00089,2025-06-01,2026-08-01,48,shared_cluster
C00495,D00089,2025-06-01,2026-08-01,36,shared_cluster
C00524,D00089,2025-06-01,2026-08-01,47,shared_cluster
C09147,D00089,2025-06-01,2026-08-01,46,shared_cluster
C00590,D00089,2025-06-01,2026-08-01,45,shared_cluster
C06519,D04026,2025-06-01,2026-08-01,18,shared_cluster
C05885,D04026,2025-06-01,2026-08-01,8,shared_cluster
C06263,D04026,2025-06-01,2026-08-01,6,shared_cluster
C04198,D04026,2025-06-01,2026-08-01,16,shared_cluster
C05848,D04578,2025-06-01,2026-08-01,13,shared_cluster
C01312,D04578,2025-06-01,2026-08-01,42,shared_cluster
C04284,D04578,2025-06-01,2026-08-01,5,shared_cluster
C04601,D04578,2025-06-01,2026-08-01,8,shared_cluster
C00607,D04578,2025-06-01,2026-08-01,47,shared_cluster
C03529,D00038,2025-06-01,2026-08-01,33,shared_cluster
C00974,D00038,2025-06-01,2026-08-01,33,shared_cluster
C03605,D00038,2025-06-01,2026-08-01,20,shared_cluster
C01492,D03419,2025-06-01,2026-08-01,35,shared_cluster
C00409,D03419,2025-06-01,2026-08-01,47,shared_cluster
C00654,D03419,2025-06-01,2026-08-01,47,shared_cluster
C00310,D03419,2025-06-01,2026-08-01,32,shared_cluster
C07828,D03419,2025-06-01,2026-08-01,25,shared_cluster
C05364,D03419,2025-06-01,2026-08-01,28,shared_cluster
C08989,D02829,2025-06-01,2026-08-01,28,shared_cluster
C00657,D02829,2025-06-01,2026-08-01,7,shared_cluster
C03364,D03204,2025-06-01,2026-08-01,23,shared_cluster
C03260,D03204,2025-06-01,2026-08-01,24,shared_cluster
C05170,D03204,2025-06-01,2026-08-01,30,shared_cluster
C05578,D03707,2025-06-01,2026-08-01,16,shared_cluster
C07652,D03707,2025-06-01,2026-08-01,16,shared_cluster
C09365,D03707,2025-06-01,2026-08-01,5,shared_cluster
C04032,D03707,2025-06-01,2026-08-01,48,shared_cluster
C01920,D03707,2025-06-01,2026-08-01,17,shared_cluster
C05839,D03707,2025-06-01,2026-08-01,30,shared_cluster
C01032,D01319,2025-06-01,2026-08-01,43,shared_cluster
C05007,D01319,2025-06-01,2026-08-01,43,shared_cluster
C04112,D01319,2025-06-01,2026-08-01,42,shared_cluster
C08875,D01319,2025-06-01,2026-08-01,26,shared_cluster
C08955,D01319,2025-06-01,2026-08-01,35,shared_cluster
C01297,D01319,2025-06-01,2026-08-01,50,shared_cluster
C04167,D04570,2025-06-01,2026-08-01,27,shared_cluster
C06507,D04570,2025-06-01,2026-08-01,20,shared_cluster
C00632,D04570,2025-06-01,2026-08-01,38,shared_cluster
C08081,D02005,2025-06-01,2026-08-01,7,shared_cluster
C04880,D02005,2025-06-01,2026-08-01,46,shared_cluster
C03432,D02005,2025-06-01,2026-08-01,16,shared_cluster
C06635,D02005,2025-06-01,2026-08-01,43,shared_cluster
C04787,D02005,2025-06-01,2026-08-01,42,shared_cluster
C08920,D03326,2025-06-01,2026-08-01,42,shared_cluster
C00381,D03326,2025-06-01,2026-08-01,11,shared_cluster
C05669,D03326,2025-06-01,2026-08-01,50,shared_cluster
C08511,D03326,2025-06-01,2026-08-01,16,shared_cluster
C04754,D03326,2025-06-01,2026-08-01,45,shared_cluster
C07847,D03326,2025-06-01,2026-08-01,6,shared_cluster
C00335,D03063,2025-06-01,2026-08-01,13,shared_cluster
C02244,D03063,2025-06-01,2026-08-01,38,shared_cluster
C08245,D03063,2025-06-01,2026-08-01,8,shared_cluster
C01693,D04038,2025-06-01,2026-08-01,15,shared_cluster
C07912,D04038,2025-06-01,2026-08-01,9,shared_cluster
C08604,D04038,2025-06-01,2026-08-01,19,shared_cluster
C00512,D04038,2025-06-01,2026-08-01,16,shared_cluster
C01408,D04038,2025-06-01,2026-08-01,48,shared_cluster
C09772,D00602,2025-06-01,2026-08-01,30,shared_cluster
C08456,D00602,2025-06-01,2026-08-01,22,shared_cluster
C00124,D00602,2025-06-01,2026-08-01,50,shared_cluster
C08343,D00602,2025-06-01,2026-08-01,5,shared_cluster
C03064,D00602,2025-06-01,2026-08-01,10,shared_cluster
C04329,D00602,2025-06-01,2026-08-01,11,shared_cluster
C07160,D00087,2025-06-01,2026-08-01,30,shared_cluster
C08877,D00087,2025-06-01,2026-08-01,31,shared_cluster
C05593,D00087,2025-06-01,2026-08-01,13,shared_cluster
C06009,D04251,2025-06-01,2026-08-01,37,shared_cluster
C04783,D04251,2025-06-01,2026-08-01,44,shared_cluster
C00542,D04251,2025-06-01,2026-08-01,14,shared_cluster
C09635,D03976,2025-06-01,2026-08-01,33,shared_cluster
C08680,D03976,2025-06-01,2026-08-01,41,shared_cluster
C09227,D03976,2025-06-01,2026-08-01,46,shared_cluster
C01834,D03976,2025-06-01,2026-08-01,48,shared_cluster
C04230,D03976,2025-06-01,2026-08-01,20,shared_cluster
C08037,D03800,2025-06-01,2026-08-01,50,shared_cluster
C08677,D03800,2025-06-01,2026-08-01,8,shared_cluster
C02562,D03800,2025-06-01,2026-08-01,39,shared_cluster
C00086,D03800,2025-06-01,2026-08-01,10,shared_cluster
C04417,D03800,2025-06-01,2026-08-01,48,shared_cluster
C04376,D04392,2025-06-01,2026-08-01,27,shared_cluster
C03682,D04392,2025-06-01,2026-08-01,25,shared_cluster
C00867,D04392,2025-06-01,2026-08-01,27,shared_cluster
C04713,D04392,2025-06-01,2026-08-01,7,shared_cluster
C03715,D04392,2025-06-01,2026-08-01,34,shared_cluster
C01197,D03918,2025-06-01,2026-08-01,40,shared_cluster
C04734,D03918,2025-06-01,2026-08-01,32,shared_cluster
C02114,D03918,2025-06-01,2026-08-01,11,shared_cluster
C09041,D01312,2025-06-01,2026-08-01,50,shared_cluster
C00057,D01312,2025-06-01,2026-08-01,20,shared_cluster
C04249,D01312,2025-06-01,2026-08-01,48,shared_cluster
C01650,D01312,2025-06-01,2026-08-01,8,shared_cluster
C01570,D01312,2025-06-01,2026-08-01,38,shared_cluster
C02915,D02862,2025-06-01,2026-08-01,25,shared_cluster
C02775,D02862,2025-06-01,2026-08-01,37,shared_cluster
C01427,D02862,2025-06-01,2026-08-01,50,shared_cluster
C08856,D02862,2025-06-01,2026-08-01,28,shared_cluster
C04216,D02862,2025-06-01,2026-08-01,6,shared_cluster
C05734,D00205,2025-06-01,2026-08-01,48,shared_cluster
C02167,D00205,2025-06-01,2026-08-01,8,shared_cluster
C09636,D00205,2025-06-01,2026-08-01,12,shared_cluster
C08085,D00205,2025-06-01,2026-08-01,48,shared_cluster
C03772,D02716,2025-06-01,2026-08-01,33,shared_cluster
C07198,D02716,2025-06-01,2026-08-01,32,shared_cluster
C01172,D03029,2025-06-01,2026-08-01,41,shared_cluster
C02274,D03029,2025-06-01,2026-08-01,15,shared_cluster
C03118,D03029,2025-06-01,2026-08-01,7,shared_cluster
C07614,D03029,2025-06-01,2026-08-01,49,shared_cluster
C01976,D03029,2025-06-01,2026-08-01,42,shared_cluster
C07598,D03029,2025-06-01,2026-08-01,44,shared_cluster
C00395,D02440,2025-06-01,2026-08-01,7,shared_cluster
C09953,D02440,2025-06-01,2026-08-01,34,shared_cluster
C02950,D02440,2025-06-01,2026-08-01,15,shared_cluster
C04286,D02440,2025-06-01,2026-08-01,34,shared_cluster
C02647,D02440,2025-06-01,2026-08-01,39,shared_cluster
C03921,D02159,2025-06-01,2026-08-01,5,shared_cluster
C09374,D02159,2025-06-01,2026-08-01,44,shared_cluster
C02204,D02159,2025-06-01,2026-08-01,5,shared_cluster
C00998,D02159,2025-06-01,2026-08-01,46,shared_cluster
C01467,D02772,2025-06-01,2026-08-01,37,shared_cluster
C01372,D02772,2025-06-01,2026-08-01,28,shared_cluster
C06991,D02772,2025-06-01,2026-08-01,14,shared_cluster
C00336,D02772,2025-06-01,2026-08-01,26,shared_cluster
C01865,D02772,2025-06-01,2026-08-01,41,shared_cluster
C03082,D03957,2025-06-01,2026-08-01,23,shared_cluster
C03019,D03957,2025-06-01,2026-08-01,31,shared_cluster
C02002,D04404,2025-06-01,2026-08-01,17,shared_cluster
C09746,D04404,2025-06-01,2026-08-01,7,shared_cluster
C02155,D04404,2025-06-01,2026-08-01,38,shared_cluster
C04947,D03081,2025-06-01,2026-08-01,41,shared_cluster
C00563,D03081,2025-06-01,2026-08-01,32,shared_cluster
C02179,D03081,2025-06-01,2026-08-01,24,shared_cluster
C00964,D03081,2025-06-01,2026-08-01,32,shared_cluster
C08548,D01927,2025-06-01,2026-08-01,41,shared_cluster
C03121,D01927,2025-06-01,2026-08-01,29,shared_cluster
C08310,D01927,2025-06-01,2026-08-01,16,shared_cluster
C01278,D01927,2025-06-01,2026-08-01,23,shared_cluster
C00152,D01927,2025-06-01,2026-08-01,17,shared_cluster
C06664,D01927,2025-06-01,2026-08-01,22,shared_cluster
C08234,D00535,2025-06-01,2026-08-01,12,shared_cluster
C02911,D00535,2025-06-01,2026-08-01,20,shared_cluster
C08199,D00535,2025-06-01,2026-08-01,21,shared_cluster
C09198,D00535,2025-06-01,2026-08-01,44,shared_cluster
C05974,D00535,2025-06-01,2026-08-01,41,shared_cluster
C02432,D00535,2025-06-01,2026-08-01,43,shared_cluster
C09582,D00290,2025-06-01,2026-08-01,14,shared_cluster
C02997,D00290,2025-06-01,2026-08-01,26,shared_cluster
C05645,D04469,2025-06-01,2026-08-01,27,shared_cluster
C00522,D04469,2025-06-01,2026-08-01,23,shared_cluster
C05175,D04469,2025-06-01,2026-08-01,42,shared_cluster
C05879,D00460,2025-06-01,2026-08-01,27,shared_cluster
C07759,D00460,2025-06-01,2026-08-01,41,shared_cluster
C05809,D00460,2025-06-01,2026-08-01,28,shared_cluster
C08189,D00460,2025-06-01,2026-08-01,16,shared_cluster
C03286,D04659,2025-06-01,2026-08-01,40,shared_cluster
C03356,D04659,2025-06-01,2026-08-01,44,shared_cluster
C07752,D04659,2025-06-01,2026-08-01,14,shared_cluster
C06565,D04659,2025-06-01,2026-08-01,10,shared_cluster
C03452,D02031,2025-06-01,2026-08-01,32,shared_cluster
C08813,D02031,2025-06-01,2026-08-01,36,shared_cluster
C00162,D02031,2025-06-01,2026-08-01,13,shared_cluster
C03554,D02031,2025-06-01,2026-08-01,13,shared_cluster
C04896,D04446,2025-06-01,2026-08-01,49,shared_cluster
C04656,D04446,2025-06-01,2026-08-01,20,shared_cluster
C02653,D04446,2025-06-01,2026-08-01,24,shared_cluster
C05995,D04446,2025-06-01,2026-08-01,6,shared_cluster
C03122,D04446,2025-06-01,2026-08-01,16,shared_cluster
C05813,D04514,2025-06-01,2026-08-01,40,shared_cluster
C01268,D04514,2025-06-01,2026-08-01,34,shared_cluster
C06115,D04514,2025-06-01,2026-08-01,42,shared_cluster
C07534,D04514,2025-06-01,2026-08-01,47,shared_cluster
C09440,D04514,2025-06-01,2026-08-01,28,shared_cluster
C05913,D04514,2025-06-01,2026-08-01,34,shared_cluster
C03464,D04761,2025-06-01,2026-08-01,17,shared_cluster
C08252,D04761,2025-06-01,2026-08-01,32,shared_cluster
C09974,D04761,2025-06-01,2026-08-01,20,shared_cluster
C00140,D04761,2025-06-01,2026-08-01,45,shared_cluster
C01791,D03999,2025-06-01,2026-08-01,34,shared_cluster
C09118,D03999,2025-06-01,2026-08-01,25,shared_cluster
C07265,D03999,2025-06-01,2026-08-01,43,shared_cluster
C05049,D03999,2025-06-01,2026-08-01,41,shared_cluster
C03668,D03999,2025-06-01,2026-08-01,25,shared_cluster
C07109,D01717,2025-06-01,2026-08-01,19,shared_cluster
C00280,D01717,2025-06-01,2026-08-01,13,shared_cluster
C03315,D00857,2025-06-01,2026-08-01,22,shared_cluster
C00520,D00857,2025-06-01,2026-08-01,29,shared_cluster
C08182,D00857,2025-06-01,2026-08-01,29,shared_cluster
C04005,D03256,2025-06-01,2026-08-01,40,shared_cluster
C04085,D03256,2025-06-01,2026-08-01,42,shared_cluster
C09406,D03256,2025-06-01,2026-08-01,30,shared_cluster
C01479,D03256,2025-06-01,2026-08-01,36,shared_cluster
C05108,D03256,2025-06-01,2026-08-01,29,shared_cluster
C03059,D02584,2025-06-01,2026-08-01,49,shared_cluster
C07248,D02584,2025-06-01,2026-08-01,9,shared_cluster
C09940,D02584,2025-06-01,2026-08-01,18,shared_cluster
C03264,D02584,2025-06-01,2026-08-01,31,shared_cluster
C06152,D02584,2025-06-01,2026-08-01,10,shared_cluster
C06306,D01996,2025-06-01,2026-08-01,34,shared_cluster
C02206,D01996,2025-06-01,2026-08-01,19,shared_cluster
C05081,D01996,2025-06-01,2026-08-01,31,shared_cluster
C08474,D02018,2025-06-01,2026-08-01,41,shared_cluster
C02363,D02018,2025-06-01,2026-08-01,50,shared_cluster
C00020,D02018,2025-06-01,2026-08-01,31,shared_cluster
C00462,D02018,2025-06-01,2026-08-01,26,shared_cluster
C08950,D02018,2025-06-01,2026-08-01,21,shared_cluster
C09320,D04180,2025-06-01,2026-08-01,8,shared_cluster
C03211,D04180,2025-06-01,2026-08-01,45,shared_cluster
C09358,D04180,2025-06-01,2026-08-01,17,shared_cluster
C08192,D00073,2025-06-01,2026-08-01,25,shared_cluster
C02284,D00073,2025-06-01,2026-08-01,32,shared_cluster
C02667,D00073,2025-06-01,2026-08-01,37,shared_cluster
C04647,D00073,2025-06-01,2026-08-01,34,shared_cluster
C09462,D00073,2025-06-01,2026-08-01,24,shared_cluster
C01109,D04089,2025-06-01,2026-08-01,50,shared_cluster
C07900,D04089,2025-06-01,2026-08-01,13,shared_cluster
C02901,D04089,2025-06-01,2026-08-01,44,shared_cluster
C01103,D04089,2025-06-01,2026-08-01,9,shared_cluster
C08492,D04089,2025-06-01,2026-08-01,13,shared_cluster
C06011,D00272,2025-06-01,2026-08-01,42,shared_cluster
C01291,D00272,2025-06-01,2026-08-01,50,shared_cluster
C09964,D00272,2025-06-01,2026-08-01,17,shared_cluster
C01634,D04744,2025-06-01,2026-08-01,6,shared_cluster
C04176,D04744,2025-06-01,2026-08-01,23,shared_cluster
C03898,D04744,2025-06-01,2026-08-01,17,shared_cluster
C06383,D03691,2025-06-01,2026-08-01,10,shared_cluster
C07157,D03691,2025-06-01,2026-08-01,10,shared_cluster
C01897,D01739,2025-06-01,2026-08-01,48,shared_cluster
C08600,D01739,2025-06-01,2026-08-01,49,shared_cluster
C02876,D01739,2025-06-01,2026-08-01,19,shared_cluster
C08759,D00438,2025-06-01,2026-08-01,7,shared_cluster
C01773,D00438,2025-06-01,2026-08-01,10,shared_cluster
C00390,D01896,2025-06-01,2026-08-01,14,shared_cluster
C06580,D01896,2025-06-01,2026-08-01,9,shared_cluster
C00081,D01896,2025-06-01,2026-08-01,27,shared_cluster
C05569,D01896,2025-06-01,2026-08-01,28,shared_cluster
C06386,D01896,2025-06-01,2026-08-01,7,shared_cluster
C04908,D00157,2025-06-01,2026-08-01,7,shared_cluster
C07232,D00157,2025-06-01,2026-08-01,12,shared_cluster
C06024,D00157,2025-06-01,2026-08-01,35,shared_cluster
C09904,D03078,2025-06-01,2026-08-01,45,shared_cluster
C01232,D03078,2025-06-01,2026-08-01,41,shared_cluster
C02865,D03078,2025-06-01,2026-08-01,15,shared_cluster
C04870,D03078,2025-06-01,2026-08-01,13,shared_cluster
C07026,D02097,2025-06-01,2026-08-01,25,shared_cluster
C05742,D02097,2025-06-01,2026-08-01,32,shared_cluster
C09984,D01491,2025-06-01,2026-08-01,31,shared_cluster
C03705,D01491,2025-06-01,2026-08-01,46,shared_cluster
C08983,D01491,2025-06-01,2026-08-01,22,shared_cluster
C06236,D01551,2025-06-01,2026-08-01,9,shared_cluster
C02043,D01551,2025-06-01,2026-08-01,38,shared_cluster
C05164,D01551,2025-06-01,2026-08-01,35,shared_cluster
C04983,D01551,2025-06-01,2026-08-01,21,shared_cluster
C05130,D01551,2025-06-01,2026-08-01,14,shared_cluster
C00701,D00989,2025-06-01,2026-08-01,43,shared_cluster
C02405,D00989,2025-06-01,2026-08-01,22,shared_cluster
C03359,D00989,2025-06-01,2026-08-01,50,shared_cluster
C03651,D00989,2025-06-01,2026-08-01,40,shared_cluster
C04163,D04704,2025-06-01,2026-08-01,40,shared_cluster
C06241,D04704,2025-06-01,2026-08-01,7,shared_cluster
C01626,D04704,2025-06-01,2026-08-01,29,shared_cluster
C08069,D04704,2025-06-01,2026-08-01,22,shared_cluster
C01450,D00849,2025-06-01,2026-08-01,45,shared_cluster
C06749,D00849,2025-06-01,2026-08-01,48,shared_cluster
C07911,D00849,2025-06-01,2026-08-01,7,shared_cluster
C01929,D00849,2025-06-01,2026-08-01,30,shared_cluster
C02214,D04129,2025-06-01,2026-08-01,38,shared_cluster
C09622,D04129,2025-06-01,2026-08-01,25,shared_cluster
C09871,D04129,2025-06-01,2026-08-01,39,shared_cluster
C02866,D04129,2025-06-01,2026-08-01,5,shared_cluster
C07617,D01484,2025-06-01,2026-08-01,47,shared_cluster
C00243,D01484,2025-06-01,2026-08-01,45,shared_cluster
C00971,D02656,2025-06-01,2026-08-01,29,shared_cluster
C00972,D02656,2025-06-01,2026-08-01,49,shared_cluster
C02663,D04473,2025-06-01,2026-08-01,43,shared_cluster
C02811,D04473,2025-06-01,2026-08-01,40,shared_cluster
C06084,D00573,2025-06-01,2026-08-01,22,shared_cluster
C05609,D00573,2025-06-01,2026-08-01,20,shared_cluster
C04544,D00573,2025-06-01,2026-08-01,24,shared_cluster
C00318,D00573,2025-06-01,2026-08-01,45,shared_cluster
C08640,D00573,2025-06-01,2026-08-01,42,shared_cluster
C03625,D01265,2025-06-01,2026-08-01,28,shared_cluster
C00303,D01265,2025-06-01,2026-08-01,43,shared_cluster
C01299,D01265,2025-06-01,2026-08-01,35,shared_cluster
C09417,D01265,2025-06-01,2026-08-01,43,shared_cluster
C02726,D01265,2025-06-01,2026-08-01,27,shared_cluster
C06952,D01265,2025-06-01,2026-08-01,38,shared_cluster
C03955,D02438,2025-06-01,2026-08-01,15,shared_cluster
C00508,D02438,2025-06-01,2026-08-01,48,shared_cluster
C04776,D02438,2025-06-01,2026-08-01,20,shared_cluster
C00505,D02438,2025-06-01,2026-08-01,14,shared_cluster
C09962,D02438,2025-06-01,2026-08-01,24,shared_cluster
C01562,D02438,2025-06-01,2026-08-01,35,shared_cluster
C08269,D03888,2025-06-01,2026-08-01,9,shared_cluster
C07633,D03888,2025-06-01,2026-08-01,10,shared_cluster
C00290,D03888,2025-06-01,2026-08-01,22,shared_cluster
C00935,D03888,2025-06-01,2026-08-01,32,shared_cluster
C00362,D03888,2025-06-01,2026-08-01,13,shared_cluster
C08739,D03888,2025-06-01,2026-08-01,45,shared_cluster
C04077,D04266,2025-06-01,2026-08-01,33,shared_cluster
C01751,D04266,2025-06-01,2026-08-01,35,shared_cluster
C00789,D04266,2025-06-01,2026-08-01,14,shared_cluster
C00289,D04266,2025-06-01,2026-08-01,5,shared_cluster
C01048,D04266,2025-06-01,2026-08-01,39,shared_cluster
C03647,D04266,2025-06-01,2026-08-01,48,shared_cluster
C00205,D03858,2025-06-01,2026-08-01,8,shared_cluster
C02961,D03858,2025-06-01,2026-08-01,34,shared_cluster
C02466,D03858,2025-06-01,2026-08-01,46,shared_cluster
C01168,D03858,2025-06-01,2026-08-01,42,shared_cluster
C07482,D04258,2025-06-01,2026-08-01,24,shared_cluster
C06125,D04258,2025-06-01,2026-08-01,39,shared_cluster
C02764,D04258,2025-06-01,2026-08-01,17,shared_cluster
C02986,D02772,2025-06-01,2026-08-01,25,shared_cluster
C00605,D02772,2025-06-01,2026-08-01,28,shared_cluster
C03164,D02772,2025-06-01,2026-08-01,17,shared_cluster
C09532,D02772,2025-06-01,2026-08-01,39,shared_cluster
C04950,D02772,2025-06-01,2026-08-01,10,shared_cluster
C00466,D03429,2025-06-01,2026-08-01,5,shared_cluster
C05013,D03429,2025-06-01,2026-08-01,30,shared_cluster
C02527,D03429,2025-06-01,2026-08-01,32,shared_cluster
C09379,D03429,2025-06-01,2026-08-01,30,shared_cluster
C04873,D02835,2025-06-01,2026-08-01,10,shared_cluster
C09187,D02835,2025-06-01,2026-08-01,16,shared_cluster
C00101,D02835,2025-06-01,2026-08-01,40,shared_cluster
C05825,D02835,2025-06-01,2026-08-01,11,shared_cluster
C02080,D01854,2025-06-01,2026-08-01,29,shared_cluster
C05735,D01854,2025-06-01,2026-08-01,22,shared_cluster
C05955,D01854,2025-06-01,2026-08-01,12,shared_cluster
C05667,D01854,2025-06-01,2026-08-01,19,shared_cluster
C04899,D02681,2025-06-01,2026-08-01,16,shared_cluster
C02017,D02681,2025-06-01,2026-08-01,49,shared_cluster
C02104,D02681,2025-06-01,2026-08-01,6,shared_cluster
C05631,D02681,2025-06-01,2026-08-01,41,shared_cluster
C04938,D02681,2025-06-01,2026-08-01,49,shared_cluster
C05627,D02629,2025-06-01,2026-08-01,48,shared_cluster
C00131,D02629,2025-06-01,2026-08-01,30,shared_cluster
C09071,D04265,2025-06-01,2026-08-01,18,shared_cluster
C07772,D04265,2025-06-01,2026-08-01,45,shared_cluster
C08521,D04265,2025-06-01,2026-08-01,25,shared_cluster
C02038,D04265,2025-06-01,2026-08-01,39,shared_cluster
C01896,D04265,2025-06-01,2026-08-01,49,shared_cluster
C01876,D04265,2025-06-01,2026-08-01,34,shared_cluster
C09724,D03689,2025-06-01,2026-08-01,41,shared_cluster
C06998,D03689,2025-06-01,2026-08-01,14,shared_cluster
C08806,D03578,2025-06-01,2026-08-01,9,shared_cluster
C05730,D03578,2025-06-01,2026-08-01,14,shared_cluster
C02655,D03578,2025-06-01,2026-08-01,44,shared_cluster
C08214,D03578,2025-06-01,2026-08-01,26,shared_cluster
C07205,D03578,2025-06-01,2026-08-01,44,shared_cluster
C08552,D03578,2025-06-01,2026-08-01,10,shared_cluster
C04517,D01522,2025-06-01,2026-08-01,32,shared_cluster
C09380,D01522,2025-06-01,2026-08-01,5,shared_cluster
C07047,D01522,2025-06-01,2026-08-01,19,shared_cluster
C01761,D01522,2025-06-01,2026-08-01,41,shared_cluster
C02172,D01522,2025-06-01,2026-08-01,43,shared_cluster
C04364,D01522,2025-06-01,2026-08-01,40,shared_cluster
C02612,D03938,2025-06-01,2026-08-01,43,shared_cluster
C04667,D03938,2025-06-01,2026-08-01,47,shared_cluster
C04136,D03938,2025-06-01,2026-08-01,39,shared_cluster
C03696,D03938,2025-06-01,2026-08-01,43,shared_cluster
C00824,D03938,2025-06-01,2026-08-01,6,shared_cluster
C00427,D02230,2025-06-01,2026-08-01,28,shared_cluster
C05348,D02230,2025-06-01,2026-08-01,46,shared_cluster
C09153,D02230,2025-06-01,2026-08-01,15,shared_cluster
C02630,D02230,2025-06-01,2026-08-01,11,shared_cluster
C01005,D01554,2025-06-01,2026-08-01,26,shared_cluster
C00583,D01554,2025-06-01,2026-08-01,13,shared_cluster
C00999,D01554,2025-06-01,2026-08-01,28,shared_cluster
C03713,D01554,2025-06-01,2026-08-01,35,shared_cluster
C00501,D01554,2025-06-01,2026-08-01,23,shared_cluster
C06512,D01993,2025-06-01,2026-08-01,12,shared_cluster
C01214,D01993,2025-06-01,2026-08-01,44,shared_cluster
C07319,D01993,2025-06-01,2026-08-01,16,shared_cluster
C03834,D01993,2025-06-01,2026-08-01,14,shared_cluster
C02626,D03146,2025-06-01,2026-08-01,42,shared_cluster
C08172,D03146,2025-06-01,2026-08-01,10,shared_cluster
C06495,D03146,2025-06-01,2026-08-01,25,shared_cluster
C09704,D03146,2025-06-01,2026-08-01,17,shared_cluster
C08430,D03146,2025-06-01,2026-08-01,22,shared_cluster
C04433,D00106,2025-06-01,2026-08-01,45,shared_cluster
C06144,D00106,2025-06-01,2026-08-01,32,shared_cluster
C01808,D03803,2025-06-01,2026-08-01,10,shared_cluster
C02141,D03803,2025-06-01,2026-08-01,44,shared_cluster
C03051,D03803,2025-06-01,2026-08-01,10,shared_cluster
C02153,D03803,2025-06-01,2026-08-01,43,shared_cluster
C04068,D04800,2025-06-01,2026-08-01,39,shared_cluster
C08715,D04800,2025-06-01,2026-08-01,33,shared_cluster
C04488,D04800,2025-06-01,2026-08-01,38,shared_cluster
C03945,D04800,2025-06-01,2026-08-01,34,shared_cluster
C05183,D04800,2025-06-01,2026-08-01,26,shared_cluster
C04692,D02822,2025-06-01,2026-08-01,40,shared_cluster
C02269,D02822,2025-06-01,2026-08-01,13,shared_cluster
C00109,D02822,2025-06-01,2026-08-01,33,shared_cluster
C03077,D03636,2025-06-01,2026-08-01,17,shared_cluster
C04274,D03636,2025-06-01,2026-08-01,26,shared_cluster
C03800,D00438,2025-06-01,2026-08-01,48,shared_cluster
C04385,D00438,2025-06-01,2026-08-01,31,shared_cluster
C06201,D00438,2025-06-01,2026-08-01,16,shared_cluster
C03521,D00438,2025-06-01,2026-08-01,18,shared_cluster
C07579,D03135,2025-06-01,2026-08-01,16,shared_cluster
C09758,D03135,2025-06-01,2026-08-01,29,shared_cluster
C03737,D03135,2025-06-01,2026-08-01,12,shared_cluster
C09991,D03135,2025-06-01,2026-08-01,7,shared_cluster
C01969,D03135,2025-06-01,2026-08-01,5,shared_cluster
C09614,D02844,2025-06-01,2026-08-01,16,shared_cluster
C07807,D02844,2025-06-01,2026-08-01,35,shared_cluster
C01923,D02440,2025-06-01,2026-08-01,7,shared_cluster
C08564,D02440,2025-06-01,2026-08-01,17,shared_cluster
C00918,D02440,2025-06-01,2026-08-01,12,shared_cluster
C09026,D00486,2025-06-01,2026-08-01,49,shared_cluster
C02293,D00486,2025-06-01,2026-08-01,24,shared_cluster
C04507,D00486,2025-06-01,2026-08-01,24,shared_cluster
C06304,D00486,2025-06-01,2026-08-01,15,shared_cluster
C02740,D00486,2025-06-01,2026-08-01,27,shared_cluster
C08969,D00486,2025-06-01,2026-08-01,50,shared_cluster
C07749,D00577,2025-06-01,2026-08-01,12,shared_cluster
C03477,D00577,2025-06-01,2026-08-01,8,shared_cluster
C07924,D00577,2025-06-01,2026-08-01,12,shared_cluster
C02109,D00577,2025-06-01,2026-08-01,48,shared_cluster
C09930,D00577,2025-06-01,2026-08-01,10,shared_cluster
C07511,D00577,2025-06-01,2026-08-01,7,shared_cluster
C03192,D03738,2025-06-01,2026-08-01,43,shared_cluster
C07801,D03738,2025-06-01,2026-08-01,5,shared_cluster
C07423,D03738,2025-06-01,2026-08-01,5,shared_cluster
C05999,D02598,2025-06-01,2026-08-01,28,shared_cluster
C01837,D02598,2025-06-01,2026-08-01,18,shared_cluster
C00320,D02598,2025-06-01,2026-08-01,45,shared_cluster
C02237,D02598,2025-06-01,2026-08-01,33,shared_cluster
C05449,D03112,2025-06-01,2026-08-01,8,shared_cluster
C05757,D03112,2025-06-01,2026-08-01,47,shared_cluster
C07955,D03112,2025-06-01,2026-08-01,41,shared_cluster
C09356,D00294,2025-06-01,2026-08-01,37,shared_cluster
C07077,D00294,2025-06-01,2026-08-01,47,shared_cluster
C01276,D00294,2025-06-01,2026-08-01,29,shared_cluster
C03968,D00294,2025-06-01,2026-08-01,48,shared_cluster
C07855,D00294,2025-06-01,2026-08-01,47,shared_cluster
C07867,D00451,2025-06-01,2026-08-01,12,shared_cluster
C00184,D00451,2025-06-01,2026-08-01,35,shared_cluster
C07748,D00451,2025-06-01,2026-08-01,13,shared_cluster
C01924,D00451,2025-06-01,2026-08-01,50,shared_cluster
C07888,D02754,2025-06-01,2026-08-01,43,shared_cluster
C09444,D02754,2025-06-01,2026-08-01,16,shared_cluster
C02498,D02754,2025-06-01,2026-08-01,39,shared_cluster
C00913,D02754,2025-06-01,2026-08-01,38,shared_cluster
C04106,D02754,2025-06-01,2026-08-01,18,shared_cluster
C05596,D03734,2025-06-01,2026-08-01,13,shared_cluster
C05107,D03734,2025-06-01,2026-08-01,13,shared_cluster
C05480,D03355,2025-06-01,2026-08-01,46,shared_cluster
C08990,D03355,2025-06-01,2026-08-01,42,shared_cluster
C03104,D03355,2025-06-01,2026-08-01,38,shared_cluster
C02805,D03355,2025-06-01,2026-08-01,20,shared_cluster
C04089,D03355,2025-06-01,2026-08-01,36,shared_cluster
C03392,D04104,2025-06-01,2026-08-01,23,shared_cluster
C07164,D04104,2025-06-01,2026-08-01,31,shared_cluster
C03670,D04104,2025-06-01,2026-08-01,9,shared_cluster
C06271,D04104,2025-06-01,2026-08-01,16,shared_cluster
C07664,D01639,2025-06-01,2026-08-01,15,shared_cluster
C03676,D01639,2025-06-01,2026-08-01,6,shared_cluster
C02297,D01639,2025-06-01,2026-08-01,34,shared_cluster
C05430,D01639,2025-06-01,2026-08-01,8,shared_cluster
C07180,D01639,2025-06-01,2026-08-01,33,shared_cluster
C03933,D01639,2025-06-01,2026-08-01,18,shared_cluster
C07718,D01662,2025-06-01,2026-08-01,9,shared_cluster
C02931,D01662,2025-06-01,2026-08-01,44,shared_cluster
C00490,D01662,2025-06-01,2026-08-01,36,shared_cluster
C04020,D01662,2025-06-01,2026-08-01,9,shared_cluster
C02169,D01662,2025-06-01,2026-08-01,35,shared_cluster
C08687,D02225,2025-06-01,2026-08-01,25,shared_cluster
C01043,D02225,2025-06-01,2026-08-01,50,shared_cluster
C06786,D02225,2025-06-01,2026-08-01,34,shared_cluster
C09090,D02225,2025-06-01,2026-08-01,30,shared_cluster
C04353,D02225,2025-06-01,2026-08-01,16,shared_cluster
C00746,D02225,2025-06-01,2026-08-01,37,shared_cluster
C09074,D01736,2025-06-01,2026-08-01,18,shared_cluster
C05478,D01736,2025-06-01,2026-08-01,33,shared_cluster
C03642,D01736,2025-06-01,2026-08-01,43,shared_cluster
C04363,D04804,2025-06-01,2026-08-01,29,shared_cluster
C03833,D04804,2025-06-01,2026-08-01,36,shared_cluster
C00697,D04804,2025-06-01,2026-08-01,28,shared_cluster
C09918,D04804,2025-06-01,2026-08-01,29,shared_cluster
C05764,D04804,2025-06-01,2026-08-01,30,shared_cluster
C08749,D04804,2025-06-01,2026-08-01,19,shared_cluster
C02122,D02791,2025-06-01,2026-08-01,49,shared_cluster
C08344,D02791,2025-06-01,2026-08-01,34,shared_cluster
C01663,D02791,2025-06-01,2026-08-01,30,shared_cluster
C06811,D02791,2025-06-01,2026-08-01,20,shared_cluster
C08433,D03747,2025-06-01,2026-08-01,33,shared_cluster
C06837,D03747,2025-06-01,2026-08-01,17,shared_cluster
C07987,D03747,2025-06-01,2026-08-01,17,shared_cluster
C03080,D03747,2025-06-01,2026-08-01,26,shared_cluster
C07237,D04506,2025-06-01,2026-08-01,21,shared_cluster
C08661,D04506,2025-06-01,2026-08-01,34,shared_cluster
C02812,D04506,2025-06-01,2026-08-01,14,shared_cluster
C02189,D04131,2025-06-01,2026-08-01,22,shared_cluster
C06371,D04131,2025-06-01,2026-08-01,6,shared_cluster
C03571,D03801,2025-06-01,2026-08-01,9,shared_cluster
C02480,D03801,2025-06-01,2026-08-01,38,shared_cluster
C05411,D03801,2025-06-01,2026-08-01,43,shared_cluster
C04272,D03801,2025-06-01,2026-08-01,9,shared_cluster
C01382,D04173,2025-06-01,2026-08-01,28,shared_cluster
C05075,D04173,2025-06-01,2026-08-01,44,shared_cluster
C02867,D04173,2025-06-01,2026-08-01,50,shared_cluster
C05390,D04001,2025-06-01,2026-08-01,44,shared_cluster
C07422,D04001,2025-06-01,2026-08-01,11,shared_cluster
C03539,D04001,2025-06-01,2026-08-01,5,shared_cluster
C02035,D04001,2025-06-01,2026-08-01,40,shared_cluster
C06545,D04001,2025-06-01,2026-08-01,48,shared_cluster
C03407,D03336,2025-06-01,2026-08-01,26,shared_cluster
C07743,D03336,2025-06-01,2026-08-01,31,shared_cluster
C01580,D03336,2025-06-01,2026-08-01,45,shared_cluster
C04612,D03336,2025-06-01,2026-08-01,39,shared_cluster
C01484,D03787,2025-06-01,2026-08-01,38,shared_cluster
C03890,D03787,2025-06-01,2026-08-01,29,shared_cluster
C03976,D03787,2025-06-01,2026-08-01,12,shared_cluster
C06768,D03787,2025-06-01,2026-08-01,26,shared_cluster
C01344,D03787,2025-06-01,2026-08-01,28,shared_cluster
C06715,D03335,2025-06-01,2026-08-01,28,shared_cluster
C04519,D03335,2025-06-01,2026-08-01,17,shared_cluster
C04498,D01014,2025-06-01,2026-08-01,25,shared_cluster
C00150,D01014,2025-06-01,2026-08-01,9,shared_cluster
C08339,D01014,2025-06-01,2026-08-01,20,shared_cluster
C07980,D01014,2025-06-01,2026-08-01,25,shared_cluster
C04530,D01014,2025-06-01,2026-08-01,48,shared_cluster
C04098,D01014,2025-06-01,2026-08-01,41,shared_cluster
C03990,D02094,2025-06-01,2026-08-01,15,shared_cluster
C08122,D02094,2025-06-01,2026-08-01,8,shared_cluster
C01057,D00714,2025-06-01,2026-08-01,34,shared_cluster
C02031,D00714,2025-06-01,2026-08-01,30,shared_cluster
C07279,D00714,2025-06-01,2026-08-01,31,shared_cluster
C07225,D00714,2025-06-01,2026-08-01,36,shared_cluster
C03253,D00714,2025-06-01,2026-08-01,43,shared_cluster
C06472,D00714,2025-06-01,2026-08-01,38,shared_cluster
C03572,D03517,2025-06-01,2026-08-01,49,shared_cluster
C02108,D03517,2025-06-01,2026-08-01,38,shared_cluster
C04245,D03517,2025-06-01,2026-08-01,44,shared_cluster
C09202,D04250,2025-06-01,2026-08-01,42,shared_cluster
C04546,D04250,2025-06-01,2026-08-01,31,shared_cluster
C04636,D04250,2025-06-01,2026-08-01,37,shared_cluster
C08220,D03670,2025-06-01,2026-08-01,21,shared_cluster
C08149,D03670,2025-06-01,2026-08-01,13,shared_cluster
C09411,D03670,2025-06-01,2026-08-01,36,shared_cluster
C03803,D03670,2025-06-01,2026-08-01,26,shared_cluster
C08289,D03670,2025-06-01,2026-08-01,40,shared_cluster
C05702,D03670,2025-06-01,2026-08-01,23,shared_cluster
C05565,D00599,2025-06-01,2026-08-01,48,shared_cluster
C04212,D00599,2025-06-01,2026-08-01,45,shared_cluster
C04073,D01237,2025-06-01,2026-08-01,29,shared_cluster
C05155,D01237,2025-06-01,2026-08-01,30,shared_cluster
C06489,D01237,2025-06-01,2026-08-01,45,shared_cluster
C07618,D01237,2025-06-01,2026-08-01,13,shared_cluster
C08984,D01237,2025-06-01,2026-08-01,17,shared_cluster
C00572,D04015,2025-06-01,2026-08-01,24,shared_cluster
C08562,D04015,2025-06-01,2026-08-01,22,shared_cluster
C06340,D04015,2025-06-01,2026-08-01,43,shared_cluster
C03246,D04015,2025-06-01,2026-08-01,30,shared_cluster
C07466,D04015,2025-06-01,2026-08-01,16,shared_cluster
C02004,D03173,2025-06-01,2026-08-01,13,shared_cluster
C06932,D03173,2025-06-01,2026-08-01,34,shared_cluster
C07848,D03173,2025-06-01,2026-08-01,39,shared_cluster
C09657,D03173,2025-06-01,2026-08-01,35,shared_cluster
C07829,D03173,2025-06-01,2026-08-01,29,shared_cluster
C01832,D03532,2025-06-01,2026-08-01,10,shared_cluster
C09445,D03532,2025-06-01,2026-08-01,38,shared_cluster
C09530,D03178,2025-06-01,2026-08-01,49,shared_cluster
C03954,D03178,2025-06-01,2026-08-01,35,shared_cluster
C08867,D03178,2025-06-01,2026-08-01,5,shared_cluster
C00718,D03178,2025-06-01,2026-08-01,27,shared_cluster
C04589,D03178,2025-06-01,2026-08-01,35,shared_cluster
C03497,D01418,2025-06-01,2026-08-01,6,shared_cluster
C01734,D01418,2025-06-01,2026-08-01,38,shared_cluster
C06521,D01418,2025-06-01,2026-08-01,12,shared_cluster
C06600,D04879,2025-06-01,2026-08-01,8,shared_cluster
C05094,D04879,2025-06-01,2026-08-01,42,shared_cluster
C04508,D04879,2025-06-01,2026-08-01,9,shared_cluster
C02893,D04879,2025-06-01,2026-08-01,18,shared_cluster
C09393,D04879,2025-06-01,2026-08-01,24,shared_cluster
C06288,D04879,2025-06-01,2026-08-01,17,shared_cluster
C09130,D04461,2025-06-01,2026-08-01,24,shared_cluster
C00523,D04461,2025-06-01,2026-08-01,14,shared_cluster
C09197,D04461,2025-06-01,2026-08-01,42,shared_cluster
C05542,D00008,2025-06-01,2026-08-01,31,shared_cluster
C09387,D00008,2025-06-01,2026-08-01,31,shared_cluster
C01992,D00008,2025-06-01,2026-08-01,24,shared_cluster
C05016,D00008,2025-06-01,2026-08-01,18,shared_cluster
C02973,D04510,2025-06-01,2026-08-01,11,shared_cluster
C07703,D04510,2025-06-01,2026-08-01,14,shared_cluster
C05029,D03079,2025-06-01,2026-08-01,12,shared_cluster
C01202,D03079,2025-06-01,2026-08-01,37,shared_cluster
C07866,D03079,2025-06-01,2026-08-01,45,shared_cluster
C03380,D03518,2025-06-01,2026-08-01,39,shared_cluster
C07499,D03518,2025-06-01,2026-08-01,25,shared_cluster
C02182,D03518,2025-06-01,2026-08-01,12,shared_cluster
C02984,D03518,2025-06-01,2026-08-01,38,shared_cluster
C02591,D00621,2025-06-01,2026-08-01,14,shared_cluster
C09336,D00621,2025-06-01,2026-08-01,10,shared_cluster
C06023,D00621,2025-06-01,2026-08-01,47,shared_cluster
C05099,D00621,2025-06-01,2026-08-01,30,shared_cluster
C06574,D04229,2025-06-01,2026-08-01,21,shared_cluster
C04923,D04229,2025-06-01,2026-08-01,14,shared_cluster
C03764,D04229,2025-06-01,2026-08-01,8,shared_cluster
C03838,D04229,2025-06-01,2026-08-01,5,shared_cluster
C01769,D04229,2025-06-01,2026-08-01,8,shared_cluster
C04335,D04229,2025-06-01,2026-08-01,43,shared_cluster
C01665,D00430,2025-06-01,2026-08-01,5,shared_cluster
C05816,D00430,2025-06-01,2026-08-01,42,shared_cluster
C09401,D00430,2025-06-01,2026-08-01,39,shared_cluster
C02736,D00430,2025-06-01,2026-08-01,33,shared_cluster
C07672,D00430,2025-06-01,2026-08-01,48,shared_cluster
C08471,D02431,2025-06-01,2026-08-01,48,shared_cluster
C02242,D02431,2025-06-01,2026-08-01,39,shared_cluster
C08095,D02431,2025-06-01,2026-08-01,29,shared_cluster
C08464,D03086,2025-06-01,2026-08-01,43,shared_cluster
C00374,D03086,2025-06-01,2026-08-01,33,shared_cluster
C01827,D03086,2025-06-01,2026-08-01,15,shared_cluster
C03151,D03680,2025-06-01,2026-08-01,39,shared_cluster
C03992,D03680,2025-06-01,2026-08-01,5,shared_cluster
C06428,D03680,2025-06-01,2026-08-01,44,shared_cluster
C08595,D03679,2025-06-01,2026-08-01,43,shared_cluster
C08537,D03679,2025-06-01,2026-08-01,28,shared_cluster
C03525,D03679,2025-06-01,2026-08-01,33,shared_cluster
C01540,D03679,2025-06-01,2026-08-01,38,shared_cluster
C04421,D02026,2025-06-01,2026-08-01,48,shared_cluster
C05551,D02026,2025-06-01,2026-08-01,12,shared_cluster
C01470,D02026,2025-06-01,2026-08-01,6,shared_cluster
C03498,D02026,2025-06-01,2026-08-01,11,shared_cluster
C00119,D02026,2025-06-01,2026-08-01,5,shared_cluster
C00540,D04392,2025-06-01,2026-08-01,20,shared_cluster
C04076,D04392,2025-06-01,2026-08-01,28,shared_cluster
C02268,D04070,2025-06-01,2026-08-01,20,shared_cluster
C04326,D04070,2025-06-01,2026-08-01,8,shared_cluster
C09040,D04070,2025-06-01,2026-08-01,21,shared_cluster
C03346,D04268,2025-06-01,2026-08-01,38,shared_cluster
C02910,D04268,2025-06-01,2026-08-01,21,shared_cluster
C07057,D04268,2025-06-01,2026-08-01,35,shared_cluster
C06128,D04268,2025-06-01,2026-08-01,31,shared_cluster
C07704,D03022,2025-06-01,2026-08-01,42,shared_cluster
C05281,D03022,2025-06-01,2026-08-01,36,shared_cluster
C07022,D03022,2025-06-01,2026-08-01,50,shared_cluster
C01606,D03022,2025-06-01,2026-08-01,17,shared_cluster
C01338,D03022,2025-06-01,2026-08-01,43,shared_cluster
C08013,D04945,2025-06-01,2026-08-01,35,shared_cluster
C00186,D04945,2025-06-01,2026-08-01,12,shared_cluster
C06486,D04945,2025-06-01,2026-08-01,30,shared_cluster
C02980,D04945,2025-06-01,2026-08-01,23,shared_cluster
C06745,D04945,2025-06-01,2026-08-01,36,shared_cluster
C06052,D00428,2025-06-01,2026-08-01,44,shared_cluster
C04939,D00428,2025-06-01,2026-08-01,44,shared_cluster
C08057,D00428,2025-06-01,2026-08-01,5,shared_cluster
C01181,D00428,2025-06-01,2026-08-01,44,shared_cluster
C00552,D00428,2025-06-01,2026-08-01,36,shared_cluster
C09170,D02089,2025-06-01,2026-08-01,23,shared_cluster
C07338,D02089,2025-06-01,2026-08-01,14,shared_cluster
C03734,D02089,2025-06-01,2026-08-01,49,shared_cluster
C08372,D02909,2025-06-01,2026-08-01,50,shared_cluster
C05920,D02909,2025-06-01,2026-08-01,14,shared_cluster
C00617,D02909,2025-06-01,2026-08-01,20,shared_cluster
C03842,D02909,2025-06-01,2026-08-01,28,shared_cluster
C02319,D02909,2025-06-01,2026-08-01,7,shared_cluster
C05236,D03137,2025-06-01,2026-08-01,15,shared_cluster
C00344,D03137,2025-06-01,2026-08-01,41,shared_cluster
C06498,D03137,2025-06-01,2026-08-01,12,shared_cluster
C00130,D03137,2025-06-01,2026-08-01,17,shared_cluster
C06349,D03137,2025-06-01,2026-08-01,45,shared_cluster
C08231,D00983,2025-06-01,2026-08-01,44,shared_cluster
C05182,D00983,2025-06-01,2026-08-01,19,shared_cluster
C04989,D00983,2025-06-01,2026-08-01,46,shared_cluster
C04473,D00983,2025-06-01,2026-08-01,48,shared_cluster
C06364,D00983,2025-06-01,2026-08-01,8,shared_cluster
C03111,D01646,2025-06-01,2026-08-01,16,shared_cluster
C07003,D01646,2025-06-01,2026-08-01,18,shared_cluster
C02133,D01646,2025-06-01,2026-08-01,42,shared_cluster
C06083,D01646,2025-06-01,2026-08-01,15,shared_cluster
C03979,D01646,2025-06-01,2026-08-01,50,shared_cluster
C09259,D01646,2025-06-01,2026-08-01,41,shared_cluster
C05931,D00252,2025-06-01,2026-08-01,9,shared_cluster
C06903,D00252,2025-06-01,2026-08-01,24,shared_cluster
C00151,D00252,2025-06-01,2026-08-01,41,shared_cluster
C04925,D00252,2025-06-01,2026-08-01,32,shared_cluster
C06142,D00252,2025-06-01,2026-08-01,34,shared_cluster
C04780,D03411,2025-06-01,2026-08-01,20,shared_cluster
C07837,D03411,2025-06-01,2026-08-01,18,shared_cluster
C09486,D00900,2025-06-01,2026-08-01,10,shared_cluster
C08411,D00900,2025-06-01,2026-08-01,7,shared_cluster
C02207,D00900,2025-06-01,2026-08-01,30,shared_cluster
C05841,D00900,2025-06-01,2026-08-01,6,shared_cluster
C04234,D00900,2025-06-01,2026-08-01,5,shared_cluster
C04474,D00900,2025-06-01,2026-08-01,42,shared_cluster
C09916,D03600,2025-06-01,2026-08-01,30,shared_cluster
C01027,D03600,2025-06-01,2026-08-01,14,shared_cluster
C08768,D03600,2025-06-01,2026-08-01,10,shared_cluster
C06139,D02681,2025-06-01,2026-08-01,28,shared_cluster
C06638,D02681,2025-06-01,2026-08-01,42,shared_cluster
C09388,D02681,2025-06-01,2026-08-01,46,shared_cluster
C08796,D04515,2025-06-01,2026-08-01,45,shared_cluster
C06791,D04515,2025-06-01,2026-08-01,22,shared_cluster
C00699,D04515,2025-06-01,2026-08-01,39,shared_cluster
C06994,D02255,2025-06-01,2026-08-01,7,shared_cluster
C01128,D02255,2025-06-01,2026-08-01,25,shared_cluster
C05194,D02255,2025-06-01,2026-08-01,38,shared_cluster
C03261,D02255,2025-06-01,2026-08-01,32,shared_cluster
C04223,D02255,2025-06-01,2026-08-01,50,shared_cluster
C09950,D02255,2025-06-01,2026-08-01,48,shared_cluster
C04410,D02121,2025-06-01,2026-08-01,42,shared_cluster
C00911,D02121,2025-06-01,2026-08-01,11,shared_cluster
C00316,D02121,2025-06-01,2026-08-01,46,shared_cluster
C07501,D02121,2025-06-01,2026-08-01,44,shared_cluster
C08809,D02121,2025-06-01,2026-08-01,25,shared_cluster
C05610,D02121,2025-06-01,2026-08-01,29,shared_cluster
C01224,D01330,2025-06-01,2026-08-01,20,shared_cluster
C00424,D01330,2025-06-01,2026-08-01,41,shared_cluster
C03375,D01330,2025-06-01,2026-08-01,17,shared_cluster
C03780,D01330,2025-06-01,2026-08-01,45,shared_cluster
C04732,D02281,2025-06-01,2026-08-01,37,shared_cluster
C02201,D02281,2025-06-01,2026-08-01,46,shared_cluster
C07222,D02281,2025-06-01,2026-08-01,31,shared_cluster
C06518,D01662,2025-06-01,2026-08-01,26,shared_cluster
C03908,D01662,2025-06-01,2026-08-01,11,shared_cluster
C03152,D01662,2025-06-01,2026-08-01,30,shared_cluster
C09754,D01662,2025-06-01,2026-08-01,7,shared_cluster
C08835,D04773,2025-06-01,2026-08-01,21,shared_cluster
C05015,D04773,2025-06-01,2026-08-01,39,shared_cluster
C08026,D04773,2025-06-01,2026-08-01,45,shared_cluster
C09176,D04773,2025-06-01,2026-08-01,30,shared_cluster
C01239,D04773,2025-06-01,2026-08-01,41,shared_cluster
C05078,D00736,2025-06-01,2026-08-01,12,shared_cluster
C01538,D00736,2025-06-01,2026-08-01,15,shared_cluster
C05502,D01376,2025-06-01,2026-08-01,44,shared_cluster
C02461,D01376,2025-06-01,2026-08-01,8,shared_cluster
C05574,D01376,2025-06-01,2026-08-01,32,shared_cluster
C03952,D01475,2025-06-01,2026-08-01,26,shared_cluster
C03257,D01475,2025-06-01,2026-08-01,49,shared_cluster
C06357,D01475,2025-06-01,2026-08-01,39,shared_cluster
C05247,D01475,2025-06-01,2026-08-01,16,shared_cluster
C04931,D01475,2025-06-01,2026-08-01,39,shared_cluster
C03075,D01475,2025-06-01,2026-08-01,16,shared_cluster
C03183,D03123,2025-06-01,2026-08-01,12,shared_cluster
C00207,D03123,2025-06-01,2026-08-01,11,shared_cluster
C06479,D03123,2025-06-01,2026-08-01,19,shared_cluster
C09442,D03123,2025-06-01,2026-08-01,27,shared_cluster
C03413,D03123,2025-06-01,2026-08-01,44,shared_cluster
C01325,D03123,2025-06-01,2026-08-01,12,shared_cluster
C05827,D00069,2025-06-01,2026-08-01,45,shared_cluster
C02707,D00069,2025-06-01,2026-08-01,30,shared_cluster
C01641,D00069,2025-06-01,2026-08-01,11,shared_cluster
C08737,D00069,2025-06-01,2026-08-01,17,shared_cluster
C02442,D00989,2025-06-01,2026-08-01,30,shared_cluster
C08476,D00989,2025-06-01,2026-08-01,27,shared_cluster
C08169,D02759,2025-06-01,2026-08-01,36,shared_cluster
C08018,D02759,2025-06-01,2026-08-01,5,shared_cluster
C07213,D02759,2025-06-01,2026-08-01,25,shared_cluster
C04855,D02759,2025-06-01,2026-08-01,42,shared_cluster
C06636,D00776,2025-06-01,2026-08-01,23,shared_cluster
C03783,D00776,2025-06-01,2026-08-01,49,shared_cluster
C01246,D00776,2025-06-01,2026-08-01,40,shared_cluster
C09489,D00776,2025-06-01,2026-08-01,15,shared_cluster
C02875,D01949,2025-06-01,2026-08-01,49,shared_cluster
C07348,D01949,2025-06-01,2026-08-01,43,shared_cluster
C06735,D04527,2025-06-01,2026-08-01,15,shared_cluster
C08453,D04527,2025-06-01,2026-08-01,44,shared_cluster
C01060,D04527,2025-06-01,2026-08-01,38,shared_cluster
C03196,D04527,2025-06-01,2026-08-01,21,shared_cluster
C06493,D00420,2025-06-01,2026-08-01,34,shared_cluster
C09145,D00420,2025-06-01,2026-08-01,40,shared_cluster
C01859,D02913,2025-06-01,2026-08-01,17,shared_cluster
C09911,D02913,2025-06-01,2026-08-01,26,shared_cluster
C05185,D01522,2025-06-01,2026-08-01,5,shared_cluster
C03066,D01522,2025-06-01,2026-08-01,11,shared_cluster
C00408,D01522,2025-06-01,2026-08-01,31,shared_cluster
C05472,D01522,2025-06-01,2026-08-01,42,shared_cluster
C08696,D01522,2025-06-01,2026-08-01,19,shared_cluster
C08007,D03575,2025-06-01,2026-08-01,43,shared_cluster
C08390,D03575,2025-06-01,2026-08-01,48,shared_cluster
C04973,D03575,2025-06-01,2026-08-01,20,shared_cluster
C04025,D02240,2025-06-01,2026-08-01,17,shared_cluster
C06002,D02240,2025-06-01,2026-08-01,46,shared_cluster
C02029,D02240,2025-06-01,2026-08-01,32,shared_cluster
C01577,D02240,2025-06-01,2026-08-01,11,shared_cluster
C07531,D02240,2025-06-01,2026-08-01,25,shared_cluster
C06243,D02240,2025-06-01,2026-08-01,41,shared_cluster
C03412,D00200,2025-06-01,2026-08-01,7,shared_cluster
C07309,D00200,2025-06-01,2026-08-01,34,shared_cluster
C09277,D04937,2025-06-01,2026-08-01,16,shared_cluster
C03068,D04937,2025-06-01,2026-08-01,32,shared_cluster
C00092,D04937,2025-06-01,2026-08-01,32,shared_cluster
C00170,D04937,2025-06-01,2026-08-01,46,shared_cluster
C01253,D04937,2025-06-01,2026-08-01,46,shared_cluster
C09480,D04937,2025-06-01,2026-08-01,50,shared_cluster
C04045,D01131,2025-06-01,2026-08-01,47,shared_cluster
C05087,D01131,2025-06-01,2026-08-01,35,shared_cluster
C08493,D01131,2025-06-01,2026-08-01,9,shared_cluster
C01930,D01131,2025-06-01,2026-08-01,31,shared_cluster
C06107,D01131,2025-06-01,2026-08-01,13,shared_cluster
C08248,D01131,2025-06-01,2026-08-01,47,shared_cluster
C05419,D00935,2025-06-01,2026-08-01,25,shared_cluster
C02575,D00935,2025-06-01,2026-08-01,29,shared_cluster
C02656,D00935,2025-06-01,2026-08-01,14,shared_cluster
C02152,D00935,2025-06-01,2026-08-01,29,shared_cluster
C07255,D00935,2025-06-01,2026-08-01,32,shared_cluster
C02658,D00935,2025-06-01,2026-08-01,27,shared_cluster
C01376,D04092,2025-06-01,2026-08-01,35,shared_cluster
C02569,D04092,2025-06-01,2026-08-01,39,shared_cluster
C09223,D04092,2025-06-01,2026-08-01,11,shared_cluster
C04946,D04092,2025-06-01,2026-08-01,29,shared_cluster
C04322,D04092,2025-06-01,2026-08-01,28,shared_cluster
C02908,D04092,2025-06-01,2026-08-01,34,shared_cluster
C08913,D01384,2025-06-01,2026-08-01,23,shared_cluster
C00747,D01384,2025-06-01,2026-08-01,28,shared_cluster
C03743,D01384,2025-06-01,2026-08-01,37,shared_cluster
C08212,D01384,2025-06-01,2026-08-01,6,shared_cluster
C08157,D01384,2025-06-01,2026-08-01,14,shared_cluster
C01974,D03141,2025-06-01,2026-08-01,37,shared_cluster
C03829,D03141,2025-06-01,2026-08-01,46,shared_cluster
C00042,D00903,2025-06-01,2026-08-01,13,shared_cluster
C03135,D00903,2025-06-01,2026-08-01,22,shared_cluster
C08208,D00903,2025-06-01,2026-08-01,7,shared_cluster
C00631,D00903,2025-06-01,2026-08-01,45,shared_cluster
C00859,D00903,2025-06-01,2026-08-01,13,shared_cluster
C01204,D00903,2025-06-01,2026-08-01,48,shared_cluster
C04965,D03433,2025-06-01,2026-08-01,11,shared_cluster
C00089,D03433,2025-06-01,2026-08-01,7,shared_cluster
C06719,D02211,2025-06-01,2026-08-01,10,shared_cluster
C02608,D02211,2025-06-01,2026-08-01,42,shared_cluster
C00929,D02676,2025-06-01,2026-08-01,48,shared_cluster
C06663,D02676,2025-06-01,2026-08-01,16,shared_cluster
C07548,D00262,2025-06-01,2026-08-01,17,shared_cluster
C08447,D00262,2025-06-01,2026-08-01,34,shared_cluster
C00891,D00262,2025-06-01,2026-08-01,8,shared_cluster
C01636,D00262,2025-06-01,2026-08-01,14,shared_cluster
C00836,D00262,2025-06-01,2026-08-01,31,shared_cluster
C08553,D04167,2025-06-01,2026-08-01,30,shared_cluster
C05418,D04167,2025-06-01,2026-08-01,41,shared_cluster
C05765,D04167,2025-06-01,2026-08-01,48,shared_cluster
C09817,D04167,2025-06-01,2026-08-01,11,shared_cluster
C00240,D00481,2025-06-01,2026-08-01,43,shared_cluster
C00294,D00481,2025-06-01,2026-08-01,12,shared_cluster
C02741,D00481,2025-06-01,2026-08-01,28,shared_cluster
C04139,D00481,2025-06-01,2026-08-01,36,shared_cluster
C00059,D00481,2025-06-01,2026-08-01,15,shared_cluster
C02132,D02879,2025-06-01,2026-08-01,29,shared_cluster
C08590,D02879,2025-06-01,2026-08-01,26,shared_cluster
C04737,D00890,2025-06-01,2026-08-01,15,shared_cluster
C03187,D00890,2025-06-01,2026-08-01,47,shared_cluster
C00027,D04743,2025-06-01,2026-08-01,45,shared_cluster
C09063,D04743,2025-06-01,2026-08-01,11,shared_cluster
C07794,D04743,2025-06-01,2026-08-01,49,shared_cluster
C08881,D04743,2025-06-01,2026-08-01,18,shared_cluster
C05981,D04743,2025-06-01,2026-08-01,32,shared_cluster
C09958,D04743,2025-06-01,2026-08-01,27,shared_cluster
C01244,D01534,2025-06-01,2026-08-01,48,shared_cluster
C06026,D01534,2025-06-01,2026-08-01,49,shared_cluster
C09512,D01534,2025-06-01,2026-08-01,15,shared_cluster
C06982,D01534,2025-06-01,2026-08-01,21,shared_cluster
C03610,D01184,2025-06-01,2026-08-01,18,shared_cluster
C06369,D01184,2025-06-01,2026-08-01,41,shared_cluster
C05152,D01184,2025-06-01,2026-08-01,24,shared_cluster
C07610,D01184,2025-06-01,2026-08-01,18,shared_cluster
C00096,D02836,2025-06-01,2026-08-01,26,shared_cluster
C03167,D02836,2025-06-01,2026-08-01,32,shared_cluster
C09726,D02836,2025-06-01,2026-08-01,46,shared_cluster
C00483,D02836,2025-06-01,2026-08-01,39,shared_cluster
C01028,D01613,2025-06-01,2026-08-01,46,shared_cluster
C06028,D01613,2025-06-01,2026-08-01,21,shared_cluster
C08874,D01613,2025-06-01,2026-08-01,50,shared_cluster
C00116,D01726,2025-06-01,2026-08-01,6,shared_cluster
C06524,D01726,2025-06-01,2026-08-01,7,shared_cluster
C03209,D01726,2025-06-01,2026-08-01,30,shared_cluster
C08573,D02477,2025-06-01,2026-08-01,50,shared_cluster
C02165,D02477,2025-06-01,2026-08-01,27,shared_cluster
C06764,D02477,2025-06-01,2026-08-01,50,shared_cluster
C06187,D02712,2025-06-01,2026-08-01,39,shared_cluster
C01786,D02712,2025-06-01,2026-08-01,29,shared_cluster
C01642,D02712,2025-06-01,2026-08-01,9,shared_cluster
C06482,D00136,2025-06-01,2026-08-01,26,shared_cluster
C09318,D00136,2025-06-01,2026-08-01,37,shared_cluster
C01664,D00136,2025-06-01,2026-08-01,21,shared_cluster
C02642,D01957,2025-06-01,2026-08-01,19,shared_cluster
C04943,D01957,2025-06-01,2026-08-01,26,shared_cluster
C04211,D03462,2025-06-01,2026-08-01,40,shared_cluster
C07567,D03462,2025-06-01,2026-08-01,46,shared_cluster
C05708,D03462,2025-06-01,2026-08-01,48,shared_cluster
C01097,D03462,2025-06-01,2026-08-01,12,shared_cluster
C04722,D03462,2025-06-01,2026-08-01,24,shared_cluster
C08824,D03962,2025-06-01,2026-08-01,44,shared_cluster
C09307,D03962,2025-06-01,2026-08-01,9,shared_cluster
C07719,D03962,2025-06-01,2026-08-01,48,shared_cluster
C00545,D03962,2025-06-01,2026-08-01,37,shared_cluster
C05715,D04068,2025-06-01,2026-08-01,38,shared_cluster
C07445,D04068,2025-06-01,2026-08-01,45,shared_cluster
C00114,D04068,2025-06-01,2026-08-01,14,shared_cluster
C04070,D04068,2025-06-01,2026-08-01,23,shared_cluster
C09239,D04957,2025-06-01,2026-08-01,18,shared_cluster
C06502,D04957,2025-06-01,2026-08-01,32,shared_cluster
C04785,D00992,2025-06-01,2026-08-01,50,shared_cluster
C01785,D00992,2025-06-01,2026-08-01,36,shared_cluster
C02819,D00110,2025-06-01,2026-08-01,27,shared_cluster
C06590,D00110,2025-06-01,2026-08-01,49,shared_cluster
C08853,D00110,2025-06-01,2026-08-01,48,shared_cluster
C07275,D00110,2025-06-01,2026-08-01,40,shared_cluster
C00936,D00110,2025-06-01,2026-08-01,7,shared_cluster
C05861,D00110,2025-06-01,2026-08-01,7,shared_cluster
C09326,D03120,2025-06-01,2026-08-01,29,shared_cluster
C03688,D03120,2025-06-01,2026-08-01,31,shared_cluster
C00872,D03120,2025-06-01,2026-08-01,15,shared_cluster
C02296,D03120,2025-06-01,2026-08-01,15,shared_cluster
C07035,D03120,2025-06-01,2026-08-01,36,shared_cluster
C00783,D02782,2025-06-01,2026-08-01,36,shared_cluster
C01440,D02782,2025-06-01,2026-08-01,10,shared_cluster
C02525,D02782,2025-06-01,2026-08-01,49,shared_cluster
C01292,D02782,2025-06-01,2026-08-01,14,shared_cluster
C07064,D01567,2025-06-01,2026-08-01,11,shared_cluster
C01963,D01567,2025-06-01,2026-08-01,5,shared_cluster
C00619,D01567,2025-06-01,2026-08-01,15,shared_cluster
C08831,D01567,2025-06-01,2026-08-01,8,shared_cluster
C00554,D04198,2025-06-01,2026-08-01,46,shared_cluster
C04143,D04198,2025-06-01,2026-08-01,36,shared_cluster
C07230,D04198,2025-06-01,2026-08-01,24,shared_cluster
C04390,D04198,2025-06-01,2026-08-01,20,shared_cluster
C09826,D04198,2025-06-01,2026-08-01,50,shared_cluster
C03307,D00323,2025-06-01,2026-08-01,13,shared_cluster
C07925,D00323,2025-06-01,2026-08-01,10,shared_cluster
C00331,D00323,2025-06-01,2026-08-01,8,shared_cluster
C06597,D00323,2025-06-01,2026-08-01,26,shared_cluster
C04086,D00323,2025-06-01,2026-08-01,32,shared_cluster
C04857,D00376,2025-06-01,2026-08-01,44,shared_cluster
C05063,D00376,2025-06-01,2026-08-01,50,shared_cluster
C01090,D00376,2025-06-01,2026-08-01,7,shared_cluster
C05204,D00376,2025-06-01,2026-08-01,12,shared_cluster
C02055,D00376,2025-06-01,2026-08-01,33,shared_cluster
C08179,D00376,2025-06-01,2026-08-01,11,shared_cluster
C09006,D00685,2025-06-01,2026-08-01,30,shared_cluster
C05728,D00685,2025-06-01,2026-08-01,22,shared_cluster
C03924,D00685,2025-06-01,2026-08-01,28,shared_cluster
C02421,D00685,2025-06-01,2026-08-01,22,shared_cluster
C04821,D00685,2025-06-01,2026-08-01,23,shared_cluster
C05231,D03939,2025-06-01,2026-08-01,12,shared_cluster
C02308,D03939,2025-06-01,2026-08-01,11,shared_cluster
C04907,D03939,2025-06-01,2026-08-01,50,shared_cluster
C07679,D00180,2025-06-01,2026-08-01,16,shared_cluster
C04633,D00180,2025-06-01,2026-08-01,26,shared_cluster
C03752,D00180,2025-06-01,2026-08-01,9,shared_cluster
C04792,D00180,2025-06-01,2026-08-01,33,shared_cluster
C08797,D00180,2025-06-01,2026-08-01,18,shared_cluster
C00402,D01994,2025-06-01,2026-08-01,50,shared_cluster
C04674,D01994,2025-06-01,2026-08-01,38,shared_cluster
C05111,D01994,2025-06-01,2026-08-01,46,shared_cluster
C00515,D03237,2025-06-01,2026-08-01,22,shared_cluster
C05824,D03237,2025-06-01,2026-08-01,10,shared_cluster
C02841,D02357,2025-06-01,2026-08-01,46,shared_cluster
C01504,D02357,2025-06-01,2026-08-01,36,shared_cluster
C00415,D02357,2025-06-01,2026-08-01,28,shared_cluster
C01983,D02357,2025-06-01,2026-08-01,6,shared_cluster
C03911,D02357,2025-06-01,2026-08-01,47,shared_cluster
C02058,D02357,2025-06-01,2026-08-01,16,shared_cluster
C06552,D03380,2025-06-01,2026-08-01,14,shared_cluster
C03207,D03380,2025-06-01,2026-08-01,35,shared_cluster
C07002,D03380,2025-06-01,2026-08-01,39,shared_cluster
C07714,D00106,2025-06-01,2026-08-01,19,shared_cluster
C03015,D00106,2025-06-01,2026-08-01,47,shared_cluster
C04922,D00106,2025-06-01,2026-08-01,11,shared_cluster
C04496,D03547,2025-06-01,2026-08-01,12,shared_cluster
C02099,D03547,2025-06-01,2026-08-01,29,shared_cluster
C01547,D03547,2025-06-01,2026-08-01,41,shared_cluster
C05413,D01936,2025-06-01,2026-08-01,26,shared_cluster
C00434,D01936,2025-06-01,2026-08-01,14,shared_cluster
C02697,D01936,2025-06-01,2026-08-01,20,shared_cluster
C06873,D01936,2025-06-01,2026-08-01,28,shared_cluster
C06450,D01936,2025-06-01,2026-08-01,50,shared_cluster
C04804,D04988,2025-06-01,2026-08-01,43,shared_cluster
C07117,D04988,2025-06-01,2026-08-01,50,shared_cluster
C09350,D04988,2025-06-01,2026-08-01,17,shared_cluster
C07791,D04988,2025-06-01,2026-08-01,41,shared_cluster
C01328,D04988,2025-06-01,2026-08-01,15,shared_cluster
C00039,D04240,2025-06-01,2026-08-01,46,shared_cluster
C05209,D04240,2025-06-01,2026-08-01,15,shared_cluster
C07744,D04240,2025-06-01,2026-08-01,8,shared_cluster
C04455,D01511,2025-06-01,2026-08-01,42,shared_cluster
C03453,D01511,2025-06-01,2026-08-01,8,shared_cluster
C05671,D01511,2025-06-01,2026-08-01,19,shared_cluster
C04056,D00134,2025-06-01,2026-08-01,15,shared_cluster
C03038,D00134,2025-06-01,2026-08-01,22,shared_cluster
C04337,D00666,2025-06-01,2026-08-01,8,shared_cluster
C06309,D00666,2025-06-01,2026-08-01,6,shared_cluster
C01061,D00666,2025-06-01,2026-08-01,33,shared_cluster
C02270,D00666,2025-06-01,2026-08-01,15,shared_cluster
C06311,D04658,2025-06-01,2026-08-01,48,shared_cluster
C06836,D04658,2025-06-01,2026-08-01,47,shared_cluster
C06346,D04658,2025-06-01,2026-08-01,11,shared_cluster
C04165,D00093,2025-06-01,2026-08-01,13,shared_cluster
C00833,D00093,2025-06-01,2026-08-01,11,shared_cluster
C01946,D00093,2025-06-01,2026-08-01,38,shared_cluster
C01757,D00093,2025-06-01,2026-08-01,33,shared_cluster
C03320,D02884,2025-06-01,2026-08-01,40,shared_cluster
C04399,D02884,2025-06-01,2026-08-01,50,shared_cluster
C06318,D02884,2025-06-01,2026-08-01,25,shared_cluster
C00630,D02884,2025-06-01,2026-08-01,23,shared_cluster
C05979,D02884,2025-06-01,2026-08-01,46,shared_cluster
C02748,D04656,2025-06-01,2026-08-01,16,shared_cluster
C03427,D04656,2025-06-01,2026-08-01,35,shared_cluster
C09215,D04656,2025-06-01,2026-08-01,5,shared_cluster
C03138,D04656,2025-06-01,2026-08-01,16,shared_cluster
C03536,D04656,2025-06-01,2026-08-01,6,shared_cluster
C06588,D04656,2025-06-01,2026-08-01,42,shared_cluster
C00349,D02908,2025-06-01,2026-08-01,24,shared_cluster
C07621,D02908,2025-06-01,2026-08-01,25,shared_cluster
C02821,D02908,2025-06-01,2026-08-01,26,shared_cluster
C06743,D02908,2025-06-01,2026-08-01,34,shared_cluster
C04626,D03619,2025-06-01,2026-08-01,21,shared_cluster
C07873,D03619,2025-06-01,2026-08-01,49,shared_cluster
C00662,D01821,2025-06-01,2026-08-01,32,shared_cluster
C03234,D01821,2025-06-01,2026-08-01,17,shared_cluster
C05527,D04595,2025-06-01,2026-08-01,44,shared_cluster
C04886,D04595,2025-06-01,2026-08-01,41,shared_cluster
C00169,D04595,2025-06-01,2026-08-01,6,shared_cluster
C04585,D01366,2025-06-01,2026-08-01,23,shared_cluster
C02379,D01366,2025-06-01,2026-08-01,20,shared_cluster
C01490,D01366,2025-06-01,2026-08-01,19,shared_cluster
C06906,D02396,2025-06-01,2026-08-01,12,shared_cluster
C09815,D02396,2025-06-01,2026-08-01,48,shared_cluster
C02236,D02396,2025-06-01,2026-08-01,32,shared_cluster
C01776,D02396,2025-06-01,2026-08-01,40,shared_cluster
C04291,D02396,2025-06-01,2026-08-01,14,shared_cluster
C08619,D02396,2025-06-01,2026-08-01,6,shared_cluster
C00388,D00765,2025-06-01,2026-08-01,34,shared_cluster
C04658,D00765,2025-06-01,2026-08-01,33,shared_cluster
C07608,D00765,2025-06-01,2026-08-01,38,shared_cluster
C09722,D00503,2025-06-01,2026-08-01,28,shared_cluster
C05205,D00503,2025-06-01,2026-08-01,15,shared_cluster
C08175,D01357,2025-06-01,2026-08-01,33,shared_cluster
C04150,D01357,2025-06-01,2026-08-01,26,shared_cluster
C08770,D01357,2025-06-01,2026-08-01,20,shared_cluster
C07733,D01357,2025-06-01,2026-08-01,13,shared_cluster
C02433,D00012,2025-06-01,2026-08-01,7,shared_cluster
C05469,D00012,2025-06-01,2026-08-01,30,shared_cluster
C07708,D00012,2025-06-01,2026-08-01,46,shared_cluster
C07053,D00012,2025-06-01,2026-08-01,11,shared_cluster
C02370,D00012,2025-06-01,2026-08-01,17,shared_cluster
C00450,D04885,2025-06-01,2026-08-01,24,shared_cluster
C06466,D04885,2025-06-01,2026-08-01,12,shared_cluster
C06226,D04885,2025-06-01,2026-08-01,43,shared_cluster
C07731,D02771,2025-06-01,2026-08-01,15,shared_cluster
C00369,D02771,2025-06-01,2026-08-01,50,shared_cluster
C06737,D02771,2025-06-01,2026-08-01,34,shared_cluster
C01723,D02771,2025-06-01,2026-08-01,11,shared_cluster
C07058,D02771,2025-06-01,2026-08-01,17,shared_cluster
C06824,D02771,2025-06-01,2026-08-01,19,shared_cluster
C02964,D00217,2025-06-01,2026-08-01,41,shared_cluster
C09069,D00217,2025-06-01,2026-08-01,34,shared_cluster
C03951,D00217,2025-06-01,2026-08-01,47,shared_cluster
C07008,D02913,2025-06-01,2026-08-01,21,shared_cluster
C06223,D02913,2025-06-01,2026-08-01,26,shared_cluster
C02768,D02913,2025-06-01,2026-08-01,7,shared_cluster
C04152,D02913,2025-06-01,2026-08-01,15,shared_cluster
C04118,D02913,2025-06-01,2026-08-01,12,shared_cluster
C06728,D01411,2025-06-01,2026-08-01,23,shared_cluster
C05023,D01411,2025-06-01,2026-08-01,28,shared_cluster
C02075,D04867,2025-06-01,2026-08-01,20,shared_cluster
C00705,D04867,2025-06-01,2026-08-01,11,shared_cluster
C05778,D04867,2025-06-01,2026-08-01,10,shared_cluster
C00795,D04867,2025-06-01,2026-08-01,28,shared_cluster
C07692,D04867,2025-06-01,2026-08-01,41,shared_cluster
C05723,D03542,2025-06-01,2026-08-01,35,shared_cluster
C02936,D03542,2025-06-01,2026-08-01,24,shared_cluster
C01630,D03542,2025-06-01,2026-08-01,44,shared_cluster
C03788,D03542,2025-06-01,2026-08-01,35,shared_cluster
C01245,D03542,2025-06-01,2026-08-01,40,shared_cluster
C03233,D03542,2025-06-01,2026-08-01,45,shared_cluster
C00768,D01826,2025-06-01,2026-08-01,32,shared_cluster
C06461,D01826,2025-06-01,2026-08-01,49,shared_cluster
C04624,D01826,2025-06-01,2026-08-01,45,shared_cluster
C07908,D01981,2025-06-01,2026-08-01,31,shared_cluster
C07166,D01981,2025-06-01,2026-08-01,23,shared_cluster
C02598,D01981,2025-06-01,2026-08-01,17,shared_cluster
C01908,D01981,2025-06-01,2026-08-01,44,shared_cluster
C03616,D02472,2025-06-01,2026-08-01,11,shared_cluster
C07716,D02472,2025-06-01,2026-08-01,18,shared_cluster
C02021,D02472,2025-06-01,2026-08-01,16,shared_cluster
C05712,D02472,2025-06-01,2026-08-01,30,shared_cluster
C06950,D00058,2025-06-01,2026-08-01,9,shared_cluster
C07642,D00058,2025-06-01,2026-08-01,23,shared_cluster
C09671,D00058,2025-06-01,2026-08-01,28,shared_cluster
C06338,D03439,2025-06-01,2026-08-01,26,shared_cluster
C02008,D03439,2025-06-01,2026-08-01,8,shared_cluster
C07312,D03439,2025-06-01,2026-08-01,43,shared_cluster
C01306,D03439,2025-06-01,2026-08-01,15,shared_cluster
C08581,D01936,2025-06-01,2026-08-01,25,shared_cluster
C05826,D01936,2025-06-01,2026-08-01,22,shared_cluster
C01041,D01936,2025-06-01,2026-08-01,5,shared_cluster
C03159,D01936,2025-06-01,2026-08-01,38,shared_cluster
C07162,D01936,2025-06-01,2026-08-01,19,shared_cluster
C09583,D04016,2025-06-01,2026-08-01,24,shared_cluster
C05489,D04016,2025-06-01,2026-08-01,27,shared_cluster
C04567,D04016,2025-06-01,2026-08-01,9,shared_cluster
C01980,D04016,2025-06-01,2026-08-01,14,shared_cluster
C05781,D04016,2025-06-01,2026-08-01,41,shared_cluster
C07470,D04016,2025-06-01,2026-08-01,11,shared_cluster
C05356,D02665,2025-06-01,2026-08-01,46,shared_cluster
C09211,D02665,2025-06-01,2026-08-01,44,shared_cluster
C02105,D02665,2025-06-01,2026-08-01,25,shared_cluster
C00446,D04975,2025-06-01,2026-08-01,39,shared_cluster
C00188,D04975,2025-06-01,2026-08-01,45,shared_cluster
C04837,D04975,2025-06-01,2026-08-01,35,shared_cluster
C08422,D02120,2025-06-01,2026-08-01,7,shared_cluster
C06696,D02120,2025-06-01,2026-08-01,43,shared_cluster
C01926,D02120,2025-06-01,2026-08-01,26,shared_cluster
C08420,D02120,2025-06-01,2026-08-01,16,shared_cluster
C09500,D02120,2025-06-01,2026-08-01,32,shared_cluster
C08893,D01897,2025-06-01,2026-08-01,18,shared_cluster
C03575,D01897,2025-06-01,2026-08-01,29,shared_cluster
C08631,D01199,2025-06-01,2026-08-01,46,shared_cluster
C07304,D01199,2025-06-01,2026-08-01,16,shared_cluster
C05000,D01199,2025-06-01,2026-08-01,33,shared_cluster
C01764,D01199,2025-06-01,2026-08-01,22,shared_cluster
C03944,D02970,2025-06-01,2026-08-01,16,shared_cluster
C04309,D02970,2025-06-01,2026-08-01,13,shared_cluster
C02551,D02970,2025-06-01,2026-08-01,25,shared_cluster
C09714,D02970,2025-06-01,2026-08-01,40,shared_cluster
C05144,D02970,2025-06-01,2026-08-01,25,shared_cluster
C07543,D02534,2025-06-01,2026-08-01,18,shared_cluster
C07416,D02534,2025-06-01,2026-08-01,41,shared_cluster
C08714,D00238,2025-06-01,2026-08-01,31,shared_cluster
C01721,D00238,2025-06-01,2026-08-01,20,shared_cluster
C07084,D00238,2025-06-01,2026-08-01,26,shared_cluster
C00319,D00238,2025-06-01,2026-08-01,6,shared_cluster
C08733,D04327,2025-06-01,2026-08-01,14,shared_cluster
C01531,D04327,2025-06-01,2026-08-01,42,shared_cluster
C04243,D04327,2025-06-01,2026-08-01,41,shared_cluster
C06985,D04327,2025-06-01,2026-08-01,38,shared_cluster
C00672,D04327,2025-06-01,2026-08-01,18,shared_cluster
C00842,D04327,2025-06-01,2026-08-01,48,shared_cluster
C08238,D02529,2025-06-01,2026-08-01,47,shared_cluster
C00920,D02529,2025-06-01,2026-08-01,26,shared_cluster
C07727,D02529,2025-06-01,2026-08-01,26,shared_cluster
C03877,D02529,2025-06-01,2026-08-01,35,shared_cluster
C09648,D02529,2025-06-01,2026-08-01,5,shared_cluster
C05950,D02529,2025-06-01,2026-08-01,45,shared_cluster
C03350,D01656,2025-06-01,2026-08-01,38,shared_cluster
C03810,D01656,2025-06-01,2026-08-01,47,shared_cluster
C01568,D01656,2025-06-01,2026-08-01,33,shared_cluster
C02301,D04802,2025-06-01,2026-08-01,21,shared_cluster
C03021,D04802,2025-06-01,2026-08-01,33,shared_cluster
C07151,D04802,2025-06-01,2026-08-01,31,shared_cluster
C09498,D04802,2025-06-01,2026-08-01,25,shared_cluster
C08869,D04802,2025-06-01,2026-08-01,13,shared_cluster
C08256,D04802,2025-06-01,2026-08-01,38,shared_cluster
C06240,D02310,2025-06-01,2026-08-01,30,shared_cluster
C08445,D02310,2025-06-01,2026-08-01,40,shared_cluster
C04751,D02310,2025-06-01,2026-08-01,18,shared_cluster
C09231,D02310,2025-06-01,2026-08-01,48,shared_cluster
C03811,D02310,2025-06-01,2026-08-01,39,shared_cluster
C06284,D02310,2025-06-01,2026-08-01,21,shared_cluster
C09829,D04149,2025-06-01,2026-08-01,17,shared_cluster
C01497,D04149,2025-06-01,2026-08-01,15,shared_cluster
C09229,D04149,2025-06-01,2026-08-01,22,shared_cluster
C07520,D04149,2025-06-01,2026-08-01,35,shared_cluster
C08655,D04149,2025-06-01,2026-08-01,46,shared_cluster
C07683,D04149,2025-06-01,2026-08-01,32,shared_cluster
C05639,D04111,2025-06-01,2026-08-01,10,shared_cluster
C01234,D04111,2025-06-01,2026-08-01,9,shared_cluster
C08131,D04111,2025-06-01,2026-08-01,24,shared_cluster
C09743,D02750,2025-06-01,2026-08-01,19,shared_cluster
C09751,D02750,2025-06-01,2026-08-01,21,shared_cluster
C07600,D02750,2025-06-01,2026-08-01,19,shared_cluster
C09734,D02750,2025-06-01,2026-08-01,37,shared_cluster
C01612,D02750,2025-06-01,2026-08-01,19,shared_cluster
C01037,D02750,2025-06-01,2026-08-01,20,shared_cluster
C02665,D00419,2025-06-01,2026-08-01,28,shared_cluster
C02102,D00419,2025-06-01,2026-08-01,6,shared_cluster
C06667,D00419,2025-06-01,2026-08-01,31,shared_cluster
C04663,D03311,2025-06-01,2026-08-01,38,shared_cluster
C03787,D03311,2025-06-01,2026-08-01,41,shared_cluster
C06708,D00762,2025-06-01,2026-08-01,35,shared_cluster
C01982,D00762,2025-06-01,2026-08-01,48,shared_cluster
C05822,D00762,2025-06-01,2026-08-01,46,shared_cluster
C09521,D00762,2025-06-01,2026-08-01,22,shared_cluster
C02654,D03321,2025-06-01,2026-08-01,23,shared_cluster
C03109,D03321,2025-06-01,2026-08-01,48,shared_cluster
C00720,D03321,2025-06-01,2026-08-01,21,shared_cluster
C06150,D03321,2025-06-01,2026-08-01,32,shared_cluster
C06533,D03321,2025-06-01,2026-08-01,40,shared_cluster
C00484,D03321,2025-06-01,2026-08-01,47,shared_cluster
C00602,D00259,2025-06-01,2026-08-01,34,shared_cluster
C05351,D00259,2025-06-01,2026-08-01,12,shared_cluster
C06286,D00259,2025-06-01,2026-08-01,33,shared_cluster
C05460,D00259,2025-06-01,2026-08-01,22,shared_cluster
C02486,D00259,2025-06-01,2026-08-01,43,shared_cluster
C09345,D04242,2025-06-01,2026-08-01,5,shared_cluster
C07041,D04242,2025-06-01,2026-08-01,44,shared_cluster
C04978,D03008,2025-06-01,2026-08-01,47,shared_cluster
C04429,D03008,2025-06-01,2026-08-01,25,shared_cluster
C02491,D03008,2025-06-01,2026-08-01,25,shared_cluster
C00586,D04486,2025-06-01,2026-08-01,15,shared_cluster
C02765,D04486,2025-06-01,2026-08-01,44,shared_cluster
C07050,D04486,2025-06-01,2026-08-01,39,shared_cluster
C09540,D04486,2025-06-01,2026-08-01,5,shared_cluster
C03758,D04486,2025-06-01,2026-08-01,33,shared_cluster
C09421,D04486,2025-06-01,2026-08-01,10,shared_cluster
C06625,D01899,2025-06-01,2026-08-01,36,shared_cluster
C02804,D01899,2025-06-01,2026-08-01,44,shared_cluster
C05512,D01899,2025-06-01,2026-08-01,32,shared_cluster
C02856,D02172,2025-06-01,2026-08-01,50,shared_cluster
C05349,D02172,2025-06-01,2026-08-01,28,shared_cluster
C04813,D02172,2025-06-01,2026-08-01,18,shared_cluster
C07981,D02172,2025-06-01,2026-08-01,16,shared_cluster
C02896,D02172,2025-06-01,2026-08-01,9,shared_cluster
C05457,D02172,2025-06-01,2026-08-01,33,shared_cluster
C08271,D03374,2025-06-01,2026-08-01,45,shared_cluster
C00726,D03374,2025-06-01,2026-08-01,5,shared_cluster
C00127,D03487,2025-06-01,2026-08-01,42,shared_cluster
C05275,D03487,2025-06-01,2026-08-01,12,shared_cluster
C08145,D02806,2025-06-01,2026-08-01,11,shared_cluster
C05186,D02806,2025-06-01,2026-08-01,36,shared_cluster
C04063,D02806,2025-06-01,2026-08-01,35,shared_cluster
C05180,D03147,2025-06-01,2026-08-01,46,shared_cluster
C07139,D03147,2025-06-01,2026-08-01,39,shared_cluster
C03884,D03147,2025-06-01,2026-08-01,31,shared_cluster
C03706,D02353,2025-06-01,2026-08-01,47,shared_cluster
C01212,D02353,2025-06-01,2026-08-01,23,shared_cluster
C00576,D02353,2025-06-01,2026-08-01,43,shared_cluster
C06135,D02353,2025-06-01,2026-08-01,49,shared_cluster
C09405,D02733,2025-06-01,2026-08-01,50,shared_cluster
C07490,D02733,2025-06-01,2026-08-01,30,shared_cluster
C09761,D02733,2025-06-01,2026-08-01,24,shared_cluster
C00400,D02733,2025-06-01,2026-08-01,29,shared_cluster
C07643,D02733,2025-06-01,2026-08-01,25,shared_cluster
C06714,D02990,2025-06-01,2026-08-01,38,shared_cluster
C05666,D02990,2025-06-01,2026-08-01,47,shared_cluster
C01978,D01052,2025-06-01,2026-08-01,37,shared_cluster
C04867,D01052,2025-06-01,2026-08-01,44,shared_cluster
C05096,D01052,2025-06-01,2026-08-01,24,shared_cluster
C08091,D01052,2025-06-01,2026-08-01,43,shared_cluster
C02938,D01052,2025-06-01,2026-08-01,14,shared_cluster
C06968,D00689,2025-06-01,2026-08-01,9,shared_cluster
C04945,D00689,2025-06-01,2026-08-01,48,shared_cluster
C04773,D00689,2025-06-01,2026-08-01,24,shared_cluster
C03003,D00689,2025-06-01,2026-08-01,36,shared_cluster
C07271,D02299,2025-06-01,2026-08-01,28,shared_cluster
C06422,D02299,2025-06-01,2026-08-01,39,shared_cluster
C05084,D02299,2025-06-01,2026-08-01,25,shared_cluster
C07038,D02299,2025-06-01,2026-08-01,33,shared_cluster
C00476,D02299,2025-06-01,2026-08-01,8,shared_cluster
C04435,D03731,2025-06-01,2026-08-01,21,shared_cluster
C02342,D03731,2025-06-01,2026-08-01,6,shared_cluster
C01012,D03731,2025-06-01,2026-08-01,41,shared_cluster
C02752,D03731,2025-06-01,2026-08-01,43,shared_cluster
C03007,D00352,2025-06-01,2026-08-01,47,shared_cluster
C05032,D00352,2025-06-01,2026-08-01,15,shared_cluster
C06704,D00352,2025-06-01,2026-08-01,30,shared_cluster
C09762,D00352,2025-06-01,2026-08-01,22,shared_cluster
C04992,D00352,2025-06-01,2026-08-01,45,shared_cluster
C00431,D02175,2025-06-01,2026-08-01,18,shared_cluster
C08193,D02175,2025-06-01,2026-08-01,30,shared_cluster
C06473,D02175,2025-06-01,2026-08-01,44,shared_cluster
C08241,D02175,2025-06-01,2026-08-01,46,shared_cluster
C04582,D02175,2025-06-01,2026-08-01,7,shared_cluster
C02949,D02175,2025-06-01,2026-08-01,13,shared_cluster
C00664,D03685,2025-06-01,2026-08-01,50,shared_cluster
C07941,D03685,2025-06-01,2026-08-01,28,shared_cluster
C06227,D03289,2025-06-01,2026-08-01,38,shared_cluster
C03602,D03289,2025-06-01,2026-08-01,25,shared_cluster
C07726,D03289,2025-06-01,2026-08-01,26,shared_cluster
C00133,D02351,2025-06-01,2026-08-01,16,shared_cluster
C05400,D02351,2025-06-01,2026-08-01,27,shared_cluster
C07604,D02351,2025-06-01,2026-08-01,9,shared_cluster
C09456,D02351,2025-06-01,2026-08-01,31,shared_cluster
C07535,D02351,2025-06-01,2026-08-01,12,shared_cluster
C08382,D02351,2025-06-01,2026-08-01,14,shared_cluster
