customer_id,instrument_id,first_used,last_used,source
C00001,P04036,2025-01-01,2026-08-01,baseline
C00002,P02616,2025-01-01,2026-08-01,baseline
C00003,P08250,2025-01-01,2026-08-01,baseline
C00004,P01402,2025-01-01,2026-08-01,baseline
C00005,P08781,2025-01-01,2026-08-01,baseline
C00006,P01802,2025-01-01,2026-08-01,baseline
C00007,P04770,2025-01-01,2026-08-01,baseline
C00008,P05634,2025-01-01,2026-08-01,baseline
C00009,P09967,2025-01-01,2026-08-01,baseline
C00010,P03526,2025-01-01,2026-08-01,baseline
C00011,P03993,2025-01-01,2026-08-01,baseline
C00012,P08868,2025-01-01,2026-08-01,baseline
C00013,P07781,2025-01-01,2026-08-01,baseline
C00014,P03683,2025-01-01,2026-08-01,baseline
C00015,P00728,2025-01-01,2026-08-01,baseline
C00016,P04774,2025-01-01,2026-08-01,baseline
C00017,P03995,2025-01-01,2026-08-01,baseline
C00018,P09218,2025-01-01,2026-08-01,baseline
C00019,P05774,2025-01-01,2026-08-01,baseline
C00020,P09694,2025-01-01,2026-08-01,baseline
C00021,P00390,2025-01-01,2026-08-01,baseline
C00022,P00898,2025-01-01,2026-08-01,baseline
C00023,P02149,2025-01-01,2026-08-01,baseline
C00024,P05479,2025-01-01,2026-08-01,baseline
C00025,P00975,2025-01-01,2026-08-01,baseline
C00026,P05797,2025-01-01,2026-08-01,baseline
C00027,P03114,2025-01-01,2026-08-01,baseline
C00028,P00353,2025-01-01,2026-08-01,baseline
C00029,P06841,2025-01-01,2026-08-01,baseline
C00030,P02335,2025-01-01,2026-08-01,baseline
C00031,P03518,2025-01-01,2026-08-01,baseline
C00032,P05518,2025-01-01,2026-08-01,baseline
C00033,P01827,2025-01-01,2026-08-01,baseline
C00034,P09388,2025-01-01,2026-08-01,baseline
C00035,P05191,2025-01-01,2026-08-01,baseline
C00036,P02454,2025-01-01,2026-08-01,baseline
C00037,P06181,2025-01-01,2026-08-01,baseline
C00038,P00531,2025-01-01,2026-08-01,baseline
C00039,P02548,2025-01-01,2026-08-01,baseline
C00040,P08593,2025-01-01,2026-08-01,baseline
C00041,P00123,2025-01-01,2026-08-01,baseline
C00042,P02101,2025-01-01,2026-08-01,baseline
C00043,P01079,2025-01-01,2026-08-01,baseline
C00044,P09238,2025-01-01,2026-08-01,baseline
C00045,P06426,2025-01-01,2026-08-01,baseline
C00046,P04869,2025-01-01,2026-08-01,baseline
C00047,P04764,2025-01-01,2026-08-01,baseline
C00048,P00272,2025-01-01,2026-08-01,baseline
C00049,P03584,2025-01-01,2026-08-01,baseline
C00050,P06191,2025-01-01,2026-08-01,baseline
C00051,P05833,2025-01-01,2026-08-01,baseline
C00052,P02240,2025-01-01,2026-08-01,baseline
C00053,P02511,2025-01-01,2026-08-01,baseline
C00054,P09334,2025-01-01,2026-08-01,baseline
C00055,P05845,2025-01-01,2026-08-01,baseline
C00056,P09295,2025-01-01,2026-08-01,baseline
C00057,P09307,2025-01-01,2026-08-01,baseline
C00058,P05288,2025-01-01,2026-08-01,baseline
C00059,P00805,2025-01-01,2026-08-01,baseline
C00060,P04933,2025-01-01,2026-08-01,baseline
C00061,P02401,2025-01-01,2026-08-01,baseline
C00062,P04928,2025-01-01,2026-08-01,baseline
C00063,P08222,2025-01-01,2026-08-01,baseline
C00064,P07005,2025-01-01,2026-08-01,baseline
C00065,P01770,2025-01-01,2026-08-01,baseline
C00066,P00942,2025-01-01,2026-08-01,baseline
C00067,P04415,2025-01-01,2026-08-01,baseline
C00068,P00208,2025-01-01,2026-08-01,baseline
C00069,P01498,2025-01-01,2026-08-01,baseline
C00070,P02505,2025-01-01,2026-08-01,baseline
C00071,P01883,2025-01-01,2026-08-01,baseline
C00072,P07078,2025-01-01,2026-08-01,baseline
C00073,P05194,2025-01-01,2026-08-01,baseline
C00074,P06732,2025-01-01,2026-08-01,baseline
C00075,P02578,2025-01-01,2026-08-01,baseline
C00076,P04935,2025-01-01,2026-08-01,baseline
C00077,P07383,2025-01-01,2026-08-01,baseline
C00078,P05023,2025-01-01,2026-08-01,baseline
C00079,P08391,2025-01-01,2026-08-01,baseline
C00080,P05188,2025-01-01,2026-08-01,baseline
C00081,P03951,2025-01-01,2026-08-01,baseline
C00082,P07640,2025-01-01,2026-08-01,baseline
C00083,P01926,2025-01-01,2026-08-01,baseline
C00084,P05229,2025-01-01,2026-08-01,baseline
C00085,P08147,2025-01-01,2026-08-01,baseline
C00086,P02600,2025-01-01,2026-08-01,baseline
C00087,P00021,2025-01-01,2026-08-01,baseline
C00088,P03498,2025-01-01,2026-08-01,baseline
C00089,P00182,2025-01-01,2026-08-01,baseline
C00090,P05277,2025-01-01,2026-08-01,baseline
C00091,P02898,2025-01-01,2026-08-01,baseline
C00092,P01789,2025-01-01,2026-08-01,baseline
C00093,P00555,2025-01-01,2026-08-01,baseline
C00094,P07987,2025-01-01,2026-08-01,baseline
C00095,P09383,2025-01-01,2026-08-01,baseline
C00096,P08373,2025-01-01,2026-08-01,baseline
C00097,P00245,2025-01-01,2026-08-01,baseline
C00098,P08366,2025-01-01,2026-08-01,baseline
C00099,P07063,2025-01-01,2026-08-01,baseline
C00100,P00418,2025-01-01,2026-08-01,baseline
C00101,P01804,2025-01-01,2026-08-01,baseline
C00102,P00833,2025-01-01,2026-08-01,baseline
C00103,P03812,2025-01-01,2026-08-01,baseline
C00104,P09326,2025-01-01,2026-08-01,baseline
C00105,P00584,2025-01-01,2026-08-01,baseline
C00106,P02430,2025-01-01,2026-08-01,baseline
C00107,P03302,2025-01-01,2026-08-01,baseline
C00108,P05919,2025-01-01,2026-08-01,baseline
C00109,P06760,2025-01-01,2026-08-01,baseline
C00110,P08239,2025-01-01,2026-08-01,baseline
C00111,P08716,2025-01-01,2026-08-01,baseline
C00112,P03839,2025-01-01,2026-08-01,baseline
C00113,P06171,2025-01-01,2026-08-01,baseline
C00114,P00928,2025-01-01,2026-08-01,baseline
C00115,P03526,2025-01-01,2026-08-01,baseline
C00116,P09515,2025-01-01,2026-08-01,baseline
C00117,P06519,2025-01-01,2026-08-01,baseline
C00118,P00126,2025-01-01,2026-08-01,baseline
C00119,P08079,2025-01-01,2026-08-01,baseline
C00120,P01192,2025-01-01,2026-08-01,baseline
C00121,P08522,2025-01-01,2026-08-01,baseline
C00122,P03071,2025-01-01,2026-08-01,baseline
C00123,P01184,2025-01-01,2026-08-01,baseline
C00124,P02670,2025-01-01,2026-08-01,baseline
C00125,P09971,2025-01-01,2026-08-01,baseline
C00126,P01385,2025-01-01,2026-08-01,baseline
C00127,P00471,2025-01-01,2026-08-01,baseline
C00128,P08619,2025-01-01,2026-08-01,baseline
C00129,P07587,2025-01-01,2026-08-01,baseline
C00130,P09679,2025-01-01,2026-08-01,baseline
C00131,P08132,2025-01-01,2026-08-01,baseline
C00132,P09192,2025-01-01,2026-08-01,baseline
C00133,P07158,2025-01-01,2026-08-01,baseline
C00134,P01315,2025-01-01,2026-08-01,baseline
C00135,P04635,2025-01-01,2026-08-01,baseline
C00136,P01776,2025-01-01,2026-08-01,baseline
C00137,P05898,2025-01-01,2026-08-01,baseline
C00138,P03512,2025-01-01,2026-08-01,baseline
C00139,P09831,2025-01-01,2026-08-01,baseline
C00140,P04801,2025-01-01,2026-08-01,baseline
C00141,P03534,2025-01-01,2026-08-01,baseline
C00142,P01908,2025-01-01,2026-08-01,baseline
C00143,P01554,2025-01-01,2026-08-01,baseline
C00144,P05998,2025-01-01,2026-08-01,baseline
C00145,P04469,2025-01-01,2026-08-01,baseline
C00146,P07331,2025-01-01,2026-08-01,baseline
C00147,P02721,2025-01-01,2026-08-01,baseline
C00148,P00572,2025-01-01,2026-08-01,baseline
C00149,P04991,2025-01-01,2026-08-01,baseline
C00150,P03239,2025-01-01,2026-08-01,baseline
C00151,P04337,2025-01-01,2026-08-01,baseline
C00152,P02345,2025-01-01,2026-08-01,baseline
C00153,P00908,2025-01-01,2026-08-01,baseline
C00154,P07075,2025-01-01,2026-08-01,baseline
C00155,P04585,2025-01-01,2026-08-01,baseline
C00156,P02914,2025-01-01,2026-08-01,baseline
C00157,P03897,2025-01-01,2026-08-01,baseline
C00158,P06919,2025-01-01,2026-08-01,baseline
C00159,P02509,2025-01-01,2026-08-01,baseline
C00160,P07388,2025-01-01,2026-08-01,baseline
C00161,P09540,2025-01-01,2026-08-01,baseline
C00162,P03672,2025-01-01,2026-08-01,baseline
C00163,P00534,2025-01-01,2026-08-01,baseline
C00164,P05715,2025-01-01,2026-08-01,baseline
C00165,P03577,2025-01-01,2026-08-01,baseline
C00166,P03023,2025-01-01,2026-08-01,baseline
C00167,P07211,2025-01-01,2026-08-01,baseline
C00168,P05753,2025-01-01,2026-08-01,baseline
C00169,P02479,2025-01-01,2026-08-01,baseline
C00170,P01427,2025-01-01,2026-08-01,baseline
C00171,P04850,2025-01-01,2026-08-01,baseline
C00172,P03909,2025-01-01,2026-08-01,baseline
C00173,P05380,2025-01-01,2026-08-01,baseline
C00174,P01435,2025-01-01,2026-08-01,baseline
C00175,P07907,2025-01-01,2026-08-01,baseline
C00176,P00431,2025-01-01,2026-08-01,baseline
C00177,P00472,2025-01-01,2026-08-01,baseline
C00178,P08773,2025-01-01,2026-08-01,baseline
C00179,P08763,2025-01-01,2026-08-01,baseline
C00180,P03750,2025-01-01,2026-08-01,baseline
C00181,P07204,2025-01-01,2026-08-01,baseline
C00182,P01739,2025-01-01,2026-08-01,baseline
C00183,P03106,2025-01-01,2026-08-01,baseline
C00184,P09069,2025-01-01,2026-08-01,baseline
C00185,P09708,2025-01-01,2026-08-01,baseline
C00186,P04762,2025-01-01,2026-08-01,baseline
C00187,P04148,2025-01-01,2026-08-01,baseline
C00188,P05197,2025-01-01,2026-08-01,baseline
C00189,P02508,2025-01-01,2026-08-01,baseline
C00190,P07987,2025-01-01,2026-08-01,baseline
C00191,P06534,2025-01-01,2026-08-01,baseline
C00192,P07382,2025-01-01,2026-08-01,baseline
C00193,P00820,2025-01-01,2026-08-01,baseline
C00194,P01960,2025-01-01,2026-08-01,baseline
C00195,P00680,2025-01-01,2026-08-01,baseline
C00196,P01344,2025-01-01,2026-08-01,baseline
C00197,P01663,2025-01-01,2026-08-01,baseline
C00198,P04916,2025-01-01,2026-08-01,baseline
C00199,P08134,2025-01-01,2026-08-01,baseline
C00200,P03772,2025-01-01,2026-08-01,baseline
C00201,P08363,2025-01-01,2026-08-01,baseline
C00202,P02223,2025-01-01,2026-08-01,baseline
C00203,P00062,2025-01-01,2026-08-01,baseline
C00204,P08186,2025-01-01,2026-08-01,baseline
C00205,P07915,2025-01-01,2026-08-01,baseline
C00206,P06820,2025-01-01,2026-08-01,baseline
C00207,P06930,2025-01-01,2026-08-01,baseline
C00208,P05170,2025-01-01,2026-08-01,baseline
C00209,P00849,2025-01-01,2026-08-01,baseline
C00210,P01833,2025-01-01,2026-08-01,baseline
C00211,P08123,2025-01-01,2026-08-01,baseline
C00212,P04198,2025-01-01,2026-08-01,baseline
C00213,P06304,2025-01-01,2026-08-01,baseline
C00214,P04367,2025-01-01,2026-08-01,baseline
C00215,P09002,2025-01-01,2026-08-01,baseline
C00216,P04702,2025-01-01,2026-08-01,baseline
C00217,P02232,2025-01-01,2026-08-01,baseline
C00218,P00955,2025-01-01,2026-08-01,baseline
C00219,P08309,2025-01-01,2026-08-01,baseline
C00220,P04775,2025-01-01,2026-08-01,baseline
C00221,P08226,2025-01-01,2026-08-01,baseline
C00222,P04800,2025-01-01,2026-08-01,baseline
C00223,P02821,2025-01-01,2026-08-01,baseline
C00224,P02909,2025-01-01,2026-08-01,baseline
C00225,P06908,2025-01-01,2026-08-01,baseline
C00226,P01780,2025-01-01,2026-08-01,baseline
C00227,P02818,2025-01-01,2026-08-01,baseline
C00228,P01505,2025-01-01,2026-08-01,baseline
C00229,P03487,2025-01-01,2026-08-01,baseline
C00230,P01289,2025-01-01,2026-08-01,baseline
C00231,P08829,2025-01-01,2026-08-01,baseline
C00232,P06757,2025-01-01,2026-08-01,baseline
C00233,P00392,2025-01-01,2026-08-01,baseline
C00234,P04887,2025-01-01,2026-08-01,baseline
C00235,P05586,2025-01-01,2026-08-01,baseline
C00236,P08055,2025-01-01,2026-08-01,baseline
C00237,P00022,2025-01-01,2026-08-01,baseline
C00238,P06170,2025-01-01,2026-08-01,baseline
C00239,P03008,2025-01-01,2026-08-01,baseline
C00240,P04960,2025-01-01,2026-08-01,baseline
C00241,P02995,2025-01-01,2026-08-01,baseline
C00242,P03028,2025-01-01,2026-08-01,baseline
C00243,P07775,2025-01-01,2026-08-01,baseline
C00244,P05438,2025-01-01,2026-08-01,baseline
C00245,P01345,2025-01-01,2026-08-01,baseline
C00246,P02982,2025-01-01,2026-08-01,baseline
C00247,P05366,2025-01-01,2026-08-01,baseline
C00248,P01924,2025-01-01,2026-08-01,baseline
C00249,P01615,2025-01-01,2026-08-01,baseline
C00250,P00171,2025-01-01,2026-08-01,baseline
C00251,P08217,2025-01-01,2026-08-01,baseline
C00252,P02539,2025-01-01,2026-08-01,baseline
C00253,P05685,2025-01-01,2026-08-01,baseline
C00254,P01914,2025-01-01,2026-08-01,baseline
C00255,P06153,2025-01-01,2026-08-01,baseline
C00256,P06131,2025-01-01,2026-08-01,baseline
C00257,P03951,2025-01-01,2026-08-01,baseline
C00258,P00402,2025-01-01,2026-08-01,baseline
C00259,P01851,2025-01-01,2026-08-01,baseline
C00260,P09072,2025-01-01,2026-08-01,baseline
C00261,P02548,2025-01-01,2026-08-01,baseline
C00262,P08842,2025-01-01,2026-08-01,baseline
C00263,P03182,2025-01-01,2026-08-01,baseline
C00264,P02622,2025-01-01,2026-08-01,baseline
C00265,P08464,2025-01-01,2026-08-01,baseline
C00266,P09790,2025-01-01,2026-08-01,baseline
C00267,P09151,2025-01-01,2026-08-01,baseline
C00268,P05047,2025-01-01,2026-08-01,baseline
C00269,P07380,2025-01-01,2026-08-01,baseline
C00270,P01160,2025-01-01,2026-08-01,baseline
C00271,P08557,2025-01-01,2026-08-01,baseline
C00272,P05356,2025-01-01,2026-08-01,baseline
C00273,P01670,2025-01-01,2026-08-01,baseline
C00274,P07021,2025-01-01,2026-08-01,baseline
C00275,P07741,2025-01-01,2026-08-01,baseline
C00276,P00111,2025-01-01,2026-08-01,baseline
C00277,P04404,2025-01-01,2026-08-01,baseline
C00278,P09118,2025-01-01,2026-08-01,baseline
C00279,P06133,2025-01-01,2026-08-01,baseline
C00280,P09522,2025-01-01,2026-08-01,baseline
C00281,P04002,2025-01-01,2026-08-01,baseline
C00282,P01515,2025-01-01,2026-08-01,baseline
C00283,P08962,2025-01-01,2026-08-01,baseline
C00284,P08320,2025-01-01,2026-08-01,baseline
C00285,P04429,2025-01-01,2026-08-01,baseline
C00286,P04426,2025-01-01,2026-08-01,baseline
C00287,P02420,2025-01-01,2026-08-01,baseline
C00288,P07420,2025-01-01,2026-08-01,baseline
C00289,P00398,2025-01-01,2026-08-01,baseline
C00290,P07489,2025-01-01,2026-08-01,baseline
C00291,P00008,2025-01-01,2026-08-01,baseline
C00292,P06176,2025-01-01,2026-08-01,baseline
C00293,P08647,2025-01-01,2026-08-01,baseline
C00294,P08878,2025-01-01,2026-08-01,baseline
C00295,P03866,2025-01-01,2026-08-01,baseline
C00296,P08339,2025-01-01,2026-08-01,baseline
C00297,P07374,2025-01-01,2026-08-01,baseline
C00298,P04434,2025-01-01,2026-08-01,baseline
C00299,P01875,2025-01-01,2026-08-01,baseline
C00300,P02702,2025-01-01,2026-08-01,baseline
C00301,P01817,2025-01-01,2026-08-01,baseline
C00302,P08606,2025-01-01,2026-08-01,baseline
C00303,P05342,2025-01-01,2026-08-01,baseline
C00304,P05221,2025-01-01,2026-08-01,baseline
C00305,P01340,2025-01-01,2026-08-01,baseline
C00306,P05975,2025-01-01,2026-08-01,baseline
C00307,P06925,2025-01-01,2026-08-01,baseline
C00308,P04052,2025-01-01,2026-08-01,baseline
C00309,P07750,2025-01-01,2026-08-01,baseline
C00310,P04136,2025-01-01,2026-08-01,baseline
C00311,P06884,2025-01-01,2026-08-01,baseline
C00312,P01660,2025-01-01,2026-08-01,baseline
C00313,P00426,2025-01-01,2026-08-01,baseline
C00314,P00850,2025-01-01,2026-08-01,baseline
C00315,P03222,2025-01-01,2026-08-01,baseline
C00316,P02024,2025-01-01,2026-08-01,baseline
C00317,P06213,2025-01-01,2026-08-01,baseline
C00318,P10000,2025-01-01,2026-08-01,baseline
C00319,P05558,2025-01-01,2026-08-01,baseline
C00320,P03549,2025-01-01,2026-08-01,baseline
C00321,P07041,2025-01-01,2026-08-01,baseline
C00322,P06243,2025-01-01,2026-08-01,baseline
C00323,P05650,2025-01-01,2026-08-01,baseline
C00324,P02952,2025-01-01,2026-08-01,baseline
C00325,P00660,2025-01-01,2026-08-01,baseline
C00326,P06481,2025-01-01,2026-08-01,baseline
C00327,P03060,2025-01-01,2026-08-01,baseline
C00328,P04502,2025-01-01,2026-08-01,baseline
C00329,P08099,2025-01-01,2026-08-01,baseline
C00330,P08312,2025-01-01,2026-08-01,baseline
C00331,P07173,2025-01-01,2026-08-01,baseline
C00332,P04574,2025-01-01,2026-08-01,baseline
C00333,P00253,2025-01-01,2026-08-01,baseline
C00334,P07540,2025-01-01,2026-08-01,baseline
C00335,P07721,2025-01-01,2026-08-01,baseline
C00336,P05743,2025-01-01,2026-08-01,baseline
C00337,P04232,2025-01-01,2026-08-01,baseline
C00338,P05130,2025-01-01,2026-08-01,baseline
C00339,P03782,2025-01-01,2026-08-01,baseline
C00340,P08724,2025-01-01,2026-08-01,baseline
C00341,P09303,2025-01-01,2026-08-01,baseline
C00342,P06661,2025-01-01,2026-08-01,baseline
C00343,P00083,2025-01-01,2026-08-01,baseline
C00344,P00243,2025-01-01,2026-08-01,baseline
C00345,P04497,2025-01-01,2026-08-01,baseline
C00346,P03300,2025-01-01,2026-08-01,baseline
C00347,P06125,2025-01-01,2026-08-01,baseline
C00348,P06864,2025-01-01,2026-08-01,baseline
C00349,P04329,2025-01-01,2026-08-01,baseline
C00350,P03797,2025-01-01,2026-08-01,baseline
C00351,P02505,2025-01-01,2026-08-01,baseline
C00352,P04712,2025-01-01,2026-08-01,baseline
C00353,P00384,2025-01-01,2026-08-01,baseline
C00354,P05581,2025-01-01,2026-08-01,baseline
C00355,P06830,2025-01-01,2026-08-01,baseline
C00356,P07825,2025-01-01,2026-08-01,baseline
C00357,P09784,2025-01-01,2026-08-01,baseline
C00358,P09975,2025-01-01,2026-08-01,baseline
C00359,P04308,2025-01-01,2026-08-01,baseline
C00360,P09984,2025-01-01,2026-08-01,baseline
C00361,P02090,2025-01-01,2026-08-01,baseline
C00362,P06501,2025-01-01,2026-08-01,baseline
C00363,P03568,2025-01-01,2026-08-01,baseline
C00364,P08577,2025-01-01,2026-08-01,baseline
C00365,P07513,2025-01-01,2026-08-01,baseline
C00366,P05541,2025-01-01,2026-08-01,baseline
C00367,P05325,2025-01-01,2026-08-01,baseline
C00368,P08492,2025-01-01,2026-08-01,baseline
C00369,P03422,2025-01-01,2026-08-01,baseline
C00370,P07094,2025-01-01,2026-08-01,baseline
C00371,P03718,2025-01-01,2026-08-01,baseline
C00372,P01766,2025-01-01,2026-08-01,baseline
C00373,P08627,2025-01-01,2026-08-01,baseline
C00374,P04453,2025-01-01,2026-08-01,baseline
C00375,P06415,2025-01-01,2026-08-01,baseline
C00376,P09922,2025-01-01,2026-08-01,baseline
C00377,P06469,2025-01-01,2026-08-01,baseline
C00378,P07956,2025-01-01,2026-08-01,baseline
C00379,P04228,2025-01-01,2026-08-01,baseline
C00380,P05549,2025-01-01,2026-08-01,baseline
C00381,P01606,2025-01-01,2026-08-01,baseline
C00382,P02964,2025-01-01,2026-08-01,baseline
C00383,P02193,2025-01-01,2026-08-01,baseline
C00384,P05758,2025-01-01,2026-08-01,baseline
C00385,P03928,2025-01-01,2026-08-01,baseline
C00386,P07053,2025-01-01,2026-08-01,baseline
C00387,P09685,2025-01-01,2026-08-01,baseline
C00388,P01843,2025-01-01,2026-08-01,baseline
C00389,P03054,2025-01-01,2026-08-01,baseline
C00390,P02675,2025-01-01,2026-08-01,baseline
C00391,P01624,2025-01-01,2026-08-01,baseline
C00392,P02625,2025-01-01,2026-08-01,baseline
C00393,P05230,2025-01-01,2026-08-01,baseline
C00394,P03425,2025-01-01,2026-08-01,baseline
C00395,P04259,2025-01-01,2026-08-01,baseline
C00396,P04100,2025-01-01,2026-08-01,baseline
C00397,P04729,2025-01-01,2026-08-01,baseline
C00398,P04000,2025-01-01,2026-08-01,baseline
C00399,P01655,2025-01-01,2026-08-01,baseline
C00400,P01916,2025-01-01,2026-08-01,baseline
C00401,P08664,2025-01-01,2026-08-01,baseline
C00402,P06871,2025-01-01,2026-08-01,baseline
C00403,P03804,2025-01-01,2026-08-01,baseline
C00404,P06081,2025-01-01,2026-08-01,baseline
C00405,P00597,2025-01-01,2026-08-01,baseline
C00406,P07584,2025-01-01,2026-08-01,baseline
C00407,P09263,2025-01-01,2026-08-01,baseline
C00408,P03067,2025-01-01,2026-08-01,baseline
C00409,P01870,2025-01-01,2026-08-01,baseline
C00410,P03716,2025-01-01,2026-08-01,baseline
C00411,P06701,2025-01-01,2026-08-01,baseline
C00412,P06859,2025-01-01,2026-08-01,baseline
C00413,P09502,2025-01-01,2026-08-01,baseline
C00414,P01073,2025-01-01,2026-08-01,baseline
C00415,P05043,2025-01-01,2026-08-01,baseline
C00416,P04706,2025-01-01,2026-08-01,baseline
C00417,P04034,2025-01-01,2026-08-01,baseline
C00418,P02549,2025-01-01,2026-08-01,baseline
C00419,P06644,2025-01-01,2026-08-01,baseline
C00420,P03558,2025-01-01,2026-08-01,baseline
C00421,P08123,2025-01-01,2026-08-01,baseline
C00422,P08634,2025-01-01,2026-08-01,baseline
C00423,P02173,2025-01-01,2026-08-01,baseline
C00424,P09026,2025-01-01,2026-08-01,baseline
C00425,P01169,2025-01-01,2026-08-01,baseline
C00426,P00889,2025-01-01,2026-08-01,baseline
C00427,P09524,2025-01-01,2026-08-01,baseline
C00428,P07490,2025-01-01,2026-08-01,baseline
C00429,P09156,2025-01-01,2026-08-01,baseline
C00430,P04750,2025-01-01,2026-08-01,baseline
C00431,P08389,2025-01-01,2026-08-01,baseline
C00432,P03668,2025-01-01,2026-08-01,baseline
C00433,P09767,2025-01-01,2026-08-01,baseline
C00434,P04931,2025-01-01,2026-08-01,baseline
C00435,P05396,2025-01-01,2026-08-01,baseline
C00436,P00489,2025-01-01,2026-08-01,baseline
C00437,P03375,2025-01-01,2026-08-01,baseline
C00438,P01988,2025-01-01,2026-08-01,baseline
C00439,P08854,2025-01-01,2026-08-01,baseline
C00440,P04250,2025-01-01,2026-08-01,baseline
C00441,P01459,2025-01-01,2026-08-01,baseline
C00442,P09625,2025-01-01,2026-08-01,baseline
C00443,P01203,2025-01-01,2026-08-01,baseline
C00444,P07054,2025-01-01,2026-08-01,baseline
C00445,P09418,2025-01-01,2026-08-01,baseline
C00446,P05301,2025-01-01,2026-08-01,baseline
C00447,P09949,2025-01-01,2026-08-01,baseline
C00448,P01831,2025-01-01,2026-08-01,baseline
C00449,P01630,2025-01-01,2026-08-01,baseline
C00450,P03055,2025-01-01,2026-08-01,baseline
C00451,P01724,2025-01-01,2026-08-01,baseline
C00452,P00111,2025-01-01,2026-08-01,baseline
C00453,P04496,2025-01-01,2026-08-01,baseline
C00454,P00417,2025-01-01,2026-08-01,baseline
C00455,P07671,2025-01-01,2026-08-01,baseline
C00456,P01891,2025-01-01,2026-08-01,baseline
C00457,P09107,2025-01-01,2026-08-01,baseline
C00458,P00607,2025-01-01,2026-08-01,baseline
C00459,P08254,2025-01-01,2026-08-01,baseline
C00460,P01767,2025-01-01,2026-08-01,baseline
C00461,P02410,2025-01-01,2026-08-01,baseline
C00462,P09445,2025-01-01,2026-08-01,baseline
C00463,P00002,2025-01-01,2026-08-01,baseline
C00464,P04158,2025-01-01,2026-08-01,baseline
C00465,P08654,2025-01-01,2026-08-01,baseline
C00466,P01134,2025-01-01,2026-08-01,baseline
C00467,P04779,2025-01-01,2026-08-01,baseline
C00468,P00300,2025-01-01,2026-08-01,baseline
C00469,P06029,2025-01-01,2026-08-01,baseline
C00470,P06322,2025-01-01,2026-08-01,baseline
C00471,P01213,2025-01-01,2026-08-01,baseline
C00472,P03640,2025-01-01,2026-08-01,baseline
C00473,P03653,2025-01-01,2026-08-01,baseline
C00474,P03641,2025-01-01,2026-08-01,baseline
C00475,P09583,2025-01-01,2026-08-01,baseline
C00476,P02199,2025-01-01,2026-08-01,baseline
C00477,P02561,2025-01-01,2026-08-01,baseline
C00478,P09989,2025-01-01,2026-08-01,baseline
C00479,P04544,2025-01-01,2026-08-01,baseline
C00480,P07032,2025-01-01,2026-08-01,baseline
C00481,P07286,2025-01-01,2026-08-01,baseline
C00482,P03825,2025-01-01,2026-08-01,baseline
C00483,P06892,2025-01-01,2026-08-01,baseline
C00484,P07272,2025-01-01,2026-08-01,baseline
C00485,P00090,2025-01-01,2026-08-01,baseline
C00486,P02216,2025-01-01,2026-08-01,baseline
C00487,P03830,2025-01-01,2026-08-01,baseline
C00488,P08603,2025-01-01,2026-08-01,baseline
C00489,P02706,2025-01-01,2026-08-01,baseline
C00490,P00151,2025-01-01,2026-08-01,baseline
C00491,P06255,2025-01-01,2026-08-01,baseline
C00492,P05994,2025-01-01,2026-08-01,baseline
C00493,P02392,2025-01-01,2026-08-01,baseline
C00494,P05135,2025-01-01,2026-08-01,baseline
C00495,P09472,2025-01-01,2026-08-01,baseline
C00496,P03329,2025-01-01,2026-08-01,baseline
C00497,P05441,2025-01-01,2026-08-01,baseline
C00498,P04236,2025-01-01,2026-08-01,baseline
C00499,P09611,2025-01-01,2026-08-01,baseline
C00500,P00512,2025-01-01,2026-08-01,baseline
C00501,P00019,2025-01-01,2026-08-01,baseline
C00502,P02989,2025-01-01,2026-08-01,baseline
C00503,P03900,2025-01-01,2026-08-01,baseline
C00504,P02690,2025-01-01,2026-08-01,baseline
C00505,P03669,2025-01-01,2026-08-01,baseline
C00506,P06328,2025-01-01,2026-08-01,baseline
C00507,P06054,2025-01-01,2026-08-01,baseline
C00508,P03284,2025-01-01,2026-08-01,baseline
C00509,P00729,2025-01-01,2026-08-01,baseline
C00510,P09354,2025-01-01,2026-08-01,baseline
C00511,P00870,2025-01-01,2026-08-01,baseline
C00512,P04437,2025-01-01,2026-08-01,baseline
C00513,P06662,2025-01-01,2026-08-01,baseline
C00514,P06686,2025-01-01,2026-08-01,baseline
C00515,P05431,2025-01-01,2026-08-01,baseline
C00516,P07953,2025-01-01,2026-08-01,baseline
C00517,P03799,2025-01-01,2026-08-01,baseline
C00518,P02247,2025-01-01,2026-08-01,baseline
C00519,P03321,2025-01-01,2026-08-01,baseline
C00520,P02075,2025-01-01,2026-08-01,baseline
C00521,P04862,2025-01-01,2026-08-01,baseline
C00522,P00677,2025-01-01,2026-08-01,baseline
C00523,P02809,2025-01-01,2026-08-01,baseline
C00524,P08927,2025-01-01,2026-08-01,baseline
C00525,P07994,2025-01-01,2026-08-01,baseline
C00526,P04391,2025-01-01,2026-08-01,baseline
C00527,P00167,2025-01-01,2026-08-01,baseline
C00528,P05390,2025-01-01,2026-08-01,baseline
C00529,P09455,2025-01-01,2026-08-01,baseline
C00530,P09785,2025-01-01,2026-08-01,baseline
C00531,P07082,2025-01-01,2026-08-01,baseline
C00532,P06171,2025-01-01,2026-08-01,baseline
C00533,P02202,2025-01-01,2026-08-01,baseline
C00534,P06600,2025-01-01,2026-08-01,baseline
C00535,P08576,2025-01-01,2026-08-01,baseline
C00536,P08193,2025-01-01,2026-08-01,baseline
C00537,P07974,2025-01-01,2026-08-01,baseline
C00538,P09515,2025-01-01,2026-08-01,baseline
C00539,P08193,2025-01-01,2026-08-01,baseline
C00540,P07086,2025-01-01,2026-08-01,baseline
C00541,P07762,2025-01-01,2026-08-01,baseline
C00542,P03271,2025-01-01,2026-08-01,baseline
C00543,P02076,2025-01-01,2026-08-01,baseline
C00544,P05901,2025-01-01,2026-08-01,baseline
C00545,P04682,2025-01-01,2026-08-01,baseline
C00546,P05129,2025-01-01,2026-08-01,baseline
C00547,P08685,2025-01-01,2026-08-01,baseline
C00548,P00585,2025-01-01,2026-08-01,baseline
C00549,P05026,2025-01-01,2026-08-01,baseline
C00550,P05895,2025-01-01,2026-08-01,baseline
C00551,P04279,2025-01-01,2026-08-01,baseline
C00552,P03852,2025-01-01,2026-08-01,baseline
C00553,P08864,2025-01-01,2026-08-01,baseline
C00554,P00622,2025-01-01,2026-08-01,baseline
C00555,P00068,2025-01-01,2026-08-01,baseline
C00556,P08496,2025-01-01,2026-08-01,baseline
C00557,P07239,2025-01-01,2026-08-01,baseline
C00558,P06298,2025-01-01,2026-08-01,baseline
C00559,P08629,2025-01-01,2026-08-01,baseline
C00560,P02181,2025-01-01,2026-08-01,baseline
C00561,P09801,2025-01-01,2026-08-01,baseline
C00562,P05911,2025-01-01,2026-08-01,baseline
C00563,P02602,2025-01-01,2026-08-01,baseline
C00564,P03019,2025-01-01,2026-08-01,baseline
C00565,P06584,2025-01-01,2026-08-01,baseline
C00566,P07430,2025-01-01,2026-08-01,baseline
C00567,P02358,2025-01-01,2026-08-01,baseline
C00568,P08698,2025-01-01,2026-08-01,baseline
C00569,P02738,2025-01-01,2026-08-01,baseline
C00570,P09413,2025-01-01,2026-08-01,baseline
C00571,P04466,2025-01-01,2026-08-01,baseline
C00572,P05094,2025-01-01,2026-08-01,baseline
C00573,P00617,2025-01-01,2026-08-01,baseline
C00574,P08469,2025-01-01,2026-08-01,baseline
C00575,P06644,2025-01-01,2026-08-01,baseline
C00576,P07184,2025-01-01,2026-08-01,baseline
C00577,P07858,2025-01-01,2026-08-01,baseline
C00578,P02193,2025-01-01,2026-08-01,baseline
C00579,P04767,2025-01-01,2026-08-01,baseline
C00580,P07866,2025-01-01,2026-08-01,baseline
C00581,P04402,2025-01-01,2026-08-01,baseline
C00582,P03830,2025-01-01,2026-08-01,baseline
C00583,P00796,2025-01-01,2026-08-01,baseline
C00584,P03978,2025-01-01,2026-08-01,baseline
C00585,P01844,2025-01-01,2026-08-01,baseline
C00586,P02562,2025-01-01,2026-08-01,baseline
C00587,P00183,2025-01-01,2026-08-01,baseline
C00588,P07160,2025-01-01,2026-08-01,baseline
C00589,P07829,2025-01-01,2026-08-01,baseline
C00590,P04266,2025-01-01,2026-08-01,baseline
C00591,P08696,2025-01-01,2026-08-01,baseline
C00592,P07320,2025-01-01,2026-08-01,baseline
C00593,P01361,2025-01-01,2026-08-01,baseline
C00594,P02331,2025-01-01,2026-08-01,baseline
C00595,P06575,2025-01-01,2026-08-01,baseline
C00596,P09965,2025-01-01,2026-08-01,baseline
C00597,P01409,2025-01-01,2026-08-01,baseline
C00598,P01918,2025-01-01,2026-08-01,baseline
C00599,P07788,2025-01-01,2026-08-01,baseline
C00600,P08383,2025-01-01,2026-08-01,baseline
C00601,P09042,2025-01-01,2026-08-01,baseline
C00602,P08990,2025-01-01,2026-08-01,baseline
C00603,P00129,2025-01-01,2026-08-01,baseline
C00604,P03191,2025-01-01,2026-08-01,baseline
C00605,P03637,2025-01-01,2026-08-01,baseline
C00606,P05407,2025-01-01,2026-08-01,baseline
C00607,P05909,2025-01-01,2026-08-01,baseline
C00608,P07358,2025-01-01,2026-08-01,baseline
C00609,P05317,2025-01-01,2026-08-01,baseline
C00610,P00051,2025-01-01,2026-08-01,baseline
C00611,P02294,2025-01-01,2026-08-01,baseline
C00612,P02843,2025-01-01,2026-08-01,baseline
C00613,P09304,2025-01-01,2026-08-01,baseline
C00614,P06793,2025-01-01,2026-08-01,baseline
C00615,P07304,2025-01-01,2026-08-01,baseline
C00616,P06376,2025-01-01,2026-08-01,baseline
C00617,P01400,2025-01-01,2026-08-01,baseline
C00618,P03670,2025-01-01,2026-08-01,baseline
C00619,P03459,2025-01-01,2026-08-01,baseline
C00620,P05814,2025-01-01,2026-08-01,baseline
C00621,P03258,2025-01-01,2026-08-01,baseline
C00622,P05221,2025-01-01,2026-08-01,baseline
C00623,P05489,2025-01-01,2026-08-01,baseline
C00624,P02253,2025-01-01,2026-08-01,baseline
C00625,P05110,2025-01-01,2026-08-01,baseline
C00626,P01324,2025-01-01,2026-08-01,baseline
C00627,P08328,2025-01-01,2026-08-01,baseline
C00628,P05149,2025-01-01,2026-08-01,baseline
C00629,P03058,2025-01-01,2026-08-01,baseline
C00630,P07992,2025-01-01,2026-08-01,baseline
C00631,P08806,2025-01-01,2026-08-01,baseline
C00632,P09375,2025-01-01,2026-08-01,baseline
C00633,P09786,2025-01-01,2026-08-01,baseline
C00634,P00889,2025-01-01,2026-08-01,baseline
C00635,P03118,2025-01-01,2026-08-01,baseline
C00636,P00067,2025-01-01,2026-08-01,baseline
C00637,P05787,2025-01-01,2026-08-01,baseline
C00638,P01143,2025-01-01,2026-08-01,baseline
C00639,P01269,2025-01-01,2026-08-01,baseline
C00640,P03278,2025-01-01,2026-08-01,baseline
C00641,P08729,2025-01-01,2026-08-01,baseline
C00642,P05984,2025-01-01,2026-08-01,baseline
C00643,P01016,2025-01-01,2026-08-01,baseline
C00644,P03743,2025-01-01,2026-08-01,baseline
C00645,P04460,2025-01-01,2026-08-01,baseline
C00646,P09890,2025-01-01,2026-08-01,baseline
C00647,P01312,2025-01-01,2026-08-01,baseline
C00648,P08724,2025-01-01,2026-08-01,baseline
C00649,P06830,2025-01-01,2026-08-01,baseline
C00650,P06702,2025-01-01,2026-08-01,baseline
C00651,P07322,2025-01-01,2026-08-01,baseline
C00652,P09535,2025-01-01,2026-08-01,baseline
C00653,P04393,2025-01-01,2026-08-01,baseline
C00654,P06558,2025-01-01,2026-08-01,baseline
C00655,P02793,2025-01-01,2026-08-01,baseline
C00656,P07102,2025-01-01,2026-08-01,baseline
C00657,P09217,2025-01-01,2026-08-01,baseline
C00658,P08339,2025-01-01,2026-08-01,baseline
C00659,P03028,2025-01-01,2026-08-01,baseline
C00660,P09342,2025-01-01,2026-08-01,baseline
C00661,P00556,2025-01-01,2026-08-01,baseline
C00662,P07309,2025-01-01,2026-08-01,baseline
C00663,P02766,2025-01-01,2026-08-01,baseline
C00664,P04457,2025-01-01,2026-08-01,baseline
C00665,P09214,2025-01-01,2026-08-01,baseline
C00666,P01481,2025-01-01,2026-08-01,baseline
C00667,P02533,2025-01-01,2026-08-01,baseline
C00668,P01350,2025-01-01,2026-08-01,baseline
C00669,P06477,2025-01-01,2026-08-01,baseline
C00670,P07936,2025-01-01,2026-08-01,baseline
C00671,P07192,2025-01-01,2026-08-01,baseline
C00672,P07514,2025-01-01,2026-08-01,baseline
C00673,P03919,2025-01-01,2026-08-01,baseline
C00674,P00364,2025-01-01,2026-08-01,baseline
C00675,P07014,2025-01-01,2026-08-01,baseline
C00676,P02116,2025-01-01,2026-08-01,baseline
C00677,P03750,2025-01-01,2026-08-01,baseline
C00678,P05827,2025-01-01,2026-08-01,baseline
C00679,P02960,2025-01-01,2026-08-01,baseline
C00680,P04848,2025-01-01,2026-08-01,baseline
C00681,P05114,2025-01-01,2026-08-01,baseline
C00682,P06844,2025-01-01,2026-08-01,baseline
C00683,P07998,2025-01-01,2026-08-01,baseline
C00684,P08192,2025-01-01,2026-08-01,baseline
C00685,P03549,2025-01-01,2026-08-01,baseline
C00686,P04877,2025-01-01,2026-08-01,baseline
C00687,P07630,2025-01-01,2026-08-01,baseline
C00688,P02482,2025-01-01,2026-08-01,baseline
C00689,P06944,2025-01-01,2026-08-01,baseline
C00690,P08088,2025-01-01,2026-08-01,baseline
C00691,P03090,2025-01-01,2026-08-01,baseline
C00692,P04393,2025-01-01,2026-08-01,baseline
C00693,P01245,2025-01-01,2026-08-01,baseline
C00694,P06352,2025-01-01,2026-08-01,baseline
C00695,P01932,2025-01-01,2026-08-01,baseline
C00696,P05298,2025-01-01,2026-08-01,baseline
C00697,P01995,2025-01-01,2026-08-01,baseline
C00698,P00210,2025-01-01,2026-08-01,baseline
C00699,P09005,2025-01-01,2026-08-01,baseline
C00700,P01070,2025-01-01,2026-08-01,baseline
C00701,P06141,2025-01-01,2026-08-01,baseline
C00702,P02963,2025-01-01,2026-08-01,baseline
C00703,P08529,2025-01-01,2026-08-01,baseline
C00704,P08159,2025-01-01,2026-08-01,baseline
C00705,P03261,2025-01-01,2026-08-01,baseline
C00706,P04342,2025-01-01,2026-08-01,baseline
C00707,P02295,2025-01-01,2026-08-01,baseline
C00708,P05249,2025-01-01,2026-08-01,baseline
C00709,P08187,2025-01-01,2026-08-01,baseline
C00710,P00422,2025-01-01,2026-08-01,baseline
C00711,P01841,2025-01-01,2026-08-01,baseline
C00712,P02229,2025-01-01,2026-08-01,baseline
C00713,P06931,2025-01-01,2026-08-01,baseline
C00714,P09606,2025-01-01,2026-08-01,baseline
C00715,P09220,2025-01-01,2026-08-01,baseline
C00716,P05356,2025-01-01,2026-08-01,baseline
C00717,P06365,2025-01-01,2026-08-01,baseline
C00718,P08388,2025-01-01,2026-08-01,baseline
C00719,P01034,2025-01-01,2026-08-01,baseline
C00720,P09534,2025-01-01,2026-08-01,baseline
C00721,P06612,2025-01-01,2026-08-01,baseline
C00722,P08468,2025-01-01,2026-08-01,baseline
C00723,P08332,2025-01-01,2026-08-01,baseline
C00724,P07397,2025-01-01,2026-08-01,baseline
C00725,P00475,2025-01-01,2026-08-01,baseline
C00726,P03279,2025-01-01,2026-08-01,baseline
C00727,P08159,2025-01-01,2026-08-01,baseline
C00728,P01791,2025-01-01,2026-08-01,baseline
C00729,P05536,2025-01-01,2026-08-01,baseline
C00730,P07528,2025-01-01,2026-08-01,baseline
C00731,P03573,2025-01-01,2026-08-01,baseline
C00732,P04224,2025-01-01,2026-08-01,baseline
C00733,P05163,2025-01-01,2026-08-01,baseline
C00734,P02779,2025-01-01,2026-08-01,baseline
C00735,P03230,2025-01-01,2026-08-01,baseline
C00736,P06443,2025-01-01,2026-08-01,baseline
C00737,P04756,2025-01-01,2026-08-01,baseline
C00738,P03574,2025-01-01,2026-08-01,baseline
C00739,P00329,2025-01-01,2026-08-01,baseline
C00740,P04355,2025-01-01,2026-08-01,baseline
C00741,P02885,2025-01-01,2026-08-01,baseline
C00742,P00079,2025-01-01,2026-08-01,baseline
C00743,P04115,2025-01-01,2026-08-01,baseline
C00744,P05980,2025-01-01,2026-08-01,baseline
C00745,P08962,2025-01-01,2026-08-01,baseline
C00746,P09791,2025-01-01,2026-08-01,baseline
C00747,P08197,2025-01-01,2026-08-01,baseline
C00748,P01805,2025-01-01,2026-08-01,baseline
C00749,P00865,2025-01-01,2026-08-01,baseline
C00750,P08642,2025-01-01,2026-08-01,baseline
C00751,P00918,2025-01-01,2026-08-01,baseline
C00752,P08140,2025-01-01,2026-08-01,baseline
C00753,P05519,2025-01-01,2026-08-01,baseline
C00754,P06710,2025-01-01,2026-08-01,baseline
C00755,P05478,2025-01-01,2026-08-01,baseline
C00756,P04560,2025-01-01,2026-08-01,baseline
C00757,P08817,2025-01-01,2026-08-01,baseline
C00758,P05013,2025-01-01,2026-08-01,baseline
C00759,P09959,2025-01-01,2026-08-01,baseline
C00760,P03683,2025-01-01,2026-08-01,baseline
C00761,P02547,2025-01-01,2026-08-01,baseline
C00762,P01054,2025-01-01,2026-08-01,baseline
C00763,P01389,2025-01-01,2026-08-01,baseline
C00764,P01989,2025-01-01,2026-08-01,baseline
C00765,P05642,2025-01-01,2026-08-01,baseline
C00766,P05046,2025-01-01,2026-08-01,baseline
C00767,P01668,2025-01-01,2026-08-01,baseline
C00768,P05198,2025-01-01,2026-08-01,baseline
C00769,P08648,2025-01-01,2026-08-01,baseline
C00770,P06504,2025-01-01,2026-08-01,baseline
C00771,P05842,2025-01-01,2026-08-01,baseline
C00772,P08041,2025-01-01,2026-08-01,baseline
C00773,P03120,2025-01-01,2026-08-01,baseline
C00774,P05854,2025-01-01,2026-08-01,baseline
C00775,P06095,2025-01-01,2026-08-01,baseline
C00776,P04758,2025-01-01,2026-08-01,baseline
C00777,P09130,2025-01-01,2026-08-01,baseline
C00778,P08757,2025-01-01,2026-08-01,baseline
C00779,P09654,2025-01-01,2026-08-01,baseline
C00780,P02442,2025-01-01,2026-08-01,baseline
C00781,P00712,2025-01-01,2026-08-01,baseline
C00782,P06283,2025-01-01,2026-08-01,baseline
C00783,P02294,2025-01-01,2026-08-01,baseline
C00784,P04944,2025-01-01,2026-08-01,baseline
C00785,P07795,2025-01-01,2026-08-01,baseline
C00786,P07095,2025-01-01,2026-08-01,baseline
C00787,P02897,2025-01-01,2026-08-01,baseline
C00788,P09487,2025-01-01,2026-08-01,baseline
C00789,P04058,2025-01-01,2026-08-01,baseline
C00790,P05594,2025-01-01,2026-08-01,baseline
C00791,P07256,2025-01-01,2026-08-01,baseline
C00792,P01699,2025-01-01,2026-08-01,baseline
C00793,P06275,2025-01-01,2026-08-01,baseline
C00794,P01510,2025-01-01,2026-08-01,baseline
C00795,P02692,2025-01-01,2026-08-01,baseline
C00796,P05494,2025-01-01,2026-08-01,baseline
C00797,P09941,2025-01-01,2026-08-01,baseline
C00798,P06518,2025-01-01,2026-08-01,baseline
C00799,P01334,2025-01-01,2026-08-01,baseline
C00800,P09583,2025-01-01,2026-08-01,baseline
C00801,P05571,2025-01-01,2026-08-01,baseline
C00802,P07440,2025-01-01,2026-08-01,baseline
C00803,P05806,2025-01-01,2026-08-01,baseline
C00804,P01275,2025-01-01,2026-08-01,baseline
C00805,P06215,2025-01-01,2026-08-01,baseline
C00806,P07730,2025-01-01,2026-08-01,baseline
C00807,P08591,2025-01-01,2026-08-01,baseline
C00808,P07799,2025-01-01,2026-08-01,baseline
C00809,P05506,2025-01-01,2026-08-01,baseline
C00810,P07275,2025-01-01,2026-08-01,baseline
C00811,P05663,2025-01-01,2026-08-01,baseline
C00812,P03477,2025-01-01,2026-08-01,baseline
C00813,P01692,2025-01-01,2026-08-01,baseline
C00814,P06685,2025-01-01,2026-08-01,baseline
C00815,P02967,2025-01-01,2026-08-01,baseline
C00816,P00803,2025-01-01,2026-08-01,baseline
C00817,P06539,2025-01-01,2026-08-01,baseline
C00818,P00101,2025-01-01,2026-08-01,baseline
C00819,P07547,2025-01-01,2026-08-01,baseline
C00820,P05579,2025-01-01,2026-08-01,baseline
C00821,P03665,2025-01-01,2026-08-01,baseline
C00822,P00204,2025-01-01,2026-08-01,baseline
C00823,P00002,2025-01-01,2026-08-01,baseline
C00824,P08017,2025-01-01,2026-08-01,baseline
C00825,P07872,2025-01-01,2026-08-01,baseline
C00826,P01033,2025-01-01,2026-08-01,baseline
C00827,P07859,2025-01-01,2026-08-01,baseline
C00828,P07683,2025-01-01,2026-08-01,baseline
C00829,P08012,2025-01-01,2026-08-01,baseline
C00830,P05862,2025-01-01,2026-08-01,baseline
C00831,P02483,2025-01-01,2026-08-01,baseline
C00832,P03474,2025-01-01,2026-08-01,baseline
C00833,P01007,2025-01-01,2026-08-01,baseline
C00834,P07725,2025-01-01,2026-08-01,baseline
C00835,P07185,2025-01-01,2026-08-01,baseline
C00836,P06926,2025-01-01,2026-08-01,baseline
C00837,P07995,2025-01-01,2026-08-01,baseline
C00838,P08610,2025-01-01,2026-08-01,baseline
C00839,P06463,2025-01-01,2026-08-01,baseline
C00840,P01690,2025-01-01,2026-08-01,baseline
C00841,P00285,2025-01-01,2026-08-01,baseline
C00842,P04174,2025-01-01,2026-08-01,baseline
C00843,P05960,2025-01-01,2026-08-01,baseline
C00844,P05626,2025-01-01,2026-08-01,baseline
C00845,P00774,2025-01-01,2026-08-01,baseline
C00846,P00548,2025-01-01,2026-08-01,baseline
C00847,P00402,2025-01-01,2026-08-01,baseline
C00848,P06002,2025-01-01,2026-08-01,baseline
C00849,P00517,2025-01-01,2026-08-01,baseline
C00850,P04601,2025-01-01,2026-08-01,baseline
C00851,P02540,2025-01-01,2026-08-01,baseline
C00852,P02521,2025-01-01,2026-08-01,baseline
C00853,P08806,2025-01-01,2026-08-01,baseline
C00854,P03291,2025-01-01,2026-08-01,baseline
C00855,P04849,2025-01-01,2026-08-01,baseline
C00856,P00898,2025-01-01,2026-08-01,baseline
C00857,P00900,2025-01-01,2026-08-01,baseline
C00858,P05764,2025-01-01,2026-08-01,baseline
C00859,P04871,2025-01-01,2026-08-01,baseline
C00860,P06845,2025-01-01,2026-08-01,baseline
C00861,P02645,2025-01-01,2026-08-01,baseline
C00862,P04367,2025-01-01,2026-08-01,baseline
C00863,P06324,2025-01-01,2026-08-01,baseline
C00864,P09336,2025-01-01,2026-08-01,baseline
C00865,P00483,2025-01-01,2026-08-01,baseline
C00866,P04824,2025-01-01,2026-08-01,baseline
C00867,P07487,2025-01-01,2026-08-01,baseline
C00868,P00507,2025-01-01,2026-08-01,baseline
C00869,P02347,2025-01-01,2026-08-01,baseline
C00870,P07037,2025-01-01,2026-08-01,baseline
C00871,P02447,2025-01-01,2026-08-01,baseline
C00872,P05139,2025-01-01,2026-08-01,baseline
C00873,P04704,2025-01-01,2026-08-01,baseline
C00874,P03828,2025-01-01,2026-08-01,baseline
C00875,P05781,2025-01-01,2026-08-01,baseline
C00876,P07636,2025-01-01,2026-08-01,baseline
C00877,P01029,2025-01-01,2026-08-01,baseline
C00878,P04878,2025-01-01,2026-08-01,baseline
C00879,P02481,2025-01-01,2026-08-01,baseline
C00880,P00247,2025-01-01,2026-08-01,baseline
C00881,P01742,2025-01-01,2026-08-01,baseline
C00882,P00611,2025-01-01,2026-08-01,baseline
C00883,P01270,2025-01-01,2026-08-01,baseline
C00884,P03273,2025-01-01,2026-08-01,baseline
C00885,P04264,2025-01-01,2026-08-01,baseline
C00886,P05913,2025-01-01,2026-08-01,baseline
C00887,P06549,2025-01-01,2026-08-01,baseline
C00888,P04541,2025-01-01,2026-08-01,baseline
C00889,P05289,2025-01-01,2026-08-01,baseline
C00890,P06703,2025-01-01,2026-08-01,baseline
C00891,P06974,2025-01-01,2026-08-01,baseline
C00892,P04650,2025-01-01,2026-08-01,baseline
C00893,P07937,2025-01-01,2026-08-01,baseline
C00894,P00279,2025-01-01,2026-08-01,baseline
C00895,P09778,2025-01-01,2026-08-01,baseline
C00896,P01978,2025-01-01,2026-08-01,baseline
C00897,P03284,2025-01-01,2026-08-01,baseline
C00898,P04971,2025-01-01,2026-08-01,baseline
C00899,P02618,2025-01-01,2026-08-01,baseline
C00900,P05939,2025-01-01,2026-08-01,baseline
C00901,P05728,2025-01-01,2026-08-01,baseline
C00902,P05378,2025-01-01,2026-08-01,baseline
C00903,P08891,2025-01-01,2026-08-01,baseline
C00904,P09588,2025-01-01,2026-08-01,baseline
C00905,P01521,2025-01-01,2026-08-01,baseline
C00906,P00919,2025-01-01,2026-08-01,baseline
C00907,P04020,2025-01-01,2026-08-01,baseline
C00908,P00214,2025-01-01,2026-08-01,baseline
C00909,P09545,2025-01-01,2026-08-01,baseline
C00910,P03818,2025-01-01,2026-08-01,baseline
C00911,P09191,2025-01-01,2026-08-01,baseline
C00912,P05002,2025-01-01,2026-08-01,baseline
C00913,P09843,2025-01-01,2026-08-01,baseline
C00914,P00015,2025-01-01,2026-08-01,baseline
C00915,P01076,2025-01-01,2026-08-01,baseline
C00916,P02884,2025-01-01,2026-08-01,baseline
C00917,P00782,2025-01-01,2026-08-01,baseline
C00918,P05152,2025-01-01,2026-08-01,baseline
C00919,P08934,2025-01-01,2026-08-01,baseline
C00920,P00711,2025-01-01,2026-08-01,baseline
C00921,P04132,2025-01-01,2026-08-01,baseline
C00922,P04658,2025-01-01,2026-08-01,baseline
C00923,P07720,2025-01-01,2026-08-01,baseline
C00924,P02439,2025-01-01,2026-08-01,baseline
C00925,P08057,2025-01-01,2026-08-01,baseline
C00926,P03625,2025-01-01,2026-08-01,baseline
C00927,P02148,2025-01-01,2026-08-01,baseline
C00928,P05264,2025-01-01,2026-08-01,baseline
C00929,P02626,2025-01-01,2026-08-01,baseline
C00930,P02762,2025-01-01,2026-08-01,baseline
C00931,P00598,2025-01-01,2026-08-01,baseline
C00932,P03579,2025-01-01,2026-08-01,baseline
C00933,P08420,2025-01-01,2026-08-01,baseline
C00934,P06509,2025-01-01,2026-08-01,baseline
C00935,P04046,2025-01-01,2026-08-01,baseline
C00936,P01646,2025-01-01,2026-08-01,baseline
C00937,P04715,2025-01-01,2026-08-01,baseline
C00938,P01609,2025-01-01,2026-08-01,baseline
C00939,P05368,2025-01-01,2026-08-01,baseline
C00940,P09609,2025-01-01,2026-08-01,baseline
C00941,P08899,2025-01-01,2026-08-01,baseline
C00942,P05855,2025-01-01,2026-08-01,baseline
C00943,P01160,2025-01-01,2026-08-01,baseline
C00944,P04793,2025-01-01,2026-08-01,baseline
C00945,P09826,2025-01-01,2026-08-01,baseline
C00946,P08431,2025-01-01,2026-08-01,baseline
C00947,P05504,2025-01-01,2026-08-01,baseline
C00948,P04665,2025-01-01,2026-08-01,baseline
C00949,P07056,2025-01-01,2026-08-01,baseline
C00950,P00958,2025-01-01,2026-08-01,baseline
C00951,P07499,2025-01-01,2026-08-01,baseline
C00952,P08931,2025-01-01,2026-08-01,baseline
C00953,P06430,2025-01-01,2026-08-01,baseline
C00954,P00650,2025-01-01,2026-08-01,baseline
C00955,P00440,2025-01-01,2026-08-01,baseline
C00956,P03233,2025-01-01,2026-08-01,baseline
C00957,P04964,2025-01-01,2026-08-01,baseline
C00958,P00553,2025-01-01,2026-08-01,baseline
C00959,P01802,2025-01-01,2026-08-01,baseline
C00960,P01333,2025-01-01,2026-08-01,baseline
C00961,P05038,2025-01-01,2026-08-01,baseline
C00962,P01407,2025-01-01,2026-08-01,baseline
C00963,P01644,2025-01-01,2026-08-01,baseline
C00964,P04276,2025-01-01,2026-08-01,baseline
C00965,P09526,2025-01-01,2026-08-01,baseline
C00966,P02515,2025-01-01,2026-08-01,baseline
C00967,P08959,2025-01-01,2026-08-01,baseline
C00968,P07309,2025-01-01,2026-08-01,baseline
C00969,P08310,2025-01-01,2026-08-01,baseline
C00970,P09814,2025-01-01,2026-08-01,baseline
C00971,P02856,2025-01-01,2026-08-01,baseline
C00972,P02441,2025-01-01,2026-08-01,baseline
C00973,P07105,2025-01-01,2026-08-01,baseline
C00974,P00952,2025-01-01,2026-08-01,baseline
C00975,P03864,2025-01-01,2026-08-01,baseline
C00976,P08608,2025-01-01,2026-08-01,baseline
C00977,P06710,2025-01-01,2026-08-01,baseline
C00978,P01375,2025-01-01,2026-08-01,baseline
C00979,P05438,2025-01-01,2026-08-01,baseline
C00980,P08720,2025-01-01,2026-08-01,baseline
C00981,P05530,2025-01-01,2026-08-01,baseline
C00982,P05358,2025-01-01,2026-08-01,baseline
C00983,P00215,2025-01-01,2026-08-01,baseline
C00984,P06653,2025-01-01,2026-08-01,baseline
C00985,P04179,2025-01-01,2026-08-01,baseline
C00986,P07059,2025-01-01,2026-08-01,baseline
C00987,P03792,2025-01-01,2026-08-01,baseline
C00988,P00337,2025-01-01,2026-08-01,baseline
C00989,P02150,2025-01-01,2026-08-01,baseline
C00990,P07919,2025-01-01,2026-08-01,baseline
C00991,P04632,2025-01-01,2026-08-01,baseline
C00992,P02225,2025-01-01,2026-08-01,baseline
C00993,P07336,2025-01-01,2026-08-01,baseline
C00994,P07134,2025-01-01,2026-08-01,baseline
C00995,P09233,2025-01-01,2026-08-01,baseline
C00996,P03982,2025-01-01,2026-08-01,baseline
C00997,P05230,2025-01-01,2026-08-01,baseline
C00998,P00222,2025-01-01,2026-08-01,baseline
C00999,P08308,2025-01-01,2026-08-01,baseline
C01000,P07259,2025-01-01,2026-08-01,baseline
C01001,P01083,2025-01-01,2026-08-01,baseline
C01002,P02104,2025-01-01,2026-08-01,baseline
C01003,P05359,2025-01-01,2026-08-01,baseline
C01004,P07502,2025-01-01,2026-08-01,baseline
C01005,P04844,2025-01-01,2026-08-01,baseline
C01006,P04677,2025-01-01,2026-08-01,baseline
C01007,P07476,2025-01-01,2026-08-01,baseline
C01008,P07244,2025-01-01,2026-08-01,baseline
C01009,P01744,2025-01-01,2026-08-01,baseline
C01010,P07621,2025-01-01,2026-08-01,baseline
C01011,P00040,2025-01-01,2026-08-01,baseline
C01012,P01503,2025-01-01,2026-08-01,baseline
C01013,P01240,2025-01-01,2026-08-01,baseline
C01014,P00602,2025-01-01,2026-08-01,baseline
C01015,P06567,2025-01-01,2026-08-01,baseline
C01016,P00083,2025-01-01,2026-08-01,baseline
C01017,P03308,2025-01-01,2026-08-01,baseline
C01018,P01998,2025-01-01,2026-08-01,baseline
C01019,P03972,2025-01-01,2026-08-01,baseline
C01020,P05575,2025-01-01,2026-08-01,baseline
C01021,P03096,2025-01-01,2026-08-01,baseline
C01022,P05078,2025-01-01,2026-08-01,baseline
C01023,P01524,2025-01-01,2026-08-01,baseline
C01024,P09545,2025-01-01,2026-08-01,baseline
C01025,P01391,2025-01-01,2026-08-01,baseline
C01026,P09251,2025-01-01,2026-08-01,baseline
C01027,P06341,2025-01-01,2026-08-01,baseline
C01028,P09809,2025-01-01,2026-08-01,baseline
C01029,P07251,2025-01-01,2026-08-01,baseline
C01030,P08864,2025-01-01,2026-08-01,baseline
C01031,P03939,2025-01-01,2026-08-01,baseline
C01032,P02189,2025-01-01,2026-08-01,baseline
C01033,P01220,2025-01-01,2026-08-01,baseline
C01034,P08074,2025-01-01,2026-08-01,baseline
C01035,P01110,2025-01-01,2026-08-01,baseline
C01036,P08440,2025-01-01,2026-08-01,baseline
C01037,P00818,2025-01-01,2026-08-01,baseline
C01038,P03488,2025-01-01,2026-08-01,baseline
C01039,P01534,2025-01-01,2026-08-01,baseline
C01040,P01553,2025-01-01,2026-08-01,baseline
C01041,P08812,2025-01-01,2026-08-01,baseline
C01042,P09622,2025-01-01,2026-08-01,baseline
C01043,P05731,2025-01-01,2026-08-01,baseline
C01044,P00718,2025-01-01,2026-08-01,baseline
C01045,P04069,2025-01-01,2026-08-01,baseline
C01046,P01530,2025-01-01,2026-08-01,baseline
C01047,P09656,2025-01-01,2026-08-01,baseline
C01048,P03151,2025-01-01,2026-08-01,baseline
C01049,P04785,2025-01-01,2026-08-01,baseline
C01050,P03007,2025-01-01,2026-08-01,baseline
C01051,P07644,2025-01-01,2026-08-01,baseline
C01052,P00403,2025-01-01,2026-08-01,baseline
C01053,P08984,2025-01-01,2026-08-01,baseline
C01054,P09782,2025-01-01,2026-08-01,baseline
C01055,P08858,2025-01-01,2026-08-01,baseline
C01056,P07559,2025-01-01,2026-08-01,baseline
C01057,P03505,2025-01-01,2026-08-01,baseline
C01058,P04007,2025-01-01,2026-08-01,baseline
C01059,P00717,2025-01-01,2026-08-01,baseline
C01060,P08406,2025-01-01,2026-08-01,baseline
C01061,P05200,2025-01-01,2026-08-01,baseline
C01062,P03480,2025-01-01,2026-08-01,baseline
C01063,P07821,2025-01-01,2026-08-01,baseline
C01064,P01170,2025-01-01,2026-08-01,baseline
C01065,P00100,2025-01-01,2026-08-01,baseline
C01066,P01566,2025-01-01,2026-08-01,baseline
C01067,P06018,2025-01-01,2026-08-01,baseline
C01068,P03202,2025-01-01,2026-08-01,baseline
C01069,P00632,2025-01-01,2026-08-01,baseline
C01070,P07937,2025-01-01,2026-08-01,baseline
C01071,P01469,2025-01-01,2026-08-01,baseline
C01072,P00087,2025-01-01,2026-08-01,baseline
C01073,P04863,2025-01-01,2026-08-01,baseline
C01074,P06852,2025-01-01,2026-08-01,baseline
C01075,P09622,2025-01-01,2026-08-01,baseline
C01076,P06177,2025-01-01,2026-08-01,baseline
C01077,P06346,2025-01-01,2026-08-01,baseline
C01078,P01823,2025-01-01,2026-08-01,baseline
C01079,P09726,2025-01-01,2026-08-01,baseline
C01080,P06662,2025-01-01,2026-08-01,baseline
C01081,P03302,2025-01-01,2026-08-01,baseline
C01082,P08221,2025-01-01,2026-08-01,baseline
C01083,P07421,2025-01-01,2026-08-01,baseline
C01084,P05040,2025-01-01,2026-08-01,baseline
C01085,P05705,2025-01-01,2026-08-01,baseline
C01086,P00156,2025-01-01,2026-08-01,baseline
C01087,P05126,2025-01-01,2026-08-01,baseline
C01088,P02921,2025-01-01,2026-08-01,baseline
C01089,P09325,2025-01-01,2026-08-01,baseline
C01090,P01696,2025-01-01,2026-08-01,baseline
C01091,P04366,2025-01-01,2026-08-01,baseline
C01092,P01740,2025-01-01,2026-08-01,baseline
C01093,P02476,2025-01-01,2026-08-01,baseline
C01094,P02734,2025-01-01,2026-08-01,baseline
C01095,P01246,2025-01-01,2026-08-01,baseline
C01096,P09039,2025-01-01,2026-08-01,baseline
C01097,P09899,2025-01-01,2026-08-01,baseline
C01098,P05629,2025-01-01,2026-08-01,baseline
C01099,P06672,2025-01-01,2026-08-01,baseline
C01100,P03712,2025-01-01,2026-08-01,baseline
C01101,P01539,2025-01-01,2026-08-01,baseline
C01102,P00400,2025-01-01,2026-08-01,baseline
C01103,P04937,2025-01-01,2026-08-01,baseline
C01104,P09033,2025-01-01,2026-08-01,baseline
C01105,P06594,2025-01-01,2026-08-01,baseline
C01106,P02559,2025-01-01,2026-08-01,baseline
C01107,P05029,2025-01-01,2026-08-01,baseline
C01108,P00269,2025-01-01,2026-08-01,baseline
C01109,P09833,2025-01-01,2026-08-01,baseline
C01110,P02275,2025-01-01,2026-08-01,baseline
C01111,P04326,2025-01-01,2026-08-01,baseline
C01112,P09496,2025-01-01,2026-08-01,baseline
C01113,P03755,2025-01-01,2026-08-01,baseline
C01114,P06199,2025-01-01,2026-08-01,baseline
C01115,P07354,2025-01-01,2026-08-01,baseline
C01116,P04735,2025-01-01,2026-08-01,baseline
C01117,P05340,2025-01-01,2026-08-01,baseline
C01118,P00434,2025-01-01,2026-08-01,baseline
C01119,P02065,2025-01-01,2026-08-01,baseline
C01120,P06841,2025-01-01,2026-08-01,baseline
C01121,P04865,2025-01-01,2026-08-01,baseline
C01122,P07268,2025-01-01,2026-08-01,baseline
C01123,P03647,2025-01-01,2026-08-01,baseline
C01124,P04987,2025-01-01,2026-08-01,baseline
C01125,P07624,2025-01-01,2026-08-01,baseline
C01126,P08407,2025-01-01,2026-08-01,baseline
C01127,P06614,2025-01-01,2026-08-01,baseline
C01128,P04923,2025-01-01,2026-08-01,baseline
C01129,P05221,2025-01-01,2026-08-01,baseline
C01130,P05778,2025-01-01,2026-08-01,baseline
C01131,P02083,2025-01-01,2026-08-01,baseline
C01132,P08393,2025-01-01,2026-08-01,baseline
C01133,P02337,2025-01-01,2026-08-01,baseline
C01134,P08686,2025-01-01,2026-08-01,baseline
C01135,P00405,2025-01-01,2026-08-01,baseline
C01136,P06777,2025-01-01,2026-08-01,baseline
C01137,P09431,2025-01-01,2026-08-01,baseline
C01138,P03172,2025-01-01,2026-08-01,baseline
C01139,P09442,2025-01-01,2026-08-01,baseline
C01140,P06577,2025-01-01,2026-08-01,baseline
C01141,P03386,2025-01-01,2026-08-01,baseline
C01142,P06095,2025-01-01,2026-08-01,baseline
C01143,P00755,2025-01-01,2026-08-01,baseline
C01144,P07272,2025-01-01,2026-08-01,baseline
C01145,P07193,2025-01-01,2026-08-01,baseline
C01146,P01535,2025-01-01,2026-08-01,baseline
C01147,P09235,2025-01-01,2026-08-01,baseline
C01148,P02133,2025-01-01,2026-08-01,baseline
C01149,P08183,2025-01-01,2026-08-01,baseline
C01150,P02871,2025-01-01,2026-08-01,baseline
C01151,P09537,2025-01-01,2026-08-01,baseline
C01152,P05453,2025-01-01,2026-08-01,baseline
C01153,P04082,2025-01-01,2026-08-01,baseline
C01154,P00345,2025-01-01,2026-08-01,baseline
C01155,P07484,2025-01-01,2026-08-01,baseline
C01156,P02608,2025-01-01,2026-08-01,baseline
C01157,P04442,2025-01-01,2026-08-01,baseline
C01158,P00309,2025-01-01,2026-08-01,baseline
C01159,P05826,2025-01-01,2026-08-01,baseline
C01160,P07440,2025-01-01,2026-08-01,baseline
C01161,P08569,2025-01-01,2026-08-01,baseline
C01162,P02946,2025-01-01,2026-08-01,baseline
C01163,P03806,2025-01-01,2026-08-01,baseline
C01164,P01521,2025-01-01,2026-08-01,baseline
C01165,P09642,2025-01-01,2026-08-01,baseline
C01166,P07174,2025-01-01,2026-08-01,baseline
C01167,P03982,2025-01-01,2026-08-01,baseline
C01168,P06076,2025-01-01,2026-08-01,baseline
C01169,P07565,2025-01-01,2026-08-01,baseline
C01170,P04371,2025-01-01,2026-08-01,baseline
C01171,P00012,2025-01-01,2026-08-01,baseline
C01172,P02702,2025-01-01,2026-08-01,baseline
C01173,P06832,2025-01-01,2026-08-01,baseline
C01174,P08650,2025-01-01,2026-08-01,baseline
C01175,P02414,2025-01-01,2026-08-01,baseline
C01176,P06184,2025-01-01,2026-08-01,baseline
C01177,P07105,2025-01-01,2026-08-01,baseline
C01178,P09854,2025-01-01,2026-08-01,baseline
C01179,P02406,2025-01-01,2026-08-01,baseline
C01180,P05037,2025-01-01,2026-08-01,baseline
C01181,P07554,2025-01-01,2026-08-01,baseline
C01182,P08299,2025-01-01,2026-08-01,baseline
C01183,P02761,2025-01-01,2026-08-01,baseline
C01184,P08028,2025-01-01,2026-08-01,baseline
C01185,P02652,2025-01-01,2026-08-01,baseline
C01186,P08601,2025-01-01,2026-08-01,baseline
C01187,P02532,2025-01-01,2026-08-01,baseline
C01188,P09924,2025-01-01,2026-08-01,baseline
C01189,P02027,2025-01-01,2026-08-01,baseline
C01190,P01137,2025-01-01,2026-08-01,baseline
C01191,P02791,2025-01-01,2026-08-01,baseline
C01192,P06233,2025-01-01,2026-08-01,baseline
C01193,P08755,2025-01-01,2026-08-01,baseline
C01194,P05893,2025-01-01,2026-08-01,baseline
C01195,P05703,2025-01-01,2026-08-01,baseline
C01196,P01083,2025-01-01,2026-08-01,baseline
C01197,P05915,2025-01-01,2026-08-01,baseline
C01198,P08284,2025-01-01,2026-08-01,baseline
C01199,P04401,2025-01-01,2026-08-01,baseline
C01200,P09744,2025-01-01,2026-08-01,baseline
C01201,P03749,2025-01-01,2026-08-01,baseline
C01202,P08874,2025-01-01,2026-08-01,baseline
C01203,P01736,2025-01-01,2026-08-01,baseline
C01204,P00766,2025-01-01,2026-08-01,baseline
C01205,P06236,2025-01-01,2026-08-01,baseline
C01206,P08912,2025-01-01,2026-08-01,baseline
C01207,P08245,2025-01-01,2026-08-01,baseline
C01208,P06967,2025-01-01,2026-08-01,baseline
C01209,P09895,2025-01-01,2026-08-01,baseline
C01210,P04664,2025-01-01,2026-08-01,baseline
C01211,P01350,2025-01-01,2026-08-01,baseline
C01212,P07640,2025-01-01,2026-08-01,baseline
C01213,P06195,2025-01-01,2026-08-01,baseline
C01214,P07407,2025-01-01,2026-08-01,baseline
C01215,P04919,2025-01-01,2026-08-01,baseline
C01216,P07486,2025-01-01,2026-08-01,baseline
C01217,P06167,2025-01-01,2026-08-01,baseline
C01218,P09235,2025-01-01,2026-08-01,baseline
C01219,P07709,2025-01-01,2026-08-01,baseline
C01220,P05965,2025-01-01,2026-08-01,baseline
C01221,P04868,2025-01-01,2026-08-01,baseline
C01222,P08840,2025-01-01,2026-08-01,baseline
C01223,P00159,2025-01-01,2026-08-01,baseline
C01224,P03173,2025-01-01,2026-08-01,baseline
C01225,P09755,2025-01-01,2026-08-01,baseline
C01226,P03908,2025-01-01,2026-08-01,baseline
C01227,P04531,2025-01-01,2026-08-01,baseline
C01228,P01353,2025-01-01,2026-08-01,baseline
C01229,P05242,2025-01-01,2026-08-01,baseline
C01230,P07760,2025-01-01,2026-08-01,baseline
C01231,P04785,2025-01-01,2026-08-01,baseline
C01232,P09078,2025-01-01,2026-08-01,baseline
C01233,P04065,2025-01-01,2026-08-01,baseline
C01234,P01171,2025-01-01,2026-08-01,baseline
C01235,P00270,2025-01-01,2026-08-01,baseline
C01236,P07711,2025-01-01,2026-08-01,baseline
C01237,P03114,2025-01-01,2026-08-01,baseline
C01238,P04582,2025-01-01,2026-08-01,baseline
C01239,P08297,2025-01-01,2026-08-01,baseline
C01240,P00926,2025-01-01,2026-08-01,baseline
C01241,P06365,2025-01-01,2026-08-01,baseline
C01242,P01325,2025-01-01,2026-08-01,baseline
C01243,P07227,2025-01-01,2026-08-01,baseline
C01244,P06543,2025-01-01,2026-08-01,baseline
C01245,P05619,2025-01-01,2026-08-01,baseline
C01246,P02767,2025-01-01,2026-08-01,baseline
C01247,P00541,2025-01-01,2026-08-01,baseline
C01248,P00616,2025-01-01,2026-08-01,baseline
C01249,P01027,2025-01-01,2026-08-01,baseline
C01250,P06855,2025-01-01,2026-08-01,baseline
C01251,P03033,2025-01-01,2026-08-01,baseline
C01252,P01993,2025-01-01,2026-08-01,baseline
C01253,P06281,2025-01-01,2026-08-01,baseline
C01254,P07866,2025-01-01,2026-08-01,baseline
C01255,P00658,2025-01-01,2026-08-01,baseline
C01256,P05045,2025-01-01,2026-08-01,baseline
C01257,P02453,2025-01-01,2026-08-01,baseline
C01258,P03661,2025-01-01,2026-08-01,baseline
C01259,P06569,2025-01-01,2026-08-01,baseline
C01260,P00586,2025-01-01,2026-08-01,baseline
C01261,P07844,2025-01-01,2026-08-01,baseline
C01262,P02414,2025-01-01,2026-08-01,baseline
C01263,P02317,2025-01-01,2026-08-01,baseline
C01264,P02729,2025-01-01,2026-08-01,baseline
C01265,P05354,2025-01-01,2026-08-01,baseline
C01266,P07740,2025-01-01,2026-08-01,baseline
C01267,P04070,2025-01-01,2026-08-01,baseline
C01268,P03543,2025-01-01,2026-08-01,baseline
C01269,P06884,2025-01-01,2026-08-01,baseline
C01270,P03313,2025-01-01,2026-08-01,baseline
C01271,P02037,2025-01-01,2026-08-01,baseline
C01272,P07872,2025-01-01,2026-08-01,baseline
C01273,P01397,2025-01-01,2026-08-01,baseline
C01274,P02493,2025-01-01,2026-08-01,baseline
C01275,P05335,2025-01-01,2026-08-01,baseline
C01276,P05012,2025-01-01,2026-08-01,baseline
C01277,P07862,2025-01-01,2026-08-01,baseline
C01278,P09381,2025-01-01,2026-08-01,baseline
C01279,P01604,2025-01-01,2026-08-01,baseline
C01280,P06154,2025-01-01,2026-08-01,baseline
C01281,P06546,2025-01-01,2026-08-01,baseline
C01282,P04232,2025-01-01,2026-08-01,baseline
C01283,P05381,2025-01-01,2026-08-01,baseline
C01284,P04841,2025-01-01,2026-08-01,baseline
C01285,P00228,2025-01-01,2026-08-01,baseline
C01286,P00268,2025-01-01,2026-08-01,baseline
C01287,P03107,2025-01-01,2026-08-01,baseline
C01288,P05474,2025-01-01,2026-08-01,baseline
C01289,P01691,2025-01-01,2026-08-01,baseline
C01290,P06895,2025-01-01,2026-08-01,baseline
C01291,P01961,2025-01-01,2026-08-01,baseline
C01292,P03444,2025-01-01,2026-08-01,baseline
C01293,P07331,2025-01-01,2026-08-01,baseline
C01294,P06881,2025-01-01,2026-08-01,baseline
C01295,P06999,2025-01-01,2026-08-01,baseline
C01296,P06064,2025-01-01,2026-08-01,baseline
C01297,P02776,2025-01-01,2026-08-01,baseline
C01298,P05324,2025-01-01,2026-08-01,baseline
C01299,P03884,2025-01-01,2026-08-01,baseline
C01300,P04926,2025-01-01,2026-08-01,baseline
C01301,P06359,2025-01-01,2026-08-01,baseline
C01302,P09592,2025-01-01,2026-08-01,baseline
C01303,P04593,2025-01-01,2026-08-01,baseline
C01304,P08999,2025-01-01,2026-08-01,baseline
C01305,P09535,2025-01-01,2026-08-01,baseline
C01306,P09936,2025-01-01,2026-08-01,baseline
C01307,P02296,2025-01-01,2026-08-01,baseline
C01308,P05024,2025-01-01,2026-08-01,baseline
C01309,P03098,2025-01-01,2026-08-01,baseline
C01310,P03856,2025-01-01,2026-08-01,baseline
C01311,P07834,2025-01-01,2026-08-01,baseline
C01312,P01859,2025-01-01,2026-08-01,baseline
C01313,P03749,2025-01-01,2026-08-01,baseline
C01314,P09666,2025-01-01,2026-08-01,baseline
C01315,P04946,2025-01-01,2026-08-01,baseline
C01316,P00556,2025-01-01,2026-08-01,baseline
C01317,P03683,2025-01-01,2026-08-01,baseline
C01318,P06842,2025-01-01,2026-08-01,baseline
C01319,P03591,2025-01-01,2026-08-01,baseline
C01320,P04228,2025-01-01,2026-08-01,baseline
C01321,P07953,2025-01-01,2026-08-01,baseline
C01322,P05557,2025-01-01,2026-08-01,baseline
C01323,P05922,2025-01-01,2026-08-01,baseline
C01324,P08956,2025-01-01,2026-08-01,baseline
C01325,P03951,2025-01-01,2026-08-01,baseline
C01326,P09263,2025-01-01,2026-08-01,baseline
C01327,P00548,2025-01-01,2026-08-01,baseline
C01328,P05254,2025-01-01,2026-08-01,baseline
C01329,P03483,2025-01-01,2026-08-01,baseline
C01330,P07013,2025-01-01,2026-08-01,baseline
C01331,P02456,2025-01-01,2026-08-01,baseline
C01332,P07223,2025-01-01,2026-08-01,baseline
C01333,P08511,2025-01-01,2026-08-01,baseline
C01334,P08593,2025-01-01,2026-08-01,baseline
C01335,P09423,2025-01-01,2026-08-01,baseline
C01336,P00744,2025-01-01,2026-08-01,baseline
C01337,P03786,2025-01-01,2026-08-01,baseline
C01338,P07159,2025-01-01,2026-08-01,baseline
C01339,P09523,2025-01-01,2026-08-01,baseline
C01340,P08202,2025-01-01,2026-08-01,baseline
C01341,P04343,2025-01-01,2026-08-01,baseline
C01342,P07954,2025-01-01,2026-08-01,baseline
C01343,P06302,2025-01-01,2026-08-01,baseline
C01344,P02458,2025-01-01,2026-08-01,baseline
C01345,P08236,2025-01-01,2026-08-01,baseline
C01346,P08927,2025-01-01,2026-08-01,baseline
C01347,P04227,2025-01-01,2026-08-01,baseline
C01348,P05916,2025-01-01,2026-08-01,baseline
C01349,P03661,2025-01-01,2026-08-01,baseline
C01350,P08942,2025-01-01,2026-08-01,baseline
C01351,P06014,2025-01-01,2026-08-01,baseline
C01352,P04941,2025-01-01,2026-08-01,baseline
C01353,P02020,2025-01-01,2026-08-01,baseline
C01354,P04806,2025-01-01,2026-08-01,baseline
C01355,P08638,2025-01-01,2026-08-01,baseline
C01356,P00305,2025-01-01,2026-08-01,baseline
C01357,P03251,2025-01-01,2026-08-01,baseline
C01358,P04021,2025-01-01,2026-08-01,baseline
C01359,P07780,2025-01-01,2026-08-01,baseline
C01360,P07599,2025-01-01,2026-08-01,baseline
C01361,P06434,2025-01-01,2026-08-01,baseline
C01362,P04577,2025-01-01,2026-08-01,baseline
C01363,P08067,2025-01-01,2026-08-01,baseline
C01364,P06950,2025-01-01,2026-08-01,baseline
C01365,P02417,2025-01-01,2026-08-01,baseline
C01366,P04961,2025-01-01,2026-08-01,baseline
C01367,P08919,2025-01-01,2026-08-01,baseline
C01368,P01159,2025-01-01,2026-08-01,baseline
C01369,P01649,2025-01-01,2026-08-01,baseline
C01370,P07694,2025-01-01,2026-08-01,baseline
C01371,P09104,2025-01-01,2026-08-01,baseline
C01372,P03435,2025-01-01,2026-08-01,baseline
C01373,P08106,2025-01-01,2026-08-01,baseline
C01374,P07938,2025-01-01,2026-08-01,baseline
C01375,P04020,2025-01-01,2026-08-01,baseline
C01376,P07105,2025-01-01,2026-08-01,baseline
C01377,P06920,2025-01-01,2026-08-01,baseline
C01378,P04479,2025-01-01,2026-08-01,baseline
C01379,P08077,2025-01-01,2026-08-01,baseline
C01380,P09991,2025-01-01,2026-08-01,baseline
C01381,P07404,2025-01-01,2026-08-01,baseline
C01382,P02193,2025-01-01,2026-08-01,baseline
C01383,P06684,2025-01-01,2026-08-01,baseline
C01384,P09071,2025-01-01,2026-08-01,baseline
C01385,P02627,2025-01-01,2026-08-01,baseline
C01386,P03554,2025-01-01,2026-08-01,baseline
C01387,P05954,2025-01-01,2026-08-01,baseline
C01388,P03465,2025-01-01,2026-08-01,baseline
C01389,P08016,2025-01-01,2026-08-01,baseline
C01390,P04746,2025-01-01,2026-08-01,baseline
C01391,P05419,2025-01-01,2026-08-01,baseline
C01392,P04689,2025-01-01,2026-08-01,baseline
C01393,P00085,2025-01-01,2026-08-01,baseline
C01394,P09163,2025-01-01,2026-08-01,baseline
C01395,P05700,2025-01-01,2026-08-01,baseline
C01396,P07403,2025-01-01,2026-08-01,baseline
C01397,P00203,2025-01-01,2026-08-01,baseline
C01398,P06292,2025-01-01,2026-08-01,baseline
C01399,P05620,2025-01-01,2026-08-01,baseline
C01400,P01113,2025-01-01,2026-08-01,baseline
C01401,P01371,2025-01-01,2026-08-01,baseline
C01402,P01424,2025-01-01,2026-08-01,baseline
C01403,P02228,2025-01-01,2026-08-01,baseline
C01404,P07399,2025-01-01,2026-08-01,baseline
C01405,P02340,2025-01-01,2026-08-01,baseline
C01406,P07034,2025-01-01,2026-08-01,baseline
C01407,P09876,2025-01-01,2026-08-01,baseline
C01408,P02789,2025-01-01,2026-08-01,baseline
C01409,P03545,2025-01-01,2026-08-01,baseline
C01410,P07279,2025-01-01,2026-08-01,baseline
C01411,P05379,2025-01-01,2026-08-01,baseline
C01412,P02400,2025-01-01,2026-08-01,baseline
C01413,P00044,2025-01-01,2026-08-01,baseline
C01414,P06865,2025-01-01,2026-08-01,baseline
C01415,P07324,2025-01-01,2026-08-01,baseline
C01416,P04729,2025-01-01,2026-08-01,baseline
C01417,P07437,2025-01-01,2026-08-01,baseline
C01418,P08015,2025-01-01,2026-08-01,baseline
C01419,P06073,2025-01-01,2026-08-01,baseline
C01420,P02556,2025-01-01,2026-08-01,baseline
C01421,P01443,2025-01-01,2026-08-01,baseline
C01422,P09560,2025-01-01,2026-08-01,baseline
C01423,P01916,2025-01-01,2026-08-01,baseline
C01424,P07043,2025-01-01,2026-08-01,baseline
C01425,P04406,2025-01-01,2026-08-01,baseline
C01426,P01233,2025-01-01,2026-08-01,baseline
C01427,P06179,2025-01-01,2026-08-01,baseline
C01428,P07374,2025-01-01,2026-08-01,baseline
C01429,P09765,2025-01-01,2026-08-01,baseline
C01430,P06582,2025-01-01,2026-08-01,baseline
C01431,P06331,2025-01-01,2026-08-01,baseline
C01432,P00395,2025-01-01,2026-08-01,baseline
C01433,P05134,2025-01-01,2026-08-01,baseline
C01434,P04371,2025-01-01,2026-08-01,baseline
C01435,P02096,2025-01-01,2026-08-01,baseline
C01436,P08214,2025-01-01,2026-08-01,baseline
C01437,P00145,2025-01-01,2026-08-01,baseline
C01438,P01031,2025-01-01,2026-08-01,baseline
C01439,P05019,2025-01-01,2026-08-01,baseline
C01440,P07379,2025-01-01,2026-08-01,baseline
C01441,P04853,2025-01-01,2026-08-01,baseline
C01442,P03532,2025-01-01,2026-08-01,baseline
C01443,P05587,2025-01-01,2026-08-01,baseline
C01444,P02469,2025-01-01,2026-08-01,baseline
C01445,P00381,2025-01-01,2026-08-01,baseline
C01446,P06902,2025-01-01,2026-08-01,baseline
C01447,P09333,2025-01-01,2026-08-01,baseline
C01448,P09190,2025-01-01,2026-08-01,baseline
C01449,P07473,2025-01-01,2026-08-01,baseline
C01450,P09086,2025-01-01,2026-08-01,baseline
C01451,P03393,2025-01-01,2026-08-01,baseline
C01452,P00588,2025-01-01,2026-08-01,baseline
C01453,P09022,2025-01-01,2026-08-01,baseline
C01454,P06466,2025-01-01,2026-08-01,baseline
C01455,P00849,2025-01-01,2026-08-01,baseline
C01456,P07093,2025-01-01,2026-08-01,baseline
C01457,P02680,2025-01-01,2026-08-01,baseline
C01458,P06958,2025-01-01,2026-08-01,baseline
C01459,P05976,2025-01-01,2026-08-01,baseline
C01460,P09013,2025-01-01,2026-08-01,baseline
C01461,P05804,2025-01-01,2026-08-01,baseline
C01462,P01750,2025-01-01,2026-08-01,baseline
C01463,P01319,2025-01-01,2026-08-01,baseline
C01464,P06558,2025-01-01,2026-08-01,baseline
C01465,P02697,2025-01-01,2026-08-01,baseline
C01466,P05855,2025-01-01,2026-08-01,baseline
C01467,P05650,2025-01-01,2026-08-01,baseline
C01468,P09571,2025-01-01,2026-08-01,baseline
C01469,P06622,2025-01-01,2026-08-01,baseline
C01470,P03868,2025-01-01,2026-08-01,baseline
C01471,P08862,2025-01-01,2026-08-01,baseline
C01472,P08896,2025-01-01,2026-08-01,baseline
C01473,P01507,2025-01-01,2026-08-01,baseline
C01474,P02103,2025-01-01,2026-08-01,baseline
C01475,P07055,2025-01-01,2026-08-01,baseline
C01476,P01313,2025-01-01,2026-08-01,baseline
C01477,P05991,2025-01-01,2026-08-01,baseline
C01478,P03858,2025-01-01,2026-08-01,baseline
C01479,P00432,2025-01-01,2026-08-01,baseline
C01480,P08924,2025-01-01,2026-08-01,baseline
C01481,P07477,2025-01-01,2026-08-01,baseline
C01482,P09876,2025-01-01,2026-08-01,baseline
C01483,P01661,2025-01-01,2026-08-01,baseline
C01484,P00317,2025-01-01,2026-08-01,baseline
C01485,P08047,2025-01-01,2026-08-01,baseline
C01486,P09546,2025-01-01,2026-08-01,baseline
C01487,P08982,2025-01-01,2026-08-01,baseline
C01488,P01427,2025-01-01,2026-08-01,baseline
C01489,P01741,2025-01-01,2026-08-01,baseline
C01490,P04909,2025-01-01,2026-08-01,baseline
C01491,P09405,2025-01-01,2026-08-01,baseline
C01492,P07468,2025-01-01,2026-08-01,baseline
C01493,P04483,2025-01-01,2026-08-01,baseline
C01494,P01144,2025-01-01,2026-08-01,baseline
C01495,P07296,2025-01-01,2026-08-01,baseline
C01496,P09242,2025-01-01,2026-08-01,baseline
C01497,P00046,2025-01-01,2026-08-01,baseline
C01498,P07895,2025-01-01,2026-08-01,baseline
C01499,P05656,2025-01-01,2026-08-01,baseline
C01500,P07838,2025-01-01,2026-08-01,baseline
C01501,P02565,2025-01-01,2026-08-01,baseline
C01502,P06262,2025-01-01,2026-08-01,baseline
C01503,P01294,2025-01-01,2026-08-01,baseline
C01504,P05251,2025-01-01,2026-08-01,baseline
C01505,P03210,2025-01-01,2026-08-01,baseline
C01506,P04415,2025-01-01,2026-08-01,baseline
C01507,P07752,2025-01-01,2026-08-01,baseline
C01508,P00509,2025-01-01,2026-08-01,baseline
C01509,P03188,2025-01-01,2026-08-01,baseline
C01510,P05256,2025-01-01,2026-08-01,baseline
C01511,P07030,2025-01-01,2026-08-01,baseline
C01512,P08766,2025-01-01,2026-08-01,baseline
C01513,P03294,2025-01-01,2026-08-01,baseline
C01514,P00286,2025-01-01,2026-08-01,baseline
C01515,P09072,2025-01-01,2026-08-01,baseline
C01516,P02771,2025-01-01,2026-08-01,baseline
C01517,P03915,2025-01-01,2026-08-01,baseline
C01518,P06641,2025-01-01,2026-08-01,baseline
C01519,P06521,2025-01-01,2026-08-01,baseline
C01520,P05900,2025-01-01,2026-08-01,baseline
C01521,P02836,2025-01-01,2026-08-01,baseline
C01522,P05651,2025-01-01,2026-08-01,baseline
C01523,P05318,2025-01-01,2026-08-01,baseline
C01524,P07901,2025-01-01,2026-08-01,baseline
C01525,P01950,2025-01-01,2026-08-01,baseline
C01526,P07063,2025-01-01,2026-08-01,baseline
C01527,P04863,2025-01-01,2026-08-01,baseline
C01528,P09275,2025-01-01,2026-08-01,baseline
C01529,P08425,2025-01-01,2026-08-01,baseline
C01530,P09347,2025-01-01,2026-08-01,baseline
C01531,P04354,2025-01-01,2026-08-01,baseline
C01532,P01838,2025-01-01,2026-08-01,baseline
C01533,P05290,2025-01-01,2026-08-01,baseline
C01534,P04643,2025-01-01,2026-08-01,baseline
C01535,P05778,2025-01-01,2026-08-01,baseline
C01536,P02930,2025-01-01,2026-08-01,baseline
C01537,P02443,2025-01-01,2026-08-01,baseline
C01538,P09279,2025-01-01,2026-08-01,baseline
C01539,P02608,2025-01-01,2026-08-01,baseline
C01540,P02102,2025-01-01,2026-08-01,baseline
C01541,P09246,2025-01-01,2026-08-01,baseline
C01542,P09855,2025-01-01,2026-08-01,baseline
C01543,P04912,2025-01-01,2026-08-01,baseline
C01544,P02468,2025-01-01,2026-08-01,baseline
C01545,P07517,2025-01-01,2026-08-01,baseline
C01546,P04230,2025-01-01,2026-08-01,baseline
C01547,P08317,2025-01-01,2026-08-01,baseline
C01548,P09982,2025-01-01,2026-08-01,baseline
C01549,P04361,2025-01-01,2026-08-01,baseline
C01550,P05247,2025-01-01,2026-08-01,baseline
C01551,P08603,2025-01-01,2026-08-01,baseline
C01552,P00188,2025-01-01,2026-08-01,baseline
C01553,P06465,2025-01-01,2026-08-01,baseline
C01554,P08609,2025-01-01,2026-08-01,baseline
C01555,P02069,2025-01-01,2026-08-01,baseline
C01556,P08329,2025-01-01,2026-08-01,baseline
C01557,P03523,2025-01-01,2026-08-01,baseline
C01558,P00507,2025-01-01,2026-08-01,baseline
C01559,P07681,2025-01-01,2026-08-01,baseline
C01560,P08529,2025-01-01,2026-08-01,baseline
C01561,P09146,2025-01-01,2026-08-01,baseline
C01562,P05193,2025-01-01,2026-08-01,baseline
C01563,P02331,2025-01-01,2026-08-01,baseline
C01564,P02586,2025-01-01,2026-08-01,baseline
C01565,P02751,2025-01-01,2026-08-01,baseline
C01566,P01235,2025-01-01,2026-08-01,baseline
C01567,P08048,2025-01-01,2026-08-01,baseline
C01568,P07868,2025-01-01,2026-08-01,baseline
C01569,P06652,2025-01-01,2026-08-01,baseline
C01570,P07288,2025-01-01,2026-08-01,baseline
C01571,P09741,2025-01-01,2026-08-01,baseline
C01572,P06433,2025-01-01,2026-08-01,baseline
C01573,P04605,2025-01-01,2026-08-01,baseline
C01574,P06700,2025-01-01,2026-08-01,baseline
C01575,P02619,2025-01-01,2026-08-01,baseline
C01576,P03084,2025-01-01,2026-08-01,baseline
C01577,P09558,2025-01-01,2026-08-01,baseline
C01578,P05505,2025-01-01,2026-08-01,baseline
C01579,P07799,2025-01-01,2026-08-01,baseline
C01580,P00169,2025-01-01,2026-08-01,baseline
C01581,P00462,2025-01-01,2026-08-01,baseline
C01582,P05057,2025-01-01,2026-08-01,baseline
C01583,P05270,2025-01-01,2026-08-01,baseline
C01584,P06624,2025-01-01,2026-08-01,baseline
C01585,P07949,2025-01-01,2026-08-01,baseline
C01586,P02437,2025-01-01,2026-08-01,baseline
C01587,P05199,2025-01-01,2026-08-01,baseline
C01588,P03145,2025-01-01,2026-08-01,baseline
C01589,P03998,2025-01-01,2026-08-01,baseline
C01590,P01421,2025-01-01,2026-08-01,baseline
C01591,P03926,2025-01-01,2026-08-01,baseline
C01592,P08756,2025-01-01,2026-08-01,baseline
C01593,P01635,2025-01-01,2026-08-01,baseline
C01594,P02328,2025-01-01,2026-08-01,baseline
C01595,P09661,2025-01-01,2026-08-01,baseline
C01596,P03818,2025-01-01,2026-08-01,baseline
C01597,P00255,2025-01-01,2026-08-01,baseline
C01598,P02110,2025-01-01,2026-08-01,baseline
C01599,P08531,2025-01-01,2026-08-01,baseline
C01600,P01563,2025-01-01,2026-08-01,baseline
C01601,P04094,2025-01-01,2026-08-01,baseline
C01602,P09127,2025-01-01,2026-08-01,baseline
C01603,P07840,2025-01-01,2026-08-01,baseline
C01604,P06105,2025-01-01,2026-08-01,baseline
C01605,P06678,2025-01-01,2026-08-01,baseline
C01606,P09327,2025-01-01,2026-08-01,baseline
C01607,P02614,2025-01-01,2026-08-01,baseline
C01608,P00153,2025-01-01,2026-08-01,baseline
C01609,P06896,2025-01-01,2026-08-01,baseline
C01610,P03345,2025-01-01,2026-08-01,baseline
C01611,P03428,2025-01-01,2026-08-01,baseline
C01612,P06658,2025-01-01,2026-08-01,baseline
C01613,P02915,2025-01-01,2026-08-01,baseline
C01614,P09460,2025-01-01,2026-08-01,baseline
C01615,P07481,2025-01-01,2026-08-01,baseline
C01616,P02604,2025-01-01,2026-08-01,baseline
C01617,P09611,2025-01-01,2026-08-01,baseline
C01618,P05651,2025-01-01,2026-08-01,baseline
C01619,P03497,2025-01-01,2026-08-01,baseline
C01620,P08738,2025-01-01,2026-08-01,baseline
C01621,P00163,2025-01-01,2026-08-01,baseline
C01622,P03614,2025-01-01,2026-08-01,baseline
C01623,P09713,2025-01-01,2026-08-01,baseline
C01624,P09433,2025-01-01,2026-08-01,baseline
C01625,P04582,2025-01-01,2026-08-01,baseline
C01626,P02894,2025-01-01,2026-08-01,baseline
C01627,P08967,2025-01-01,2026-08-01,baseline
C01628,P05777,2025-01-01,2026-08-01,baseline
C01629,P02411,2025-01-01,2026-08-01,baseline
C01630,P01034,2025-01-01,2026-08-01,baseline
C01631,P01792,2025-01-01,2026-08-01,baseline
C01632,P03658,2025-01-01,2026-08-01,baseline
C01633,P07663,2025-01-01,2026-08-01,baseline
C01634,P00814,2025-01-01,2026-08-01,baseline
C01635,P06040,2025-01-01,2026-08-01,baseline
C01636,P00423,2025-01-01,2026-08-01,baseline
C01637,P01226,2025-01-01,2026-08-01,baseline
C01638,P08848,2025-01-01,2026-08-01,baseline
C01639,P06713,2025-01-01,2026-08-01,baseline
C01640,P00318,2025-01-01,2026-08-01,baseline
C01641,P06878,2025-01-01,2026-08-01,baseline
C01642,P06720,2025-01-01,2026-08-01,baseline
C01643,P08753,2025-01-01,2026-08-01,baseline
C01644,P01046,2025-01-01,2026-08-01,baseline
C01645,P04078,2025-01-01,2026-08-01,baseline
C01646,P08532,2025-01-01,2026-08-01,baseline
C01647,P02214,2025-01-01,2026-08-01,baseline
C01648,P01149,2025-01-01,2026-08-01,baseline
C01649,P06036,2025-01-01,2026-08-01,baseline
C01650,P01147,2025-01-01,2026-08-01,baseline
C01651,P08062,2025-01-01,2026-08-01,baseline
C01652,P03979,2025-01-01,2026-08-01,baseline
C01653,P07053,2025-01-01,2026-08-01,baseline
C01654,P04628,2025-01-01,2026-08-01,baseline
C01655,P08614,2025-01-01,2026-08-01,baseline
C01656,P05499,2025-01-01,2026-08-01,baseline
C01657,P03938,2025-01-01,2026-08-01,baseline
C01658,P04363,2025-01-01,2026-08-01,baseline
C01659,P00770,2025-01-01,2026-08-01,baseline
C01660,P02202,2025-01-01,2026-08-01,baseline
C01661,P05724,2025-01-01,2026-08-01,baseline
C01662,P06439,2025-01-01,2026-08-01,baseline
C01663,P00606,2025-01-01,2026-08-01,baseline
C01664,P08211,2025-01-01,2026-08-01,baseline
C01665,P09967,2025-01-01,2026-08-01,baseline
C01666,P06790,2025-01-01,2026-08-01,baseline
C01667,P02839,2025-01-01,2026-08-01,baseline
C01668,P02012,2025-01-01,2026-08-01,baseline
C01669,P05511,2025-01-01,2026-08-01,baseline
C01670,P03861,2025-01-01,2026-08-01,baseline
C01671,P04060,2025-01-01,2026-08-01,baseline
C01672,P08156,2025-01-01,2026-08-01,baseline
C01673,P04010,2025-01-01,2026-08-01,baseline
C01674,P00610,2025-01-01,2026-08-01,baseline
C01675,P09945,2025-01-01,2026-08-01,baseline
C01676,P07652,2025-01-01,2026-08-01,baseline
C01677,P01955,2025-01-01,2026-08-01,baseline
C01678,P08763,2025-01-01,2026-08-01,baseline
C01679,P08994,2025-01-01,2026-08-01,baseline
C01680,P06742,2025-01-01,2026-08-01,baseline
C01681,P09341,2025-01-01,2026-08-01,baseline
C01682,P01439,2025-01-01,2026-08-01,baseline
C01683,P05582,2025-01-01,2026-08-01,baseline
C01684,P02698,2025-01-01,2026-08-01,baseline
C01685,P07381,2025-01-01,2026-08-01,baseline
C01686,P00570,2025-01-01,2026-08-01,baseline
C01687,P04844,2025-01-01,2026-08-01,baseline
C01688,P01942,2025-01-01,2026-08-01,baseline
C01689,P03148,2025-01-01,2026-08-01,baseline
C01690,P06551,2025-01-01,2026-08-01,baseline
C01691,P06858,2025-01-01,2026-08-01,baseline
C01692,P04320,2025-01-01,2026-08-01,baseline
C01693,P04530,2025-01-01,2026-08-01,baseline
C01694,P03788,2025-01-01,2026-08-01,baseline
C01695,P07554,2025-01-01,2026-08-01,baseline
C01696,P00183,2025-01-01,2026-08-01,baseline
C01697,P07823,2025-01-01,2026-08-01,baseline
C01698,P02549,2025-01-01,2026-08-01,baseline
C01699,P08649,2025-01-01,2026-08-01,baseline
C01700,P09142,2025-01-01,2026-08-01,baseline
C01701,P00742,2025-01-01,2026-08-01,baseline
C01702,P04094,2025-01-01,2026-08-01,baseline
C01703,P04775,2025-01-01,2026-08-01,baseline
C01704,P00019,2025-01-01,2026-08-01,baseline
C01705,P00547,2025-01-01,2026-08-01,baseline
C01706,P09221,2025-01-01,2026-08-01,baseline
C01707,P06738,2025-01-01,2026-08-01,baseline
C01708,P02288,2025-01-01,2026-08-01,baseline
C01709,P03097,2025-01-01,2026-08-01,baseline
C01710,P09781,2025-01-01,2026-08-01,baseline
C01711,P06859,2025-01-01,2026-08-01,baseline
C01712,P02434,2025-01-01,2026-08-01,baseline
C01713,P03635,2025-01-01,2026-08-01,baseline
C01714,P02505,2025-01-01,2026-08-01,baseline
C01715,P08894,2025-01-01,2026-08-01,baseline
C01716,P01965,2025-01-01,2026-08-01,baseline
C01717,P00138,2025-01-01,2026-08-01,baseline
C01718,P02261,2025-01-01,2026-08-01,baseline
C01719,P01538,2025-01-01,2026-08-01,baseline
C01720,P08651,2025-01-01,2026-08-01,baseline
C01721,P00355,2025-01-01,2026-08-01,baseline
C01722,P09700,2025-01-01,2026-08-01,baseline
C01723,P02584,2025-01-01,2026-08-01,baseline
C01724,P07117,2025-01-01,2026-08-01,baseline
C01725,P02779,2025-01-01,2026-08-01,baseline
C01726,P02866,2025-01-01,2026-08-01,baseline
C01727,P09599,2025-01-01,2026-08-01,baseline
C01728,P00356,2025-01-01,2026-08-01,baseline
C01729,P00768,2025-01-01,2026-08-01,baseline
C01730,P00269,2025-01-01,2026-08-01,baseline
C01731,P02170,2025-01-01,2026-08-01,baseline
C01732,P02706,2025-01-01,2026-08-01,baseline
C01733,P05430,2025-01-01,2026-08-01,baseline
C01734,P08616,2025-01-01,2026-08-01,baseline
C01735,P04745,2025-01-01,2026-08-01,baseline
C01736,P07273,2025-01-01,2026-08-01,baseline
C01737,P01231,2025-01-01,2026-08-01,baseline
C01738,P08888,2025-01-01,2026-08-01,baseline
C01739,P00592,2025-01-01,2026-08-01,baseline
C01740,P06823,2025-01-01,2026-08-01,baseline
C01741,P02337,2025-01-01,2026-08-01,baseline
C01742,P05436,2025-01-01,2026-08-01,baseline
C01743,P02388,2025-01-01,2026-08-01,baseline
C01744,P03914,2025-01-01,2026-08-01,baseline
C01745,P07361,2025-01-01,2026-08-01,baseline
C01746,P06397,2025-01-01,2026-08-01,baseline
C01747,P05524,2025-01-01,2026-08-01,baseline
C01748,P04318,2025-01-01,2026-08-01,baseline
C01749,P04465,2025-01-01,2026-08-01,baseline
C01750,P02223,2025-01-01,2026-08-01,baseline
C01751,P06245,2025-01-01,2026-08-01,baseline
C01752,P03004,2025-01-01,2026-08-01,baseline
C01753,P03660,2025-01-01,2026-08-01,baseline
C01754,P01108,2025-01-01,2026-08-01,baseline
C01755,P03562,2025-01-01,2026-08-01,baseline
C01756,P04902,2025-01-01,2026-08-01,baseline
C01757,P00247,2025-01-01,2026-08-01,baseline
C01758,P02422,2025-01-01,2026-08-01,baseline
C01759,P00973,2025-01-01,2026-08-01,baseline
C01760,P06776,2025-01-01,2026-08-01,baseline
C01761,P08493,2025-01-01,2026-08-01,baseline
C01762,P00203,2025-01-01,2026-08-01,baseline
C01763,P01863,2025-01-01,2026-08-01,baseline
C01764,P08983,2025-01-01,2026-08-01,baseline
C01765,P03744,2025-01-01,2026-08-01,baseline
C01766,P04758,2025-01-01,2026-08-01,baseline
C01767,P02805,2025-01-01,2026-08-01,baseline
C01768,P02600,2025-01-01,2026-08-01,baseline
C01769,P09160,2025-01-01,2026-08-01,baseline
C01770,P09585,2025-01-01,2026-08-01,baseline
C01771,P02575,2025-01-01,2026-08-01,baseline
C01772,P05143,2025-01-01,2026-08-01,baseline
C01773,P02619,2025-01-01,2026-08-01,baseline
C01774,P00339,2025-01-01,2026-08-01,baseline
C01775,P03006,2025-01-01,2026-08-01,baseline
C01776,P00139,2025-01-01,2026-08-01,baseline
C01777,P09628,2025-01-01,2026-08-01,baseline
C01778,P01793,2025-01-01,2026-08-01,baseline
C01779,P00803,2025-01-01,2026-08-01,baseline
C01780,P02842,2025-01-01,2026-08-01,baseline
C01781,P01841,2025-01-01,2026-08-01,baseline
C01782,P08911,2025-01-01,2026-08-01,baseline
C01783,P08384,2025-01-01,2026-08-01,baseline
C01784,P01877,2025-01-01,2026-08-01,baseline
C01785,P07627,2025-01-01,2026-08-01,baseline
C01786,P02631,2025-01-01,2026-08-01,baseline
C01787,P04677,2025-01-01,2026-08-01,baseline
C01788,P06455,2025-01-01,2026-08-01,baseline
C01789,P02286,2025-01-01,2026-08-01,baseline
C01790,P06007,2025-01-01,2026-08-01,baseline
C01791,P08359,2025-01-01,2026-08-01,baseline
C01792,P09347,2025-01-01,2026-08-01,baseline
C01793,P01463,2025-01-01,2026-08-01,baseline
C01794,P02604,2025-01-01,2026-08-01,baseline
C01795,P05891,2025-01-01,2026-08-01,baseline
C01796,P02265,2025-01-01,2026-08-01,baseline
C01797,P07693,2025-01-01,2026-08-01,baseline
C01798,P08686,2025-01-01,2026-08-01,baseline
C01799,P05113,2025-01-01,2026-08-01,baseline
C01800,P06639,2025-01-01,2026-08-01,baseline
C01801,P04352,2025-01-01,2026-08-01,baseline
C01802,P06421,2025-01-01,2026-08-01,baseline
C01803,P05113,2025-01-01,2026-08-01,baseline
C01804,P09815,2025-01-01,2026-08-01,baseline
C01805,P04374,2025-01-01,2026-08-01,baseline
C01806,P00389,2025-01-01,2026-08-01,baseline
C01807,P01746,2025-01-01,2026-08-01,baseline
C01808,P01605,2025-01-01,2026-08-01,baseline
C01809,P07109,2025-01-01,2026-08-01,baseline
C01810,P07233,2025-01-01,2026-08-01,baseline
C01811,P07523,2025-01-01,2026-08-01,baseline
C01812,P04003,2025-01-01,2026-08-01,baseline
C01813,P04474,2025-01-01,2026-08-01,baseline
C01814,P03529,2025-01-01,2026-08-01,baseline
C01815,P08250,2025-01-01,2026-08-01,baseline
C01816,P04370,2025-01-01,2026-08-01,baseline
C01817,P03614,2025-01-01,2026-08-01,baseline
C01818,P04645,2025-01-01,2026-08-01,baseline
C01819,P01982,2025-01-01,2026-08-01,baseline
C01820,P03848,2025-01-01,2026-08-01,baseline
C01821,P08884,2025-01-01,2026-08-01,baseline
C01822,P05936,2025-01-01,2026-08-01,baseline
C01823,P07236,2025-01-01,2026-08-01,baseline
C01824,P09425,2025-01-01,2026-08-01,baseline
C01825,P03664,2025-01-01,2026-08-01,baseline
C01826,P09482,2025-01-01,2026-08-01,baseline
C01827,P05664,2025-01-01,2026-08-01,baseline
C01828,P02450,2025-01-01,2026-08-01,baseline
C01829,P06339,2025-01-01,2026-08-01,baseline
C01830,P01630,2025-01-01,2026-08-01,baseline
C01831,P06944,2025-01-01,2026-08-01,baseline
C01832,P03067,2025-01-01,2026-08-01,baseline
C01833,P03257,2025-01-01,2026-08-01,baseline
C01834,P04267,2025-01-01,2026-08-01,baseline
C01835,P01942,2025-01-01,2026-08-01,baseline
C01836,P07589,2025-01-01,2026-08-01,baseline
C01837,P05237,2025-01-01,2026-08-01,baseline
C01838,P02489,2025-01-01,2026-08-01,baseline
C01839,P05007,2025-01-01,2026-08-01,baseline
C01840,P05490,2025-01-01,2026-08-01,baseline
C01841,P06322,2025-01-01,2026-08-01,baseline
C01842,P01422,2025-01-01,2026-08-01,baseline
C01843,P07268,2025-01-01,2026-08-01,baseline
C01844,P06402,2025-01-01,2026-08-01,baseline
C01845,P09072,2025-01-01,2026-08-01,baseline
C01846,P00704,2025-01-01,2026-08-01,baseline
C01847,P04869,2025-01-01,2026-08-01,baseline
C01848,P00623,2025-01-01,2026-08-01,baseline
C01849,P09852,2025-01-01,2026-08-01,baseline
C01850,P08636,2025-01-01,2026-08-01,baseline
C01851,P02577,2025-01-01,2026-08-01,baseline
C01852,P08165,2025-01-01,2026-08-01,baseline
C01853,P03795,2025-01-01,2026-08-01,baseline
C01854,P09054,2025-01-01,2026-08-01,baseline
C01855,P05618,2025-01-01,2026-08-01,baseline
C01856,P09112,2025-01-01,2026-08-01,baseline
C01857,P05028,2025-01-01,2026-08-01,baseline
C01858,P02649,2025-01-01,2026-08-01,baseline
C01859,P05809,2025-01-01,2026-08-01,baseline
C01860,P00481,2025-01-01,2026-08-01,baseline
C01861,P05364,2025-01-01,2026-08-01,baseline
C01862,P05491,2025-01-01,2026-08-01,baseline
C01863,P03188,2025-01-01,2026-08-01,baseline
C01864,P05834,2025-01-01,2026-08-01,baseline
C01865,P04959,2025-01-01,2026-08-01,baseline
C01866,P07925,2025-01-01,2026-08-01,baseline
C01867,P07374,2025-01-01,2026-08-01,baseline
C01868,P01043,2025-01-01,2026-08-01,baseline
C01869,P06728,2025-01-01,2026-08-01,baseline
C01870,P09629,2025-01-01,2026-08-01,baseline
C01871,P01713,2025-01-01,2026-08-01,baseline
C01872,P07404,2025-01-01,2026-08-01,baseline
C01873,P06021,2025-01-01,2026-08-01,baseline
C01874,P05302,2025-01-01,2026-08-01,baseline
C01875,P06435,2025-01-01,2026-08-01,baseline
C01876,P09341,2025-01-01,2026-08-01,baseline
C01877,P01685,2025-01-01,2026-08-01,baseline
C01878,P00009,2025-01-01,2026-08-01,baseline
C01879,P00302,2025-01-01,2026-08-01,baseline
C01880,P05519,2025-01-01,2026-08-01,baseline
C01881,P04986,2025-01-01,2026-08-01,baseline
C01882,P01929,2025-01-01,2026-08-01,baseline
C01883,P08691,2025-01-01,2026-08-01,baseline
C01884,P01820,2025-01-01,2026-08-01,baseline
C01885,P08812,2025-01-01,2026-08-01,baseline
C01886,P00245,2025-01-01,2026-08-01,baseline
C01887,P05681,2025-01-01,2026-08-01,baseline
C01888,P01533,2025-01-01,2026-08-01,baseline
C01889,P07585,2025-01-01,2026-08-01,baseline
C01890,P00995,2025-01-01,2026-08-01,baseline
C01891,P01713,2025-01-01,2026-08-01,baseline
C01892,P01448,2025-01-01,2026-08-01,baseline
C01893,P02191,2025-01-01,2026-08-01,baseline
C01894,P00732,2025-01-01,2026-08-01,baseline
C01895,P06862,2025-01-01,2026-08-01,baseline
C01896,P00149,2025-01-01,2026-08-01,baseline
C01897,P02490,2025-01-01,2026-08-01,baseline
C01898,P08583,2025-01-01,2026-08-01,baseline
C01899,P05757,2025-01-01,2026-08-01,baseline
C01900,P05516,2025-01-01,2026-08-01,baseline
C01901,P06461,2025-01-01,2026-08-01,baseline
C01902,P05312,2025-01-01,2026-08-01,baseline
C01903,P01763,2025-01-01,2026-08-01,baseline
C01904,P04363,2025-01-01,2026-08-01,baseline
C01905,P05139,2025-01-01,2026-08-01,baseline
C01906,P00502,2025-01-01,2026-08-01,baseline
C01907,P01708,2025-01-01,2026-08-01,baseline
C01908,P06411,2025-01-01,2026-08-01,baseline
C01909,P03628,2025-01-01,2026-08-01,baseline
C01910,P02690,2025-01-01,2026-08-01,baseline
C01911,P00428,2025-01-01,2026-08-01,baseline
C01912,P00486,2025-01-01,2026-08-01,baseline
C01913,P02794,2025-01-01,2026-08-01,baseline
C01914,P02603,2025-01-01,2026-08-01,baseline
C01915,P00055,2025-01-01,2026-08-01,baseline
C01916,P08762,2025-01-01,2026-08-01,baseline
C01917,P03773,2025-01-01,2026-08-01,baseline
C01918,P04743,2025-01-01,2026-08-01,baseline
C01919,P03245,2025-01-01,2026-08-01,baseline
C01920,P08118,2025-01-01,2026-08-01,baseline
C01921,P04186,2025-01-01,2026-08-01,baseline
C01922,P01080,2025-01-01,2026-08-01,baseline
C01923,P09754,2025-01-01,2026-08-01,baseline
C01924,P00839,2025-01-01,2026-08-01,baseline
C01925,P02362,2025-01-01,2026-08-01,baseline
C01926,P08890,2025-01-01,2026-08-01,baseline
C01927,P02071,2025-01-01,2026-08-01,baseline
C01928,P03221,2025-01-01,2026-08-01,baseline
C01929,P00116,2025-01-01,2026-08-01,baseline
C01930,P00354,2025-01-01,2026-08-01,baseline
C01931,P01858,2025-01-01,2026-08-01,baseline
C01932,P02236,2025-01-01,2026-08-01,baseline
C01933,P05102,2025-01-01,2026-08-01,baseline
C01934,P04059,2025-01-01,2026-08-01,baseline
C01935,P01666,2025-01-01,2026-08-01,baseline
C01936,P01886,2025-01-01,2026-08-01,baseline
C01937,P09673,2025-01-01,2026-08-01,baseline
C01938,P01405,2025-01-01,2026-08-01,baseline
C01939,P04599,2025-01-01,2026-08-01,baseline
C01940,P06499,2025-01-01,2026-08-01,baseline
C01941,P05228,2025-01-01,2026-08-01,baseline
C01942,P03855,2025-01-01,2026-08-01,baseline
C01943,P09776,2025-01-01,2026-08-01,baseline
C01944,P01695,2025-01-01,2026-08-01,baseline
C01945,P03059,2025-01-01,2026-08-01,baseline
C01946,P05297,2025-01-01,2026-08-01,baseline
C01947,P00030,2025-01-01,2026-08-01,baseline
C01948,P03757,2025-01-01,2026-08-01,baseline
C01949,P08851,2025-01-01,2026-08-01,baseline
C01950,P01730,2025-01-01,2026-08-01,baseline
C01951,P00908,2025-01-01,2026-08-01,baseline
C01952,P06427,2025-01-01,2026-08-01,baseline
C01953,P06497,2025-01-01,2026-08-01,baseline
C01954,P00324,2025-01-01,2026-08-01,baseline
C01955,P00633,2025-01-01,2026-08-01,baseline
C01956,P07881,2025-01-01,2026-08-01,baseline
C01957,P06803,2025-01-01,2026-08-01,baseline
C01958,P01316,2025-01-01,2026-08-01,baseline
C01959,P02983,2025-01-01,2026-08-01,baseline
C01960,P03786,2025-01-01,2026-08-01,baseline
C01961,P04427,2025-01-01,2026-08-01,baseline
C01962,P04115,2025-01-01,2026-08-01,baseline
C01963,P05046,2025-01-01,2026-08-01,baseline
C01964,P02182,2025-01-01,2026-08-01,baseline
C01965,P01324,2025-01-01,2026-08-01,baseline
C01966,P05842,2025-01-01,2026-08-01,baseline
C01967,P04764,2025-01-01,2026-08-01,baseline
C01968,P06968,2025-01-01,2026-08-01,baseline
C01969,P01297,2025-01-01,2026-08-01,baseline
C01970,P04185,2025-01-01,2026-08-01,baseline
C01971,P06741,2025-01-01,2026-08-01,baseline
C01972,P06469,2025-01-01,2026-08-01,baseline
C01973,P02205,2025-01-01,2026-08-01,baseline
C01974,P06854,2025-01-01,2026-08-01,baseline
C01975,P01466,2025-01-01,2026-08-01,baseline
C01976,P07814,2025-01-01,2026-08-01,baseline
C01977,P06491,2025-01-01,2026-08-01,baseline
C01978,P05821,2025-01-01,2026-08-01,baseline
C01979,P09842,2025-01-01,2026-08-01,baseline
C01980,P04618,2025-01-01,2026-08-01,baseline
C01981,P01763,2025-01-01,2026-08-01,baseline
C01982,P04358,2025-01-01,2026-08-01,baseline
C01983,P09747,2025-01-01,2026-08-01,baseline
C01984,P00942,2025-01-01,2026-08-01,baseline
C01985,P09745,2025-01-01,2026-08-01,baseline
C01986,P00775,2025-01-01,2026-08-01,baseline
C01987,P06645,2025-01-01,2026-08-01,baseline
C01988,P02377,2025-01-01,2026-08-01,baseline
C01989,P08211,2025-01-01,2026-08-01,baseline
C01990,P00006,2025-01-01,2026-08-01,baseline
C01991,P02408,2025-01-01,2026-08-01,baseline
C01992,P09264,2025-01-01,2026-08-01,baseline
C01993,P09961,2025-01-01,2026-08-01,baseline
C01994,P02784,2025-01-01,2026-08-01,baseline
C01995,P04954,2025-01-01,2026-08-01,baseline
C01996,P06067,2025-01-01,2026-08-01,baseline
C01997,P03293,2025-01-01,2026-08-01,baseline
C01998,P05527,2025-01-01,2026-08-01,baseline
C01999,P02376,2025-01-01,2026-08-01,baseline
C02000,P05805,2025-01-01,2026-08-01,baseline
C02001,P04729,2025-01-01,2026-08-01,baseline
C02002,P09179,2025-01-01,2026-08-01,baseline
C02003,P03217,2025-01-01,2026-08-01,baseline
C02004,P05055,2025-01-01,2026-08-01,baseline
C02005,P08117,2025-01-01,2026-08-01,baseline
C02006,P01968,2025-01-01,2026-08-01,baseline
C02007,P05514,2025-01-01,2026-08-01,baseline
C02008,P02975,2025-01-01,2026-08-01,baseline
C02009,P09172,2025-01-01,2026-08-01,baseline
C02010,P00499,2025-01-01,2026-08-01,baseline
C02011,P07508,2025-01-01,2026-08-01,baseline
C02012,P02936,2025-01-01,2026-08-01,baseline
C02013,P06980,2025-01-01,2026-08-01,baseline
C02014,P09203,2025-01-01,2026-08-01,baseline
C02015,P00305,2025-01-01,2026-08-01,baseline
C02016,P01896,2025-01-01,2026-08-01,baseline
C02017,P09742,2025-01-01,2026-08-01,baseline
C02018,P05958,2025-01-01,2026-08-01,baseline
C02019,P03701,2025-01-01,2026-08-01,baseline
C02020,P04391,2025-01-01,2026-08-01,baseline
C02021,P09997,2025-01-01,2026-08-01,baseline
C02022,P00922,2025-01-01,2026-08-01,baseline
C02023,P05906,2025-01-01,2026-08-01,baseline
C02024,P00025,2025-01-01,2026-08-01,baseline
C02025,P07282,2025-01-01,2026-08-01,baseline
C02026,P07659,2025-01-01,2026-08-01,baseline
C02027,P09316,2025-01-01,2026-08-01,baseline
C02028,P05351,2025-01-01,2026-08-01,baseline
C02029,P09498,2025-01-01,2026-08-01,baseline
C02030,P03280,2025-01-01,2026-08-01,baseline
C02031,P08533,2025-01-01,2026-08-01,baseline
C02032,P03937,2025-01-01,2026-08-01,baseline
C02033,P05291,2025-01-01,2026-08-01,baseline
C02034,P04182,2025-01-01,2026-08-01,baseline
C02035,P03989,2025-01-01,2026-08-01,baseline
C02036,P06376,2025-01-01,2026-08-01,baseline
C02037,P01098,2025-01-01,2026-08-01,baseline
C02038,P00819,2025-01-01,2026-08-01,baseline
C02039,P01927,2025-01-01,2026-08-01,baseline
C02040,P07814,2025-01-01,2026-08-01,baseline
C02041,P01552,2025-01-01,2026-08-01,baseline
C02042,P05819,2025-01-01,2026-08-01,baseline
C02043,P01050,2025-01-01,2026-08-01,baseline
C02044,P04550,2025-01-01,2026-08-01,baseline
C02045,P00527,2025-01-01,2026-08-01,baseline
C02046,P07450,2025-01-01,2026-08-01,baseline
C02047,P04756,2025-01-01,2026-08-01,baseline
C02048,P07939,2025-01-01,2026-08-01,baseline
C02049,P08245,2025-01-01,2026-08-01,baseline
C02050,P00435,2025-01-01,2026-08-01,baseline
C02051,P08132,2025-01-01,2026-08-01,baseline
C02052,P00945,2025-01-01,2026-08-01,baseline
C02053,P09176,2025-01-01,2026-08-01,baseline
C02054,P09444,2025-01-01,2026-08-01,baseline
C02055,P07550,2025-01-01,2026-08-01,baseline
C02056,P01482,2025-01-01,2026-08-01,baseline
C02057,P03068,2025-01-01,2026-08-01,baseline
C02058,P07993,2025-01-01,2026-08-01,baseline
C02059,P09518,2025-01-01,2026-08-01,baseline
C02060,P06167,2025-01-01,2026-08-01,baseline
C02061,P01747,2025-01-01,2026-08-01,baseline
C02062,P09487,2025-01-01,2026-08-01,baseline
C02063,P03257,2025-01-01,2026-08-01,baseline
C02064,P02272,2025-01-01,2026-08-01,baseline
C02065,P04370,2025-01-01,2026-08-01,baseline
C02066,P03704,2025-01-01,2026-08-01,baseline
C02067,P02110,2025-01-01,2026-08-01,baseline
C02068,P04567,2025-01-01,2026-08-01,baseline
C02069,P05728,2025-01-01,2026-08-01,baseline
C02070,P03803,2025-01-01,2026-08-01,baseline
C02071,P02198,2025-01-01,2026-08-01,baseline
C02072,P03947,2025-01-01,2026-08-01,baseline
C02073,P06714,2025-01-01,2026-08-01,baseline
C02074,P09148,2025-01-01,2026-08-01,baseline
C02075,P04169,2025-01-01,2026-08-01,baseline
C02076,P06515,2025-01-01,2026-08-01,baseline
C02077,P02286,2025-01-01,2026-08-01,baseline
C02078,P01478,2025-01-01,2026-08-01,baseline
C02079,P07987,2025-01-01,2026-08-01,baseline
C02080,P03477,2025-01-01,2026-08-01,baseline
C02081,P02589,2025-01-01,2026-08-01,baseline
C02082,P00380,2025-01-01,2026-08-01,baseline
C02083,P05520,2025-01-01,2026-08-01,baseline
C02084,P04365,2025-01-01,2026-08-01,baseline
C02085,P09268,2025-01-01,2026-08-01,baseline
C02086,P06078,2025-01-01,2026-08-01,baseline
C02087,P02839,2025-01-01,2026-08-01,baseline
C02088,P08670,2025-01-01,2026-08-01,baseline
C02089,P02321,2025-01-01,2026-08-01,baseline
C02090,P08778,2025-01-01,2026-08-01,baseline
C02091,P02316,2025-01-01,2026-08-01,baseline
C02092,P07885,2025-01-01,2026-08-01,baseline
C02093,P02055,2025-01-01,2026-08-01,baseline
C02094,P00824,2025-01-01,2026-08-01,baseline
C02095,P01245,2025-01-01,2026-08-01,baseline
C02096,P08888,2025-01-01,2026-08-01,baseline
C02097,P07727,2025-01-01,2026-08-01,baseline
C02098,P09747,2025-01-01,2026-08-01,baseline
C02099,P09322,2025-01-01,2026-08-01,baseline
C02100,P04557,2025-01-01,2026-08-01,baseline
C02101,P08456,2025-01-01,2026-08-01,baseline
C02102,P02855,2025-01-01,2026-08-01,baseline
C02103,P02976,2025-01-01,2026-08-01,baseline
C02104,P06247,2025-01-01,2026-08-01,baseline
C02105,P00921,2025-01-01,2026-08-01,baseline
C02106,P06026,2025-01-01,2026-08-01,baseline
C02107,P00511,2025-01-01,2026-08-01,baseline
C02108,P09546,2025-01-01,2026-08-01,baseline
C02109,P00408,2025-01-01,2026-08-01,baseline
C02110,P09675,2025-01-01,2026-08-01,baseline
C02111,P06144,2025-01-01,2026-08-01,baseline
C02112,P01926,2025-01-01,2026-08-01,baseline
C02113,P00970,2025-01-01,2026-08-01,baseline
C02114,P08551,2025-01-01,2026-08-01,baseline
C02115,P07792,2025-01-01,2026-08-01,baseline
C02116,P03981,2025-01-01,2026-08-01,baseline
C02117,P10000,2025-01-01,2026-08-01,baseline
C02118,P05869,2025-01-01,2026-08-01,baseline
C02119,P09601,2025-01-01,2026-08-01,baseline
C02120,P06165,2025-01-01,2026-08-01,baseline
C02121,P08061,2025-01-01,2026-08-01,baseline
C02122,P04219,2025-01-01,2026-08-01,baseline
C02123,P04909,2025-01-01,2026-08-01,baseline
C02124,P03571,2025-01-01,2026-08-01,baseline
C02125,P02015,2025-01-01,2026-08-01,baseline
C02126,P02900,2025-01-01,2026-08-01,baseline
C02127,P02921,2025-01-01,2026-08-01,baseline
C02128,P04976,2025-01-01,2026-08-01,baseline
C02129,P04236,2025-01-01,2026-08-01,baseline
C02130,P07271,2025-01-01,2026-08-01,baseline
C02131,P00930,2025-01-01,2026-08-01,baseline
C02132,P05894,2025-01-01,2026-08-01,baseline
C02133,P02719,2025-01-01,2026-08-01,baseline
C02134,P06306,2025-01-01,2026-08-01,baseline
C02135,P02801,2025-01-01,2026-08-01,baseline
C02136,P09907,2025-01-01,2026-08-01,baseline
C02137,P08993,2025-01-01,2026-08-01,baseline
C02138,P06096,2025-01-01,2026-08-01,baseline
C02139,P09350,2025-01-01,2026-08-01,baseline
C02140,P00070,2025-01-01,2026-08-01,baseline
C02141,P03379,2025-01-01,2026-08-01,baseline
C02142,P08640,2025-01-01,2026-08-01,baseline
C02143,P09223,2025-01-01,2026-08-01,baseline
C02144,P03249,2025-01-01,2026-08-01,baseline
C02145,P08307,2025-01-01,2026-08-01,baseline
C02146,P01309,2025-01-01,2026-08-01,baseline
C02147,P03232,2025-01-01,2026-08-01,baseline
C02148,P09152,2025-01-01,2026-08-01,baseline
C02149,P05829,2025-01-01,2026-08-01,baseline
C02150,P07093,2025-01-01,2026-08-01,baseline
C02151,P02778,2025-01-01,2026-08-01,baseline
C02152,P01607,2025-01-01,2026-08-01,baseline
C02153,P02941,2025-01-01,2026-08-01,baseline
C02154,P07720,2025-01-01,2026-08-01,baseline
C02155,P04408,2025-01-01,2026-08-01,baseline
C02156,P03403,2025-01-01,2026-08-01,baseline
C02157,P06079,2025-01-01,2026-08-01,baseline
C02158,P03374,2025-01-01,2026-08-01,baseline
C02159,P08270,2025-01-01,2026-08-01,baseline
C02160,P08258,2025-01-01,2026-08-01,baseline
C02161,P07246,2025-01-01,2026-08-01,baseline
C02162,P06068,2025-01-01,2026-08-01,baseline
C02163,P04349,2025-01-01,2026-08-01,baseline
C02164,P01896,2025-01-01,2026-08-01,baseline
C02165,P00228,2025-01-01,2026-08-01,baseline
C02166,P06710,2025-01-01,2026-08-01,baseline
C02167,P08940,2025-01-01,2026-08-01,baseline
C02168,P09879,2025-01-01,2026-08-01,baseline
C02169,P02545,2025-01-01,2026-08-01,baseline
C02170,P04909,2025-01-01,2026-08-01,baseline
C02171,P04361,2025-01-01,2026-08-01,baseline
C02172,P04856,2025-01-01,2026-08-01,baseline
C02173,P01479,2025-01-01,2026-08-01,baseline
C02174,P00478,2025-01-01,2026-08-01,baseline
C02175,P05574,2025-01-01,2026-08-01,baseline
C02176,P00899,2025-01-01,2026-08-01,baseline
C02177,P00643,2025-01-01,2026-08-01,baseline
C02178,P03336,2025-01-01,2026-08-01,baseline
C02179,P07020,2025-01-01,2026-08-01,baseline
C02180,P07321,2025-01-01,2026-08-01,baseline
C02181,P06872,2025-01-01,2026-08-01,baseline
C02182,P06723,2025-01-01,2026-08-01,baseline
C02183,P00975,2025-01-01,2026-08-01,baseline
C02184,P08102,2025-01-01,2026-08-01,baseline
C02185,P06647,2025-01-01,2026-08-01,baseline
C02186,P04157,2025-01-01,2026-08-01,baseline
C02187,P05036,2025-01-01,2026-08-01,baseline
C02188,P07699,2025-01-01,2026-08-01,baseline
C02189,P06578,2025-01-01,2026-08-01,baseline
C02190,P02710,2025-01-01,2026-08-01,baseline
C02191,P06598,2025-01-01,2026-08-01,baseline
C02192,P09186,2025-01-01,2026-08-01,baseline
C02193,P01944,2025-01-01,2026-08-01,baseline
C02194,P06120,2025-01-01,2026-08-01,baseline
C02195,P03581,2025-01-01,2026-08-01,baseline
C02196,P03680,2025-01-01,2026-08-01,baseline
C02197,P00447,2025-01-01,2026-08-01,baseline
C02198,P06295,2025-01-01,2026-08-01,baseline
C02199,P00554,2025-01-01,2026-08-01,baseline
C02200,P05136,2025-01-01,2026-08-01,baseline
C02201,P03418,2025-01-01,2026-08-01,baseline
C02202,P07193,2025-01-01,2026-08-01,baseline
C02203,P06877,2025-01-01,2026-08-01,baseline
C02204,P08088,2025-01-01,2026-08-01,baseline
C02205,P07670,2025-01-01,2026-08-01,baseline
C02206,P07339,2025-01-01,2026-08-01,baseline
C02207,P01292,2025-01-01,2026-08-01,baseline
C02208,P00498,2025-01-01,2026-08-01,baseline
C02209,P09460,2025-01-01,2026-08-01,baseline
C02210,P01703,2025-01-01,2026-08-01,baseline
C02211,P01787,2025-01-01,2026-08-01,baseline
C02212,P08177,2025-01-01,2026-08-01,baseline
C02213,P08912,2025-01-01,2026-08-01,baseline
C02214,P03281,2025-01-01,2026-08-01,baseline
C02215,P01875,2025-01-01,2026-08-01,baseline
C02216,P05556,2025-01-01,2026-08-01,baseline
C02217,P07578,2025-01-01,2026-08-01,baseline
C02218,P07183,2025-01-01,2026-08-01,baseline
C02219,P07103,2025-01-01,2026-08-01,baseline
C02220,P05214,2025-01-01,2026-08-01,baseline
C02221,P03972,2025-01-01,2026-08-01,baseline
C02222,P02659,2025-01-01,2026-08-01,baseline
C02223,P05741,2025-01-01,2026-08-01,baseline
C02224,P08924,2025-01-01,2026-08-01,baseline
C02225,P03192,2025-01-01,2026-08-01,baseline
C02226,P02505,2025-01-01,2026-08-01,baseline
C02227,P00118,2025-01-01,2026-08-01,baseline
C02228,P07339,2025-01-01,2026-08-01,baseline
C02229,P03460,2025-01-01,2026-08-01,baseline
C02230,P03885,2025-01-01,2026-08-01,baseline
C02231,P06716,2025-01-01,2026-08-01,baseline
C02232,P05554,2025-01-01,2026-08-01,baseline
C02233,P05087,2025-01-01,2026-08-01,baseline
C02234,P05203,2025-01-01,2026-08-01,baseline
C02235,P06406,2025-01-01,2026-08-01,baseline
C02236,P00846,2025-01-01,2026-08-01,baseline
C02237,P00660,2025-01-01,2026-08-01,baseline
C02238,P05734,2025-01-01,2026-08-01,baseline
C02239,P09491,2025-01-01,2026-08-01,baseline
C02240,P09002,2025-01-01,2026-08-01,baseline
C02241,P05660,2025-01-01,2026-08-01,baseline
C02242,P03921,2025-01-01,2026-08-01,baseline
C02243,P08957,2025-01-01,2026-08-01,baseline
C02244,P01582,2025-01-01,2026-08-01,baseline
C02245,P01370,2025-01-01,2026-08-01,baseline
C02246,P03800,2025-01-01,2026-08-01,baseline
C02247,P05476,2025-01-01,2026-08-01,baseline
C02248,P00990,2025-01-01,2026-08-01,baseline
C02249,P04343,2025-01-01,2026-08-01,baseline
C02250,P07002,2025-01-01,2026-08-01,baseline
C02251,P00889,2025-01-01,2026-08-01,baseline
C02252,P02373,2025-01-01,2026-08-01,baseline
C02253,P05821,2025-01-01,2026-08-01,baseline
C02254,P08047,2025-01-01,2026-08-01,baseline
C02255,P08579,2025-01-01,2026-08-01,baseline
C02256,P08438,2025-01-01,2026-08-01,baseline
C02257,P09355,2025-01-01,2026-08-01,baseline
C02258,P09346,2025-01-01,2026-08-01,baseline
C02259,P02105,2025-01-01,2026-08-01,baseline
C02260,P00757,2025-01-01,2026-08-01,baseline
C02261,P03553,2025-01-01,2026-08-01,baseline
C02262,P09208,2025-01-01,2026-08-01,baseline
C02263,P07700,2025-01-01,2026-08-01,baseline
C02264,P01738,2025-01-01,2026-08-01,baseline
C02265,P05190,2025-01-01,2026-08-01,baseline
C02266,P09301,2025-01-01,2026-08-01,baseline
C02267,P02169,2025-01-01,2026-08-01,baseline
C02268,P04356,2025-01-01,2026-08-01,baseline
C02269,P05622,2025-01-01,2026-08-01,baseline
C02270,P09274,2025-01-01,2026-08-01,baseline
C02271,P01957,2025-01-01,2026-08-01,baseline
C02272,P04886,2025-01-01,2026-08-01,baseline
C02273,P06759,2025-01-01,2026-08-01,baseline
C02274,P09377,2025-01-01,2026-08-01,baseline
C02275,P04835,2025-01-01,2026-08-01,baseline
C02276,P01021,2025-01-01,2026-08-01,baseline
C02277,P06805,2025-01-01,2026-08-01,baseline
C02278,P09882,2025-01-01,2026-08-01,baseline
C02279,P07446,2025-01-01,2026-08-01,baseline
C02280,P05937,2025-01-01,2026-08-01,baseline
C02281,P05177,2025-01-01,2026-08-01,baseline
C02282,P09863,2025-01-01,2026-08-01,baseline
C02283,P09546,2025-01-01,2026-08-01,baseline
C02284,P00051,2025-01-01,2026-08-01,baseline
C02285,P02409,2025-01-01,2026-08-01,baseline
C02286,P01625,2025-01-01,2026-08-01,baseline
C02287,P07974,2025-01-01,2026-08-01,baseline
C02288,P05005,2025-01-01,2026-08-01,baseline
C02289,P09242,2025-01-01,2026-08-01,baseline
C02290,P03198,2025-01-01,2026-08-01,baseline
C02291,P06531,2025-01-01,2026-08-01,baseline
C02292,P07384,2025-01-01,2026-08-01,baseline
C02293,P04827,2025-01-01,2026-08-01,baseline
C02294,P05783,2025-01-01,2026-08-01,baseline
C02295,P09910,2025-01-01,2026-08-01,baseline
C02296,P07444,2025-01-01,2026-08-01,baseline
C02297,P03393,2025-01-01,2026-08-01,baseline
C02298,P06139,2025-01-01,2026-08-01,baseline
C02299,P00787,2025-01-01,2026-08-01,baseline
C02300,P00499,2025-01-01,2026-08-01,baseline
C02301,P02598,2025-01-01,2026-08-01,baseline
C02302,P07488,2025-01-01,2026-08-01,baseline
C02303,P08877,2025-01-01,2026-08-01,baseline
C02304,P01300,2025-01-01,2026-08-01,baseline
C02305,P02242,2025-01-01,2026-08-01,baseline
C02306,P00406,2025-01-01,2026-08-01,baseline
C02307,P06864,2025-01-01,2026-08-01,baseline
C02308,P09328,2025-01-01,2026-08-01,baseline
C02309,P04629,2025-01-01,2026-08-01,baseline
C02310,P02484,2025-01-01,2026-08-01,baseline
C02311,P01736,2025-01-01,2026-08-01,baseline
C02312,P01807,2025-01-01,2026-08-01,baseline
C02313,P02273,2025-01-01,2026-08-01,baseline
C02314,P04048,2025-01-01,2026-08-01,baseline
C02315,P09049,2025-01-01,2026-08-01,baseline
C02316,P04891,2025-01-01,2026-08-01,baseline
C02317,P06981,2025-01-01,2026-08-01,baseline
C02318,P06629,2025-01-01,2026-08-01,baseline
C02319,P04520,2025-01-01,2026-08-01,baseline
C02320,P05825,2025-01-01,2026-08-01,baseline
C02321,P01414,2025-01-01,2026-08-01,baseline
C02322,P01342,2025-01-01,2026-08-01,baseline
C02323,P04164,2025-01-01,2026-08-01,baseline
C02324,P00532,2025-01-01,2026-08-01,baseline
C02325,P09358,2025-01-01,2026-08-01,baseline
C02326,P03893,2025-01-01,2026-08-01,baseline
C02327,P04171,2025-01-01,2026-08-01,baseline
C02328,P04266,2025-01-01,2026-08-01,baseline
C02329,P01084,2025-01-01,2026-08-01,baseline
C02330,P06722,2025-01-01,2026-08-01,baseline
C02331,P00734,2025-01-01,2026-08-01,baseline
C02332,P00616,2025-01-01,2026-08-01,baseline
C02333,P06715,2025-01-01,2026-08-01,baseline
C02334,P01539,2025-01-01,2026-08-01,baseline
C02335,P01681,2025-01-01,2026-08-01,baseline
C02336,P00324,2025-01-01,2026-08-01,baseline
C02337,P07013,2025-01-01,2026-08-01,baseline
C02338,P03750,2025-01-01,2026-08-01,baseline
C02339,P09165,2025-01-01,2026-08-01,baseline
C02340,P02309,2025-01-01,2026-08-01,baseline
C02341,P00631,2025-01-01,2026-08-01,baseline
C02342,P04207,2025-01-01,2026-08-01,baseline
C02343,P00749,2025-01-01,2026-08-01,baseline
C02344,P03594,2025-01-01,2026-08-01,baseline
C02345,P01014,2025-01-01,2026-08-01,baseline
C02346,P01796,2025-01-01,2026-08-01,baseline
C02347,P01714,2025-01-01,2026-08-01,baseline
C02348,P02622,2025-01-01,2026-08-01,baseline
C02349,P00626,2025-01-01,2026-08-01,baseline
C02350,P09269,2025-01-01,2026-08-01,baseline
C02351,P05487,2025-01-01,2026-08-01,baseline
C02352,P00407,2025-01-01,2026-08-01,baseline
C02353,P00386,2025-01-01,2026-08-01,baseline
C02354,P04673,2025-01-01,2026-08-01,baseline
C02355,P07301,2025-01-01,2026-08-01,baseline
C02356,P00902,2025-01-01,2026-08-01,baseline
C02357,P00535,2025-01-01,2026-08-01,baseline
C02358,P03851,2025-01-01,2026-08-01,baseline
C02359,P08372,2025-01-01,2026-08-01,baseline
C02360,P00020,2025-01-01,2026-08-01,baseline
C02361,P01470,2025-01-01,2026-08-01,baseline
C02362,P09595,2025-01-01,2026-08-01,baseline
C02363,P09646,2025-01-01,2026-08-01,baseline
C02364,P01147,2025-01-01,2026-08-01,baseline
C02365,P03386,2025-01-01,2026-08-01,baseline
C02366,P01004,2025-01-01,2026-08-01,baseline
C02367,P00445,2025-01-01,2026-08-01,baseline
C02368,P06363,2025-01-01,2026-08-01,baseline
C02369,P08903,2025-01-01,2026-08-01,baseline
C02370,P06812,2025-01-01,2026-08-01,baseline
C02371,P06789,2025-01-01,2026-08-01,baseline
C02372,P07680,2025-01-01,2026-08-01,baseline
C02373,P06188,2025-01-01,2026-08-01,baseline
C02374,P03034,2025-01-01,2026-08-01,baseline
C02375,P02014,2025-01-01,2026-08-01,baseline
C02376,P01721,2025-01-01,2026-08-01,baseline
C02377,P03976,2025-01-01,2026-08-01,baseline
C02378,P08831,2025-01-01,2026-08-01,baseline
C02379,P08756,2025-01-01,2026-08-01,baseline
C02380,P05642,2025-01-01,2026-08-01,baseline
C02381,P09721,2025-01-01,2026-08-01,baseline
C02382,P06707,2025-01-01,2026-08-01,baseline
C02383,P03830,2025-01-01,2026-08-01,baseline
C02384,P05825,2025-01-01,2026-08-01,baseline
C02385,P05199,2025-01-01,2026-08-01,baseline
C02386,P06207,2025-01-01,2026-08-01,baseline
C02387,P07185,2025-01-01,2026-08-01,baseline
C02388,P05265,2025-01-01,2026-08-01,baseline
C02389,P01328,2025-01-01,2026-08-01,baseline
C02390,P09768,2025-01-01,2026-08-01,baseline
C02391,P05863,2025-01-01,2026-08-01,baseline
C02392,P00341,2025-01-01,2026-08-01,baseline
C02393,P04981,2025-01-01,2026-08-01,baseline
C02394,P09860,2025-01-01,2026-08-01,baseline
C02395,P07063,2025-01-01,2026-08-01,baseline
C02396,P06737,2025-01-01,2026-08-01,baseline
C02397,P09346,2025-01-01,2026-08-01,baseline
C02398,P07658,2025-01-01,2026-08-01,baseline
C02399,P08245,2025-01-01,2026-08-01,baseline
C02400,P00194,2025-01-01,2026-08-01,baseline
C02401,P03994,2025-01-01,2026-08-01,baseline
C02402,P06948,2025-01-01,2026-08-01,baseline
C02403,P04753,2025-01-01,2026-08-01,baseline
C02404,P00699,2025-01-01,2026-08-01,baseline
C02405,P03850,2025-01-01,2026-08-01,baseline
C02406,P00047,2025-01-01,2026-08-01,baseline
C02407,P01653,2025-01-01,2026-08-01,baseline
C02408,P05839,2025-01-01,2026-08-01,baseline
C02409,P00889,2025-01-01,2026-08-01,baseline
C02410,P03643,2025-01-01,2026-08-01,baseline
C02411,P08320,2025-01-01,2026-08-01,baseline
C02412,P00331,2025-01-01,2026-08-01,baseline
C02413,P04105,2025-01-01,2026-08-01,baseline
C02414,P00225,2025-01-01,2026-08-01,baseline
C02415,P02493,2025-01-01,2026-08-01,baseline
C02416,P03225,2025-01-01,2026-08-01,baseline
C02417,P02104,2025-01-01,2026-08-01,baseline
C02418,P04092,2025-01-01,2026-08-01,baseline
C02419,P00843,2025-01-01,2026-08-01,baseline
C02420,P07389,2025-01-01,2026-08-01,baseline
C02421,P03250,2025-01-01,2026-08-01,baseline
C02422,P04128,2025-01-01,2026-08-01,baseline
C02423,P07650,2025-01-01,2026-08-01,baseline
C02424,P02143,2025-01-01,2026-08-01,baseline
C02425,P06390,2025-01-01,2026-08-01,baseline
C02426,P03804,2025-01-01,2026-08-01,baseline
C02427,P05277,2025-01-01,2026-08-01,baseline
C02428,P06227,2025-01-01,2026-08-01,baseline
C02429,P07102,2025-01-01,2026-08-01,baseline
C02430,P07121,2025-01-01,2026-08-01,baseline
C02431,P07945,2025-01-01,2026-08-01,baseline
C02432,P04464,2025-01-01,2026-08-01,baseline
C02433,P06634,2025-01-01,2026-08-01,baseline
C02434,P04301,2025-01-01,2026-08-01,baseline
C02435,P04851,2025-01-01,2026-08-01,baseline
C02436,P05586,2025-01-01,2026-08-01,baseline
C02437,P08017,2025-01-01,2026-08-01,baseline
C02438,P00681,2025-01-01,2026-08-01,baseline
C02439,P08347,2025-01-01,2026-08-01,baseline
C02440,P06919,2025-01-01,2026-08-01,baseline
C02441,P03903,2025-01-01,2026-08-01,baseline
C02442,P07113,2025-01-01,2026-08-01,baseline
C02443,P01154,2025-01-01,2026-08-01,baseline
C02444,P08517,2025-01-01,2026-08-01,baseline
C02445,P00671,2025-01-01,2026-08-01,baseline
C02446,P02909,2025-01-01,2026-08-01,baseline
C02447,P03990,2025-01-01,2026-08-01,baseline
C02448,P08742,2025-01-01,2026-08-01,baseline
C02449,P06150,2025-01-01,2026-08-01,baseline
C02450,P04289,2025-01-01,2026-08-01,baseline
C02451,P01238,2025-01-01,2026-08-01,baseline
C02452,P00912,2025-01-01,2026-08-01,baseline
C02453,P01501,2025-01-01,2026-08-01,baseline
C02454,P03551,2025-01-01,2026-08-01,baseline
C02455,P02801,2025-01-01,2026-08-01,baseline
C02456,P02518,2025-01-01,2026-08-01,baseline
C02457,P05560,2025-01-01,2026-08-01,baseline
C02458,P03760,2025-01-01,2026-08-01,baseline
C02459,P06334,2025-01-01,2026-08-01,baseline
C02460,P02463,2025-01-01,2026-08-01,baseline
C02461,P08960,2025-01-01,2026-08-01,baseline
C02462,P05191,2025-01-01,2026-08-01,baseline
C02463,P07648,2025-01-01,2026-08-01,baseline
C02464,P03159,2025-01-01,2026-08-01,baseline
C02465,P06130,2025-01-01,2026-08-01,baseline
C02466,P08241,2025-01-01,2026-08-01,baseline
C02467,P04671,2025-01-01,2026-08-01,baseline
C02468,P04893,2025-01-01,2026-08-01,baseline
C02469,P01267,2025-01-01,2026-08-01,baseline
C02470,P02255,2025-01-01,2026-08-01,baseline
C02471,P01324,2025-01-01,2026-08-01,baseline
C02472,P00098,2025-01-01,2026-08-01,baseline
C02473,P06871,2025-01-01,2026-08-01,baseline
C02474,P04165,2025-01-01,2026-08-01,baseline
C02475,P00133,2025-01-01,2026-08-01,baseline
C02476,P08528,2025-01-01,2026-08-01,baseline
C02477,P00447,2025-01-01,2026-08-01,baseline
C02478,P06773,2025-01-01,2026-08-01,baseline
C02479,P02414,2025-01-01,2026-08-01,baseline
C02480,P01040,2025-01-01,2026-08-01,baseline
C02481,P05916,2025-01-01,2026-08-01,baseline
C02482,P09881,2025-01-01,2026-08-01,baseline
C02483,P06634,2025-01-01,2026-08-01,baseline
C02484,P02990,2025-01-01,2026-08-01,baseline
C02485,P08976,2025-01-01,2026-08-01,baseline
C02486,P08908,2025-01-01,2026-08-01,baseline
C02487,P01656,2025-01-01,2026-08-01,baseline
C02488,P08390,2025-01-01,2026-08-01,baseline
C02489,P05194,2025-01-01,2026-08-01,baseline
C02490,P04119,2025-01-01,2026-08-01,baseline
C02491,P04012,2025-01-01,2026-08-01,baseline
C02492,P09438,2025-01-01,2026-08-01,baseline
C02493,P06487,2025-01-01,2026-08-01,baseline
C02494,P06546,2025-01-01,2026-08-01,baseline
C02495,P05342,2025-01-01,2026-08-01,baseline
C02496,P03903,2025-01-01,2026-08-01,baseline
C02497,P04308,2025-01-01,2026-08-01,baseline
C02498,P08883,2025-01-01,2026-08-01,baseline
C02499,P05251,2025-01-01,2026-08-01,baseline
C02500,P00549,2025-01-01,2026-08-01,baseline
C02501,P05310,2025-01-01,2026-08-01,baseline
C02502,P04833,2025-01-01,2026-08-01,baseline
C02503,P04814,2025-01-01,2026-08-01,baseline
C02504,P09785,2025-01-01,2026-08-01,baseline
C02505,P01788,2025-01-01,2026-08-01,baseline
C02506,P09249,2025-01-01,2026-08-01,baseline
C02507,P08316,2025-01-01,2026-08-01,baseline
C02508,P09509,2025-01-01,2026-08-01,baseline
C02509,P02457,2025-01-01,2026-08-01,baseline
C02510,P07751,2025-01-01,2026-08-01,baseline
C02511,P07408,2025-01-01,2026-08-01,baseline
C02512,P09855,2025-01-01,2026-08-01,baseline
C02513,P02803,2025-01-01,2026-08-01,baseline
C02514,P09911,2025-01-01,2026-08-01,baseline
C02515,P08820,2025-01-01,2026-08-01,baseline
C02516,P03833,2025-01-01,2026-08-01,baseline
C02517,P06938,2025-01-01,2026-08-01,baseline
C02518,P07380,2025-01-01,2026-08-01,baseline
C02519,P03964,2025-01-01,2026-08-01,baseline
C02520,P02147,2025-01-01,2026-08-01,baseline
C02521,P02522,2025-01-01,2026-08-01,baseline
C02522,P07115,2025-01-01,2026-08-01,baseline
C02523,P07488,2025-01-01,2026-08-01,baseline
C02524,P01432,2025-01-01,2026-08-01,baseline
C02525,P00752,2025-01-01,2026-08-01,baseline
C02526,P05609,2025-01-01,2026-08-01,baseline
C02527,P02979,2025-01-01,2026-08-01,baseline
C02528,P08947,2025-01-01,2026-08-01,baseline
C02529,P09017,2025-01-01,2026-08-01,baseline
C02530,P01888,2025-01-01,2026-08-01,baseline
C02531,P08367,2025-01-01,2026-08-01,baseline
C02532,P09023,2025-01-01,2026-08-01,baseline
C02533,P04954,2025-01-01,2026-08-01,baseline
C02534,P02267,2025-01-01,2026-08-01,baseline
C02535,P04163,2025-01-01,2026-08-01,baseline
C02536,P00395,2025-01-01,2026-08-01,baseline
C02537,P05035,2025-01-01,2026-08-01,baseline
C02538,P09948,2025-01-01,2026-08-01,baseline
C02539,P08369,2025-01-01,2026-08-01,baseline
C02540,P05519,2025-01-01,2026-08-01,baseline
C02541,P01133,2025-01-01,2026-08-01,baseline
C02542,P02926,2025-01-01,2026-08-01,baseline
C02543,P00052,2025-01-01,2026-08-01,baseline
C02544,P06767,2025-01-01,2026-08-01,baseline
C02545,P09885,2025-01-01,2026-08-01,baseline
C02546,P02649,2025-01-01,2026-08-01,baseline
C02547,P05664,2025-01-01,2026-08-01,baseline
C02548,P06409,2025-01-01,2026-08-01,baseline
C02549,P01531,2025-01-01,2026-08-01,baseline
C02550,P05180,2025-01-01,2026-08-01,baseline
C02551,P08503,2025-01-01,2026-08-01,baseline
C02552,P01000,2025-01-01,2026-08-01,baseline
C02553,P01529,2025-01-01,2026-08-01,baseline
C02554,P04842,2025-01-01,2026-08-01,baseline
C02555,P02565,2025-01-01,2026-08-01,baseline
C02556,P03070,2025-01-01,2026-08-01,baseline
C02557,P08185,2025-01-01,2026-08-01,baseline
C02558,P03060,2025-01-01,2026-08-01,baseline
C02559,P01432,2025-01-01,2026-08-01,baseline
C02560,P02663,2025-01-01,2026-08-01,baseline
C02561,P08351,2025-01-01,2026-08-01,baseline
C02562,P02617,2025-01-01,2026-08-01,baseline
C02563,P08892,2025-01-01,2026-08-01,baseline
C02564,P04506,2025-01-01,2026-08-01,baseline
C02565,P05626,2025-01-01,2026-08-01,baseline
C02566,P09964,2025-01-01,2026-08-01,baseline
C02567,P02227,2025-01-01,2026-08-01,baseline
C02568,P05477,2025-01-01,2026-08-01,baseline
C02569,P05999,2025-01-01,2026-08-01,baseline
C02570,P03882,2025-01-01,2026-08-01,baseline
C02571,P06159,2025-01-01,2026-08-01,baseline
C02572,P07448,2025-01-01,2026-08-01,baseline
C02573,P07665,2025-01-01,2026-08-01,baseline
C02574,P06846,2025-01-01,2026-08-01,baseline
C02575,P08009,2025-01-01,2026-08-01,baseline
C02576,P04765,2025-01-01,2026-08-01,baseline
C02577,P06029,2025-01-01,2026-08-01,baseline
C02578,P05727,2025-01-01,2026-08-01,baseline
C02579,P01482,2025-01-01,2026-08-01,baseline
C02580,P02241,2025-01-01,2026-08-01,baseline
C02581,P06060,2025-01-01,2026-08-01,baseline
C02582,P06495,2025-01-01,2026-08-01,baseline
C02583,P05395,2025-01-01,2026-08-01,baseline
C02584,P00790,2025-01-01,2026-08-01,baseline
C02585,P05788,2025-01-01,2026-08-01,baseline
C02586,P06150,2025-01-01,2026-08-01,baseline
C02587,P07132,2025-01-01,2026-08-01,baseline
C02588,P04678,2025-01-01,2026-08-01,baseline
C02589,P02923,2025-01-01,2026-08-01,baseline
C02590,P09025,2025-01-01,2026-08-01,baseline
C02591,P02796,2025-01-01,2026-08-01,baseline
C02592,P00131,2025-01-01,2026-08-01,baseline
C02593,P03442,2025-01-01,2026-08-01,baseline
C02594,P00501,2025-01-01,2026-08-01,baseline
C02595,P08968,2025-01-01,2026-08-01,baseline
C02596,P00407,2025-01-01,2026-08-01,baseline
C02597,P05822,2025-01-01,2026-08-01,baseline
C02598,P04733,2025-01-01,2026-08-01,baseline
C02599,P03031,2025-01-01,2026-08-01,baseline
C02600,P09903,2025-01-01,2026-08-01,baseline
C02601,P01169,2025-01-01,2026-08-01,baseline
C02602,P07932,2025-01-01,2026-08-01,baseline
C02603,P03971,2025-01-01,2026-08-01,baseline
C02604,P07663,2025-01-01,2026-08-01,baseline
C02605,P00346,2025-01-01,2026-08-01,baseline
C02606,P04316,2025-01-01,2026-08-01,baseline
C02607,P08012,2025-01-01,2026-08-01,baseline
C02608,P09054,2025-01-01,2026-08-01,baseline
C02609,P06023,2025-01-01,2026-08-01,baseline
C02610,P05036,2025-01-01,2026-08-01,baseline
C02611,P09157,2025-01-01,2026-08-01,baseline
C02612,P05724,2025-01-01,2026-08-01,baseline
C02613,P05973,2025-01-01,2026-08-01,baseline
C02614,P09033,2025-01-01,2026-08-01,baseline
C02615,P09470,2025-01-01,2026-08-01,baseline
C02616,P03897,2025-01-01,2026-08-01,baseline
C02617,P08298,2025-01-01,2026-08-01,baseline
C02618,P00870,2025-01-01,2026-08-01,baseline
C02619,P03601,2025-01-01,2026-08-01,baseline
C02620,P01796,2025-01-01,2026-08-01,baseline
C02621,P03490,2025-01-01,2026-08-01,baseline
C02622,P03012,2025-01-01,2026-08-01,baseline
C02623,P06336,2025-01-01,2026-08-01,baseline
C02624,P05280,2025-01-01,2026-08-01,baseline
C02625,P05472,2025-01-01,2026-08-01,baseline
C02626,P00185,2025-01-01,2026-08-01,baseline
C02627,P08095,2025-01-01,2026-08-01,baseline
C02628,P04583,2025-01-01,2026-08-01,baseline
C02629,P03896,2025-01-01,2026-08-01,baseline
C02630,P06688,2025-01-01,2026-08-01,baseline
C02631,P07543,2025-01-01,2026-08-01,baseline
C02632,P08549,2025-01-01,2026-08-01,baseline
C02633,P09816,2025-01-01,2026-08-01,baseline
C02634,P04891,2025-01-01,2026-08-01,baseline
C02635,P04734,2025-01-01,2026-08-01,baseline
C02636,P07140,2025-01-01,2026-08-01,baseline
C02637,P09524,2025-01-01,2026-08-01,baseline
C02638,P07209,2025-01-01,2026-08-01,baseline
C02639,P07722,2025-01-01,2026-08-01,baseline
C02640,P04848,2025-01-01,2026-08-01,baseline
C02641,P08393,2025-01-01,2026-08-01,baseline
C02642,P04448,2025-01-01,2026-08-01,baseline
C02643,P05588,2025-01-01,2026-08-01,baseline
C02644,P02305,2025-01-01,2026-08-01,baseline
C02645,P05395,2025-01-01,2026-08-01,baseline
C02646,P06110,2025-01-01,2026-08-01,baseline
C02647,P07186,2025-01-01,2026-08-01,baseline
C02648,P01399,2025-01-01,2026-08-01,baseline
C02649,P05170,2025-01-01,2026-08-01,baseline
C02650,P08553,2025-01-01,2026-08-01,baseline
C02651,P05081,2025-01-01,2026-08-01,baseline
C02652,P08589,2025-01-01,2026-08-01,baseline
C02653,P09916,2025-01-01,2026-08-01,baseline
C02654,P06082,2025-01-01,2026-08-01,baseline
C02655,P09084,2025-01-01,2026-08-01,baseline
C02656,P04951,2025-01-01,2026-08-01,baseline
C02657,P09452,2025-01-01,2026-08-01,baseline
C02658,P00217,2025-01-01,2026-08-01,baseline
C02659,P08157,2025-01-01,2026-08-01,baseline
C02660,P02637,2025-01-01,2026-08-01,baseline
C02661,P00256,2025-01-01,2026-08-01,baseline
C02662,P05083,2025-01-01,2026-08-01,baseline
C02663,P04408,2025-01-01,2026-08-01,baseline
C02664,P08258,2025-01-01,2026-08-01,baseline
C02665,P05259,2025-01-01,2026-08-01,baseline
C02666,P08261,2025-01-01,2026-08-01,baseline
C02667,P05530,2025-01-01,2026-08-01,baseline
C02668,P06654,2025-01-01,2026-08-01,baseline
C02669,P03836,2025-01-01,2026-08-01,baseline
C02670,P09704,2025-01-01,2026-08-01,baseline
C02671,P02223,2025-01-01,2026-08-01,baseline
C02672,P03385,2025-01-01,2026-08-01,baseline
C02673,P06634,2025-01-01,2026-08-01,baseline
C02674,P02282,2025-01-01,2026-08-01,baseline
C02675,P08100,2025-01-01,2026-08-01,baseline
C02676,P09828,2025-01-01,2026-08-01,baseline
C02677,P09366,2025-01-01,2026-08-01,baseline
C02678,P06398,2025-01-01,2026-08-01,baseline
C02679,P08336,2025-01-01,2026-08-01,baseline
C02680,P06730,2025-01-01,2026-08-01,baseline
C02681,P00285,2025-01-01,2026-08-01,baseline
C02682,P05957,2025-01-01,2026-08-01,baseline
C02683,P07726,2025-01-01,2026-08-01,baseline
C02684,P02673,2025-01-01,2026-08-01,baseline
C02685,P08731,2025-01-01,2026-08-01,baseline
C02686,P04162,2025-01-01,2026-08-01,baseline
C02687,P04595,2025-01-01,2026-08-01,baseline
C02688,P06778,2025-01-01,2026-08-01,baseline
C02689,P09511,2025-01-01,2026-08-01,baseline
C02690,P09589,2025-01-01,2026-08-01,baseline
C02691,P08559,2025-01-01,2026-08-01,baseline
C02692,P08949,2025-01-01,2026-08-01,baseline
C02693,P07273,2025-01-01,2026-08-01,baseline
C02694,P02242,2025-01-01,2026-08-01,baseline
C02695,P04114,2025-01-01,2026-08-01,baseline
C02696,P00388,2025-01-01,2026-08-01,baseline
C02697,P04516,2025-01-01,2026-08-01,baseline
C02698,P01526,2025-01-01,2026-08-01,baseline
C02699,P08244,2025-01-01,2026-08-01,baseline
C02700,P06312,2025-01-01,2026-08-01,baseline
C02701,P04295,2025-01-01,2026-08-01,baseline
C02702,P09170,2025-01-01,2026-08-01,baseline
C02703,P05955,2025-01-01,2026-08-01,baseline
C02704,P00363,2025-01-01,2026-08-01,baseline
C02705,P04955,2025-01-01,2026-08-01,baseline
C02706,P03733,2025-01-01,2026-08-01,baseline
C02707,P00385,2025-01-01,2026-08-01,baseline
C02708,P00416,2025-01-01,2026-08-01,baseline
C02709,P01816,2025-01-01,2026-08-01,baseline
C02710,P02117,2025-01-01,2026-08-01,baseline
C02711,P00539,2025-01-01,2026-08-01,baseline
C02712,P01857,2025-01-01,2026-08-01,baseline
C02713,P04206,2025-01-01,2026-08-01,baseline
C02714,P05928,2025-01-01,2026-08-01,baseline
C02715,P06734,2025-01-01,2026-08-01,baseline
C02716,P09791,2025-01-01,2026-08-01,baseline
C02717,P02235,2025-01-01,2026-08-01,baseline
C02718,P00728,2025-01-01,2026-08-01,baseline
C02719,P02036,2025-01-01,2026-08-01,baseline
C02720,P08879,2025-01-01,2026-08-01,baseline
C02721,P05506,2025-01-01,2026-08-01,baseline
C02722,P01394,2025-01-01,2026-08-01,baseline
C02723,P08460,2025-01-01,2026-08-01,baseline
C02724,P00659,2025-01-01,2026-08-01,baseline
C02725,P01955,2025-01-01,2026-08-01,baseline
C02726,P09241,2025-01-01,2026-08-01,baseline
C02727,P09512,2025-01-01,2026-08-01,baseline
C02728,P00075,2025-01-01,2026-08-01,baseline
C02729,P02988,2025-01-01,2026-08-01,baseline
C02730,P08732,2025-01-01,2026-08-01,baseline
C02731,P01912,2025-01-01,2026-08-01,baseline
C02732,P08448,2025-01-01,2026-08-01,baseline
C02733,P05732,2025-01-01,2026-08-01,baseline
C02734,P04275,2025-01-01,2026-08-01,baseline
C02735,P03462,2025-01-01,2026-08-01,baseline
C02736,P09078,2025-01-01,2026-08-01,baseline
C02737,P03474,2025-01-01,2026-08-01,baseline
C02738,P08074,2025-01-01,2026-08-01,baseline
C02739,P09244,2025-01-01,2026-08-01,baseline
C02740,P08285,2025-01-01,2026-08-01,baseline
C02741,P02540,2025-01-01,2026-08-01,baseline
C02742,P01158,2025-01-01,2026-08-01,baseline
C02743,P01301,2025-01-01,2026-08-01,baseline
C02744,P06378,2025-01-01,2026-08-01,baseline
C02745,P03552,2025-01-01,2026-08-01,baseline
C02746,P07051,2025-01-01,2026-08-01,baseline
C02747,P08404,2025-01-01,2026-08-01,baseline
C02748,P09775,2025-01-01,2026-08-01,baseline
C02749,P07531,2025-01-01,2026-08-01,baseline
C02750,P02449,2025-01-01,2026-08-01,baseline
C02751,P08515,2025-01-01,2026-08-01,baseline
C02752,P05222,2025-01-01,2026-08-01,baseline
C02753,P07050,2025-01-01,2026-08-01,baseline
C02754,P03653,2025-01-01,2026-08-01,baseline
C02755,P05303,2025-01-01,2026-08-01,baseline
C02756,P04806,2025-01-01,2026-08-01,baseline
C02757,P04908,2025-01-01,2026-08-01,baseline
C02758,P04353,2025-01-01,2026-08-01,baseline
C02759,P08774,2025-01-01,2026-08-01,baseline
C02760,P01970,2025-01-01,2026-08-01,baseline
C02761,P01873,2025-01-01,2026-08-01,baseline
C02762,P02920,2025-01-01,2026-08-01,baseline
C02763,P00530,2025-01-01,2026-08-01,baseline
C02764,P07381,2025-01-01,2026-08-01,baseline
C02765,P05441,2025-01-01,2026-08-01,baseline
C02766,P00140,2025-01-01,2026-08-01,baseline
C02767,P04847,2025-01-01,2026-08-01,baseline
C02768,P04097,2025-01-01,2026-08-01,baseline
C02769,P00098,2025-01-01,2026-08-01,baseline
C02770,P09710,2025-01-01,2026-08-01,baseline
C02771,P07807,2025-01-01,2026-08-01,baseline
C02772,P04274,2025-01-01,2026-08-01,baseline
C02773,P07148,2025-01-01,2026-08-01,baseline
C02774,P06216,2025-01-01,2026-08-01,baseline
C02775,P03174,2025-01-01,2026-08-01,baseline
C02776,P05932,2025-01-01,2026-08-01,baseline
C02777,P05331,2025-01-01,2026-08-01,baseline
C02778,P05154,2025-01-01,2026-08-01,baseline
C02779,P03402,2025-01-01,2026-08-01,baseline
C02780,P00421,2025-01-01,2026-08-01,baseline
C02781,P02759,2025-01-01,2026-08-01,baseline
C02782,P06515,2025-01-01,2026-08-01,baseline
C02783,P06039,2025-01-01,2026-08-01,baseline
C02784,P05280,2025-01-01,2026-08-01,baseline
C02785,P01439,2025-01-01,2026-08-01,baseline
C02786,P09031,2025-01-01,2026-08-01,baseline
C02787,P02743,2025-01-01,2026-08-01,baseline
C02788,P00897,2025-01-01,2026-08-01,baseline
C02789,P03475,2025-01-01,2026-08-01,baseline
C02790,P04030,2025-01-01,2026-08-01,baseline
C02791,P05109,2025-01-01,2026-08-01,baseline
C02792,P08183,2025-01-01,2026-08-01,baseline
C02793,P01354,2025-01-01,2026-08-01,baseline
C02794,P03048,2025-01-01,2026-08-01,baseline
C02795,P08409,2025-01-01,2026-08-01,baseline
C02796,P00018,2025-01-01,2026-08-01,baseline
C02797,P07567,2025-01-01,2026-08-01,baseline
C02798,P05745,2025-01-01,2026-08-01,baseline
C02799,P02000,2025-01-01,2026-08-01,baseline
C02800,P08955,2025-01-01,2026-08-01,baseline
C02801,P03559,2025-01-01,2026-08-01,baseline
C02802,P00021,2025-01-01,2026-08-01,baseline
C02803,P03228,2025-01-01,2026-08-01,baseline
C02804,P01486,2025-01-01,2026-08-01,baseline
C02805,P03133,2025-01-01,2026-08-01,baseline
C02806,P01476,2025-01-01,2026-08-01,baseline
C02807,P07924,2025-01-01,2026-08-01,baseline
C02808,P04450,2025-01-01,2026-08-01,baseline
C02809,P03175,2025-01-01,2026-08-01,baseline
C02810,P07621,2025-01-01,2026-08-01,baseline
C02811,P01149,2025-01-01,2026-08-01,baseline
C02812,P03246,2025-01-01,2026-08-01,baseline
C02813,P05950,2025-01-01,2026-08-01,baseline
C02814,P09961,2025-01-01,2026-08-01,baseline
C02815,P04981,2025-01-01,2026-08-01,baseline
C02816,P07512,2025-01-01,2026-08-01,baseline
C02817,P08954,2025-01-01,2026-08-01,baseline
C02818,P05605,2025-01-01,2026-08-01,baseline
C02819,P03866,2025-01-01,2026-08-01,baseline
C02820,P07096,2025-01-01,2026-08-01,baseline
C02821,P03650,2025-01-01,2026-08-01,baseline
C02822,P04357,2025-01-01,2026-08-01,baseline
C02823,P03440,2025-01-01,2026-08-01,baseline
C02824,P09403,2025-01-01,2026-08-01,baseline
C02825,P04380,2025-01-01,2026-08-01,baseline
C02826,P04574,2025-01-01,2026-08-01,baseline
C02827,P09105,2025-01-01,2026-08-01,baseline
C02828,P04080,2025-01-01,2026-08-01,baseline
C02829,P09268,2025-01-01,2026-08-01,baseline
C02830,P04245,2025-01-01,2026-08-01,baseline
C02831,P03590,2025-01-01,2026-08-01,baseline
C02832,P00386,2025-01-01,2026-08-01,baseline
C02833,P07587,2025-01-01,2026-08-01,baseline
C02834,P01611,2025-01-01,2026-08-01,baseline
C02835,P09215,2025-01-01,2026-08-01,baseline
C02836,P08847,2025-01-01,2026-08-01,baseline
C02837,P02532,2025-01-01,2026-08-01,baseline
C02838,P00150,2025-01-01,2026-08-01,baseline
C02839,P01291,2025-01-01,2026-08-01,baseline
C02840,P06113,2025-01-01,2026-08-01,baseline
C02841,P03779,2025-01-01,2026-08-01,baseline
C02842,P02566,2025-01-01,2026-08-01,baseline
C02843,P06161,2025-01-01,2026-08-01,baseline
C02844,P09011,2025-01-01,2026-08-01,baseline
C02845,P03529,2025-01-01,2026-08-01,baseline
C02846,P03235,2025-01-01,2026-08-01,baseline
C02847,P01158,2025-01-01,2026-08-01,baseline
C02848,P09330,2025-01-01,2026-08-01,baseline
C02849,P02559,2025-01-01,2026-08-01,baseline
C02850,P03835,2025-01-01,2026-08-01,baseline
C02851,P09790,2025-01-01,2026-08-01,baseline
C02852,P05851,2025-01-01,2026-08-01,baseline
C02853,P05492,2025-01-01,2026-08-01,baseline
C02854,P09290,2025-01-01,2026-08-01,baseline
C02855,P02686,2025-01-01,2026-08-01,baseline
C02856,P00813,2025-01-01,2026-08-01,baseline
C02857,P01830,2025-01-01,2026-08-01,baseline
C02858,P07277,2025-01-01,2026-08-01,baseline
C02859,P09833,2025-01-01,2026-08-01,baseline
C02860,P00796,2025-01-01,2026-08-01,baseline
C02861,P03616,2025-01-01,2026-08-01,baseline
C02862,P01643,2025-01-01,2026-08-01,baseline
C02863,P02107,2025-01-01,2026-08-01,baseline
C02864,P06543,2025-01-01,2026-08-01,baseline
C02865,P06478,2025-01-01,2026-08-01,baseline
C02866,P03715,2025-01-01,2026-08-01,baseline
C02867,P09230,2025-01-01,2026-08-01,baseline
C02868,P02763,2025-01-01,2026-08-01,baseline
C02869,P00030,2025-01-01,2026-08-01,baseline
C02870,P08231,2025-01-01,2026-08-01,baseline
C02871,P09889,2025-01-01,2026-08-01,baseline
C02872,P04787,2025-01-01,2026-08-01,baseline
C02873,P06188,2025-01-01,2026-08-01,baseline
C02874,P09485,2025-01-01,2026-08-01,baseline
C02875,P02562,2025-01-01,2026-08-01,baseline
C02876,P09464,2025-01-01,2026-08-01,baseline
C02877,P09522,2025-01-01,2026-08-01,baseline
C02878,P04434,2025-01-01,2026-08-01,baseline
C02879,P00035,2025-01-01,2026-08-01,baseline
C02880,P09423,2025-01-01,2026-08-01,baseline
C02881,P04138,2025-01-01,2026-08-01,baseline
C02882,P03534,2025-01-01,2026-08-01,baseline
C02883,P02610,2025-01-01,2026-08-01,baseline
C02884,P07957,2025-01-01,2026-08-01,baseline
C02885,P05059,2025-01-01,2026-08-01,baseline
C02886,P08029,2025-01-01,2026-08-01,baseline
C02887,P05378,2025-01-01,2026-08-01,baseline
C02888,P01746,2025-01-01,2026-08-01,baseline
C02889,P03592,2025-01-01,2026-08-01,baseline
C02890,P01711,2025-01-01,2026-08-01,baseline
C02891,P07973,2025-01-01,2026-08-01,baseline
C02892,P01723,2025-01-01,2026-08-01,baseline
C02893,P00938,2025-01-01,2026-08-01,baseline
C02894,P04020,2025-01-01,2026-08-01,baseline
C02895,P05806,2025-01-01,2026-08-01,baseline
C02896,P04033,2025-01-01,2026-08-01,baseline
C02897,P03448,2025-01-01,2026-08-01,baseline
C02898,P06104,2025-01-01,2026-08-01,baseline
C02899,P09948,2025-01-01,2026-08-01,baseline
C02900,P09007,2025-01-01,2026-08-01,baseline
C02901,P05081,2025-01-01,2026-08-01,baseline
C02902,P09298,2025-01-01,2026-08-01,baseline
C02903,P08456,2025-01-01,2026-08-01,baseline
C02904,P06532,2025-01-01,2026-08-01,baseline
C02905,P04825,2025-01-01,2026-08-01,baseline
C02906,P08733,2025-01-01,2026-08-01,baseline
C02907,P07212,2025-01-01,2026-08-01,baseline
C02908,P09036,2025-01-01,2026-08-01,baseline
C02909,P00250,2025-01-01,2026-08-01,baseline
C02910,P01949,2025-01-01,2026-08-01,baseline
C02911,P09948,2025-01-01,2026-08-01,baseline
C02912,P02960,2025-01-01,2026-08-01,baseline
C02913,P08443,2025-01-01,2026-08-01,baseline
C02914,P05252,2025-01-01,2026-08-01,baseline
C02915,P01972,2025-01-01,2026-08-01,baseline
C02916,P09290,2025-01-01,2026-08-01,baseline
C02917,P02375,2025-01-01,2026-08-01,baseline
C02918,P01832,2025-01-01,2026-08-01,baseline
C02919,P06208,2025-01-01,2026-08-01,baseline
C02920,P03431,2025-01-01,2026-08-01,baseline
C02921,P05155,2025-01-01,2026-08-01,baseline
C02922,P05410,2025-01-01,2026-08-01,baseline
C02923,P00598,2025-01-01,2026-08-01,baseline
C02924,P04014,2025-01-01,2026-08-01,baseline
C02925,P07256,2025-01-01,2026-08-01,baseline
C02926,P09351,2025-01-01,2026-08-01,baseline
C02927,P02081,2025-01-01,2026-08-01,baseline
C02928,P00132,2025-01-01,2026-08-01,baseline
C02929,P08721,2025-01-01,2026-08-01,baseline
C02930,P04152,2025-01-01,2026-08-01,baseline
C02931,P00676,2025-01-01,2026-08-01,baseline
C02932,P04359,2025-01-01,2026-08-01,baseline
C02933,P08324,2025-01-01,2026-08-01,baseline
C02934,P09808,2025-01-01,2026-08-01,baseline
C02935,P06658,2025-01-01,2026-08-01,baseline
C02936,P04853,2025-01-01,2026-08-01,baseline
C02937,P04083,2025-01-01,2026-08-01,baseline
C02938,P02011,2025-01-01,2026-08-01,baseline
C02939,P05845,2025-01-01,2026-08-01,baseline
C02940,P01393,2025-01-01,2026-08-01,baseline
C02941,P04500,2025-01-01,2026-08-01,baseline
C02942,P00223,2025-01-01,2026-08-01,baseline
C02943,P01656,2025-01-01,2026-08-01,baseline
C02944,P09913,2025-01-01,2026-08-01,baseline
C02945,P02485,2025-01-01,2026-08-01,baseline
C02946,P02027,2025-01-01,2026-08-01,baseline
C02947,P03611,2025-01-01,2026-08-01,baseline
C02948,P06847,2025-01-01,2026-08-01,baseline
C02949,P05057,2025-01-01,2026-08-01,baseline
C02950,P08972,2025-01-01,2026-08-01,baseline
C02951,P03058,2025-01-01,2026-08-01,baseline
C02952,P09604,2025-01-01,2026-08-01,baseline
C02953,P00976,2025-01-01,2026-08-01,baseline
C02954,P07741,2025-01-01,2026-08-01,baseline
C02955,P06297,2025-01-01,2026-08-01,baseline
C02956,P03310,2025-01-01,2026-08-01,baseline
C02957,P05211,2025-01-01,2026-08-01,baseline
C02958,P03157,2025-01-01,2026-08-01,baseline
C02959,P03118,2025-01-01,2026-08-01,baseline
C02960,P04553,2025-01-01,2026-08-01,baseline
C02961,P06689,2025-01-01,2026-08-01,baseline
C02962,P03700,2025-01-01,2026-08-01,baseline
C02963,P01985,2025-01-01,2026-08-01,baseline
C02964,P07532,2025-01-01,2026-08-01,baseline
C02965,P09248,2025-01-01,2026-08-01,baseline
C02966,P03650,2025-01-01,2026-08-01,baseline
C02967,P05199,2025-01-01,2026-08-01,baseline
C02968,P07850,2025-01-01,2026-08-01,baseline
C02969,P01338,2025-01-01,2026-08-01,baseline
C02970,P07558,2025-01-01,2026-08-01,baseline
C02971,P00382,2025-01-01,2026-08-01,baseline
C02972,P05415,2025-01-01,2026-08-01,baseline
C02973,P04531,2025-01-01,2026-08-01,baseline
C02974,P07443,2025-01-01,2026-08-01,baseline
C02975,P04276,2025-01-01,2026-08-01,baseline
C02976,P03008,2025-01-01,2026-08-01,baseline
C02977,P02254,2025-01-01,2026-08-01,baseline
C02978,P00980,2025-01-01,2026-08-01,baseline
C02979,P08238,2025-01-01,2026-08-01,baseline
C02980,P02524,2025-01-01,2026-08-01,baseline
C02981,P03770,2025-01-01,2026-08-01,baseline
C02982,P02456,2025-01-01,2026-08-01,baseline
C02983,P02555,2025-01-01,2026-08-01,baseline
C02984,P08769,2025-01-01,2026-08-01,baseline
C02985,P08155,2025-01-01,2026-08-01,baseline
C02986,P05372,2025-01-01,2026-08-01,baseline
C02987,P09643,2025-01-01,2026-08-01,baseline
C02988,P09451,2025-01-01,2026-08-01,baseline
C02989,P04613,2025-01-01,2026-08-01,baseline
C02990,P08959,2025-01-01,2026-08-01,baseline
C02991,P08304,2025-01-01,2026-08-01,baseline
C02992,P04952,2025-01-01,2026-08-01,baseline
C02993,P02494,2025-01-01,2026-08-01,baseline
C02994,P01632,2025-01-01,2026-08-01,baseline
C02995,P00230,2025-01-01,2026-08-01,baseline
C02996,P01208,2025-01-01,2026-08-01,baseline
C02997,P09698,2025-01-01,2026-08-01,baseline
C02998,P08017,2025-01-01,2026-08-01,baseline
C02999,P04640,2025-01-01,2026-08-01,baseline
C03000,P04291,2025-01-01,2026-08-01,baseline
C03001,P00886,2025-01-01,2026-08-01,baseline
C03002,P06311,2025-01-01,2026-08-01,baseline
C03003,P07065,2025-01-01,2026-08-01,baseline
C03004,P06830,2025-01-01,2026-08-01,baseline
C03005,P07090,2025-01-01,2026-08-01,baseline
C03006,P04646,2025-01-01,2026-08-01,baseline
C03007,P08229,2025-01-01,2026-08-01,baseline
C03008,P07160,2025-01-01,2026-08-01,baseline
C03009,P05980,2025-01-01,2026-08-01,baseline
C03010,P05383,2025-01-01,2026-08-01,baseline
C03011,P04728,2025-01-01,2026-08-01,baseline
C03012,P05430,2025-01-01,2026-08-01,baseline
C03013,P05330,2025-01-01,2026-08-01,baseline
C03014,P04611,2025-01-01,2026-08-01,baseline
C03015,P08355,2025-01-01,2026-08-01,baseline
C03016,P07686,2025-01-01,2026-08-01,baseline
C03017,P00067,2025-01-01,2026-08-01,baseline
C03018,P00012,2025-01-01,2026-08-01,baseline
C03019,P06710,2025-01-01,2026-08-01,baseline
C03020,P05927,2025-01-01,2026-08-01,baseline
C03021,P06727,2025-01-01,2026-08-01,baseline
C03022,P04919,2025-01-01,2026-08-01,baseline
C03023,P03203,2025-01-01,2026-08-01,baseline
C03024,P02637,2025-01-01,2026-08-01,baseline
C03025,P04388,2025-01-01,2026-08-01,baseline
C03026,P01045,2025-01-01,2026-08-01,baseline
C03027,P00228,2025-01-01,2026-08-01,baseline
C03028,P09218,2025-01-01,2026-08-01,baseline
C03029,P04863,2025-01-01,2026-08-01,baseline
C03030,P01749,2025-01-01,2026-08-01,baseline
C03031,P01431,2025-01-01,2026-08-01,baseline
C03032,P00467,2025-01-01,2026-08-01,baseline
C03033,P05150,2025-01-01,2026-08-01,baseline
C03034,P01694,2025-01-01,2026-08-01,baseline
C03035,P03180,2025-01-01,2026-08-01,baseline
C03036,P03801,2025-01-01,2026-08-01,baseline
C03037,P07467,2025-01-01,2026-08-01,baseline
C03038,P08478,2025-01-01,2026-08-01,baseline
C03039,P06680,2025-01-01,2026-08-01,baseline
C03040,P07787,2025-01-01,2026-08-01,baseline
C03041,P03508,2025-01-01,2026-08-01,baseline
C03042,P09581,2025-01-01,2026-08-01,baseline
C03043,P08264,2025-01-01,2026-08-01,baseline
C03044,P05596,2025-01-01,2026-08-01,baseline
C03045,P07673,2025-01-01,2026-08-01,baseline
C03046,P07723,2025-01-01,2026-08-01,baseline
C03047,P06649,2025-01-01,2026-08-01,baseline
C03048,P07170,2025-01-01,2026-08-01,baseline
C03049,P09702,2025-01-01,2026-08-01,baseline
C03050,P02253,2025-01-01,2026-08-01,baseline
C03051,P02139,2025-01-01,2026-08-01,baseline
C03052,P01481,2025-01-01,2026-08-01,baseline
C03053,P06808,2025-01-01,2026-08-01,baseline
C03054,P09918,2025-01-01,2026-08-01,baseline
C03055,P09123,2025-01-01,2026-08-01,baseline
C03056,P03570,2025-01-01,2026-08-01,baseline
C03057,P04816,2025-01-01,2026-08-01,baseline
C03058,P00695,2025-01-01,2026-08-01,baseline
C03059,P07616,2025-01-01,2026-08-01,baseline
C03060,P09223,2025-01-01,2026-08-01,baseline
C03061,P04515,2025-01-01,2026-08-01,baseline
C03062,P01955,2025-01-01,2026-08-01,baseline
C03063,P01846,2025-01-01,2026-08-01,baseline
C03064,P00112,2025-01-01,2026-08-01,baseline
C03065,P08753,2025-01-01,2026-08-01,baseline
C03066,P06160,2025-01-01,2026-08-01,baseline
C03067,P05753,2025-01-01,2026-08-01,baseline
C03068,P01592,2025-01-01,2026-08-01,baseline
C03069,P03153,2025-01-01,2026-08-01,baseline
C03070,P06161,2025-01-01,2026-08-01,baseline
C03071,P09648,2025-01-01,2026-08-01,baseline
C03072,P08341,2025-01-01,2026-08-01,baseline
C03073,P03282,2025-01-01,2026-08-01,baseline
C03074,P03125,2025-01-01,2026-08-01,baseline
C03075,P08113,2025-01-01,2026-08-01,baseline
C03076,P03037,2025-01-01,2026-08-01,baseline
C03077,P08119,2025-01-01,2026-08-01,baseline
C03078,P05746,2025-01-01,2026-08-01,baseline
C03079,P09263,2025-01-01,2026-08-01,baseline
C03080,P08114,2025-01-01,2026-08-01,baseline
C03081,P00940,2025-01-01,2026-08-01,baseline
C03082,P06644,2025-01-01,2026-08-01,baseline
C03083,P01564,2025-01-01,2026-08-01,baseline
C03084,P07428,2025-01-01,2026-08-01,baseline
C03085,P09566,2025-01-01,2026-08-01,baseline
C03086,P00742,2025-01-01,2026-08-01,baseline
C03087,P08710,2025-01-01,2026-08-01,baseline
C03088,P05545,2025-01-01,2026-08-01,baseline
C03089,P06892,2025-01-01,2026-08-01,baseline
C03090,P08858,2025-01-01,2026-08-01,baseline
C03091,P00806,2025-01-01,2026-08-01,baseline
C03092,P09091,2025-01-01,2026-08-01,baseline
C03093,P07239,2025-01-01,2026-08-01,baseline
C03094,P06193,2025-01-01,2026-08-01,baseline
C03095,P00759,2025-01-01,2026-08-01,baseline
C03096,P07299,2025-01-01,2026-08-01,baseline
C03097,P04767,2025-01-01,2026-08-01,baseline
C03098,P06670,2025-01-01,2026-08-01,baseline
C03099,P03127,2025-01-01,2026-08-01,baseline
C03100,P07853,2025-01-01,2026-08-01,baseline
C03101,P08142,2025-01-01,2026-08-01,baseline
C03102,P03134,2025-01-01,2026-08-01,baseline
C03103,P05865,2025-01-01,2026-08-01,baseline
C03104,P00638,2025-01-01,2026-08-01,baseline
C03105,P03568,2025-01-01,2026-08-01,baseline
C03106,P09790,2025-01-01,2026-08-01,baseline
C03107,P08012,2025-01-01,2026-08-01,baseline
C03108,P05654,2025-01-01,2026-08-01,baseline
C03109,P02847,2025-01-01,2026-08-01,baseline
C03110,P07165,2025-01-01,2026-08-01,baseline
C03111,P09707,2025-01-01,2026-08-01,baseline
C03112,P04878,2025-01-01,2026-08-01,baseline
C03113,P09583,2025-01-01,2026-08-01,baseline
C03114,P03585,2025-01-01,2026-08-01,baseline
C03115,P05408,2025-01-01,2026-08-01,baseline
C03116,P09480,2025-01-01,2026-08-01,baseline
C03117,P06495,2025-01-01,2026-08-01,baseline
C03118,P00577,2025-01-01,2026-08-01,baseline
C03119,P05873,2025-01-01,2026-08-01,baseline
C03120,P01848,2025-01-01,2026-08-01,baseline
C03121,P02269,2025-01-01,2026-08-01,baseline
C03122,P09892,2025-01-01,2026-08-01,baseline
C03123,P04107,2025-01-01,2026-08-01,baseline
C03124,P06080,2025-01-01,2026-08-01,baseline
C03125,P02276,2025-01-01,2026-08-01,baseline
C03126,P03344,2025-01-01,2026-08-01,baseline
C03127,P03231,2025-01-01,2026-08-01,baseline
C03128,P08823,2025-01-01,2026-08-01,baseline
C03129,P09618,2025-01-01,2026-08-01,baseline
C03130,P00686,2025-01-01,2026-08-01,baseline
C03131,P04863,2025-01-01,2026-08-01,baseline
C03132,P06734,2025-01-01,2026-08-01,baseline
C03133,P08078,2025-01-01,2026-08-01,baseline
C03134,P05073,2025-01-01,2026-08-01,baseline
C03135,P09499,2025-01-01,2026-08-01,baseline
C03136,P01931,2025-01-01,2026-08-01,baseline
C03137,P07155,2025-01-01,2026-08-01,baseline
C03138,P07878,2025-01-01,2026-08-01,baseline
C03139,P02028,2025-01-01,2026-08-01,baseline
C03140,P08239,2025-01-01,2026-08-01,baseline
C03141,P08331,2025-01-01,2026-08-01,baseline
C03142,P05245,2025-01-01,2026-08-01,baseline
C03143,P02186,2025-01-01,2026-08-01,baseline
C03144,P00512,2025-01-01,2026-08-01,baseline
C03145,P05531,2025-01-01,2026-08-01,baseline
C03146,P01202,2025-01-01,2026-08-01,baseline
C03147,P07622,2025-01-01,2026-08-01,baseline
C03148,P09078,2025-01-01,2026-08-01,baseline
C03149,P02343,2025-01-01,2026-08-01,baseline
C03150,P01965,2025-01-01,2026-08-01,baseline
C03151,P03794,2025-01-01,2026-08-01,baseline
C03152,P03346,2025-01-01,2026-08-01,baseline
C03153,P00621,2025-01-01,2026-08-01,baseline
C03154,P01719,2025-01-01,2026-08-01,baseline
C03155,P09961,2025-01-01,2026-08-01,baseline
C03156,P08552,2025-01-01,2026-08-01,baseline
C03157,P05811,2025-01-01,2026-08-01,baseline
C03158,P03334,2025-01-01,2026-08-01,baseline
C03159,P07272,2025-01-01,2026-08-01,baseline
C03160,P07516,2025-01-01,2026-08-01,baseline
C03161,P06440,2025-01-01,2026-08-01,baseline
C03162,P04637,2025-01-01,2026-08-01,baseline
C03163,P03002,2025-01-01,2026-08-01,baseline
C03164,P05707,2025-01-01,2026-08-01,baseline
C03165,P00079,2025-01-01,2026-08-01,baseline
C03166,P04662,2025-01-01,2026-08-01,baseline
C03167,P09133,2025-01-01,2026-08-01,baseline
C03168,P08622,2025-01-01,2026-08-01,baseline
C03169,P03564,2025-01-01,2026-08-01,baseline
C03170,P08834,2025-01-01,2026-08-01,baseline
C03171,P07787,2025-01-01,2026-08-01,baseline
C03172,P01702,2025-01-01,2026-08-01,baseline
C03173,P03350,2025-01-01,2026-08-01,baseline
C03174,P05625,2025-01-01,2026-08-01,baseline
C03175,P05132,2025-01-01,2026-08-01,baseline
C03176,P07846,2025-01-01,2026-08-01,baseline
C03177,P04240,2025-01-01,2026-08-01,baseline
C03178,P08823,2025-01-01,2026-08-01,baseline
C03179,P02433,2025-01-01,2026-08-01,baseline
C03180,P01161,2025-01-01,2026-08-01,baseline
C03181,P02273,2025-01-01,2026-08-01,baseline
C03182,P06801,2025-01-01,2026-08-01,baseline
C03183,P03891,2025-01-01,2026-08-01,baseline
C03184,P04188,2025-01-01,2026-08-01,baseline
C03185,P06876,2025-01-01,2026-08-01,baseline
C03186,P03531,2025-01-01,2026-08-01,baseline
C03187,P06710,2025-01-01,2026-08-01,baseline
C03188,P00101,2025-01-01,2026-08-01,baseline
C03189,P01597,2025-01-01,2026-08-01,baseline
C03190,P06868,2025-01-01,2026-08-01,baseline
C03191,P05540,2025-01-01,2026-08-01,baseline
C03192,P09993,2025-01-01,2026-08-01,baseline
C03193,P08771,2025-01-01,2026-08-01,baseline
C03194,P02215,2025-01-01,2026-08-01,baseline
C03195,P04105,2025-01-01,2026-08-01,baseline
C03196,P00775,2025-01-01,2026-08-01,baseline
C03197,P08805,2025-01-01,2026-08-01,baseline
C03198,P00819,2025-01-01,2026-08-01,baseline
C03199,P07609,2025-01-01,2026-08-01,baseline
C03200,P00359,2025-01-01,2026-08-01,baseline
C03201,P03894,2025-01-01,2026-08-01,baseline
C03202,P02953,2025-01-01,2026-08-01,baseline
C03203,P01981,2025-01-01,2026-08-01,baseline
C03204,P01926,2025-01-01,2026-08-01,baseline
C03205,P03210,2025-01-01,2026-08-01,baseline
C03206,P04993,2025-01-01,2026-08-01,baseline
C03207,P01786,2025-01-01,2026-08-01,baseline
C03208,P02051,2025-01-01,2026-08-01,baseline
C03209,P07335,2025-01-01,2026-08-01,baseline
C03210,P07424,2025-01-01,2026-08-01,baseline
C03211,P08437,2025-01-01,2026-08-01,baseline
C03212,P06551,2025-01-01,2026-08-01,baseline
C03213,P09735,2025-01-01,2026-08-01,baseline
C03214,P03690,2025-01-01,2026-08-01,baseline
C03215,P03556,2025-01-01,2026-08-01,baseline
C03216,P07858,2025-01-01,2026-08-01,baseline
C03217,P09474,2025-01-01,2026-08-01,baseline
C03218,P00619,2025-01-01,2026-08-01,baseline
C03219,P08674,2025-01-01,2026-08-01,baseline
C03220,P06121,2025-01-01,2026-08-01,baseline
C03221,P07638,2025-01-01,2026-08-01,baseline
C03222,P01944,2025-01-01,2026-08-01,baseline
C03223,P03418,2025-01-01,2026-08-01,baseline
C03224,P02823,2025-01-01,2026-08-01,baseline
C03225,P03052,2025-01-01,2026-08-01,baseline
C03226,P09587,2025-01-01,2026-08-01,baseline
C03227,P08745,2025-01-01,2026-08-01,baseline
C03228,P00810,2025-01-01,2026-08-01,baseline
C03229,P07011,2025-01-01,2026-08-01,baseline
C03230,P05914,2025-01-01,2026-08-01,baseline
C03231,P03443,2025-01-01,2026-08-01,baseline
C03232,P05350,2025-01-01,2026-08-01,baseline
C03233,P08622,2025-01-01,2026-08-01,baseline
C03234,P00580,2025-01-01,2026-08-01,baseline
C03235,P09804,2025-01-01,2026-08-01,baseline
C03236,P04313,2025-01-01,2026-08-01,baseline
C03237,P00778,2025-01-01,2026-08-01,baseline
C03238,P00176,2025-01-01,2026-08-01,baseline
C03239,P03458,2025-01-01,2026-08-01,baseline
C03240,P06495,2025-01-01,2026-08-01,baseline
C03241,P05873,2025-01-01,2026-08-01,baseline
C03242,P05844,2025-01-01,2026-08-01,baseline
C03243,P02422,2025-01-01,2026-08-01,baseline
C03244,P07817,2025-01-01,2026-08-01,baseline
C03245,P01542,2025-01-01,2026-08-01,baseline
C03246,P02620,2025-01-01,2026-08-01,baseline
C03247,P04110,2025-01-01,2026-08-01,baseline
C03248,P03461,2025-01-01,2026-08-01,baseline
C03249,P00120,2025-01-01,2026-08-01,baseline
C03250,P06355,2025-01-01,2026-08-01,baseline
C03251,P01777,2025-01-01,2026-08-01,baseline
C03252,P00138,2025-01-01,2026-08-01,baseline
C03253,P02807,2025-01-01,2026-08-01,baseline
C03254,P09760,2025-01-01,2026-08-01,baseline
C03255,P07484,2025-01-01,2026-08-01,baseline
C03256,P04846,2025-01-01,2026-08-01,baseline
C03257,P02401,2025-01-01,2026-08-01,baseline
C03258,P04954,2025-01-01,2026-08-01,baseline
C03259,P08386,2025-01-01,2026-08-01,baseline
C03260,P05356,2025-01-01,2026-08-01,baseline
C03261,P09539,2025-01-01,2026-08-01,baseline
C03262,P08400,2025-01-01,2026-08-01,baseline
C03263,P09876,2025-01-01,2026-08-01,baseline
C03264,P05673,2025-01-01,2026-08-01,baseline
C03265,P08780,2025-01-01,2026-08-01,baseline
C03266,P07167,2025-01-01,2026-08-01,baseline
C03267,P07607,2025-01-01,2026-08-01,baseline
C03268,P08986,2025-01-01,2026-08-01,baseline
C03269,P01500,2025-01-01,2026-08-01,baseline
C03270,P06020,2025-01-01,2026-08-01,baseline
C03271,P09798,2025-01-01,2026-08-01,baseline
C03272,P03326,2025-01-01,2026-08-01,baseline
C03273,P02757,2025-01-01,2026-08-01,baseline
C03274,P05990,2025-01-01,2026-08-01,baseline
C03275,P04802,2025-01-01,2026-08-01,baseline
C03276,P01264,2025-01-01,2026-08-01,baseline
C03277,P06038,2025-01-01,2026-08-01,baseline
C03278,P07576,2025-01-01,2026-08-01,baseline
C03279,P03027,2025-01-01,2026-08-01,baseline
C03280,P04522,2025-01-01,2026-08-01,baseline
C03281,P02392,2025-01-01,2026-08-01,baseline
C03282,P06781,2025-01-01,2026-08-01,baseline
C03283,P08823,2025-01-01,2026-08-01,baseline
C03284,P06159,2025-01-01,2026-08-01,baseline
C03285,P05722,2025-01-01,2026-08-01,baseline
C03286,P04541,2025-01-01,2026-08-01,baseline
C03287,P00116,2025-01-01,2026-08-01,baseline
C03288,P06619,2025-01-01,2026-08-01,baseline
C03289,P08076,2025-01-01,2026-08-01,baseline
C03290,P06166,2025-01-01,2026-08-01,baseline
C03291,P07841,2025-01-01,2026-08-01,baseline
C03292,P07659,2025-01-01,2026-08-01,baseline
C03293,P07359,2025-01-01,2026-08-01,baseline
C03294,P09534,2025-01-01,2026-08-01,baseline
C03295,P00042,2025-01-01,2026-08-01,baseline
C03296,P02129,2025-01-01,2026-08-01,baseline
C03297,P06235,2025-01-01,2026-08-01,baseline
C03298,P07927,2025-01-01,2026-08-01,baseline
C03299,P01301,2025-01-01,2026-08-01,baseline
C03300,P08494,2025-01-01,2026-08-01,baseline
C03301,P09224,2025-01-01,2026-08-01,baseline
C03302,P07135,2025-01-01,2026-08-01,baseline
C03303,P01798,2025-01-01,2026-08-01,baseline
C03304,P09069,2025-01-01,2026-08-01,baseline
C03305,P03361,2025-01-01,2026-08-01,baseline
C03306,P08041,2025-01-01,2026-08-01,baseline
C03307,P00394,2025-01-01,2026-08-01,baseline
C03308,P01161,2025-01-01,2026-08-01,baseline
C03309,P03546,2025-01-01,2026-08-01,baseline
C03310,P07075,2025-01-01,2026-08-01,baseline
C03311,P01516,2025-01-01,2026-08-01,baseline
C03312,P03122,2025-01-01,2026-08-01,baseline
C03313,P08158,2025-01-01,2026-08-01,baseline
C03314,P07894,2025-01-01,2026-08-01,baseline
C03315,P00778,2025-01-01,2026-08-01,baseline
C03316,P00788,2025-01-01,2026-08-01,baseline
C03317,P01665,2025-01-01,2026-08-01,baseline
C03318,P04918,2025-01-01,2026-08-01,baseline
C03319,P04662,2025-01-01,2026-08-01,baseline
C03320,P06693,2025-01-01,2026-08-01,baseline
C03321,P02574,2025-01-01,2026-08-01,baseline
C03322,P09834,2025-01-01,2026-08-01,baseline
C03323,P03226,2025-01-01,2026-08-01,baseline
C03324,P04268,2025-01-01,2026-08-01,baseline
C03325,P08270,2025-01-01,2026-08-01,baseline
C03326,P01848,2025-01-01,2026-08-01,baseline
C03327,P00215,2025-01-01,2026-08-01,baseline
C03328,P04900,2025-01-01,2026-08-01,baseline
C03329,P05062,2025-01-01,2026-08-01,baseline
C03330,P00404,2025-01-01,2026-08-01,baseline
C03331,P07717,2025-01-01,2026-08-01,baseline
C03332,P04023,2025-01-01,2026-08-01,baseline
C03333,P06468,2025-01-01,2026-08-01,baseline
C03334,P04664,2025-01-01,2026-08-01,baseline
C03335,P08419,2025-01-01,2026-08-01,baseline
C03336,P04602,2025-01-01,2026-08-01,baseline
C03337,P06269,2025-01-01,2026-08-01,baseline
C03338,P02532,2025-01-01,2026-08-01,baseline
C03339,P04036,2025-01-01,2026-08-01,baseline
C03340,P06036,2025-01-01,2026-08-01,baseline
C03341,P00089,2025-01-01,2026-08-01,baseline
C03342,P02910,2025-01-01,2026-08-01,baseline
C03343,P08483,2025-01-01,2026-08-01,baseline
C03344,P05243,2025-01-01,2026-08-01,baseline
C03345,P09575,2025-01-01,2026-08-01,baseline
C03346,P00409,2025-01-01,2026-08-01,baseline
C03347,P03698,2025-01-01,2026-08-01,baseline
C03348,P09738,2025-01-01,2026-08-01,baseline
C03349,P05613,2025-01-01,2026-08-01,baseline
C03350,P04187,2025-01-01,2026-08-01,baseline
C03351,P05382,2025-01-01,2026-08-01,baseline
C03352,P00741,2025-01-01,2026-08-01,baseline
C03353,P01419,2025-01-01,2026-08-01,baseline
C03354,P05230,2025-01-01,2026-08-01,baseline
C03355,P09005,2025-01-01,2026-08-01,baseline
C03356,P01855,2025-01-01,2026-08-01,baseline
C03357,P00244,2025-01-01,2026-08-01,baseline
C03358,P08308,2025-01-01,2026-08-01,baseline
C03359,P02863,2025-01-01,2026-08-01,baseline
C03360,P01540,2025-01-01,2026-08-01,baseline
C03361,P08767,2025-01-01,2026-08-01,baseline
C03362,P09926,2025-01-01,2026-08-01,baseline
C03363,P01005,2025-01-01,2026-08-01,baseline
C03364,P02293,2025-01-01,2026-08-01,baseline
C03365,P04583,2025-01-01,2026-08-01,baseline
C03366,P09996,2025-01-01,2026-08-01,baseline
C03367,P05811,2025-01-01,2026-08-01,baseline
C03368,P08747,2025-01-01,2026-08-01,baseline
C03369,P00950,2025-01-01,2026-08-01,baseline
C03370,P08589,2025-01-01,2026-08-01,baseline
C03371,P05203,2025-01-01,2026-08-01,baseline
C03372,P03088,2025-01-01,2026-08-01,baseline
C03373,P03880,2025-01-01,2026-08-01,baseline
C03374,P03887,2025-01-01,2026-08-01,baseline
C03375,P09732,2025-01-01,2026-08-01,baseline
C03376,P05302,2025-01-01,2026-08-01,baseline
C03377,P01185,2025-01-01,2026-08-01,baseline
C03378,P05720,2025-01-01,2026-08-01,baseline
C03379,P06866,2025-01-01,2026-08-01,baseline
C03380,P05079,2025-01-01,2026-08-01,baseline
C03381,P09010,2025-01-01,2026-08-01,baseline
C03382,P01486,2025-01-01,2026-08-01,baseline
C03383,P02149,2025-01-01,2026-08-01,baseline
C03384,P01506,2025-01-01,2026-08-01,baseline
C03385,P05677,2025-01-01,2026-08-01,baseline
C03386,P03636,2025-01-01,2026-08-01,baseline
C03387,P08570,2025-01-01,2026-08-01,baseline
C03388,P05703,2025-01-01,2026-08-01,baseline
C03389,P04553,2025-01-01,2026-08-01,baseline
C03390,P03346,2025-01-01,2026-08-01,baseline
C03391,P09447,2025-01-01,2026-08-01,baseline
C03392,P00540,2025-01-01,2026-08-01,baseline
C03393,P02662,2025-01-01,2026-08-01,baseline
C03394,P09001,2025-01-01,2026-08-01,baseline
C03395,P01460,2025-01-01,2026-08-01,baseline
C03396,P09406,2025-01-01,2026-08-01,baseline
C03397,P00865,2025-01-01,2026-08-01,baseline
C03398,P04890,2025-01-01,2026-08-01,baseline
C03399,P06674,2025-01-01,2026-08-01,baseline
C03400,P02267,2025-01-01,2026-08-01,baseline
C03401,P07082,2025-01-01,2026-08-01,baseline
C03402,P06090,2025-01-01,2026-08-01,baseline
C03403,P09214,2025-01-01,2026-08-01,baseline
C03404,P04442,2025-01-01,2026-08-01,baseline
C03405,P04024,2025-01-01,2026-08-01,baseline
C03406,P06010,2025-01-01,2026-08-01,baseline
C03407,P07227,2025-01-01,2026-08-01,baseline
C03408,P09842,2025-01-01,2026-08-01,baseline
C03409,P07430,2025-01-01,2026-08-01,baseline
C03410,P04777,2025-01-01,2026-08-01,baseline
C03411,P03546,2025-01-01,2026-08-01,baseline
C03412,P01773,2025-01-01,2026-08-01,baseline
C03413,P01135,2025-01-01,2026-08-01,baseline
C03414,P00628,2025-01-01,2026-08-01,baseline
C03415,P05453,2025-01-01,2026-08-01,baseline
C03416,P09818,2025-01-01,2026-08-01,baseline
C03417,P04155,2025-01-01,2026-08-01,baseline
C03418,P04903,2025-01-01,2026-08-01,baseline
C03419,P09430,2025-01-01,2026-08-01,baseline
C03420,P05527,2025-01-01,2026-08-01,baseline
C03421,P03167,2025-01-01,2026-08-01,baseline
C03422,P06297,2025-01-01,2026-08-01,baseline
C03423,P09218,2025-01-01,2026-08-01,baseline
C03424,P03199,2025-01-01,2026-08-01,baseline
C03425,P05511,2025-01-01,2026-08-01,baseline
C03426,P06864,2025-01-01,2026-08-01,baseline
C03427,P01185,2025-01-01,2026-08-01,baseline
C03428,P09941,2025-01-01,2026-08-01,baseline
C03429,P00082,2025-01-01,2026-08-01,baseline
C03430,P01177,2025-01-01,2026-08-01,baseline
C03431,P02249,2025-01-01,2026-08-01,baseline
C03432,P08093,2025-01-01,2026-08-01,baseline
C03433,P02486,2025-01-01,2026-08-01,baseline
C03434,P07497,2025-01-01,2026-08-01,baseline
C03435,P09072,2025-01-01,2026-08-01,baseline
C03436,P04292,2025-01-01,2026-08-01,baseline
C03437,P08790,2025-01-01,2026-08-01,baseline
C03438,P02959,2025-01-01,2026-08-01,baseline
C03439,P07218,2025-01-01,2026-08-01,baseline
C03440,P07601,2025-01-01,2026-08-01,baseline
C03441,P02753,2025-01-01,2026-08-01,baseline
C03442,P06329,2025-01-01,2026-08-01,baseline
C03443,P03360,2025-01-01,2026-08-01,baseline
C03444,P06223,2025-01-01,2026-08-01,baseline
C03445,P08627,2025-01-01,2026-08-01,baseline
C03446,P02782,2025-01-01,2026-08-01,baseline
C03447,P04734,2025-01-01,2026-08-01,baseline
C03448,P06451,2025-01-01,2026-08-01,baseline
C03449,P01049,2025-01-01,2026-08-01,baseline
C03450,P07681,2025-01-01,2026-08-01,baseline
C03451,P07204,2025-01-01,2026-08-01,baseline
C03452,P05556,2025-01-01,2026-08-01,baseline
C03453,P01863,2025-01-01,2026-08-01,baseline
C03454,P01635,2025-01-01,2026-08-01,baseline
C03455,P01434,2025-01-01,2026-08-01,baseline
C03456,P09805,2025-01-01,2026-08-01,baseline
C03457,P03601,2025-01-01,2026-08-01,baseline
C03458,P02490,2025-01-01,2026-08-01,baseline
C03459,P08370,2025-01-01,2026-08-01,baseline
C03460,P04803,2025-01-01,2026-08-01,baseline
C03461,P00934,2025-01-01,2026-08-01,baseline
C03462,P02857,2025-01-01,2026-08-01,baseline
C03463,P00504,2025-01-01,2026-08-01,baseline
C03464,P03508,2025-01-01,2026-08-01,baseline
C03465,P07689,2025-01-01,2026-08-01,baseline
C03466,P02414,2025-01-01,2026-08-01,baseline
C03467,P04485,2025-01-01,2026-08-01,baseline
C03468,P04557,2025-01-01,2026-08-01,baseline
C03469,P01664,2025-01-01,2026-08-01,baseline
C03470,P04611,2025-01-01,2026-08-01,baseline
C03471,P07341,2025-01-01,2026-08-01,baseline
C03472,P05533,2025-01-01,2026-08-01,baseline
C03473,P00197,2025-01-01,2026-08-01,baseline
C03474,P07672,2025-01-01,2026-08-01,baseline
C03475,P02514,2025-01-01,2026-08-01,baseline
C03476,P05020,2025-01-01,2026-08-01,baseline
C03477,P09365,2025-01-01,2026-08-01,baseline
C03478,P02651,2025-01-01,2026-08-01,baseline
C03479,P02300,2025-01-01,2026-08-01,baseline
C03480,P03379,2025-01-01,2026-08-01,baseline
C03481,P02998,2025-01-01,2026-08-01,baseline
C03482,P02492,2025-01-01,2026-08-01,baseline
C03483,P08280,2025-01-01,2026-08-01,baseline
C03484,P06146,2025-01-01,2026-08-01,baseline
C03485,P04697,2025-01-01,2026-08-01,baseline
C03486,P00890,2025-01-01,2026-08-01,baseline
C03487,P00697,2025-01-01,2026-08-01,baseline
C03488,P07229,2025-01-01,2026-08-01,baseline
C03489,P01048,2025-01-01,2026-08-01,baseline
C03490,P04959,2025-01-01,2026-08-01,baseline
C03491,P05032,2025-01-01,2026-08-01,baseline
C03492,P02746,2025-01-01,2026-08-01,baseline
C03493,P03227,2025-01-01,2026-08-01,baseline
C03494,P03753,2025-01-01,2026-08-01,baseline
C03495,P06045,2025-01-01,2026-08-01,baseline
C03496,P06255,2025-01-01,2026-08-01,baseline
C03497,P05692,2025-01-01,2026-08-01,baseline
C03498,P07471,2025-01-01,2026-08-01,baseline
C03499,P09108,2025-01-01,2026-08-01,baseline
C03500,P07387,2025-01-01,2026-08-01,baseline
C03501,P06819,2025-01-01,2026-08-01,baseline
C03502,P03520,2025-01-01,2026-08-01,baseline
C03503,P00442,2025-01-01,2026-08-01,baseline
C03504,P05650,2025-01-01,2026-08-01,baseline
C03505,P09711,2025-01-01,2026-08-01,baseline
C03506,P06273,2025-01-01,2026-08-01,baseline
C03507,P02239,2025-01-01,2026-08-01,baseline
C03508,P07495,2025-01-01,2026-08-01,baseline
C03509,P08638,2025-01-01,2026-08-01,baseline
C03510,P05253,2025-01-01,2026-08-01,baseline
C03511,P02218,2025-01-01,2026-08-01,baseline
C03512,P02909,2025-01-01,2026-08-01,baseline
C03513,P06684,2025-01-01,2026-08-01,baseline
C03514,P02583,2025-01-01,2026-08-01,baseline
C03515,P09404,2025-01-01,2026-08-01,baseline
C03516,P05119,2025-01-01,2026-08-01,baseline
C03517,P01370,2025-01-01,2026-08-01,baseline
C03518,P04550,2025-01-01,2026-08-01,baseline
C03519,P01787,2025-01-01,2026-08-01,baseline
C03520,P01623,2025-01-01,2026-08-01,baseline
C03521,P06582,2025-01-01,2026-08-01,baseline
C03522,P02965,2025-01-01,2026-08-01,baseline
C03523,P06834,2025-01-01,2026-08-01,baseline
C03524,P08506,2025-01-01,2026-08-01,baseline
C03525,P04429,2025-01-01,2026-08-01,baseline
C03526,P08613,2025-01-01,2026-08-01,baseline
C03527,P07704,2025-01-01,2026-08-01,baseline
C03528,P01220,2025-01-01,2026-08-01,baseline
C03529,P00734,2025-01-01,2026-08-01,baseline
C03530,P03253,2025-01-01,2026-08-01,baseline
C03531,P07423,2025-01-01,2026-08-01,baseline
C03532,P05967,2025-01-01,2026-08-01,baseline
C03533,P01417,2025-01-01,2026-08-01,baseline
C03534,P06074,2025-01-01,2026-08-01,baseline
C03535,P09074,2025-01-01,2026-08-01,baseline
C03536,P01374,2025-01-01,2026-08-01,baseline
C03537,P01135,2025-01-01,2026-08-01,baseline
C03538,P02471,2025-01-01,2026-08-01,baseline
C03539,P01505,2025-01-01,2026-08-01,baseline
C03540,P03858,2025-01-01,2026-08-01,baseline
C03541,P07662,2025-01-01,2026-08-01,baseline
C03542,P00666,2025-01-01,2026-08-01,baseline
C03543,P07830,2025-01-01,2026-08-01,baseline
C03544,P08022,2025-01-01,2026-08-01,baseline
C03545,P07379,2025-01-01,2026-08-01,baseline
C03546,P05680,2025-01-01,2026-08-01,baseline
C03547,P03112,2025-01-01,2026-08-01,baseline
C03548,P07742,2025-01-01,2026-08-01,baseline
C03549,P05513,2025-01-01,2026-08-01,baseline
C03550,P08538,2025-01-01,2026-08-01,baseline
C03551,P07719,2025-01-01,2026-08-01,baseline
C03552,P05986,2025-01-01,2026-08-01,baseline
C03553,P05081,2025-01-01,2026-08-01,baseline
C03554,P08806,2025-01-01,2026-08-01,baseline
C03555,P03109,2025-01-01,2026-08-01,baseline
C03556,P04151,2025-01-01,2026-08-01,baseline
C03557,P03535,2025-01-01,2026-08-01,baseline
C03558,P01786,2025-01-01,2026-08-01,baseline
C03559,P06904,2025-01-01,2026-08-01,baseline
C03560,P03055,2025-01-01,2026-08-01,baseline
C03561,P03903,2025-01-01,2026-08-01,baseline
C03562,P09896,2025-01-01,2026-08-01,baseline
C03563,P08202,2025-01-01,2026-08-01,baseline
C03564,P02867,2025-01-01,2026-08-01,baseline
C03565,P08133,2025-01-01,2026-08-01,baseline
C03566,P02748,2025-01-01,2026-08-01,baseline
C03567,P04612,2025-01-01,2026-08-01,baseline
C03568,P01331,2025-01-01,2026-08-01,baseline
C03569,P06507,2025-01-01,2026-08-01,baseline
C03570,P04735,2025-01-01,2026-08-01,baseline
C03571,P00994,2025-01-01,2026-08-01,baseline
C03572,P03693,2025-01-01,2026-08-01,baseline
C03573,P01640,2025-01-01,2026-08-01,baseline
C03574,P09229,2025-01-01,2026-08-01,baseline
C03575,P04750,2025-01-01,2026-08-01,baseline
C03576,P03265,2025-01-01,2026-08-01,baseline
C03577,P09374,2025-01-01,2026-08-01,baseline
C03578,P09373,2025-01-01,2026-08-01,baseline
C03579,P09608,2025-01-01,2026-08-01,baseline
C03580,P08028,2025-01-01,2026-08-01,baseline
C03581,P03294,2025-01-01,2026-08-01,baseline
C03582,P02607,2025-01-01,2026-08-01,baseline
C03583,P02483,2025-01-01,2026-08-01,baseline
C03584,P09957,2025-01-01,2026-08-01,baseline
C03585,P08711,2025-01-01,2026-08-01,baseline
C03586,P00932,2025-01-01,2026-08-01,baseline
C03587,P05353,2025-01-01,2026-08-01,baseline
C03588,P09358,2025-01-01,2026-08-01,baseline
C03589,P02035,2025-01-01,2026-08-01,baseline
C03590,P03823,2025-01-01,2026-08-01,baseline
C03591,P05022,2025-01-01,2026-08-01,baseline
C03592,P00699,2025-01-01,2026-08-01,baseline
C03593,P03084,2025-01-01,2026-08-01,baseline
C03594,P05077,2025-01-01,2026-08-01,baseline
C03595,P08893,2025-01-01,2026-08-01,baseline
C03596,P05484,2025-01-01,2026-08-01,baseline
C03597,P02677,2025-01-01,2026-08-01,baseline
C03598,P02064,2025-01-01,2026-08-01,baseline
C03599,P05559,2025-01-01,2026-08-01,baseline
C03600,P04673,2025-01-01,2026-08-01,baseline
C03601,P06708,2025-01-01,2026-08-01,baseline
C03602,P05910,2025-01-01,2026-08-01,baseline
C03603,P09686,2025-01-01,2026-08-01,baseline
C03604,P03193,2025-01-01,2026-08-01,baseline
C03605,P04584,2025-01-01,2026-08-01,baseline
C03606,P02041,2025-01-01,2026-08-01,baseline
C03607,P05030,2025-01-01,2026-08-01,baseline
C03608,P07676,2025-01-01,2026-08-01,baseline
C03609,P06071,2025-01-01,2026-08-01,baseline
C03610,P04029,2025-01-01,2026-08-01,baseline
C03611,P03333,2025-01-01,2026-08-01,baseline
C03612,P09567,2025-01-01,2026-08-01,baseline
C03613,P00898,2025-01-01,2026-08-01,baseline
C03614,P02829,2025-01-01,2026-08-01,baseline
C03615,P01933,2025-01-01,2026-08-01,baseline
C03616,P01971,2025-01-01,2026-08-01,baseline
C03617,P04435,2025-01-01,2026-08-01,baseline
C03618,P09405,2025-01-01,2026-08-01,baseline
C03619,P00422,2025-01-01,2026-08-01,baseline
C03620,P03280,2025-01-01,2026-08-01,baseline
C03621,P02156,2025-01-01,2026-08-01,baseline
C03622,P07394,2025-01-01,2026-08-01,baseline
C03623,P00718,2025-01-01,2026-08-01,baseline
C03624,P02666,2025-01-01,2026-08-01,baseline
C03625,P09953,2025-01-01,2026-08-01,baseline
C03626,P07877,2025-01-01,2026-08-01,baseline
C03627,P04705,2025-01-01,2026-08-01,baseline
C03628,P07958,2025-01-01,2026-08-01,baseline
C03629,P07676,2025-01-01,2026-08-01,baseline
C03630,P07542,2025-01-01,2026-08-01,baseline
C03631,P08346,2025-01-01,2026-08-01,baseline
C03632,P05992,2025-01-01,2026-08-01,baseline
C03633,P09162,2025-01-01,2026-08-01,baseline
C03634,P05563,2025-01-01,2026-08-01,baseline
C03635,P07916,2025-01-01,2026-08-01,baseline
C03636,P01257,2025-01-01,2026-08-01,baseline
C03637,P06455,2025-01-01,2026-08-01,baseline
C03638,P08060,2025-01-01,2026-08-01,baseline
C03639,P03551,2025-01-01,2026-08-01,baseline
C03640,P02420,2025-01-01,2026-08-01,baseline
C03641,P07872,2025-01-01,2026-08-01,baseline
C03642,P06222,2025-01-01,2026-08-01,baseline
C03643,P09764,2025-01-01,2026-08-01,baseline
C03644,P01377,2025-01-01,2026-08-01,baseline
C03645,P00978,2025-01-01,2026-08-01,baseline
C03646,P09028,2025-01-01,2026-08-01,baseline
C03647,P02454,2025-01-01,2026-08-01,baseline
C03648,P05449,2025-01-01,2026-08-01,baseline
C03649,P06728,2025-01-01,2026-08-01,baseline
C03650,P00130,2025-01-01,2026-08-01,baseline
C03651,P05025,2025-01-01,2026-08-01,baseline
C03652,P04718,2025-01-01,2026-08-01,baseline
C03653,P04468,2025-01-01,2026-08-01,baseline
C03654,P01840,2025-01-01,2026-08-01,baseline
C03655,P05212,2025-01-01,2026-08-01,baseline
C03656,P08444,2025-01-01,2026-08-01,baseline
C03657,P08644,2025-01-01,2026-08-01,baseline
C03658,P05716,2025-01-01,2026-08-01,baseline
C03659,P09706,2025-01-01,2026-08-01,baseline
C03660,P05023,2025-01-01,2026-08-01,baseline
C03661,P09939,2025-01-01,2026-08-01,baseline
C03662,P07198,2025-01-01,2026-08-01,baseline
C03663,P00056,2025-01-01,2026-08-01,baseline
C03664,P05268,2025-01-01,2026-08-01,baseline
C03665,P03610,2025-01-01,2026-08-01,baseline
C03666,P04598,2025-01-01,2026-08-01,baseline
C03667,P07818,2025-01-01,2026-08-01,baseline
C03668,P09480,2025-01-01,2026-08-01,baseline
C03669,P08277,2025-01-01,2026-08-01,baseline
C03670,P08863,2025-01-01,2026-08-01,baseline
C03671,P08414,2025-01-01,2026-08-01,baseline
C03672,P01610,2025-01-01,2026-08-01,baseline
C03673,P07954,2025-01-01,2026-08-01,baseline
C03674,P07169,2025-01-01,2026-08-01,baseline
C03675,P09193,2025-01-01,2026-08-01,baseline
C03676,P09121,2025-01-01,2026-08-01,baseline
C03677,P04091,2025-01-01,2026-08-01,baseline
C03678,P01451,2025-01-01,2026-08-01,baseline
C03679,P02314,2025-01-01,2026-08-01,baseline
C03680,P07673,2025-01-01,2026-08-01,baseline
C03681,P08997,2025-01-01,2026-08-01,baseline
C03682,P03362,2025-01-01,2026-08-01,baseline
C03683,P06262,2025-01-01,2026-08-01,baseline
C03684,P07491,2025-01-01,2026-08-01,baseline
C03685,P00996,2025-01-01,2026-08-01,baseline
C03686,P03720,2025-01-01,2026-08-01,baseline
C03687,P03866,2025-01-01,2026-08-01,baseline
C03688,P02639,2025-01-01,2026-08-01,baseline
C03689,P01491,2025-01-01,2026-08-01,baseline
C03690,P00514,2025-01-01,2026-08-01,baseline
C03691,P02219,2025-01-01,2026-08-01,baseline
C03692,P05052,2025-01-01,2026-08-01,baseline
C03693,P00520,2025-01-01,2026-08-01,baseline
C03694,P02096,2025-01-01,2026-08-01,baseline
C03695,P07510,2025-01-01,2026-08-01,baseline
C03696,P02463,2025-01-01,2026-08-01,baseline
C03697,P00874,2025-01-01,2026-08-01,baseline
C03698,P09611,2025-01-01,2026-08-01,baseline
C03699,P05223,2025-01-01,2026-08-01,baseline
C03700,P09200,2025-01-01,2026-08-01,baseline
C03701,P00958,2025-01-01,2026-08-01,baseline
C03702,P07625,2025-01-01,2026-08-01,baseline
C03703,P02831,2025-01-01,2026-08-01,baseline
C03704,P06435,2025-01-01,2026-08-01,baseline
C03705,P05415,2025-01-01,2026-08-01,baseline
C03706,P06269,2025-01-01,2026-08-01,baseline
C03707,P02376,2025-01-01,2026-08-01,baseline
C03708,P08723,2025-01-01,2026-08-01,baseline
C03709,P06079,2025-01-01,2026-08-01,baseline
C03710,P00061,2025-01-01,2026-08-01,baseline
C03711,P09379,2025-01-01,2026-08-01,baseline
C03712,P00691,2025-01-01,2026-08-01,baseline
C03713,P09829,2025-01-01,2026-08-01,baseline
C03714,P00716,2025-01-01,2026-08-01,baseline
C03715,P06108,2025-01-01,2026-08-01,baseline
C03716,P08472,2025-01-01,2026-08-01,baseline
C03717,P02130,2025-01-01,2026-08-01,baseline
C03718,P01129,2025-01-01,2026-08-01,baseline
C03719,P03058,2025-01-01,2026-08-01,baseline
C03720,P05359,2025-01-01,2026-08-01,baseline
C03721,P01192,2025-01-01,2026-08-01,baseline
C03722,P07042,2025-01-01,2026-08-01,baseline
C03723,P05571,2025-01-01,2026-08-01,baseline
C03724,P05734,2025-01-01,2026-08-01,baseline
C03725,P01766,2025-01-01,2026-08-01,baseline
C03726,P08813,2025-01-01,2026-08-01,baseline
C03727,P05389,2025-01-01,2026-08-01,baseline
C03728,P09245,2025-01-01,2026-08-01,baseline
C03729,P02156,2025-01-01,2026-08-01,baseline
C03730,P06737,2025-01-01,2026-08-01,baseline
C03731,P01913,2025-01-01,2026-08-01,baseline
C03732,P02847,2025-01-01,2026-08-01,baseline
C03733,P06206,2025-01-01,2026-08-01,baseline
C03734,P09048,2025-01-01,2026-08-01,baseline
C03735,P01015,2025-01-01,2026-08-01,baseline
C03736,P07536,2025-01-01,2026-08-01,baseline
C03737,P09547,2025-01-01,2026-08-01,baseline
C03738,P02577,2025-01-01,2026-08-01,baseline
C03739,P02177,2025-01-01,2026-08-01,baseline
C03740,P08099,2025-01-01,2026-08-01,baseline
C03741,P00554,2025-01-01,2026-08-01,baseline
C03742,P03770,2025-01-01,2026-08-01,baseline
C03743,P07489,2025-01-01,2026-08-01,baseline
C03744,P09215,2025-01-01,2026-08-01,baseline
C03745,P02034,2025-01-01,2026-08-01,baseline
C03746,P04703,2025-01-01,2026-08-01,baseline
C03747,P08894,2025-01-01,2026-08-01,baseline
C03748,P04114,2025-01-01,2026-08-01,baseline
C03749,P06816,2025-01-01,2026-08-01,baseline
C03750,P09234,2025-01-01,2026-08-01,baseline
C03751,P00319,2025-01-01,2026-08-01,baseline
C03752,P01728,2025-01-01,2026-08-01,baseline
C03753,P03723,2025-01-01,2026-08-01,baseline
C03754,P04102,2025-01-01,2026-08-01,baseline
C03755,P01185,2025-01-01,2026-08-01,baseline
C03756,P02897,2025-01-01,2026-08-01,baseline
C03757,P07143,2025-01-01,2026-08-01,baseline
C03758,P06522,2025-01-01,2026-08-01,baseline
C03759,P08929,2025-01-01,2026-08-01,baseline
C03760,P09280,2025-01-01,2026-08-01,baseline
C03761,P00396,2025-01-01,2026-08-01,baseline
C03762,P06826,2025-01-01,2026-08-01,baseline
C03763,P01396,2025-01-01,2026-08-01,baseline
C03764,P00580,2025-01-01,2026-08-01,baseline
C03765,P09593,2025-01-01,2026-08-01,baseline
C03766,P09031,2025-01-01,2026-08-01,baseline
C03767,P08336,2025-01-01,2026-08-01,baseline
C03768,P05474,2025-01-01,2026-08-01,baseline
C03769,P00856,2025-01-01,2026-08-01,baseline
C03770,P04692,2025-01-01,2026-08-01,baseline
C03771,P05370,2025-01-01,2026-08-01,baseline
C03772,P05744,2025-01-01,2026-08-01,baseline
C03773,P00618,2025-01-01,2026-08-01,baseline
C03774,P07762,2025-01-01,2026-08-01,baseline
C03775,P05956,2025-01-01,2026-08-01,baseline
C03776,P08525,2025-01-01,2026-08-01,baseline
C03777,P08867,2025-01-01,2026-08-01,baseline
C03778,P01328,2025-01-01,2026-08-01,baseline
C03779,P00273,2025-01-01,2026-08-01,baseline
C03780,P05165,2025-01-01,2026-08-01,baseline
C03781,P04908,2025-01-01,2026-08-01,baseline
C03782,P06679,2025-01-01,2026-08-01,baseline
C03783,P04523,2025-01-01,2026-08-01,baseline
C03784,P03694,2025-01-01,2026-08-01,baseline
C03785,P09831,2025-01-01,2026-08-01,baseline
C03786,P04305,2025-01-01,2026-08-01,baseline
C03787,P04690,2025-01-01,2026-08-01,baseline
C03788,P08317,2025-01-01,2026-08-01,baseline
C03789,P02527,2025-01-01,2026-08-01,baseline
C03790,P04937,2025-01-01,2026-08-01,baseline
C03791,P04801,2025-01-01,2026-08-01,baseline
C03792,P03672,2025-01-01,2026-08-01,baseline
C03793,P08309,2025-01-01,2026-08-01,baseline
C03794,P09768,2025-01-01,2026-08-01,baseline
C03795,P01377,2025-01-01,2026-08-01,baseline
C03796,P00525,2025-01-01,2026-08-01,baseline
C03797,P04469,2025-01-01,2026-08-01,baseline
C03798,P00077,2025-01-01,2026-08-01,baseline
C03799,P09789,2025-01-01,2026-08-01,baseline
C03800,P01568,2025-01-01,2026-08-01,baseline
C03801,P01155,2025-01-01,2026-08-01,baseline
C03802,P01769,2025-01-01,2026-08-01,baseline
C03803,P07133,2025-01-01,2026-08-01,baseline
C03804,P03063,2025-01-01,2026-08-01,baseline
C03805,P06083,2025-01-01,2026-08-01,baseline
C03806,P01899,2025-01-01,2026-08-01,baseline
C03807,P00085,2025-01-01,2026-08-01,baseline
C03808,P07463,2025-01-01,2026-08-01,baseline
C03809,P07841,2025-01-01,2026-08-01,baseline
C03810,P02314,2025-01-01,2026-08-01,baseline
C03811,P00237,2025-01-01,2026-08-01,baseline
C03812,P01090,2025-01-01,2026-08-01,baseline
C03813,P09776,2025-01-01,2026-08-01,baseline
C03814,P07874,2025-01-01,2026-08-01,baseline
C03815,P05951,2025-01-01,2026-08-01,baseline
C03816,P01000,2025-01-01,2026-08-01,baseline
C03817,P08859,2025-01-01,2026-08-01,baseline
C03818,P09703,2025-01-01,2026-08-01,baseline
C03819,P07447,2025-01-01,2026-08-01,baseline
C03820,P01614,2025-01-01,2026-08-01,baseline
C03821,P02175,2025-01-01,2026-08-01,baseline
C03822,P06664,2025-01-01,2026-08-01,baseline
C03823,P00089,2025-01-01,2026-08-01,baseline
C03824,P00225,2025-01-01,2026-08-01,baseline
C03825,P01709,2025-01-01,2026-08-01,baseline
C03826,P00063,2025-01-01,2026-08-01,baseline
C03827,P04966,2025-01-01,2026-08-01,baseline
C03828,P06562,2025-01-01,2026-08-01,baseline
C03829,P04234,2025-01-01,2026-08-01,baseline
C03830,P01753,2025-01-01,2026-08-01,baseline
C03831,P01588,2025-01-01,2026-08-01,baseline
C03832,P00544,2025-01-01,2026-08-01,baseline
C03833,P00428,2025-01-01,2026-08-01,baseline
C03834,P07697,2025-01-01,2026-08-01,baseline
C03835,P07506,2025-01-01,2026-08-01,baseline
C03836,P01682,2025-01-01,2026-08-01,baseline
C03837,P00742,2025-01-01,2026-08-01,baseline
C03838,P00152,2025-01-01,2026-08-01,baseline
C03839,P03870,2025-01-01,2026-08-01,baseline
C03840,P08994,2025-01-01,2026-08-01,baseline
C03841,P09681,2025-01-01,2026-08-01,baseline
C03842,P02598,2025-01-01,2026-08-01,baseline
C03843,P01546,2025-01-01,2026-08-01,baseline
C03844,P06577,2025-01-01,2026-08-01,baseline
C03845,P01098,2025-01-01,2026-08-01,baseline
C03846,P07047,2025-01-01,2026-08-01,baseline
C03847,P08711,2025-01-01,2026-08-01,baseline
C03848,P03775,2025-01-01,2026-08-01,baseline
C03849,P09071,2025-01-01,2026-08-01,baseline
C03850,P00111,2025-01-01,2026-08-01,baseline
C03851,P04852,2025-01-01,2026-08-01,baseline
C03852,P01392,2025-01-01,2026-08-01,baseline
C03853,P05073,2025-01-01,2026-08-01,baseline
C03854,P04702,2025-01-01,2026-08-01,baseline
C03855,P04082,2025-01-01,2026-08-01,baseline
C03856,P06154,2025-01-01,2026-08-01,baseline
C03857,P00429,2025-01-01,2026-08-01,baseline
C03858,P06712,2025-01-01,2026-08-01,baseline
C03859,P04154,2025-01-01,2026-08-01,baseline
C03860,P03667,2025-01-01,2026-08-01,baseline
C03861,P09332,2025-01-01,2026-08-01,baseline
C03862,P08295,2025-01-01,2026-08-01,baseline
C03863,P07074,2025-01-01,2026-08-01,baseline
C03864,P07885,2025-01-01,2026-08-01,baseline
C03865,P07908,2025-01-01,2026-08-01,baseline
C03866,P02283,2025-01-01,2026-08-01,baseline
C03867,P02990,2025-01-01,2026-08-01,baseline
C03868,P09860,2025-01-01,2026-08-01,baseline
C03869,P09579,2025-01-01,2026-08-01,baseline
C03870,P06995,2025-01-01,2026-08-01,baseline
C03871,P02152,2025-01-01,2026-08-01,baseline
C03872,P05474,2025-01-01,2026-08-01,baseline
C03873,P07925,2025-01-01,2026-08-01,baseline
C03874,P02153,2025-01-01,2026-08-01,baseline
C03875,P00130,2025-01-01,2026-08-01,baseline
C03876,P05526,2025-01-01,2026-08-01,baseline
C03877,P03458,2025-01-01,2026-08-01,baseline
C03878,P09738,2025-01-01,2026-08-01,baseline
C03879,P06850,2025-01-01,2026-08-01,baseline
C03880,P07863,2025-01-01,2026-08-01,baseline
C03881,P09109,2025-01-01,2026-08-01,baseline
C03882,P08987,2025-01-01,2026-08-01,baseline
C03883,P08830,2025-01-01,2026-08-01,baseline
C03884,P01711,2025-01-01,2026-08-01,baseline
C03885,P09569,2025-01-01,2026-08-01,baseline
C03886,P01554,2025-01-01,2026-08-01,baseline
C03887,P01018,2025-01-01,2026-08-01,baseline
C03888,P05696,2025-01-01,2026-08-01,baseline
C03889,P05783,2025-01-01,2026-08-01,baseline
C03890,P04906,2025-01-01,2026-08-01,baseline
C03891,P04835,2025-01-01,2026-08-01,baseline
C03892,P05067,2025-01-01,2026-08-01,baseline
C03893,P01716,2025-01-01,2026-08-01,baseline
C03894,P07460,2025-01-01,2026-08-01,baseline
C03895,P03715,2025-01-01,2026-08-01,baseline
C03896,P01490,2025-01-01,2026-08-01,baseline
C03897,P08021,2025-01-01,2026-08-01,baseline
C03898,P00073,2025-01-01,2026-08-01,baseline
C03899,P09455,2025-01-01,2026-08-01,baseline
C03900,P07378,2025-01-01,2026-08-01,baseline
C03901,P01032,2025-01-01,2026-08-01,baseline
C03902,P03304,2025-01-01,2026-08-01,baseline
C03903,P04647,2025-01-01,2026-08-01,baseline
C03904,P05205,2025-01-01,2026-08-01,baseline
C03905,P08724,2025-01-01,2026-08-01,baseline
C03906,P01255,2025-01-01,2026-08-01,baseline
C03907,P03074,2025-01-01,2026-08-01,baseline
C03908,P07867,2025-01-01,2026-08-01,baseline
C03909,P03348,2025-01-01,2026-08-01,baseline
C03910,P01059,2025-01-01,2026-08-01,baseline
C03911,P04971,2025-01-01,2026-08-01,baseline
C03912,P09552,2025-01-01,2026-08-01,baseline
C03913,P00552,2025-01-01,2026-08-01,baseline
C03914,P00624,2025-01-01,2026-08-01,baseline
C03915,P02285,2025-01-01,2026-08-01,baseline
C03916,P05964,2025-01-01,2026-08-01,baseline
C03917,P03841,2025-01-01,2026-08-01,baseline
C03918,P00887,2025-01-01,2026-08-01,baseline
C03919,P00474,2025-01-01,2026-08-01,baseline
C03920,P06732,2025-01-01,2026-08-01,baseline
C03921,P04233,2025-01-01,2026-08-01,baseline
C03922,P08846,2025-01-01,2026-08-01,baseline
C03923,P07577,2025-01-01,2026-08-01,baseline
C03924,P09550,2025-01-01,2026-08-01,baseline
C03925,P09312,2025-01-01,2026-08-01,baseline
C03926,P04778,2025-01-01,2026-08-01,baseline
C03927,P02165,2025-01-01,2026-08-01,baseline
C03928,P04283,2025-01-01,2026-08-01,baseline
C03929,P06566,2025-01-01,2026-08-01,baseline
C03930,P01262,2025-01-01,2026-08-01,baseline
C03931,P08063,2025-01-01,2026-08-01,baseline
C03932,P08055,2025-01-01,2026-08-01,baseline
C03933,P08920,2025-01-01,2026-08-01,baseline
C03934,P03944,2025-01-01,2026-08-01,baseline
C03935,P09218,2025-01-01,2026-08-01,baseline
C03936,P07125,2025-01-01,2026-08-01,baseline
C03937,P01579,2025-01-01,2026-08-01,baseline
C03938,P02109,2025-01-01,2026-08-01,baseline
C03939,P08483,2025-01-01,2026-08-01,baseline
C03940,P06848,2025-01-01,2026-08-01,baseline
C03941,P03883,2025-01-01,2026-08-01,baseline
C03942,P06223,2025-01-01,2026-08-01,baseline
C03943,P03117,2025-01-01,2026-08-01,baseline
C03944,P01899,2025-01-01,2026-08-01,baseline
C03945,P02233,2025-01-01,2026-08-01,baseline
C03946,P03371,2025-01-01,2026-08-01,baseline
C03947,P00621,2025-01-01,2026-08-01,baseline
C03948,P07092,2025-01-01,2026-08-01,baseline
C03949,P02319,2025-01-01,2026-08-01,baseline
C03950,P03759,2025-01-01,2026-08-01,baseline
C03951,P09447,2025-01-01,2026-08-01,baseline
C03952,P03648,2025-01-01,2026-08-01,baseline
C03953,P01338,2025-01-01,2026-08-01,baseline
C03954,P09550,2025-01-01,2026-08-01,baseline
C03955,P09531,2025-01-01,2026-08-01,baseline
C03956,P07159,2025-01-01,2026-08-01,baseline
C03957,P01324,2025-01-01,2026-08-01,baseline
C03958,P00692,2025-01-01,2026-08-01,baseline
C03959,P09799,2025-01-01,2026-08-01,baseline
C03960,P02808,2025-01-01,2026-08-01,baseline
C03961,P00206,2025-01-01,2026-08-01,baseline
C03962,P07530,2025-01-01,2026-08-01,baseline
C03963,P03281,2025-01-01,2026-08-01,baseline
C03964,P06773,2025-01-01,2026-08-01,baseline
C03965,P06600,2025-01-01,2026-08-01,baseline
C03966,P05783,2025-01-01,2026-08-01,baseline
C03967,P00518,2025-01-01,2026-08-01,baseline
C03968,P09078,2025-01-01,2026-08-01,baseline
C03969,P07370,2025-01-01,2026-08-01,baseline
C03970,P04965,2025-01-01,2026-08-01,baseline
C03971,P05262,2025-01-01,2026-08-01,baseline
C03972,P00551,2025-01-01,2026-08-01,baseline
C03973,P02365,2025-01-01,2026-08-01,baseline
C03974,P09030,2025-01-01,2026-08-01,baseline
C03975,P08928,2025-01-01,2026-08-01,baseline
C03976,P01181,2025-01-01,2026-08-01,baseline
C03977,P08575,2025-01-01,2026-08-01,baseline
C03978,P01032,2025-01-01,2026-08-01,baseline
C03979,P01856,2025-01-01,2026-08-01,baseline
C03980,P06215,2025-01-01,2026-08-01,baseline
C03981,P02972,2025-01-01,2026-08-01,baseline
C03982,P03610,2025-01-01,2026-08-01,baseline
C03983,P09260,2025-01-01,2026-08-01,baseline
C03984,P00194,2025-01-01,2026-08-01,baseline
C03985,P08502,2025-01-01,2026-08-01,baseline
C03986,P02317,2025-01-01,2026-08-01,baseline
C03987,P09515,2025-01-01,2026-08-01,baseline
C03988,P09813,2025-01-01,2026-08-01,baseline
C03989,P04197,2025-01-01,2026-08-01,baseline
C03990,P01340,2025-01-01,2026-08-01,baseline
C03991,P03236,2025-01-01,2026-08-01,baseline
C03992,P00071,2025-01-01,2026-08-01,baseline
C03993,P08224,2025-01-01,2026-08-01,baseline
C03994,P05757,2025-01-01,2026-08-01,baseline
C03995,P00115,2025-01-01,2026-08-01,baseline
C03996,P07617,2025-01-01,2026-08-01,baseline
C03997,P00776,2025-01-01,2026-08-01,baseline
C03998,P08077,2025-01-01,2026-08-01,baseline
C03999,P09527,2025-01-01,2026-08-01,baseline
C04000,P08862,2025-01-01,2026-08-01,baseline
C04001,P06461,2025-01-01,2026-08-01,baseline
C04002,P04831,2025-01-01,2026-08-01,baseline
C04003,P09919,2025-01-01,2026-08-01,baseline
C04004,P05845,2025-01-01,2026-08-01,baseline
C04005,P05096,2025-01-01,2026-08-01,baseline
C04006,P08377,2025-01-01,2026-08-01,baseline
C04007,P03014,2025-01-01,2026-08-01,baseline
C04008,P01212,2025-01-01,2026-08-01,baseline
C04009,P07617,2025-01-01,2026-08-01,baseline
C04010,P09945,2025-01-01,2026-08-01,baseline
C04011,P08473,2025-01-01,2026-08-01,baseline
C04012,P08448,2025-01-01,2026-08-01,baseline
C04013,P07121,2025-01-01,2026-08-01,baseline
C04014,P05232,2025-01-01,2026-08-01,baseline
C04015,P08459,2025-01-01,2026-08-01,baseline
C04016,P03660,2025-01-01,2026-08-01,baseline
C04017,P04643,2025-01-01,2026-08-01,baseline
C04018,P07007,2025-01-01,2026-08-01,baseline
C04019,P00404,2025-01-01,2026-08-01,baseline
C04020,P00125,2025-01-01,2026-08-01,baseline
C04021,P06080,2025-01-01,2026-08-01,baseline
C04022,P05702,2025-01-01,2026-08-01,baseline
C04023,P03266,2025-01-01,2026-08-01,baseline
C04024,P09900,2025-01-01,2026-08-01,baseline
C04025,P08266,2025-01-01,2026-08-01,baseline
C04026,P01176,2025-01-01,2026-08-01,baseline
C04027,P08873,2025-01-01,2026-08-01,baseline
C04028,P01794,2025-01-01,2026-08-01,baseline
C04029,P06028,2025-01-01,2026-08-01,baseline
C04030,P06881,2025-01-01,2026-08-01,baseline
C04031,P09042,2025-01-01,2026-08-01,baseline
C04032,P00380,2025-01-01,2026-08-01,baseline
C04033,P08158,2025-01-01,2026-08-01,baseline
C04034,P08109,2025-01-01,2026-08-01,baseline
C04035,P03262,2025-01-01,2026-08-01,baseline
C04036,P04432,2025-01-01,2026-08-01,baseline
C04037,P03964,2025-01-01,2026-08-01,baseline
C04038,P08217,2025-01-01,2026-08-01,baseline
C04039,P05752,2025-01-01,2026-08-01,baseline
C04040,P06978,2025-01-01,2026-08-01,baseline
C04041,P06978,2025-01-01,2026-08-01,baseline
C04042,P02524,2025-01-01,2026-08-01,baseline
C04043,P05405,2025-01-01,2026-08-01,baseline
C04044,P05300,2025-01-01,2026-08-01,baseline
C04045,P08684,2025-01-01,2026-08-01,baseline
C04046,P00759,2025-01-01,2026-08-01,baseline
C04047,P08173,2025-01-01,2026-08-01,baseline
C04048,P06396,2025-01-01,2026-08-01,baseline
C04049,P08186,2025-01-01,2026-08-01,baseline
C04050,P06709,2025-01-01,2026-08-01,baseline
C04051,P07185,2025-01-01,2026-08-01,baseline
C04052,P02263,2025-01-01,2026-08-01,baseline
C04053,P07517,2025-01-01,2026-08-01,baseline
C04054,P06238,2025-01-01,2026-08-01,baseline
C04055,P00555,2025-01-01,2026-08-01,baseline
C04056,P07347,2025-01-01,2026-08-01,baseline
C04057,P03918,2025-01-01,2026-08-01,baseline
C04058,P06876,2025-01-01,2026-08-01,baseline
C04059,P02206,2025-01-01,2026-08-01,baseline
C04060,P09191,2025-01-01,2026-08-01,baseline
C04061,P09478,2025-01-01,2026-08-01,baseline
C04062,P02138,2025-01-01,2026-08-01,baseline
C04063,P00784,2025-01-01,2026-08-01,baseline
C04064,P01976,2025-01-01,2026-08-01,baseline
C04065,P00992,2025-01-01,2026-08-01,baseline
C04066,P03448,2025-01-01,2026-08-01,baseline
C04067,P07197,2025-01-01,2026-08-01,baseline
C04068,P04668,2025-01-01,2026-08-01,baseline
C04069,P07632,2025-01-01,2026-08-01,baseline
C04070,P02662,2025-01-01,2026-08-01,baseline
C04071,P00633,2025-01-01,2026-08-01,baseline
C04072,P09175,2025-01-01,2026-08-01,baseline
C04073,P03867,2025-01-01,2026-08-01,baseline
C04074,P02864,2025-01-01,2026-08-01,baseline
C04075,P01662,2025-01-01,2026-08-01,baseline
C04076,P07586,2025-01-01,2026-08-01,baseline
C04077,P08591,2025-01-01,2026-08-01,baseline
C04078,P09439,2025-01-01,2026-08-01,baseline
C04079,P09858,2025-01-01,2026-08-01,baseline
C04080,P00903,2025-01-01,2026-08-01,baseline
C04081,P03230,2025-01-01,2026-08-01,baseline
C04082,P07597,2025-01-01,2026-08-01,baseline
C04083,P07709,2025-01-01,2026-08-01,baseline
C04084,P05823,2025-01-01,2026-08-01,baseline
C04085,P08424,2025-01-01,2026-08-01,baseline
C04086,P00004,2025-01-01,2026-08-01,baseline
C04087,P00413,2025-01-01,2026-08-01,baseline
C04088,P01579,2025-01-01,2026-08-01,baseline
C04089,P07239,2025-01-01,2026-08-01,baseline
C04090,P06787,2025-01-01,2026-08-01,baseline
C04091,P06363,2025-01-01,2026-08-01,baseline
C04092,P07879,2025-01-01,2026-08-01,baseline
C04093,P08251,2025-01-01,2026-08-01,baseline
C04094,P00379,2025-01-01,2026-08-01,baseline
C04095,P05759,2025-01-01,2026-08-01,baseline
C04096,P08082,2025-01-01,2026-08-01,baseline
C04097,P06019,2025-01-01,2026-08-01,baseline
C04098,P07259,2025-01-01,2026-08-01,baseline
C04099,P06068,2025-01-01,2026-08-01,baseline
C04100,P08774,2025-01-01,2026-08-01,baseline
C04101,P08897,2025-01-01,2026-08-01,baseline
C04102,P08940,2025-01-01,2026-08-01,baseline
C04103,P01791,2025-01-01,2026-08-01,baseline
C04104,P07797,2025-01-01,2026-08-01,baseline
C04105,P08481,2025-01-01,2026-08-01,baseline
C04106,P07113,2025-01-01,2026-08-01,baseline
C04107,P07629,2025-01-01,2026-08-01,baseline
C04108,P05568,2025-01-01,2026-08-01,baseline
C04109,P06582,2025-01-01,2026-08-01,baseline
C04110,P04073,2025-01-01,2026-08-01,baseline
C04111,P06329,2025-01-01,2026-08-01,baseline
C04112,P08382,2025-01-01,2026-08-01,baseline
C04113,P08051,2025-01-01,2026-08-01,baseline
C04114,P00913,2025-01-01,2026-08-01,baseline
C04115,P03377,2025-01-01,2026-08-01,baseline
C04116,P07113,2025-01-01,2026-08-01,baseline
C04117,P02036,2025-01-01,2026-08-01,baseline
C04118,P04836,2025-01-01,2026-08-01,baseline
C04119,P07714,2025-01-01,2026-08-01,baseline
C04120,P09233,2025-01-01,2026-08-01,baseline
C04121,P08631,2025-01-01,2026-08-01,baseline
C04122,P08447,2025-01-01,2026-08-01,baseline
C04123,P07972,2025-01-01,2026-08-01,baseline
C04124,P04059,2025-01-01,2026-08-01,baseline
C04125,P04424,2025-01-01,2026-08-01,baseline
C04126,P08957,2025-01-01,2026-08-01,baseline
C04127,P06735,2025-01-01,2026-08-01,baseline
C04128,P05743,2025-01-01,2026-08-01,baseline
C04129,P01394,2025-01-01,2026-08-01,baseline
C04130,P07685,2025-01-01,2026-08-01,baseline
C04131,P05407,2025-01-01,2026-08-01,baseline
C04132,P01413,2025-01-01,2026-08-01,baseline
C04133,P00014,2025-01-01,2026-08-01,baseline
C04134,P06654,2025-01-01,2026-08-01,baseline
C04135,P09726,2025-01-01,2026-08-01,baseline
C04136,P01931,2025-01-01,2026-08-01,baseline
C04137,P09897,2025-01-01,2026-08-01,baseline
C04138,P01406,2025-01-01,2026-08-01,baseline
C04139,P05547,2025-01-01,2026-08-01,baseline
C04140,P01217,2025-01-01,2026-08-01,baseline
C04141,P08223,2025-01-01,2026-08-01,baseline
C04142,P01358,2025-01-01,2026-08-01,baseline
C04143,P01651,2025-01-01,2026-08-01,baseline
C04144,P09949,2025-01-01,2026-08-01,baseline
C04145,P02349,2025-01-01,2026-08-01,baseline
C04146,P03451,2025-01-01,2026-08-01,baseline
C04147,P00874,2025-01-01,2026-08-01,baseline
C04148,P04862,2025-01-01,2026-08-01,baseline
C04149,P08010,2025-01-01,2026-08-01,baseline
C04150,P03861,2025-01-01,2026-08-01,baseline
C04151,P08990,2025-01-01,2026-08-01,baseline
C04152,P09882,2025-01-01,2026-08-01,baseline
C04153,P06399,2025-01-01,2026-08-01,baseline
C04154,P07892,2025-01-01,2026-08-01,baseline
C04155,P09929,2025-01-01,2026-08-01,baseline
C04156,P04497,2025-01-01,2026-08-01,baseline
C04157,P02050,2025-01-01,2026-08-01,baseline
C04158,P07114,2025-01-01,2026-08-01,baseline
C04159,P02076,2025-01-01,2026-08-01,baseline
C04160,P06808,2025-01-01,2026-08-01,baseline
C04161,P01648,2025-01-01,2026-08-01,baseline
C04162,P09240,2025-01-01,2026-08-01,baseline
C04163,P03326,2025-01-01,2026-08-01,baseline
C04164,P01229,2025-01-01,2026-08-01,baseline
C04165,P08721,2025-01-01,2026-08-01,baseline
C04166,P04776,2025-01-01,2026-08-01,baseline
C04167,P09436,2025-01-01,2026-08-01,baseline
C04168,P05743,2025-01-01,2026-08-01,baseline
C04169,P07457,2025-01-01,2026-08-01,baseline
C04170,P01955,2025-01-01,2026-08-01,baseline
C04171,P01741,2025-01-01,2026-08-01,baseline
C04172,P04786,2025-01-01,2026-08-01,baseline
C04173,P08405,2025-01-01,2026-08-01,baseline
C04174,P03778,2025-01-01,2026-08-01,baseline
C04175,P07726,2025-01-01,2026-08-01,baseline
C04176,P03531,2025-01-01,2026-08-01,baseline
C04177,P02002,2025-01-01,2026-08-01,baseline
C04178,P04262,2025-01-01,2026-08-01,baseline
C04179,P02750,2025-01-01,2026-08-01,baseline
C04180,P08386,2025-01-01,2026-08-01,baseline
C04181,P00816,2025-01-01,2026-08-01,baseline
C04182,P04590,2025-01-01,2026-08-01,baseline
C04183,P00979,2025-01-01,2026-08-01,baseline
C04184,P03680,2025-01-01,2026-08-01,baseline
C04185,P03525,2025-01-01,2026-08-01,baseline
C04186,P01326,2025-01-01,2026-08-01,baseline
C04187,P07359,2025-01-01,2026-08-01,baseline
C04188,P04158,2025-01-01,2026-08-01,baseline
C04189,P02833,2025-01-01,2026-08-01,baseline
C04190,P09887,2025-01-01,2026-08-01,baseline
C04191,P03006,2025-01-01,2026-08-01,baseline
C04192,P08330,2025-01-01,2026-08-01,baseline
C04193,P08002,2025-01-01,2026-08-01,baseline
C04194,P03588,2025-01-01,2026-08-01,baseline
C04195,P08887,2025-01-01,2026-08-01,baseline
C04196,P03650,2025-01-01,2026-08-01,baseline
C04197,P06900,2025-01-01,2026-08-01,baseline
C04198,P02325,2025-01-01,2026-08-01,baseline
C04199,P08713,2025-01-01,2026-08-01,baseline
C04200,P09246,2025-01-01,2026-08-01,baseline
C04201,P03289,2025-01-01,2026-08-01,baseline
C04202,P07019,2025-01-01,2026-08-01,baseline
C04203,P05102,2025-01-01,2026-08-01,baseline
C04204,P07272,2025-01-01,2026-08-01,baseline
C04205,P05925,2025-01-01,2026-08-01,baseline
C04206,P01618,2025-01-01,2026-08-01,baseline
C04207,P01541,2025-01-01,2026-08-01,baseline
C04208,P08499,2025-01-01,2026-08-01,baseline
C04209,P00447,2025-01-01,2026-08-01,baseline
C04210,P07098,2025-01-01,2026-08-01,baseline
C04211,P02086,2025-01-01,2026-08-01,baseline
C04212,P09785,2025-01-01,2026-08-01,baseline
C04213,P04391,2025-01-01,2026-08-01,baseline
C04214,P01765,2025-01-01,2026-08-01,baseline
C04215,P06163,2025-01-01,2026-08-01,baseline
C04216,P05531,2025-01-01,2026-08-01,baseline
C04217,P08350,2025-01-01,2026-08-01,baseline
C04218,P05991,2025-01-01,2026-08-01,baseline
C04219,P01050,2025-01-01,2026-08-01,baseline
C04220,P00975,2025-01-01,2026-08-01,baseline
C04221,P08211,2025-01-01,2026-08-01,baseline
C04222,P00363,2025-01-01,2026-08-01,baseline
C04223,P00773,2025-01-01,2026-08-01,baseline
C04224,P07626,2025-01-01,2026-08-01,baseline
C04225,P03725,2025-01-01,2026-08-01,baseline
C04226,P02526,2025-01-01,2026-08-01,baseline
C04227,P09058,2025-01-01,2026-08-01,baseline
C04228,P06301,2025-01-01,2026-08-01,baseline
C04229,P08232,2025-01-01,2026-08-01,baseline
C04230,P06810,2025-01-01,2026-08-01,baseline
C04231,P04789,2025-01-01,2026-08-01,baseline
C04232,P07706,2025-01-01,2026-08-01,baseline
C04233,P07563,2025-01-01,2026-08-01,baseline
C04234,P08351,2025-01-01,2026-08-01,baseline
C04235,P09408,2025-01-01,2026-08-01,baseline
C04236,P04292,2025-01-01,2026-08-01,baseline
C04237,P03479,2025-01-01,2026-08-01,baseline
C04238,P01977,2025-01-01,2026-08-01,baseline
C04239,P02274,2025-01-01,2026-08-01,baseline
C04240,P04613,2025-01-01,2026-08-01,baseline
C04241,P09160,2025-01-01,2026-08-01,baseline
C04242,P01329,2025-01-01,2026-08-01,baseline
C04243,P00448,2025-01-01,2026-08-01,baseline
C04244,P01357,2025-01-01,2026-08-01,baseline
C04245,P09306,2025-01-01,2026-08-01,baseline
C04246,P06172,2025-01-01,2026-08-01,baseline
C04247,P00020,2025-01-01,2026-08-01,baseline
C04248,P05484,2025-01-01,2026-08-01,baseline
C04249,P09854,2025-01-01,2026-08-01,baseline
C04250,P08660,2025-01-01,2026-08-01,baseline
C04251,P02900,2025-01-01,2026-08-01,baseline
C04252,P09181,2025-01-01,2026-08-01,baseline
C04253,P02963,2025-01-01,2026-08-01,baseline
C04254,P09613,2025-01-01,2026-08-01,baseline
C04255,P03548,2025-01-01,2026-08-01,baseline
C04256,P09058,2025-01-01,2026-08-01,baseline
C04257,P08501,2025-01-01,2026-08-01,baseline
C04258,P08888,2025-01-01,2026-08-01,baseline
C04259,P07953,2025-01-01,2026-08-01,baseline
C04260,P07828,2025-01-01,2026-08-01,baseline
C04261,P00892,2025-01-01,2026-08-01,baseline
C04262,P05802,2025-01-01,2026-08-01,baseline
C04263,P08570,2025-01-01,2026-08-01,baseline
C04264,P00936,2025-01-01,2026-08-01,baseline
C04265,P00316,2025-01-01,2026-08-01,baseline
C04266,P08456,2025-01-01,2026-08-01,baseline
C04267,P02359,2025-01-01,2026-08-01,baseline
C04268,P05560,2025-01-01,2026-08-01,baseline
C04269,P06865,2025-01-01,2026-08-01,baseline
C04270,P03481,2025-01-01,2026-08-01,baseline
C04271,P07916,2025-01-01,2026-08-01,baseline
C04272,P09503,2025-01-01,2026-08-01,baseline
C04273,P05242,2025-01-01,2026-08-01,baseline
C04274,P02247,2025-01-01,2026-08-01,baseline
C04275,P00886,2025-01-01,2026-08-01,baseline
C04276,P01610,2025-01-01,2026-08-01,baseline
C04277,P07344,2025-01-01,2026-08-01,baseline
C04278,P02494,2025-01-01,2026-08-01,baseline
C04279,P00020,2025-01-01,2026-08-01,baseline
C04280,P09744,2025-01-01,2026-08-01,baseline
C04281,P06843,2025-01-01,2026-08-01,baseline
C04282,P04359,2025-01-01,2026-08-01,baseline
C04283,P04923,2025-01-01,2026-08-01,baseline
C04284,P08077,2025-01-01,2026-08-01,baseline
C04285,P02476,2025-01-01,2026-08-01,baseline
C04286,P07439,2025-01-01,2026-08-01,baseline
C04287,P02714,2025-01-01,2026-08-01,baseline
C04288,P02286,2025-01-01,2026-08-01,baseline
C04289,P08555,2025-01-01,2026-08-01,baseline
C04290,P06630,2025-01-01,2026-08-01,baseline
C04291,P09610,2025-01-01,2026-08-01,baseline
C04292,P00013,2025-01-01,2026-08-01,baseline
C04293,P03685,2025-01-01,2026-08-01,baseline
C04294,P01726,2025-01-01,2026-08-01,baseline
C04295,P01887,2025-01-01,2026-08-01,baseline
C04296,P07571,2025-01-01,2026-08-01,baseline
C04297,P08237,2025-01-01,2026-08-01,baseline
C04298,P08562,2025-01-01,2026-08-01,baseline
C04299,P02691,2025-01-01,2026-08-01,baseline
C04300,P05506,2025-01-01,2026-08-01,baseline
C04301,P04321,2025-01-01,2026-08-01,baseline
C04302,P04389,2025-01-01,2026-08-01,baseline
C04303,P04747,2025-01-01,2026-08-01,baseline
C04304,P04037,2025-01-01,2026-08-01,baseline
C04305,P03063,2025-01-01,2026-08-01,baseline
C04306,P03844,2025-01-01,2026-08-01,baseline
C04307,P01276,2025-01-01,2026-08-01,baseline
C04308,P08891,2025-01-01,2026-08-01,baseline
C04309,P00144,2025-01-01,2026-08-01,baseline
C04310,P05933,2025-01-01,2026-08-01,baseline
C04311,P06044,2025-01-01,2026-08-01,baseline
C04312,P03603,2025-01-01,2026-08-01,baseline
C04313,P06894,2025-01-01,2026-08-01,baseline
C04314,P02811,2025-01-01,2026-08-01,baseline
C04315,P01228,2025-01-01,2026-08-01,baseline
C04316,P00542,2025-01-01,2026-08-01,baseline
C04317,P08108,2025-01-01,2026-08-01,baseline
C04318,P09316,2025-01-01,2026-08-01,baseline
C04319,P01395,2025-01-01,2026-08-01,baseline
C04320,P01730,2025-01-01,2026-08-01,baseline
C04321,P07120,2025-01-01,2026-08-01,baseline
C04322,P08058,2025-01-01,2026-08-01,baseline
C04323,P05665,2025-01-01,2026-08-01,baseline
C04324,P01802,2025-01-01,2026-08-01,baseline
C04325,P00754,2025-01-01,2026-08-01,baseline
C04326,P08157,2025-01-01,2026-08-01,baseline
C04327,P00552,2025-01-01,2026-08-01,baseline
C04328,P02093,2025-01-01,2026-08-01,baseline
C04329,P06616,2025-01-01,2026-08-01,baseline
C04330,P07166,2025-01-01,2026-08-01,baseline
C04331,P09622,2025-01-01,2026-08-01,baseline
C04332,P04713,2025-01-01,2026-08-01,baseline
C04333,P02522,2025-01-01,2026-08-01,baseline
C04334,P04869,2025-01-01,2026-08-01,baseline
C04335,P02048,2025-01-01,2026-08-01,baseline
C04336,P06906,2025-01-01,2026-08-01,baseline
C04337,P05532,2025-01-01,2026-08-01,baseline
C04338,P08288,2025-01-01,2026-08-01,baseline
C04339,P08593,2025-01-01,2026-08-01,baseline
C04340,P03606,2025-01-01,2026-08-01,baseline
C04341,P07737,2025-01-01,2026-08-01,baseline
C04342,P07080,2025-01-01,2026-08-01,baseline
C04343,P03889,2025-01-01,2026-08-01,baseline
C04344,P04259,2025-01-01,2026-08-01,baseline
C04345,P01423,2025-01-01,2026-08-01,baseline
C04346,P05602,2025-01-01,2026-08-01,baseline
C04347,P05236,2025-01-01,2026-08-01,baseline
C04348,P08965,2025-01-01,2026-08-01,baseline
C04349,P06190,2025-01-01,2026-08-01,baseline
C04350,P06195,2025-01-01,2026-08-01,baseline
C04351,P06382,2025-01-01,2026-08-01,baseline
C04352,P00423,2025-01-01,2026-08-01,baseline
C04353,P06371,2025-01-01,2026-08-01,baseline
C04354,P08772,2025-01-01,2026-08-01,baseline
C04355,P03706,2025-01-01,2026-08-01,baseline
C04356,P09055,2025-01-01,2026-08-01,baseline
C04357,P00743,2025-01-01,2026-08-01,baseline
C04358,P09357,2025-01-01,2026-08-01,baseline
C04359,P00085,2025-01-01,2026-08-01,baseline
C04360,P06058,2025-01-01,2026-08-01,baseline
C04361,P00869,2025-01-01,2026-08-01,baseline
C04362,P06988,2025-01-01,2026-08-01,baseline
C04363,P09022,2025-01-01,2026-08-01,baseline
C04364,P05558,2025-01-01,2026-08-01,baseline
C04365,P07878,2025-01-01,2026-08-01,baseline
C04366,P07906,2025-01-01,2026-08-01,baseline
C04367,P06618,2025-01-01,2026-08-01,baseline
C04368,P05658,2025-01-01,2026-08-01,baseline
C04369,P06717,2025-01-01,2026-08-01,baseline
C04370,P07454,2025-01-01,2026-08-01,baseline
C04371,P03340,2025-01-01,2026-08-01,baseline
C04372,P06585,2025-01-01,2026-08-01,baseline
C04373,P00666,2025-01-01,2026-08-01,baseline
C04374,P04556,2025-01-01,2026-08-01,baseline
C04375,P02070,2025-01-01,2026-08-01,baseline
C04376,P06978,2025-01-01,2026-08-01,baseline
C04377,P09443,2025-01-01,2026-08-01,baseline
C04378,P08690,2025-01-01,2026-08-01,baseline
C04379,P05858,2025-01-01,2026-08-01,baseline
C04380,P09249,2025-01-01,2026-08-01,baseline
C04381,P04352,2025-01-01,2026-08-01,baseline
C04382,P01838,2025-01-01,2026-08-01,baseline
C04383,P01084,2025-01-01,2026-08-01,baseline
C04384,P01999,2025-01-01,2026-08-01,baseline
C04385,P06109,2025-01-01,2026-08-01,baseline
C04386,P01716,2025-01-01,2026-08-01,baseline
C04387,P09485,2025-01-01,2026-08-01,baseline
C04388,P04073,2025-01-01,2026-08-01,baseline
C04389,P00381,2025-01-01,2026-08-01,baseline
C04390,P08603,2025-01-01,2026-08-01,baseline
C04391,P05085,2025-01-01,2026-08-01,baseline
C04392,P02165,2025-01-01,2026-08-01,baseline
C04393,P08128,2025-01-01,2026-08-01,baseline
C04394,P00339,2025-01-01,2026-08-01,baseline
C04395,P01366,2025-01-01,2026-08-01,baseline
C04396,P02870,2025-01-01,2026-08-01,baseline
C04397,P03311,2025-01-01,2026-08-01,baseline
C04398,P09761,2025-01-01,2026-08-01,baseline
C04399,P05766,2025-01-01,2026-08-01,baseline
C04400,P02656,2025-01-01,2026-08-01,baseline
C04401,P07643,2025-01-01,2026-08-01,baseline
C04402,P05844,2025-01-01,2026-08-01,baseline
C04403,P03444,2025-01-01,2026-08-01,baseline
C04404,P08772,2025-01-01,2026-08-01,baseline
C04405,P06259,2025-01-01,2026-08-01,baseline
C04406,P07748,2025-01-01,2026-08-01,baseline
C04407,P05179,2025-01-01,2026-08-01,baseline
C04408,P05546,2025-01-01,2026-08-01,baseline
C04409,P09755,2025-01-01,2026-08-01,baseline
C04410,P07190,2025-01-01,2026-08-01,baseline
C04411,P05363,2025-01-01,2026-08-01,baseline
C04412,P01765,2025-01-01,2026-08-01,baseline
C04413,P09144,2025-01-01,2026-08-01,baseline
C04414,P05914,2025-01-01,2026-08-01,baseline
C04415,P05478,2025-01-01,2026-08-01,baseline
C04416,P03505,2025-01-01,2026-08-01,baseline
C04417,P07462,2025-01-01,2026-08-01,baseline
C04418,P04505,2025-01-01,2026-08-01,baseline
C04419,P08511,2025-01-01,2026-08-01,baseline
C04420,P03111,2025-01-01,2026-08-01,baseline
C04421,P01224,2025-01-01,2026-08-01,baseline
C04422,P08164,2025-01-01,2026-08-01,baseline
C04423,P09833,2025-01-01,2026-08-01,baseline
C04424,P08189,2025-01-01,2026-08-01,baseline
C04425,P02191,2025-01-01,2026-08-01,baseline
C04426,P05884,2025-01-01,2026-08-01,baseline
C04427,P07119,2025-01-01,2026-08-01,baseline
C04428,P02820,2025-01-01,2026-08-01,baseline
C04429,P04331,2025-01-01,2026-08-01,baseline
C04430,P05053,2025-01-01,2026-08-01,baseline
C04431,P04183,2025-01-01,2026-08-01,baseline
C04432,P05954,2025-01-01,2026-08-01,baseline
C04433,P03539,2025-01-01,2026-08-01,baseline
C04434,P06449,2025-01-01,2026-08-01,baseline
C04435,P06750,2025-01-01,2026-08-01,baseline
C04436,P04507,2025-01-01,2026-08-01,baseline
C04437,P05932,2025-01-01,2026-08-01,baseline
C04438,P03546,2025-01-01,2026-08-01,baseline
C04439,P04083,2025-01-01,2026-08-01,baseline
C04440,P03813,2025-01-01,2026-08-01,baseline
C04441,P03314,2025-01-01,2026-08-01,baseline
C04442,P02533,2025-01-01,2026-08-01,baseline
C04443,P05592,2025-01-01,2026-08-01,baseline
C04444,P07075,2025-01-01,2026-08-01,baseline
C04445,P07898,2025-01-01,2026-08-01,baseline
C04446,P02524,2025-01-01,2026-08-01,baseline
C04447,P04481,2025-01-01,2026-08-01,baseline
C04448,P04588,2025-01-01,2026-08-01,baseline
C04449,P04023,2025-01-01,2026-08-01,baseline
C04450,P01920,2025-01-01,2026-08-01,baseline
C04451,P05732,2025-01-01,2026-08-01,baseline
C04452,P08221,2025-01-01,2026-08-01,baseline
C04453,P09666,2025-01-01,2026-08-01,baseline
C04454,P06980,2025-01-01,2026-08-01,baseline
C04455,P07919,2025-01-01,2026-08-01,baseline
C04456,P07629,2025-01-01,2026-08-01,baseline
C04457,P09023,2025-01-01,2026-08-01,baseline
C04458,P03123,2025-01-01,2026-08-01,baseline
C04459,P02421,2025-01-01,2026-08-01,baseline
C04460,P06694,2025-01-01,2026-08-01,baseline
C04461,P03680,2025-01-01,2026-08-01,baseline
C04462,P03081,2025-01-01,2026-08-01,baseline
C04463,P04365,2025-01-01,2026-08-01,baseline
C04464,P06423,2025-01-01,2026-08-01,baseline
C04465,P06077,2025-01-01,2026-08-01,baseline
C04466,P06917,2025-01-01,2026-08-01,baseline
C04467,P02526,2025-01-01,2026-08-01,baseline
C04468,P01455,2025-01-01,2026-08-01,baseline
C04469,P01916,2025-01-01,2026-08-01,baseline
C04470,P09539,2025-01-01,2026-08-01,baseline
C04471,P07432,2025-01-01,2026-08-01,baseline
C04472,P04208,2025-01-01,2026-08-01,baseline
C04473,P09961,2025-01-01,2026-08-01,baseline
C04474,P09621,2025-01-01,2026-08-01,baseline
C04475,P05057,2025-01-01,2026-08-01,baseline
C04476,P09064,2025-01-01,2026-08-01,baseline
C04477,P02638,2025-01-01,2026-08-01,baseline
C04478,P04116,2025-01-01,2026-08-01,baseline
C04479,P04340,2025-01-01,2026-08-01,baseline
C04480,P08328,2025-01-01,2026-08-01,baseline
C04481,P03534,2025-01-01,2026-08-01,baseline
C04482,P01591,2025-01-01,2026-08-01,baseline
C04483,P01797,2025-01-01,2026-08-01,baseline
C04484,P01099,2025-01-01,2026-08-01,baseline
C04485,P03070,2025-01-01,2026-08-01,baseline
C04486,P01185,2025-01-01,2026-08-01,baseline
C04487,P09820,2025-01-01,2026-08-01,baseline
C04488,P01797,2025-01-01,2026-08-01,baseline
C04489,P02184,2025-01-01,2026-08-01,baseline
C04490,P04991,2025-01-01,2026-08-01,baseline
C04491,P08051,2025-01-01,2026-08-01,baseline
C04492,P07984,2025-01-01,2026-08-01,baseline
C04493,P04401,2025-01-01,2026-08-01,baseline
C04494,P02197,2025-01-01,2026-08-01,baseline
C04495,P08070,2025-01-01,2026-08-01,baseline
C04496,P01329,2025-01-01,2026-08-01,baseline
C04497,P08110,2025-01-01,2026-08-01,baseline
C04498,P07007,2025-01-01,2026-08-01,baseline
C04499,P00718,2025-01-01,2026-08-01,baseline
C04500,P07087,2025-01-01,2026-08-01,baseline
C04501,P06643,2025-01-01,2026-08-01,baseline
C04502,P07448,2025-01-01,2026-08-01,baseline
C04503,P09359,2025-01-01,2026-08-01,baseline
C04504,P03453,2025-01-01,2026-08-01,baseline
C04505,P00485,2025-01-01,2026-08-01,baseline
C04506,P08914,2025-01-01,2026-08-01,baseline
C04507,P07436,2025-01-01,2026-08-01,baseline
C04508,P05525,2025-01-01,2026-08-01,baseline
C04509,P03566,2025-01-01,2026-08-01,baseline
C04510,P04917,2025-01-01,2026-08-01,baseline
C04511,P00750,2025-01-01,2026-08-01,baseline
C04512,P00015,2025-01-01,2026-08-01,baseline
C04513,P04148,2025-01-01,2026-08-01,baseline
C04514,P04337,2025-01-01,2026-08-01,baseline
C04515,P03732,2025-01-01,2026-08-01,baseline
C04516,P09569,2025-01-01,2026-08-01,baseline
C04517,P08022,2025-01-01,2026-08-01,baseline
C04518,P06846,2025-01-01,2026-08-01,baseline
C04519,P01876,2025-01-01,2026-08-01,baseline
C04520,P01718,2025-01-01,2026-08-01,baseline
C04521,P05443,2025-01-01,2026-08-01,baseline
C04522,P09920,2025-01-01,2026-08-01,baseline
C04523,P04261,2025-01-01,2026-08-01,baseline
C04524,P01845,2025-01-01,2026-08-01,baseline
C04525,P09885,2025-01-01,2026-08-01,baseline
C04526,P05880,2025-01-01,2026-08-01,baseline
C04527,P05259,2025-01-01,2026-08-01,baseline
C04528,P07436,2025-01-01,2026-08-01,baseline
C04529,P04175,2025-01-01,2026-08-01,baseline
C04530,P00125,2025-01-01,2026-08-01,baseline
C04531,P09161,2025-01-01,2026-08-01,baseline
C04532,P09684,2025-01-01,2026-08-01,baseline
C04533,P05045,2025-01-01,2026-08-01,baseline
C04534,P02127,2025-01-01,2026-08-01,baseline
C04535,P08530,2025-01-01,2026-08-01,baseline
C04536,P03071,2025-01-01,2026-08-01,baseline
C04537,P09131,2025-01-01,2026-08-01,baseline
C04538,P01627,2025-01-01,2026-08-01,baseline
C04539,P04722,2025-01-01,2026-08-01,baseline
C04540,P07269,2025-01-01,2026-08-01,baseline
C04541,P02915,2025-01-01,2026-08-01,baseline
C04542,P09328,2025-01-01,2026-08-01,baseline
C04543,P08417,2025-01-01,2026-08-01,baseline
C04544,P08762,2025-01-01,2026-08-01,baseline
C04545,P09178,2025-01-01,2026-08-01,baseline
C04546,P08958,2025-01-01,2026-08-01,baseline
C04547,P09118,2025-01-01,2026-08-01,baseline
C04548,P06283,2025-01-01,2026-08-01,baseline
C04549,P07193,2025-01-01,2026-08-01,baseline
C04550,P05342,2025-01-01,2026-08-01,baseline
C04551,P01400,2025-01-01,2026-08-01,baseline
C04552,P04084,2025-01-01,2026-08-01,baseline
C04553,P00907,2025-01-01,2026-08-01,baseline
C04554,P05964,2025-01-01,2026-08-01,baseline
C04555,P01251,2025-01-01,2026-08-01,baseline
C04556,P03904,2025-01-01,2026-08-01,baseline
C04557,P08955,2025-01-01,2026-08-01,baseline
C04558,P08598,2025-01-01,2026-08-01,baseline
C04559,P08641,2025-01-01,2026-08-01,baseline
C04560,P04388,2025-01-01,2026-08-01,baseline
C04561,P00354,2025-01-01,2026-08-01,baseline
C04562,P08285,2025-01-01,2026-08-01,baseline
C04563,P08647,2025-01-01,2026-08-01,baseline
C04564,P00748,2025-01-01,2026-08-01,baseline
C04565,P06354,2025-01-01,2026-08-01,baseline
C04566,P05510,2025-01-01,2026-08-01,baseline
C04567,P05565,2025-01-01,2026-08-01,baseline
C04568,P04242,2025-01-01,2026-08-01,baseline
C04569,P08614,2025-01-01,2026-08-01,baseline
C04570,P00377,2025-01-01,2026-08-01,baseline
C04571,P06627,2025-01-01,2026-08-01,baseline
C04572,P02261,2025-01-01,2026-08-01,baseline
C04573,P08900,2025-01-01,2026-08-01,baseline
C04574,P00078,2025-01-01,2026-08-01,baseline
C04575,P03395,2025-01-01,2026-08-01,baseline
C04576,P09537,2025-01-01,2026-08-01,baseline
C04577,P05785,2025-01-01,2026-08-01,baseline
C04578,P04189,2025-01-01,2026-08-01,baseline
C04579,P02730,2025-01-01,2026-08-01,baseline
C04580,P04147,2025-01-01,2026-08-01,baseline
C04581,P06359,2025-01-01,2026-08-01,baseline
C04582,P05096,2025-01-01,2026-08-01,baseline
C04583,P00188,2025-01-01,2026-08-01,baseline
C04584,P05648,2025-01-01,2026-08-01,baseline
C04585,P08056,2025-01-01,2026-08-01,baseline
C04586,P01961,2025-01-01,2026-08-01,baseline
C04587,P09704,2025-01-01,2026-08-01,baseline
C04588,P03772,2025-01-01,2026-08-01,baseline
C04589,P07739,2025-01-01,2026-08-01,baseline
C04590,P01453,2025-01-01,2026-08-01,baseline
C04591,P02982,2025-01-01,2026-08-01,baseline
C04592,P08312,2025-01-01,2026-08-01,baseline
C04593,P01982,2025-01-01,2026-08-01,baseline
C04594,P04048,2025-01-01,2026-08-01,baseline
C04595,P00283,2025-01-01,2026-08-01,baseline
C04596,P06967,2025-01-01,2026-08-01,baseline
C04597,P00763,2025-01-01,2026-08-01,baseline
C04598,P01893,2025-01-01,2026-08-01,baseline
C04599,P00435,2025-01-01,2026-08-01,baseline
C04600,P01806,2025-01-01,2026-08-01,baseline
C04601,P02718,2025-01-01,2026-08-01,baseline
C04602,P03834,2025-01-01,2026-08-01,baseline
C04603,P06744,2025-01-01,2026-08-01,baseline
C04604,P07550,2025-01-01,2026-08-01,baseline
C04605,P03039,2025-01-01,2026-08-01,baseline
C04606,P08654,2025-01-01,2026-08-01,baseline
C04607,P05717,2025-01-01,2026-08-01,baseline
C04608,P05324,2025-01-01,2026-08-01,baseline
C04609,P01604,2025-01-01,2026-08-01,baseline
C04610,P02807,2025-01-01,2026-08-01,baseline
C04611,P08022,2025-01-01,2026-08-01,baseline
C04612,P01733,2025-01-01,2026-08-01,baseline
C04613,P00663,2025-01-01,2026-08-01,baseline
C04614,P08055,2025-01-01,2026-08-01,baseline
C04615,P07874,2025-01-01,2026-08-01,baseline
C04616,P01889,2025-01-01,2026-08-01,baseline
C04617,P01609,2025-01-01,2026-08-01,baseline
C04618,P06393,2025-01-01,2026-08-01,baseline
C04619,P02324,2025-01-01,2026-08-01,baseline
C04620,P01831,2025-01-01,2026-08-01,baseline
C04621,P02288,2025-01-01,2026-08-01,baseline
C04622,P07550,2025-01-01,2026-08-01,baseline
C04623,P02834,2025-01-01,2026-08-01,baseline
C04624,P02929,2025-01-01,2026-08-01,baseline
C04625,P08096,2025-01-01,2026-08-01,baseline
C04626,P00656,2025-01-01,2026-08-01,baseline
C04627,P09303,2025-01-01,2026-08-01,baseline
C04628,P09030,2025-01-01,2026-08-01,baseline
C04629,P05566,2025-01-01,2026-08-01,baseline
C04630,P01319,2025-01-01,2026-08-01,baseline
C04631,P08454,2025-01-01,2026-08-01,baseline
C04632,P02114,2025-01-01,2026-08-01,baseline
C04633,P04760,2025-01-01,2026-08-01,baseline
C04634,P02888,2025-01-01,2026-08-01,baseline
C04635,P07293,2025-01-01,2026-08-01,baseline
C04636,P08361,2025-01-01,2026-08-01,baseline
C04637,P05319,2025-01-01,2026-08-01,baseline
C04638,P04989,2025-01-01,2026-08-01,baseline
C04639,P03334,2025-01-01,2026-08-01,baseline
C04640,P02944,2025-01-01,2026-08-01,baseline
C04641,P02161,2025-01-01,2026-08-01,baseline
C04642,P05451,2025-01-01,2026-08-01,baseline
C04643,P01440,2025-01-01,2026-08-01,baseline
C04644,P00173,2025-01-01,2026-08-01,baseline
C04645,P04266,2025-01-01,2026-08-01,baseline
C04646,P05012,2025-01-01,2026-08-01,baseline
C04647,P01048,2025-01-01,2026-08-01,baseline
C04648,P04949,2025-01-01,2026-08-01,baseline
C04649,P06182,2025-01-01,2026-08-01,baseline
C04650,P09703,2025-01-01,2026-08-01,baseline
C04651,P08936,2025-01-01,2026-08-01,baseline
C04652,P05139,2025-01-01,2026-08-01,baseline
C04653,P04154,2025-01-01,2026-08-01,baseline
C04654,P03208,2025-01-01,2026-08-01,baseline
C04655,P06754,2025-01-01,2026-08-01,baseline
C04656,P06043,2025-01-01,2026-08-01,baseline
C04657,P01986,2025-01-01,2026-08-01,baseline
C04658,P00237,2025-01-01,2026-08-01,baseline
C04659,P05312,2025-01-01,2026-08-01,baseline
C04660,P04294,2025-01-01,2026-08-01,baseline
C04661,P08443,2025-01-01,2026-08-01,baseline
C04662,P08581,2025-01-01,2026-08-01,baseline
C04663,P06507,2025-01-01,2026-08-01,baseline
C04664,P03203,2025-01-01,2026-08-01,baseline
C04665,P09478,2025-01-01,2026-08-01,baseline
C04666,P00065,2025-01-01,2026-08-01,baseline
C04667,P04899,2025-01-01,2026-08-01,baseline
C04668,P00395,2025-01-01,2026-08-01,baseline
C04669,P00706,2025-01-01,2026-08-01,baseline
C04670,P05975,2025-01-01,2026-08-01,baseline
C04671,P08143,2025-01-01,2026-08-01,baseline
C04672,P01953,2025-01-01,2026-08-01,baseline
C04673,P06644,2025-01-01,2026-08-01,baseline
C04674,P03458,2025-01-01,2026-08-01,baseline
C04675,P06878,2025-01-01,2026-08-01,baseline
C04676,P02050,2025-01-01,2026-08-01,baseline
C04677,P07716,2025-01-01,2026-08-01,baseline
C04678,P06102,2025-01-01,2026-08-01,baseline
C04679,P03180,2025-01-01,2026-08-01,baseline
C04680,P05940,2025-01-01,2026-08-01,baseline
C04681,P00985,2025-01-01,2026-08-01,baseline
C04682,P07928,2025-01-01,2026-08-01,baseline
C04683,P03970,2025-01-01,2026-08-01,baseline
C04684,P05496,2025-01-01,2026-08-01,baseline
C04685,P00114,2025-01-01,2026-08-01,baseline
C04686,P09471,2025-01-01,2026-08-01,baseline
C04687,P01364,2025-01-01,2026-08-01,baseline
C04688,P08398,2025-01-01,2026-08-01,baseline
C04689,P09274,2025-01-01,2026-08-01,baseline
C04690,P07422,2025-01-01,2026-08-01,baseline
C04691,P00623,2025-01-01,2026-08-01,baseline
C04692,P08508,2025-01-01,2026-08-01,baseline
C04693,P07016,2025-01-01,2026-08-01,baseline
C04694,P08979,2025-01-01,2026-08-01,baseline
C04695,P04923,2025-01-01,2026-08-01,baseline
C04696,P00928,2025-01-01,2026-08-01,baseline
C04697,P02295,2025-01-01,2026-08-01,baseline
C04698,P00573,2025-01-01,2026-08-01,baseline
C04699,P03062,2025-01-01,2026-08-01,baseline
C04700,P09788,2025-01-01,2026-08-01,baseline
C04701,P06814,2025-01-01,2026-08-01,baseline
C04702,P00007,2025-01-01,2026-08-01,baseline
C04703,P05701,2025-01-01,2026-08-01,baseline
C04704,P01391,2025-01-01,2026-08-01,baseline
C04705,P09332,2025-01-01,2026-08-01,baseline
C04706,P02153,2025-01-01,2026-08-01,baseline
C04707,P01278,2025-01-01,2026-08-01,baseline
C04708,P03935,2025-01-01,2026-08-01,baseline
C04709,P06738,2025-01-01,2026-08-01,baseline
C04710,P00530,2025-01-01,2026-08-01,baseline
C04711,P09005,2025-01-01,2026-08-01,baseline
C04712,P07203,2025-01-01,2026-08-01,baseline
C04713,P04521,2025-01-01,2026-08-01,baseline
C04714,P08488,2025-01-01,2026-08-01,baseline
C04715,P06808,2025-01-01,2026-08-01,baseline
C04716,P05055,2025-01-01,2026-08-01,baseline
C04717,P03409,2025-01-01,2026-08-01,baseline
C04718,P05268,2025-01-01,2026-08-01,baseline
C04719,P02367,2025-01-01,2026-08-01,baseline
C04720,P07414,2025-01-01,2026-08-01,baseline
C04721,P02036,2025-01-01,2026-08-01,baseline
C04722,P02062,2025-01-01,2026-08-01,baseline
C04723,P06032,2025-01-01,2026-08-01,baseline
C04724,P01303,2025-01-01,2026-08-01,baseline
C04725,P08448,2025-01-01,2026-08-01,baseline
C04726,P04844,2025-01-01,2026-08-01,baseline
C04727,P07634,2025-01-01,2026-08-01,baseline
C04728,P02481,2025-01-01,2026-08-01,baseline
C04729,P09506,2025-01-01,2026-08-01,baseline
C04730,P08511,2025-01-01,2026-08-01,baseline
C04731,P06210,2025-01-01,2026-08-01,baseline
C04732,P01131,2025-01-01,2026-08-01,baseline
C04733,P01847,2025-01-01,2026-08-01,baseline
C04734,P03053,2025-01-01,2026-08-01,baseline
C04735,P09159,2025-01-01,2026-08-01,baseline
C04736,P03752,2025-01-01,2026-08-01,baseline
C04737,P06225,2025-01-01,2026-08-01,baseline
C04738,P04967,2025-01-01,2026-08-01,baseline
C04739,P02030,2025-01-01,2026-08-01,baseline
C04740,P00046,2025-01-01,2026-08-01,baseline
C04741,P06620,2025-01-01,2026-08-01,baseline
C04742,P09695,2025-01-01,2026-08-01,baseline
C04743,P07136,2025-01-01,2026-08-01,baseline
C04744,P07004,2025-01-01,2026-08-01,baseline
C04745,P07228,2025-01-01,2026-08-01,baseline
C04746,P00594,2025-01-01,2026-08-01,baseline
C04747,P07494,2025-01-01,2026-08-01,baseline
C04748,P03317,2025-01-01,2026-08-01,baseline
C04749,P03986,2025-01-01,2026-08-01,baseline
C04750,P01521,2025-01-01,2026-08-01,baseline
C04751,P00003,2025-01-01,2026-08-01,baseline
C04752,P02391,2025-01-01,2026-08-01,baseline
C04753,P06603,2025-01-01,2026-08-01,baseline
C04754,P00459,2025-01-01,2026-08-01,baseline
C04755,P09385,2025-01-01,2026-08-01,baseline
C04756,P09017,2025-01-01,2026-08-01,baseline
C04757,P01204,2025-01-01,2026-08-01,baseline
C04758,P02038,2025-01-01,2026-08-01,baseline
C04759,P00989,2025-01-01,2026-08-01,baseline
C04760,P04065,2025-01-01,2026-08-01,baseline
C04761,P02706,2025-01-01,2026-08-01,baseline
C04762,P04681,2025-01-01,2026-08-01,baseline
C04763,P07169,2025-01-01,2026-08-01,baseline
C04764,P05377,2025-01-01,2026-08-01,baseline
C04765,P06481,2025-01-01,2026-08-01,baseline
C04766,P05791,2025-01-01,2026-08-01,baseline
C04767,P01105,2025-01-01,2026-08-01,baseline
C04768,P08961,2025-01-01,2026-08-01,baseline
C04769,P05560,2025-01-01,2026-08-01,baseline
C04770,P08552,2025-01-01,2026-08-01,baseline
C04771,P04882,2025-01-01,2026-08-01,baseline
C04772,P01033,2025-01-01,2026-08-01,baseline
C04773,P02966,2025-01-01,2026-08-01,baseline
C04774,P00572,2025-01-01,2026-08-01,baseline
C04775,P08723,2025-01-01,2026-08-01,baseline
C04776,P09575,2025-01-01,2026-08-01,baseline
C04777,P05341,2025-01-01,2026-08-01,baseline
C04778,P06792,2025-01-01,2026-08-01,baseline
C04779,P08870,2025-01-01,2026-08-01,baseline
C04780,P02846,2025-01-01,2026-08-01,baseline
C04781,P07907,2025-01-01,2026-08-01,baseline
C04782,P04492,2025-01-01,2026-08-01,baseline
C04783,P04346,2025-01-01,2026-08-01,baseline
C04784,P03573,2025-01-01,2026-08-01,baseline
C04785,P04230,2025-01-01,2026-08-01,baseline
C04786,P04779,2025-01-01,2026-08-01,baseline
C04787,P03807,2025-01-01,2026-08-01,baseline
C04788,P08349,2025-01-01,2026-08-01,baseline
C04789,P08996,2025-01-01,2026-08-01,baseline
C04790,P02775,2025-01-01,2026-08-01,baseline
C04791,P03942,2025-01-01,2026-08-01,baseline
C04792,P03649,2025-01-01,2026-08-01,baseline
C04793,P05234,2025-01-01,2026-08-01,baseline
C04794,P03221,2025-01-01,2026-08-01,baseline
C04795,P03812,2025-01-01,2026-08-01,baseline
C04796,P05951,2025-01-01,2026-08-01,baseline
C04797,P09628,2025-01-01,2026-08-01,baseline
C04798,P00936,2025-01-01,2026-08-01,baseline
C04799,P05023,2025-01-01,2026-08-01,baseline
C04800,P08981,2025-01-01,2026-08-01,baseline
C04801,P07683,2025-01-01,2026-08-01,baseline
C04802,P06172,2025-01-01,2026-08-01,baseline
C04803,P08027,2025-01-01,2026-08-01,baseline
C04804,P02166,2025-01-01,2026-08-01,baseline
C04805,P08219,2025-01-01,2026-08-01,baseline
C04806,P08402,2025-01-01,2026-08-01,baseline
C04807,P09014,2025-01-01,2026-08-01,baseline
C04808,P05295,2025-01-01,2026-08-01,baseline
C04809,P07274,2025-01-01,2026-08-01,baseline
C04810,P02523,2025-01-01,2026-08-01,baseline
C04811,P09982,2025-01-01,2026-08-01,baseline
C04812,P09815,2025-01-01,2026-08-01,baseline
C04813,P05651,2025-01-01,2026-08-01,baseline
C04814,P00097,2025-01-01,2026-08-01,baseline
C04815,P07906,2025-01-01,2026-08-01,baseline
C04816,P08531,2025-01-01,2026-08-01,baseline
C04817,P05582,2025-01-01,2026-08-01,baseline
C04818,P08902,2025-01-01,2026-08-01,baseline
C04819,P07535,2025-01-01,2026-08-01,baseline
C04820,P05926,2025-01-01,2026-08-01,baseline
C04821,P05489,2025-01-01,2026-08-01,baseline
C04822,P01530,2025-01-01,2026-08-01,baseline
C04823,P05071,2025-01-01,2026-08-01,baseline
C04824,P06663,2025-01-01,2026-08-01,baseline
C04825,P08041,2025-01-01,2026-08-01,baseline
C04826,P09953,2025-01-01,2026-08-01,baseline
C04827,P01561,2025-01-01,2026-08-01,baseline
C04828,P08383,2025-01-01,2026-08-01,baseline
C04829,P00319,2025-01-01,2026-08-01,baseline
C04830,P00526,2025-01-01,2026-08-01,baseline
C04831,P08391,2025-01-01,2026-08-01,baseline
C04832,P02331,2025-01-01,2026-08-01,baseline
C04833,P03174,2025-01-01,2026-08-01,baseline
C04834,P02261,2025-01-01,2026-08-01,baseline
C04835,P04811,2025-01-01,2026-08-01,baseline
C04836,P04145,2025-01-01,2026-08-01,baseline
C04837,P00491,2025-01-01,2026-08-01,baseline
C04838,P07376,2025-01-01,2026-08-01,baseline
C04839,P00979,2025-01-01,2026-08-01,baseline
C04840,P04909,2025-01-01,2026-08-01,baseline
C04841,P02294,2025-01-01,2026-08-01,baseline
C04842,P04234,2025-01-01,2026-08-01,baseline
C04843,P01077,2025-01-01,2026-08-01,baseline
C04844,P02957,2025-01-01,2026-08-01,baseline
C04845,P03797,2025-01-01,2026-08-01,baseline
C04846,P01961,2025-01-01,2026-08-01,baseline
C04847,P02207,2025-01-01,2026-08-01,baseline
C04848,P00130,2025-01-01,2026-08-01,baseline
C04849,P05372,2025-01-01,2026-08-01,baseline
C04850,P09950,2025-01-01,2026-08-01,baseline
C04851,P09243,2025-01-01,2026-08-01,baseline
C04852,P07810,2025-01-01,2026-08-01,baseline
C04853,P01721,2025-01-01,2026-08-01,baseline
C04854,P09506,2025-01-01,2026-08-01,baseline
C04855,P06545,2025-01-01,2026-08-01,baseline
C04856,P08131,2025-01-01,2026-08-01,baseline
C04857,P01941,2025-01-01,2026-08-01,baseline
C04858,P04825,2025-01-01,2026-08-01,baseline
C04859,P02737,2025-01-01,2026-08-01,baseline
C04860,P04247,2025-01-01,2026-08-01,baseline
C04861,P07341,2025-01-01,2026-08-01,baseline
C04862,P01917,2025-01-01,2026-08-01,baseline
C04863,P00003,2025-01-01,2026-08-01,baseline
C04864,P07042,2025-01-01,2026-08-01,baseline
C04865,P09669,2025-01-01,2026-08-01,baseline
C04866,P05879,2025-01-01,2026-08-01,baseline
C04867,P00167,2025-01-01,2026-08-01,baseline
C04868,P02426,2025-01-01,2026-08-01,baseline
C04869,P09651,2025-01-01,2026-08-01,baseline
C04870,P04199,2025-01-01,2026-08-01,baseline
C04871,P05138,2025-01-01,2026-08-01,baseline
C04872,P06712,2025-01-01,2026-08-01,baseline
C04873,P06220,2025-01-01,2026-08-01,baseline
C04874,P02390,2025-01-01,2026-08-01,baseline
C04875,P08763,2025-01-01,2026-08-01,baseline
C04876,P06418,2025-01-01,2026-08-01,baseline
C04877,P00992,2025-01-01,2026-08-01,baseline
C04878,P08107,2025-01-01,2026-08-01,baseline
C04879,P08413,2025-01-01,2026-08-01,baseline
C04880,P04393,2025-01-01,2026-08-01,baseline
C04881,P00427,2025-01-01,2026-08-01,baseline
C04882,P09646,2025-01-01,2026-08-01,baseline
C04883,P06493,2025-01-01,2026-08-01,baseline
C04884,P05020,2025-01-01,2026-08-01,baseline
C04885,P01467,2025-01-01,2026-08-01,baseline
C04886,P03254,2025-01-01,2026-08-01,baseline
C04887,P08399,2025-01-01,2026-08-01,baseline
C04888,P00212,2025-01-01,2026-08-01,baseline
C04889,P05590,2025-01-01,2026-08-01,baseline
C04890,P09474,2025-01-01,2026-08-01,baseline
C04891,P01466,2025-01-01,2026-08-01,baseline
C04892,P02291,2025-01-01,2026-08-01,baseline
C04893,P03014,2025-01-01,2026-08-01,baseline
C04894,P00669,2025-01-01,2026-08-01,baseline
C04895,P07886,2025-01-01,2026-08-01,baseline
C04896,P02105,2025-01-01,2026-08-01,baseline
C04897,P08932,2025-01-01,2026-08-01,baseline
C04898,P09514,2025-01-01,2026-08-01,baseline
C04899,P09708,2025-01-01,2026-08-01,baseline
C04900,P09796,2025-01-01,2026-08-01,baseline
C04901,P02172,2025-01-01,2026-08-01,baseline
C04902,P09864,2025-01-01,2026-08-01,baseline
C04903,P05971,2025-01-01,2026-08-01,baseline
C04904,P05958,2025-01-01,2026-08-01,baseline
C04905,P04616,2025-01-01,2026-08-01,baseline
C04906,P06058,2025-01-01,2026-08-01,baseline
C04907,P02775,2025-01-01,2026-08-01,baseline
C04908,P04886,2025-01-01,2026-08-01,baseline
C04909,P05466,2025-01-01,2026-08-01,baseline
C04910,P01548,2025-01-01,2026-08-01,baseline
C04911,P02271,2025-01-01,2026-08-01,baseline
C04912,P01775,2025-01-01,2026-08-01,baseline
C04913,P07193,2025-01-01,2026-08-01,baseline
C04914,P04886,2025-01-01,2026-08-01,baseline
C04915,P05763,2025-01-01,2026-08-01,baseline
C04916,P05850,2025-01-01,2026-08-01,baseline
C04917,P08746,2025-01-01,2026-08-01,baseline
C04918,P06934,2025-01-01,2026-08-01,baseline
C04919,P03154,2025-01-01,2026-08-01,baseline
C04920,P04387,2025-01-01,2026-08-01,baseline
C04921,P03577,2025-01-01,2026-08-01,baseline
C04922,P00953,2025-01-01,2026-08-01,baseline
C04923,P01015,2025-01-01,2026-08-01,baseline
C04924,P09840,2025-01-01,2026-08-01,baseline
C04925,P00099,2025-01-01,2026-08-01,baseline
C04926,P05287,2025-01-01,2026-08-01,baseline
C04927,P00475,2025-01-01,2026-08-01,baseline
C04928,P01494,2025-01-01,2026-08-01,baseline
C04929,P04154,2025-01-01,2026-08-01,baseline
C04930,P00858,2025-01-01,2026-08-01,baseline
C04931,P07143,2025-01-01,2026-08-01,baseline
C04932,P05317,2025-01-01,2026-08-01,baseline
C04933,P02329,2025-01-01,2026-08-01,baseline
C04934,P02153,2025-01-01,2026-08-01,baseline
C04935,P04455,2025-01-01,2026-08-01,baseline
C04936,P06363,2025-01-01,2026-08-01,baseline
C04937,P04091,2025-01-01,2026-08-01,baseline
C04938,P04787,2025-01-01,2026-08-01,baseline
C04939,P07336,2025-01-01,2026-08-01,baseline
C04940,P05002,2025-01-01,2026-08-01,baseline
C04941,P06580,2025-01-01,2026-08-01,baseline
C04942,P00031,2025-01-01,2026-08-01,baseline
C04943,P01022,2025-01-01,2026-08-01,baseline
C04944,P09047,2025-01-01,2026-08-01,baseline
C04945,P06265,2025-01-01,2026-08-01,baseline
C04946,P04661,2025-01-01,2026-08-01,baseline
C04947,P03438,2025-01-01,2026-08-01,baseline
C04948,P04682,2025-01-01,2026-08-01,baseline
C04949,P01086,2025-01-01,2026-08-01,baseline
C04950,P04697,2025-01-01,2026-08-01,baseline
C04951,P08607,2025-01-01,2026-08-01,baseline
C04952,P07553,2025-01-01,2026-08-01,baseline
C04953,P09738,2025-01-01,2026-08-01,baseline
C04954,P04962,2025-01-01,2026-08-01,baseline
C04955,P03781,2025-01-01,2026-08-01,baseline
C04956,P05136,2025-01-01,2026-08-01,baseline
C04957,P06144,2025-01-01,2026-08-01,baseline
C04958,P09040,2025-01-01,2026-08-01,baseline
C04959,P07429,2025-01-01,2026-08-01,baseline
C04960,P06487,2025-01-01,2026-08-01,baseline
C04961,P04649,2025-01-01,2026-08-01,baseline
C04962,P01187,2025-01-01,2026-08-01,baseline
C04963,P00893,2025-01-01,2026-08-01,baseline
C04964,P00279,2025-01-01,2026-08-01,baseline
C04965,P05252,2025-01-01,2026-08-01,baseline
C04966,P03520,2025-01-01,2026-08-01,baseline
C04967,P00079,2025-01-01,2026-08-01,baseline
C04968,P07074,2025-01-01,2026-08-01,baseline
C04969,P03297,2025-01-01,2026-08-01,baseline
C04970,P07432,2025-01-01,2026-08-01,baseline
C04971,P04174,2025-01-01,2026-08-01,baseline
C04972,P06353,2025-01-01,2026-08-01,baseline
C04973,P07691,2025-01-01,2026-08-01,baseline
C04974,P09302,2025-01-01,2026-08-01,baseline
C04975,P09037,2025-01-01,2026-08-01,baseline
C04976,P09030,2025-01-01,2026-08-01,baseline
C04977,P08532,2025-01-01,2026-08-01,baseline
C04978,P03212,2025-01-01,2026-08-01,baseline
C04979,P02556,2025-01-01,2026-08-01,baseline
C04980,P06154,2025-01-01,2026-08-01,baseline
C04981,P06828,2025-01-01,2026-08-01,baseline
C04982,P04477,2025-01-01,2026-08-01,baseline
C04983,P02085,2025-01-01,2026-08-01,baseline
C04984,P09272,2025-01-01,2026-08-01,baseline
C04985,P06005,2025-01-01,2026-08-01,baseline
C04986,P08763,2025-01-01,2026-08-01,baseline
C04987,P06975,2025-01-01,2026-08-01,baseline
C04988,P01323,2025-01-01,2026-08-01,baseline
C04989,P08974,2025-01-01,2026-08-01,baseline
C04990,P09728,2025-01-01,2026-08-01,baseline
C04991,P03587,2025-01-01,2026-08-01,baseline
C04992,P09165,2025-01-01,2026-08-01,baseline
C04993,P03705,2025-01-01,2026-08-01,baseline
C04994,P01006,2025-01-01,2026-08-01,baseline
C04995,P01421,2025-01-01,2026-08-01,baseline
C04996,P07863,2025-01-01,2026-08-01,baseline
C04997,P01530,2025-01-01,2026-08-01,baseline
C04998,P06728,2025-01-01,2026-08-01,baseline
C04999,P04075,2025-01-01,2026-08-01,baseline
C05000,P04585,2025-01-01,2026-08-01,baseline
C05001,P02717,2025-01-01,2026-08-01,baseline
C05002,P08393,2025-01-01,2026-08-01,baseline
C05003,P08804,2025-01-01,2026-08-01,baseline
C05004,P03037,2025-01-01,2026-08-01,baseline
C05005,P01163,2025-01-01,2026-08-01,baseline
C05006,P05723,2025-01-01,2026-08-01,baseline
C05007,P05461,2025-01-01,2026-08-01,baseline
C05008,P00129,2025-01-01,2026-08-01,baseline
C05009,P09239,2025-01-01,2026-08-01,baseline
C05010,P01057,2025-01-01,2026-08-01,baseline
C05011,P04376,2025-01-01,2026-08-01,baseline
C05012,P08557,2025-01-01,2026-08-01,baseline
C05013,P07407,2025-01-01,2026-08-01,baseline
C05014,P03865,2025-01-01,2026-08-01,baseline
C05015,P08421,2025-01-01,2026-08-01,baseline
C05016,P07612,2025-01-01,2026-08-01,baseline
C05017,P01801,2025-01-01,2026-08-01,baseline
C05018,P06329,2025-01-01,2026-08-01,baseline
C05019,P01633,2025-01-01,2026-08-01,baseline
C05020,P06219,2025-01-01,2026-08-01,baseline
C05021,P02753,2025-01-01,2026-08-01,baseline
C05022,P07433,2025-01-01,2026-08-01,baseline
C05023,P09430,2025-01-01,2026-08-01,baseline
C05024,P06702,2025-01-01,2026-08-01,baseline
C05025,P03074,2025-01-01,2026-08-01,baseline
C05026,P06429,2025-01-01,2026-08-01,baseline
C05027,P03587,2025-01-01,2026-08-01,baseline
C05028,P04208,2025-01-01,2026-08-01,baseline
C05029,P05817,2025-01-01,2026-08-01,baseline
C05030,P02242,2025-01-01,2026-08-01,baseline
C05031,P02578,2025-01-01,2026-08-01,baseline
C05032,P02041,2025-01-01,2026-08-01,baseline
C05033,P05133,2025-01-01,2026-08-01,baseline
C05034,P08734,2025-01-01,2026-08-01,baseline
C05035,P00664,2025-01-01,2026-08-01,baseline
C05036,P09117,2025-01-01,2026-08-01,baseline
C05037,P04599,2025-01-01,2026-08-01,baseline
C05038,P04809,2025-01-01,2026-08-01,baseline
C05039,P03666,2025-01-01,2026-08-01,baseline
C05040,P07173,2025-01-01,2026-08-01,baseline
C05041,P01212,2025-01-01,2026-08-01,baseline
C05042,P04663,2025-01-01,2026-08-01,baseline
C05043,P08815,2025-01-01,2026-08-01,baseline
C05044,P05092,2025-01-01,2026-08-01,baseline
C05045,P02953,2025-01-01,2026-08-01,baseline
C05046,P08770,2025-01-01,2026-08-01,baseline
C05047,P08685,2025-01-01,2026-08-01,baseline
C05048,P04038,2025-01-01,2026-08-01,baseline
C05049,P03721,2025-01-01,2026-08-01,baseline
C05050,P00573,2025-01-01,2026-08-01,baseline
C05051,P06565,2025-01-01,2026-08-01,baseline
C05052,P09069,2025-01-01,2026-08-01,baseline
C05053,P09884,2025-01-01,2026-08-01,baseline
C05054,P04101,2025-01-01,2026-08-01,baseline
C05055,P07542,2025-01-01,2026-08-01,baseline
C05056,P08077,2025-01-01,2026-08-01,baseline
C05057,P08904,2025-01-01,2026-08-01,baseline
C05058,P04101,2025-01-01,2026-08-01,baseline
C05059,P02259,2025-01-01,2026-08-01,baseline
C05060,P02537,2025-01-01,2026-08-01,baseline
C05061,P05620,2025-01-01,2026-08-01,baseline
C05062,P09429,2025-01-01,2026-08-01,baseline
C05063,P04087,2025-01-01,2026-08-01,baseline
C05064,P08885,2025-01-01,2026-08-01,baseline
C05065,P01300,2025-01-01,2026-08-01,baseline
C05066,P09369,2025-01-01,2026-08-01,baseline
C05067,P04601,2025-01-01,2026-08-01,baseline
C05068,P04172,2025-01-01,2026-08-01,baseline
C05069,P06784,2025-01-01,2026-08-01,baseline
C05070,P09169,2025-01-01,2026-08-01,baseline
C05071,P01853,2025-01-01,2026-08-01,baseline
C05072,P00018,2025-01-01,2026-08-01,baseline
C05073,P01865,2025-01-01,2026-08-01,baseline
C05074,P04407,2025-01-01,2026-08-01,baseline
C05075,P08286,2025-01-01,2026-08-01,baseline
C05076,P02938,2025-01-01,2026-08-01,baseline
C05077,P04054,2025-01-01,2026-08-01,baseline
C05078,P05145,2025-01-01,2026-08-01,baseline
C05079,P04332,2025-01-01,2026-08-01,baseline
C05080,P05249,2025-01-01,2026-08-01,baseline
C05081,P05337,2025-01-01,2026-08-01,baseline
C05082,P08121,2025-01-01,2026-08-01,baseline
C05083,P09533,2025-01-01,2026-08-01,baseline
C05084,P03984,2025-01-01,2026-08-01,baseline
C05085,P08547,2025-01-01,2026-08-01,baseline
C05086,P04927,2025-01-01,2026-08-01,baseline
C05087,P07481,2025-01-01,2026-08-01,baseline
C05088,P02538,2025-01-01,2026-08-01,baseline
C05089,P01469,2025-01-01,2026-08-01,baseline
C05090,P03393,2025-01-01,2026-08-01,baseline
C05091,P07908,2025-01-01,2026-08-01,baseline
C05092,P03598,2025-01-01,2026-08-01,baseline
C05093,P01953,2025-01-01,2026-08-01,baseline
C05094,P07948,2025-01-01,2026-08-01,baseline
C05095,P09028,2025-01-01,2026-08-01,baseline
C05096,P07223,2025-01-01,2026-08-01,baseline
C05097,P02449,2025-01-01,2026-08-01,baseline
C05098,P06049,2025-01-01,2026-08-01,baseline
C05099,P00091,2025-01-01,2026-08-01,baseline
C05100,P00596,2025-01-01,2026-08-01,baseline
C05101,P04305,2025-01-01,2026-08-01,baseline
C05102,P05912,2025-01-01,2026-08-01,baseline
C05103,P01314,2025-01-01,2026-08-01,baseline
C05104,P02298,2025-01-01,2026-08-01,baseline
C05105,P07313,2025-01-01,2026-08-01,baseline
C05106,P03675,2025-01-01,2026-08-01,baseline
C05107,P04415,2025-01-01,2026-08-01,baseline
C05108,P05313,2025-01-01,2026-08-01,baseline
C05109,P01428,2025-01-01,2026-08-01,baseline
C05110,P07036,2025-01-01,2026-08-01,baseline
C05111,P03230,2025-01-01,2026-08-01,baseline
C05112,P06971,2025-01-01,2026-08-01,baseline
C05113,P09370,2025-01-01,2026-08-01,baseline
C05114,P07457,2025-01-01,2026-08-01,baseline
C05115,P02064,2025-01-01,2026-08-01,baseline
C05116,P03964,2025-01-01,2026-08-01,baseline
C05117,P02804,2025-01-01,2026-08-01,baseline
C05118,P00577,2025-01-01,2026-08-01,baseline
C05119,P04356,2025-01-01,2026-08-01,baseline
C05120,P06192,2025-01-01,2026-08-01,baseline
C05121,P04415,2025-01-01,2026-08-01,baseline
C05122,P09220,2025-01-01,2026-08-01,baseline
C05123,P02692,2025-01-01,2026-08-01,baseline
C05124,P07142,2025-01-01,2026-08-01,baseline
C05125,P00336,2025-01-01,2026-08-01,baseline
C05126,P00736,2025-01-01,2026-08-01,baseline
C05127,P06277,2025-01-01,2026-08-01,baseline
C05128,P08633,2025-01-01,2026-08-01,baseline
C05129,P06670,2025-01-01,2026-08-01,baseline
C05130,P00180,2025-01-01,2026-08-01,baseline
C05131,P03207,2025-01-01,2026-08-01,baseline
C05132,P07725,2025-01-01,2026-08-01,baseline
C05133,P07489,2025-01-01,2026-08-01,baseline
C05134,P07555,2025-01-01,2026-08-01,baseline
C05135,P07284,2025-01-01,2026-08-01,baseline
C05136,P08846,2025-01-01,2026-08-01,baseline
C05137,P03354,2025-01-01,2026-08-01,baseline
C05138,P09640,2025-01-01,2026-08-01,baseline
C05139,P05925,2025-01-01,2026-08-01,baseline
C05140,P09465,2025-01-01,2026-08-01,baseline
C05141,P08604,2025-01-01,2026-08-01,baseline
C05142,P09004,2025-01-01,2026-08-01,baseline
C05143,P02048,2025-01-01,2026-08-01,baseline
C05144,P09651,2025-01-01,2026-08-01,baseline
C05145,P04453,2025-01-01,2026-08-01,baseline
C05146,P00935,2025-01-01,2026-08-01,baseline
C05147,P01289,2025-01-01,2026-08-01,baseline
C05148,P05315,2025-01-01,2026-08-01,baseline
C05149,P00920,2025-01-01,2026-08-01,baseline
C05150,P08118,2025-01-01,2026-08-01,baseline
C05151,P09786,2025-01-01,2026-08-01,baseline
C05152,P02446,2025-01-01,2026-08-01,baseline
C05153,P07475,2025-01-01,2026-08-01,baseline
C05154,P00454,2025-01-01,2026-08-01,baseline
C05155,P01258,2025-01-01,2026-08-01,baseline
C05156,P05796,2025-01-01,2026-08-01,baseline
C05157,P09211,2025-01-01,2026-08-01,baseline
C05158,P05366,2025-01-01,2026-08-01,baseline
C05159,P08220,2025-01-01,2026-08-01,baseline
C05160,P00429,2025-01-01,2026-08-01,baseline
C05161,P03170,2025-01-01,2026-08-01,baseline
C05162,P00675,2025-01-01,2026-08-01,baseline
C05163,P08709,2025-01-01,2026-08-01,baseline
C05164,P03236,2025-01-01,2026-08-01,baseline
C05165,P06390,2025-01-01,2026-08-01,baseline
C05166,P03687,2025-01-01,2026-08-01,baseline
C05167,P05201,2025-01-01,2026-08-01,baseline
C05168,P00536,2025-01-01,2026-08-01,baseline
C05169,P00688,2025-01-01,2026-08-01,baseline
C05170,P01560,2025-01-01,2026-08-01,baseline
C05171,P08205,2025-01-01,2026-08-01,baseline
C05172,P00120,2025-01-01,2026-08-01,baseline
C05173,P02955,2025-01-01,2026-08-01,baseline
C05174,P02011,2025-01-01,2026-08-01,baseline
C05175,P02567,2025-01-01,2026-08-01,baseline
C05176,P08730,2025-01-01,2026-08-01,baseline
C05177,P02833,2025-01-01,2026-08-01,baseline
C05178,P01374,2025-01-01,2026-08-01,baseline
C05179,P01958,2025-01-01,2026-08-01,baseline
C05180,P05529,2025-01-01,2026-08-01,baseline
C05181,P05905,2025-01-01,2026-08-01,baseline
C05182,P09501,2025-01-01,2026-08-01,baseline
C05183,P08563,2025-01-01,2026-08-01,baseline
C05184,P01457,2025-01-01,2026-08-01,baseline
C05185,P00507,2025-01-01,2026-08-01,baseline
C05186,P03585,2025-01-01,2026-08-01,baseline
C05187,P08892,2025-01-01,2026-08-01,baseline
C05188,P01690,2025-01-01,2026-08-01,baseline
C05189,P09256,2025-01-01,2026-08-01,baseline
C05190,P08188,2025-01-01,2026-08-01,baseline
C05191,P08034,2025-01-01,2026-08-01,baseline
C05192,P09520,2025-01-01,2026-08-01,baseline
C05193,P02590,2025-01-01,2026-08-01,baseline
C05194,P08565,2025-01-01,2026-08-01,baseline
C05195,P04665,2025-01-01,2026-08-01,baseline
C05196,P08668,2025-01-01,2026-08-01,baseline
C05197,P05097,2025-01-01,2026-08-01,baseline
C05198,P03382,2025-01-01,2026-08-01,baseline
C05199,P00397,2025-01-01,2026-08-01,baseline
C05200,P00547,2025-01-01,2026-08-01,baseline
C05201,P06550,2025-01-01,2026-08-01,baseline
C05202,P09822,2025-01-01,2026-08-01,baseline
C05203,P09974,2025-01-01,2026-08-01,baseline
C05204,P01638,2025-01-01,2026-08-01,baseline
C05205,P00865,2025-01-01,2026-08-01,baseline
C05206,P03553,2025-01-01,2026-08-01,baseline
C05207,P07642,2025-01-01,2026-08-01,baseline
C05208,P03320,2025-01-01,2026-08-01,baseline
C05209,P01700,2025-01-01,2026-08-01,baseline
C05210,P06271,2025-01-01,2026-08-01,baseline
C05211,P01224,2025-01-01,2026-08-01,baseline
C05212,P05826,2025-01-01,2026-08-01,baseline
C05213,P08508,2025-01-01,2026-08-01,baseline
C05214,P04113,2025-01-01,2026-08-01,baseline
C05215,P01272,2025-01-01,2026-08-01,baseline
C05216,P05626,2025-01-01,2026-08-01,baseline
C05217,P07019,2025-01-01,2026-08-01,baseline
C05218,P09955,2025-01-01,2026-08-01,baseline
C05219,P06713,2025-01-01,2026-08-01,baseline
C05220,P05488,2025-01-01,2026-08-01,baseline
C05221,P08328,2025-01-01,2026-08-01,baseline
C05222,P01971,2025-01-01,2026-08-01,baseline
C05223,P03690,2025-01-01,2026-08-01,baseline
C05224,P02980,2025-01-01,2026-08-01,baseline
C05225,P06832,2025-01-01,2026-08-01,baseline
C05226,P05354,2025-01-01,2026-08-01,baseline
C05227,P02677,2025-01-01,2026-08-01,baseline
C05228,P06071,2025-01-01,2026-08-01,baseline
C05229,P02053,2025-01-01,2026-08-01,baseline
C05230,P07505,2025-01-01,2026-08-01,baseline
C05231,P00613,2025-01-01,2026-08-01,baseline
C05232,P06483,2025-01-01,2026-08-01,baseline
C05233,P09278,2025-01-01,2026-08-01,baseline
C05234,P05019,2025-01-01,2026-08-01,baseline
C05235,P02720,2025-01-01,2026-08-01,baseline
C05236,P04656,2025-01-01,2026-08-01,baseline
C05237,P01136,2025-01-01,2026-08-01,baseline
C05238,P04867,2025-01-01,2026-08-01,baseline
C05239,P09643,2025-01-01,2026-08-01,baseline
C05240,P07870,2025-01-01,2026-08-01,baseline
C05241,P04210,2025-01-01,2026-08-01,baseline
C05242,P07772,2025-01-01,2026-08-01,baseline
C05243,P00106,2025-01-01,2026-08-01,baseline
C05244,P04100,2025-01-01,2026-08-01,baseline
C05245,P07760,2025-01-01,2026-08-01,baseline
C05246,P09782,2025-01-01,2026-08-01,baseline
C05247,P07520,2025-01-01,2026-08-01,baseline
C05248,P01470,2025-01-01,2026-08-01,baseline
C05249,P08356,2025-01-01,2026-08-01,baseline
C05250,P00895,2025-01-01,2026-08-01,baseline
C05251,P08513,2025-01-01,2026-08-01,baseline
C05252,P06596,2025-01-01,2026-08-01,baseline
C05253,P00380,2025-01-01,2026-08-01,baseline
C05254,P08497,2025-01-01,2026-08-01,baseline
C05255,P08479,2025-01-01,2026-08-01,baseline
C05256,P08752,2025-01-01,2026-08-01,baseline
C05257,P01465,2025-01-01,2026-08-01,baseline
C05258,P00132,2025-01-01,2026-08-01,baseline
C05259,P03526,2025-01-01,2026-08-01,baseline
C05260,P09018,2025-01-01,2026-08-01,baseline
C05261,P07048,2025-01-01,2026-08-01,baseline
C05262,P07697,2025-01-01,2026-08-01,baseline
C05263,P04882,2025-01-01,2026-08-01,baseline
C05264,P04422,2025-01-01,2026-08-01,baseline
C05265,P08089,2025-01-01,2026-08-01,baseline
C05266,P00769,2025-01-01,2026-08-01,baseline
C05267,P00779,2025-01-01,2026-08-01,baseline
C05268,P02574,2025-01-01,2026-08-01,baseline
C05269,P09283,2025-01-01,2026-08-01,baseline
C05270,P09479,2025-01-01,2026-08-01,baseline
C05271,P09470,2025-01-01,2026-08-01,baseline
C05272,P07855,2025-01-01,2026-08-01,baseline
C05273,P07318,2025-01-01,2026-08-01,baseline
C05274,P03395,2025-01-01,2026-08-01,baseline
C05275,P05562,2025-01-01,2026-08-01,baseline
C05276,P05939,2025-01-01,2026-08-01,baseline
C05277,P07977,2025-01-01,2026-08-01,baseline
C05278,P09840,2025-01-01,2026-08-01,baseline
C05279,P00668,2025-01-01,2026-08-01,baseline
C05280,P04904,2025-01-01,2026-08-01,baseline
C05281,P01168,2025-01-01,2026-08-01,baseline
C05282,P07132,2025-01-01,2026-08-01,baseline
C05283,P00830,2025-01-01,2026-08-01,baseline
C05284,P00288,2025-01-01,2026-08-01,baseline
C05285,P08355,2025-01-01,2026-08-01,baseline
C05286,P03723,2025-01-01,2026-08-01,baseline
C05287,P06058,2025-01-01,2026-08-01,baseline
C05288,P01664,2025-01-01,2026-08-01,baseline
C05289,P04742,2025-01-01,2026-08-01,baseline
C05290,P05399,2025-01-01,2026-08-01,baseline
C05291,P06953,2025-01-01,2026-08-01,baseline
C05292,P08681,2025-01-01,2026-08-01,baseline
C05293,P00578,2025-01-01,2026-08-01,baseline
C05294,P07348,2025-01-01,2026-08-01,baseline
C05295,P07335,2025-01-01,2026-08-01,baseline
C05296,P09168,2025-01-01,2026-08-01,baseline
C05297,P08719,2025-01-01,2026-08-01,baseline
C05298,P04012,2025-01-01,2026-08-01,baseline
C05299,P07189,2025-01-01,2026-08-01,baseline
C05300,P01648,2025-01-01,2026-08-01,baseline
C05301,P03304,2025-01-01,2026-08-01,baseline
C05302,P09587,2025-01-01,2026-08-01,baseline
C05303,P02559,2025-01-01,2026-08-01,baseline
C05304,P09395,2025-01-01,2026-08-01,baseline
C05305,P08708,2025-01-01,2026-08-01,baseline
C05306,P05926,2025-01-01,2026-08-01,baseline
C05307,P02165,2025-01-01,2026-08-01,baseline
C05308,P02415,2025-01-01,2026-08-01,baseline
C05309,P02613,2025-01-01,2026-08-01,baseline
C05310,P05026,2025-01-01,2026-08-01,baseline
C05311,P04802,2025-01-01,2026-08-01,baseline
C05312,P03831,2025-01-01,2026-08-01,baseline
C05313,P05901,2025-01-01,2026-08-01,baseline
C05314,P07361,2025-01-01,2026-08-01,baseline
C05315,P04292,2025-01-01,2026-08-01,baseline
C05316,P07606,2025-01-01,2026-08-01,baseline
C05317,P07305,2025-01-01,2026-08-01,baseline
C05318,P08908,2025-01-01,2026-08-01,baseline
C05319,P06078,2025-01-01,2026-08-01,baseline
C05320,P02276,2025-01-01,2026-08-01,baseline
C05321,P09998,2025-01-01,2026-08-01,baseline
C05322,P02587,2025-01-01,2026-08-01,baseline
C05323,P04416,2025-01-01,2026-08-01,baseline
C05324,P08871,2025-01-01,2026-08-01,baseline
C05325,P00691,2025-01-01,2026-08-01,baseline
C05326,P05104,2025-01-01,2026-08-01,baseline
C05327,P04314,2025-01-01,2026-08-01,baseline
C05328,P00154,2025-01-01,2026-08-01,baseline
C05329,P04399,2025-01-01,2026-08-01,baseline
C05330,P06221,2025-01-01,2026-08-01,baseline
C05331,P00410,2025-01-01,2026-08-01,baseline
C05332,P03863,2025-01-01,2026-08-01,baseline
C05333,P01793,2025-01-01,2026-08-01,baseline
C05334,P00252,2025-01-01,2026-08-01,baseline
C05335,P04837,2025-01-01,2026-08-01,baseline
C05336,P01472,2025-01-01,2026-08-01,baseline
C05337,P01286,2025-01-01,2026-08-01,baseline
C05338,P05883,2025-01-01,2026-08-01,baseline
C05339,P07933,2025-01-01,2026-08-01,baseline
C05340,P04450,2025-01-01,2026-08-01,baseline
C05341,P05688,2025-01-01,2026-08-01,baseline
C05342,P07850,2025-01-01,2026-08-01,baseline
C05343,P05644,2025-01-01,2026-08-01,baseline
C05344,P08666,2025-01-01,2026-08-01,baseline
C05345,P06322,2025-01-01,2026-08-01,baseline
C05346,P06331,2025-01-01,2026-08-01,baseline
C05347,P04372,2025-01-01,2026-08-01,baseline
C05348,P09222,2025-01-01,2026-08-01,baseline
C05349,P03851,2025-01-01,2026-08-01,baseline
C05350,P01354,2025-01-01,2026-08-01,baseline
C05351,P05657,2025-01-01,2026-08-01,baseline
C05352,P04084,2025-01-01,2026-08-01,baseline
C05353,P05332,2025-01-01,2026-08-01,baseline
C05354,P00859,2025-01-01,2026-08-01,baseline
C05355,P08152,2025-01-01,2026-08-01,baseline
C05356,P01244,2025-01-01,2026-08-01,baseline
C05357,P09481,2025-01-01,2026-08-01,baseline
C05358,P02473,2025-01-01,2026-08-01,baseline
C05359,P09298,2025-01-01,2026-08-01,baseline
C05360,P02775,2025-01-01,2026-08-01,baseline
C05361,P03801,2025-01-01,2026-08-01,baseline
C05362,P06076,2025-01-01,2026-08-01,baseline
C05363,P07231,2025-01-01,2026-08-01,baseline
C05364,P00979,2025-01-01,2026-08-01,baseline
C05365,P04996,2025-01-01,2026-08-01,baseline
C05366,P02037,2025-01-01,2026-08-01,baseline
C05367,P05317,2025-01-01,2026-08-01,baseline
C05368,P01613,2025-01-01,2026-08-01,baseline
C05369,P05849,2025-01-01,2026-08-01,baseline
C05370,P09003,2025-01-01,2026-08-01,baseline
C05371,P01196,2025-01-01,2026-08-01,baseline
C05372,P05239,2025-01-01,2026-08-01,baseline
C05373,P04371,2025-01-01,2026-08-01,baseline
C05374,P08707,2025-01-01,2026-08-01,baseline
C05375,P09378,2025-01-01,2026-08-01,baseline
C05376,P03218,2025-01-01,2026-08-01,baseline
C05377,P02563,2025-01-01,2026-08-01,baseline
C05378,P08427,2025-01-01,2026-08-01,baseline
C05379,P04288,2025-01-01,2026-08-01,baseline
C05380,P05081,2025-01-01,2026-08-01,baseline
C05381,P08197,2025-01-01,2026-08-01,baseline
C05382,P01953,2025-01-01,2026-08-01,baseline
C05383,P05471,2025-01-01,2026-08-01,baseline
C05384,P00208,2025-01-01,2026-08-01,baseline
C05385,P07290,2025-01-01,2026-08-01,baseline
C05386,P07089,2025-01-01,2026-08-01,baseline
C05387,P00073,2025-01-01,2026-08-01,baseline
C05388,P06331,2025-01-01,2026-08-01,baseline
C05389,P02935,2025-01-01,2026-08-01,baseline
C05390,P02949,2025-01-01,2026-08-01,baseline
C05391,P05826,2025-01-01,2026-08-01,baseline
C05392,P04643,2025-01-01,2026-08-01,baseline
C05393,P07583,2025-01-01,2026-08-01,baseline
C05394,P07572,2025-01-01,2026-08-01,baseline
C05395,P07096,2025-01-01,2026-08-01,baseline
C05396,P02102,2025-01-01,2026-08-01,baseline
C05397,P01936,2025-01-01,2026-08-01,baseline
C05398,P05595,2025-01-01,2026-08-01,baseline
C05399,P01855,2025-01-01,2026-08-01,baseline
C05400,P09053,2025-01-01,2026-08-01,baseline
C05401,P03307,2025-01-01,2026-08-01,baseline
C05402,P09197,2025-01-01,2026-08-01,baseline
C05403,P01671,2025-01-01,2026-08-01,baseline
C05404,P03412,2025-01-01,2026-08-01,baseline
C05405,P02277,2025-01-01,2026-08-01,baseline
C05406,P07537,2025-01-01,2026-08-01,baseline
C05407,P00176,2025-01-01,2026-08-01,baseline
C05408,P05390,2025-01-01,2026-08-01,baseline
C05409,P07492,2025-01-01,2026-08-01,baseline
C05410,P07500,2025-01-01,2026-08-01,baseline
C05411,P07432,2025-01-01,2026-08-01,baseline
C05412,P02921,2025-01-01,2026-08-01,baseline
C05413,P00035,2025-01-01,2026-08-01,baseline
C05414,P08831,2025-01-01,2026-08-01,baseline
C05415,P01341,2025-01-01,2026-08-01,baseline
C05416,P09786,2025-01-01,2026-08-01,baseline
C05417,P02769,2025-01-01,2026-08-01,baseline
C05418,P03407,2025-01-01,2026-08-01,baseline
C05419,P03797,2025-01-01,2026-08-01,baseline
C05420,P08238,2025-01-01,2026-08-01,baseline
C05421,P08558,2025-01-01,2026-08-01,baseline
C05422,P02254,2025-01-01,2026-08-01,baseline
C05423,P02306,2025-01-01,2026-08-01,baseline
C05424,P06757,2025-01-01,2026-08-01,baseline
C05425,P06956,2025-01-01,2026-08-01,baseline
C05426,P06252,2025-01-01,2026-08-01,baseline
C05427,P09314,2025-01-01,2026-08-01,baseline
C05428,P03409,2025-01-01,2026-08-01,baseline
C05429,P04500,2025-01-01,2026-08-01,baseline
C05430,P09565,2025-01-01,2026-08-01,baseline
C05431,P04836,2025-01-01,2026-08-01,baseline
C05432,P02123,2025-01-01,2026-08-01,baseline
C05433,P09545,2025-01-01,2026-08-01,baseline
C05434,P03455,2025-01-01,2026-08-01,baseline
C05435,P06565,2025-01-01,2026-08-01,baseline
C05436,P06962,2025-01-01,2026-08-01,baseline
C05437,P07212,2025-01-01,2026-08-01,baseline
C05438,P06402,2025-01-01,2026-08-01,baseline
C05439,P03182,2025-01-01,2026-08-01,baseline
C05440,P02083,2025-01-01,2026-08-01,baseline
C05441,P07013,2025-01-01,2026-08-01,baseline
C05442,P04555,2025-01-01,2026-08-01,baseline
C05443,P06081,2025-01-01,2026-08-01,baseline
C05444,P03245,2025-01-01,2026-08-01,baseline
C05445,P09062,2025-01-01,2026-08-01,baseline
C05446,P07145,2025-01-01,2026-08-01,baseline
C05447,P06243,2025-01-01,2026-08-01,baseline
C05448,P07545,2025-01-01,2026-08-01,baseline
C05449,P03044,2025-01-01,2026-08-01,baseline
C05450,P02415,2025-01-01,2026-08-01,baseline
C05451,P09154,2025-01-01,2026-08-01,baseline
C05452,P01073,2025-01-01,2026-08-01,baseline
C05453,P06855,2025-01-01,2026-08-01,baseline
C05454,P08169,2025-01-01,2026-08-01,baseline
C05455,P07178,2025-01-01,2026-08-01,baseline
C05456,P09072,2025-01-01,2026-08-01,baseline
C05457,P00043,2025-01-01,2026-08-01,baseline
C05458,P03435,2025-01-01,2026-08-01,baseline
C05459,P09199,2025-01-01,2026-08-01,baseline
C05460,P06039,2025-01-01,2026-08-01,baseline
C05461,P09737,2025-01-01,2026-08-01,baseline
C05462,P03444,2025-01-01,2026-08-01,baseline
C05463,P01054,2025-01-01,2026-08-01,baseline
C05464,P09325,2025-01-01,2026-08-01,baseline
C05465,P03195,2025-01-01,2026-08-01,baseline
C05466,P09300,2025-01-01,2026-08-01,baseline
C05467,P02502,2025-01-01,2026-08-01,baseline
C05468,P06896,2025-01-01,2026-08-01,baseline
C05469,P04566,2025-01-01,2026-08-01,baseline
C05470,P00144,2025-01-01,2026-08-01,baseline
C05471,P05271,2025-01-01,2026-08-01,baseline
C05472,P05415,2025-01-01,2026-08-01,baseline
C05473,P07889,2025-01-01,2026-08-01,baseline
C05474,P04787,2025-01-01,2026-08-01,baseline
C05475,P06705,2025-01-01,2026-08-01,baseline
C05476,P00924,2025-01-01,2026-08-01,baseline
C05477,P04029,2025-01-01,2026-08-01,baseline
C05478,P08686,2025-01-01,2026-08-01,baseline
C05479,P02762,2025-01-01,2026-08-01,baseline
C05480,P08788,2025-01-01,2026-08-01,baseline
C05481,P06208,2025-01-01,2026-08-01,baseline
C05482,P01345,2025-01-01,2026-08-01,baseline
C05483,P07965,2025-01-01,2026-08-01,baseline
C05484,P07241,2025-01-01,2026-08-01,baseline
C05485,P04720,2025-01-01,2026-08-01,baseline
C05486,P02767,2025-01-01,2026-08-01,baseline
C05487,P05512,2025-01-01,2026-08-01,baseline
C05488,P01011,2025-01-01,2026-08-01,baseline
C05489,P04474,2025-01-01,2026-08-01,baseline
C05490,P08058,2025-01-01,2026-08-01,baseline
C05491,P06061,2025-01-01,2026-08-01,baseline
C05492,P00820,2025-01-01,2026-08-01,baseline
C05493,P06768,2025-01-01,2026-08-01,baseline
C05494,P02187,2025-01-01,2026-08-01,baseline
C05495,P08653,2025-01-01,2026-08-01,baseline
C05496,P01983,2025-01-01,2026-08-01,baseline
C05497,P02398,2025-01-01,2026-08-01,baseline
C05498,P09189,2025-01-01,2026-08-01,baseline
C05499,P09247,2025-01-01,2026-08-01,baseline
C05500,P01095,2025-01-01,2026-08-01,baseline
C05501,P07367,2025-01-01,2026-08-01,baseline
C05502,P06503,2025-01-01,2026-08-01,baseline
C05503,P01895,2025-01-01,2026-08-01,baseline
C05504,P05264,2025-01-01,2026-08-01,baseline
C05505,P06204,2025-01-01,2026-08-01,baseline
C05506,P02570,2025-01-01,2026-08-01,baseline
C05507,P03741,2025-01-01,2026-08-01,baseline
C05508,P01736,2025-01-01,2026-08-01,baseline
C05509,P01329,2025-01-01,2026-08-01,baseline
C05510,P03971,2025-01-01,2026-08-01,baseline
C05511,P07287,2025-01-01,2026-08-01,baseline
C05512,P06352,2025-01-01,2026-08-01,baseline
C05513,P08532,2025-01-01,2026-08-01,baseline
C05514,P07798,2025-01-01,2026-08-01,baseline
C05515,P02036,2025-01-01,2026-08-01,baseline
C05516,P08826,2025-01-01,2026-08-01,baseline
C05517,P01130,2025-01-01,2026-08-01,baseline
C05518,P00138,2025-01-01,2026-08-01,baseline
C05519,P09143,2025-01-01,2026-08-01,baseline
C05520,P06469,2025-01-01,2026-08-01,baseline
C05521,P07754,2025-01-01,2026-08-01,baseline
C05522,P05210,2025-01-01,2026-08-01,baseline
C05523,P07161,2025-01-01,2026-08-01,baseline
C05524,P04171,2025-01-01,2026-08-01,baseline
C05525,P05888,2025-01-01,2026-08-01,baseline
C05526,P09738,2025-01-01,2026-08-01,baseline
C05527,P00846,2025-01-01,2026-08-01,baseline
C05528,P09189,2025-01-01,2026-08-01,baseline
C05529,P01268,2025-01-01,2026-08-01,baseline
C05530,P03429,2025-01-01,2026-08-01,baseline
C05531,P01248,2025-01-01,2026-08-01,baseline
C05532,P04140,2025-01-01,2026-08-01,baseline
C05533,P09709,2025-01-01,2026-08-01,baseline
C05534,P03364,2025-01-01,2026-08-01,baseline
C05535,P04289,2025-01-01,2026-08-01,baseline
C05536,P02463,2025-01-01,2026-08-01,baseline
C05537,P08085,2025-01-01,2026-08-01,baseline
C05538,P01459,2025-01-01,2026-08-01,baseline
C05539,P06599,2025-01-01,2026-08-01,baseline
C05540,P08001,2025-01-01,2026-08-01,baseline
C05541,P07044,2025-01-01,2026-08-01,baseline
C05542,P03372,2025-01-01,2026-08-01,baseline
C05543,P03290,2025-01-01,2026-08-01,baseline
C05544,P03033,2025-01-01,2026-08-01,baseline
C05545,P08069,2025-01-01,2026-08-01,baseline
C05546,P00864,2025-01-01,2026-08-01,baseline
C05547,P03777,2025-01-01,2026-08-01,baseline
C05548,P02058,2025-01-01,2026-08-01,baseline
C05549,P01085,2025-01-01,2026-08-01,baseline
C05550,P01559,2025-01-01,2026-08-01,baseline
C05551,P04700,2025-01-01,2026-08-01,baseline
C05552,P01049,2025-01-01,2026-08-01,baseline
C05553,P09705,2025-01-01,2026-08-01,baseline
C05554,P05730,2025-01-01,2026-08-01,baseline
C05555,P08806,2025-01-01,2026-08-01,baseline
C05556,P00606,2025-01-01,2026-08-01,baseline
C05557,P07103,2025-01-01,2026-08-01,baseline
C05558,P02202,2025-01-01,2026-08-01,baseline
C05559,P00491,2025-01-01,2026-08-01,baseline
C05560,P01540,2025-01-01,2026-08-01,baseline
C05561,P09270,2025-01-01,2026-08-01,baseline
C05562,P05663,2025-01-01,2026-08-01,baseline
C05563,P06499,2025-01-01,2026-08-01,baseline
C05564,P08292,2025-01-01,2026-08-01,baseline
C05565,P01787,2025-01-01,2026-08-01,baseline
C05566,P06437,2025-01-01,2026-08-01,baseline
C05567,P00110,2025-01-01,2026-08-01,baseline
C05568,P02051,2025-01-01,2026-08-01,baseline
C05569,P09075,2025-01-01,2026-08-01,baseline
C05570,P04202,2025-01-01,2026-08-01,baseline
C05571,P09863,2025-01-01,2026-08-01,baseline
C05572,P08139,2025-01-01,2026-08-01,baseline
C05573,P01022,2025-01-01,2026-08-01,baseline
C05574,P09177,2025-01-01,2026-08-01,baseline
C05575,P06201,2025-01-01,2026-08-01,baseline
C05576,P06852,2025-01-01,2026-08-01,baseline
C05577,P05047,2025-01-01,2026-08-01,baseline
C05578,P08424,2025-01-01,2026-08-01,baseline
C05579,P05188,2025-01-01,2026-08-01,baseline
C05580,P04838,2025-01-01,2026-08-01,baseline
C05581,P08830,2025-01-01,2026-08-01,baseline
C05582,P06366,2025-01-01,2026-08-01,baseline
C05583,P05931,2025-01-01,2026-08-01,baseline
C05584,P06935,2025-01-01,2026-08-01,baseline
C05585,P07274,2025-01-01,2026-08-01,baseline
C05586,P03249,2025-01-01,2026-08-01,baseline
C05587,P04914,2025-01-01,2026-08-01,baseline
C05588,P04197,2025-01-01,2026-08-01,baseline
C05589,P03470,2025-01-01,2026-08-01,baseline
C05590,P05162,2025-01-01,2026-08-01,baseline
C05591,P07623,2025-01-01,2026-08-01,baseline
C05592,P07454,2025-01-01,2026-08-01,baseline
C05593,P09655,2025-01-01,2026-08-01,baseline
C05594,P03276,2025-01-01,2026-08-01,baseline
C05595,P01041,2025-01-01,2026-08-01,baseline
C05596,P00170,2025-01-01,2026-08-01,baseline
C05597,P05966,2025-01-01,2026-08-01,baseline
C05598,P02156,2025-01-01,2026-08-01,baseline
C05599,P02304,2025-01-01,2026-08-01,baseline
C05600,P06869,2025-01-01,2026-08-01,baseline
C05601,P01357,2025-01-01,2026-08-01,baseline
C05602,P03048,2025-01-01,2026-08-01,baseline
C05603,P06161,2025-01-01,2026-08-01,baseline
C05604,P01155,2025-01-01,2026-08-01,baseline
C05605,P01183,2025-01-01,2026-08-01,baseline
C05606,P03822,2025-01-01,2026-08-01,baseline
C05607,P02709,2025-01-01,2026-08-01,baseline
C05608,P03826,2025-01-01,2026-08-01,baseline
C05609,P08341,2025-01-01,2026-08-01,baseline
C05610,P00329,2025-01-01,2026-08-01,baseline
C05611,P00109,2025-01-01,2026-08-01,baseline
C05612,P08120,2025-01-01,2026-08-01,baseline
C05613,P09443,2025-01-01,2026-08-01,baseline
C05614,P01064,2025-01-01,2026-08-01,baseline
C05615,P05880,2025-01-01,2026-08-01,baseline
C05616,P04825,2025-01-01,2026-08-01,baseline
C05617,P04725,2025-01-01,2026-08-01,baseline
C05618,P04491,2025-01-01,2026-08-01,baseline
C05619,P07144,2025-01-01,2026-08-01,baseline
C05620,P07701,2025-01-01,2026-08-01,baseline
C05621,P00957,2025-01-01,2026-08-01,baseline
C05622,P03602,2025-01-01,2026-08-01,baseline
C05623,P09161,2025-01-01,2026-08-01,baseline
C05624,P05326,2025-01-01,2026-08-01,baseline
C05625,P00157,2025-01-01,2026-08-01,baseline
C05626,P09318,2025-01-01,2026-08-01,baseline
C05627,P03394,2025-01-01,2026-08-01,baseline
C05628,P01361,2025-01-01,2026-08-01,baseline
C05629,P09362,2025-01-01,2026-08-01,baseline
C05630,P00688,2025-01-01,2026-08-01,baseline
C05631,P09459,2025-01-01,2026-08-01,baseline
C05632,P06986,2025-01-01,2026-08-01,baseline
C05633,P05366,2025-01-01,2026-08-01,baseline
C05634,P03836,2025-01-01,2026-08-01,baseline
C05635,P02818,2025-01-01,2026-08-01,baseline
C05636,P03266,2025-01-01,2026-08-01,baseline
C05637,P01209,2025-01-01,2026-08-01,baseline
C05638,P08776,2025-01-01,2026-08-01,baseline
C05639,P03777,2025-01-01,2026-08-01,baseline
C05640,P03195,2025-01-01,2026-08-01,baseline
C05641,P02299,2025-01-01,2026-08-01,baseline
C05642,P02029,2025-01-01,2026-08-01,baseline
C05643,P08525,2025-01-01,2026-08-01,baseline
C05644,P03385,2025-01-01,2026-08-01,baseline
C05645,P05056,2025-01-01,2026-08-01,baseline
C05646,P09926,2025-01-01,2026-08-01,baseline
C05647,P06398,2025-01-01,2026-08-01,baseline
C05648,P02306,2025-01-01,2026-08-01,baseline
C05649,P02986,2025-01-01,2026-08-01,baseline
C05650,P04638,2025-01-01,2026-08-01,baseline
C05651,P00501,2025-01-01,2026-08-01,baseline
C05652,P02452,2025-01-01,2026-08-01,baseline
C05653,P00668,2025-01-01,2026-08-01,baseline
C05654,P00572,2025-01-01,2026-08-01,baseline
C05655,P09074,2025-01-01,2026-08-01,baseline
C05656,P05605,2025-01-01,2026-08-01,baseline
C05657,P02358,2025-01-01,2026-08-01,baseline
C05658,P09060,2025-01-01,2026-08-01,baseline
C05659,P01613,2025-01-01,2026-08-01,baseline
C05660,P04945,2025-01-01,2026-08-01,baseline
C05661,P07914,2025-01-01,2026-08-01,baseline
C05662,P02893,2025-01-01,2026-08-01,baseline
C05663,P05868,2025-01-01,2026-08-01,baseline
C05664,P05980,2025-01-01,2026-08-01,baseline
C05665,P02189,2025-01-01,2026-08-01,baseline
C05666,P03884,2025-01-01,2026-08-01,baseline
C05667,P04835,2025-01-01,2026-08-01,baseline
C05668,P02459,2025-01-01,2026-08-01,baseline
C05669,P04346,2025-01-01,2026-08-01,baseline
C05670,P02586,2025-01-01,2026-08-01,baseline
C05671,P04724,2025-01-01,2026-08-01,baseline
C05672,P05785,2025-01-01,2026-08-01,baseline
C05673,P01679,2025-01-01,2026-08-01,baseline
C05674,P04823,2025-01-01,2026-08-01,baseline
C05675,P08781,2025-01-01,2026-08-01,baseline
C05676,P02806,2025-01-01,2026-08-01,baseline
C05677,P04922,2025-01-01,2026-08-01,baseline
C05678,P03105,2025-01-01,2026-08-01,baseline
C05679,P03044,2025-01-01,2026-08-01,baseline
C05680,P09893,2025-01-01,2026-08-01,baseline
C05681,P05471,2025-01-01,2026-08-01,baseline
C05682,P08084,2025-01-01,2026-08-01,baseline
C05683,P02833,2025-01-01,2026-08-01,baseline
C05684,P00826,2025-01-01,2026-08-01,baseline
C05685,P04730,2025-01-01,2026-08-01,baseline
C05686,P00791,2025-01-01,2026-08-01,baseline
C05687,P08618,2025-01-01,2026-08-01,baseline
C05688,P03666,2025-01-01,2026-08-01,baseline
C05689,P01723,2025-01-01,2026-08-01,baseline
C05690,P08540,2025-01-01,2026-08-01,baseline
C05691,P05097,2025-01-01,2026-08-01,baseline
C05692,P05750,2025-01-01,2026-08-01,baseline
C05693,P06580,2025-01-01,2026-08-01,baseline
C05694,P09122,2025-01-01,2026-08-01,baseline
C05695,P07791,2025-01-01,2026-08-01,baseline
C05696,P05439,2025-01-01,2026-08-01,baseline
C05697,P08354,2025-01-01,2026-08-01,baseline
C05698,P06015,2025-01-01,2026-08-01,baseline
C05699,P02311,2025-01-01,2026-08-01,baseline
C05700,P03942,2025-01-01,2026-08-01,baseline
C05701,P05070,2025-01-01,2026-08-01,baseline
C05702,P00343,2025-01-01,2026-08-01,baseline
C05703,P07660,2025-01-01,2026-08-01,baseline
C05704,P06009,2025-01-01,2026-08-01,baseline
C05705,P06143,2025-01-01,2026-08-01,baseline
C05706,P03650,2025-01-01,2026-08-01,baseline
C05707,P02827,2025-01-01,2026-08-01,baseline
C05708,P06326,2025-01-01,2026-08-01,baseline
C05709,P07324,2025-01-01,2026-08-01,baseline
C05710,P01390,2025-01-01,2026-08-01,baseline
C05711,P01781,2025-01-01,2026-08-01,baseline
C05712,P05215,2025-01-01,2026-08-01,baseline
C05713,P06562,2025-01-01,2026-08-01,baseline
C05714,P07242,2025-01-01,2026-08-01,baseline
C05715,P08126,2025-01-01,2026-08-01,baseline
C05716,P02804,2025-01-01,2026-08-01,baseline
C05717,P01555,2025-01-01,2026-08-01,baseline
C05718,P05008,2025-01-01,2026-08-01,baseline
C05719,P08705,2025-01-01,2026-08-01,baseline
C05720,P04375,2025-01-01,2026-08-01,baseline
C05721,P08838,2025-01-01,2026-08-01,baseline
C05722,P07630,2025-01-01,2026-08-01,baseline
C05723,P02056,2025-01-01,2026-08-01,baseline
C05724,P00270,2025-01-01,2026-08-01,baseline
C05725,P00349,2025-01-01,2026-08-01,baseline
C05726,P02691,2025-01-01,2026-08-01,baseline
C05727,P01651,2025-01-01,2026-08-01,baseline
C05728,P05535,2025-01-01,2026-08-01,baseline
C05729,P03580,2025-01-01,2026-08-01,baseline
C05730,P05786,2025-01-01,2026-08-01,baseline
C05731,P02644,2025-01-01,2026-08-01,baseline
C05732,P09373,2025-01-01,2026-08-01,baseline
C05733,P07859,2025-01-01,2026-08-01,baseline
C05734,P09499,2025-01-01,2026-08-01,baseline
C05735,P06564,2025-01-01,2026-08-01,baseline
C05736,P02748,2025-01-01,2026-08-01,baseline
C05737,P05983,2025-01-01,2026-08-01,baseline
C05738,P08793,2025-01-01,2026-08-01,baseline
C05739,P01041,2025-01-01,2026-08-01,baseline
C05740,P02302,2025-01-01,2026-08-01,baseline
C05741,P09684,2025-01-01,2026-08-01,baseline
C05742,P02379,2025-01-01,2026-08-01,baseline
C05743,P04432,2025-01-01,2026-08-01,baseline
C05744,P01453,2025-01-01,2026-08-01,baseline
C05745,P03406,2025-01-01,2026-08-01,baseline
C05746,P06407,2025-01-01,2026-08-01,baseline
C05747,P08533,2025-01-01,2026-08-01,baseline
C05748,P00472,2025-01-01,2026-08-01,baseline
C05749,P01643,2025-01-01,2026-08-01,baseline
C05750,P08557,2025-01-01,2026-08-01,baseline
C05751,P08696,2025-01-01,2026-08-01,baseline
C05752,P06816,2025-01-01,2026-08-01,baseline
C05753,P03682,2025-01-01,2026-08-01,baseline
C05754,P09939,2025-01-01,2026-08-01,baseline
C05755,P09376,2025-01-01,2026-08-01,baseline
C05756,P02380,2025-01-01,2026-08-01,baseline
C05757,P01854,2025-01-01,2026-08-01,baseline
C05758,P08390,2025-01-01,2026-08-01,baseline
C05759,P00546,2025-01-01,2026-08-01,baseline
C05760,P01886,2025-01-01,2026-08-01,baseline
C05761,P08590,2025-01-01,2026-08-01,baseline
C05762,P03814,2025-01-01,2026-08-01,baseline
C05763,P01671,2025-01-01,2026-08-01,baseline
C05764,P03758,2025-01-01,2026-08-01,baseline
C05765,P08425,2025-01-01,2026-08-01,baseline
C05766,P00398,2025-01-01,2026-08-01,baseline
C05767,P01393,2025-01-01,2026-08-01,baseline
C05768,P08218,2025-01-01,2026-08-01,baseline
C05769,P06763,2025-01-01,2026-08-01,baseline
C05770,P00594,2025-01-01,2026-08-01,baseline
C05771,P06157,2025-01-01,2026-08-01,baseline
C05772,P05452,2025-01-01,2026-08-01,baseline
C05773,P08208,2025-01-01,2026-08-01,baseline
C05774,P00108,2025-01-01,2026-08-01,baseline
C05775,P01892,2025-01-01,2026-08-01,baseline
C05776,P00150,2025-01-01,2026-08-01,baseline
C05777,P09517,2025-01-01,2026-08-01,baseline
C05778,P06390,2025-01-01,2026-08-01,baseline
C05779,P05598,2025-01-01,2026-08-01,baseline
C05780,P06000,2025-01-01,2026-08-01,baseline
C05781,P04130,2025-01-01,2026-08-01,baseline
C05782,P05516,2025-01-01,2026-08-01,baseline
C05783,P01433,2025-01-01,2026-08-01,baseline
C05784,P00594,2025-01-01,2026-08-01,baseline
C05785,P09315,2025-01-01,2026-08-01,baseline
C05786,P06509,2025-01-01,2026-08-01,baseline
C05787,P05903,2025-01-01,2026-08-01,baseline
C05788,P07756,2025-01-01,2026-08-01,baseline
C05789,P08023,2025-01-01,2026-08-01,baseline
C05790,P05814,2025-01-01,2026-08-01,baseline
C05791,P04629,2025-01-01,2026-08-01,baseline
C05792,P02390,2025-01-01,2026-08-01,baseline
C05793,P05719,2025-01-01,2026-08-01,baseline
C05794,P09319,2025-01-01,2026-08-01,baseline
C05795,P04466,2025-01-01,2026-08-01,baseline
C05796,P02812,2025-01-01,2026-08-01,baseline
C05797,P07795,2025-01-01,2026-08-01,baseline
C05798,P05808,2025-01-01,2026-08-01,baseline
C05799,P06843,2025-01-01,2026-08-01,baseline
C05800,P08266,2025-01-01,2026-08-01,baseline
C05801,P01890,2025-01-01,2026-08-01,baseline
C05802,P03496,2025-01-01,2026-08-01,baseline
C05803,P02504,2025-01-01,2026-08-01,baseline
C05804,P04509,2025-01-01,2026-08-01,baseline
C05805,P02072,2025-01-01,2026-08-01,baseline
C05806,P04583,2025-01-01,2026-08-01,baseline
C05807,P08759,2025-01-01,2026-08-01,baseline
C05808,P04422,2025-01-01,2026-08-01,baseline
C05809,P09581,2025-01-01,2026-08-01,baseline
C05810,P01523,2025-01-01,2026-08-01,baseline
C05811,P08017,2025-01-01,2026-08-01,baseline
C05812,P07749,2025-01-01,2026-08-01,baseline
C05813,P08380,2025-01-01,2026-08-01,baseline
C05814,P05696,2025-01-01,2026-08-01,baseline
C05815,P07159,2025-01-01,2026-08-01,baseline
C05816,P06080,2025-01-01,2026-08-01,baseline
C05817,P00995,2025-01-01,2026-08-01,baseline
C05818,P05469,2025-01-01,2026-08-01,baseline
C05819,P01555,2025-01-01,2026-08-01,baseline
C05820,P09474,2025-01-01,2026-08-01,baseline
C05821,P03014,2025-01-01,2026-08-01,baseline
C05822,P05482,2025-01-01,2026-08-01,baseline
C05823,P03563,2025-01-01,2026-08-01,baseline
C05824,P09583,2025-01-01,2026-08-01,baseline
C05825,P08842,2025-01-01,2026-08-01,baseline
C05826,P09317,2025-01-01,2026-08-01,baseline
C05827,P08643,2025-01-01,2026-08-01,baseline
C05828,P00997,2025-01-01,2026-08-01,baseline
C05829,P01790,2025-01-01,2026-08-01,baseline
C05830,P07618,2025-01-01,2026-08-01,baseline
C05831,P09627,2025-01-01,2026-08-01,baseline
C05832,P02607,2025-01-01,2026-08-01,baseline
C05833,P04905,2025-01-01,2026-08-01,baseline
C05834,P00288,2025-01-01,2026-08-01,baseline
C05835,P04072,2025-01-01,2026-08-01,baseline
C05836,P02860,2025-01-01,2026-08-01,baseline
C05837,P09105,2025-01-01,2026-08-01,baseline
C05838,P02893,2025-01-01,2026-08-01,baseline
C05839,P02964,2025-01-01,2026-08-01,baseline
C05840,P09117,2025-01-01,2026-08-01,baseline
C05841,P05407,2025-01-01,2026-08-01,baseline
C05842,P06030,2025-01-01,2026-08-01,baseline
C05843,P06950,2025-01-01,2026-08-01,baseline
C05844,P02119,2025-01-01,2026-08-01,baseline
C05845,P06224,2025-01-01,2026-08-01,baseline
C05846,P08495,2025-01-01,2026-08-01,baseline
C05847,P00197,2025-01-01,2026-08-01,baseline
C05848,P09809,2025-01-01,2026-08-01,baseline
C05849,P09141,2025-01-01,2026-08-01,baseline
C05850,P05067,2025-01-01,2026-08-01,baseline
C05851,P05688,2025-01-01,2026-08-01,baseline
C05852,P07103,2025-01-01,2026-08-01,baseline
C05853,P03302,2025-01-01,2026-08-01,baseline
C05854,P07601,2025-01-01,2026-08-01,baseline
C05855,P00789,2025-01-01,2026-08-01,baseline
C05856,P08347,2025-01-01,2026-08-01,baseline
C05857,P07912,2025-01-01,2026-08-01,baseline
C05858,P00838,2025-01-01,2026-08-01,baseline
C05859,P05733,2025-01-01,2026-08-01,baseline
C05860,P09635,2025-01-01,2026-08-01,baseline
C05861,P09571,2025-01-01,2026-08-01,baseline
C05862,P00445,2025-01-01,2026-08-01,baseline
C05863,P05978,2025-01-01,2026-08-01,baseline
C05864,P04864,2025-01-01,2026-08-01,baseline
C05865,P08084,2025-01-01,2026-08-01,baseline
C05866,P05120,2025-01-01,2026-08-01,baseline
C05867,P08673,2025-01-01,2026-08-01,baseline
C05868,P06476,2025-01-01,2026-08-01,baseline
C05869,P06119,2025-01-01,2026-08-01,baseline
C05870,P04651,2025-01-01,2026-08-01,baseline
C05871,P05517,2025-01-01,2026-08-01,baseline
C05872,P00219,2025-01-01,2026-08-01,baseline
C05873,P04025,2025-01-01,2026-08-01,baseline
C05874,P02492,2025-01-01,2026-08-01,baseline
C05875,P04593,2025-01-01,2026-08-01,baseline
C05876,P03237,2025-01-01,2026-08-01,baseline
C05877,P02962,2025-01-01,2026-08-01,baseline
C05878,P03005,2025-01-01,2026-08-01,baseline
C05879,P03480,2025-01-01,2026-08-01,baseline
C05880,P09845,2025-01-01,2026-08-01,baseline
C05881,P01731,2025-01-01,2026-08-01,baseline
C05882,P07214,2025-01-01,2026-08-01,baseline
C05883,P08916,2025-01-01,2026-08-01,baseline
C05884,P08539,2025-01-01,2026-08-01,baseline
C05885,P09018,2025-01-01,2026-08-01,baseline
C05886,P09112,2025-01-01,2026-08-01,baseline
C05887,P04443,2025-01-01,2026-08-01,baseline
C05888,P01562,2025-01-01,2026-08-01,baseline
C05889,P04583,2025-01-01,2026-08-01,baseline
C05890,P09709,2025-01-01,2026-08-01,baseline
C05891,P00930,2025-01-01,2026-08-01,baseline
C05892,P06982,2025-01-01,2026-08-01,baseline
C05893,P04653,2025-01-01,2026-08-01,baseline
C05894,P09464,2025-01-01,2026-08-01,baseline
C05895,P09264,2025-01-01,2026-08-01,baseline
C05896,P00089,2025-01-01,2026-08-01,baseline
C05897,P00795,2025-01-01,2026-08-01,baseline
C05898,P03652,2025-01-01,2026-08-01,baseline
C05899,P09302,2025-01-01,2026-08-01,baseline
C05900,P09023,2025-01-01,2026-08-01,baseline
C05901,P00100,2025-01-01,2026-08-01,baseline
C05902,P02091,2025-01-01,2026-08-01,baseline
C05903,P05403,2025-01-01,2026-08-01,baseline
C05904,P03491,2025-01-01,2026-08-01,baseline
C05905,P08251,2025-01-01,2026-08-01,baseline
C05906,P01877,2025-01-01,2026-08-01,baseline
C05907,P00123,2025-01-01,2026-08-01,baseline
C05908,P01367,2025-01-01,2026-08-01,baseline
C05909,P08359,2025-01-01,2026-08-01,baseline
C05910,P05630,2025-01-01,2026-08-01,baseline
C05911,P03913,2025-01-01,2026-08-01,baseline
C05912,P09306,2025-01-01,2026-08-01,baseline
C05913,P02788,2025-01-01,2026-08-01,baseline
C05914,P04052,2025-01-01,2026-08-01,baseline
C05915,P00616,2025-01-01,2026-08-01,baseline
C05916,P07636,2025-01-01,2026-08-01,baseline
C05917,P03956,2025-01-01,2026-08-01,baseline
C05918,P08568,2025-01-01,2026-08-01,baseline
C05919,P06980,2025-01-01,2026-08-01,baseline
C05920,P05548,2025-01-01,2026-08-01,baseline
C05921,P07461,2025-01-01,2026-08-01,baseline
C05922,P06590,2025-01-01,2026-08-01,baseline
C05923,P05649,2025-01-01,2026-08-01,baseline
C05924,P05253,2025-01-01,2026-08-01,baseline
C05925,P09184,2025-01-01,2026-08-01,baseline
C05926,P03579,2025-01-01,2026-08-01,baseline
C05927,P05223,2025-01-01,2026-08-01,baseline
C05928,P05693,2025-01-01,2026-08-01,baseline
C05929,P05107,2025-01-01,2026-08-01,baseline
C05930,P07955,2025-01-01,2026-08-01,baseline
C05931,P07270,2025-01-01,2026-08-01,baseline
C05932,P03008,2025-01-01,2026-08-01,baseline
C05933,P02627,2025-01-01,2026-08-01,baseline
C05934,P05481,2025-01-01,2026-08-01,baseline
C05935,P00889,2025-01-01,2026-08-01,baseline
C05936,P08048,2025-01-01,2026-08-01,baseline
C05937,P04409,2025-01-01,2026-08-01,baseline
C05938,P04256,2025-01-01,2026-08-01,baseline
C05939,P07913,2025-01-01,2026-08-01,baseline
C05940,P07928,2025-01-01,2026-08-01,baseline
C05941,P09654,2025-01-01,2026-08-01,baseline
C05942,P06393,2025-01-01,2026-08-01,baseline
C05943,P08085,2025-01-01,2026-08-01,baseline
C05944,P09413,2025-01-01,2026-08-01,baseline
C05945,P09596,2025-01-01,2026-08-01,baseline
C05946,P00251,2025-01-01,2026-08-01,baseline
C05947,P09412,2025-01-01,2026-08-01,baseline
C05948,P05346,2025-01-01,2026-08-01,baseline
C05949,P01155,2025-01-01,2026-08-01,baseline
C05950,P04445,2025-01-01,2026-08-01,baseline
C05951,P03026,2025-01-01,2026-08-01,baseline
C05952,P00319,2025-01-01,2026-08-01,baseline
C05953,P07952,2025-01-01,2026-08-01,baseline
C05954,P09231,2025-01-01,2026-08-01,baseline
C05955,P09999,2025-01-01,2026-08-01,baseline
C05956,P06004,2025-01-01,2026-08-01,baseline
C05957,P02432,2025-01-01,2026-08-01,baseline
C05958,P06418,2025-01-01,2026-08-01,baseline
C05959,P09959,2025-01-01,2026-08-01,baseline
C05960,P09900,2025-01-01,2026-08-01,baseline
C05961,P07808,2025-01-01,2026-08-01,baseline
C05962,P05094,2025-01-01,2026-08-01,baseline
C05963,P07280,2025-01-01,2026-08-01,baseline
C05964,P03427,2025-01-01,2026-08-01,baseline
C05965,P05610,2025-01-01,2026-08-01,baseline
C05966,P07314,2025-01-01,2026-08-01,baseline
C05967,P02569,2025-01-01,2026-08-01,baseline
C05968,P07961,2025-01-01,2026-08-01,baseline
C05969,P01887,2025-01-01,2026-08-01,baseline
C05970,P08702,2025-01-01,2026-08-01,baseline
C05971,P00833,2025-01-01,2026-08-01,baseline
C05972,P06458,2025-01-01,2026-08-01,baseline
C05973,P04761,2025-01-01,2026-08-01,baseline
C05974,P05577,2025-01-01,2026-08-01,baseline
C05975,P04764,2025-01-01,2026-08-01,baseline
C05976,P06315,2025-01-01,2026-08-01,baseline
C05977,P01171,2025-01-01,2026-08-01,baseline
C05978,P06318,2025-01-01,2026-08-01,baseline
C05979,P07212,2025-01-01,2026-08-01,baseline
C05980,P07924,2025-01-01,2026-08-01,baseline
C05981,P03879,2025-01-01,2026-08-01,baseline
C05982,P06262,2025-01-01,2026-08-01,baseline
C05983,P08153,2025-01-01,2026-08-01,baseline
C05984,P04602,2025-01-01,2026-08-01,baseline
C05985,P06043,2025-01-01,2026-08-01,baseline
C05986,P00597,2025-01-01,2026-08-01,baseline
C05987,P03319,2025-01-01,2026-08-01,baseline
C05988,P07960,2025-01-01,2026-08-01,baseline
C05989,P09776,2025-01-01,2026-08-01,baseline
C05990,P05448,2025-01-01,2026-08-01,baseline
C05991,P03332,2025-01-01,2026-08-01,baseline
C05992,P03782,2025-01-01,2026-08-01,baseline
C05993,P04583,2025-01-01,2026-08-01,baseline
C05994,P04676,2025-01-01,2026-08-01,baseline
C05995,P08079,2025-01-01,2026-08-01,baseline
C05996,P09963,2025-01-01,2026-08-01,baseline
C05997,P02377,2025-01-01,2026-08-01,baseline
C05998,P04756,2025-01-01,2026-08-01,baseline
C05999,P08577,2025-01-01,2026-08-01,baseline
C06000,P01908,2025-01-01,2026-08-01,baseline
C06001,P09167,2025-01-01,2026-08-01,baseline
C06002,P07409,2025-01-01,2026-08-01,baseline
C06003,P08686,2025-01-01,2026-08-01,baseline
C06004,P01833,2025-01-01,2026-08-01,baseline
C06005,P06927,2025-01-01,2026-08-01,baseline
C06006,P08239,2025-01-01,2026-08-01,baseline
C06007,P09058,2025-01-01,2026-08-01,baseline
C06008,P00478,2025-01-01,2026-08-01,baseline
C06009,P04445,2025-01-01,2026-08-01,baseline
C06010,P05822,2025-01-01,2026-08-01,baseline
C06011,P09337,2025-01-01,2026-08-01,baseline
C06012,P01370,2025-01-01,2026-08-01,baseline
C06013,P00126,2025-01-01,2026-08-01,baseline
C06014,P00507,2025-01-01,2026-08-01,baseline
C06015,P08554,2025-01-01,2026-08-01,baseline
C06016,P09680,2025-01-01,2026-08-01,baseline
C06017,P07231,2025-01-01,2026-08-01,baseline
C06018,P05603,2025-01-01,2026-08-01,baseline
C06019,P06453,2025-01-01,2026-08-01,baseline
C06020,P01800,2025-01-01,2026-08-01,baseline
C06021,P03095,2025-01-01,2026-08-01,baseline
C06022,P04312,2025-01-01,2026-08-01,baseline
C06023,P00449,2025-01-01,2026-08-01,baseline
C06024,P03483,2025-01-01,2026-08-01,baseline
C06025,P09135,2025-01-01,2026-08-01,baseline
C06026,P04860,2025-01-01,2026-08-01,baseline
C06027,P08095,2025-01-01,2026-08-01,baseline
C06028,P01195,2025-01-01,2026-08-01,baseline
C06029,P08666,2025-01-01,2026-08-01,baseline
C06030,P07621,2025-01-01,2026-08-01,baseline
C06031,P09634,2025-01-01,2026-08-01,baseline
C06032,P03450,2025-01-01,2026-08-01,baseline
C06033,P03041,2025-01-01,2026-08-01,baseline
C06034,P08524,2025-01-01,2026-08-01,baseline
C06035,P05797,2025-01-01,2026-08-01,baseline
C06036,P00118,2025-01-01,2026-08-01,baseline
C06037,P01712,2025-01-01,2026-08-01,baseline
C06038,P05370,2025-01-01,2026-08-01,baseline
C06039,P06397,2025-01-01,2026-08-01,baseline
C06040,P03586,2025-01-01,2026-08-01,baseline
C06041,P03824,2025-01-01,2026-08-01,baseline
C06042,P01186,2025-01-01,2026-08-01,baseline
C06043,P00149,2025-01-01,2026-08-01,baseline
C06044,P04174,2025-01-01,2026-08-01,baseline
C06045,P07254,2025-01-01,2026-08-01,baseline
C06046,P06330,2025-01-01,2026-08-01,baseline
C06047,P02359,2025-01-01,2026-08-01,baseline
C06048,P03353,2025-01-01,2026-08-01,baseline
C06049,P04613,2025-01-01,2026-08-01,baseline
C06050,P03758,2025-01-01,2026-08-01,baseline
C06051,P05642,2025-01-01,2026-08-01,baseline
C06052,P03861,2025-01-01,2026-08-01,baseline
C06053,P07361,2025-01-01,2026-08-01,baseline
C06054,P00833,2025-01-01,2026-08-01,baseline
C06055,P05935,2025-01-01,2026-08-01,baseline
C06056,P03999,2025-01-01,2026-08-01,baseline
C06057,P04293,2025-01-01,2026-08-01,baseline
C06058,P00681,2025-01-01,2026-08-01,baseline
C06059,P07598,2025-01-01,2026-08-01,baseline
C06060,P01923,2025-01-01,2026-08-01,baseline
C06061,P03207,2025-01-01,2026-08-01,baseline
C06062,P03529,2025-01-01,2026-08-01,baseline
C06063,P09217,2025-01-01,2026-08-01,baseline
C06064,P03612,2025-01-01,2026-08-01,baseline
C06065,P06904,2025-01-01,2026-08-01,baseline
C06066,P05256,2025-01-01,2026-08-01,baseline
C06067,P05752,2025-01-01,2026-08-01,baseline
C06068,P02202,2025-01-01,2026-08-01,baseline
C06069,P00873,2025-01-01,2026-08-01,baseline
C06070,P05553,2025-01-01,2026-08-01,baseline
C06071,P03121,2025-01-01,2026-08-01,baseline
C06072,P08672,2025-01-01,2026-08-01,baseline
C06073,P06697,2025-01-01,2026-08-01,baseline
C06074,P01239,2025-01-01,2026-08-01,baseline
C06075,P08345,2025-01-01,2026-08-01,baseline
C06076,P04481,2025-01-01,2026-08-01,baseline
C06077,P07636,2025-01-01,2026-08-01,baseline
C06078,P02710,2025-01-01,2026-08-01,baseline
C06079,P05758,2025-01-01,2026-08-01,baseline
C06080,P00121,2025-01-01,2026-08-01,baseline
C06081,P01863,2025-01-01,2026-08-01,baseline
C06082,P01681,2025-01-01,2026-08-01,baseline
C06083,P00476,2025-01-01,2026-08-01,baseline
C06084,P08869,2025-01-01,2026-08-01,baseline
C06085,P09620,2025-01-01,2026-08-01,baseline
C06086,P08763,2025-01-01,2026-08-01,baseline
C06087,P00192,2025-01-01,2026-08-01,baseline
C06088,P01149,2025-01-01,2026-08-01,baseline
C06089,P07840,2025-01-01,2026-08-01,baseline
C06090,P09062,2025-01-01,2026-08-01,baseline
C06091,P08192,2025-01-01,2026-08-01,baseline
C06092,P06675,2025-01-01,2026-08-01,baseline
C06093,P07683,2025-01-01,2026-08-01,baseline
C06094,P02742,2025-01-01,2026-08-01,baseline
C06095,P00997,2025-01-01,2026-08-01,baseline
C06096,P03444,2025-01-01,2026-08-01,baseline
C06097,P03521,2025-01-01,2026-08-01,baseline
C06098,P06145,2025-01-01,2026-08-01,baseline
C06099,P00842,2025-01-01,2026-08-01,baseline
C06100,P02402,2025-01-01,2026-08-01,baseline
C06101,P02526,2025-01-01,2026-08-01,baseline
C06102,P09069,2025-01-01,2026-08-01,baseline
C06103,P07235,2025-01-01,2026-08-01,baseline
C06104,P05829,2025-01-01,2026-08-01,baseline
C06105,P09108,2025-01-01,2026-08-01,baseline
C06106,P05803,2025-01-01,2026-08-01,baseline
C06107,P02496,2025-01-01,2026-08-01,baseline
C06108,P08943,2025-01-01,2026-08-01,baseline
C06109,P08319,2025-01-01,2026-08-01,baseline
C06110,P03181,2025-01-01,2026-08-01,baseline
C06111,P07078,2025-01-01,2026-08-01,baseline
C06112,P06700,2025-01-01,2026-08-01,baseline
C06113,P04145,2025-01-01,2026-08-01,baseline
C06114,P01728,2025-01-01,2026-08-01,baseline
C06115,P02773,2025-01-01,2026-08-01,baseline
C06116,P01634,2025-01-01,2026-08-01,baseline
C06117,P07869,2025-01-01,2026-08-01,baseline
C06118,P03286,2025-01-01,2026-08-01,baseline
C06119,P06551,2025-01-01,2026-08-01,baseline
C06120,P07303,2025-01-01,2026-08-01,baseline
C06121,P08480,2025-01-01,2026-08-01,baseline
C06122,P09504,2025-01-01,2026-08-01,baseline
C06123,P00312,2025-01-01,2026-08-01,baseline
C06124,P05066,2025-01-01,2026-08-01,baseline
C06125,P09199,2025-01-01,2026-08-01,baseline
C06126,P07264,2025-01-01,2026-08-01,baseline
C06127,P00606,2025-01-01,2026-08-01,baseline
C06128,P05580,2025-01-01,2026-08-01,baseline
C06129,P09920,2025-01-01,2026-08-01,baseline
C06130,P08854,2025-01-01,2026-08-01,baseline
C06131,P08932,2025-01-01,2026-08-01,baseline
C06132,P07108,2025-01-01,2026-08-01,baseline
C06133,P00813,2025-01-01,2026-08-01,baseline
C06134,P08877,2025-01-01,2026-08-01,baseline
C06135,P09313,2025-01-01,2026-08-01,baseline
C06136,P05445,2025-01-01,2026-08-01,baseline
C06137,P07739,2025-01-01,2026-08-01,baseline
C06138,P00814,2025-01-01,2026-08-01,baseline
C06139,P08884,2025-01-01,2026-08-01,baseline
C06140,P07628,2025-01-01,2026-08-01,baseline
C06141,P03549,2025-01-01,2026-08-01,baseline
C06142,P02915,2025-01-01,2026-08-01,baseline
C06143,P01217,2025-01-01,2026-08-01,baseline
C06144,P09152,2025-01-01,2026-08-01,baseline
C06145,P07359,2025-01-01,2026-08-01,baseline
C06146,P07995,2025-01-01,2026-08-01,baseline
C06147,P02259,2025-01-01,2026-08-01,baseline
C06148,P02218,2025-01-01,2026-08-01,baseline
C06149,P04937,2025-01-01,2026-08-01,baseline
C06150,P06597,2025-01-01,2026-08-01,baseline
C06151,P02228,2025-01-01,2026-08-01,baseline
C06152,P09261,2025-01-01,2026-08-01,baseline
C06153,P07903,2025-01-01,2026-08-01,baseline
C06154,P06441,2025-01-01,2026-08-01,baseline
C06155,P00055,2025-01-01,2026-08-01,baseline
C06156,P01509,2025-01-01,2026-08-01,baseline
C06157,P09187,2025-01-01,2026-08-01,baseline
C06158,P09654,2025-01-01,2026-08-01,baseline
C06159,P09631,2025-01-01,2026-08-01,baseline
C06160,P05101,2025-01-01,2026-08-01,baseline
C06161,P06585,2025-01-01,2026-08-01,baseline
C06162,P06345,2025-01-01,2026-08-01,baseline
C06163,P08362,2025-01-01,2026-08-01,baseline
C06164,P05017,2025-01-01,2026-08-01,baseline
C06165,P00319,2025-01-01,2026-08-01,baseline
C06166,P08251,2025-01-01,2026-08-01,baseline
C06167,P09016,2025-01-01,2026-08-01,baseline
C06168,P05230,2025-01-01,2026-08-01,baseline
C06169,P04809,2025-01-01,2026-08-01,baseline
C06170,P03527,2025-01-01,2026-08-01,baseline
C06171,P02681,2025-01-01,2026-08-01,baseline
C06172,P00780,2025-01-01,2026-08-01,baseline
C06173,P09329,2025-01-01,2026-08-01,baseline
C06174,P01484,2025-01-01,2026-08-01,baseline
C06175,P06005,2025-01-01,2026-08-01,baseline
C06176,P02604,2025-01-01,2026-08-01,baseline
C06177,P06203,2025-01-01,2026-08-01,baseline
C06178,P06873,2025-01-01,2026-08-01,baseline
C06179,P02285,2025-01-01,2026-08-01,baseline
C06180,P01304,2025-01-01,2026-08-01,baseline
C06181,P07549,2025-01-01,2026-08-01,baseline
C06182,P01160,2025-01-01,2026-08-01,baseline
C06183,P06391,2025-01-01,2026-08-01,baseline
C06184,P01995,2025-01-01,2026-08-01,baseline
C06185,P01518,2025-01-01,2026-08-01,baseline
C06186,P08015,2025-01-01,2026-08-01,baseline
C06187,P06980,2025-01-01,2026-08-01,baseline
C06188,P00294,2025-01-01,2026-08-01,baseline
C06189,P06494,2025-01-01,2026-08-01,baseline
C06190,P05165,2025-01-01,2026-08-01,baseline
C06191,P00412,2025-01-01,2026-08-01,baseline
C06192,P01856,2025-01-01,2026-08-01,baseline
C06193,P03518,2025-01-01,2026-08-01,baseline
C06194,P07085,2025-01-01,2026-08-01,baseline
C06195,P06372,2025-01-01,2026-08-01,baseline
C06196,P05335,2025-01-01,2026-08-01,baseline
C06197,P00713,2025-01-01,2026-08-01,baseline
C06198,P06188,2025-01-01,2026-08-01,baseline
C06199,P06774,2025-01-01,2026-08-01,baseline
C06200,P04612,2025-01-01,2026-08-01,baseline
C06201,P09617,2025-01-01,2026-08-01,baseline
C06202,P01769,2025-01-01,2026-08-01,baseline
C06203,P07756,2025-01-01,2026-08-01,baseline
C06204,P01719,2025-01-01,2026-08-01,baseline
C06205,P06888,2025-01-01,2026-08-01,baseline
C06206,P09641,2025-01-01,2026-08-01,baseline
C06207,P00534,2025-01-01,2026-08-01,baseline
C06208,P05851,2025-01-01,2026-08-01,baseline
C06209,P07609,2025-01-01,2026-08-01,baseline
C06210,P07875,2025-01-01,2026-08-01,baseline
C06211,P07307,2025-01-01,2026-08-01,baseline
C06212,P08911,2025-01-01,2026-08-01,baseline
C06213,P01756,2025-01-01,2026-08-01,baseline
C06214,P02849,2025-01-01,2026-08-01,baseline
C06215,P05793,2025-01-01,2026-08-01,baseline
C06216,P08458,2025-01-01,2026-08-01,baseline
C06217,P00374,2025-01-01,2026-08-01,baseline
C06218,P07677,2025-01-01,2026-08-01,baseline
C06219,P08508,2025-01-01,2026-08-01,baseline
C06220,P04903,2025-01-01,2026-08-01,baseline
C06221,P05363,2025-01-01,2026-08-01,baseline
C06222,P04447,2025-01-01,2026-08-01,baseline
C06223,P09273,2025-01-01,2026-08-01,baseline
C06224,P03114,2025-01-01,2026-08-01,baseline
C06225,P09170,2025-01-01,2026-08-01,baseline
C06226,P07920,2025-01-01,2026-08-01,baseline
C06227,P09459,2025-01-01,2026-08-01,baseline
C06228,P04577,2025-01-01,2026-08-01,baseline
C06229,P07760,2025-01-01,2026-08-01,baseline
C06230,P09437,2025-01-01,2026-08-01,baseline
C06231,P02422,2025-01-01,2026-08-01,baseline
C06232,P09946,2025-01-01,2026-08-01,baseline
C06233,P08800,2025-01-01,2026-08-01,baseline
C06234,P02994,2025-01-01,2026-08-01,baseline
C06235,P00839,2025-01-01,2026-08-01,baseline
C06236,P03926,2025-01-01,2026-08-01,baseline
C06237,P07932,2025-01-01,2026-08-01,baseline
C06238,P09167,2025-01-01,2026-08-01,baseline
C06239,P07906,2025-01-01,2026-08-01,baseline
C06240,P05039,2025-01-01,2026-08-01,baseline
C06241,P00059,2025-01-01,2026-08-01,baseline
C06242,P07826,2025-01-01,2026-08-01,baseline
C06243,P09684,2025-01-01,2026-08-01,baseline
C06244,P05661,2025-01-01,2026-08-01,baseline
C06245,P02554,2025-01-01,2026-08-01,baseline
C06246,P08287,2025-01-01,2026-08-01,baseline
C06247,P03127,2025-01-01,2026-08-01,baseline
C06248,P06457,2025-01-01,2026-08-01,baseline
C06249,P04769,2025-01-01,2026-08-01,baseline
C06250,P04431,2025-01-01,2026-08-01,baseline
C06251,P06566,2025-01-01,2026-08-01,baseline
C06252,P01760,2025-01-01,2026-08-01,baseline
C06253,P01461,2025-01-01,2026-08-01,baseline
C06254,P03879,2025-01-01,2026-08-01,baseline
C06255,P04605,2025-01-01,2026-08-01,baseline
C06256,P09384,2025-01-01,2026-08-01,baseline
C06257,P03472,2025-01-01,2026-08-01,baseline
C06258,P02104,2025-01-01,2026-08-01,baseline
C06259,P05855,2025-01-01,2026-08-01,baseline
C06260,P02712,2025-01-01,2026-08-01,baseline
C06261,P02901,2025-01-01,2026-08-01,baseline
C06262,P04842,2025-01-01,2026-08-01,baseline
C06263,P01939,2025-01-01,2026-08-01,baseline
C06264,P02289,2025-01-01,2026-08-01,baseline
C06265,P00614,2025-01-01,2026-08-01,baseline
C06266,P08006,2025-01-01,2026-08-01,baseline
C06267,P08778,2025-01-01,2026-08-01,baseline
C06268,P04903,2025-01-01,2026-08-01,baseline
C06269,P08967,2025-01-01,2026-08-01,baseline
C06270,P01275,2025-01-01,2026-08-01,baseline
C06271,P08974,2025-01-01,2026-08-01,baseline
C06272,P09181,2025-01-01,2026-08-01,baseline
C06273,P01790,2025-01-01,2026-08-01,baseline
C06274,P03876,2025-01-01,2026-08-01,baseline
C06275,P03472,2025-01-01,2026-08-01,baseline
C06276,P00301,2025-01-01,2026-08-01,baseline
C06277,P03541,2025-01-01,2026-08-01,baseline
C06278,P02593,2025-01-01,2026-08-01,baseline
C06279,P04833,2025-01-01,2026-08-01,baseline
C06280,P05224,2025-01-01,2026-08-01,baseline
C06281,P02095,2025-01-01,2026-08-01,baseline
C06282,P00855,2025-01-01,2026-08-01,baseline
C06283,P09856,2025-01-01,2026-08-01,baseline
C06284,P00900,2025-01-01,2026-08-01,baseline
C06285,P00631,2025-01-01,2026-08-01,baseline
C06286,P07835,2025-01-01,2026-08-01,baseline
C06287,P07689,2025-01-01,2026-08-01,baseline
C06288,P03594,2025-01-01,2026-08-01,baseline
C06289,P06880,2025-01-01,2026-08-01,baseline
C06290,P03198,2025-01-01,2026-08-01,baseline
C06291,P05003,2025-01-01,2026-08-01,baseline
C06292,P01992,2025-01-01,2026-08-01,baseline
C06293,P08768,2025-01-01,2026-08-01,baseline
C06294,P03026,2025-01-01,2026-08-01,baseline
C06295,P09535,2025-01-01,2026-08-01,baseline
C06296,P08201,2025-01-01,2026-08-01,baseline
C06297,P02949,2025-01-01,2026-08-01,baseline
C06298,P07847,2025-01-01,2026-08-01,baseline
C06299,P02977,2025-01-01,2026-08-01,baseline
C06300,P00173,2025-01-01,2026-08-01,baseline
C06301,P03954,2025-01-01,2026-08-01,baseline
C06302,P08758,2025-01-01,2026-08-01,baseline
C06303,P09947,2025-01-01,2026-08-01,baseline
C06304,P00977,2025-01-01,2026-08-01,baseline
C06305,P03751,2025-01-01,2026-08-01,baseline
C06306,P06851,2025-01-01,2026-08-01,baseline
C06307,P09177,2025-01-01,2026-08-01,baseline
C06308,P01880,2025-01-01,2026-08-01,baseline
C06309,P04907,2025-01-01,2026-08-01,baseline
C06310,P05634,2025-01-01,2026-08-01,baseline
C06311,P08514,2025-01-01,2026-08-01,baseline
C06312,P05601,2025-01-01,2026-08-01,baseline
C06313,P06623,2025-01-01,2026-08-01,baseline
C06314,P06951,2025-01-01,2026-08-01,baseline
C06315,P00769,2025-01-01,2026-08-01,baseline
C06316,P06523,2025-01-01,2026-08-01,baseline
C06317,P02734,2025-01-01,2026-08-01,baseline
C06318,P06940,2025-01-01,2026-08-01,baseline
C06319,P07271,2025-01-01,2026-08-01,baseline
C06320,P07108,2025-01-01,2026-08-01,baseline
C06321,P08764,2025-01-01,2026-08-01,baseline
C06322,P03221,2025-01-01,2026-08-01,baseline
C06323,P07579,2025-01-01,2026-08-01,baseline
C06324,P00267,2025-01-01,2026-08-01,baseline
C06325,P05876,2025-01-01,2026-08-01,baseline
C06326,P03176,2025-01-01,2026-08-01,baseline
C06327,P04514,2025-01-01,2026-08-01,baseline
C06328,P06489,2025-01-01,2026-08-01,baseline
C06329,P09797,2025-01-01,2026-08-01,baseline
C06330,P04626,2025-01-01,2026-08-01,baseline
C06331,P07907,2025-01-01,2026-08-01,baseline
C06332,P08709,2025-01-01,2026-08-01,baseline
C06333,P00105,2025-01-01,2026-08-01,baseline
C06334,P06614,2025-01-01,2026-08-01,baseline
C06335,P08667,2025-01-01,2026-08-01,baseline
C06336,P01480,2025-01-01,2026-08-01,baseline
C06337,P05196,2025-01-01,2026-08-01,baseline
C06338,P05461,2025-01-01,2026-08-01,baseline
C06339,P09864,2025-01-01,2026-08-01,baseline
C06340,P06060,2025-01-01,2026-08-01,baseline
C06341,P06335,2025-01-01,2026-08-01,baseline
C06342,P09837,2025-01-01,2026-08-01,baseline
C06343,P05231,2025-01-01,2026-08-01,baseline
C06344,P00986,2025-01-01,2026-08-01,baseline
C06345,P00809,2025-01-01,2026-08-01,baseline
C06346,P03902,2025-01-01,2026-08-01,baseline
C06347,P00416,2025-01-01,2026-08-01,baseline
C06348,P01801,2025-01-01,2026-08-01,baseline
C06349,P00786,2025-01-01,2026-08-01,baseline
C06350,P01467,2025-01-01,2026-08-01,baseline
C06351,P01208,2025-01-01,2026-08-01,baseline
C06352,P00762,2025-01-01,2026-08-01,baseline
C06353,P09738,2025-01-01,2026-08-01,baseline
C06354,P04609,2025-01-01,2026-08-01,baseline
C06355,P06262,2025-01-01,2026-08-01,baseline
C06356,P06647,2025-01-01,2026-08-01,baseline
C06357,P00577,2025-01-01,2026-08-01,baseline
C06358,P03972,2025-01-01,2026-08-01,baseline
C06359,P03654,2025-01-01,2026-08-01,baseline
C06360,P06559,2025-01-01,2026-08-01,baseline
C06361,P05492,2025-01-01,2026-08-01,baseline
C06362,P04966,2025-01-01,2026-08-01,baseline
C06363,P06815,2025-01-01,2026-08-01,baseline
C06364,P08196,2025-01-01,2026-08-01,baseline
C06365,P05093,2025-01-01,2026-08-01,baseline
C06366,P01847,2025-01-01,2026-08-01,baseline
C06367,P08565,2025-01-01,2026-08-01,baseline
C06368,P09283,2025-01-01,2026-08-01,baseline
C06369,P01322,2025-01-01,2026-08-01,baseline
C06370,P02355,2025-01-01,2026-08-01,baseline
C06371,P08222,2025-01-01,2026-08-01,baseline
C06372,P03823,2025-01-01,2026-08-01,baseline
C06373,P05249,2025-01-01,2026-08-01,baseline
C06374,P04073,2025-01-01,2026-08-01,baseline
C06375,P02208,2025-01-01,2026-08-01,baseline
C06376,P02774,2025-01-01,2026-08-01,baseline
C06377,P02976,2025-01-01,2026-08-01,baseline
C06378,P09078,2025-01-01,2026-08-01,baseline
C06379,P08150,2025-01-01,2026-08-01,baseline
C06380,P09749,2025-01-01,2026-08-01,baseline
C06381,P01287,2025-01-01,2026-08-01,baseline
C06382,P00114,2025-01-01,2026-08-01,baseline
C06383,P02141,2025-01-01,2026-08-01,baseline
C06384,P00887,2025-01-01,2026-08-01,baseline
C06385,P02299,2025-01-01,2026-08-01,baseline
C06386,P04268,2025-01-01,2026-08-01,baseline
C06387,P07976,2025-01-01,2026-08-01,baseline
C06388,P02684,2025-01-01,2026-08-01,baseline
C06389,P09640,2025-01-01,2026-08-01,baseline
C06390,P02566,2025-01-01,2026-08-01,baseline
C06391,P01399,2025-01-01,2026-08-01,baseline
C06392,P02489,2025-01-01,2026-08-01,baseline
C06393,P02946,2025-01-01,2026-08-01,baseline
C06394,P09695,2025-01-01,2026-08-01,baseline
C06395,P08331,2025-01-01,2026-08-01,baseline
C06396,P04585,2025-01-01,2026-08-01,baseline
C06397,P09762,2025-01-01,2026-08-01,baseline
C06398,P07926,2025-01-01,2026-08-01,baseline
C06399,P01912,2025-01-01,2026-08-01,baseline
C06400,P01871,2025-01-01,2026-08-01,baseline
C06401,P07337,2025-01-01,2026-08-01,baseline
C06402,P04887,2025-01-01,2026-08-01,baseline
C06403,P04251,2025-01-01,2026-08-01,baseline
C06404,P02333,2025-01-01,2026-08-01,baseline
C06405,P03543,2025-01-01,2026-08-01,baseline
C06406,P01889,2025-01-01,2026-08-01,baseline
C06407,P05997,2025-01-01,2026-08-01,baseline
C06408,P06732,2025-01-01,2026-08-01,baseline
C06409,P00269,2025-01-01,2026-08-01,baseline
C06410,P04399,2025-01-01,2026-08-01,baseline
C06411,P02531,2025-01-01,2026-08-01,baseline
C06412,P09514,2025-01-01,2026-08-01,baseline
C06413,P05570,2025-01-01,2026-08-01,baseline
C06414,P03055,2025-01-01,2026-08-01,baseline
C06415,P00849,2025-01-01,2026-08-01,baseline
C06416,P04746,2025-01-01,2026-08-01,baseline
C06417,P08718,2025-01-01,2026-08-01,baseline
C06418,P02886,2025-01-01,2026-08-01,baseline
C06419,P01476,2025-01-01,2026-08-01,baseline
C06420,P09089,2025-01-01,2026-08-01,baseline
C06421,P08097,2025-01-01,2026-08-01,baseline
C06422,P04511,2025-01-01,2026-08-01,baseline
C06423,P04582,2025-01-01,2026-08-01,baseline
C06424,P03083,2025-01-01,2026-08-01,baseline
C06425,P08504,2025-01-01,2026-08-01,baseline
C06426,P05256,2025-01-01,2026-08-01,baseline
C06427,P05360,2025-01-01,2026-08-01,baseline
C06428,P09638,2025-01-01,2026-08-01,baseline
C06429,P06134,2025-01-01,2026-08-01,baseline
C06430,P02466,2025-01-01,2026-08-01,baseline
C06431,P02741,2025-01-01,2026-08-01,baseline
C06432,P02547,2025-01-01,2026-08-01,baseline
C06433,P08259,2025-01-01,2026-08-01,baseline
C06434,P04340,2025-01-01,2026-08-01,baseline
C06435,P06468,2025-01-01,2026-08-01,baseline
C06436,P04199,2025-01-01,2026-08-01,baseline
C06437,P00405,2025-01-01,2026-08-01,baseline
C06438,P04824,2025-01-01,2026-08-01,baseline
C06439,P03845,2025-01-01,2026-08-01,baseline
C06440,P01301,2025-01-01,2026-08-01,baseline
C06441,P05534,2025-01-01,2026-08-01,baseline
C06442,P00722,2025-01-01,2026-08-01,baseline
C06443,P07225,2025-01-01,2026-08-01,baseline
C06444,P07699,2025-01-01,2026-08-01,baseline
C06445,P01361,2025-01-01,2026-08-01,baseline
C06446,P06104,2025-01-01,2026-08-01,baseline
C06447,P06205,2025-01-01,2026-08-01,baseline
C06448,P06451,2025-01-01,2026-08-01,baseline
C06449,P01397,2025-01-01,2026-08-01,baseline
C06450,P07067,2025-01-01,2026-08-01,baseline
C06451,P03824,2025-01-01,2026-08-01,baseline
C06452,P06122,2025-01-01,2026-08-01,baseline
C06453,P08592,2025-01-01,2026-08-01,baseline
C06454,P00604,2025-01-01,2026-08-01,baseline
C06455,P01966,2025-01-01,2026-08-01,baseline
C06456,P06425,2025-01-01,2026-08-01,baseline
C06457,P09944,2025-01-01,2026-08-01,baseline
C06458,P00832,2025-01-01,2026-08-01,baseline
C06459,P02197,2025-01-01,2026-08-01,baseline
C06460,P06948,2025-01-01,2026-08-01,baseline
C06461,P05511,2025-01-01,2026-08-01,baseline
C06462,P04184,2025-01-01,2026-08-01,baseline
C06463,P08087,2025-01-01,2026-08-01,baseline
C06464,P08993,2025-01-01,2026-08-01,baseline
C06465,P00907,2025-01-01,2026-08-01,baseline
C06466,P04765,2025-01-01,2026-08-01,baseline
C06467,P01841,2025-01-01,2026-08-01,baseline
C06468,P05695,2025-01-01,2026-08-01,baseline
C06469,P02751,2025-01-01,2026-08-01,baseline
C06470,P01033,2025-01-01,2026-08-01,baseline
C06471,P03971,2025-01-01,2026-08-01,baseline
C06472,P03808,2025-01-01,2026-08-01,baseline
C06473,P01265,2025-01-01,2026-08-01,baseline
C06474,P01591,2025-01-01,2026-08-01,baseline
C06475,P08752,2025-01-01,2026-08-01,baseline
C06476,P07035,2025-01-01,2026-08-01,baseline
C06477,P00155,2025-01-01,2026-08-01,baseline
C06478,P04310,2025-01-01,2026-08-01,baseline
C06479,P06585,2025-01-01,2026-08-01,baseline
C06480,P04646,2025-01-01,2026-08-01,baseline
C06481,P03603,2025-01-01,2026-08-01,baseline
C06482,P02435,2025-01-01,2026-08-01,baseline
C06483,P03071,2025-01-01,2026-08-01,baseline
C06484,P01724,2025-01-01,2026-08-01,baseline
C06485,P08952,2025-01-01,2026-08-01,baseline
C06486,P00685,2025-01-01,2026-08-01,baseline
C06487,P00492,2025-01-01,2026-08-01,baseline
C06488,P05133,2025-01-01,2026-08-01,baseline
C06489,P00427,2025-01-01,2026-08-01,baseline
C06490,P06043,2025-01-01,2026-08-01,baseline
C06491,P02019,2025-01-01,2026-08-01,baseline
C06492,P00034,2025-01-01,2026-08-01,baseline
C06493,P07230,2025-01-01,2026-08-01,baseline
C06494,P01024,2025-01-01,2026-08-01,baseline
C06495,P04328,2025-01-01,2026-08-01,baseline
C06496,P08323,2025-01-01,2026-08-01,baseline
C06497,P02850,2025-01-01,2026-08-01,baseline
C06498,P03289,2025-01-01,2026-08-01,baseline
C06499,P00095,2025-01-01,2026-08-01,baseline
C06500,P03798,2025-01-01,2026-08-01,baseline
C06501,P00491,2025-01-01,2026-08-01,baseline
C06502,P08888,2025-01-01,2026-08-01,baseline
C06503,P08019,2025-01-01,2026-08-01,baseline
C06504,P05660,2025-01-01,2026-08-01,baseline
C06505,P04643,2025-01-01,2026-08-01,baseline
C06506,P02394,2025-01-01,2026-08-01,baseline
C06507,P05117,2025-01-01,2026-08-01,baseline
C06508,P08465,2025-01-01,2026-08-01,baseline
C06509,P01480,2025-01-01,2026-08-01,baseline
C06510,P07373,2025-01-01,2026-08-01,baseline
C06511,P07647,2025-01-01,2026-08-01,baseline
C06512,P00229,2025-01-01,2026-08-01,baseline
C06513,P06046,2025-01-01,2026-08-01,baseline
C06514,P07512,2025-01-01,2026-08-01,baseline
C06515,P04689,2025-01-01,2026-08-01,baseline
C06516,P04612,2025-01-01,2026-08-01,baseline
C06517,P05731,2025-01-01,2026-08-01,baseline
C06518,P06154,2025-01-01,2026-08-01,baseline
C06519,P08634,2025-01-01,2026-08-01,baseline
C06520,P05015,2025-01-01,2026-08-01,baseline
C06521,P09429,2025-01-01,2026-08-01,baseline
C06522,P01251,2025-01-01,2026-08-01,baseline
C06523,P01442,2025-01-01,2026-08-01,baseline
C06524,P06974,2025-01-01,2026-08-01,baseline
C06525,P03188,2025-01-01,2026-08-01,baseline
C06526,P09936,2025-01-01,2026-08-01,baseline
C06527,P06259,2025-01-01,2026-08-01,baseline
C06528,P09927,2025-01-01,2026-08-01,baseline
C06529,P04680,2025-01-01,2026-08-01,baseline
C06530,P06263,2025-01-01,2026-08-01,baseline
C06531,P05305,2025-01-01,2026-08-01,baseline
C06532,P01754,2025-01-01,2026-08-01,baseline
C06533,P03269,2025-01-01,2026-08-01,baseline
C06534,P08422,2025-01-01,2026-08-01,baseline
C06535,P05959,2025-01-01,2026-08-01,baseline
C06536,P07458,2025-01-01,2026-08-01,baseline
C06537,P06539,2025-01-01,2026-08-01,baseline
C06538,P09313,2025-01-01,2026-08-01,baseline
C06539,P00332,2025-01-01,2026-08-01,baseline
C06540,P06725,2025-01-01,2026-08-01,baseline
C06541,P03333,2025-01-01,2026-08-01,baseline
C06542,P02127,2025-01-01,2026-08-01,baseline
C06543,P02910,2025-01-01,2026-08-01,baseline
C06544,P04434,2025-01-01,2026-08-01,baseline
C06545,P04277,2025-01-01,2026-08-01,baseline
C06546,P00008,2025-01-01,2026-08-01,baseline
C06547,P01455,2025-01-01,2026-08-01,baseline
C06548,P02876,2025-01-01,2026-08-01,baseline
C06549,P06199,2025-01-01,2026-08-01,baseline
C06550,P09405,2025-01-01,2026-08-01,baseline
C06551,P01606,2025-01-01,2026-08-01,baseline
C06552,P03132,2025-01-01,2026-08-01,baseline
C06553,P00716,2025-01-01,2026-08-01,baseline
C06554,P03551,2025-01-01,2026-08-01,baseline
C06555,P03509,2025-01-01,2026-08-01,baseline
C06556,P09690,2025-01-01,2026-08-01,baseline
C06557,P07803,2025-01-01,2026-08-01,baseline
C06558,P09848,2025-01-01,2026-08-01,baseline
C06559,P06330,2025-01-01,2026-08-01,baseline
C06560,P07171,2025-01-01,2026-08-01,baseline
C06561,P01850,2025-01-01,2026-08-01,baseline
C06562,P02622,2025-01-01,2026-08-01,baseline
C06563,P00120,2025-01-01,2026-08-01,baseline
C06564,P06713,2025-01-01,2026-08-01,baseline
C06565,P00320,2025-01-01,2026-08-01,baseline
C06566,P08388,2025-01-01,2026-08-01,baseline
C06567,P06767,2025-01-01,2026-08-01,baseline
C06568,P00577,2025-01-01,2026-08-01,baseline
C06569,P06986,2025-01-01,2026-08-01,baseline
C06570,P02772,2025-01-01,2026-08-01,baseline
C06571,P01507,2025-01-01,2026-08-01,baseline
C06572,P05998,2025-01-01,2026-08-01,baseline
C06573,P08704,2025-01-01,2026-08-01,baseline
C06574,P04323,2025-01-01,2026-08-01,baseline
C06575,P03628,2025-01-01,2026-08-01,baseline
C06576,P01735,2025-01-01,2026-08-01,baseline
C06577,P06652,2025-01-01,2026-08-01,baseline
C06578,P03788,2025-01-01,2026-08-01,baseline
C06579,P05464,2025-01-01,2026-08-01,baseline
C06580,P03668,2025-01-01,2026-08-01,baseline
C06581,P06373,2025-01-01,2026-08-01,baseline
C06582,P04562,2025-01-01,2026-08-01,baseline
C06583,P05777,2025-01-01,2026-08-01,baseline
C06584,P06012,2025-01-01,2026-08-01,baseline
C06585,P02088,2025-01-01,2026-08-01,baseline
C06586,P06906,2025-01-01,2026-08-01,baseline
C06587,P00701,2025-01-01,2026-08-01,baseline
C06588,P00425,2025-01-01,2026-08-01,baseline
C06589,P00877,2025-01-01,2026-08-01,baseline
C06590,P09323,2025-01-01,2026-08-01,baseline
C06591,P00608,2025-01-01,2026-08-01,baseline
C06592,P07247,2025-01-01,2026-08-01,baseline
C06593,P04499,2025-01-01,2026-08-01,baseline
C06594,P04231,2025-01-01,2026-08-01,baseline
C06595,P01200,2025-01-01,2026-08-01,baseline
C06596,P00766,2025-01-01,2026-08-01,baseline
C06597,P02030,2025-01-01,2026-08-01,baseline
C06598,P02890,2025-01-01,2026-08-01,baseline
C06599,P03628,2025-01-01,2026-08-01,baseline
C06600,P07111,2025-01-01,2026-08-01,baseline
C06601,P08986,2025-01-01,2026-08-01,baseline
C06602,P07911,2025-01-01,2026-08-01,baseline
C06603,P03745,2025-01-01,2026-08-01,baseline
C06604,P07393,2025-01-01,2026-08-01,baseline
C06605,P01591,2025-01-01,2026-08-01,baseline
C06606,P05048,2025-01-01,2026-08-01,baseline
C06607,P01770,2025-01-01,2026-08-01,baseline
C06608,P01048,2025-01-01,2026-08-01,baseline
C06609,P06119,2025-01-01,2026-08-01,baseline
C06610,P04394,2025-01-01,2026-08-01,baseline
C06611,P05116,2025-01-01,2026-08-01,baseline
C06612,P06965,2025-01-01,2026-08-01,baseline
C06613,P05631,2025-01-01,2026-08-01,baseline
C06614,P03664,2025-01-01,2026-08-01,baseline
C06615,P04652,2025-01-01,2026-08-01,baseline
C06616,P07825,2025-01-01,2026-08-01,baseline
C06617,P01246,2025-01-01,2026-08-01,baseline
C06618,P03331,2025-01-01,2026-08-01,baseline
C06619,P06040,2025-01-01,2026-08-01,baseline
C06620,P04241,2025-01-01,2026-08-01,baseline
C06621,P05719,2025-01-01,2026-08-01,baseline
C06622,P04877,2025-01-01,2026-08-01,baseline
C06623,P08123,2025-01-01,2026-08-01,baseline
C06624,P05516,2025-01-01,2026-08-01,baseline
C06625,P04032,2025-01-01,2026-08-01,baseline
C06626,P07863,2025-01-01,2026-08-01,baseline
C06627,P03268,2025-01-01,2026-08-01,baseline
C06628,P08106,2025-01-01,2026-08-01,baseline
C06629,P02420,2025-01-01,2026-08-01,baseline
C06630,P04852,2025-01-01,2026-08-01,baseline
C06631,P01481,2025-01-01,2026-08-01,baseline
C06632,P07194,2025-01-01,2026-08-01,baseline
C06633,P03815,2025-01-01,2026-08-01,baseline
C06634,P09079,2025-01-01,2026-08-01,baseline
C06635,P01802,2025-01-01,2026-08-01,baseline
C06636,P01796,2025-01-01,2026-08-01,baseline
C06637,P00263,2025-01-01,2026-08-01,baseline
C06638,P08951,2025-01-01,2026-08-01,baseline
C06639,P04664,2025-01-01,2026-08-01,baseline
C06640,P06692,2025-01-01,2026-08-01,baseline
C06641,P05493,2025-01-01,2026-08-01,baseline
C06642,P09485,2025-01-01,2026-08-01,baseline
C06643,P02100,2025-01-01,2026-08-01,baseline
C06644,P09789,2025-01-01,2026-08-01,baseline
C06645,P07035,2025-01-01,2026-08-01,baseline
C06646,P05416,2025-01-01,2026-08-01,baseline
C06647,P08512,2025-01-01,2026-08-01,baseline
C06648,P00417,2025-01-01,2026-08-01,baseline
C06649,P09735,2025-01-01,2026-08-01,baseline
C06650,P07307,2025-01-01,2026-08-01,baseline
C06651,P01615,2025-01-01,2026-08-01,baseline
C06652,P01299,2025-01-01,2026-08-01,baseline
C06653,P00235,2025-01-01,2026-08-01,baseline
C06654,P00892,2025-01-01,2026-08-01,baseline
C06655,P00131,2025-01-01,2026-08-01,baseline
C06656,P07706,2025-01-01,2026-08-01,baseline
C06657,P05730,2025-01-01,2026-08-01,baseline
C06658,P08589,2025-01-01,2026-08-01,baseline
C06659,P09201,2025-01-01,2026-08-01,baseline
C06660,P05815,2025-01-01,2026-08-01,baseline
C06661,P01136,2025-01-01,2026-08-01,baseline
C06662,P03441,2025-01-01,2026-08-01,baseline
C06663,P09890,2025-01-01,2026-08-01,baseline
C06664,P09455,2025-01-01,2026-08-01,baseline
C06665,P05956,2025-01-01,2026-08-01,baseline
C06666,P03777,2025-01-01,2026-08-01,baseline
C06667,P03950,2025-01-01,2026-08-01,baseline
C06668,P06871,2025-01-01,2026-08-01,baseline
C06669,P08308,2025-01-01,2026-08-01,baseline
C06670,P03833,2025-01-01,2026-08-01,baseline
C06671,P00146,2025-01-01,2026-08-01,baseline
C06672,P09090,2025-01-01,2026-08-01,baseline
C06673,P01738,2025-01-01,2026-08-01,baseline
C06674,P06649,2025-01-01,2026-08-01,baseline
C06675,P00959,2025-01-01,2026-08-01,baseline
C06676,P05104,2025-01-01,2026-08-01,baseline
C06677,P09610,2025-01-01,2026-08-01,baseline
C06678,P03572,2025-01-01,2026-08-01,baseline
C06679,P00651,2025-01-01,2026-08-01,baseline
C06680,P03117,2025-01-01,2026-08-01,baseline
C06681,P06028,2025-01-01,2026-08-01,baseline
C06682,P01179,2025-01-01,2026-08-01,baseline
C06683,P00706,2025-01-01,2026-08-01,baseline
C06684,P01844,2025-01-01,2026-08-01,baseline
C06685,P02530,2025-01-01,2026-08-01,baseline
C06686,P09706,2025-01-01,2026-08-01,baseline
C06687,P09303,2025-01-01,2026-08-01,baseline
C06688,P02063,2025-01-01,2026-08-01,baseline
C06689,P01864,2025-01-01,2026-08-01,baseline
C06690,P02072,2025-01-01,2026-08-01,baseline
C06691,P02018,2025-01-01,2026-08-01,baseline
C06692,P04809,2025-01-01,2026-08-01,baseline
C06693,P03005,2025-01-01,2026-08-01,baseline
C06694,P06160,2025-01-01,2026-08-01,baseline
C06695,P09337,2025-01-01,2026-08-01,baseline
C06696,P04072,2025-01-01,2026-08-01,baseline
C06697,P02693,2025-01-01,2026-08-01,baseline
C06698,P07283,2025-01-01,2026-08-01,baseline
C06699,P05299,2025-01-01,2026-08-01,baseline
C06700,P02837,2025-01-01,2026-08-01,baseline
C06701,P02909,2025-01-01,2026-08-01,baseline
C06702,P06904,2025-01-01,2026-08-01,baseline
C06703,P07489,2025-01-01,2026-08-01,baseline
C06704,P08502,2025-01-01,2026-08-01,baseline
C06705,P08469,2025-01-01,2026-08-01,baseline
C06706,P00654,2025-01-01,2026-08-01,baseline
C06707,P02167,2025-01-01,2026-08-01,baseline
C06708,P08898,2025-01-01,2026-08-01,baseline
C06709,P02450,2025-01-01,2026-08-01,baseline
C06710,P01321,2025-01-01,2026-08-01,baseline
C06711,P02145,2025-01-01,2026-08-01,baseline
C06712,P03766,2025-01-01,2026-08-01,baseline
C06713,P08487,2025-01-01,2026-08-01,baseline
C06714,P01442,2025-01-01,2026-08-01,baseline
C06715,P06685,2025-01-01,2026-08-01,baseline
C06716,P06663,2025-01-01,2026-08-01,baseline
C06717,P01297,2025-01-01,2026-08-01,baseline
C06718,P00207,2025-01-01,2026-08-01,baseline
C06719,P04216,2025-01-01,2026-08-01,baseline
C06720,P00519,2025-01-01,2026-08-01,baseline
C06721,P06227,2025-01-01,2026-08-01,baseline
C06722,P07347,2025-01-01,2026-08-01,baseline
C06723,P09635,2025-01-01,2026-08-01,baseline
C06724,P09088,2025-01-01,2026-08-01,baseline
C06725,P09491,2025-01-01,2026-08-01,baseline
C06726,P01863,2025-01-01,2026-08-01,baseline
C06727,P05668,2025-01-01,2026-08-01,baseline
C06728,P06112,2025-01-01,2026-08-01,baseline
C06729,P08414,2025-01-01,2026-08-01,baseline
C06730,P09383,2025-01-01,2026-08-01,baseline
C06731,P03909,2025-01-01,2026-08-01,baseline
C06732,P07606,2025-01-01,2026-08-01,baseline
C06733,P05585,2025-01-01,2026-08-01,baseline
C06734,P08092,2025-01-01,2026-08-01,baseline
C06735,P01043,2025-01-01,2026-08-01,baseline
C06736,P01669,2025-01-01,2026-08-01,baseline
C06737,P01988,2025-01-01,2026-08-01,baseline
C06738,P06843,2025-01-01,2026-08-01,baseline
C06739,P04464,2025-01-01,2026-08-01,baseline
C06740,P00938,2025-01-01,2026-08-01,baseline
C06741,P02659,2025-01-01,2026-08-01,baseline
C06742,P00699,2025-01-01,2026-08-01,baseline
C06743,P07155,2025-01-01,2026-08-01,baseline
C06744,P04483,2025-01-01,2026-08-01,baseline
C06745,P00546,2025-01-01,2026-08-01,baseline
C06746,P00726,2025-01-01,2026-08-01,baseline
C06747,P01035,2025-01-01,2026-08-01,baseline
C06748,P03381,2025-01-01,2026-08-01,baseline
C06749,P05459,2025-01-01,2026-08-01,baseline
C06750,P09133,2025-01-01,2026-08-01,baseline
C06751,P00911,2025-01-01,2026-08-01,baseline
C06752,P08402,2025-01-01,2026-08-01,baseline
C06753,P03640,2025-01-01,2026-08-01,baseline
C06754,P05433,2025-01-01,2026-08-01,baseline
C06755,P02486,2025-01-01,2026-08-01,baseline
C06756,P03386,2025-01-01,2026-08-01,baseline
C06757,P00168,2025-01-01,2026-08-01,baseline
C06758,P09078,2025-01-01,2026-08-01,baseline
C06759,P04488,2025-01-01,2026-08-01,baseline
C06760,P05078,2025-01-01,2026-08-01,baseline
C06761,P08624,2025-01-01,2026-08-01,baseline
C06762,P06762,2025-01-01,2026-08-01,baseline
C06763,P09640,2025-01-01,2026-08-01,baseline
C06764,P00820,2025-01-01,2026-08-01,baseline
C06765,P08040,2025-01-01,2026-08-01,baseline
C06766,P05578,2025-01-01,2026-08-01,baseline
C06767,P07225,2025-01-01,2026-08-01,baseline
C06768,P00975,2025-01-01,2026-08-01,baseline
C06769,P00538,2025-01-01,2026-08-01,baseline
C06770,P03095,2025-01-01,2026-08-01,baseline
C06771,P01387,2025-01-01,2026-08-01,baseline
C06772,P05814,2025-01-01,2026-08-01,baseline
C06773,P05776,2025-01-01,2026-08-01,baseline
C06774,P06467,2025-01-01,2026-08-01,baseline
C06775,P02296,2025-01-01,2026-08-01,baseline
C06776,P00317,2025-01-01,2026-08-01,baseline
C06777,P05920,2025-01-01,2026-08-01,baseline
C06778,P00650,2025-01-01,2026-08-01,baseline
C06779,P05018,2025-01-01,2026-08-01,baseline
C06780,P09340,2025-01-01,2026-08-01,baseline
C06781,P00053,2025-01-01,2026-08-01,baseline
C06782,P07553,2025-01-01,2026-08-01,baseline
C06783,P05874,2025-01-01,2026-08-01,baseline
C06784,P05177,2025-01-01,2026-08-01,baseline
C06785,P02053,2025-01-01,2026-08-01,baseline
C06786,P00868,2025-01-01,2026-08-01,baseline
C06787,P01533,2025-01-01,2026-08-01,baseline
C06788,P06036,2025-01-01,2026-08-01,baseline
C06789,P06786,2025-01-01,2026-08-01,baseline
C06790,P00422,2025-01-01,2026-08-01,baseline
C06791,P03312,2025-01-01,2026-08-01,baseline
C06792,P05752,2025-01-01,2026-08-01,baseline
C06793,P08970,2025-01-01,2026-08-01,baseline
C06794,P00997,2025-01-01,2026-08-01,baseline
C06795,P06957,2025-01-01,2026-08-01,baseline
C06796,P00494,2025-01-01,2026-08-01,baseline
C06797,P03181,2025-01-01,2026-08-01,baseline
C06798,P05141,2025-01-01,2026-08-01,baseline
C06799,P07809,2025-01-01,2026-08-01,baseline
C06800,P03161,2025-01-01,2026-08-01,baseline
C06801,P01559,2025-01-01,2026-08-01,baseline
C06802,P08354,2025-01-01,2026-08-01,baseline
C06803,P07508,2025-01-01,2026-08-01,baseline
C06804,P05206,2025-01-01,2026-08-01,baseline
C06805,P09168,2025-01-01,2026-08-01,baseline
C06806,P01347,2025-01-01,2026-08-01,baseline
C06807,P01718,2025-01-01,2026-08-01,baseline
C06808,P04513,2025-01-01,2026-08-01,baseline
C06809,P02920,2025-01-01,2026-08-01,baseline
C06810,P09504,2025-01-01,2026-08-01,baseline
C06811,P04728,2025-01-01,2026-08-01,baseline
C06812,P05877,2025-01-01,2026-08-01,baseline
C06813,P07205,2025-01-01,2026-08-01,baseline
C06814,P01767,2025-01-01,2026-08-01,baseline
C06815,P00647,2025-01-01,2026-08-01,baseline
C06816,P04662,2025-01-01,2026-08-01,baseline
C06817,P05967,2025-01-01,2026-08-01,baseline
C06818,P06598,2025-01-01,2026-08-01,baseline
C06819,P03734,2025-01-01,2026-08-01,baseline
C06820,P08354,2025-01-01,2026-08-01,baseline
C06821,P08990,2025-01-01,2026-08-01,baseline
C06822,P01948,2025-01-01,2026-08-01,baseline
C06823,P09992,2025-01-01,2026-08-01,baseline
C06824,P02612,2025-01-01,2026-08-01,baseline
C06825,P00700,2025-01-01,2026-08-01,baseline
C06826,P08396,2025-01-01,2026-08-01,baseline
C06827,P09938,2025-01-01,2026-08-01,baseline
C06828,P03551,2025-01-01,2026-08-01,baseline
C06829,P01714,2025-01-01,2026-08-01,baseline
C06830,P00974,2025-01-01,2026-08-01,baseline
C06831,P02101,2025-01-01,2026-08-01,baseline
C06832,P01594,2025-01-01,2026-08-01,baseline
C06833,P03461,2025-01-01,2026-08-01,baseline
C06834,P03457,2025-01-01,2026-08-01,baseline
C06835,P01807,2025-01-01,2026-08-01,baseline
C06836,P06049,2025-01-01,2026-08-01,baseline
C06837,P01779,2025-01-01,2026-08-01,baseline
C06838,P08719,2025-01-01,2026-08-01,baseline
C06839,P00714,2025-01-01,2026-08-01,baseline
C06840,P05847,2025-01-01,2026-08-01,baseline
C06841,P00336,2025-01-01,2026-08-01,baseline
C06842,P04190,2025-01-01,2026-08-01,baseline
C06843,P04485,2025-01-01,2026-08-01,baseline
C06844,P04924,2025-01-01,2026-08-01,baseline
C06845,P00120,2025-01-01,2026-08-01,baseline
C06846,P05884,2025-01-01,2026-08-01,baseline
C06847,P05449,2025-01-01,2026-08-01,baseline
C06848,P09122,2025-01-01,2026-08-01,baseline
C06849,P04347,2025-01-01,2026-08-01,baseline
C06850,P06566,2025-01-01,2026-08-01,baseline
C06851,P05983,2025-01-01,2026-08-01,baseline
C06852,P02697,2025-01-01,2026-08-01,baseline
C06853,P04091,2025-01-01,2026-08-01,baseline
C06854,P01610,2025-01-01,2026-08-01,baseline
C06855,P09211,2025-01-01,2026-08-01,baseline
C06856,P04491,2025-01-01,2026-08-01,baseline
C06857,P06083,2025-01-01,2026-08-01,baseline
C06858,P03605,2025-01-01,2026-08-01,baseline
C06859,P09067,2025-01-01,2026-08-01,baseline
C06860,P01607,2025-01-01,2026-08-01,baseline
C06861,P06575,2025-01-01,2026-08-01,baseline
C06862,P03772,2025-01-01,2026-08-01,baseline
C06863,P06691,2025-01-01,2026-08-01,baseline
C06864,P03990,2025-01-01,2026-08-01,baseline
C06865,P02160,2025-01-01,2026-08-01,baseline
C06866,P00144,2025-01-01,2026-08-01,baseline
C06867,P07302,2025-01-01,2026-08-01,baseline
C06868,P05219,2025-01-01,2026-08-01,baseline
C06869,P00384,2025-01-01,2026-08-01,baseline
C06870,P07780,2025-01-01,2026-08-01,baseline
C06871,P01160,2025-01-01,2026-08-01,baseline
C06872,P00682,2025-01-01,2026-08-01,baseline
C06873,P03951,2025-01-01,2026-08-01,baseline
C06874,P09769,2025-01-01,2026-08-01,baseline
C06875,P06646,2025-01-01,2026-08-01,baseline
C06876,P08412,2025-01-01,2026-08-01,baseline
C06877,P09732,2025-01-01,2026-08-01,baseline
C06878,P08502,2025-01-01,2026-08-01,baseline
C06879,P08356,2025-01-01,2026-08-01,baseline
C06880,P04514,2025-01-01,2026-08-01,baseline
C06881,P07096,2025-01-01,2026-08-01,baseline
C06882,P04022,2025-01-01,2026-08-01,baseline
C06883,P02720,2025-01-01,2026-08-01,baseline
C06884,P09888,2025-01-01,2026-08-01,baseline
C06885,P05709,2025-01-01,2026-08-01,baseline
C06886,P07629,2025-01-01,2026-08-01,baseline
C06887,P08683,2025-01-01,2026-08-01,baseline
C06888,P09591,2025-01-01,2026-08-01,baseline
C06889,P04335,2025-01-01,2026-08-01,baseline
C06890,P02214,2025-01-01,2026-08-01,baseline
C06891,P09169,2025-01-01,2026-08-01,baseline
C06892,P05805,2025-01-01,2026-08-01,baseline
C06893,P04587,2025-01-01,2026-08-01,baseline
C06894,P05022,2025-01-01,2026-08-01,baseline
C06895,P03593,2025-01-01,2026-08-01,baseline
C06896,P02373,2025-01-01,2026-08-01,baseline
C06897,P06301,2025-01-01,2026-08-01,baseline
C06898,P00234,2025-01-01,2026-08-01,baseline
C06899,P02618,2025-01-01,2026-08-01,baseline
C06900,P06024,2025-01-01,2026-08-01,baseline
C06901,P07432,2025-01-01,2026-08-01,baseline
C06902,P08529,2025-01-01,2026-08-01,baseline
C06903,P05216,2025-01-01,2026-08-01,baseline
C06904,P02681,2025-01-01,2026-08-01,baseline
C06905,P03376,2025-01-01,2026-08-01,baseline
C06906,P02804,2025-01-01,2026-08-01,baseline
C06907,P06725,2025-01-01,2026-08-01,baseline
C06908,P08105,2025-01-01,2026-08-01,baseline
C06909,P06534,2025-01-01,2026-08-01,baseline
C06910,P01972,2025-01-01,2026-08-01,baseline
C06911,P08435,2025-01-01,2026-08-01,baseline
C06912,P03468,2025-01-01,2026-08-01,baseline
C06913,P01551,2025-01-01,2026-08-01,baseline
C06914,P01442,2025-01-01,2026-08-01,baseline
C06915,P03563,2025-01-01,2026-08-01,baseline
C06916,P04994,2025-01-01,2026-08-01,baseline
C06917,P01565,2025-01-01,2026-08-01,baseline
C06918,P04828,2025-01-01,2026-08-01,baseline
C06919,P09382,2025-01-01,2026-08-01,baseline
C06920,P06748,2025-01-01,2026-08-01,baseline
C06921,P08985,2025-01-01,2026-08-01,baseline
C06922,P06735,2025-01-01,2026-08-01,baseline
C06923,P00972,2025-01-01,2026-08-01,baseline
C06924,P06397,2025-01-01,2026-08-01,baseline
C06925,P05060,2025-01-01,2026-08-01,baseline
C06926,P03047,2025-01-01,2026-08-01,baseline
C06927,P06843,2025-01-01,2026-08-01,baseline
C06928,P04482,2025-01-01,2026-08-01,baseline
C06929,P07064,2025-01-01,2026-08-01,baseline
C06930,P03541,2025-01-01,2026-08-01,baseline
C06931,P09810,2025-01-01,2026-08-01,baseline
C06932,P07777,2025-01-01,2026-08-01,baseline
C06933,P01245,2025-01-01,2026-08-01,baseline
C06934,P08951,2025-01-01,2026-08-01,baseline
C06935,P08731,2025-01-01,2026-08-01,baseline
C06936,P08242,2025-01-01,2026-08-01,baseline
C06937,P08886,2025-01-01,2026-08-01,baseline
C06938,P04402,2025-01-01,2026-08-01,baseline
C06939,P03296,2025-01-01,2026-08-01,baseline
C06940,P04392,2025-01-01,2026-08-01,baseline
C06941,P06132,2025-01-01,2026-08-01,baseline
C06942,P04784,2025-01-01,2026-08-01,baseline
C06943,P07590,2025-01-01,2026-08-01,baseline
C06944,P07085,2025-01-01,2026-08-01,baseline
C06945,P00883,2025-01-01,2026-08-01,baseline
C06946,P09662,2025-01-01,2026-08-01,baseline
C06947,P04088,2025-01-01,2026-08-01,baseline
C06948,P09310,2025-01-01,2026-08-01,baseline
C06949,P02717,2025-01-01,2026-08-01,baseline
C06950,P01804,2025-01-01,2026-08-01,baseline
C06951,P01108,2025-01-01,2026-08-01,baseline
C06952,P07567,2025-01-01,2026-08-01,baseline
C06953,P05770,2025-01-01,2026-08-01,baseline
C06954,P03642,2025-01-01,2026-08-01,baseline
C06955,P01770,2025-01-01,2026-08-01,baseline
C06956,P04221,2025-01-01,2026-08-01,baseline
C06957,P00270,2025-01-01,2026-08-01,baseline
C06958,P04626,2025-01-01,2026-08-01,baseline
C06959,P09278,2025-01-01,2026-08-01,baseline
C06960,P02668,2025-01-01,2026-08-01,baseline
C06961,P04746,2025-01-01,2026-08-01,baseline
C06962,P01335,2025-01-01,2026-08-01,baseline
C06963,P02810,2025-01-01,2026-08-01,baseline
C06964,P01625,2025-01-01,2026-08-01,baseline
C06965,P06166,2025-01-01,2026-08-01,baseline
C06966,P02417,2025-01-01,2026-08-01,baseline
C06967,P00378,2025-01-01,2026-08-01,baseline
C06968,P09308,2025-01-01,2026-08-01,baseline
C06969,P06746,2025-01-01,2026-08-01,baseline
C06970,P04651,2025-01-01,2026-08-01,baseline
C06971,P04222,2025-01-01,2026-08-01,baseline
C06972,P07659,2025-01-01,2026-08-01,baseline
C06973,P08163,2025-01-01,2026-08-01,baseline
C06974,P05177,2025-01-01,2026-08-01,baseline
C06975,P00746,2025-01-01,2026-08-01,baseline
C06976,P00101,2025-01-01,2026-08-01,baseline
C06977,P02853,2025-01-01,2026-08-01,baseline
C06978,P00358,2025-01-01,2026-08-01,baseline
C06979,P03213,2025-01-01,2026-08-01,baseline
C06980,P01370,2025-01-01,2026-08-01,baseline
C06981,P08295,2025-01-01,2026-08-01,baseline
C06982,P03546,2025-01-01,2026-08-01,baseline
C06983,P03601,2025-01-01,2026-08-01,baseline
C06984,P04692,2025-01-01,2026-08-01,baseline
C06985,P02926,2025-01-01,2026-08-01,baseline
C06986,P06659,2025-01-01,2026-08-01,baseline
C06987,P06286,2025-01-01,2026-08-01,baseline
C06988,P05467,2025-01-01,2026-08-01,baseline
C06989,P09393,2025-01-01,2026-08-01,baseline
C06990,P04565,2025-01-01,2026-08-01,baseline
C06991,P06086,2025-01-01,2026-08-01,baseline
C06992,P09456,2025-01-01,2026-08-01,baseline
C06993,P02682,2025-01-01,2026-08-01,baseline
C06994,P02599,2025-01-01,2026-08-01,baseline
C06995,P08933,2025-01-01,2026-08-01,baseline
C06996,P06509,2025-01-01,2026-08-01,baseline
C06997,P00685,2025-01-01,2026-08-01,baseline
C06998,P02709,2025-01-01,2026-08-01,baseline
C06999,P05946,2025-01-01,2026-08-01,baseline
C07000,P07443,2025-01-01,2026-08-01,baseline
C07001,P07321,2025-01-01,2026-08-01,baseline
C07002,P08442,2025-01-01,2026-08-01,baseline
C07003,P02468,2025-01-01,2026-08-01,baseline
C07004,P09550,2025-01-01,2026-08-01,baseline
C07005,P04961,2025-01-01,2026-08-01,baseline
C07006,P06190,2025-01-01,2026-08-01,baseline
C07007,P08235,2025-01-01,2026-08-01,baseline
C07008,P05952,2025-01-01,2026-08-01,baseline
C07009,P07969,2025-01-01,2026-08-01,baseline
C07010,P06101,2025-01-01,2026-08-01,baseline
C07011,P09311,2025-01-01,2026-08-01,baseline
C07012,P03515,2025-01-01,2026-08-01,baseline
C07013,P04022,2025-01-01,2026-08-01,baseline
C07014,P07761,2025-01-01,2026-08-01,baseline
C07015,P07553,2025-01-01,2026-08-01,baseline
C07016,P00784,2025-01-01,2026-08-01,baseline
C07017,P03969,2025-01-01,2026-08-01,baseline
C07018,P06280,2025-01-01,2026-08-01,baseline
C07019,P00732,2025-01-01,2026-08-01,baseline
C07020,P08389,2025-01-01,2026-08-01,baseline
C07021,P08077,2025-01-01,2026-08-01,baseline
C07022,P08866,2025-01-01,2026-08-01,baseline
C07023,P04612,2025-01-01,2026-08-01,baseline
C07024,P08075,2025-01-01,2026-08-01,baseline
C07025,P01447,2025-01-01,2026-08-01,baseline
C07026,P02525,2025-01-01,2026-08-01,baseline
C07027,P06092,2025-01-01,2026-08-01,baseline
C07028,P03245,2025-01-01,2026-08-01,baseline
C07029,P05342,2025-01-01,2026-08-01,baseline
C07030,P07346,2025-01-01,2026-08-01,baseline
C07031,P06062,2025-01-01,2026-08-01,baseline
C07032,P05771,2025-01-01,2026-08-01,baseline
C07033,P02810,2025-01-01,2026-08-01,baseline
C07034,P07400,2025-01-01,2026-08-01,baseline
C07035,P04269,2025-01-01,2026-08-01,baseline
C07036,P03568,2025-01-01,2026-08-01,baseline
C07037,P03419,2025-01-01,2026-08-01,baseline
C07038,P06059,2025-01-01,2026-08-01,baseline
C07039,P04559,2025-01-01,2026-08-01,baseline
C07040,P07745,2025-01-01,2026-08-01,baseline
C07041,P01854,2025-01-01,2026-08-01,baseline
C07042,P05739,2025-01-01,2026-08-01,baseline
C07043,P08553,2025-01-01,2026-08-01,baseline
C07044,P03468,2025-01-01,2026-08-01,baseline
C07045,P06443,2025-01-01,2026-08-01,baseline
C07046,P01180,2025-01-01,2026-08-01,baseline
C07047,P02806,2025-01-01,2026-08-01,baseline
C07048,P06385,2025-01-01,2026-08-01,baseline
C07049,P02958,2025-01-01,2026-08-01,baseline
C07050,P02789,2025-01-01,2026-08-01,baseline
C07051,P09042,2025-01-01,2026-08-01,baseline
C07052,P08802,2025-01-01,2026-08-01,baseline
C07053,P03454,2025-01-01,2026-08-01,baseline
C07054,P05385,2025-01-01,2026-08-01,baseline
C07055,P00121,2025-01-01,2026-08-01,baseline
C07056,P08337,2025-01-01,2026-08-01,baseline
C07057,P00634,2025-01-01,2026-08-01,baseline
C07058,P02482,2025-01-01,2026-08-01,baseline
C07059,P02386,2025-01-01,2026-08-01,baseline
C07060,P06474,2025-01-01,2026-08-01,baseline
C07061,P09550,2025-01-01,2026-08-01,baseline
C07062,P04927,2025-01-01,2026-08-01,baseline
C07063,P01967,2025-01-01,2026-08-01,baseline
C07064,P01346,2025-01-01,2026-08-01,baseline
C07065,P05984,2025-01-01,2026-08-01,baseline
C07066,P08839,2025-01-01,2026-08-01,baseline
C07067,P04019,2025-01-01,2026-08-01,baseline
C07068,P02744,2025-01-01,2026-08-01,baseline
C07069,P05838,2025-01-01,2026-08-01,baseline
C07070,P09977,2025-01-01,2026-08-01,baseline
C07071,P01732,2025-01-01,2026-08-01,baseline
C07072,P04033,2025-01-01,2026-08-01,baseline
C07073,P02922,2025-01-01,2026-08-01,baseline
C07074,P00355,2025-01-01,2026-08-01,baseline
C07075,P06958,2025-01-01,2026-08-01,baseline
C07076,P02361,2025-01-01,2026-08-01,baseline
C07077,P03819,2025-01-01,2026-08-01,baseline
C07078,P04512,2025-01-01,2026-08-01,baseline
C07079,P07458,2025-01-01,2026-08-01,baseline
C07080,P08471,2025-01-01,2026-08-01,baseline
C07081,P04771,2025-01-01,2026-08-01,baseline
C07082,P06474,2025-01-01,2026-08-01,baseline
C07083,P03600,2025-01-01,2026-08-01,baseline
C07084,P03270,2025-01-01,2026-08-01,baseline
C07085,P00232,2025-01-01,2026-08-01,baseline
C07086,P01228,2025-01-01,2026-08-01,baseline
C07087,P07040,2025-01-01,2026-08-01,baseline
C07088,P09393,2025-01-01,2026-08-01,baseline
C07089,P01669,2025-01-01,2026-08-01,baseline
C07090,P00438,2025-01-01,2026-08-01,baseline
C07091,P03223,2025-01-01,2026-08-01,baseline
C07092,P05236,2025-01-01,2026-08-01,baseline
C07093,P01002,2025-01-01,2026-08-01,baseline
C07094,P05003,2025-01-01,2026-08-01,baseline
C07095,P04678,2025-01-01,2026-08-01,baseline
C07096,P04500,2025-01-01,2026-08-01,baseline
C07097,P04964,2025-01-01,2026-08-01,baseline
C07098,P06033,2025-01-01,2026-08-01,baseline
C07099,P09707,2025-01-01,2026-08-01,baseline
C07100,P05855,2025-01-01,2026-08-01,baseline
C07101,P07010,2025-01-01,2026-08-01,baseline
C07102,P07603,2025-01-01,2026-08-01,baseline
C07103,P08875,2025-01-01,2026-08-01,baseline
C07104,P03033,2025-01-01,2026-08-01,baseline
C07105,P05858,2025-01-01,2026-08-01,baseline
C07106,P07975,2025-01-01,2026-08-01,baseline
C07107,P09610,2025-01-01,2026-08-01,baseline
C07108,P05499,2025-01-01,2026-08-01,baseline
C07109,P05149,2025-01-01,2026-08-01,baseline
C07110,P03820,2025-01-01,2026-08-01,baseline
C07111,P09142,2025-01-01,2026-08-01,baseline
C07112,P07259,2025-01-01,2026-08-01,baseline
C07113,P06000,2025-01-01,2026-08-01,baseline
C07114,P08295,2025-01-01,2026-08-01,baseline
C07115,P03095,2025-01-01,2026-08-01,baseline
C07116,P02128,2025-01-01,2026-08-01,baseline
C07117,P09108,2025-01-01,2026-08-01,baseline
C07118,P06309,2025-01-01,2026-08-01,baseline
C07119,P09998,2025-01-01,2026-08-01,baseline
C07120,P05137,2025-01-01,2026-08-01,baseline
C07121,P02090,2025-01-01,2026-08-01,baseline
C07122,P08723,2025-01-01,2026-08-01,baseline
C07123,P02189,2025-01-01,2026-08-01,baseline
C07124,P06178,2025-01-01,2026-08-01,baseline
C07125,P06244,2025-01-01,2026-08-01,baseline
C07126,P03551,2025-01-01,2026-08-01,baseline
C07127,P08902,2025-01-01,2026-08-01,baseline
C07128,P07637,2025-01-01,2026-08-01,baseline
C07129,P07614,2025-01-01,2026-08-01,baseline
C07130,P05255,2025-01-01,2026-08-01,baseline
C07131,P09763,2025-01-01,2026-08-01,baseline
C07132,P06517,2025-01-01,2026-08-01,baseline
C07133,P06135,2025-01-01,2026-08-01,baseline
C07134,P03479,2025-01-01,2026-08-01,baseline
C07135,P08318,2025-01-01,2026-08-01,baseline
C07136,P08617,2025-01-01,2026-08-01,baseline
C07137,P07116,2025-01-01,2026-08-01,baseline
C07138,P04455,2025-01-01,2026-08-01,baseline
C07139,P06820,2025-01-01,2026-08-01,baseline
C07140,P02010,2025-01-01,2026-08-01,baseline
C07141,P08701,2025-01-01,2026-08-01,baseline
C07142,P07918,2025-01-01,2026-08-01,baseline
C07143,P06229,2025-01-01,2026-08-01,baseline
C07144,P02463,2025-01-01,2026-08-01,baseline
C07145,P02554,2025-01-01,2026-08-01,baseline
C07146,P02491,2025-01-01,2026-08-01,baseline
C07147,P00499,2025-01-01,2026-08-01,baseline
C07148,P02950,2025-01-01,2026-08-01,baseline
C07149,P06616,2025-01-01,2026-08-01,baseline
C07150,P09413,2025-01-01,2026-08-01,baseline
C07151,P01735,2025-01-01,2026-08-01,baseline
C07152,P05597,2025-01-01,2026-08-01,baseline
C07153,P07895,2025-01-01,2026-08-01,baseline
C07154,P04677,2025-01-01,2026-08-01,baseline
C07155,P01301,2025-01-01,2026-08-01,baseline
C07156,P02781,2025-01-01,2026-08-01,baseline
C07157,P03610,2025-01-01,2026-08-01,baseline
C07158,P03330,2025-01-01,2026-08-01,baseline
C07159,P05010,2025-01-01,2026-08-01,baseline
C07160,P03197,2025-01-01,2026-08-01,baseline
C07161,P05993,2025-01-01,2026-08-01,baseline
C07162,P03437,2025-01-01,2026-08-01,baseline
C07163,P07864,2025-01-01,2026-08-01,baseline
C07164,P07210,2025-01-01,2026-08-01,baseline
C07165,P04973,2025-01-01,2026-08-01,baseline
C07166,P00129,2025-01-01,2026-08-01,baseline
C07167,P04002,2025-01-01,2026-08-01,baseline
C07168,P05464,2025-01-01,2026-08-01,baseline
C07169,P04608,2025-01-01,2026-08-01,baseline
C07170,P06203,2025-01-01,2026-08-01,baseline
C07171,P02619,2025-01-01,2026-08-01,baseline
C07172,P04493,2025-01-01,2026-08-01,baseline
C07173,P08353,2025-01-01,2026-08-01,baseline
C07174,P00678,2025-01-01,2026-08-01,baseline
C07175,P09256,2025-01-01,2026-08-01,baseline
C07176,P08559,2025-01-01,2026-08-01,baseline
C07177,P01846,2025-01-01,2026-08-01,baseline
C07178,P08367,2025-01-01,2026-08-01,baseline
C07179,P03596,2025-01-01,2026-08-01,baseline
C07180,P09821,2025-01-01,2026-08-01,baseline
C07181,P00435,2025-01-01,2026-08-01,baseline
C07182,P00006,2025-01-01,2026-08-01,baseline
C07183,P00542,2025-01-01,2026-08-01,baseline
C07184,P09536,2025-01-01,2026-08-01,baseline
C07185,P03414,2025-01-01,2026-08-01,baseline
C07186,P03215,2025-01-01,2026-08-01,baseline
C07187,P05446,2025-01-01,2026-08-01,baseline
C07188,P07174,2025-01-01,2026-08-01,baseline
C07189,P08700,2025-01-01,2026-08-01,baseline
C07190,P07772,2025-01-01,2026-08-01,baseline
C07191,P09447,2025-01-01,2026-08-01,baseline
C07192,P09103,2025-01-01,2026-08-01,baseline
C07193,P08527,2025-01-01,2026-08-01,baseline
C07194,P02512,2025-01-01,2026-08-01,baseline
C07195,P01965,2025-01-01,2026-08-01,baseline
C07196,P02830,2025-01-01,2026-08-01,baseline
C07197,P01423,2025-01-01,2026-08-01,baseline
C07198,P02445,2025-01-01,2026-08-01,baseline
C07199,P05856,2025-01-01,2026-08-01,baseline
C07200,P07651,2025-01-01,2026-08-01,baseline
C07201,P05300,2025-01-01,2026-08-01,baseline
C07202,P02962,2025-01-01,2026-08-01,baseline
C07203,P06003,2025-01-01,2026-08-01,baseline
C07204,P09552,2025-01-01,2026-08-01,baseline
C07205,P04836,2025-01-01,2026-08-01,baseline
C07206,P09050,2025-01-01,2026-08-01,baseline
C07207,P08800,2025-01-01,2026-08-01,baseline
C07208,P00187,2025-01-01,2026-08-01,baseline
C07209,P08486,2025-01-01,2026-08-01,baseline
C07210,P07071,2025-01-01,2026-08-01,baseline
C07211,P00251,2025-01-01,2026-08-01,baseline
C07212,P09372,2025-01-01,2026-08-01,baseline
C07213,P04181,2025-01-01,2026-08-01,baseline
C07214,P07425,2025-01-01,2026-08-01,baseline
C07215,P02454,2025-01-01,2026-08-01,baseline
C07216,P08352,2025-01-01,2026-08-01,baseline
C07217,P05831,2025-01-01,2026-08-01,baseline
C07218,P06381,2025-01-01,2026-08-01,baseline
C07219,P04146,2025-01-01,2026-08-01,baseline
C07220,P07058,2025-01-01,2026-08-01,baseline
C07221,P04846,2025-01-01,2026-08-01,baseline
C07222,P00659,2025-01-01,2026-08-01,baseline
C07223,P04766,2025-01-01,2026-08-01,baseline
C07224,P00373,2025-01-01,2026-08-01,baseline
C07225,P07178,2025-01-01,2026-08-01,baseline
C07226,P00679,2025-01-01,2026-08-01,baseline
C07227,P08754,2025-01-01,2026-08-01,baseline
C07228,P08580,2025-01-01,2026-08-01,baseline
C07229,P05172,2025-01-01,2026-08-01,baseline
C07230,P08094,2025-01-01,2026-08-01,baseline
C07231,P08619,2025-01-01,2026-08-01,baseline
C07232,P09034,2025-01-01,2026-08-01,baseline
C07233,P09345,2025-01-01,2026-08-01,baseline
C07234,P01542,2025-01-01,2026-08-01,baseline
C07235,P06514,2025-01-01,2026-08-01,baseline
C07236,P06773,2025-01-01,2026-08-01,baseline
C07237,P04598,2025-01-01,2026-08-01,baseline
C07238,P07684,2025-01-01,2026-08-01,baseline
C07239,P06817,2025-01-01,2026-08-01,baseline
C07240,P06223,2025-01-01,2026-08-01,baseline
C07241,P06118,2025-01-01,2026-08-01,baseline
C07242,P00346,2025-01-01,2026-08-01,baseline
C07243,P08016,2025-01-01,2026-08-01,baseline
C07244,P00739,2025-01-01,2026-08-01,baseline
C07245,P03581,2025-01-01,2026-08-01,baseline
C07246,P04654,2025-01-01,2026-08-01,baseline
C07247,P09150,2025-01-01,2026-08-01,baseline
C07248,P09201,2025-01-01,2026-08-01,baseline
C07249,P08606,2025-01-01,2026-08-01,baseline
C07250,P00421,2025-01-01,2026-08-01,baseline
C07251,P00451,2025-01-01,2026-08-01,baseline
C07252,P07388,2025-01-01,2026-08-01,baseline
C07253,P09849,2025-01-01,2026-08-01,baseline
C07254,P08438,2025-01-01,2026-08-01,baseline
C07255,P03665,2025-01-01,2026-08-01,baseline
C07256,P07816,2025-01-01,2026-08-01,baseline
C07257,P09971,2025-01-01,2026-08-01,baseline
C07258,P09300,2025-01-01,2026-08-01,baseline
C07259,P08381,2025-01-01,2026-08-01,baseline
C07260,P07591,2025-01-01,2026-08-01,baseline
C07261,P05715,2025-01-01,2026-08-01,baseline
C07262,P01159,2025-01-01,2026-08-01,baseline
C07263,P05562,2025-01-01,2026-08-01,baseline
C07264,P09005,2025-01-01,2026-08-01,baseline
C07265,P00016,2025-01-01,2026-08-01,baseline
C07266,P00855,2025-01-01,2026-08-01,baseline
C07267,P04894,2025-01-01,2026-08-01,baseline
C07268,P08916,2025-01-01,2026-08-01,baseline
C07269,P03411,2025-01-01,2026-08-01,baseline
C07270,P06202,2025-01-01,2026-08-01,baseline
C07271,P03203,2025-01-01,2026-08-01,baseline
C07272,P06346,2025-01-01,2026-08-01,baseline
C07273,P05840,2025-01-01,2026-08-01,baseline
C07274,P03339,2025-01-01,2026-08-01,baseline
C07275,P09730,2025-01-01,2026-08-01,baseline
C07276,P05455,2025-01-01,2026-08-01,baseline
C07277,P00600,2025-01-01,2026-08-01,baseline
C07278,P09543,2025-01-01,2026-08-01,baseline
C07279,P06318,2025-01-01,2026-08-01,baseline
C07280,P09165,2025-01-01,2026-08-01,baseline
C07281,P06023,2025-01-01,2026-08-01,baseline
C07282,P08375,2025-01-01,2026-08-01,baseline
C07283,P02081,2025-01-01,2026-08-01,baseline
C07284,P01064,2025-01-01,2026-08-01,baseline
C07285,P02399,2025-01-01,2026-08-01,baseline
C07286,P09167,2025-01-01,2026-08-01,baseline
C07287,P08323,2025-01-01,2026-08-01,baseline
C07288,P05890,2025-01-01,2026-08-01,baseline
C07289,P00049,2025-01-01,2026-08-01,baseline
C07290,P09550,2025-01-01,2026-08-01,baseline
C07291,P02190,2025-01-01,2026-08-01,baseline
C07292,P08766,2025-01-01,2026-08-01,baseline
C07293,P08674,2025-01-01,2026-08-01,baseline
C07294,P07575,2025-01-01,2026-08-01,baseline
C07295,P06643,2025-01-01,2026-08-01,baseline
C07296,P01756,2025-01-01,2026-08-01,baseline
C07297,P03495,2025-01-01,2026-08-01,baseline
C07298,P06890,2025-01-01,2026-08-01,baseline
C07299,P03028,2025-01-01,2026-08-01,baseline
C07300,P04223,2025-01-01,2026-08-01,baseline
C07301,P00877,2025-01-01,2026-08-01,baseline
C07302,P04618,2025-01-01,2026-08-01,baseline
C07303,P01369,2025-01-01,2026-08-01,baseline
C07304,P05450,2025-01-01,2026-08-01,baseline
C07305,P07386,2025-01-01,2026-08-01,baseline
C07306,P07634,2025-01-01,2026-08-01,baseline
C07307,P05048,2025-01-01,2026-08-01,baseline
C07308,P00882,2025-01-01,2026-08-01,baseline
C07309,P05398,2025-01-01,2026-08-01,baseline
C07310,P03212,2025-01-01,2026-08-01,baseline
C07311,P06329,2025-01-01,2026-08-01,baseline
C07312,P02832,2025-01-01,2026-08-01,baseline
C07313,P01520,2025-01-01,2026-08-01,baseline
C07314,P04743,2025-01-01,2026-08-01,baseline
C07315,P02714,2025-01-01,2026-08-01,baseline
C07316,P09115,2025-01-01,2026-08-01,baseline
C07317,P06825,2025-01-01,2026-08-01,baseline
C07318,P07939,2025-01-01,2026-08-01,baseline
C07319,P06287,2025-01-01,2026-08-01,baseline
C07320,P03256,2025-01-01,2026-08-01,baseline
C07321,P05128,2025-01-01,2026-08-01,baseline
C07322,P00089,2025-01-01,2026-08-01,baseline
C07323,P09434,2025-01-01,2026-08-01,baseline
C07324,P00398,2025-01-01,2026-08-01,baseline
C07325,P02199,2025-01-01,2026-08-01,baseline
C07326,P05977,2025-01-01,2026-08-01,baseline
C07327,P05693,2025-01-01,2026-08-01,baseline
C07328,P08158,2025-01-01,2026-08-01,baseline
C07329,P01887,2025-01-01,2026-08-01,baseline
C07330,P07847,2025-01-01,2026-08-01,baseline
C07331,P01030,2025-01-01,2026-08-01,baseline
C07332,P06978,2025-01-01,2026-08-01,baseline
C07333,P07660,2025-01-01,2026-08-01,baseline
C07334,P07185,2025-01-01,2026-08-01,baseline
C07335,P07679,2025-01-01,2026-08-01,baseline
C07336,P07100,2025-01-01,2026-08-01,baseline
C07337,P01016,2025-01-01,2026-08-01,baseline
C07338,P03007,2025-01-01,2026-08-01,baseline
C07339,P08615,2025-01-01,2026-08-01,baseline
C07340,P03785,2025-01-01,2026-08-01,baseline
C07341,P02029,2025-01-01,2026-08-01,baseline
C07342,P09231,2025-01-01,2026-08-01,baseline
C07343,P09039,2025-01-01,2026-08-01,baseline
C07344,P04203,2025-01-01,2026-08-01,baseline
C07345,P09141,2025-01-01,2026-08-01,baseline
C07346,P06697,2025-01-01,2026-08-01,baseline
C07347,P03757,2025-01-01,2026-08-01,baseline
C07348,P00070,2025-01-01,2026-08-01,baseline
C07349,P06369,2025-01-01,2026-08-01,baseline
C07350,P09818,2025-01-01,2026-08-01,baseline
C07351,P02739,2025-01-01,2026-08-01,baseline
C07352,P01927,2025-01-01,2026-08-01,baseline
C07353,P07535,2025-01-01,2026-08-01,baseline
C07354,P07342,2025-01-01,2026-08-01,baseline
C07355,P01154,2025-01-01,2026-08-01,baseline
C07356,P04388,2025-01-01,2026-08-01,baseline
C07357,P07890,2025-01-01,2026-08-01,baseline
C07358,P07654,2025-01-01,2026-08-01,baseline
C07359,P04092,2025-01-01,2026-08-01,baseline
C07360,P09347,2025-01-01,2026-08-01,baseline
C07361,P02535,2025-01-01,2026-08-01,baseline
C07362,P08995,2025-01-01,2026-08-01,baseline
C07363,P07742,2025-01-01,2026-08-01,baseline
C07364,P00938,2025-01-01,2026-08-01,baseline
C07365,P08285,2025-01-01,2026-08-01,baseline
C07366,P09649,2025-01-01,2026-08-01,baseline
C07367,P00612,2025-01-01,2026-08-01,baseline
C07368,P05532,2025-01-01,2026-08-01,baseline
C07369,P08467,2025-01-01,2026-08-01,baseline
C07370,P08607,2025-01-01,2026-08-01,baseline
C07371,P07644,2025-01-01,2026-08-01,baseline
C07372,P02451,2025-01-01,2026-08-01,baseline
C07373,P06190,2025-01-01,2026-08-01,baseline
C07374,P01333,2025-01-01,2026-08-01,baseline
C07375,P09263,2025-01-01,2026-08-01,baseline
C07376,P05407,2025-01-01,2026-08-01,baseline
C07377,P00035,2025-01-01,2026-08-01,baseline
C07378,P05836,2025-01-01,2026-08-01,baseline
C07379,P08484,2025-01-01,2026-08-01,baseline
C07380,P04500,2025-01-01,2026-08-01,baseline
C07381,P05371,2025-01-01,2026-08-01,baseline
C07382,P04792,2025-01-01,2026-08-01,baseline
C07383,P01175,2025-01-01,2026-08-01,baseline
C07384,P06579,2025-01-01,2026-08-01,baseline
C07385,P00022,2025-01-01,2026-08-01,baseline
C07386,P01914,2025-01-01,2026-08-01,baseline
C07387,P09585,2025-01-01,2026-08-01,baseline
C07388,P02796,2025-01-01,2026-08-01,baseline
C07389,P04463,2025-01-01,2026-08-01,baseline
C07390,P04826,2025-01-01,2026-08-01,baseline
C07391,P02050,2025-01-01,2026-08-01,baseline
C07392,P08096,2025-01-01,2026-08-01,baseline
C07393,P08815,2025-01-01,2026-08-01,baseline
C07394,P08323,2025-01-01,2026-08-01,baseline
C07395,P09557,2025-01-01,2026-08-01,baseline
C07396,P09625,2025-01-01,2026-08-01,baseline
C07397,P04869,2025-01-01,2026-08-01,baseline
C07398,P00884,2025-01-01,2026-08-01,baseline
C07399,P06923,2025-01-01,2026-08-01,baseline
C07400,P04538,2025-01-01,2026-08-01,baseline
C07401,P03785,2025-01-01,2026-08-01,baseline
C07402,P02207,2025-01-01,2026-08-01,baseline
C07403,P02647,2025-01-01,2026-08-01,baseline
C07404,P06090,2025-01-01,2026-08-01,baseline
C07405,P05777,2025-01-01,2026-08-01,baseline
C07406,P02465,2025-01-01,2026-08-01,baseline
C07407,P04296,2025-01-01,2026-08-01,baseline
C07408,P03191,2025-01-01,2026-08-01,baseline
C07409,P03787,2025-01-01,2026-08-01,baseline
C07410,P05079,2025-01-01,2026-08-01,baseline
C07411,P08611,2025-01-01,2026-08-01,baseline
C07412,P08271,2025-01-01,2026-08-01,baseline
C07413,P08761,2025-01-01,2026-08-01,baseline
C07414,P08561,2025-01-01,2026-08-01,baseline
C07415,P07078,2025-01-01,2026-08-01,baseline
C07416,P09314,2025-01-01,2026-08-01,baseline
C07417,P02632,2025-01-01,2026-08-01,baseline
C07418,P05970,2025-01-01,2026-08-01,baseline
C07419,P02670,2025-01-01,2026-08-01,baseline
C07420,P02628,2025-01-01,2026-08-01,baseline
C07421,P01928,2025-01-01,2026-08-01,baseline
C07422,P02266,2025-01-01,2026-08-01,baseline
C07423,P07292,2025-01-01,2026-08-01,baseline
C07424,P03453,2025-01-01,2026-08-01,baseline
C07425,P03060,2025-01-01,2026-08-01,baseline
C07426,P01216,2025-01-01,2026-08-01,baseline
C07427,P02584,2025-01-01,2026-08-01,baseline
C07428,P09417,2025-01-01,2026-08-01,baseline
C07429,P00218,2025-01-01,2026-08-01,baseline
C07430,P00204,2025-01-01,2026-08-01,baseline
C07431,P08098,2025-01-01,2026-08-01,baseline
C07432,P00569,2025-01-01,2026-08-01,baseline
C07433,P02416,2025-01-01,2026-08-01,baseline
C07434,P04060,2025-01-01,2026-08-01,baseline
C07435,P08082,2025-01-01,2026-08-01,baseline
C07436,P01258,2025-01-01,2026-08-01,baseline
C07437,P04518,2025-01-01,2026-08-01,baseline
C07438,P04143,2025-01-01,2026-08-01,baseline
C07439,P01353,2025-01-01,2026-08-01,baseline
C07440,P01320,2025-01-01,2026-08-01,baseline
C07441,P04216,2025-01-01,2026-08-01,baseline
C07442,P05543,2025-01-01,2026-08-01,baseline
C07443,P04214,2025-01-01,2026-08-01,baseline
C07444,P07818,2025-01-01,2026-08-01,baseline
C07445,P08500,2025-01-01,2026-08-01,baseline
C07446,P00813,2025-01-01,2026-08-01,baseline
C07447,P05826,2025-01-01,2026-08-01,baseline
C07448,P08132,2025-01-01,2026-08-01,baseline
C07449,P03136,2025-01-01,2026-08-01,baseline
C07450,P09918,2025-01-01,2026-08-01,baseline
C07451,P09916,2025-01-01,2026-08-01,baseline
C07452,P09141,2025-01-01,2026-08-01,baseline
C07453,P07095,2025-01-01,2026-08-01,baseline
C07454,P00285,2025-01-01,2026-08-01,baseline
C07455,P01587,2025-01-01,2026-08-01,baseline
C07456,P06465,2025-01-01,2026-08-01,baseline
C07457,P05500,2025-01-01,2026-08-01,baseline
C07458,P02643,2025-01-01,2026-08-01,baseline
C07459,P01772,2025-01-01,2026-08-01,baseline
C07460,P09215,2025-01-01,2026-08-01,baseline
C07461,P02230,2025-01-01,2026-08-01,baseline
C07462,P02858,2025-01-01,2026-08-01,baseline
C07463,P07619,2025-01-01,2026-08-01,baseline
C07464,P03736,2025-01-01,2026-08-01,baseline
C07465,P09400,2025-01-01,2026-08-01,baseline
C07466,P00071,2025-01-01,2026-08-01,baseline
C07467,P08458,2025-01-01,2026-08-01,baseline
C07468,P07125,2025-01-01,2026-08-01,baseline
C07469,P07887,2025-01-01,2026-08-01,baseline
C07470,P00342,2025-01-01,2026-08-01,baseline
C07471,P00969,2025-01-01,2026-08-01,baseline
C07472,P03349,2025-01-01,2026-08-01,baseline
C07473,P02647,2025-01-01,2026-08-01,baseline
C07474,P02078,2025-01-01,2026-08-01,baseline
C07475,P01366,2025-01-01,2026-08-01,baseline
C07476,P00588,2025-01-01,2026-08-01,baseline
C07477,P02131,2025-01-01,2026-08-01,baseline
C07478,P07039,2025-01-01,2026-08-01,baseline
C07479,P04814,2025-01-01,2026-08-01,baseline
C07480,P03047,2025-01-01,2026-08-01,baseline
C07481,P01840,2025-01-01,2026-08-01,baseline
C07482,P02030,2025-01-01,2026-08-01,baseline
C07483,P03205,2025-01-01,2026-08-01,baseline
C07484,P03086,2025-01-01,2026-08-01,baseline
C07485,P09940,2025-01-01,2026-08-01,baseline
C07486,P06328,2025-01-01,2026-08-01,baseline
C07487,P00436,2025-01-01,2026-08-01,baseline
C07488,P04048,2025-01-01,2026-08-01,baseline
C07489,P08466,2025-01-01,2026-08-01,baseline
C07490,P06565,2025-01-01,2026-08-01,baseline
C07491,P00293,2025-01-01,2026-08-01,baseline
C07492,P01776,2025-01-01,2026-08-01,baseline
C07493,P02236,2025-01-01,2026-08-01,baseline
C07494,P08945,2025-01-01,2026-08-01,baseline
C07495,P09096,2025-01-01,2026-08-01,baseline
C07496,P06628,2025-01-01,2026-08-01,baseline
C07497,P06310,2025-01-01,2026-08-01,baseline
C07498,P04483,2025-01-01,2026-08-01,baseline
C07499,P01128,2025-01-01,2026-08-01,baseline
C07500,P02624,2025-01-01,2026-08-01,baseline
C07501,P06530,2025-01-01,2026-08-01,baseline
C07502,P04763,2025-01-01,2026-08-01,baseline
C07503,P02867,2025-01-01,2026-08-01,baseline
C07504,P06550,2025-01-01,2026-08-01,baseline
C07505,P03999,2025-01-01,2026-08-01,baseline
C07506,P00716,2025-01-01,2026-08-01,baseline
C07507,P08542,2025-01-01,2026-08-01,baseline
C07508,P04171,2025-01-01,2026-08-01,baseline
C07509,P04827,2025-01-01,2026-08-01,baseline
C07510,P04790,2025-01-01,2026-08-01,baseline
C07511,P02639,2025-01-01,2026-08-01,baseline
C07512,P01498,2025-01-01,2026-08-01,baseline
C07513,P06027,2025-01-01,2026-08-01,baseline
C07514,P05556,2025-01-01,2026-08-01,baseline
C07515,P04893,2025-01-01,2026-08-01,baseline
C07516,P09898,2025-01-01,2026-08-01,baseline
C07517,P01778,2025-01-01,2026-08-01,baseline
C07518,P05217,2025-01-01,2026-08-01,baseline
C07519,P03938,2025-01-01,2026-08-01,baseline
C07520,P03123,2025-01-01,2026-08-01,baseline
C07521,P03887,2025-01-01,2026-08-01,baseline
C07522,P06206,2025-01-01,2026-08-01,baseline
C07523,P00022,2025-01-01,2026-08-01,baseline
C07524,P04470,2025-01-01,2026-08-01,baseline
C07525,P02324,2025-01-01,2026-08-01,baseline
C07526,P05888,2025-01-01,2026-08-01,baseline
C07527,P09426,2025-01-01,2026-08-01,baseline
C07528,P02207,2025-01-01,2026-08-01,baseline
C07529,P05484,2025-01-01,2026-08-01,baseline
C07530,P00802,2025-01-01,2026-08-01,baseline
C07531,P01847,2025-01-01,2026-08-01,baseline
C07532,P05020,2025-01-01,2026-08-01,baseline
C07533,P03899,2025-01-01,2026-08-01,baseline
C07534,P03645,2025-01-01,2026-08-01,baseline
C07535,P08332,2025-01-01,2026-08-01,baseline
C07536,P02191,2025-01-01,2026-08-01,baseline
C07537,P09324,2025-01-01,2026-08-01,baseline
C07538,P01594,2025-01-01,2026-08-01,baseline
C07539,P01096,2025-01-01,2026-08-01,baseline
C07540,P03235,2025-01-01,2026-08-01,baseline
C07541,P01202,2025-01-01,2026-08-01,baseline
C07542,P07184,2025-01-01,2026-08-01,baseline
C07543,P03150,2025-01-01,2026-08-01,baseline
C07544,P04212,2025-01-01,2026-08-01,baseline
C07545,P01198,2025-01-01,2026-08-01,baseline
C07546,P09542,2025-01-01,2026-08-01,baseline
C07547,P09631,2025-01-01,2026-08-01,baseline
C07548,P04327,2025-01-01,2026-08-01,baseline
C07549,P01693,2025-01-01,2026-08-01,baseline
C07550,P09864,2025-01-01,2026-08-01,baseline
C07551,P04657,2025-01-01,2026-08-01,baseline
C07552,P02500,2025-01-01,2026-08-01,baseline
C07553,P01000,2025-01-01,2026-08-01,baseline
C07554,P02846,2025-01-01,2026-08-01,baseline
C07555,P09118,2025-01-01,2026-08-01,baseline
C07556,P03192,2025-01-01,2026-08-01,baseline
C07557,P00331,2025-01-01,2026-08-01,baseline
C07558,P07120,2025-01-01,2026-08-01,baseline
C07559,P09608,2025-01-01,2026-08-01,baseline
C07560,P00489,2025-01-01,2026-08-01,baseline
C07561,P04405,2025-01-01,2026-08-01,baseline
C07562,P03143,2025-01-01,2026-08-01,baseline
C07563,P00151,2025-01-01,2026-08-01,baseline
C07564,P06958,2025-01-01,2026-08-01,baseline
C07565,P05754,2025-01-01,2026-08-01,baseline
C07566,P05081,2025-01-01,2026-08-01,baseline
C07567,P06230,2025-01-01,2026-08-01,baseline
C07568,P03181,2025-01-01,2026-08-01,baseline
C07569,P01301,2025-01-01,2026-08-01,baseline
C07570,P06482,2025-01-01,2026-08-01,baseline
C07571,P03709,2025-01-01,2026-08-01,baseline
C07572,P03934,2025-01-01,2026-08-01,baseline
C07573,P08602,2025-01-01,2026-08-01,baseline
C07574,P06575,2025-01-01,2026-08-01,baseline
C07575,P08733,2025-01-01,2026-08-01,baseline
C07576,P07122,2025-01-01,2026-08-01,baseline
C07577,P08410,2025-01-01,2026-08-01,baseline
C07578,P08273,2025-01-01,2026-08-01,baseline
C07579,P05193,2025-01-01,2026-08-01,baseline
C07580,P02128,2025-01-01,2026-08-01,baseline
C07581,P07987,2025-01-01,2026-08-01,baseline
C07582,P01488,2025-01-01,2026-08-01,baseline
C07583,P08948,2025-01-01,2026-08-01,baseline
C07584,P03748,2025-01-01,2026-08-01,baseline
C07585,P04650,2025-01-01,2026-08-01,baseline
C07586,P08588,2025-01-01,2026-08-01,baseline
C07587,P03716,2025-01-01,2026-08-01,baseline
C07588,P03761,2025-01-01,2026-08-01,baseline
C07589,P06907,2025-01-01,2026-08-01,baseline
C07590,P01178,2025-01-01,2026-08-01,baseline
C07591,P04854,2025-01-01,2026-08-01,baseline
C07592,P00031,2025-01-01,2026-08-01,baseline
C07593,P02527,2025-01-01,2026-08-01,baseline
C07594,P03629,2025-01-01,2026-08-01,baseline
C07595,P09258,2025-01-01,2026-08-01,baseline
C07596,P03773,2025-01-01,2026-08-01,baseline
C07597,P00624,2025-01-01,2026-08-01,baseline
C07598,P02933,2025-01-01,2026-08-01,baseline
C07599,P07381,2025-01-01,2026-08-01,baseline
C07600,P09430,2025-01-01,2026-08-01,baseline
C07601,P06148,2025-01-01,2026-08-01,baseline
C07602,P08400,2025-01-01,2026-08-01,baseline
C07603,P02772,2025-01-01,2026-08-01,baseline
C07604,P02986,2025-01-01,2026-08-01,baseline
C07605,P01491,2025-01-01,2026-08-01,baseline
C07606,P03069,2025-01-01,2026-08-01,baseline
C07607,P03442,2025-01-01,2026-08-01,baseline
C07608,P01977,2025-01-01,2026-08-01,baseline
C07609,P09474,2025-01-01,2026-08-01,baseline
C07610,P07817,2025-01-01,2026-08-01,baseline
C07611,P09106,2025-01-01,2026-08-01,baseline
C07612,P02714,2025-01-01,2026-08-01,baseline
C07613,P05377,2025-01-01,2026-08-01,baseline
C07614,P09819,2025-01-01,2026-08-01,baseline
C07615,P04545,2025-01-01,2026-08-01,baseline
C07616,P04979,2025-01-01,2026-08-01,baseline
C07617,P03596,2025-01-01,2026-08-01,baseline
C07618,P08477,2025-01-01,2026-08-01,baseline
C07619,P03815,2025-01-01,2026-08-01,baseline
C07620,P01237,2025-01-01,2026-08-01,baseline
C07621,P02918,2025-01-01,2026-08-01,baseline
C07622,P05839,2025-01-01,2026-08-01,baseline
C07623,P07512,2025-01-01,2026-08-01,baseline
C07624,P07324,2025-01-01,2026-08-01,baseline
C07625,P07866,2025-01-01,2026-08-01,baseline
C07626,P07614,2025-01-01,2026-08-01,baseline
C07627,P05589,2025-01-01,2026-08-01,baseline
C07628,P02216,2025-01-01,2026-08-01,baseline
C07629,P08101,2025-01-01,2026-08-01,baseline
C07630,P09009,2025-01-01,2026-08-01,baseline
C07631,P07026,2025-01-01,2026-08-01,baseline
C07632,P09106,2025-01-01,2026-08-01,baseline
C07633,P03581,2025-01-01,2026-08-01,baseline
C07634,P00965,2025-01-01,2026-08-01,baseline
C07635,P05749,2025-01-01,2026-08-01,baseline
C07636,P07875,2025-01-01,2026-08-01,baseline
C07637,P00183,2025-01-01,2026-08-01,baseline
C07638,P08728,2025-01-01,2026-08-01,baseline
C07639,P02809,2025-01-01,2026-08-01,baseline
C07640,P08907,2025-01-01,2026-08-01,baseline
C07641,P01345,2025-01-01,2026-08-01,baseline
C07642,P01656,2025-01-01,2026-08-01,baseline
C07643,P05441,2025-01-01,2026-08-01,baseline
C07644,P01258,2025-01-01,2026-08-01,baseline
C07645,P01826,2025-01-01,2026-08-01,baseline
C07646,P03190,2025-01-01,2026-08-01,baseline
C07647,P00419,2025-01-01,2026-08-01,baseline
C07648,P05414,2025-01-01,2026-08-01,baseline
C07649,P04984,2025-01-01,2026-08-01,baseline
C07650,P03078,2025-01-01,2026-08-01,baseline
C07651,P02967,2025-01-01,2026-08-01,baseline
C07652,P09530,2025-01-01,2026-08-01,baseline
C07653,P00281,2025-01-01,2026-08-01,baseline
C07654,P02729,2025-01-01,2026-08-01,baseline
C07655,P03967,2025-01-01,2026-08-01,baseline
C07656,P04782,2025-01-01,2026-08-01,baseline
C07657,P08655,2025-01-01,2026-08-01,baseline
C07658,P06772,2025-01-01,2026-08-01,baseline
C07659,P00745,2025-01-01,2026-08-01,baseline
C07660,P04921,2025-01-01,2026-08-01,baseline
C07661,P08229,2025-01-01,2026-08-01,baseline
C07662,P06847,2025-01-01,2026-08-01,baseline
C07663,P02150,2025-01-01,2026-08-01,baseline
C07664,P09046,2025-01-01,2026-08-01,baseline
C07665,P08252,2025-01-01,2026-08-01,baseline
C07666,P03355,2025-01-01,2026-08-01,baseline
C07667,P07655,2025-01-01,2026-08-01,baseline
C07668,P06142,2025-01-01,2026-08-01,baseline
C07669,P01794,2025-01-01,2026-08-01,baseline
C07670,P09800,2025-01-01,2026-08-01,baseline
C07671,P06920,2025-01-01,2026-08-01,baseline
C07672,P08103,2025-01-01,2026-08-01,baseline
C07673,P00470,2025-01-01,2026-08-01,baseline
C07674,P00497,2025-01-01,2026-08-01,baseline
C07675,P05477,2025-01-01,2026-08-01,baseline
C07676,P05933,2025-01-01,2026-08-01,baseline
C07677,P05900,2025-01-01,2026-08-01,baseline
C07678,P04311,2025-01-01,2026-08-01,baseline
C07679,P07398,2025-01-01,2026-08-01,baseline
C07680,P09606,2025-01-01,2026-08-01,baseline
C07681,P09185,2025-01-01,2026-08-01,baseline
C07682,P09701,2025-01-01,2026-08-01,baseline
C07683,P04410,2025-01-01,2026-08-01,baseline
C07684,P03015,2025-01-01,2026-08-01,baseline
C07685,P07172,2025-01-01,2026-08-01,baseline
C07686,P02101,2025-01-01,2026-08-01,baseline
C07687,P05336,2025-01-01,2026-08-01,baseline
C07688,P00964,2025-01-01,2026-08-01,baseline
C07689,P02334,2025-01-01,2026-08-01,baseline
C07690,P01191,2025-01-01,2026-08-01,baseline
C07691,P04732,2025-01-01,2026-08-01,baseline
C07692,P09017,2025-01-01,2026-08-01,baseline
C07693,P03941,2025-01-01,2026-08-01,baseline
C07694,P00771,2025-01-01,2026-08-01,baseline
C07695,P01535,2025-01-01,2026-08-01,baseline
C07696,P01479,2025-01-01,2026-08-01,baseline
C07697,P04269,2025-01-01,2026-08-01,baseline
C07698,P00711,2025-01-01,2026-08-01,baseline
C07699,P07354,2025-01-01,2026-08-01,baseline
C07700,P01160,2025-01-01,2026-08-01,baseline
C07701,P06811,2025-01-01,2026-08-01,baseline
C07702,P05012,2025-01-01,2026-08-01,baseline
C07703,P03916,2025-01-01,2026-08-01,baseline
C07704,P03472,2025-01-01,2026-08-01,baseline
C07705,P04007,2025-01-01,2026-08-01,baseline
C07706,P09145,2025-01-01,2026-08-01,baseline
C07707,P09041,2025-01-01,2026-08-01,baseline
C07708,P08373,2025-01-01,2026-08-01,baseline
C07709,P07822,2025-01-01,2026-08-01,baseline
C07710,P02514,2025-01-01,2026-08-01,baseline
C07711,P07975,2025-01-01,2026-08-01,baseline
C07712,P09858,2025-01-01,2026-08-01,baseline
C07713,P04532,2025-01-01,2026-08-01,baseline
C07714,P02944,2025-01-01,2026-08-01,baseline
C07715,P08764,2025-01-01,2026-08-01,baseline
C07716,P05054,2025-01-01,2026-08-01,baseline
C07717,P08725,2025-01-01,2026-08-01,baseline
C07718,P04388,2025-01-01,2026-08-01,baseline
C07719,P08939,2025-01-01,2026-08-01,baseline
C07720,P04588,2025-01-01,2026-08-01,baseline
C07721,P00153,2025-01-01,2026-08-01,baseline
C07722,P05743,2025-01-01,2026-08-01,baseline
C07723,P04143,2025-01-01,2026-08-01,baseline
C07724,P05720,2025-01-01,2026-08-01,baseline
C07725,P05355,2025-01-01,2026-08-01,baseline
C07726,P09983,2025-01-01,2026-08-01,baseline
C07727,P01569,2025-01-01,2026-08-01,baseline
C07728,P03693,2025-01-01,2026-08-01,baseline
C07729,P00477,2025-01-01,2026-08-01,baseline
C07730,P03689,2025-01-01,2026-08-01,baseline
C07731,P07552,2025-01-01,2026-08-01,baseline
C07732,P01906,2025-01-01,2026-08-01,baseline
C07733,P04928,2025-01-01,2026-08-01,baseline
C07734,P09675,2025-01-01,2026-08-01,baseline
C07735,P04299,2025-01-01,2026-08-01,baseline
C07736,P04814,2025-01-01,2026-08-01,baseline
C07737,P07148,2025-01-01,2026-08-01,baseline
C07738,P00083,2025-01-01,2026-08-01,baseline
C07739,P06014,2025-01-01,2026-08-01,baseline
C07740,P04287,2025-01-01,2026-08-01,baseline
C07741,P07480,2025-01-01,2026-08-01,baseline
C07742,P05757,2025-01-01,2026-08-01,baseline
C07743,P08445,2025-01-01,2026-08-01,baseline
C07744,P07062,2025-01-01,2026-08-01,baseline
C07745,P01043,2025-01-01,2026-08-01,baseline
C07746,P02977,2025-01-01,2026-08-01,baseline
C07747,P05726,2025-01-01,2026-08-01,baseline
C07748,P01425,2025-01-01,2026-08-01,baseline
C07749,P02730,2025-01-01,2026-08-01,baseline
C07750,P03509,2025-01-01,2026-08-01,baseline
C07751,P06813,2025-01-01,2026-08-01,baseline
C07752,P01724,2025-01-01,2026-08-01,baseline
C07753,P08085,2025-01-01,2026-08-01,baseline
C07754,P06861,2025-01-01,2026-08-01,baseline
C07755,P07060,2025-01-01,2026-08-01,baseline
C07756,P04489,2025-01-01,2026-08-01,baseline
C07757,P03428,2025-01-01,2026-08-01,baseline
C07758,P03043,2025-01-01,2026-08-01,baseline
C07759,P09493,2025-01-01,2026-08-01,baseline
C07760,P06562,2025-01-01,2026-08-01,baseline
C07761,P09135,2025-01-01,2026-08-01,baseline
C07762,P01419,2025-01-01,2026-08-01,baseline
C07763,P06690,2025-01-01,2026-08-01,baseline
C07764,P07582,2025-01-01,2026-08-01,baseline
C07765,P02545,2025-01-01,2026-08-01,baseline
C07766,P02509,2025-01-01,2026-08-01,baseline
C07767,P06255,2025-01-01,2026-08-01,baseline
C07768,P00408,2025-01-01,2026-08-01,baseline
C07769,P01124,2025-01-01,2026-08-01,baseline
C07770,P07472,2025-01-01,2026-08-01,baseline
C07771,P09719,2025-01-01,2026-08-01,baseline
C07772,P07267,2025-01-01,2026-08-01,baseline
C07773,P01949,2025-01-01,2026-08-01,baseline
C07774,P08409,2025-01-01,2026-08-01,baseline
C07775,P01189,2025-01-01,2026-08-01,baseline
C07776,P00049,2025-01-01,2026-08-01,baseline
C07777,P03810,2025-01-01,2026-08-01,baseline
C07778,P07810,2025-01-01,2026-08-01,baseline
C07779,P00472,2025-01-01,2026-08-01,baseline
C07780,P07284,2025-01-01,2026-08-01,baseline
C07781,P06368,2025-01-01,2026-08-01,baseline
C07782,P05525,2025-01-01,2026-08-01,baseline
C07783,P03987,2025-01-01,2026-08-01,baseline
C07784,P09274,2025-01-01,2026-08-01,baseline
C07785,P09650,2025-01-01,2026-08-01,baseline
C07786,P01325,2025-01-01,2026-08-01,baseline
C07787,P06598,2025-01-01,2026-08-01,baseline
C07788,P05615,2025-01-01,2026-08-01,baseline
C07789,P05186,2025-01-01,2026-08-01,baseline
C07790,P03044,2025-01-01,2026-08-01,baseline
C07791,P08536,2025-01-01,2026-08-01,baseline
C07792,P04400,2025-01-01,2026-08-01,baseline
C07793,P06273,2025-01-01,2026-08-01,baseline
C07794,P05895,2025-01-01,2026-08-01,baseline
C07795,P03552,2025-01-01,2026-08-01,baseline
C07796,P03982,2025-01-01,2026-08-01,baseline
C07797,P04214,2025-01-01,2026-08-01,baseline
C07798,P00356,2025-01-01,2026-08-01,baseline
C07799,P05381,2025-01-01,2026-08-01,baseline
C07800,P08583,2025-01-01,2026-08-01,baseline
C07801,P08405,2025-01-01,2026-08-01,baseline
C07802,P03415,2025-01-01,2026-08-01,baseline
C07803,P00497,2025-01-01,2026-08-01,baseline
C07804,P08279,2025-01-01,2026-08-01,baseline
C07805,P04244,2025-01-01,2026-08-01,baseline
C07806,P06834,2025-01-01,2026-08-01,baseline
C07807,P06170,2025-01-01,2026-08-01,baseline
C07808,P05004,2025-01-01,2026-08-01,baseline
C07809,P01169,2025-01-01,2026-08-01,baseline
C07810,P07806,2025-01-01,2026-08-01,baseline
C07811,P03558,2025-01-01,2026-08-01,baseline
C07812,P01821,2025-01-01,2026-08-01,baseline
C07813,P07335,2025-01-01,2026-08-01,baseline
C07814,P01737,2025-01-01,2026-08-01,baseline
C07815,P04503,2025-01-01,2026-08-01,baseline
C07816,P06544,2025-01-01,2026-08-01,baseline
C07817,P02699,2025-01-01,2026-08-01,baseline
C07818,P06422,2025-01-01,2026-08-01,baseline
C07819,P07535,2025-01-01,2026-08-01,baseline
C07820,P04449,2025-01-01,2026-08-01,baseline
C07821,P02752,2025-01-01,2026-08-01,baseline
C07822,P04255,2025-01-01,2026-08-01,baseline
C07823,P09643,2025-01-01,2026-08-01,baseline
C07824,P01173,2025-01-01,2026-08-01,baseline
C07825,P07332,2025-01-01,2026-08-01,baseline
C07826,P07374,2025-01-01,2026-08-01,baseline
C07827,P01986,2025-01-01,2026-08-01,baseline
C07828,P05742,2025-01-01,2026-08-01,baseline
C07829,P06218,2025-01-01,2026-08-01,baseline
C07830,P02819,2025-01-01,2026-08-01,baseline
C07831,P00042,2025-01-01,2026-08-01,baseline
C07832,P00809,2025-01-01,2026-08-01,baseline
C07833,P08237,2025-01-01,2026-08-01,baseline
C07834,P05868,2025-01-01,2026-08-01,baseline
C07835,P01992,2025-01-01,2026-08-01,baseline
C07836,P06639,2025-01-01,2026-08-01,baseline
C07837,P01157,2025-01-01,2026-08-01,baseline
C07838,P03384,2025-01-01,2026-08-01,baseline
C07839,P04150,2025-01-01,2026-08-01,baseline
C07840,P01527,2025-01-01,2026-08-01,baseline
C07841,P04138,2025-01-01,2026-08-01,baseline
C07842,P00986,2025-01-01,2026-08-01,baseline
C07843,P07738,2025-01-01,2026-08-01,baseline
C07844,P00575,2025-01-01,2026-08-01,baseline
C07845,P00401,2025-01-01,2026-08-01,baseline
C07846,P01036,2025-01-01,2026-08-01,baseline
C07847,P06239,2025-01-01,2026-08-01,baseline
C07848,P09851,2025-01-01,2026-08-01,baseline
C07849,P04136,2025-01-01,2026-08-01,baseline
C07850,P07134,2025-01-01,2026-08-01,baseline
C07851,P00040,2025-01-01,2026-08-01,baseline
C07852,P06394,2025-01-01,2026-08-01,baseline
C07853,P00005,2025-01-01,2026-08-01,baseline
C07854,P01086,2025-01-01,2026-08-01,baseline
C07855,P00644,2025-01-01,2026-08-01,baseline
C07856,P00232,2025-01-01,2026-08-01,baseline
C07857,P07876,2025-01-01,2026-08-01,baseline
C07858,P00972,2025-01-01,2026-08-01,baseline
C07859,P09586,2025-01-01,2026-08-01,baseline
C07860,P00844,2025-01-01,2026-08-01,baseline
C07861,P05021,2025-01-01,2026-08-01,baseline
C07862,P06525,2025-01-01,2026-08-01,baseline
C07863,P09249,2025-01-01,2026-08-01,baseline
C07864,P06123,2025-01-01,2026-08-01,baseline
C07865,P08010,2025-01-01,2026-08-01,baseline
C07866,P09882,2025-01-01,2026-08-01,baseline
C07867,P05717,2025-01-01,2026-08-01,baseline
C07868,P06853,2025-01-01,2026-08-01,baseline
C07869,P09463,2025-01-01,2026-08-01,baseline
C07870,P05522,2025-01-01,2026-08-01,baseline
C07871,P03659,2025-01-01,2026-08-01,baseline
C07872,P06034,2025-01-01,2026-08-01,baseline
C07873,P04022,2025-01-01,2026-08-01,baseline
C07874,P09544,2025-01-01,2026-08-01,baseline
C07875,P02958,2025-01-01,2026-08-01,baseline
C07876,P08965,2025-01-01,2026-08-01,baseline
C07877,P09432,2025-01-01,2026-08-01,baseline
C07878,P04258,2025-01-01,2026-08-01,baseline
C07879,P07878,2025-01-01,2026-08-01,baseline
C07880,P06843,2025-01-01,2026-08-01,baseline
C07881,P01943,2025-01-01,2026-08-01,baseline
C07882,P02634,2025-01-01,2026-08-01,baseline
C07883,P08163,2025-01-01,2026-08-01,baseline
C07884,P00392,2025-01-01,2026-08-01,baseline
C07885,P02689,2025-01-01,2026-08-01,baseline
C07886,P08011,2025-01-01,2026-08-01,baseline
C07887,P07013,2025-01-01,2026-08-01,baseline
C07888,P01893,2025-01-01,2026-08-01,baseline
C07889,P00468,2025-01-01,2026-08-01,baseline
C07890,P04144,2025-01-01,2026-08-01,baseline
C07891,P06526,2025-01-01,2026-08-01,baseline
C07892,P06531,2025-01-01,2026-08-01,baseline
C07893,P09901,2025-01-01,2026-08-01,baseline
C07894,P01405,2025-01-01,2026-08-01,baseline
C07895,P01328,2025-01-01,2026-08-01,baseline
C07896,P07218,2025-01-01,2026-08-01,baseline
C07897,P02113,2025-01-01,2026-08-01,baseline
C07898,P08865,2025-01-01,2026-08-01,baseline
C07899,P07107,2025-01-01,2026-08-01,baseline
C07900,P06536,2025-01-01,2026-08-01,baseline
C07901,P06990,2025-01-01,2026-08-01,baseline
C07902,P09822,2025-01-01,2026-08-01,baseline
C07903,P01859,2025-01-01,2026-08-01,baseline
C07904,P01412,2025-01-01,2026-08-01,baseline
C07905,P04768,2025-01-01,2026-08-01,baseline
C07906,P07207,2025-01-01,2026-08-01,baseline
C07907,P05403,2025-01-01,2026-08-01,baseline
C07908,P04334,2025-01-01,2026-08-01,baseline
C07909,P04045,2025-01-01,2026-08-01,baseline
C07910,P03568,2025-01-01,2026-08-01,baseline
C07911,P09085,2025-01-01,2026-08-01,baseline
C07912,P02426,2025-01-01,2026-08-01,baseline
C07913,P06970,2025-01-01,2026-08-01,baseline
C07914,P06744,2025-01-01,2026-08-01,baseline
C07915,P04059,2025-01-01,2026-08-01,baseline
C07916,P04844,2025-01-01,2026-08-01,baseline
C07917,P01563,2025-01-01,2026-08-01,baseline
C07918,P06573,2025-01-01,2026-08-01,baseline
C07919,P04183,2025-01-01,2026-08-01,baseline
C07920,P00199,2025-01-01,2026-08-01,baseline
C07921,P07024,2025-01-01,2026-08-01,baseline
C07922,P04573,2025-01-01,2026-08-01,baseline
C07923,P02064,2025-01-01,2026-08-01,baseline
C07924,P07505,2025-01-01,2026-08-01,baseline
C07925,P09395,2025-01-01,2026-08-01,baseline
C07926,P02046,2025-01-01,2026-08-01,baseline
C07927,P07197,2025-01-01,2026-08-01,baseline
C07928,P05448,2025-01-01,2026-08-01,baseline
C07929,P08601,2025-01-01,2026-08-01,baseline
C07930,P07829,2025-01-01,2026-08-01,baseline
C07931,P06593,2025-01-01,2026-08-01,baseline
C07932,P04977,2025-01-01,2026-08-01,baseline
C07933,P01035,2025-01-01,2026-08-01,baseline
C07934,P01229,2025-01-01,2026-08-01,baseline
C07935,P06309,2025-01-01,2026-08-01,baseline
C07936,P02449,2025-01-01,2026-08-01,baseline
C07937,P09323,2025-01-01,2026-08-01,baseline
C07938,P01900,2025-01-01,2026-08-01,baseline
C07939,P07661,2025-01-01,2026-08-01,baseline
C07940,P04395,2025-01-01,2026-08-01,baseline
C07941,P01835,2025-01-01,2026-08-01,baseline
C07942,P05262,2025-01-01,2026-08-01,baseline
C07943,P03050,2025-01-01,2026-08-01,baseline
C07944,P08947,2025-01-01,2026-08-01,baseline
C07945,P05854,2025-01-01,2026-08-01,baseline
C07946,P09627,2025-01-01,2026-08-01,baseline
C07947,P02764,2025-01-01,2026-08-01,baseline
C07948,P08010,2025-01-01,2026-08-01,baseline
C07949,P08071,2025-01-01,2026-08-01,baseline
C07950,P07252,2025-01-01,2026-08-01,baseline
C07951,P09044,2025-01-01,2026-08-01,baseline
C07952,P03223,2025-01-01,2026-08-01,baseline
C07953,P00287,2025-01-01,2026-08-01,baseline
C07954,P01861,2025-01-01,2026-08-01,baseline
C07955,P03471,2025-01-01,2026-08-01,baseline
C07956,P04588,2025-01-01,2026-08-01,baseline
C07957,P08460,2025-01-01,2026-08-01,baseline
C07958,P03920,2025-01-01,2026-08-01,baseline
C07959,P04861,2025-01-01,2026-08-01,baseline
C07960,P02875,2025-01-01,2026-08-01,baseline
C07961,P09463,2025-01-01,2026-08-01,baseline
C07962,P05120,2025-01-01,2026-08-01,baseline
C07963,P09470,2025-01-01,2026-08-01,baseline
C07964,P04024,2025-01-01,2026-08-01,baseline
C07965,P01251,2025-01-01,2026-08-01,baseline
C07966,P06209,2025-01-01,2026-08-01,baseline
C07967,P06699,2025-01-01,2026-08-01,baseline
C07968,P05008,2025-01-01,2026-08-01,baseline
C07969,P06135,2025-01-01,2026-08-01,baseline
C07970,P07617,2025-01-01,2026-08-01,baseline
C07971,P04018,2025-01-01,2026-08-01,baseline
C07972,P05777,2025-01-01,2026-08-01,baseline
C07973,P00578,2025-01-01,2026-08-01,baseline
C07974,P00801,2025-01-01,2026-08-01,baseline
C07975,P08525,2025-01-01,2026-08-01,baseline
C07976,P02491,2025-01-01,2026-08-01,baseline
C07977,P05894,2025-01-01,2026-08-01,baseline
C07978,P08114,2025-01-01,2026-08-01,baseline
C07979,P05870,2025-01-01,2026-08-01,baseline
C07980,P05017,2025-01-01,2026-08-01,baseline
C07981,P00777,2025-01-01,2026-08-01,baseline
C07982,P09134,2025-01-01,2026-08-01,baseline
C07983,P04245,2025-01-01,2026-08-01,baseline
C07984,P09948,2025-01-01,2026-08-01,baseline
C07985,P03140,2025-01-01,2026-08-01,baseline
C07986,P07268,2025-01-01,2026-08-01,baseline
C07987,P04478,2025-01-01,2026-08-01,baseline
C07988,P05675,2025-01-01,2026-08-01,baseline
C07989,P02931,2025-01-01,2026-08-01,baseline
C07990,P00852,2025-01-01,2026-08-01,baseline
C07991,P05375,2025-01-01,2026-08-01,baseline
C07992,P00548,2025-01-01,2026-08-01,baseline
C07993,P01062,2025-01-01,2026-08-01,baseline
C07994,P05349,2025-01-01,2026-08-01,baseline
C07995,P03229,2025-01-01,2026-08-01,baseline
C07996,P08144,2025-01-01,2026-08-01,baseline
C07997,P08570,2025-01-01,2026-08-01,baseline
C07998,P01718,2025-01-01,2026-08-01,baseline
C07999,P03978,2025-01-01,2026-08-01,baseline
C08000,P07087,2025-01-01,2026-08-01,baseline
C08001,P06427,2025-01-01,2026-08-01,baseline
C08002,P09920,2025-01-01,2026-08-01,baseline
C08003,P01168,2025-01-01,2026-08-01,baseline
C08004,P02002,2025-01-01,2026-08-01,baseline
C08005,P05562,2025-01-01,2026-08-01,baseline
C08006,P02647,2025-01-01,2026-08-01,baseline
C08007,P07221,2025-01-01,2026-08-01,baseline
C08008,P00560,2025-01-01,2026-08-01,baseline
C08009,P00904,2025-01-01,2026-08-01,baseline
C08010,P07836,2025-01-01,2026-08-01,baseline
C08011,P07920,2025-01-01,2026-08-01,baseline
C08012,P02740,2025-01-01,2026-08-01,baseline
C08013,P06567,2025-01-01,2026-08-01,baseline
C08014,P03969,2025-01-01,2026-08-01,baseline
C08015,P06408,2025-01-01,2026-08-01,baseline
C08016,P03634,2025-01-01,2026-08-01,baseline
C08017,P07467,2025-01-01,2026-08-01,baseline
C08018,P05630,2025-01-01,2026-08-01,baseline
C08019,P04182,2025-01-01,2026-08-01,baseline
C08020,P06251,2025-01-01,2026-08-01,baseline
C08021,P07505,2025-01-01,2026-08-01,baseline
C08022,P00294,2025-01-01,2026-08-01,baseline
C08023,P07016,2025-01-01,2026-08-01,baseline
C08024,P01682,2025-01-01,2026-08-01,baseline
C08025,P00611,2025-01-01,2026-08-01,baseline
C08026,P06090,2025-01-01,2026-08-01,baseline
C08027,P08144,2025-01-01,2026-08-01,baseline
C08028,P09906,2025-01-01,2026-08-01,baseline
C08029,P05141,2025-01-01,2026-08-01,baseline
C08030,P07654,2025-01-01,2026-08-01,baseline
C08031,P09029,2025-01-01,2026-08-01,baseline
C08032,P04123,2025-01-01,2026-08-01,baseline
C08033,P04253,2025-01-01,2026-08-01,baseline
C08034,P01976,2025-01-01,2026-08-01,baseline
C08035,P01094,2025-01-01,2026-08-01,baseline
C08036,P07935,2025-01-01,2026-08-01,baseline
C08037,P01638,2025-01-01,2026-08-01,baseline
C08038,P05737,2025-01-01,2026-08-01,baseline
C08039,P03609,2025-01-01,2026-08-01,baseline
C08040,P07871,2025-01-01,2026-08-01,baseline
C08041,P05647,2025-01-01,2026-08-01,baseline
C08042,P09183,2025-01-01,2026-08-01,baseline
C08043,P03476,2025-01-01,2026-08-01,baseline
C08044,P06474,2025-01-01,2026-08-01,baseline
C08045,P07584,2025-01-01,2026-08-01,baseline
C08046,P03409,2025-01-01,2026-08-01,baseline
C08047,P00468,2025-01-01,2026-08-01,baseline
C08048,P03665,2025-01-01,2026-08-01,baseline
C08049,P08163,2025-01-01,2026-08-01,baseline
C08050,P06983,2025-01-01,2026-08-01,baseline
C08051,P08428,2025-01-01,2026-08-01,baseline
C08052,P00310,2025-01-01,2026-08-01,baseline
C08053,P07267,2025-01-01,2026-08-01,baseline
C08054,P04001,2025-01-01,2026-08-01,baseline
C08055,P02671,2025-01-01,2026-08-01,baseline
C08056,P00938,2025-01-01,2026-08-01,baseline
C08057,P00171,2025-01-01,2026-08-01,baseline
C08058,P08278,2025-01-01,2026-08-01,baseline
C08059,P03276,2025-01-01,2026-08-01,baseline
C08060,P05096,2025-01-01,2026-08-01,baseline
C08061,P07606,2025-01-01,2026-08-01,baseline
C08062,P08209,2025-01-01,2026-08-01,baseline
C08063,P05717,2025-01-01,2026-08-01,baseline
C08064,P05318,2025-01-01,2026-08-01,baseline
C08065,P09698,2025-01-01,2026-08-01,baseline
C08066,P05198,2025-01-01,2026-08-01,baseline
C08067,P03160,2025-01-01,2026-08-01,baseline
C08068,P00239,2025-01-01,2026-08-01,baseline
C08069,P05235,2025-01-01,2026-08-01,baseline
C08070,P08335,2025-01-01,2026-08-01,baseline
C08071,P07976,2025-01-01,2026-08-01,baseline
C08072,P06717,2025-01-01,2026-08-01,baseline
C08073,P06542,2025-01-01,2026-08-01,baseline
C08074,P09289,2025-01-01,2026-08-01,baseline
C08075,P04026,2025-01-01,2026-08-01,baseline
C08076,P00719,2025-01-01,2026-08-01,baseline
C08077,P03664,2025-01-01,2026-08-01,baseline
C08078,P09826,2025-01-01,2026-08-01,baseline
C08079,P04376,2025-01-01,2026-08-01,baseline
C08080,P01637,2025-01-01,2026-08-01,baseline
C08081,P08534,2025-01-01,2026-08-01,baseline
C08082,P07661,2025-01-01,2026-08-01,baseline
C08083,P09036,2025-01-01,2026-08-01,baseline
C08084,P08655,2025-01-01,2026-08-01,baseline
C08085,P07193,2025-01-01,2026-08-01,baseline
C08086,P07021,2025-01-01,2026-08-01,baseline
C08087,P05432,2025-01-01,2026-08-01,baseline
C08088,P04138,2025-01-01,2026-08-01,baseline
C08089,P02048,2025-01-01,2026-08-01,baseline
C08090,P06364,2025-01-01,2026-08-01,baseline
C08091,P07112,2025-01-01,2026-08-01,baseline
C08092,P08401,2025-01-01,2026-08-01,baseline
C08093,P02691,2025-01-01,2026-08-01,baseline
C08094,P07380,2025-01-01,2026-08-01,baseline
C08095,P01489,2025-01-01,2026-08-01,baseline
C08096,P06156,2025-01-01,2026-08-01,baseline
C08097,P05938,2025-01-01,2026-08-01,baseline
C08098,P06204,2025-01-01,2026-08-01,baseline
C08099,P05730,2025-01-01,2026-08-01,baseline
C08100,P02281,2025-01-01,2026-08-01,baseline
C08101,P07154,2025-01-01,2026-08-01,baseline
C08102,P06975,2025-01-01,2026-08-01,baseline
C08103,P09508,2025-01-01,2026-08-01,baseline
C08104,P02273,2025-01-01,2026-08-01,baseline
C08105,P06446,2025-01-01,2026-08-01,baseline
C08106,P05139,2025-01-01,2026-08-01,baseline
C08107,P07840,2025-01-01,2026-08-01,baseline
C08108,P09472,2025-01-01,2026-08-01,baseline
C08109,P08254,2025-01-01,2026-08-01,baseline
C08110,P06676,2025-01-01,2026-08-01,baseline
C08111,P02961,2025-01-01,2026-08-01,baseline
C08112,P03320,2025-01-01,2026-08-01,baseline
C08113,P08365,2025-01-01,2026-08-01,baseline
C08114,P07156,2025-01-01,2026-08-01,baseline
C08115,P03461,2025-01-01,2026-08-01,baseline
C08116,P01429,2025-01-01,2026-08-01,baseline
C08117,P08330,2025-01-01,2026-08-01,baseline
C08118,P06576,2025-01-01,2026-08-01,baseline
C08119,P05786,2025-01-01,2026-08-01,baseline
C08120,P09895,2025-01-01,2026-08-01,baseline
C08121,P02883,2025-01-01,2026-08-01,baseline
C08122,P01066,2025-01-01,2026-08-01,baseline
C08123,P04648,2025-01-01,2026-08-01,baseline
C08124,P06907,2025-01-01,2026-08-01,baseline
C08125,P01384,2025-01-01,2026-08-01,baseline
C08126,P07217,2025-01-01,2026-08-01,baseline
C08127,P04548,2025-01-01,2026-08-01,baseline
C08128,P09419,2025-01-01,2026-08-01,baseline
C08129,P01641,2025-01-01,2026-08-01,baseline
C08130,P03838,2025-01-01,2026-08-01,baseline
C08131,P00456,2025-01-01,2026-08-01,baseline
C08132,P03204,2025-01-01,2026-08-01,baseline
C08133,P02737,2025-01-01,2026-08-01,baseline
C08134,P00874,2025-01-01,2026-08-01,baseline
C08135,P05416,2025-01-01,2026-08-01,baseline
C08136,P07602,2025-01-01,2026-08-01,baseline
C08137,P07964,2025-01-01,2026-08-01,baseline
C08138,P08643,2025-01-01,2026-08-01,baseline
C08139,P09540,2025-01-01,2026-08-01,baseline
C08140,P01546,2025-01-01,2026-08-01,baseline
C08141,P01538,2025-01-01,2026-08-01,baseline
C08142,P04039,2025-01-01,2026-08-01,baseline
C08143,P05753,2025-01-01,2026-08-01,baseline
C08144,P04539,2025-01-01,2026-08-01,baseline
C08145,P08344,2025-01-01,2026-08-01,baseline
C08146,P01284,2025-01-01,2026-08-01,baseline
C08147,P05830,2025-01-01,2026-08-01,baseline
C08148,P06541,2025-01-01,2026-08-01,baseline
C08149,P04194,2025-01-01,2026-08-01,baseline
C08150,P00898,2025-01-01,2026-08-01,baseline
C08151,P08020,2025-01-01,2026-08-01,baseline
C08152,P05916,2025-01-01,2026-08-01,baseline
C08153,P01303,2025-01-01,2026-08-01,baseline
C08154,P08137,2025-01-01,2026-08-01,baseline
C08155,P02131,2025-01-01,2026-08-01,baseline
C08156,P06008,2025-01-01,2026-08-01,baseline
C08157,P00820,2025-01-01,2026-08-01,baseline
C08158,P07400,2025-01-01,2026-08-01,baseline
C08159,P08257,2025-01-01,2026-08-01,baseline
C08160,P02397,2025-01-01,2026-08-01,baseline
C08161,P06161,2025-01-01,2026-08-01,baseline
C08162,P02976,2025-01-01,2026-08-01,baseline
C08163,P04436,2025-01-01,2026-08-01,baseline
C08164,P04984,2025-01-01,2026-08-01,baseline
C08165,P04331,2025-01-01,2026-08-01,baseline
C08166,P09262,2025-01-01,2026-08-01,baseline
C08167,P00277,2025-01-01,2026-08-01,baseline
C08168,P08266,2025-01-01,2026-08-01,baseline
C08169,P03156,2025-01-01,2026-08-01,baseline
C08170,P03201,2025-01-01,2026-08-01,baseline
C08171,P04977,2025-01-01,2026-08-01,baseline
C08172,P01110,2025-01-01,2026-08-01,baseline
C08173,P03073,2025-01-01,2026-08-01,baseline
C08174,P09555,2025-01-01,2026-08-01,baseline
C08175,P02489,2025-01-01,2026-08-01,baseline
C08176,P07428,2025-01-01,2026-08-01,baseline
C08177,P08852,2025-01-01,2026-08-01,baseline
C08178,P02032,2025-01-01,2026-08-01,baseline
C08179,P00220,2025-01-01,2026-08-01,baseline
C08180,P07816,2025-01-01,2026-08-01,baseline
C08181,P03997,2025-01-01,2026-08-01,baseline
C08182,P00440,2025-01-01,2026-08-01,baseline
C08183,P07232,2025-01-01,2026-08-01,baseline
C08184,P06645,2025-01-01,2026-08-01,baseline
C08185,P04290,2025-01-01,2026-08-01,baseline
C08186,P04757,2025-01-01,2026-08-01,baseline
C08187,P08249,2025-01-01,2026-08-01,baseline
C08188,P08590,2025-01-01,2026-08-01,baseline
C08189,P03912,2025-01-01,2026-08-01,baseline
C08190,P03346,2025-01-01,2026-08-01,baseline
C08191,P04788,2025-01-01,2026-08-01,baseline
C08192,P03973,2025-01-01,2026-08-01,baseline
C08193,P04800,2025-01-01,2026-08-01,baseline
C08194,P06347,2025-01-01,2026-08-01,baseline
C08195,P02169,2025-01-01,2026-08-01,baseline
C08196,P09112,2025-01-01,2026-08-01,baseline
C08197,P07685,2025-01-01,2026-08-01,baseline
C08198,P09164,2025-01-01,2026-08-01,baseline
C08199,P08766,2025-01-01,2026-08-01,baseline
C08200,P03099,2025-01-01,2026-08-01,baseline
C08201,P00497,2025-01-01,2026-08-01,baseline
C08202,P05815,2025-01-01,2026-08-01,baseline
C08203,P01261,2025-01-01,2026-08-01,baseline
C08204,P03036,2025-01-01,2026-08-01,baseline
C08205,P00129,2025-01-01,2026-08-01,baseline
C08206,P01952,2025-01-01,2026-08-01,baseline
C08207,P01687,2025-01-01,2026-08-01,baseline
C08208,P08600,2025-01-01,2026-08-01,baseline
C08209,P02361,2025-01-01,2026-08-01,baseline
C08210,P01044,2025-01-01,2026-08-01,baseline
C08211,P04082,2025-01-01,2026-08-01,baseline
C08212,P00806,2025-01-01,2026-08-01,baseline
C08213,P02636,2025-01-01,2026-08-01,baseline
C08214,P06704,2025-01-01,2026-08-01,baseline
C08215,P02437,2025-01-01,2026-08-01,baseline
C08216,P09360,2025-01-01,2026-08-01,baseline
C08217,P02922,2025-01-01,2026-08-01,baseline
C08218,P07241,2025-01-01,2026-08-01,baseline
C08219,P05637,2025-01-01,2026-08-01,baseline
C08220,P03197,2025-01-01,2026-08-01,baseline
C08221,P05266,2025-01-01,2026-08-01,baseline
C08222,P08319,2025-01-01,2026-08-01,baseline
C08223,P04901,2025-01-01,2026-08-01,baseline
C08224,P03915,2025-01-01,2026-08-01,baseline
C08225,P05597,2025-01-01,2026-08-01,baseline
C08226,P04182,2025-01-01,2026-08-01,baseline
C08227,P05146,2025-01-01,2026-08-01,baseline
C08228,P03235,2025-01-01,2026-08-01,baseline
C08229,P09644,2025-01-01,2026-08-01,baseline
C08230,P03375,2025-01-01,2026-08-01,baseline
C08231,P09110,2025-01-01,2026-08-01,baseline
C08232,P07452,2025-01-01,2026-08-01,baseline
C08233,P09414,2025-01-01,2026-08-01,baseline
C08234,P04127,2025-01-01,2026-08-01,baseline
C08235,P02036,2025-01-01,2026-08-01,baseline
C08236,P08423,2025-01-01,2026-08-01,baseline
C08237,P01968,2025-01-01,2026-08-01,baseline
C08238,P08366,2025-01-01,2026-08-01,baseline
C08239,P09155,2025-01-01,2026-08-01,baseline
C08240,P09653,2025-01-01,2026-08-01,baseline
C08241,P09667,2025-01-01,2026-08-01,baseline
C08242,P08617,2025-01-01,2026-08-01,baseline
C08243,P01377,2025-01-01,2026-08-01,baseline
C08244,P07515,2025-01-01,2026-08-01,baseline
C08245,P04400,2025-01-01,2026-08-01,baseline
C08246,P03360,2025-01-01,2026-08-01,baseline
C08247,P01059,2025-01-01,2026-08-01,baseline
C08248,P08011,2025-01-01,2026-08-01,baseline
C08249,P08018,2025-01-01,2026-08-01,baseline
C08250,P07866,2025-01-01,2026-08-01,baseline
C08251,P09378,2025-01-01,2026-08-01,baseline
C08252,P01629,2025-01-01,2026-08-01,baseline
C08253,P09719,2025-01-01,2026-08-01,baseline
C08254,P09664,2025-01-01,2026-08-01,baseline
C08255,P04001,2025-01-01,2026-08-01,baseline
C08256,P00472,2025-01-01,2026-08-01,baseline
C08257,P05975,2025-01-01,2026-08-01,baseline
C08258,P00628,2025-01-01,2026-08-01,baseline
C08259,P04095,2025-01-01,2026-08-01,baseline
C08260,P07949,2025-01-01,2026-08-01,baseline
C08261,P04037,2025-01-01,2026-08-01,baseline
C08262,P05190,2025-01-01,2026-08-01,baseline
C08263,P06675,2025-01-01,2026-08-01,baseline
C08264,P01708,2025-01-01,2026-08-01,baseline
C08265,P07094,2025-01-01,2026-08-01,baseline
C08266,P01326,2025-01-01,2026-08-01,baseline
C08267,P09136,2025-01-01,2026-08-01,baseline
C08268,P04652,2025-01-01,2026-08-01,baseline
C08269,P01161,2025-01-01,2026-08-01,baseline
C08270,P07259,2025-01-01,2026-08-01,baseline
C08271,P02710,2025-01-01,2026-08-01,baseline
C08272,P06393,2025-01-01,2026-08-01,baseline
C08273,P03335,2025-01-01,2026-08-01,baseline
C08274,P09612,2025-01-01,2026-08-01,baseline
C08275,P00856,2025-01-01,2026-08-01,baseline
C08276,P08050,2025-01-01,2026-08-01,baseline
C08277,P04064,2025-01-01,2026-08-01,baseline
C08278,P08276,2025-01-01,2026-08-01,baseline
C08279,P04991,2025-01-01,2026-08-01,baseline
C08280,P09146,2025-01-01,2026-08-01,baseline
C08281,P06773,2025-01-01,2026-08-01,baseline
C08282,P08968,2025-01-01,2026-08-01,baseline
C08283,P02012,2025-01-01,2026-08-01,baseline
C08284,P08474,2025-01-01,2026-08-01,baseline
C08285,P03121,2025-01-01,2026-08-01,baseline
C08286,P01865,2025-01-01,2026-08-01,baseline
C08287,P01102,2025-01-01,2026-08-01,baseline
C08288,P03557,2025-01-01,2026-08-01,baseline
C08289,P05211,2025-01-01,2026-08-01,baseline
C08290,P05396,2025-01-01,2026-08-01,baseline
C08291,P08163,2025-01-01,2026-08-01,baseline
C08292,P01160,2025-01-01,2026-08-01,baseline
C08293,P04517,2025-01-01,2026-08-01,baseline
C08294,P09971,2025-01-01,2026-08-01,baseline
C08295,P04173,2025-01-01,2026-08-01,baseline
C08296,P09946,2025-01-01,2026-08-01,baseline
C08297,P00838,2025-01-01,2026-08-01,baseline
C08298,P01058,2025-01-01,2026-08-01,baseline
C08299,P00300,2025-01-01,2026-08-01,baseline
C08300,P03089,2025-01-01,2026-08-01,baseline
C08301,P06116,2025-01-01,2026-08-01,baseline
C08302,P08070,2025-01-01,2026-08-01,baseline
C08303,P04335,2025-01-01,2026-08-01,baseline
C08304,P09249,2025-01-01,2026-08-01,baseline
C08305,P01099,2025-01-01,2026-08-01,baseline
C08306,P01403,2025-01-01,2026-08-01,baseline
C08307,P04623,2025-01-01,2026-08-01,baseline
C08308,P04832,2025-01-01,2026-08-01,baseline
C08309,P02112,2025-01-01,2026-08-01,baseline
C08310,P01112,2025-01-01,2026-08-01,baseline
C08311,P07957,2025-01-01,2026-08-01,baseline
C08312,P06649,2025-01-01,2026-08-01,baseline
C08313,P04979,2025-01-01,2026-08-01,baseline
C08314,P09764,2025-01-01,2026-08-01,baseline
C08315,P07566,2025-01-01,2026-08-01,baseline
C08316,P00044,2025-01-01,2026-08-01,baseline
C08317,P05077,2025-01-01,2026-08-01,baseline
C08318,P03275,2025-01-01,2026-08-01,baseline
C08319,P03911,2025-01-01,2026-08-01,baseline
C08320,P03632,2025-01-01,2026-08-01,baseline
C08321,P03091,2025-01-01,2026-08-01,baseline
C08322,P01745,2025-01-01,2026-08-01,baseline
C08323,P07802,2025-01-01,2026-08-01,baseline
C08324,P06305,2025-01-01,2026-08-01,baseline
C08325,P06992,2025-01-01,2026-08-01,baseline
C08326,P03515,2025-01-01,2026-08-01,baseline
C08327,P04880,2025-01-01,2026-08-01,baseline
C08328,P09664,2025-01-01,2026-08-01,baseline
C08329,P02582,2025-01-01,2026-08-01,baseline
C08330,P03063,2025-01-01,2026-08-01,baseline
C08331,P02066,2025-01-01,2026-08-01,baseline
C08332,P07382,2025-01-01,2026-08-01,baseline
C08333,P05015,2025-01-01,2026-08-01,baseline
C08334,P03055,2025-01-01,2026-08-01,baseline
C08335,P06537,2025-01-01,2026-08-01,baseline
C08336,P06891,2025-01-01,2026-08-01,baseline
C08337,P08003,2025-01-01,2026-08-01,baseline
C08338,P05366,2025-01-01,2026-08-01,baseline
C08339,P04539,2025-01-01,2026-08-01,baseline
C08340,P07165,2025-01-01,2026-08-01,baseline
C08341,P05026,2025-01-01,2026-08-01,baseline
C08342,P05341,2025-01-01,2026-08-01,baseline
C08343,P08430,2025-01-01,2026-08-01,baseline
C08344,P08172,2025-01-01,2026-08-01,baseline
C08345,P07928,2025-01-01,2026-08-01,baseline
C08346,P09906,2025-01-01,2026-08-01,baseline
C08347,P03155,2025-01-01,2026-08-01,baseline
C08348,P02438,2025-01-01,2026-08-01,baseline
C08349,P03142,2025-01-01,2026-08-01,baseline
C08350,P05726,2025-01-01,2026-08-01,baseline
C08351,P02553,2025-01-01,2026-08-01,baseline
C08352,P04903,2025-01-01,2026-08-01,baseline
C08353,P03007,2025-01-01,2026-08-01,baseline
C08354,P08547,2025-01-01,2026-08-01,baseline
C08355,P02247,2025-01-01,2026-08-01,baseline
C08356,P01628,2025-01-01,2026-08-01,baseline
C08357,P02551,2025-01-01,2026-08-01,baseline
C08358,P08691,2025-01-01,2026-08-01,baseline
C08359,P00033,2025-01-01,2026-08-01,baseline
C08360,P05991,2025-01-01,2026-08-01,baseline
C08361,P01107,2025-01-01,2026-08-01,baseline
C08362,P00795,2025-01-01,2026-08-01,baseline
C08363,P06353,2025-01-01,2026-08-01,baseline
C08364,P03649,2025-01-01,2026-08-01,baseline
C08365,P04441,2025-01-01,2026-08-01,baseline
C08366,P04245,2025-01-01,2026-08-01,baseline
C08367,P09727,2025-01-01,2026-08-01,baseline
C08368,P08849,2025-01-01,2026-08-01,baseline
C08369,P09163,2025-01-01,2026-08-01,baseline
C08370,P05000,2025-01-01,2026-08-01,baseline
C08371,P02768,2025-01-01,2026-08-01,baseline
C08372,P06103,2025-01-01,2026-08-01,baseline
C08373,P01260,2025-01-01,2026-08-01,baseline
C08374,P05311,2025-01-01,2026-08-01,baseline
C08375,P05704,2025-01-01,2026-08-01,baseline
C08376,P01657,2025-01-01,2026-08-01,baseline
C08377,P02664,2025-01-01,2026-08-01,baseline
C08378,P03857,2025-01-01,2026-08-01,baseline
C08379,P09326,2025-01-01,2026-08-01,baseline
C08380,P00011,2025-01-01,2026-08-01,baseline
C08381,P05654,2025-01-01,2026-08-01,baseline
C08382,P05834,2025-01-01,2026-08-01,baseline
C08383,P03179,2025-01-01,2026-08-01,baseline
C08384,P05340,2025-01-01,2026-08-01,baseline
C08385,P01235,2025-01-01,2026-08-01,baseline
C08386,P08981,2025-01-01,2026-08-01,baseline
C08387,P08420,2025-01-01,2026-08-01,baseline
C08388,P05197,2025-01-01,2026-08-01,baseline
C08389,P05584,2025-01-01,2026-08-01,baseline
C08390,P06161,2025-01-01,2026-08-01,baseline
C08391,P03180,2025-01-01,2026-08-01,baseline
C08392,P02758,2025-01-01,2026-08-01,baseline
C08393,P02040,2025-01-01,2026-08-01,baseline
C08394,P05198,2025-01-01,2026-08-01,baseline
C08395,P03151,2025-01-01,2026-08-01,baseline
C08396,P04797,2025-01-01,2026-08-01,baseline
C08397,P00907,2025-01-01,2026-08-01,baseline
C08398,P04173,2025-01-01,2026-08-01,baseline
C08399,P06549,2025-01-01,2026-08-01,baseline
C08400,P09865,2025-01-01,2026-08-01,baseline
C08401,P08251,2025-01-01,2026-08-01,baseline
C08402,P07611,2025-01-01,2026-08-01,baseline
C08403,P09350,2025-01-01,2026-08-01,baseline
C08404,P05345,2025-01-01,2026-08-01,baseline
C08405,P03600,2025-01-01,2026-08-01,baseline
C08406,P01894,2025-01-01,2026-08-01,baseline
C08407,P04434,2025-01-01,2026-08-01,baseline
C08408,P05939,2025-01-01,2026-08-01,baseline
C08409,P05678,2025-01-01,2026-08-01,baseline
C08410,P01674,2025-01-01,2026-08-01,baseline
C08411,P08145,2025-01-01,2026-08-01,baseline
C08412,P08086,2025-01-01,2026-08-01,baseline
C08413,P07154,2025-01-01,2026-08-01,baseline
C08414,P00974,2025-01-01,2026-08-01,baseline
C08415,P01903,2025-01-01,2026-08-01,baseline
C08416,P00141,2025-01-01,2026-08-01,baseline
C08417,P02027,2025-01-01,2026-08-01,baseline
C08418,P03450,2025-01-01,2026-08-01,baseline
C08419,P06976,2025-01-01,2026-08-01,baseline
C08420,P03916,2025-01-01,2026-08-01,baseline
C08421,P09053,2025-01-01,2026-08-01,baseline
C08422,P01416,2025-01-01,2026-08-01,baseline
C08423,P09848,2025-01-01,2026-08-01,baseline
C08424,P04576,2025-01-01,2026-08-01,baseline
C08425,P02981,2025-01-01,2026-08-01,baseline
C08426,P06390,2025-01-01,2026-08-01,baseline
C08427,P07657,2025-01-01,2026-08-01,baseline
C08428,P06697,2025-01-01,2026-08-01,baseline
C08429,P05095,2025-01-01,2026-08-01,baseline
C08430,P04216,2025-01-01,2026-08-01,baseline
C08431,P04311,2025-01-01,2026-08-01,baseline
C08432,P07942,2025-01-01,2026-08-01,baseline
C08433,P04701,2025-01-01,2026-08-01,baseline
C08434,P05940,2025-01-01,2026-08-01,baseline
C08435,P05909,2025-01-01,2026-08-01,baseline
C08436,P04843,2025-01-01,2026-08-01,baseline
C08437,P02825,2025-01-01,2026-08-01,baseline
C08438,P02315,2025-01-01,2026-08-01,baseline
C08439,P08404,2025-01-01,2026-08-01,baseline
C08440,P06169,2025-01-01,2026-08-01,baseline
C08441,P02009,2025-01-01,2026-08-01,baseline
C08442,P07730,2025-01-01,2026-08-01,baseline
C08443,P06699,2025-01-01,2026-08-01,baseline
C08444,P04864,2025-01-01,2026-08-01,baseline
C08445,P06430,2025-01-01,2026-08-01,baseline
C08446,P01664,2025-01-01,2026-08-01,baseline
C08447,P04883,2025-01-01,2026-08-01,baseline
C08448,P09739,2025-01-01,2026-08-01,baseline
C08449,P04453,2025-01-01,2026-08-01,baseline
C08450,P07532,2025-01-01,2026-08-01,baseline
C08451,P03724,2025-01-01,2026-08-01,baseline
C08452,P05964,2025-01-01,2026-08-01,baseline
C08453,P03229,2025-01-01,2026-08-01,baseline
C08454,P00844,2025-01-01,2026-08-01,baseline
C08455,P07830,2025-01-01,2026-08-01,baseline
C08456,P07550,2025-01-01,2026-08-01,baseline
C08457,P04030,2025-01-01,2026-08-01,baseline
C08458,P09713,2025-01-01,2026-08-01,baseline
C08459,P01103,2025-01-01,2026-08-01,baseline
C08460,P07951,2025-01-01,2026-08-01,baseline
C08461,P05473,2025-01-01,2026-08-01,baseline
C08462,P03406,2025-01-01,2026-08-01,baseline
C08463,P04142,2025-01-01,2026-08-01,baseline
C08464,P04210,2025-01-01,2026-08-01,baseline
C08465,P00105,2025-01-01,2026-08-01,baseline
C08466,P04091,2025-01-01,2026-08-01,baseline
C08467,P02372,2025-01-01,2026-08-01,baseline
C08468,P01776,2025-01-01,2026-08-01,baseline
C08469,P00369,2025-01-01,2026-08-01,baseline
C08470,P08667,2025-01-01,2026-08-01,baseline
C08471,P02594,2025-01-01,2026-08-01,baseline
C08472,P08929,2025-01-01,2026-08-01,baseline
C08473,P03462,2025-01-01,2026-08-01,baseline
C08474,P05396,2025-01-01,2026-08-01,baseline
C08475,P03773,2025-01-01,2026-08-01,baseline
C08476,P06248,2025-01-01,2026-08-01,baseline
C08477,P03261,2025-01-01,2026-08-01,baseline
C08478,P04253,2025-01-01,2026-08-01,baseline
C08479,P07080,2025-01-01,2026-08-01,baseline
C08480,P02275,2025-01-01,2026-08-01,baseline
C08481,P04804,2025-01-01,2026-08-01,baseline
C08482,P00389,2025-01-01,2026-08-01,baseline
C08483,P05264,2025-01-01,2026-08-01,baseline
C08484,P09815,2025-01-01,2026-08-01,baseline
C08485,P07410,2025-01-01,2026-08-01,baseline
C08486,P05203,2025-01-01,2026-08-01,baseline
C08487,P00244,2025-01-01,2026-08-01,baseline
C08488,P06287,2025-01-01,2026-08-01,baseline
C08489,P09675,2025-01-01,2026-08-01,baseline
C08490,P07127,2025-01-01,2026-08-01,baseline
C08491,P09512,2025-01-01,2026-08-01,baseline
C08492,P06441,2025-01-01,2026-08-01,baseline
C08493,P09741,2025-01-01,2026-08-01,baseline
C08494,P03290,2025-01-01,2026-08-01,baseline
C08495,P00475,2025-01-01,2026-08-01,baseline
C08496,P07295,2025-01-01,2026-08-01,baseline
C08497,P06379,2025-01-01,2026-08-01,baseline
C08498,P00028,2025-01-01,2026-08-01,baseline
C08499,P06667,2025-01-01,2026-08-01,baseline
C08500,P09699,2025-01-01,2026-08-01,baseline
C08501,P07203,2025-01-01,2026-08-01,baseline
C08502,P01508,2025-01-01,2026-08-01,baseline
C08503,P04568,2025-01-01,2026-08-01,baseline
C08504,P04363,2025-01-01,2026-08-01,baseline
C08505,P09824,2025-01-01,2026-08-01,baseline
C08506,P06290,2025-01-01,2026-08-01,baseline
C08507,P00382,2025-01-01,2026-08-01,baseline
C08508,P04814,2025-01-01,2026-08-01,baseline
C08509,P01160,2025-01-01,2026-08-01,baseline
C08510,P05855,2025-01-01,2026-08-01,baseline
C08511,P09710,2025-01-01,2026-08-01,baseline
C08512,P08835,2025-01-01,2026-08-01,baseline
C08513,P03009,2025-01-01,2026-08-01,baseline
C08514,P02779,2025-01-01,2026-08-01,baseline
C08515,P03423,2025-01-01,2026-08-01,baseline
C08516,P02965,2025-01-01,2026-08-01,baseline
C08517,P05879,2025-01-01,2026-08-01,baseline
C08518,P00637,2025-01-01,2026-08-01,baseline
C08519,P02059,2025-01-01,2026-08-01,baseline
C08520,P04889,2025-01-01,2026-08-01,baseline
C08521,P09591,2025-01-01,2026-08-01,baseline
C08522,P07878,2025-01-01,2026-08-01,baseline
C08523,P07703,2025-01-01,2026-08-01,baseline
C08524,P06730,2025-01-01,2026-08-01,baseline
C08525,P01578,2025-01-01,2026-08-01,baseline
C08526,P06045,2025-01-01,2026-08-01,baseline
C08527,P07365,2025-01-01,2026-08-01,baseline
C08528,P03261,2025-01-01,2026-08-01,baseline
C08529,P02964,2025-01-01,2026-08-01,baseline
C08530,P08256,2025-01-01,2026-08-01,baseline
C08531,P00899,2025-01-01,2026-08-01,baseline
C08532,P07481,2025-01-01,2026-08-01,baseline
C08533,P08026,2025-01-01,2026-08-01,baseline
C08534,P01535,2025-01-01,2026-08-01,baseline
C08535,P07201,2025-01-01,2026-08-01,baseline
C08536,P04031,2025-01-01,2026-08-01,baseline
C08537,P08193,2025-01-01,2026-08-01,baseline
C08538,P00442,2025-01-01,2026-08-01,baseline
C08539,P09607,2025-01-01,2026-08-01,baseline
C08540,P03575,2025-01-01,2026-08-01,baseline
C08541,P04936,2025-01-01,2026-08-01,baseline
C08542,P09755,2025-01-01,2026-08-01,baseline
C08543,P03348,2025-01-01,2026-08-01,baseline
C08544,P01314,2025-01-01,2026-08-01,baseline
C08545,P02425,2025-01-01,2026-08-01,baseline
C08546,P05705,2025-01-01,2026-08-01,baseline
C08547,P09784,2025-01-01,2026-08-01,baseline
C08548,P08883,2025-01-01,2026-08-01,baseline
C08549,P00415,2025-01-01,2026-08-01,baseline
C08550,P02669,2025-01-01,2026-08-01,baseline
C08551,P05977,2025-01-01,2026-08-01,baseline
C08552,P03864,2025-01-01,2026-08-01,baseline
C08553,P04396,2025-01-01,2026-08-01,baseline
C08554,P03125,2025-01-01,2026-08-01,baseline
C08555,P09892,2025-01-01,2026-08-01,baseline
C08556,P07380,2025-01-01,2026-08-01,baseline
C08557,P08455,2025-01-01,2026-08-01,baseline
C08558,P03099,2025-01-01,2026-08-01,baseline
C08559,P09195,2025-01-01,2026-08-01,baseline
C08560,P02749,2025-01-01,2026-08-01,baseline
C08561,P09374,2025-01-01,2026-08-01,baseline
C08562,P03555,2025-01-01,2026-08-01,baseline
C08563,P04452,2025-01-01,2026-08-01,baseline
C08564,P00217,2025-01-01,2026-08-01,baseline
C08565,P01857,2025-01-01,2026-08-01,baseline
C08566,P00766,2025-01-01,2026-08-01,baseline
C08567,P08262,2025-01-01,2026-08-01,baseline
C08568,P09497,2025-01-01,2026-08-01,baseline
C08569,P07173,2025-01-01,2026-08-01,baseline
C08570,P06871,2025-01-01,2026-08-01,baseline
C08571,P08056,2025-01-01,2026-08-01,baseline
C08572,P09699,2025-01-01,2026-08-01,baseline
C08573,P00018,2025-01-01,2026-08-01,baseline
C08574,P02107,2025-01-01,2026-08-01,baseline
C08575,P07096,2025-01-01,2026-08-01,baseline
C08576,P09940,2025-01-01,2026-08-01,baseline
C08577,P02379,2025-01-01,2026-08-01,baseline
C08578,P07870,2025-01-01,2026-08-01,baseline
C08579,P07868,2025-01-01,2026-08-01,baseline
C08580,P01684,2025-01-01,2026-08-01,baseline
C08581,P08531,2025-01-01,2026-08-01,baseline
C08582,P08130,2025-01-01,2026-08-01,baseline
C08583,P05617,2025-01-01,2026-08-01,baseline
C08584,P06623,2025-01-01,2026-08-01,baseline
C08585,P01302,2025-01-01,2026-08-01,baseline
C08586,P00506,2025-01-01,2026-08-01,baseline
C08587,P07225,2025-01-01,2026-08-01,baseline
C08588,P08321,2025-01-01,2026-08-01,baseline
C08589,P03602,2025-01-01,2026-08-01,baseline
C08590,P01487,2025-01-01,2026-08-01,baseline
C08591,P01395,2025-01-01,2026-08-01,baseline
C08592,P09004,2025-01-01,2026-08-01,baseline
C08593,P03981,2025-01-01,2026-08-01,baseline
C08594,P09909,2025-01-01,2026-08-01,baseline
C08595,P02279,2025-01-01,2026-08-01,baseline
C08596,P09402,2025-01-01,2026-08-01,baseline
C08597,P08051,2025-01-01,2026-08-01,baseline
C08598,P03169,2025-01-01,2026-08-01,baseline
C08599,P04432,2025-01-01,2026-08-01,baseline
C08600,P01378,2025-01-01,2026-08-01,baseline
C08601,P03750,2025-01-01,2026-08-01,baseline
C08602,P00835,2025-01-01,2026-08-01,baseline
C08603,P04651,2025-01-01,2026-08-01,baseline
C08604,P07261,2025-01-01,2026-08-01,baseline
C08605,P04037,2025-01-01,2026-08-01,baseline
C08606,P01498,2025-01-01,2026-08-01,baseline
C08607,P03556,2025-01-01,2026-08-01,baseline
C08608,P00300,2025-01-01,2026-08-01,baseline
C08609,P09322,2025-01-01,2026-08-01,baseline
C08610,P06904,2025-01-01,2026-08-01,baseline
C08611,P09868,2025-01-01,2026-08-01,baseline
C08612,P01700,2025-01-01,2026-08-01,baseline
C08613,P09174,2025-01-01,2026-08-01,baseline
C08614,P04193,2025-01-01,2026-08-01,baseline
C08615,P02528,2025-01-01,2026-08-01,baseline
C08616,P04123,2025-01-01,2026-08-01,baseline
C08617,P07900,2025-01-01,2026-08-01,baseline
C08618,P04531,2025-01-01,2026-08-01,baseline
C08619,P04173,2025-01-01,2026-08-01,baseline
C08620,P01630,2025-01-01,2026-08-01,baseline
C08621,P01541,2025-01-01,2026-08-01,baseline
C08622,P00412,2025-01-01,2026-08-01,baseline
C08623,P06767,2025-01-01,2026-08-01,baseline
C08624,P01158,2025-01-01,2026-08-01,baseline
C08625,P01350,2025-01-01,2026-08-01,baseline
C08626,P03375,2025-01-01,2026-08-01,baseline
C08627,P09928,2025-01-01,2026-08-01,baseline
C08628,P06373,2025-01-01,2026-08-01,baseline
C08629,P09395,2025-01-01,2026-08-01,baseline
C08630,P09802,2025-01-01,2026-08-01,baseline
C08631,P09301,2025-01-01,2026-08-01,baseline
C08632,P00131,2025-01-01,2026-08-01,baseline
C08633,P00835,2025-01-01,2026-08-01,baseline
C08634,P06917,2025-01-01,2026-08-01,baseline
C08635,P01306,2025-01-01,2026-08-01,baseline
C08636,P07414,2025-01-01,2026-08-01,baseline
C08637,P07846,2025-01-01,2026-08-01,baseline
C08638,P09616,2025-01-01,2026-08-01,baseline
C08639,P05924,2025-01-01,2026-08-01,baseline
C08640,P00472,2025-01-01,2026-08-01,baseline
C08641,P09455,2025-01-01,2026-08-01,baseline
C08642,P06554,2025-01-01,2026-08-01,baseline
C08643,P05352,2025-01-01,2026-08-01,baseline
C08644,P00766,2025-01-01,2026-08-01,baseline
C08645,P02589,2025-01-01,2026-08-01,baseline
C08646,P00047,2025-01-01,2026-08-01,baseline
C08647,P08504,2025-01-01,2026-08-01,baseline
C08648,P01291,2025-01-01,2026-08-01,baseline
C08649,P01751,2025-01-01,2026-08-01,baseline
C08650,P00622,2025-01-01,2026-08-01,baseline
C08651,P03210,2025-01-01,2026-08-01,baseline
C08652,P00845,2025-01-01,2026-08-01,baseline
C08653,P04955,2025-01-01,2026-08-01,baseline
C08654,P01430,2025-01-01,2026-08-01,baseline
C08655,P01912,2025-01-01,2026-08-01,baseline
C08656,P04083,2025-01-01,2026-08-01,baseline
C08657,P06971,2025-01-01,2026-08-01,baseline
C08658,P03388,2025-01-01,2026-08-01,baseline
C08659,P06940,2025-01-01,2026-08-01,baseline
C08660,P07060,2025-01-01,2026-08-01,baseline
C08661,P02922,2025-01-01,2026-08-01,baseline
C08662,P06064,2025-01-01,2026-08-01,baseline
C08663,P05273,2025-01-01,2026-08-01,baseline
C08664,P04006,2025-01-01,2026-08-01,baseline
C08665,P03995,2025-01-01,2026-08-01,baseline
C08666,P01346,2025-01-01,2026-08-01,baseline
C08667,P08256,2025-01-01,2026-08-01,baseline
C08668,P07425,2025-01-01,2026-08-01,baseline
C08669,P05465,2025-01-01,2026-08-01,baseline
C08670,P00466,2025-01-01,2026-08-01,baseline
C08671,P08934,2025-01-01,2026-08-01,baseline
C08672,P05301,2025-01-01,2026-08-01,baseline
C08673,P08974,2025-01-01,2026-08-01,baseline
C08674,P01298,2025-01-01,2026-08-01,baseline
C08675,P01916,2025-01-01,2026-08-01,baseline
C08676,P03341,2025-01-01,2026-08-01,baseline
C08677,P05188,2025-01-01,2026-08-01,baseline
C08678,P01850,2025-01-01,2026-08-01,baseline
C08679,P08274,2025-01-01,2026-08-01,baseline
C08680,P08635,2025-01-01,2026-08-01,baseline
C08681,P08265,2025-01-01,2026-08-01,baseline
C08682,P07338,2025-01-01,2026-08-01,baseline
C08683,P09218,2025-01-01,2026-08-01,baseline
C08684,P07393,2025-01-01,2026-08-01,baseline
C08685,P06032,2025-01-01,2026-08-01,baseline
C08686,P05633,2025-01-01,2026-08-01,baseline
C08687,P05913,2025-01-01,2026-08-01,baseline
C08688,P05581,2025-01-01,2026-08-01,baseline
C08689,P01277,2025-01-01,2026-08-01,baseline
C08690,P06218,2025-01-01,2026-08-01,baseline
C08691,P08732,2025-01-01,2026-08-01,baseline
C08692,P00847,2025-01-01,2026-08-01,baseline
C08693,P04507,2025-01-01,2026-08-01,baseline
C08694,P06104,2025-01-01,2026-08-01,baseline
C08695,P01545,2025-01-01,2026-08-01,baseline
C08696,P01713,2025-01-01,2026-08-01,baseline
C08697,P06639,2025-01-01,2026-08-01,baseline
C08698,P04546,2025-01-01,2026-08-01,baseline
C08699,P04397,2025-01-01,2026-08-01,baseline
C08700,P08230,2025-01-01,2026-08-01,baseline
C08701,P07466,2025-01-01,2026-08-01,baseline
C08702,P02647,2025-01-01,2026-08-01,baseline
C08703,P01920,2025-01-01,2026-08-01,baseline
C08704,P02654,2025-01-01,2026-08-01,baseline
C08705,P07480,2025-01-01,2026-08-01,baseline
C08706,P06303,2025-01-01,2026-08-01,baseline
C08707,P06652,2025-01-01,2026-08-01,baseline
C08708,P05511,2025-01-01,2026-08-01,baseline
C08709,P01578,2025-01-01,2026-08-01,baseline
C08710,P08724,2025-01-01,2026-08-01,baseline
C08711,P03151,2025-01-01,2026-08-01,baseline
C08712,P09867,2025-01-01,2026-08-01,baseline
C08713,P03520,2025-01-01,2026-08-01,baseline
C08714,P05479,2025-01-01,2026-08-01,baseline
C08715,P08935,2025-01-01,2026-08-01,baseline
C08716,P08573,2025-01-01,2026-08-01,baseline
C08717,P07062,2025-01-01,2026-08-01,baseline
C08718,P00779,2025-01-01,2026-08-01,baseline
C08719,P04645,2025-01-01,2026-08-01,baseline
C08720,P01796,2025-01-01,2026-08-01,baseline
C08721,P03301,2025-01-01,2026-08-01,baseline
C08722,P05687,2025-01-01,2026-08-01,baseline
C08723,P02895,2025-01-01,2026-08-01,baseline
C08724,P05559,2025-01-01,2026-08-01,baseline
C08725,P04317,2025-01-01,2026-08-01,baseline
C08726,P00402,2025-01-01,2026-08-01,baseline
C08727,P08733,2025-01-01,2026-08-01,baseline
C08728,P00198,2025-01-01,2026-08-01,baseline
C08729,P01488,2025-01-01,2026-08-01,baseline
C08730,P00823,2025-01-01,2026-08-01,baseline
C08731,P01427,2025-01-01,2026-08-01,baseline
C08732,P09828,2025-01-01,2026-08-01,baseline
C08733,P03644,2025-01-01,2026-08-01,baseline
C08734,P02302,2025-01-01,2026-08-01,baseline
C08735,P03410,2025-01-01,2026-08-01,baseline
C08736,P07103,2025-01-01,2026-08-01,baseline
C08737,P07388,2025-01-01,2026-08-01,baseline
C08738,P07115,2025-01-01,2026-08-01,baseline
C08739,P03149,2025-01-01,2026-08-01,baseline
C08740,P07766,2025-01-01,2026-08-01,baseline
C08741,P02116,2025-01-01,2026-08-01,baseline
C08742,P03523,2025-01-01,2026-08-01,baseline
C08743,P00614,2025-01-01,2026-08-01,baseline
C08744,P04085,2025-01-01,2026-08-01,baseline
C08745,P00136,2025-01-01,2026-08-01,baseline
C08746,P05562,2025-01-01,2026-08-01,baseline
C08747,P07125,2025-01-01,2026-08-01,baseline
C08748,P00352,2025-01-01,2026-08-01,baseline
C08749,P07911,2025-01-01,2026-08-01,baseline
C08750,P00928,2025-01-01,2026-08-01,baseline
C08751,P03219,2025-01-01,2026-08-01,baseline
C08752,P01154,2025-01-01,2026-08-01,baseline
C08753,P02145,2025-01-01,2026-08-01,baseline
C08754,P01432,2025-01-01,2026-08-01,baseline
C08755,P02840,2025-01-01,2026-08-01,baseline
C08756,P01405,2025-01-01,2026-08-01,baseline
C08757,P00091,2025-01-01,2026-08-01,baseline
C08758,P07570,2025-01-01,2026-08-01,baseline
C08759,P02514,2025-01-01,2026-08-01,baseline
C08760,P07132,2025-01-01,2026-08-01,baseline
C08761,P09402,2025-01-01,2026-08-01,baseline
C08762,P01204,2025-01-01,2026-08-01,baseline
C08763,P07477,2025-01-01,2026-08-01,baseline
C08764,P06897,2025-01-01,2026-08-01,baseline
C08765,P02971,2025-01-01,2026-08-01,baseline
C08766,P04517,2025-01-01,2026-08-01,baseline
C08767,P00025,2025-01-01,2026-08-01,baseline
C08768,P06362,2025-01-01,2026-08-01,baseline
C08769,P03499,2025-01-01,2026-08-01,baseline
C08770,P03297,2025-01-01,2026-08-01,baseline
C08771,P08324,2025-01-01,2026-08-01,baseline
C08772,P05229,2025-01-01,2026-08-01,baseline
C08773,P08640,2025-01-01,2026-08-01,baseline
C08774,P01000,2025-01-01,2026-08-01,baseline
C08775,P02900,2025-01-01,2026-08-01,baseline
C08776,P06992,2025-01-01,2026-08-01,baseline
C08777,P02304,2025-01-01,2026-08-01,baseline
C08778,P06859,2025-01-01,2026-08-01,baseline
C08779,P02839,2025-01-01,2026-08-01,baseline
C08780,P09019,2025-01-01,2026-08-01,baseline
C08781,P01344,2025-01-01,2026-08-01,baseline
C08782,P08378,2025-01-01,2026-08-01,baseline
C08783,P01026,2025-01-01,2026-08-01,baseline
C08784,P04938,2025-01-01,2026-08-01,baseline
C08785,P07638,2025-01-01,2026-08-01,baseline
C08786,P03284,2025-01-01,2026-08-01,baseline
C08787,P07301,2025-01-01,2026-08-01,baseline
C08788,P06050,2025-01-01,2026-08-01,baseline
C08789,P08184,2025-01-01,2026-08-01,baseline
C08790,P04550,2025-01-01,2026-08-01,baseline
C08791,P00189,2025-01-01,2026-08-01,baseline
C08792,P00245,2025-01-01,2026-08-01,baseline
C08793,P05034,2025-01-01,2026-08-01,baseline
C08794,P01876,2025-01-01,2026-08-01,baseline
C08795,P02381,2025-01-01,2026-08-01,baseline
C08796,P05459,2025-01-01,2026-08-01,baseline
C08797,P06450,2025-01-01,2026-08-01,baseline
C08798,P06755,2025-01-01,2026-08-01,baseline
C08799,P04604,2025-01-01,2026-08-01,baseline
C08800,P03789,2025-01-01,2026-08-01,baseline
C08801,P06997,2025-01-01,2026-08-01,baseline
C08802,P02234,2025-01-01,2026-08-01,baseline
C08803,P07328,2025-01-01,2026-08-01,baseline
C08804,P00470,2025-01-01,2026-08-01,baseline
C08805,P03215,2025-01-01,2026-08-01,baseline
C08806,P07416,2025-01-01,2026-08-01,baseline
C08807,P00146,2025-01-01,2026-08-01,baseline
C08808,P00555,2025-01-01,2026-08-01,baseline
C08809,P09356,2025-01-01,2026-08-01,baseline
C08810,P07367,2025-01-01,2026-08-01,baseline
C08811,P01407,2025-01-01,2026-08-01,baseline
C08812,P01028,2025-01-01,2026-08-01,baseline
C08813,P08245,2025-01-01,2026-08-01,baseline
C08814,P08084,2025-01-01,2026-08-01,baseline
C08815,P04992,2025-01-01,2026-08-01,baseline
C08816,P01995,2025-01-01,2026-08-01,baseline
C08817,P07172,2025-01-01,2026-08-01,baseline
C08818,P02710,2025-01-01,2026-08-01,baseline
C08819,P06684,2025-01-01,2026-08-01,baseline
C08820,P09642,2025-01-01,2026-08-01,baseline
C08821,P07464,2025-01-01,2026-08-01,baseline
C08822,P04447,2025-01-01,2026-08-01,baseline
C08823,P04801,2025-01-01,2026-08-01,baseline
C08824,P04686,2025-01-01,2026-08-01,baseline
C08825,P01256,2025-01-01,2026-08-01,baseline
C08826,P07735,2025-01-01,2026-08-01,baseline
C08827,P03393,2025-01-01,2026-08-01,baseline
C08828,P04472,2025-01-01,2026-08-01,baseline
C08829,P07721,2025-01-01,2026-08-01,baseline
C08830,P04755,2025-01-01,2026-08-01,baseline
C08831,P02010,2025-01-01,2026-08-01,baseline
C08832,P01394,2025-01-01,2026-08-01,baseline
C08833,P07544,2025-01-01,2026-08-01,baseline
C08834,P01917,2025-01-01,2026-08-01,baseline
C08835,P00928,2025-01-01,2026-08-01,baseline
C08836,P02360,2025-01-01,2026-08-01,baseline
C08837,P07206,2025-01-01,2026-08-01,baseline
C08838,P05722,2025-01-01,2026-08-01,baseline
C08839,P00526,2025-01-01,2026-08-01,baseline
C08840,P03798,2025-01-01,2026-08-01,baseline
C08841,P02109,2025-01-01,2026-08-01,baseline
C08842,P03586,2025-01-01,2026-08-01,baseline
C08843,P05673,2025-01-01,2026-08-01,baseline
C08844,P05473,2025-01-01,2026-08-01,baseline
C08845,P03585,2025-01-01,2026-08-01,baseline
C08846,P05203,2025-01-01,2026-08-01,baseline
C08847,P01946,2025-01-01,2026-08-01,baseline
C08848,P05797,2025-01-01,2026-08-01,baseline
C08849,P02135,2025-01-01,2026-08-01,baseline
C08850,P02224,2025-01-01,2026-08-01,baseline
C08851,P03720,2025-01-01,2026-08-01,baseline
C08852,P09819,2025-01-01,2026-08-01,baseline
C08853,P06287,2025-01-01,2026-08-01,baseline
C08854,P02275,2025-01-01,2026-08-01,baseline
C08855,P01223,2025-01-01,2026-08-01,baseline
C08856,P06456,2025-01-01,2026-08-01,baseline
C08857,P01655,2025-01-01,2026-08-01,baseline
C08858,P06807,2025-01-01,2026-08-01,baseline
C08859,P08177,2025-01-01,2026-08-01,baseline
C08860,P01286,2025-01-01,2026-08-01,baseline
C08861,P06309,2025-01-01,2026-08-01,baseline
C08862,P07396,2025-01-01,2026-08-01,baseline
C08863,P02766,2025-01-01,2026-08-01,baseline
C08864,P05870,2025-01-01,2026-08-01,baseline
C08865,P01771,2025-01-01,2026-08-01,baseline
C08866,P01172,2025-01-01,2026-08-01,baseline
C08867,P07355,2025-01-01,2026-08-01,baseline
C08868,P06582,2025-01-01,2026-08-01,baseline
C08869,P07417,2025-01-01,2026-08-01,baseline
C08870,P08881,2025-01-01,2026-08-01,baseline
C08871,P04831,2025-01-01,2026-08-01,baseline
C08872,P05852,2025-01-01,2026-08-01,baseline
C08873,P03566,2025-01-01,2026-08-01,baseline
C08874,P06978,2025-01-01,2026-08-01,baseline
C08875,P05768,2025-01-01,2026-08-01,baseline
C08876,P02010,2025-01-01,2026-08-01,baseline
C08877,P06394,2025-01-01,2026-08-01,baseline
C08878,P01348,2025-01-01,2026-08-01,baseline
C08879,P09783,2025-01-01,2026-08-01,baseline
C08880,P08861,2025-01-01,2026-08-01,baseline
C08881,P03829,2025-01-01,2026-08-01,baseline
C08882,P02991,2025-01-01,2026-08-01,baseline
C08883,P06326,2025-01-01,2026-08-01,baseline
C08884,P03462,2025-01-01,2026-08-01,baseline
C08885,P08457,2025-01-01,2026-08-01,baseline
C08886,P02691,2025-01-01,2026-08-01,baseline
C08887,P02094,2025-01-01,2026-08-01,baseline
C08888,P08614,2025-01-01,2026-08-01,baseline
C08889,P07774,2025-01-01,2026-08-01,baseline
C08890,P02836,2025-01-01,2026-08-01,baseline
C08891,P04008,2025-01-01,2026-08-01,baseline
C08892,P04900,2025-01-01,2026-08-01,baseline
C08893,P07891,2025-01-01,2026-08-01,baseline
C08894,P04173,2025-01-01,2026-08-01,baseline
C08895,P02167,2025-01-01,2026-08-01,baseline
C08896,P03593,2025-01-01,2026-08-01,baseline
C08897,P07624,2025-01-01,2026-08-01,baseline
C08898,P05069,2025-01-01,2026-08-01,baseline
C08899,P09037,2025-01-01,2026-08-01,baseline
C08900,P03404,2025-01-01,2026-08-01,baseline
C08901,P02635,2025-01-01,2026-08-01,baseline
C08902,P06590,2025-01-01,2026-08-01,baseline
C08903,P02057,2025-01-01,2026-08-01,baseline
C08904,P02691,2025-01-01,2026-08-01,baseline
C08905,P01636,2025-01-01,2026-08-01,baseline
C08906,P04517,2025-01-01,2026-08-01,baseline
C08907,P05481,2025-01-01,2026-08-01,baseline
C08908,P04226,2025-01-01,2026-08-01,baseline
C08909,P03103,2025-01-01,2026-08-01,baseline
C08910,P04878,2025-01-01,2026-08-01,baseline
C08911,P03213,2025-01-01,2026-08-01,baseline
C08912,P00816,2025-01-01,2026-08-01,baseline
C08913,P02611,2025-01-01,2026-08-01,baseline
C08914,P03502,2025-01-01,2026-08-01,baseline
C08915,P03275,2025-01-01,2026-08-01,baseline
C08916,P03684,2025-01-01,2026-08-01,baseline
C08917,P06547,2025-01-01,2026-08-01,baseline
C08918,P08871,2025-01-01,2026-08-01,baseline
C08919,P04505,2025-01-01,2026-08-01,baseline
C08920,P08922,2025-01-01,2026-08-01,baseline
C08921,P00986,2025-01-01,2026-08-01,baseline
C08922,P09917,2025-01-01,2026-08-01,baseline
C08923,P01443,2025-01-01,2026-08-01,baseline
C08924,P02306,2025-01-01,2026-08-01,baseline
C08925,P02650,2025-01-01,2026-08-01,baseline
C08926,P08370,2025-01-01,2026-08-01,baseline
C08927,P08984,2025-01-01,2026-08-01,baseline
C08928,P00572,2025-01-01,2026-08-01,baseline
C08929,P01602,2025-01-01,2026-08-01,baseline
C08930,P06406,2025-01-01,2026-08-01,baseline
C08931,P09751,2025-01-01,2026-08-01,baseline
C08932,P00845,2025-01-01,2026-08-01,baseline
C08933,P03082,2025-01-01,2026-08-01,baseline
C08934,P08087,2025-01-01,2026-08-01,baseline
C08935,P01911,2025-01-01,2026-08-01,baseline
C08936,P08777,2025-01-01,2026-08-01,baseline
C08937,P02317,2025-01-01,2026-08-01,baseline
C08938,P08419,2025-01-01,2026-08-01,baseline
C08939,P04861,2025-01-01,2026-08-01,baseline
C08940,P08291,2025-01-01,2026-08-01,baseline
C08941,P06223,2025-01-01,2026-08-01,baseline
C08942,P00539,2025-01-01,2026-08-01,baseline
C08943,P04588,2025-01-01,2026-08-01,baseline
C08944,P00133,2025-01-01,2026-08-01,baseline
C08945,P04716,2025-01-01,2026-08-01,baseline
C08946,P08104,2025-01-01,2026-08-01,baseline
C08947,P07841,2025-01-01,2026-08-01,baseline
C08948,P04596,2025-01-01,2026-08-01,baseline
C08949,P01920,2025-01-01,2026-08-01,baseline
C08950,P01996,2025-01-01,2026-08-01,baseline
C08951,P00759,2025-01-01,2026-08-01,baseline
C08952,P01124,2025-01-01,2026-08-01,baseline
C08953,P02424,2025-01-01,2026-08-01,baseline
C08954,P08858,2025-01-01,2026-08-01,baseline
C08955,P07398,2025-01-01,2026-08-01,baseline
C08956,P04956,2025-01-01,2026-08-01,baseline
C08957,P01080,2025-01-01,2026-08-01,baseline
C08958,P06233,2025-01-01,2026-08-01,baseline
C08959,P02267,2025-01-01,2026-08-01,baseline
C08960,P01779,2025-01-01,2026-08-01,baseline
C08961,P04903,2025-01-01,2026-08-01,baseline
C08962,P04677,2025-01-01,2026-08-01,baseline
C08963,P06038,2025-01-01,2026-08-01,baseline
C08964,P00685,2025-01-01,2026-08-01,baseline
C08965,P02965,2025-01-01,2026-08-01,baseline
C08966,P08130,2025-01-01,2026-08-01,baseline
C08967,P06930,2025-01-01,2026-08-01,baseline
C08968,P05679,2025-01-01,2026-08-01,baseline
C08969,P03090,2025-01-01,2026-08-01,baseline
C08970,P04675,2025-01-01,2026-08-01,baseline
C08971,P09800,2025-01-01,2026-08-01,baseline
C08972,P04242,2025-01-01,2026-08-01,baseline
C08973,P09513,2025-01-01,2026-08-01,baseline
C08974,P08409,2025-01-01,2026-08-01,baseline
C08975,P09168,2025-01-01,2026-08-01,baseline
C08976,P05566,2025-01-01,2026-08-01,baseline
C08977,P04175,2025-01-01,2026-08-01,baseline
C08978,P01519,2025-01-01,2026-08-01,baseline
C08979,P08669,2025-01-01,2026-08-01,baseline
C08980,P07461,2025-01-01,2026-08-01,baseline
C08981,P04299,2025-01-01,2026-08-01,baseline
C08982,P03089,2025-01-01,2026-08-01,baseline
C08983,P02675,2025-01-01,2026-08-01,baseline
C08984,P01223,2025-01-01,2026-08-01,baseline
C08985,P06463,2025-01-01,2026-08-01,baseline
C08986,P04401,2025-01-01,2026-08-01,baseline
C08987,P09658,2025-01-01,2026-08-01,baseline
C08988,P05384,2025-01-01,2026-08-01,baseline
C08989,P08810,2025-01-01,2026-08-01,baseline
C08990,P01108,2025-01-01,2026-08-01,baseline
C08991,P06180,2025-01-01,2026-08-01,baseline
C08992,P04437,2025-01-01,2026-08-01,baseline
C08993,P03944,2025-01-01,2026-08-01,baseline
C08994,P05204,2025-01-01,2026-08-01,baseline
C08995,P04298,2025-01-01,2026-08-01,baseline
C08996,P03119,2025-01-01,2026-08-01,baseline
C08997,P04465,2025-01-01,2026-08-01,baseline
C08998,P08277,2025-01-01,2026-08-01,baseline
C08999,P01681,2025-01-01,2026-08-01,baseline
C09000,P06545,2025-01-01,2026-08-01,baseline
C09001,P02338,2025-01-01,2026-08-01,baseline
C09002,P04296,2025-01-01,2026-08-01,baseline
C09003,P00970,2025-01-01,2026-08-01,baseline
C09004,P00143,2025-01-01,2026-08-01,baseline
C09005,P07175,2025-01-01,2026-08-01,baseline
C09006,P07338,2025-01-01,2026-08-01,baseline
C09007,P04623,2025-01-01,2026-08-01,baseline
C09008,P09140,2025-01-01,2026-08-01,baseline
C09009,P01932,2025-01-01,2026-08-01,baseline
C09010,P08737,2025-01-01,2026-08-01,baseline
C09011,P09182,2025-01-01,2026-08-01,baseline
C09012,P01918,2025-01-01,2026-08-01,baseline
C09013,P00828,2025-01-01,2026-08-01,baseline
C09014,P08765,2025-01-01,2026-08-01,baseline
C09015,P09450,2025-01-01,2026-08-01,baseline
C09016,P04936,2025-01-01,2026-08-01,baseline
C09017,P03383,2025-01-01,2026-08-01,baseline
C09018,P04834,2025-01-01,2026-08-01,baseline
C09019,P02042,2025-01-01,2026-08-01,baseline
C09020,P07154,2025-01-01,2026-08-01,baseline
C09021,P05230,2025-01-01,2026-08-01,baseline
C09022,P05352,2025-01-01,2026-08-01,baseline
C09023,P03346,2025-01-01,2026-08-01,baseline
C09024,P06572,2025-01-01,2026-08-01,baseline
C09025,P06929,2025-01-01,2026-08-01,baseline
C09026,P04808,2025-01-01,2026-08-01,baseline
C09027,P08495,2025-01-01,2026-08-01,baseline
C09028,P00445,2025-01-01,2026-08-01,baseline
C09029,P04327,2025-01-01,2026-08-01,baseline
C09030,P08843,2025-01-01,2026-08-01,baseline
C09031,P01193,2025-01-01,2026-08-01,baseline
C09032,P04466,2025-01-01,2026-08-01,baseline
C09033,P09099,2025-01-01,2026-08-01,baseline
C09034,P00886,2025-01-01,2026-08-01,baseline
C09035,P00267,2025-01-01,2026-08-01,baseline
C09036,P05340,2025-01-01,2026-08-01,baseline
C09037,P03132,2025-01-01,2026-08-01,baseline
C09038,P05060,2025-01-01,2026-08-01,baseline
C09039,P02465,2025-01-01,2026-08-01,baseline
C09040,P07693,2025-01-01,2026-08-01,baseline
C09041,P08973,2025-01-01,2026-08-01,baseline
C09042,P02188,2025-01-01,2026-08-01,baseline
C09043,P00128,2025-01-01,2026-08-01,baseline
C09044,P04176,2025-01-01,2026-08-01,baseline
C09045,P02734,2025-01-01,2026-08-01,baseline
C09046,P02131,2025-01-01,2026-08-01,baseline
C09047,P08111,2025-01-01,2026-08-01,baseline
C09048,P01280,2025-01-01,2026-08-01,baseline
C09049,P06680,2025-01-01,2026-08-01,baseline
C09050,P03984,2025-01-01,2026-08-01,baseline
C09051,P02452,2025-01-01,2026-08-01,baseline
C09052,P06970,2025-01-01,2026-08-01,baseline
C09053,P04568,2025-01-01,2026-08-01,baseline
C09054,P06801,2025-01-01,2026-08-01,baseline
C09055,P01099,2025-01-01,2026-08-01,baseline
C09056,P00659,2025-01-01,2026-08-01,baseline
C09057,P04900,2025-01-01,2026-08-01,baseline
C09058,P03076,2025-01-01,2026-08-01,baseline
C09059,P07096,2025-01-01,2026-08-01,baseline
C09060,P06316,2025-01-01,2026-08-01,baseline
C09061,P06417,2025-01-01,2026-08-01,baseline
C09062,P05530,2025-01-01,2026-08-01,baseline
C09063,P08287,2025-01-01,2026-08-01,baseline
C09064,P01943,2025-01-01,2026-08-01,baseline
C09065,P05415,2025-01-01,2026-08-01,baseline
C09066,P04454,2025-01-01,2026-08-01,baseline
C09067,P08186,2025-01-01,2026-08-01,baseline
C09068,P07868,2025-01-01,2026-08-01,baseline
C09069,P01945,2025-01-01,2026-08-01,baseline
C09070,P00164,2025-01-01,2026-08-01,baseline
C09071,P01366,2025-01-01,2026-08-01,baseline
C09072,P02265,2025-01-01,2026-08-01,baseline
C09073,P02287,2025-01-01,2026-08-01,baseline
C09074,P05677,2025-01-01,2026-08-01,baseline
C09075,P08075,2025-01-01,2026-08-01,baseline
C09076,P03375,2025-01-01,2026-08-01,baseline
C09077,P08878,2025-01-01,2026-08-01,baseline
C09078,P06894,2025-01-01,2026-08-01,baseline
C09079,P01020,2025-01-01,2026-08-01,baseline
C09080,P08220,2025-01-01,2026-08-01,baseline
C09081,P05336,2025-01-01,2026-08-01,baseline
C09082,P03223,2025-01-01,2026-08-01,baseline
C09083,P06078,2025-01-01,2026-08-01,baseline
C09084,P04112,2025-01-01,2026-08-01,baseline
C09085,P01764,2025-01-01,2026-08-01,baseline
C09086,P02814,2025-01-01,2026-08-01,baseline
C09087,P06989,2025-01-01,2026-08-01,baseline
C09088,P09042,2025-01-01,2026-08-01,baseline
C09089,P00267,2025-01-01,2026-08-01,baseline
C09090,P00130,2025-01-01,2026-08-01,baseline
C09091,P09678,2025-01-01,2026-08-01,baseline
C09092,P04544,2025-01-01,2026-08-01,baseline
C09093,P02626,2025-01-01,2026-08-01,baseline
C09094,P08949,2025-01-01,2026-08-01,baseline
C09095,P03078,2025-01-01,2026-08-01,baseline
C09096,P06236,2025-01-01,2026-08-01,baseline
C09097,P04817,2025-01-01,2026-08-01,baseline
C09098,P01767,2025-01-01,2026-08-01,baseline
C09099,P08408,2025-01-01,2026-08-01,baseline
C09100,P04762,2025-01-01,2026-08-01,baseline
C09101,P01993,2025-01-01,2026-08-01,baseline
C09102,P04628,2025-01-01,2026-08-01,baseline
C09103,P09057,2025-01-01,2026-08-01,baseline
C09104,P06615,2025-01-01,2026-08-01,baseline
C09105,P02504,2025-01-01,2026-08-01,baseline
C09106,P03305,2025-01-01,2026-08-01,baseline
C09107,P00201,2025-01-01,2026-08-01,baseline
C09108,P05173,2025-01-01,2026-08-01,baseline
C09109,P02716,2025-01-01,2026-08-01,baseline
C09110,P00323,2025-01-01,2026-08-01,baseline
C09111,P05143,2025-01-01,2026-08-01,baseline
C09112,P09022,2025-01-01,2026-08-01,baseline
C09113,P07786,2025-01-01,2026-08-01,baseline
C09114,P00972,2025-01-01,2026-08-01,baseline
C09115,P01001,2025-01-01,2026-08-01,baseline
C09116,P04556,2025-01-01,2026-08-01,baseline
C09117,P09275,2025-01-01,2026-08-01,baseline
C09118,P06467,2025-01-01,2026-08-01,baseline
C09119,P02321,2025-01-01,2026-08-01,baseline
C09120,P08230,2025-01-01,2026-08-01,baseline
C09121,P01455,2025-01-01,2026-08-01,baseline
C09122,P09184,2025-01-01,2026-08-01,baseline
C09123,P05837,2025-01-01,2026-08-01,baseline
C09124,P05867,2025-01-01,2026-08-01,baseline
C09125,P02533,2025-01-01,2026-08-01,baseline
C09126,P03244,2025-01-01,2026-08-01,baseline
C09127,P04224,2025-01-01,2026-08-01,baseline
C09128,P07725,2025-01-01,2026-08-01,baseline
C09129,P07309,2025-01-01,2026-08-01,baseline
C09130,P03368,2025-01-01,2026-08-01,baseline
C09131,P00512,2025-01-01,2026-08-01,baseline
C09132,P08788,2025-01-01,2026-08-01,baseline
C09133,P01328,2025-01-01,2026-08-01,baseline
C09134,P09707,2025-01-01,2026-08-01,baseline
C09135,P07912,2025-01-01,2026-08-01,baseline
C09136,P07316,2025-01-01,2026-08-01,baseline
C09137,P09750,2025-01-01,2026-08-01,baseline
C09138,P05672,2025-01-01,2026-08-01,baseline
C09139,P02414,2025-01-01,2026-08-01,baseline
C09140,P02176,2025-01-01,2026-08-01,baseline
C09141,P08039,2025-01-01,2026-08-01,baseline
C09142,P03832,2025-01-01,2026-08-01,baseline
C09143,P01214,2025-01-01,2026-08-01,baseline
C09144,P05192,2025-01-01,2026-08-01,baseline
C09145,P04340,2025-01-01,2026-08-01,baseline
C09146,P04561,2025-01-01,2026-08-01,baseline
C09147,P08106,2025-01-01,2026-08-01,baseline
C09148,P06128,2025-01-01,2026-08-01,baseline
C09149,P00488,2025-01-01,2026-08-01,baseline
C09150,P07389,2025-01-01,2026-08-01,baseline
C09151,P07870,2025-01-01,2026-08-01,baseline
C09152,P04307,2025-01-01,2026-08-01,baseline
C09153,P06556,2025-01-01,2026-08-01,baseline
C09154,P08540,2025-01-01,2026-08-01,baseline
C09155,P06056,2025-01-01,2026-08-01,baseline
C09156,P00003,2025-01-01,2026-08-01,baseline
C09157,P01407,2025-01-01,2026-08-01,baseline
C09158,P06090,2025-01-01,2026-08-01,baseline
C09159,P00569,2025-01-01,2026-08-01,baseline
C09160,P07366,2025-01-01,2026-08-01,baseline
C09161,P07766,2025-01-01,2026-08-01,baseline
C09162,P02629,2025-01-01,2026-08-01,baseline
C09163,P02487,2025-01-01,2026-08-01,baseline
C09164,P03162,2025-01-01,2026-08-01,baseline
C09165,P03762,2025-01-01,2026-08-01,baseline
C09166,P03365,2025-01-01,2026-08-01,baseline
C09167,P07547,2025-01-01,2026-08-01,baseline
C09168,P02987,2025-01-01,2026-08-01,baseline
C09169,P02196,2025-01-01,2026-08-01,baseline
C09170,P03290,2025-01-01,2026-08-01,baseline
C09171,P03167,2025-01-01,2026-08-01,baseline
C09172,P03667,2025-01-01,2026-08-01,baseline
C09173,P02227,2025-01-01,2026-08-01,baseline
C09174,P08607,2025-01-01,2026-08-01,baseline
C09175,P00921,2025-01-01,2026-08-01,baseline
C09176,P06970,2025-01-01,2026-08-01,baseline
C09177,P04516,2025-01-01,2026-08-01,baseline
C09178,P07896,2025-01-01,2026-08-01,baseline
C09179,P02225,2025-01-01,2026-08-01,baseline
C09180,P09357,2025-01-01,2026-08-01,baseline
C09181,P06976,2025-01-01,2026-08-01,baseline
C09182,P00644,2025-01-01,2026-08-01,baseline
C09183,P02510,2025-01-01,2026-08-01,baseline
C09184,P07864,2025-01-01,2026-08-01,baseline
C09185,P08333,2025-01-01,2026-08-01,baseline
C09186,P01991,2025-01-01,2026-08-01,baseline
C09187,P06518,2025-01-01,2026-08-01,baseline
C09188,P09497,2025-01-01,2026-08-01,baseline
C09189,P07587,2025-01-01,2026-08-01,baseline
C09190,P00875,2025-01-01,2026-08-01,baseline
C09191,P08547,2025-01-01,2026-08-01,baseline
C09192,P00799,2025-01-01,2026-08-01,baseline
C09193,P07041,2025-01-01,2026-08-01,baseline
C09194,P05593,2025-01-01,2026-08-01,baseline
C09195,P08867,2025-01-01,2026-08-01,baseline
C09196,P07842,2025-01-01,2026-08-01,baseline
C09197,P01018,2025-01-01,2026-08-01,baseline
C09198,P04823,2025-01-01,2026-08-01,baseline
C09199,P01749,2025-01-01,2026-08-01,baseline
C09200,P00354,2025-01-01,2026-08-01,baseline
C09201,P07852,2025-01-01,2026-08-01,baseline
C09202,P09111,2025-01-01,2026-08-01,baseline
C09203,P06948,2025-01-01,2026-08-01,baseline
C09204,P07782,2025-01-01,2026-08-01,baseline
C09205,P03671,2025-01-01,2026-08-01,baseline
C09206,P05693,2025-01-01,2026-08-01,baseline
C09207,P00030,2025-01-01,2026-08-01,baseline
C09208,P05833,2025-01-01,2026-08-01,baseline
C09209,P09948,2025-01-01,2026-08-01,baseline
C09210,P02823,2025-01-01,2026-08-01,baseline
C09211,P07561,2025-01-01,2026-08-01,baseline
C09212,P05816,2025-01-01,2026-08-01,baseline
C09213,P08359,2025-01-01,2026-08-01,baseline
C09214,P01209,2025-01-01,2026-08-01,baseline
C09215,P02073,2025-01-01,2026-08-01,baseline
C09216,P03747,2025-01-01,2026-08-01,baseline
C09217,P01562,2025-01-01,2026-08-01,baseline
C09218,P03244,2025-01-01,2026-08-01,baseline
C09219,P04323,2025-01-01,2026-08-01,baseline
C09220,P03765,2025-01-01,2026-08-01,baseline
C09221,P03170,2025-01-01,2026-08-01,baseline
C09222,P07886,2025-01-01,2026-08-01,baseline
C09223,P01668,2025-01-01,2026-08-01,baseline
C09224,P05179,2025-01-01,2026-08-01,baseline
C09225,P03426,2025-01-01,2026-08-01,baseline
C09226,P04648,2025-01-01,2026-08-01,baseline
C09227,P09477,2025-01-01,2026-08-01,baseline
C09228,P05944,2025-01-01,2026-08-01,baseline
C09229,P09564,2025-01-01,2026-08-01,baseline
C09230,P07779,2025-01-01,2026-08-01,baseline
C09231,P03941,2025-01-01,2026-08-01,baseline
C09232,P01016,2025-01-01,2026-08-01,baseline
C09233,P03900,2025-01-01,2026-08-01,baseline
C09234,P04513,2025-01-01,2026-08-01,baseline
C09235,P02514,2025-01-01,2026-08-01,baseline
C09236,P02255,2025-01-01,2026-08-01,baseline
C09237,P09946,2025-01-01,2026-08-01,baseline
C09238,P05996,2025-01-01,2026-08-01,baseline
C09239,P05680,2025-01-01,2026-08-01,baseline
C09240,P05079,2025-01-01,2026-08-01,baseline
C09241,P08976,2025-01-01,2026-08-01,baseline
C09242,P00464,2025-01-01,2026-08-01,baseline
C09243,P00856,2025-01-01,2026-08-01,baseline
C09244,P06555,2025-01-01,2026-08-01,baseline
C09245,P02936,2025-01-01,2026-08-01,baseline
C09246,P09903,2025-01-01,2026-08-01,baseline
C09247,P02105,2025-01-01,2026-08-01,baseline
C09248,P09095,2025-01-01,2026-08-01,baseline
C09249,P05399,2025-01-01,2026-08-01,baseline
C09250,P04911,2025-01-01,2026-08-01,baseline
C09251,P04854,2025-01-01,2026-08-01,baseline
C09252,P09454,2025-01-01,2026-08-01,baseline
C09253,P04227,2025-01-01,2026-08-01,baseline
C09254,P08096,2025-01-01,2026-08-01,baseline
C09255,P07947,2025-01-01,2026-08-01,baseline
C09256,P08449,2025-01-01,2026-08-01,baseline
C09257,P08359,2025-01-01,2026-08-01,baseline
C09258,P04846,2025-01-01,2026-08-01,baseline
C09259,P03183,2025-01-01,2026-08-01,baseline
C09260,P00575,2025-01-01,2026-08-01,baseline
C09261,P07245,2025-01-01,2026-08-01,baseline
C09262,P07914,2025-01-01,2026-08-01,baseline
C09263,P00565,2025-01-01,2026-08-01,baseline
C09264,P03245,2025-01-01,2026-08-01,baseline
C09265,P04353,2025-01-01,2026-08-01,baseline
C09266,P03978,2025-01-01,2026-08-01,baseline
C09267,P03762,2025-01-01,2026-08-01,baseline
C09268,P02441,2025-01-01,2026-08-01,baseline
C09269,P07642,2025-01-01,2026-08-01,baseline
C09270,P07153,2025-01-01,2026-08-01,baseline
C09271,P03545,2025-01-01,2026-08-01,baseline
C09272,P06036,2025-01-01,2026-08-01,baseline
C09273,P00758,2025-01-01,2026-08-01,baseline
C09274,P08922,2025-01-01,2026-08-01,baseline
C09275,P08305,2025-01-01,2026-08-01,baseline
C09276,P03273,2025-01-01,2026-08-01,baseline
C09277,P03224,2025-01-01,2026-08-01,baseline
C09278,P07259,2025-01-01,2026-08-01,baseline
C09279,P04200,2025-01-01,2026-08-01,baseline
C09280,P06166,2025-01-01,2026-08-01,baseline
C09281,P08157,2025-01-01,2026-08-01,baseline
C09282,P07159,2025-01-01,2026-08-01,baseline
C09283,P02780,2025-01-01,2026-08-01,baseline
C09284,P05723,2025-01-01,2026-08-01,baseline
C09285,P00246,2025-01-01,2026-08-01,baseline
C09286,P03393,2025-01-01,2026-08-01,baseline
C09287,P06306,2025-01-01,2026-08-01,baseline
C09288,P06304,2025-01-01,2026-08-01,baseline
C09289,P09309,2025-01-01,2026-08-01,baseline
C09290,P05966,2025-01-01,2026-08-01,baseline
C09291,P04935,2025-01-01,2026-08-01,baseline
C09292,P07333,2025-01-01,2026-08-01,baseline
C09293,P07516,2025-01-01,2026-08-01,baseline
C09294,P00527,2025-01-01,2026-08-01,baseline
C09295,P05037,2025-01-01,2026-08-01,baseline
C09296,P04338,2025-01-01,2026-08-01,baseline
C09297,P05153,2025-01-01,2026-08-01,baseline
C09298,P09373,2025-01-01,2026-08-01,baseline
C09299,P04793,2025-01-01,2026-08-01,baseline
C09300,P09124,2025-01-01,2026-08-01,baseline
C09301,P00298,2025-01-01,2026-08-01,baseline
C09302,P07742,2025-01-01,2026-08-01,baseline
C09303,P00479,2025-01-01,2026-08-01,baseline
C09304,P05458,2025-01-01,2026-08-01,baseline
C09305,P05920,2025-01-01,2026-08-01,baseline
C09306,P08613,2025-01-01,2026-08-01,baseline
C09307,P07238,2025-01-01,2026-08-01,baseline
C09308,P05122,2025-01-01,2026-08-01,baseline
C09309,P03952,2025-01-01,2026-08-01,baseline
C09310,P09017,2025-01-01,2026-08-01,baseline
C09311,P03054,2025-01-01,2026-08-01,baseline
C09312,P01277,2025-01-01,2026-08-01,baseline
C09313,P09874,2025-01-01,2026-08-01,baseline
C09314,P09397,2025-01-01,2026-08-01,baseline
C09315,P03845,2025-01-01,2026-08-01,baseline
C09316,P04505,2025-01-01,2026-08-01,baseline
C09317,P09891,2025-01-01,2026-08-01,baseline
C09318,P06784,2025-01-01,2026-08-01,baseline
C09319,P08277,2025-01-01,2026-08-01,baseline
C09320,P02690,2025-01-01,2026-08-01,baseline
C09321,P06437,2025-01-01,2026-08-01,baseline
C09322,P09102,2025-01-01,2026-08-01,baseline
C09323,P03586,2025-01-01,2026-08-01,baseline
C09324,P08061,2025-01-01,2026-08-01,baseline
C09325,P06285,2025-01-01,2026-08-01,baseline
C09326,P01605,2025-01-01,2026-08-01,baseline
C09327,P08042,2025-01-01,2026-08-01,baseline
C09328,P02451,2025-01-01,2026-08-01,baseline
C09329,P00320,2025-01-01,2026-08-01,baseline
C09330,P06879,2025-01-01,2026-08-01,baseline
C09331,P02371,2025-01-01,2026-08-01,baseline
C09332,P05489,2025-01-01,2026-08-01,baseline
C09333,P09087,2025-01-01,2026-08-01,baseline
C09334,P01742,2025-01-01,2026-08-01,baseline
C09335,P06563,2025-01-01,2026-08-01,baseline
C09336,P04836,2025-01-01,2026-08-01,baseline
C09337,P01238,2025-01-01,2026-08-01,baseline
C09338,P06846,2025-01-01,2026-08-01,baseline
C09339,P01664,2025-01-01,2026-08-01,baseline
C09340,P02456,2025-01-01,2026-08-01,baseline
C09341,P06821,2025-01-01,2026-08-01,baseline
C09342,P08722,2025-01-01,2026-08-01,baseline
C09343,P02961,2025-01-01,2026-08-01,baseline
C09344,P04207,2025-01-01,2026-08-01,baseline
C09345,P02659,2025-01-01,2026-08-01,baseline
C09346,P01272,2025-01-01,2026-08-01,baseline
C09347,P03400,2025-01-01,2026-08-01,baseline
C09348,P08502,2025-01-01,2026-08-01,baseline
C09349,P09051,2025-01-01,2026-08-01,baseline
C09350,P01003,2025-01-01,2026-08-01,baseline
C09351,P06029,2025-01-01,2026-08-01,baseline
C09352,P05497,2025-01-01,2026-08-01,baseline
C09353,P08111,2025-01-01,2026-08-01,baseline
C09354,P00221,2025-01-01,2026-08-01,baseline
C09355,P09084,2025-01-01,2026-08-01,baseline
C09356,P00947,2025-01-01,2026-08-01,baseline
C09357,P03914,2025-01-01,2026-08-01,baseline
C09358,P04857,2025-01-01,2026-08-01,baseline
C09359,P05003,2025-01-01,2026-08-01,baseline
C09360,P02970,2025-01-01,2026-08-01,baseline
C09361,P06709,2025-01-01,2026-08-01,baseline
C09362,P06396,2025-01-01,2026-08-01,baseline
C09363,P08023,2025-01-01,2026-08-01,baseline
C09364,P06689,2025-01-01,2026-08-01,baseline
C09365,P08328,2025-01-01,2026-08-01,baseline
C09366,P04846,2025-01-01,2026-08-01,baseline
C09367,P00151,2025-01-01,2026-08-01,baseline
C09368,P06731,2025-01-01,2026-08-01,baseline
C09369,P09408,2025-01-01,2026-08-01,baseline
C09370,P07757,2025-01-01,2026-08-01,baseline
C09371,P00849,2025-01-01,2026-08-01,baseline
C09372,P06571,2025-01-01,2026-08-01,baseline
C09373,P08415,2025-01-01,2026-08-01,baseline
C09374,P03737,2025-01-01,2026-08-01,baseline
C09375,P00241,2025-01-01,2026-08-01,baseline
C09376,P04922,2025-01-01,2026-08-01,baseline
C09377,P08478,2025-01-01,2026-08-01,baseline
C09378,P01723,2025-01-01,2026-08-01,baseline
C09379,P05428,2025-01-01,2026-08-01,baseline
C09380,P08790,2025-01-01,2026-08-01,baseline
C09381,P08205,2025-01-01,2026-08-01,baseline
C09382,P06302,2025-01-01,2026-08-01,baseline
C09383,P01739,2025-01-01,2026-08-01,baseline
C09384,P09974,2025-01-01,2026-08-01,baseline
C09385,P04122,2025-01-01,2026-08-01,baseline
C09386,P04076,2025-01-01,2026-08-01,baseline
C09387,P07244,2025-01-01,2026-08-01,baseline
C09388,P01356,2025-01-01,2026-08-01,baseline
C09389,P00165,2025-01-01,2026-08-01,baseline
C09390,P02898,2025-01-01,2026-08-01,baseline
C09391,P01014,2025-01-01,2026-08-01,baseline
C09392,P05125,2025-01-01,2026-08-01,baseline
C09393,P09832,2025-01-01,2026-08-01,baseline
C09394,P02042,2025-01-01,2026-08-01,baseline
C09395,P04803,2025-01-01,2026-08-01,baseline
C09396,P05218,2025-01-01,2026-08-01,baseline
C09397,P05562,2025-01-01,2026-08-01,baseline
C09398,P05327,2025-01-01,2026-08-01,baseline
C09399,P05651,2025-01-01,2026-08-01,baseline
C09400,P07857,2025-01-01,2026-08-01,baseline
C09401,P07199,2025-01-01,2026-08-01,baseline
C09402,P08304,2025-01-01,2026-08-01,baseline
C09403,P04130,2025-01-01,2026-08-01,baseline
C09404,P05217,2025-01-01,2026-08-01,baseline
C09405,P06134,2025-01-01,2026-08-01,baseline
C09406,P02254,2025-01-01,2026-08-01,baseline
C09407,P01856,2025-01-01,2026-08-01,baseline
C09408,P01741,2025-01-01,2026-08-01,baseline
C09409,P07801,2025-01-01,2026-08-01,baseline
C09410,P04191,2025-01-01,2026-08-01,baseline
C09411,P04730,2025-01-01,2026-08-01,baseline
C09412,P00681,2025-01-01,2026-08-01,baseline
C09413,P01050,2025-01-01,2026-08-01,baseline
C09414,P08214,2025-01-01,2026-08-01,baseline
C09415,P08406,2025-01-01,2026-08-01,baseline
C09416,P06101,2025-01-01,2026-08-01,baseline
C09417,P08077,2025-01-01,2026-08-01,baseline
C09418,P03086,2025-01-01,2026-08-01,baseline
C09419,P09768,2025-01-01,2026-08-01,baseline
C09420,P01050,2025-01-01,2026-08-01,baseline
C09421,P02877,2025-01-01,2026-08-01,baseline
C09422,P01952,2025-01-01,2026-08-01,baseline
C09423,P07210,2025-01-01,2026-08-01,baseline
C09424,P06565,2025-01-01,2026-08-01,baseline
C09425,P00058,2025-01-01,2026-08-01,baseline
C09426,P00703,2025-01-01,2026-08-01,baseline
C09427,P08387,2025-01-01,2026-08-01,baseline
C09428,P03005,2025-01-01,2026-08-01,baseline
C09429,P04685,2025-01-01,2026-08-01,baseline
C09430,P07041,2025-01-01,2026-08-01,baseline
C09431,P03300,2025-01-01,2026-08-01,baseline
C09432,P00030,2025-01-01,2026-08-01,baseline
C09433,P04536,2025-01-01,2026-08-01,baseline
C09434,P04002,2025-01-01,2026-08-01,baseline
C09435,P05662,2025-01-01,2026-08-01,baseline
C09436,P06784,2025-01-01,2026-08-01,baseline
C09437,P06494,2025-01-01,2026-08-01,baseline
C09438,P03249,2025-01-01,2026-08-01,baseline
C09439,P00155,2025-01-01,2026-08-01,baseline
C09440,P04184,2025-01-01,2026-08-01,baseline
C09441,P03406,2025-01-01,2026-08-01,baseline
C09442,P07351,2025-01-01,2026-08-01,baseline
C09443,P08212,2025-01-01,2026-08-01,baseline
C09444,P02047,2025-01-01,2026-08-01,baseline
C09445,P04300,2025-01-01,2026-08-01,baseline
C09446,P06470,2025-01-01,2026-08-01,baseline
C09447,P01168,2025-01-01,2026-08-01,baseline
C09448,P08958,2025-01-01,2026-08-01,baseline
C09449,P00871,2025-01-01,2026-08-01,baseline
C09450,P04697,2025-01-01,2026-08-01,baseline
C09451,P07090,2025-01-01,2026-08-01,baseline
C09452,P06607,2025-01-01,2026-08-01,baseline
C09453,P04809,2025-01-01,2026-08-01,baseline
C09454,P07859,2025-01-01,2026-08-01,baseline
C09455,P01717,2025-01-01,2026-08-01,baseline
C09456,P01043,2025-01-01,2026-08-01,baseline
C09457,P06476,2025-01-01,2026-08-01,baseline
C09458,P06516,2025-01-01,2026-08-01,baseline
C09459,P09747,2025-01-01,2026-08-01,baseline
C09460,P03377,2025-01-01,2026-08-01,baseline
C09461,P06712,2025-01-01,2026-08-01,baseline
C09462,P06442,2025-01-01,2026-08-01,baseline
C09463,P09261,2025-01-01,2026-08-01,baseline
C09464,P05697,2025-01-01,2026-08-01,baseline
C09465,P06543,2025-01-01,2026-08-01,baseline
C09466,P01854,2025-01-01,2026-08-01,baseline
C09467,P01984,2025-01-01,2026-08-01,baseline
C09468,P03735,2025-01-01,2026-08-01,baseline
C09469,P08183,2025-01-01,2026-08-01,baseline
C09470,P08116,2025-01-01,2026-08-01,baseline
C09471,P04349,2025-01-01,2026-08-01,baseline
C09472,P09085,2025-01-01,2026-08-01,baseline
C09473,P06521,2025-01-01,2026-08-01,baseline
C09474,P07918,2025-01-01,2026-08-01,baseline
C09475,P03896,2025-01-01,2026-08-01,baseline
C09476,P01291,2025-01-01,2026-08-01,baseline
C09477,P07061,2025-01-01,2026-08-01,baseline
C09478,P03104,2025-01-01,2026-08-01,baseline
C09479,P00558,2025-01-01,2026-08-01,baseline
C09480,P01841,2025-01-01,2026-08-01,baseline
C09481,P08265,2025-01-01,2026-08-01,baseline
C09482,P01549,2025-01-01,2026-08-01,baseline
C09483,P03866,2025-01-01,2026-08-01,baseline
C09484,P09607,2025-01-01,2026-08-01,baseline
C09485,P02014,2025-01-01,2026-08-01,baseline
C09486,P04306,2025-01-01,2026-08-01,baseline
C09487,P00678,2025-01-01,2026-08-01,baseline
C09488,P08976,2025-01-01,2026-08-01,baseline
C09489,P06955,2025-01-01,2026-08-01,baseline
C09490,P01562,2025-01-01,2026-08-01,baseline
C09491,P06729,2025-01-01,2026-08-01,baseline
C09492,P02791,2025-01-01,2026-08-01,baseline
C09493,P02774,2025-01-01,2026-08-01,baseline
C09494,P01343,2025-01-01,2026-08-01,baseline
C09495,P01619,2025-01-01,2026-08-01,baseline
C09496,P07560,2025-01-01,2026-08-01,baseline
C09497,P07381,2025-01-01,2026-08-01,baseline
C09498,P03827,2025-01-01,2026-08-01,baseline
C09499,P01815,2025-01-01,2026-08-01,baseline
C09500,P04931,2025-01-01,2026-08-01,baseline
C09501,P01568,2025-01-01,2026-08-01,baseline
C09502,P00588,2025-01-01,2026-08-01,baseline
C09503,P09298,2025-01-01,2026-08-01,baseline
C09504,P07481,2025-01-01,2026-08-01,baseline
C09505,P04714,2025-01-01,2026-08-01,baseline
C09506,P02319,2025-01-01,2026-08-01,baseline
C09507,P08154,2025-01-01,2026-08-01,baseline
C09508,P00086,2025-01-01,2026-08-01,baseline
C09509,P04553,2025-01-01,2026-08-01,baseline
C09510,P01601,2025-01-01,2026-08-01,baseline
C09511,P03040,2025-01-01,2026-08-01,baseline
C09512,P07566,2025-01-01,2026-08-01,baseline
C09513,P00911,2025-01-01,2026-08-01,baseline
C09514,P04147,2025-01-01,2026-08-01,baseline
C09515,P03407,2025-01-01,2026-08-01,baseline
C09516,P05672,2025-01-01,2026-08-01,baseline
C09517,P00684,2025-01-01,2026-08-01,baseline
C09518,P07836,2025-01-01,2026-08-01,baseline
C09519,P08436,2025-01-01,2026-08-01,baseline
C09520,P01873,2025-01-01,2026-08-01,baseline
C09521,P08339,2025-01-01,2026-08-01,baseline
C09522,P05520,2025-01-01,2026-08-01,baseline
C09523,P09399,2025-01-01,2026-08-01,baseline
C09524,P04699,2025-01-01,2026-08-01,baseline
C09525,P07546,2025-01-01,2026-08-01,baseline
C09526,P06748,2025-01-01,2026-08-01,baseline
C09527,P06394,2025-01-01,2026-08-01,baseline
C09528,P01257,2025-01-01,2026-08-01,baseline
C09529,P05696,2025-01-01,2026-08-01,baseline
C09530,P03037,2025-01-01,2026-08-01,baseline
C09531,P06436,2025-01-01,2026-08-01,baseline
C09532,P07176,2025-01-01,2026-08-01,baseline
C09533,P02002,2025-01-01,2026-08-01,baseline
C09534,P03813,2025-01-01,2026-08-01,baseline
C09535,P02017,2025-01-01,2026-08-01,baseline
C09536,P02892,2025-01-01,2026-08-01,baseline
C09537,P03914,2025-01-01,2026-08-01,baseline
C09538,P03527,2025-01-01,2026-08-01,baseline
C09539,P07143,2025-01-01,2026-08-01,baseline
C09540,P00758,2025-01-01,2026-08-01,baseline
C09541,P07958,2025-01-01,2026-08-01,baseline
C09542,P09879,2025-01-01,2026-08-01,baseline
C09543,P03976,2025-01-01,2026-08-01,baseline
C09544,P00471,2025-01-01,2026-08-01,baseline
C09545,P00086,2025-01-01,2026-08-01,baseline
C09546,P06451,2025-01-01,2026-08-01,baseline
C09547,P00098,2025-01-01,2026-08-01,baseline
C09548,P02002,2025-01-01,2026-08-01,baseline
C09549,P08364,2025-01-01,2026-08-01,baseline
C09550,P04011,2025-01-01,2026-08-01,baseline
C09551,P07899,2025-01-01,2026-08-01,baseline
C09552,P07191,2025-01-01,2026-08-01,baseline
C09553,P01233,2025-01-01,2026-08-01,baseline
C09554,P03035,2025-01-01,2026-08-01,baseline
C09555,P05775,2025-01-01,2026-08-01,baseline
C09556,P01222,2025-01-01,2026-08-01,baseline
C09557,P02615,2025-01-01,2026-08-01,baseline
C09558,P02099,2025-01-01,2026-08-01,baseline
C09559,P04627,2025-01-01,2026-08-01,baseline
C09560,P02772,2025-01-01,2026-08-01,baseline
C09561,P02429,2025-01-01,2026-08-01,baseline
C09562,P04824,2025-01-01,2026-08-01,baseline
C09563,P02299,2025-01-01,2026-08-01,baseline
C09564,P05197,2025-01-01,2026-08-01,baseline
C09565,P07047,2025-01-01,2026-08-01,baseline
C09566,P03486,2025-01-01,2026-08-01,baseline
C09567,P00778,2025-01-01,2026-08-01,baseline
C09568,P01063,2025-01-01,2026-08-01,baseline
C09569,P01930,2025-01-01,2026-08-01,baseline
C09570,P03291,2025-01-01,2026-08-01,baseline
C09571,P00511,2025-01-01,2026-08-01,baseline
C09572,P09306,2025-01-01,2026-08-01,baseline
C09573,P03124,2025-01-01,2026-08-01,baseline
C09574,P09578,2025-01-01,2026-08-01,baseline
C09575,P08133,2025-01-01,2026-08-01,baseline
C09576,P04288,2025-01-01,2026-08-01,baseline
C09577,P04163,2025-01-01,2026-08-01,baseline
C09578,P03377,2025-01-01,2026-08-01,baseline
C09579,P00995,2025-01-01,2026-08-01,baseline
C09580,P07762,2025-01-01,2026-08-01,baseline
C09581,P03496,2025-01-01,2026-08-01,baseline
C09582,P06599,2025-01-01,2026-08-01,baseline
C09583,P06889,2025-01-01,2026-08-01,baseline
C09584,P02309,2025-01-01,2026-08-01,baseline
C09585,P03084,2025-01-01,2026-08-01,baseline
C09586,P06478,2025-01-01,2026-08-01,baseline
C09587,P04054,2025-01-01,2026-08-01,baseline
C09588,P09213,2025-01-01,2026-08-01,baseline
C09589,P05684,2025-01-01,2026-08-01,baseline
C09590,P00673,2025-01-01,2026-08-01,baseline
C09591,P01143,2025-01-01,2026-08-01,baseline
C09592,P09472,2025-01-01,2026-08-01,baseline
C09593,P04567,2025-01-01,2026-08-01,baseline
C09594,P07189,2025-01-01,2026-08-01,baseline
C09595,P01500,2025-01-01,2026-08-01,baseline
C09596,P07171,2025-01-01,2026-08-01,baseline
C09597,P04647,2025-01-01,2026-08-01,baseline
C09598,P01931,2025-01-01,2026-08-01,baseline
C09599,P07277,2025-01-01,2026-08-01,baseline
C09600,P05975,2025-01-01,2026-08-01,baseline
C09601,P05120,2025-01-01,2026-08-01,baseline
C09602,P01296,2025-01-01,2026-08-01,baseline
C09603,P01783,2025-01-01,2026-08-01,baseline
C09604,P05446,2025-01-01,2026-08-01,baseline
C09605,P08664,2025-01-01,2026-08-01,baseline
C09606,P07350,2025-01-01,2026-08-01,baseline
C09607,P08948,2025-01-01,2026-08-01,baseline
C09608,P09300,2025-01-01,2026-08-01,baseline
C09609,P08218,2025-01-01,2026-08-01,baseline
C09610,P01564,2025-01-01,2026-08-01,baseline
C09611,P04367,2025-01-01,2026-08-01,baseline
C09612,P04558,2025-01-01,2026-08-01,baseline
C09613,P08039,2025-01-01,2026-08-01,baseline
C09614,P03500,2025-01-01,2026-08-01,baseline
C09615,P07416,2025-01-01,2026-08-01,baseline
C09616,P08306,2025-01-01,2026-08-01,baseline
C09617,P09747,2025-01-01,2026-08-01,baseline
C09618,P03256,2025-01-01,2026-08-01,baseline
C09619,P06337,2025-01-01,2026-08-01,baseline
C09620,P01017,2025-01-01,2026-08-01,baseline
C09621,P00281,2025-01-01,2026-08-01,baseline
C09622,P07402,2025-01-01,2026-08-01,baseline
C09623,P07275,2025-01-01,2026-08-01,baseline
C09624,P03065,2025-01-01,2026-08-01,baseline
C09625,P01144,2025-01-01,2026-08-01,baseline
C09626,P03248,2025-01-01,2026-08-01,baseline
C09627,P08230,2025-01-01,2026-08-01,baseline
C09628,P01709,2025-01-01,2026-08-01,baseline
C09629,P09240,2025-01-01,2026-08-01,baseline
C09630,P07263,2025-01-01,2026-08-01,baseline
C09631,P05321,2025-01-01,2026-08-01,baseline
C09632,P05424,2025-01-01,2026-08-01,baseline
C09633,P00599,2025-01-01,2026-08-01,baseline
C09634,P01429,2025-01-01,2026-08-01,baseline
C09635,P08250,2025-01-01,2026-08-01,baseline
C09636,P04034,2025-01-01,2026-08-01,baseline
C09637,P01868,2025-01-01,2026-08-01,baseline
C09638,P04672,2025-01-01,2026-08-01,baseline
C09639,P00076,2025-01-01,2026-08-01,baseline
C09640,P03933,2025-01-01,2026-08-01,baseline
C09641,P05995,2025-01-01,2026-08-01,baseline
C09642,P08605,2025-01-01,2026-08-01,baseline
C09643,P00943,2025-01-01,2026-08-01,baseline
C09644,P08038,2025-01-01,2026-08-01,baseline
C09645,P07752,2025-01-01,2026-08-01,baseline
C09646,P06768,2025-01-01,2026-08-01,baseline
C09647,P09292,2025-01-01,2026-08-01,baseline
C09648,P01492,2025-01-01,2026-08-01,baseline
C09649,P00684,2025-01-01,2026-08-01,baseline
C09650,P07738,2025-01-01,2026-08-01,baseline
C09651,P09892,2025-01-01,2026-08-01,baseline
C09652,P01888,2025-01-01,2026-08-01,baseline
C09653,P03239,2025-01-01,2026-08-01,baseline
C09654,P05390,2025-01-01,2026-08-01,baseline
C09655,P02837,2025-01-01,2026-08-01,baseline
C09656,P00648,2025-01-01,2026-08-01,baseline
C09657,P06319,2025-01-01,2026-08-01,baseline
C09658,P08241,2025-01-01,2026-08-01,baseline
C09659,P06778,2025-01-01,2026-08-01,baseline
C09660,P06025,2025-01-01,2026-08-01,baseline
C09661,P09963,2025-01-01,2026-08-01,baseline
C09662,P04167,2025-01-01,2026-08-01,baseline
C09663,P01812,2025-01-01,2026-08-01,baseline
C09664,P09625,2025-01-01,2026-08-01,baseline
C09665,P09939,2025-01-01,2026-08-01,baseline
C09666,P02598,2025-01-01,2026-08-01,baseline
C09667,P02514,2025-01-01,2026-08-01,baseline
C09668,P08594,2025-01-01,2026-08-01,baseline
C09669,P01648,2025-01-01,2026-08-01,baseline
C09670,P00068,2025-01-01,2026-08-01,baseline
C09671,P08872,2025-01-01,2026-08-01,baseline
C09672,P05738,2025-01-01,2026-08-01,baseline
C09673,P02350,2025-01-01,2026-08-01,baseline
C09674,P06967,2025-01-01,2026-08-01,baseline
C09675,P01218,2025-01-01,2026-08-01,baseline
C09676,P06089,2025-01-01,2026-08-01,baseline
C09677,P00235,2025-01-01,2026-08-01,baseline
C09678,P07244,2025-01-01,2026-08-01,baseline
C09679,P05565,2025-01-01,2026-08-01,baseline
C09680,P07162,2025-01-01,2026-08-01,baseline
C09681,P07580,2025-01-01,2026-08-01,baseline
C09682,P06187,2025-01-01,2026-08-01,baseline
C09683,P05010,2025-01-01,2026-08-01,baseline
C09684,P00024,2025-01-01,2026-08-01,baseline
C09685,P00177,2025-01-01,2026-08-01,baseline
C09686,P07881,2025-01-01,2026-08-01,baseline
C09687,P07168,2025-01-01,2026-08-01,baseline
C09688,P05307,2025-01-01,2026-08-01,baseline
C09689,P08398,2025-01-01,2026-08-01,baseline
C09690,P02798,2025-01-01,2026-08-01,baseline
C09691,P09024,2025-01-01,2026-08-01,baseline
C09692,P08758,2025-01-01,2026-08-01,baseline
C09693,P05231,2025-01-01,2026-08-01,baseline
C09694,P07538,2025-01-01,2026-08-01,baseline
C09695,P03850,2025-01-01,2026-08-01,baseline
C09696,P01998,2025-01-01,2026-08-01,baseline
C09697,P07903,2025-01-01,2026-08-01,baseline
C09698,P02434,2025-01-01,2026-08-01,baseline
C09699,P05901,2025-01-01,2026-08-01,baseline
C09700,P05828,2025-01-01,2026-08-01,baseline
C09701,P07518,2025-01-01,2026-08-01,baseline
C09702,P02282,2025-01-01,2026-08-01,baseline
C09703,P01301,2025-01-01,2026-08-01,baseline
C09704,P00723,2025-01-01,2026-08-01,baseline
C09705,P01019,2025-01-01,2026-08-01,baseline
C09706,P07586,2025-01-01,2026-08-01,baseline
C09707,P01029,2025-01-01,2026-08-01,baseline
C09708,P04047,2025-01-01,2026-08-01,baseline
C09709,P05124,2025-01-01,2026-08-01,baseline
C09710,P03535,2025-01-01,2026-08-01,baseline
C09711,P06211,2025-01-01,2026-08-01,baseline
C09712,P00346,2025-01-01,2026-08-01,baseline
C09713,P06776,2025-01-01,2026-08-01,baseline
C09714,P07560,2025-01-01,2026-08-01,baseline
C09715,P03575,2025-01-01,2026-08-01,baseline
C09716,P05260,2025-01-01,2026-08-01,baseline
C09717,P06241,2025-01-01,2026-08-01,baseline
C09718,P02307,2025-01-01,2026-08-01,baseline
C09719,P04941,2025-01-01,2026-08-01,baseline
C09720,P00680,2025-01-01,2026-08-01,baseline
C09721,P07590,2025-01-01,2026-08-01,baseline
C09722,P05933,2025-01-01,2026-08-01,baseline
C09723,P03105,2025-01-01,2026-08-01,baseline
C09724,P02170,2025-01-01,2026-08-01,baseline
C09725,P01807,2025-01-01,2026-08-01,baseline
C09726,P02984,2025-01-01,2026-08-01,baseline
C09727,P04834,2025-01-01,2026-08-01,baseline
C09728,P06367,2025-01-01,2026-08-01,baseline
C09729,P07642,2025-01-01,2026-08-01,baseline
C09730,P08266,2025-01-01,2026-08-01,baseline
C09731,P01354,2025-01-01,2026-08-01,baseline
C09732,P07014,2025-01-01,2026-08-01,baseline
C09733,P00918,2025-01-01,2026-08-01,baseline
C09734,P03265,2025-01-01,2026-08-01,baseline
C09735,P06595,2025-01-01,2026-08-01,baseline
C09736,P03002,2025-01-01,2026-08-01,baseline
C09737,P09854,2025-01-01,2026-08-01,baseline
C09738,P04340,2025-01-01,2026-08-01,baseline
C09739,P03801,2025-01-01,2026-08-01,baseline
C09740,P09505,2025-01-01,2026-08-01,baseline
C09741,P05235,2025-01-01,2026-08-01,baseline
C09742,P08977,2025-01-01,2026-08-01,baseline
C09743,P09812,2025-01-01,2026-08-01,baseline
C09744,P08971,2025-01-01,2026-08-01,baseline
C09745,P03448,2025-01-01,2026-08-01,baseline
C09746,P04719,2025-01-01,2026-08-01,baseline
C09747,P09948,2025-01-01,2026-08-01,baseline
C09748,P00777,2025-01-01,2026-08-01,baseline
C09749,P02227,2025-01-01,2026-08-01,baseline
C09750,P06569,2025-01-01,2026-08-01,baseline
C09751,P07176,2025-01-01,2026-08-01,baseline
C09752,P08797,2025-01-01,2026-08-01,baseline
C09753,P09826,2025-01-01,2026-08-01,baseline
C09754,P08613,2025-01-01,2026-08-01,baseline
C09755,P09782,2025-01-01,2026-08-01,baseline
C09756,P05470,2025-01-01,2026-08-01,baseline
C09757,P07297,2025-01-01,2026-08-01,baseline
C09758,P04351,2025-01-01,2026-08-01,baseline
C09759,P07652,2025-01-01,2026-08-01,baseline
C09760,P00214,2025-01-01,2026-08-01,baseline
C09761,P06274,2025-01-01,2026-08-01,baseline
C09762,P07069,2025-01-01,2026-08-01,baseline
C09763,P09868,2025-01-01,2026-08-01,baseline
C09764,P03728,2025-01-01,2026-08-01,baseline
C09765,P06681,2025-01-01,2026-08-01,baseline
C09766,P04034,2025-01-01,2026-08-01,baseline
C09767,P04947,2025-01-01,2026-08-01,baseline
C09768,P01627,2025-01-01,2026-08-01,baseline
C09769,P04889,2025-01-01,2026-08-01,baseline
C09770,P00473,2025-01-01,2026-08-01,baseline
C09771,P00662,2025-01-01,2026-08-01,baseline
C09772,P04006,2025-01-01,2026-08-01,baseline
C09773,P04642,2025-01-01,2026-08-01,baseline
C09774,P07657,2025-01-01,2026-08-01,baseline
C09775,P06076,2025-01-01,2026-08-01,baseline
C09776,P01075,2025-01-01,2026-08-01,baseline
C09777,P07339,2025-01-01,2026-08-01,baseline
C09778,P01309,2025-01-01,2026-08-01,baseline
C09779,P01637,2025-01-01,2026-08-01,baseline
C09780,P09415,2025-01-01,2026-08-01,baseline
C09781,P08450,2025-01-01,2026-08-01,baseline
C09782,P09543,2025-01-01,2026-08-01,baseline
C09783,P05644,2025-01-01,2026-08-01,baseline
C09784,P08194,2025-01-01,2026-08-01,baseline
C09785,P00909,2025-01-01,2026-08-01,baseline
C09786,P07299,2025-01-01,2026-08-01,baseline
C09787,P00415,2025-01-01,2026-08-01,baseline
C09788,P05772,2025-01-01,2026-08-01,baseline
C09789,P06272,2025-01-01,2026-08-01,baseline
C09790,P05297,2025-01-01,2026-08-01,baseline
C09791,P02022,2025-01-01,2026-08-01,baseline
C09792,P04619,2025-01-01,2026-08-01,baseline
C09793,P00882,2025-01-01,2026-08-01,baseline
C09794,P00342,2025-01-01,2026-08-01,baseline
C09795,P04273,2025-01-01,2026-08-01,baseline
C09796,P08452,2025-01-01,2026-08-01,baseline
C09797,P09104,2025-01-01,2026-08-01,baseline
C09798,P03062,2025-01-01,2026-08-01,baseline
C09799,P06039,2025-01-01,2026-08-01,baseline
C09800,P00442,2025-01-01,2026-08-01,baseline
C09801,P09231,2025-01-01,2026-08-01,baseline
C09802,P04922,2025-01-01,2026-08-01,baseline
C09803,P08051,2025-01-01,2026-08-01,baseline
C09804,P08447,2025-01-01,2026-08-01,baseline
C09805,P04740,2025-01-01,2026-08-01,baseline
C09806,P01855,2025-01-01,2026-08-01,baseline
C09807,P03950,2025-01-01,2026-08-01,baseline
C09808,P06851,2025-01-01,2026-08-01,baseline
C09809,P04383,2025-01-01,2026-08-01,baseline
C09810,P01512,2025-01-01,2026-08-01,baseline
C09811,P08355,2025-01-01,2026-08-01,baseline
C09812,P06669,2025-01-01,2026-08-01,baseline
C09813,P01517,2025-01-01,2026-08-01,baseline
C09814,P02645,2025-01-01,2026-08-01,baseline
C09815,P01728,2025-01-01,2026-08-01,baseline
C09816,P04852,2025-01-01,2026-08-01,baseline
C09817,P04900,2025-01-01,2026-08-01,baseline
C09818,P05426,2025-01-01,2026-08-01,baseline
C09819,P00961,2025-01-01,2026-08-01,baseline
C09820,P00817,2025-01-01,2026-08-01,baseline
C09821,P06373,2025-01-01,2026-08-01,baseline
C09822,P08155,2025-01-01,2026-08-01,baseline
C09823,P03281,2025-01-01,2026-08-01,baseline
C09824,P00522,2025-01-01,2026-08-01,baseline
C09825,P04700,2025-01-01,2026-08-01,baseline
C09826,P07729,2025-01-01,2026-08-01,baseline
C09827,P08661,2025-01-01,2026-08-01,baseline
C09828,P01619,2025-01-01,2026-08-01,baseline
C09829,P01184,2025-01-01,2026-08-01,baseline
C09830,P01274,2025-01-01,2026-08-01,baseline
C09831,P09604,2025-01-01,2026-08-01,baseline
C09832,P04300,2025-01-01,2026-08-01,baseline
C09833,P05777,2025-01-01,2026-08-01,baseline
C09834,P04687,2025-01-01,2026-08-01,baseline
C09835,P09825,2025-01-01,2026-08-01,baseline
C09836,P04977,2025-01-01,2026-08-01,baseline
C09837,P03511,2025-01-01,2026-08-01,baseline
C09838,P03551,2025-01-01,2026-08-01,baseline
C09839,P05169,2025-01-01,2026-08-01,baseline
C09840,P01312,2025-01-01,2026-08-01,baseline
C09841,P04992,2025-01-01,2026-08-01,baseline
C09842,P05543,2025-01-01,2026-08-01,baseline
C09843,P02245,2025-01-01,2026-08-01,baseline
C09844,P07272,2025-01-01,2026-08-01,baseline
C09845,P07494,2025-01-01,2026-08-01,baseline
C09846,P08696,2025-01-01,2026-08-01,baseline
C09847,P05616,2025-01-01,2026-08-01,baseline
C09848,P02513,2025-01-01,2026-08-01,baseline
C09849,P05977,2025-01-01,2026-08-01,baseline
C09850,P02785,2025-01-01,2026-08-01,baseline
C09851,P08957,2025-01-01,2026-08-01,baseline
C09852,P01941,2025-01-01,2026-08-01,baseline
C09853,P04189,2025-01-01,2026-08-01,baseline
C09854,P04307,2025-01-01,2026-08-01,baseline
C09855,P08303,2025-01-01,2026-08-01,baseline
C09856,P04872,2025-01-01,2026-08-01,baseline
C09857,P03077,2025-01-01,2026-08-01,baseline
C09858,P00936,2025-01-01,2026-08-01,baseline
C09859,P00642,2025-01-01,2026-08-01,baseline
C09860,P02423,2025-01-01,2026-08-01,baseline
C09861,P05858,2025-01-01,2026-08-01,baseline
C09862,P02533,2025-01-01,2026-08-01,baseline
C09863,P08239,2025-01-01,2026-08-01,baseline
C09864,P05785,2025-01-01,2026-08-01,baseline
C09865,P07140,2025-01-01,2026-08-01,baseline
C09866,P02129,2025-01-01,2026-08-01,baseline
C09867,P02830,2025-01-01,2026-08-01,baseline
C09868,P02700,2025-01-01,2026-08-01,baseline
C09869,P08497,2025-01-01,2026-08-01,baseline
C09870,P06857,2025-01-01,2026-08-01,baseline
C09871,P07629,2025-01-01,2026-08-01,baseline
C09872,P04444,2025-01-01,2026-08-01,baseline
C09873,P08312,2025-01-01,2026-08-01,baseline
C09874,P08831,2025-01-01,2026-08-01,baseline
C09875,P06628,2025-01-01,2026-08-01,baseline
C09876,P08335,2025-01-01,2026-08-01,baseline
C09877,P02999,2025-01-01,2026-08-01,baseline
C09878,P04736,2025-01-01,2026-08-01,baseline
C09879,P04872,2025-01-01,2026-08-01,baseline
C09880,P08360,2025-01-01,2026-08-01,baseline
C09881,P08001,2025-01-01,2026-08-01,baseline
C09882,P03376,2025-01-01,2026-08-01,baseline
C09883,P09495,2025-01-01,2026-08-01,baseline
C09884,P00628,2025-01-01,2026-08-01,baseline
C09885,P08904,2025-01-01,2026-08-01,baseline
C09886,P02952,2025-01-01,2026-08-01,baseline
C09887,P05823,2025-01-01,2026-08-01,baseline
C09888,P01142,2025-01-01,2026-08-01,baseline
C09889,P06056,2025-01-01,2026-08-01,baseline
C09890,P00224,2025-01-01,2026-08-01,baseline
C09891,P08721,2025-01-01,2026-08-01,baseline
C09892,P01724,2025-01-01,2026-08-01,baseline
C09893,P07306,2025-01-01,2026-08-01,baseline
C09894,P01841,2025-01-01,2026-08-01,baseline
C09895,P03053,2025-01-01,2026-08-01,baseline
C09896,P04833,2025-01-01,2026-08-01,baseline
C09897,P04574,2025-01-01,2026-08-01,baseline
C09898,P01424,2025-01-01,2026-08-01,baseline
C09899,P06970,2025-01-01,2026-08-01,baseline
C09900,P01026,2025-01-01,2026-08-01,baseline
C09901,P03848,2025-01-01,2026-08-01,baseline
C09902,P06039,2025-01-01,2026-08-01,baseline
C09903,P04479,2025-01-01,2026-08-01,baseline
C09904,P01098,2025-01-01,2026-08-01,baseline
C09905,P00595,2025-01-01,2026-08-01,baseline
C09906,P03955,2025-01-01,2026-08-01,baseline
C09907,P03602,2025-01-01,2026-08-01,baseline
C09908,P05201,2025-01-01,2026-08-01,baseline
C09909,P02078,2025-01-01,2026-08-01,baseline
C09910,P05007,2025-01-01,2026-08-01,baseline
C09911,P01129,2025-01-01,2026-08-01,baseline
C09912,P07910,2025-01-01,2026-08-01,baseline
C09913,P06550,2025-01-01,2026-08-01,baseline
C09914,P05722,2025-01-01,2026-08-01,baseline
C09915,P04005,2025-01-01,2026-08-01,baseline
C09916,P08872,2025-01-01,2026-08-01,baseline
C09917,P06605,2025-01-01,2026-08-01,baseline
C09918,P05074,2025-01-01,2026-08-01,baseline
C09919,P01618,2025-01-01,2026-08-01,baseline
C09920,P02782,2025-01-01,2026-08-01,baseline
C09921,P04457,2025-01-01,2026-08-01,baseline
C09922,P00660,2025-01-01,2026-08-01,baseline
C09923,P08226,2025-01-01,2026-08-01,baseline
C09924,P03638,2025-01-01,2026-08-01,baseline
C09925,P02489,2025-01-01,2026-08-01,baseline
C09926,P07478,2025-01-01,2026-08-01,baseline
C09927,P03278,2025-01-01,2026-08-01,baseline
C09928,P00094,2025-01-01,2026-08-01,baseline
C09929,P03735,2025-01-01,2026-08-01,baseline
C09930,P06205,2025-01-01,2026-08-01,baseline
C09931,P00369,2025-01-01,2026-08-01,baseline
C09932,P01622,2025-01-01,2026-08-01,baseline
C09933,P01317,2025-01-01,2026-08-01,baseline
C09934,P00631,2025-01-01,2026-08-01,baseline
C09935,P05155,2025-01-01,2026-08-01,baseline
C09936,P09063,2025-01-01,2026-08-01,baseline
C09937,P06184,2025-01-01,2026-08-01,baseline
C09938,P03949,2025-01-01,2026-08-01,baseline
C09939,P08500,2025-01-01,2026-08-01,baseline
C09940,P02662,2025-01-01,2026-08-01,baseline
C09941,P07214,2025-01-01,2026-08-01,baseline
C09942,P06712,2025-01-01,2026-08-01,baseline
C09943,P03319,2025-01-01,2026-08-01,baseline
C09944,P00098,2025-01-01,2026-08-01,baseline
C09945,P03718,2025-01-01,2026-08-01,baseline
C09946,P07963,2025-01-01,2026-08-01,baseline
C09947,P05973,2025-01-01,2026-08-01,baseline
C09948,P00110,2025-01-01,2026-08-01,baseline
C09949,P09512,2025-01-01,2026-08-01,baseline
C09950,P01994,2025-01-01,2026-08-01,baseline
C09951,P00973,2025-01-01,2026-08-01,baseline
C09952,P00475,2025-01-01,2026-08-01,baseline
C09953,P00656,2025-01-01,2026-08-01,baseline
C09954,P03592,2025-01-01,2026-08-01,baseline
C09955,P02971,2025-01-01,2026-08-01,baseline
C09956,P09598,2025-01-01,2026-08-01,baseline
C09957,P01823,2025-01-01,2026-08-01,baseline
C09958,P07936,2025-01-01,2026-08-01,baseline
C09959,P04019,2025-01-01,2026-08-01,baseline
C09960,P07181,2025-01-01,2026-08-01,baseline
C09961,P03073,2025-01-01,2026-08-01,baseline
C09962,P02126,2025-01-01,2026-08-01,baseline
C09963,P02008,2025-01-01,2026-08-01,baseline
C09964,P03367,2025-01-01,2026-08-01,baseline
C09965,P08740,2025-01-01,2026-08-01,baseline
C09966,P02964,2025-01-01,2026-08-01,baseline
C09967,P06383,2025-01-01,2026-08-01,baseline
C09968,P03325,2025-01-01,2026-08-01,baseline
C09969,P07990,2025-01-01,2026-08-01,baseline
C09970,P03485,2025-01-01,2026-08-01,baseline
C09971,P03116,2025-01-01,2026-08-01,baseline
C09972,P09686,2025-01-01,2026-08-01,baseline
C09973,P07914,2025-01-01,2026-08-01,baseline
C09974,P09570,2025-01-01,2026-08-01,baseline
C09975,P06530,2025-01-01,2026-08-01,baseline
C09976,P01186,2025-01-01,2026-08-01,baseline
C09977,P04173,2025-01-01,2026-08-01,baseline
C09978,P04591,2025-01-01,2026-08-01,baseline
C09979,P02698,2025-01-01,2026-08-01,baseline
C09980,P06508,2025-01-01,2026-08-01,baseline
C09981,P08152,2025-01-01,2026-08-01,baseline
C09982,P04311,2025-01-01,2026-08-01,baseline
C09983,P08101,2025-01-01,2026-08-01,baseline
C09984,P04388,2025-01-01,2026-08-01,baseline
C09985,P00026,2025-01-01,2026-08-01,baseline
C09986,P09752,2025-01-01,2026-08-01,baseline
C09987,P02412,2025-01-01,2026-08-01,baseline
C09988,P06287,2025-01-01,2026-08-01,baseline
C09989,P05155,2025-01-01,2026-08-01,baseline
C09990,P00090,2025-01-01,2026-08-01,baseline
C09991,P06053,2025-01-01,2026-08-01,baseline
C09992,P04947,2025-01-01,2026-08-01,baseline
C09993,P01052,2025-01-01,2026-08-01,baseline
C09994,P06933,2025-01-01,2026-08-01,baseline
C09995,P09616,2025-01-01,2026-08-01,baseline
C09996,P09576,2025-01-01,2026-08-01,baseline
C09997,P06394,2025-01-01,2026-08-01,baseline
C09998,P06474,2025-01-01,2026-08-01,baseline
C09999,P08985,2025-01-01,2026-08-01,baseline
C10000,P00275,2025-01-01,2026-08-01,baseline
C07582,P07003,2025-06-01,2026-08-01,shared_cluster
C06658,P07003,2025-06-01,2026-08-01,shared_cluster
C08785,P07003,2025-06-01,2026-08-01,shared_cluster
C03956,P07003,2025-06-01,2026-08-01,shared_cluster
C03056,P09979,2025-06-01,2026-08-01,shared_cluster
C07426,P09979,2025-06-01,2026-08-01,shared_cluster
C07805,P09979,2025-06-01,2026-08-01,shared_cluster
C02534,P09979,2025-06-01,2026-08-01,shared_cluster
C09468,P09979,2025-06-01,2026-08-01,shared_cluster
C04527,P01897,2025-06-01,2026-08-01,shared_cluster
C03546,P01897,2025-06-01,2026-08-01,shared_cluster
C06435,P01897,2025-06-01,2026-08-01,shared_cluster
C00849,P01897,2025-06-01,2026-08-01,shared_cluster
C07773,P01897,2025-06-01,2026-08-01,shared_cluster
C04987,P03446,2025-06-01,2026-08-01,shared_cluster
C09578,P03446,2025-06-01,2026-08-01,shared_cluster
C07724,P03446,2025-06-01,2026-08-01,shared_cluster
C01205,P02000,2025-06-01,2026-08-01,shared_cluster
C06561,P02000,2025-06-01,2026-08-01,shared_cluster
C08871,P02000,2025-06-01,2026-08-01,shared_cluster
C05653,P02000,2025-06-01,2026-08-01,shared_cluster
C02615,P02000,2025-06-01,2026-08-01,shared_cluster
C03707,P02000,2025-06-01,2026-08-01,shared_cluster
C01919,P05033,2025-06-01,2026-08-01,shared_cluster
C00541,P05033,2025-06-01,2026-08-01,shared_cluster
C05317,P05033,2025-06-01,2026-08-01,shared_cluster
C09205,P05033,2025-06-01,2026-08-01,shared_cluster
C02449,P05033,2025-06-01,2026-08-01,shared_cluster
C09178,P05033,2025-06-01,2026-08-01,shared_cluster
C06997,P05444,2025-06-01,2026-08-01,shared_cluster
C05138,P05444,2025-06-01,2026-08-01,shared_cluster
C03128,P05444,2025-06-01,2026-08-01,shared_cluster
C07472,P05444,2025-06-01,2026-08-01,shared_cluster
C05360,P05444,2025-06-01,2026-08-01,shared_cluster
C00526,P09153,2025-06-01,2026-08-01,shared_cluster
C06001,P09153,2025-06-01,2026-08-01,shared_cluster
C05982,P09153,2025-06-01,2026-08-01,shared_cluster
C06751,P09153,2025-06-01,2026-08-01,shared_cluster
C06384,P05494,2025-06-01,2026-08-01,shared_cluster
C05046,P05494,2025-06-01,2026-08-01,shared_cluster
C01169,P05494,2025-06-01,2026-08-01,shared_cluster
C00916,P05494,2025-06-01,2026-08-01,shared_cluster
C04906,P05494,2025-06-01,2026-08-01,shared_cluster
C00437,P05494,2025-06-01,2026-08-01,shared_cluster
C09727,P02664,2025-06-01,2026-08-01,shared_cluster
C02731,P02664,2025-06-01,2026-08-01,shared_cluster
C06409,P00444,2025-06-01,2026-08-01,shared_cluster
C01096,P00444,2025-06-01,2026-08-01,shared_cluster
C08161,P00280,2025-06-01,2026-08-01,shared_cluster
C06195,P00280,2025-06-01,2026-08-01,shared_cluster
C08690,P00280,2025-06-01,2026-08-01,shared_cluster
C06202,P00280,2025-06-01,2026-08-01,shared_cluster
C00786,P02172,2025-06-01,2026-08-01,shared_cluster
C01519,P02172,2025-06-01,2026-08-01,shared_cluster
C02837,P02172,2025-06-01,2026-08-01,shared_cluster
C08451,P02172,2025-06-01,2026-08-01,shared_cluster
C04006,P02172,2025-06-01,2026-08-01,shared_cluster
C07438,P02172,2025-06-01,2026-08-01,shared_cluster
C05240,P04670,2025-06-01,2026-08-01,shared_cluster
C02517,P04670,2025-06-01,2026-08-01,shared_cluster
C00769,P04670,2025-06-01,2026-08-01,shared_cluster
C01835,P04670,2025-06-01,2026-08-01,shared_cluster
C06370,P04670,2025-06-01,2026-08-01,shared_cluster
C03749,P04670,2025-06-01,2026-08-01,shared_cluster
C07915,P09018,2025-06-01,2026-08-01,shared_cluster
C05514,P09018,2025-06-01,2026-08-01,shared_cluster
C00666,P09018,2025-06-01,2026-08-01,shared_cluster
C09107,P09018,2025-06-01,2026-08-01,shared_cluster
C05850,P09018,2025-06-01,2026-08-01,shared_cluster
C04805,P04996,2025-06-01,2026-08-01,shared_cluster
C09615,P04996,2025-06-01,2026-08-01,shared_cluster
C02746,P04996,2025-06-01,2026-08-01,shared_cluster
C08429,P04996,2025-06-01,2026-08-01,shared_cluster
C06793,P04996,2025-06-01,2026-08-01,shared_cluster
C03426,P01634,2025-06-01,2026-08-01,shared_cluster
C01346,P01634,2025-06-01,2026-08-01,shared_cluster
C02064,P01634,2025-06-01,2026-08-01,shared_cluster
C03188,P04859,2025-06-01,2026-08-01,shared_cluster
C07236,P04859,2025-06-01,2026-08-01,shared_cluster
C03770,P04859,2025-06-01,2026-08-01,shared_cluster
C07364,P04859,2025-06-01,2026-08-01,shared_cluster
C08480,P06893,2025-06-01,2026-08-01,shared_cluster
C02469,P06893,2025-06-01,2026-08-01,shared_cluster
C01666,P06893,2025-06-01,2026-08-01,shared_cluster
C02810,P05743,2025-06-01,2026-08-01,shared_cluster
C03732,P05743,2025-06-01,2026-08-01,shared_cluster
C07317,P05743,2025-06-01,2026-08-01,shared_cluster
C09503,P05743,2025-06-01,2026-08-01,shared_cluster
C04739,P05743,2025-06-01,2026-08-01,shared_cluster
C04746,P05743,2025-06-01,2026-08-01,shared_cluster
C04075,P01565,2025-06-01,2026-08-01,shared_cluster
C02013,P01565,2025-06-01,2026-08-01,shared_cluster
C07090,P01565,2025-06-01,2026-08-01,shared_cluster
C08769,P05032,2025-06-01,2026-08-01,shared_cluster
C00528,P05032,2025-06-01,2026-08-01,shared_cluster
C05941,P05032,2025-06-01,2026-08-01,shared_cluster
C08748,P05032,2025-06-01,2026-08-01,shared_cluster
C03088,P09941,2025-06-01,2026-08-01,shared_cluster
C00438,P09941,2025-06-01,2026-08-01,shared_cluster
C05783,P09941,2025-06-01,2026-08-01,shared_cluster
C04795,P07336,2025-06-01,2026-08-01,shared_cluster
C05864,P07336,2025-06-01,2026-08-01,shared_cluster
C05337,P07336,2025-06-01,2026-08-01,shared_cluster
C02394,P07336,2025-06-01,2026-08-01,shared_cluster
C07214,P07336,2025-06-01,2026-08-01,shared_cluster
C06438,P07336,2025-06-01,2026-08-01,shared_cluster
C09412,P08671,2025-06-01,2026-08-01,shared_cluster
C02651,P08671,2025-06-01,2026-08-01,shared_cluster
C00018,P08671,2025-06-01,2026-08-01,shared_cluster
C03203,P08671,2025-06-01,2026-08-01,shared_cluster
C07210,P07137,2025-06-01,2026-08-01,shared_cluster
C06178,P07137,2025-06-01,2026-08-01,shared_cluster
C06828,P07137,2025-06-01,2026-08-01,shared_cluster
C02171,P03094,2025-06-01,2026-08-01,shared_cluster
C00805,P03094,2025-06-01,2026-08-01,shared_cluster
C03876,P03094,2025-06-01,2026-08-01,shared_cluster
C03512,P03094,2025-06-01,2026-08-01,shared_cluster
C02271,P04492,2025-06-01,2026-08-01,shared_cluster
C06130,P04492,2025-06-01,2026-08-01,shared_cluster
C08405,P04492,2025-06-01,2026-08-01,shared_cluster
C07025,P04492,2025-06-01,2026-08-01,shared_cluster
C00405,P04492,2025-06-01,2026-08-01,shared_cluster
C09936,P04492,2025-06-01,2026-08-01,shared_cluster
C02943,P09357,2025-06-01,2026-08-01,shared_cluster
C07235,P09357,2025-06-01,2026-08-01,shared_cluster
C09720,P09357,2025-06-01,2026-08-01,shared_cluster
C03662,P09357,2025-06-01,2026-08-01,shared_cluster
C01571,P00044,2025-06-01,2026-08-01,shared_cluster
C09617,P00044,2025-06-01,2026-08-01,shared_cluster
C08165,P00044,2025-06-01,2026-08-01,shared_cluster
C07526,P00044,2025-06-01,2026-08-01,shared_cluster
C07315,P00044,2025-06-01,2026-08-01,shared_cluster
C04117,P02023,2025-06-01,2026-08-01,shared_cluster
C09483,P02023,2025-06-01,2026-08-01,shared_cluster
C04128,P02023,2025-06-01,2026-08-01,shared_cluster
C00741,P07420,2025-06-01,2026-08-01,shared_cluster
C08610,P07420,2025-06-01,2026-08-01,shared_cluster
C03523,P07420,2025-06-01,2026-08-01,shared_cluster
C02881,P02261,2025-06-01,2026-08-01,shared_cluster
C01147,P02261,2025-06-01,2026-08-01,shared_cluster
C05234,P09956,2025-06-01,2026-08-01,shared_cluster
C03744,P09956,2025-06-01,2026-08-01,shared_cluster
C02504,P09956,2025-06-01,2026-08-01,shared_cluster
C08440,P09956,2025-06-01,2026-08-01,shared_cluster
C00353,P09956,2025-06-01,2026-08-01,shared_cluster
C01000,P09956,2025-06-01,2026-08-01,shared_cluster
C09065,P02966,2025-06-01,2026-08-01,shared_cluster
C06060,P02966,2025-06-01,2026-08-01,shared_cluster
C02115,P02966,2025-06-01,2026-08-01,shared_cluster
C04493,P02966,2025-06-01,2026-08-01,shared_cluster
C01724,P02966,2025-06-01,2026-08-01,shared_cluster
C01696,P05770,2025-06-01,2026-08-01,shared_cluster
C05358,P05770,2025-06-01,2026-08-01,shared_cluster
C03579,P05770,2025-06-01,2026-08-01,shared_cluster
C01314,P05770,2025-06-01,2026-08-01,shared_cluster
C01457,P05770,2025-06-01,2026-08-01,shared_cluster
C06416,P01879,2025-06-01,2026-08-01,shared_cluster
C04949,P01879,2025-06-01,2026-08-01,shared_cluster
C02583,P01879,2025-06-01,2026-08-01,shared_cluster
C08438,P01790,2025-06-01,2026-08-01,shared_cluster
C04696,P01790,2025-06-01,2026-08-01,shared_cluster
C05127,P08122,2025-06-01,2026-08-01,shared_cluster
C04485,P08122,2025-06-01,2026-08-01,shared_cluster
C09106,P03083,2025-06-01,2026-08-01,shared_cluster
C01073,P03083,2025-06-01,2026-08-01,shared_cluster
C08381,P03083,2025-06-01,2026-08-01,shared_cluster
C08380,P03083,2025-06-01,2026-08-01,shared_cluster
C08546,P03083,2025-06-01,2026-08-01,shared_cluster
C05079,P06437,2025-06-01,2026-08-01,shared_cluster
C01392,P06437,2025-06-01,2026-08-01,shared_cluster
C03547,P06437,2025-06-01,2026-08-01,shared_cluster
C03179,P03368,2025-06-01,2026-08-01,shared_cluster
C03658,P03368,2025-06-01,2026-08-01,shared_cluster
C09402,P03368,2025-06-01,2026-08-01,shared_cluster
C08473,P01906,2025-06-01,2026-08-01,shared_cluster
C02474,P01906,2025-06-01,2026-08-01,shared_cluster
C02516,P01906,2025-06-01,2026-08-01,shared_cluster
C00236,P01906,2025-06-01,2026-08-01,shared_cluster
C04688,P01906,2025-06-01,2026-08-01,shared_cluster
C02023,P07722,2025-06-01,2026-08-01,shared_cluster
C07930,P07722,2025-06-01,2026-08-01,shared_cluster
C00597,P07722,2025-06-01,2026-08-01,shared_cluster
C07646,P07722,2025-06-01,2026-08-01,shared_cluster
C01384,P07722,2025-06-01,2026-08-01,shared_cluster
C06562,P00317,2025-06-01,2026-08-01,shared_cluster
C08526,P00317,2025-06-01,2026-08-01,shared_cluster
C04793,P00317,2025-06-01,2026-08-01,shared_cluster
C07193,P09864,2025-06-01,2026-08-01,shared_cluster
C00087,P09864,2025-06-01,2026-08-01,shared_cluster
C02691,P09864,2025-06-01,2026-08-01,shared_cluster
C03735,P09864,2025-06-01,2026-08-01,shared_cluster
C02524,P03068,2025-06-01,2026-08-01,shared_cluster
C01511,P03068,2025-06-01,2026-08-01,shared_cluster
C02181,P08769,2025-06-01,2026-08-01,shared_cluster
C09132,P08769,2025-06-01,2026-08-01,shared_cluster
C00198,P08769,2025-06-01,2026-08-01,shared_cluster
C08596,P09525,2025-06-01,2026-08-01,shared_cluster
C06256,P09525,2025-06-01,2026-08-01,shared_cluster
C04891,P09525,2025-06-01,2026-08-01,shared_cluster
C03941,P09525,2025-06-01,2026-08-01,shared_cluster
C09813,P09525,2025-06-01,2026-08-01,shared_cluster
C05433,P09395,2025-06-01,2026-08-01,shared_cluster
C07688,P09395,2025-06-01,2026-08-01,shared_cluster
C00497,P04906,2025-06-01,2026-08-01,shared_cluster
C07089,P04906,2025-06-01,2026-08-01,shared_cluster
C07898,P04906,2025-06-01,2026-08-01,shared_cluster
C05828,P04906,2025-06-01,2026-08-01,shared_cluster
C04097,P04906,2025-06-01,2026-08-01,shared_cluster
C07742,P04906,2025-06-01,2026-08-01,shared_cluster
C02543,P07365,2025-06-01,2026-08-01,shared_cluster
C02333,P07365,2025-06-01,2026-08-01,shared_cluster
C00922,P07365,2025-06-01,2026-08-01,shared_cluster
C07576,P07365,2025-06-01,2026-08-01,shared_cluster
C02589,P00160,2025-06-01,2026-08-01,shared_cluster
C00874,P00160,2025-06-01,2026-08-01,shared_cluster
C03202,P00160,2025-06-01,2026-08-01,shared_cluster
C05968,P00160,2025-06-01,2026-08-01,shared_cluster
C07434,P00555,2025-06-01,2026-08-01,shared_cluster
C07465,P00555,2025-06-01,2026-08-01,shared_cluster
C07372,P06335,2025-06-01,2026-08-01,shared_cluster
C05171,P06335,2025-06-01,2026-08-01,shared_cluster
C01415,P06335,2025-06-01,2026-08-01,shared_cluster
C09117,P04693,2025-06-01,2026-08-01,shared_cluster
C02785,P04693,2025-06-01,2026-08-01,shared_cluster
C09672,P04693,2025-06-01,2026-08-01,shared_cluster
C03208,P09896,2025-06-01,2026-08-01,shared_cluster
C07831,P09896,2025-06-01,2026-08-01,shared_cluster
C03072,P00811,2025-06-01,2026-08-01,shared_cluster
C03681,P00811,2025-06-01,2026-08-01,shared_cluster
C03425,P00811,2025-06-01,2026-08-01,shared_cluster
C01261,P03816,2025-06-01,2026-08-01,shared_cluster
C05090,P03816,2025-06-01,2026-08-01,shared_cluster
C06567,P03816,2025-06-01,2026-08-01,shared_cluster
C00064,P07003,2025-06-01,2026-08-01,shared_cluster
C02286,P07003,2025-06-01,2026-08-01,shared_cluster
C09708,P03996,2025-06-01,2026-08-01,shared_cluster
C00247,P03996,2025-06-01,2026-08-01,shared_cluster
C03073,P03996,2025-06-01,2026-08-01,shared_cluster
C08618,P03996,2025-06-01,2026-08-01,shared_cluster
C02224,P01236,2025-06-01,2026-08-01,shared_cluster
C06332,P01236,2025-06-01,2026-08-01,shared_cluster
C01438,P01236,2025-06-01,2026-08-01,shared_cluster
C03563,P01236,2025-06-01,2026-08-01,shared_cluster
C08340,P01236,2025-06-01,2026-08-01,shared_cluster
C02622,P09786,2025-06-01,2026-08-01,shared_cluster
C09694,P09786,2025-06-01,2026-08-01,shared_cluster
C09649,P09786,2025-06-01,2026-08-01,shared_cluster
C04261,P09786,2025-06-01,2026-08-01,shared_cluster
C06006,P09786,2025-06-01,2026-08-01,shared_cluster
C05132,P03630,2025-06-01,2026-08-01,shared_cluster
C05800,P03630,2025-06-01,2026-08-01,shared_cluster
C02358,P03630,2025-06-01,2026-08-01,shared_cluster
C03191,P03630,2025-06-01,2026-08-01,shared_cluster
C05375,P03630,2025-06-01,2026-08-01,shared_cluster
C08300,P01236,2025-06-01,2026-08-01,shared_cluster
C01829,P01236,2025-06-01,2026-08-01,shared_cluster
C04469,P05713,2025-06-01,2026-08-01,shared_cluster
C04904,P05713,2025-06-01,2026-08-01,shared_cluster
C07768,P06142,2025-06-01,2026-08-01,shared_cluster
C04564,P06142,2025-06-01,2026-08-01,shared_cluster
C05749,P06142,2025-06-01,2026-08-01,shared_cluster
C06560,P06142,2025-06-01,2026-08-01,shared_cluster
C02231,P08455,2025-06-01,2026-08-01,shared_cluster
C03998,P08455,2025-06-01,2026-08-01,shared_cluster
C08312,P08455,2025-06-01,2026-08-01,shared_cluster
C03460,P08455,2025-06-01,2026-08-01,shared_cluster
C08309,P08455,2025-06-01,2026-08-01,shared_cluster
C02072,P09098,2025-06-01,2026-08-01,shared_cluster
C07799,P09098,2025-06-01,2026-08-01,shared_cluster
C03357,P09098,2025-06-01,2026-08-01,shared_cluster
C09281,P09098,2025-06-01,2026-08-01,shared_cluster
C09364,P09098,2025-06-01,2026-08-01,shared_cluster
C04823,P07925,2025-06-01,2026-08-01,shared_cluster
C04627,P07925,2025-06-01,2026-08-01,shared_cluster
C03074,P09848,2025-06-01,2026-08-01,shared_cluster
C09741,P09848,2025-06-01,2026-08-01,shared_cluster
C05118,P09848,2025-06-01,2026-08-01,shared_cluster
C08514,P09848,2025-06-01,2026-08-01,shared_cluster
C04292,P02992,2025-06-01,2026-08-01,shared_cluster
C03300,P02992,2025-06-01,2026-08-01,shared_cluster
C02187,P06063,2025-06-01,2026-08-01,shared_cluster
C03336,P06063,2025-06-01,2026-08-01,shared_cluster
C09560,P06063,2025-06-01,2026-08-01,shared_cluster
C07795,P04071,2025-06-01,2026-08-01,shared_cluster
C01352,P04071,2025-06-01,2026-08-01,shared_cluster
C02475,P04071,2025-06-01,2026-08-01,shared_cluster
C08651,P00405,2025-06-01,2026-08-01,shared_cluster
C05847,P00405,2025-06-01,2026-08-01,shared_cluster
C01624,P00405,2025-06-01,2026-08-01,shared_cluster
C01959,P00405,2025-06-01,2026-08-01,shared_cluster
C08113,P00405,2025-06-01,2026-08-01,shared_cluster
C08519,P02473,2025-06-01,2026-08-01,shared_cluster
C01993,P02473,2025-06-01,2026-08-01,shared_cluster
C00222,P02473,2025-06-01,2026-08-01,shared_cluster
C08345,P02473,2025-06-01,2026-08-01,shared_cluster
C06775,P06323,2025-06-01,2026-08-01,shared_cluster
C00995,P06323,2025-06-01,2026-08-01,shared_cluster
C00219,P02002,2025-06-01,2026-08-01,shared_cluster
C01106,P02002,2025-06-01,2026-08-01,shared_cluster
C09370,P02002,2025-06-01,2026-08-01,shared_cluster
C04537,P02002,2025-06-01,2026-08-01,shared_cluster
C04622,P02002,2025-06-01,2026-08-01,shared_cluster
C00569,P05564,2025-06-01,2026-08-01,shared_cluster
C02625,P05564,2025-06-01,2026-08-01,shared_cluster
C03046,P05564,2025-06-01,2026-08-01,shared_cluster
C04652,P05564,2025-06-01,2026-08-01,shared_cluster
C08259,P05564,2025-06-01,2026-08-01,shared_cluster
C06912,P05564,2025-06-01,2026-08-01,shared_cluster
C04439,P07134,2025-06-01,2026-08-01,shared_cluster
C09502,P07134,2025-06-01,2026-08-01,shared_cluster
C01782,P07134,2025-06-01,2026-08-01,shared_cluster
C02857,P09856,2025-06-01,2026-08-01,shared_cluster
C06000,P09856,2025-06-01,2026-08-01,shared_cluster
C02792,P09856,2025-06-01,2026-08-01,shared_cluster
C06724,P09519,2025-06-01,2026-08-01,shared_cluster
C02389,P09519,2025-06-01,2026-08-01,shared_cluster
C09143,P09519,2025-06-01,2026-08-01,shared_cluster
C09905,P09519,2025-06-01,2026-08-01,shared_cluster
C06530,P04620,2025-06-01,2026-08-01,shared_cluster
C03851,P04620,2025-06-01,2026-08-01,shared_cluster
C00821,P04620,2025-06-01,2026-08-01,shared_cluster
C02383,P04620,2025-06-01,2026-08-01,shared_cluster
C07417,P03340,2025-06-01,2026-08-01,shared_cluster
C07171,P03340,2025-06-01,2026-08-01,shared_cluster
C04741,P03340,2025-06-01,2026-08-01,shared_cluster
C01882,P09668,2025-06-01,2026-08-01,shared_cluster
C01366,P09668,2025-06-01,2026-08-01,shared_cluster
C01890,P09668,2025-06-01,2026-08-01,shared_cluster
C02510,P09668,2025-06-01,2026-08-01,shared_cluster
C02399,P06327,2025-06-01,2026-08-01,shared_cluster
C04437,P06327,2025-06-01,2026-08-01,shared_cluster
C08781,P06327,2025-06-01,2026-08-01,shared_cluster
C05969,P03632,2025-06-01,2026-08-01,shared_cluster
C04361,P03632,2025-06-01,2026-08-01,shared_cluster
C08686,P03632,2025-06-01,2026-08-01,shared_cluster
C08741,P03632,2025-06-01,2026-08-01,shared_cluster
C07354,P03632,2025-06-01,2026-08-01,shared_cluster
C07539,P03632,2025-06-01,2026-08-01,shared_cluster
C08884,P09192,2025-06-01,2026-08-01,shared_cluster
C02579,P09192,2025-06-01,2026-08-01,shared_cluster
C03782,P09192,2025-06-01,2026-08-01,shared_cluster
C02393,P09192,2025-06-01,2026-08-01,shared_cluster
C03438,P01827,2025-06-01,2026-08-01,shared_cluster
C05683,P01827,2025-06-01,2026-08-01,shared_cluster
C04459,P01827,2025-06-01,2026-08-01,shared_cluster
C03827,P05527,2025-06-01,2026-08-01,shared_cluster
C09004,P05527,2025-06-01,2026-08-01,shared_cluster
C08993,P01150,2025-06-01,2026-08-01,shared_cluster
C02112,P01150,2025-06-01,2026-08-01,shared_cluster
C04026,P01150,2025-06-01,2026-08-01,shared_cluster
C04492,P01150,2025-06-01,2026-08-01,shared_cluster
C09805,P01150,2025-06-01,2026-08-01,shared_cluster
C03597,P01150,2025-06-01,2026-08-01,shared_cluster
C02084,P07430,2025-06-01,2026-08-01,shared_cluster
C01140,P07430,2025-06-01,2026-08-01,shared_cluster
C02351,P07430,2025-06-01,2026-08-01,shared_cluster
C07965,P07430,2025-06-01,2026-08-01,shared_cluster
C04812,P07430,2025-06-01,2026-08-01,shared_cluster
C08725,P07430,2025-06-01,2026-08-01,shared_cluster
C01809,P06382,2025-06-01,2026-08-01,shared_cluster
C02822,P06382,2025-06-01,2026-08-01,shared_cluster
C06939,P06382,2025-06-01,2026-08-01,shared_cluster
C05165,P06382,2025-06-01,2026-08-01,shared_cluster
C08342,P06382,2025-06-01,2026-08-01,shared_cluster
C01131,P07111,2025-06-01,2026-08-01,shared_cluster
C09886,P07111,2025-06-01,2026-08-01,shared_cluster
C02522,P07111,2025-06-01,2026-08-01,shared_cluster
C08247,P07111,2025-06-01,2026-08-01,shared_cluster
C06250,P07111,2025-06-01,2026-08-01,shared_cluster
C05176,P08051,2025-06-01,2026-08-01,shared_cluster
C00056,P08051,2025-06-01,2026-08-01,shared_cluster
C00313,P08051,2025-06-01,2026-08-01,shared_cluster
C00942,P08051,2025-06-01,2026-08-01,shared_cluster
C09919,P08051,2025-06-01,2026-08-01,shared_cluster
C09541,P07525,2025-06-01,2026-08-01,shared_cluster
C03790,P07525,2025-06-01,2026-08-01,shared_cluster
C03005,P07525,2025-06-01,2026-08-01,shared_cluster
C09833,P01713,2025-06-01,2026-08-01,shared_cluster
C08657,P01713,2025-06-01,2026-08-01,shared_cluster
C07147,P06689,2025-06-01,2026-08-01,shared_cluster
C01211,P06689,2025-06-01,2026-08-01,shared_cluster
C07994,P06689,2025-06-01,2026-08-01,shared_cluster
C08565,P06689,2025-06-01,2026-08-01,shared_cluster
C01227,P06689,2025-06-01,2026-08-01,shared_cluster
C07401,P02818,2025-06-01,2026-08-01,shared_cluster
C04901,P02818,2025-06-01,2026-08-01,shared_cluster
C00892,P02818,2025-06-01,2026-08-01,shared_cluster
C03721,P02818,2025-06-01,2026-08-01,shared_cluster
C06525,P02199,2025-06-01,2026-08-01,shared_cluster
C07732,P02199,2025-06-01,2026-08-01,shared_cluster
C01637,P02199,2025-06-01,2026-08-01,shared_cluster
C06713,P02199,2025-06-01,2026-08-01,shared_cluster
C03065,P02199,2025-06-01,2026-08-01,shared_cluster
C05024,P04284,2025-06-01,2026-08-01,shared_cluster
C09168,P04284,2025-06-01,2026-08-01,shared_cluster
C08799,P04284,2025-06-01,2026-08-01,shared_cluster
C04521,P00756,2025-06-01,2026-08-01,shared_cluster
C08667,P00756,2025-06-01,2026-08-01,shared_cluster
C01051,P00756,2025-06-01,2026-08-01,shared_cluster
C04080,P00756,2025-06-01,2026-08-01,shared_cluster
C09297,P00756,2025-06-01,2026-08-01,shared_cluster
C09254,P06465,2025-06-01,2026-08-01,shared_cluster
C02985,P06465,2025-06-01,2026-08-01,shared_cluster
C00412,P06465,2025-06-01,2026-08-01,shared_cluster
C08539,P07055,2025-06-01,2026-08-01,shared_cluster
C07574,P07055,2025-06-01,2026-08-01,shared_cluster
C07311,P07055,2025-06-01,2026-08-01,shared_cluster
C07219,P07055,2025-06-01,2026-08-01,shared_cluster
C03363,P08556,2025-06-01,2026-08-01,shared_cluster
C03805,P08556,2025-06-01,2026-08-01,shared_cluster
C00145,P08556,2025-06-01,2026-08-01,shared_cluster
C02094,P08556,2025-06-01,2026-08-01,shared_cluster
C04135,P08556,2025-06-01,2026-08-01,shared_cluster
C09298,P03737,2025-06-01,2026-08-01,shared_cluster
C06924,P03737,2025-06-01,2026-08-01,shared_cluster
C01472,P07240,2025-06-01,2026-08-01,shared_cluster
C00354,P07240,2025-06-01,2026-08-01,shared_cluster
C00309,P07240,2025-06-01,2026-08-01,shared_cluster
C06585,P07240,2025-06-01,2026-08-01,shared_cluster
C02277,P06501,2025-06-01,2026-08-01,shared_cluster
C03970,P06501,2025-06-01,2026-08-01,shared_cluster
C08134,P06501,2025-06-01,2026-08-01,shared_cluster
C03219,P06501,2025-06-01,2026-08-01,shared_cluster
C00083,P06501,2025-06-01,2026-08-01,shared_cluster
C08577,P04060,2025-06-01,2026-08-01,shared_cluster
C07172,P04060,2025-06-01,2026-08-01,shared_cluster
C02712,P04060,2025-06-01,2026-08-01,shared_cluster
C01928,P04060,2025-06-01,2026-08-01,shared_cluster
C09849,P04060,2025-06-01,2026-08-01,shared_cluster
C02458,P04060,2025-06-01,2026-08-01,shared_cluster
C05590,P01962,2025-06-01,2026-08-01,shared_cluster
C05409,P01962,2025-06-01,2026-08-01,shared_cluster
C02076,P01962,2025-06-01,2026-08-01,shared_cluster
C05978,P01962,2025-06-01,2026-08-01,shared_cluster
C00756,P01962,2025-06-01,2026-08-01,shared_cluster
C01526,P05792,2025-06-01,2026-08-01,shared_cluster
C04195,P05792,2025-06-01,2026-08-01,shared_cluster
C06045,P05792,2025-06-01,2026-08-01,shared_cluster
C09688,P06719,2025-06-01,2026-08-01,shared_cluster
C00890,P06719,2025-06-01,2026-08-01,shared_cluster
C07559,P06719,2025-06-01,2026-08-01,shared_cluster
C08663,P06719,2025-06-01,2026-08-01,shared_cluster
C09707,P06719,2025-06-01,2026-08-01,shared_cluster
C04384,P06719,2025-06-01,2026-08-01,shared_cluster
C08888,P04138,2025-06-01,2026-08-01,shared_cluster
C06393,P04138,2025-06-01,2026-08-01,shared_cluster
C07554,P04138,2025-06-01,2026-08-01,shared_cluster
C01845,P04138,2025-06-01,2026-08-01,shared_cluster
C09795,P04138,2025-06-01,2026-08-01,shared_cluster
C02899,P06487,2025-06-01,2026-08-01,shared_cluster
C03429,P06487,2025-06-01,2026-08-01,shared_cluster
C04620,P06487,2025-06-01,2026-08-01,shared_cluster
C00471,P06487,2025-06-01,2026-08-01,shared_cluster
C06025,P06487,2025-06-01,2026-08-01,shared_cluster
C09265,P06487,2025-06-01,2026-08-01,shared_cluster
C05789,P01394,2025-06-01,2026-08-01,shared_cluster
C00187,P01394,2025-06-01,2026-08-01,shared_cluster
C09961,P01394,2025-06-01,2026-08-01,shared_cluster
C02219,P01394,2025-06-01,2026-08-01,shared_cluster
C05302,P01394,2025-06-01,2026-08-01,shared_cluster
C02886,P01394,2025-06-01,2026-08-01,shared_cluster
C05447,P05685,2025-06-01,2026-08-01,shared_cluster
C06046,P05685,2025-06-01,2026-08-01,shared_cluster
C01112,P05685,2025-06-01,2026-08-01,shared_cluster
C02958,P05685,2025-06-01,2026-08-01,shared_cluster
C06034,P05685,2025-06-01,2026-08-01,shared_cluster
C02192,P05685,2025-06-01,2026-08-01,shared_cluster
C03313,P02908,2025-06-01,2026-08-01,shared_cluster
C02576,P02908,2025-06-01,2026-08-01,shared_cluster
C05694,P02908,2025-06-01,2026-08-01,shared_cluster
C04801,P02908,2025-06-01,2026-08-01,shared_cluster
C09384,P09096,2025-06-01,2026-08-01,shared_cluster
C03763,P09096,2025-06-01,2026-08-01,shared_cluster
C00099,P09096,2025-06-01,2026-08-01,shared_cluster
C02722,P09096,2025-06-01,2026-08-01,shared_cluster
C02827,P09096,2025-06-01,2026-08-01,shared_cluster
C06959,P09096,2025-06-01,2026-08-01,shared_cluster
C00724,P02356,2025-06-01,2026-08-01,shared_cluster
C03443,P02356,2025-06-01,2026-08-01,shared_cluster
C09349,P04363,2025-06-01,2026-08-01,shared_cluster
C08354,P04363,2025-06-01,2026-08-01,shared_cluster
C05451,P04363,2025-06-01,2026-08-01,shared_cluster
C05866,P04363,2025-06-01,2026-08-01,shared_cluster
C08516,P09972,2025-06-01,2026-08-01,shared_cluster
C03634,P09972,2025-06-01,2026-08-01,shared_cluster
C09862,P09972,2025-06-01,2026-08-01,shared_cluster
C05722,P09972,2025-06-01,2026-08-01,shared_cluster
C02247,P09972,2025-06-01,2026-08-01,shared_cluster
C01860,P03879,2025-06-01,2026-08-01,shared_cluster
C09822,P03879,2025-06-01,2026-08-01,shared_cluster
C05505,P03879,2025-06-01,2026-08-01,shared_cluster
C09994,P02474,2025-06-01,2026-08-01,shared_cluster
C03799,P02474,2025-06-01,2026-08-01,shared_cluster
C05362,P02474,2025-06-01,2026-08-01,shared_cluster
C07014,P02474,2025-06-01,2026-08-01,shared_cluster
C00814,P02474,2025-06-01,2026-08-01,shared_cluster
C08868,P02474,2025-06-01,2026-08-01,shared_cluster
C05510,P02570,2025-06-01,2026-08-01,shared_cluster
C09531,P02570,2025-06-01,2026-08-01,shared_cluster
C08833,P02570,2025-06-01,2026-08-01,shared_cluster
C07483,P02570,2025-06-01,2026-08-01,shared_cluster
C07269,P02570,2025-06-01,2026-08-01,shared_cluster
C06322,P01773,2025-06-01,2026-08-01,shared_cluster
C04108,P01773,2025-06-01,2026-08-01,shared_cluster
C06578,P01773,2025-06-01,2026-08-01,shared_cluster
C09998,P01773,2025-06-01,2026-08-01,shared_cluster
C02060,P01773,2025-06-01,2026-08-01,shared_cluster
C02629,P05193,2025-06-01,2026-08-01,shared_cluster
C02193,P05193,2025-06-01,2026-08-01,shared_cluster
C09596,P05193,2025-06-01,2026-08-01,shared_cluster
C07187,P05193,2025-06-01,2026-08-01,shared_cluster
C07300,P09923,2025-06-01,2026-08-01,shared_cluster
C06576,P09923,2025-06-01,2026-08-01,shared_cluster
C03379,P01334,2025-06-01,2026-08-01,shared_cluster
C05531,P01334,2025-06-01,2026-08-01,shared_cluster
C07337,P01334,2025-06-01,2026-08-01,shared_cluster
C07495,P01334,2025-06-01,2026-08-01,shared_cluster
C07256,P01334,2025-06-01,2026-08-01,shared_cluster
C07932,P00259,2025-06-01,2026-08-01,shared_cluster
C03408,P00259,2025-06-01,2026-08-01,shared_cluster
C04860,P00259,2025-06-01,2026-08-01,shared_cluster
C07374,P00259,2025-06-01,2026-08-01,shared_cluster
C09033,P00400,2025-06-01,2026-08-01,shared_cluster
C03690,P00400,2025-06-01,2026-08-01,shared_cluster
C06616,P03771,2025-06-01,2026-08-01,shared_cluster
C02025,P03771,2025-06-01,2026-08-01,shared_cluster
C09269,P03771,2025-06-01,2026-08-01,shared_cluster
C04503,P03771,2025-06-01,2026-08-01,shared_cluster
C04093,P03771,2025-06-01,2026-08-01,shared_cluster
C04640,P02866,2025-06-01,2026-08-01,shared_cluster
C02545,P02866,2025-06-01,2026-08-01,shared_cluster
C02729,P02866,2025-06-01,2026-08-01,shared_cluster
C07433,P02866,2025-06-01,2026-08-01,shared_cluster
C08136,P02866,2025-06-01,2026-08-01,shared_cluster
C09713,P05081,2025-06-01,2026-08-01,shared_cluster
C05416,P05081,2025-06-01,2026-08-01,shared_cluster
C09127,P05081,2025-06-01,2026-08-01,shared_cluster
C05128,P01894,2025-06-01,2026-08-01,shared_cluster
C08436,P01894,2025-06-01,2026-08-01,shared_cluster
C06694,P01894,2025-06-01,2026-08-01,shared_cluster
C08029,P01894,2025-06-01,2026-08-01,shared_cluster
C08254,P01894,2025-06-01,2026-08-01,shared_cluster
C07844,P04638,2025-06-01,2026-08-01,shared_cluster
C08533,P04638,2025-06-01,2026-08-01,shared_cluster
C05106,P04638,2025-06-01,2026-08-01,shared_cluster
C00010,P04638,2025-06-01,2026-08-01,shared_cluster
C00461,P08311,2025-06-01,2026-08-01,shared_cluster
C00738,P08311,2025-06-01,2026-08-01,shared_cluster
C03927,P08311,2025-06-01,2026-08-01,shared_cluster
C09212,P08311,2025-06-01,2026-08-01,shared_cluster
C04356,P08311,2025-06-01,2026-08-01,shared_cluster
C00204,P08311,2025-06-01,2026-08-01,shared_cluster
C08286,P08510,2025-06-01,2026-08-01,shared_cluster
C03997,P08510,2025-06-01,2026-08-01,shared_cluster
C03895,P08510,2025-06-01,2026-08-01,shared_cluster
C01731,P08510,2025-06-01,2026-08-01,shared_cluster
C08852,P05841,2025-06-01,2026-08-01,shared_cluster
C05752,P05841,2025-06-01,2026-08-01,shared_cluster
C07308,P04334,2025-06-01,2026-08-01,shared_cluster
C05790,P04334,2025-06-01,2026-08-01,shared_cluster
C04862,P04334,2025-06-01,2026-08-01,shared_cluster
C06772,P06757,2025-06-01,2026-08-01,shared_cluster
C06347,P06757,2025-06-01,2026-08-01,shared_cluster
C09012,P01662,2025-06-01,2026-08-01,shared_cluster
C00008,P01662,2025-06-01,2026-08-01,shared_cluster
C01814,P01662,2025-06-01,2026-08-01,shared_cluster
C01038,P01662,2025-06-01,2026-08-01,shared_cluster
C06770,P01662,2025-06-01,2026-08-01,shared_cluster
C06995,P06248,2025-06-01,2026-08-01,shared_cluster
C03241,P06248,2025-06-01,2026-08-01,shared_cluster
C07624,P06248,2025-06-01,2026-08-01,shared_cluster
C07430,P06248,2025-06-01,2026-08-01,shared_cluster
C08861,P06248,2025-06-01,2026-08-01,shared_cluster
C02243,P06248,2025-06-01,2026-08-01,shared_cluster
C04111,P03990,2025-06-01,2026-08-01,shared_cluster
C08817,P03990,2025-06-01,2026-08-01,shared_cluster
C03703,P03990,2025-06-01,2026-08-01,shared_cluster
C03108,P03990,2025-06-01,2026-08-01,shared_cluster
C07369,P03720,2025-06-01,2026-08-01,shared_cluster
C08239,P03720,2025-06-01,2026-08-01,shared_cluster
C08129,P03720,2025-06-01,2026-08-01,shared_cluster
C06595,P03720,2025-06-01,2026-08-01,shared_cluster
C07295,P03720,2025-06-01,2026-08-01,shared_cluster
C03620,P03720,2025-06-01,2026-08-01,shared_cluster
C02249,P07192,2025-06-01,2026-08-01,shared_cluster
C03213,P07192,2025-06-01,2026-08-01,shared_cluster
C02916,P07192,2025-06-01,2026-08-01,shared_cluster
C05591,P00412,2025-06-01,2026-08-01,shared_cluster
C02410,P00412,2025-06-01,2026-08-01,shared_cluster
C04374,P00412,2025-06-01,2026-08-01,shared_cluster
C05446,P00412,2025-06-01,2026-08-01,shared_cluster
C05431,P07695,2025-06-01,2026-08-01,shared_cluster
C01733,P07695,2025-06-01,2026-08-01,shared_cluster
C09025,P07695,2025-06-01,2026-08-01,shared_cluster
C03891,P06021,2025-06-01,2026-08-01,shared_cluster
C04887,P06021,2025-06-01,2026-08-01,shared_cluster
C04800,P06021,2025-06-01,2026-08-01,shared_cluster
C03298,P06021,2025-06-01,2026-08-01,shared_cluster
C02673,P06021,2025-06-01,2026-08-01,shared_cluster
C04660,P06709,2025-06-01,2026-08-01,shared_cluster
C04747,P06709,2025-06-01,2026-08-01,shared_cluster
C07313,P06709,2025-06-01,2026-08-01,shared_cluster
C07919,P05060,2025-06-01,2026-08-01,shared_cluster
C04057,P05060,2025-06-01,2026-08-01,shared_cluster
C04161,P05060,2025-06-01,2026-08-01,shared_cluster
C06701,P05060,2025-06-01,2026-08-01,shared_cluster
C03149,P06052,2025-06-01,2026-08-01,shared_cluster
C03308,P06052,2025-06-01,2026-08-01,shared_cluster
C04557,P09048,2025-06-01,2026-08-01,shared_cluster
C02902,P09048,2025-06-01,2026-08-01,shared_cluster
C08865,P09048,2025-06-01,2026-08-01,shared_cluster
C08217,P09048,2025-06-01,2026-08-01,shared_cluster
C07851,P09048,2025-06-01,2026-08-01,shared_cluster
C04781,P02289,2025-06-01,2026-08-01,shared_cluster
C06650,P02289,2025-06-01,2026-08-01,shared_cluster
C01672,P03232,2025-06-01,2026-08-01,shared_cluster
C00947,P03232,2025-06-01,2026-08-01,shared_cluster
C01508,P01177,2025-06-01,2026-08-01,shared_cluster
C02371,P01177,2025-06-01,2026-08-01,shared_cluster
C02531,P01177,2025-06-01,2026-08-01,shared_cluster
C09881,P01177,2025-06-01,2026-08-01,shared_cluster
C07108,P08692,2025-06-01,2026-08-01,shared_cluster
C05092,P08692,2025-06-01,2026-08-01,shared_cluster
C02412,P08692,2025-06-01,2026-08-01,shared_cluster
C07781,P05116,2025-06-01,2026-08-01,shared_cluster
C05198,P05116,2025-06-01,2026-08-01,shared_cluster
C08454,P05116,2025-06-01,2026-08-01,shared_cluster
C00558,P05116,2025-06-01,2026-08-01,shared_cluster
C08200,P05116,2025-06-01,2026-08-01,shared_cluster
C00978,P00172,2025-06-01,2026-08-01,shared_cluster
C06257,P00172,2025-06-01,2026-08-01,shared_cluster
C09951,P00172,2025-06-01,2026-08-01,shared_cluster
C00994,P00172,2025-06-01,2026-08-01,shared_cluster
C05563,P00172,2025-06-01,2026-08-01,shared_cluster
C09674,P08973,2025-06-01,2026-08-01,shared_cluster
C03562,P08973,2025-06-01,2026-08-01,shared_cluster
C07599,P08973,2025-06-01,2026-08-01,shared_cluster
C02337,P08973,2025-06-01,2026-08-01,shared_cluster
C00674,P02176,2025-06-01,2026-08-01,shared_cluster
C09076,P02176,2025-06-01,2026-08-01,shared_cluster
C04145,P02176,2025-06-01,2026-08-01,shared_cluster
C03522,P02176,2025-06-01,2026-08-01,shared_cluster
C06182,P02176,2025-06-01,2026-08-01,shared_cluster
C00036,P07518,2025-06-01,2026-08-01,shared_cluster
C05533,P07518,2025-06-01,2026-08-01,shared_cluster
C08794,P07518,2025-06-01,2026-08-01,shared_cluster
C07717,P07518,2025-06-01,2026-08-01,shared_cluster
C09047,P07518,2025-06-01,2026-08-01,shared_cluster
C04563,P07518,2025-06-01,2026-08-01,shared_cluster
C00636,P01635,2025-06-01,2026-08-01,shared_cluster
C07382,P01635,2025-06-01,2026-08-01,shared_cluster
C01854,P08829,2025-06-01,2026-08-01,shared_cluster
C00644,P08829,2025-06-01,2026-08-01,shared_cluster
C09980,P01492,2025-06-01,2026-08-01,shared_cluster
C04041,P01492,2025-06-01,2026-08-01,shared_cluster
C06234,P01492,2025-06-01,2026-08-01,shared_cluster
C00338,P01492,2025-06-01,2026-08-01,shared_cluster
C07123,P01492,2025-06-01,2026-08-01,shared_cluster
C00063,P00879,2025-06-01,2026-08-01,shared_cluster
C01469,P00879,2025-06-01,2026-08-01,shared_cluster
C03174,P05622,2025-06-01,2026-08-01,shared_cluster
C00564,P05622,2025-06-01,2026-08-01,shared_cluster
C04628,P00359,2025-06-01,2026-08-01,shared_cluster
C07398,P00359,2025-06-01,2026-08-01,shared_cluster
C02662,P00359,2025-06-01,2026-08-01,shared_cluster
C01968,P00614,2025-06-01,2026-08-01,shared_cluster
C08734,P00614,2025-06-01,2026-08-01,shared_cluster
C08194,P03158,2025-06-01,2026-08-01,shared_cluster
C08536,P03158,2025-06-01,2026-08-01,shared_cluster
C09129,P03158,2025-06-01,2026-08-01,shared_cluster
C05686,P03158,2025-06-01,2026-08-01,shared_cluster
C06210,P03158,2025-06-01,2026-08-01,shared_cluster
C00364,P03158,2025-06-01,2026-08-01,shared_cluster
C07060,P09849,2025-06-01,2026-08-01,shared_cluster
C09925,P09849,2025-06-01,2026-08-01,shared_cluster
C00809,P09849,2025-06-01,2026-08-01,shared_cluster
C07842,P09849,2025-06-01,2026-08-01,shared_cluster
C08784,P09849,2025-06-01,2026-08-01,shared_cluster
C04239,P09849,2025-06-01,2026-08-01,shared_cluster
C09134,P05109,2025-06-01,2026-08-01,shared_cluster
C03892,P05109,2025-06-01,2026-08-01,shared_cluster
C07451,P05109,2025-06-01,2026-08-01,shared_cluster
C00257,P05109,2025-06-01,2026-08-01,shared_cluster
C01052,P05109,2025-06-01,2026-08-01,shared_cluster
C00660,P04307,2025-06-01,2026-08-01,shared_cluster
C08816,P04307,2025-06-01,2026-08-01,shared_cluster
C02279,P00475,2025-06-01,2026-08-01,shared_cluster
C07631,P00475,2025-06-01,2026-08-01,shared_cluster
C07635,P00475,2025-06-01,2026-08-01,shared_cluster
C09454,P00475,2025-06-01,2026-08-01,shared_cluster
C08512,P00475,2025-06-01,2026-08-01,shared_cluster
C01513,P02726,2025-06-01,2026-08-01,shared_cluster
C06674,P02726,2025-06-01,2026-08-01,shared_cluster
C07331,P02726,2025-06-01,2026-08-01,shared_cluster
C08925,P02726,2025-06-01,2026-08-01,shared_cluster
C07289,P01033,2025-06-01,2026-08-01,shared_cluster
C08070,P01033,2025-06-01,2026-08-01,shared_cluster
C02751,P01033,2025-06-01,2026-08-01,shared_cluster
C09116,P05285,2025-06-01,2026-08-01,shared_cluster
C05235,P05285,2025-06-01,2026-08-01,shared_cluster
C01579,P05285,2025-06-01,2026-08-01,shared_cluster
C07358,P05285,2025-06-01,2026-08-01,shared_cluster
C09616,P05285,2025-06-01,2026-08-01,shared_cluster
C00600,P05285,2025-06-01,2026-08-01,shared_cluster
C01842,P05641,2025-06-01,2026-08-01,shared_cluster
C03373,P05641,2025-06-01,2026-08-01,shared_cluster
C01732,P05641,2025-06-01,2026-08-01,shared_cluster
C07959,P05641,2025-06-01,2026-08-01,shared_cluster
C05415,P05641,2025-06-01,2026-08-01,shared_cluster
C09543,P03801,2025-06-01,2026-08-01,shared_cluster
C06215,P03801,2025-06-01,2026-08-01,shared_cluster
C03889,P03801,2025-06-01,2026-08-01,shared_cluster
C00914,P02065,2025-06-01,2026-08-01,shared_cluster
C06075,P02065,2025-06-01,2026-08-01,shared_cluster
C04375,P02065,2025-06-01,2026-08-01,shared_cluster
C08671,P05683,2025-06-01,2026-08-01,shared_cluster
C00245,P05683,2025-06-01,2026-08-01,shared_cluster
C07804,P05683,2025-06-01,2026-08-01,shared_cluster
C06682,P05683,2025-06-01,2026-08-01,shared_cluster
C04475,P06582,2025-06-01,2026-08-01,shared_cluster
C09053,P06582,2025-06-01,2026-08-01,shared_cluster
C05758,P09543,2025-06-01,2026-08-01,shared_cluster
C00837,P09543,2025-06-01,2026-08-01,shared_cluster
C01008,P09543,2025-06-01,2026-08-01,shared_cluster
C08355,P06227,2025-06-01,2026-08-01,shared_cluster
C09213,P06227,2025-06-01,2026-08-01,shared_cluster
C06359,P06227,2025-06-01,2026-08-01,shared_cluster
C08014,P05996,2025-06-01,2026-08-01,shared_cluster
C09142,P05996,2025-06-01,2026-08-01,shared_cluster
C00356,P05996,2025-06-01,2026-08-01,shared_cluster
C01754,P05996,2025-06-01,2026-08-01,shared_cluster
C00021,P05996,2025-06-01,2026-08-01,shared_cluster
C09957,P05996,2025-06-01,2026-08-01,shared_cluster
C02186,P09320,2025-06-01,2026-08-01,shared_cluster
C09459,P09320,2025-06-01,2026-08-01,shared_cluster
C07040,P09320,2025-06-01,2026-08-01,shared_cluster
C08257,P09320,2025-06-01,2026-08-01,shared_cluster
C04951,P09320,2025-06-01,2026-08-01,shared_cluster
C05875,P07622,2025-06-01,2026-08-01,shared_cluster
C02503,P07622,2025-06-01,2026-08-01,shared_cluster
C04182,P07622,2025-06-01,2026-08-01,shared_cluster
C05393,P07622,2025-06-01,2026-08-01,shared_cluster
C03802,P07622,2025-06-01,2026-08-01,shared_cluster
C02879,P08757,2025-06-01,2026-08-01,shared_cluster
C03165,P08757,2025-06-01,2026-08-01,shared_cluster
C08731,P08757,2025-06-01,2026-08-01,shared_cluster
C01931,P08757,2025-06-01,2026-08-01,shared_cluster
C07285,P08757,2025-06-01,2026-08-01,shared_cluster
C05336,P08757,2025-06-01,2026-08-01,shared_cluster
C08695,P05282,2025-06-01,2026-08-01,shared_cluster
C07832,P05282,2025-06-01,2026-08-01,shared_cluster
C09490,P05282,2025-06-01,2026-08-01,shared_cluster
C06500,P05282,2025-06-01,2026-08-01,shared_cluster
C04850,P05282,2025-06-01,2026-08-01,shared_cluster
C08190,P05282,2025-06-01,2026-08-01,shared_cluster
C08266,P05716,2025-06-01,2026-08-01,shared_cluster
C02444,P05716,2025-06-01,2026-08-01,shared_cluster
C03011,P05716,2025-06-01,2026-08-01,shared_cluster
C02648,P05716,2025-06-01,2026-08-01,shared_cluster
C01225,P05716,2025-06-01,2026-08-01,shared_cluster
C04740,P05716,2025-06-01,2026-08-01,shared_cluster
C01800,P03577,2025-06-01,2026-08-01,shared_cluster
C04206,P03577,2025-06-01,2026-08-01,shared_cluster
C08412,P03577,2025-06-01,2026-08-01,shared_cluster
C03343,P09052,2025-06-01,2026-08-01,shared_cluster
C06014,P09052,2025-06-01,2026-08-01,shared_cluster
C09100,P09052,2025-06-01,2026-08-01,shared_cluster
C06733,P09052,2025-06-01,2026-08-01,shared_cluster
C02587,P00391,2025-06-01,2026-08-01,shared_cluster
C05579,P00391,2025-06-01,2026-08-01,shared_cluster
C05363,P00391,2025-06-01,2026-08-01,shared_cluster
C04418,P00391,2025-06-01,2026-08-01,shared_cluster
C05216,P00391,2025-06-01,2026-08-01,shared_cluster
C01332,P01906,2025-06-01,2026-08-01,shared_cluster
C04483,P01906,2025-06-01,2026-08-01,shared_cluster
C03061,P02273,2025-06-01,2026-08-01,shared_cluster
C02800,P02273,2025-06-01,2026-08-01,shared_cluster
C03171,P00079,2025-06-01,2026-08-01,shared_cluster
C04548,P00079,2025-06-01,2026-08-01,shared_cluster
C00343,P00079,2025-06-01,2026-08-01,shared_cluster
C08844,P00079,2025-06-01,2026-08-01,shared_cluster
C07148,P00079,2025-06-01,2026-08-01,shared_cluster
C03929,P05992,2025-06-01,2026-08-01,shared_cluster
C03607,P05992,2025-06-01,2026-08-01,shared_cluster
C09863,P05992,2025-06-01,2026-08-01,shared_cluster
C07231,P09473,2025-06-01,2026-08-01,shared_cluster
C00307,P09473,2025-06-01,2026-08-01,shared_cluster
C00903,P09473,2025-06-01,2026-08-01,shared_cluster
C02719,P09473,2025-06-01,2026-08-01,shared_cluster
C08672,P09473,2025-06-01,2026-08-01,shared_cluster
C03146,P09473,2025-06-01,2026-08-01,shared_cluster
C00866,P08573,2025-06-01,2026-08-01,shared_cluster
C08027,P08573,2025-06-01,2026-08-01,shared_cluster
C06800,P08573,2025-06-01,2026-08-01,shared_cluster
C00996,P08573,2025-06-01,2026-08-01,shared_cluster
C05167,P05676,2025-06-01,2026-08-01,shared_cluster
C00242,P05676,2025-06-01,2026-08-01,shared_cluster
C05232,P07333,2025-06-01,2026-08-01,shared_cluster
C04222,P07333,2025-06-01,2026-08-01,shared_cluster
C03237,P07333,2025-06-01,2026-08-01,shared_cluster
C06915,P07240,2025-06-01,2026-08-01,shared_cluster
C04160,P07240,2025-06-01,2026-08-01,shared_cluster
C06584,P07240,2025-06-01,2026-08-01,shared_cluster
C00239,P07470,2025-06-01,2026-08-01,shared_cluster
C09230,P07470,2025-06-01,2026-08-01,shared_cluster
C01400,P07470,2025-06-01,2026-08-01,shared_cluster
C02040,P07470,2025-06-01,2026-08-01,shared_cluster
C09834,P07470,2025-06-01,2026-08-01,shared_cluster
C01425,P06000,2025-06-01,2026-08-01,shared_cluster
C05912,P06000,2025-06-01,2026-08-01,shared_cluster
C02037,P07724,2025-06-01,2026-08-01,shared_cluster
C08724,P07724,2025-06-01,2026-08-01,shared_cluster
C00923,P01613,2025-06-01,2026-08-01,shared_cluster
C01941,P01613,2025-06-01,2026-08-01,shared_cluster
C02661,P01613,2025-06-01,2026-08-01,shared_cluster
C09947,P01613,2025-06-01,2026-08-01,shared_cluster
C00722,P01613,2025-06-01,2026-08-01,shared_cluster
C02769,P01613,2025-06-01,2026-08-01,shared_cluster
C09238,P09979,2025-06-01,2026-08-01,shared_cluster
C09749,P09979,2025-06-01,2026-08-01,shared_cluster
C08038,P06165,2025-06-01,2026-08-01,shared_cluster
C03221,P06165,2025-06-01,2026-08-01,shared_cluster
C08011,P06165,2025-06-01,2026-08-01,shared_cluster
C06572,P06165,2025-06-01,2026-08-01,shared_cluster
C01114,P02961,2025-06-01,2026-08-01,shared_cluster
C06388,P02961,2025-06-01,2026-08-01,shared_cluster
C02051,P02961,2025-06-01,2026-08-01,shared_cluster
C05462,P02961,2025-06-01,2026-08-01,shared_cluster
C09550,P02961,2025-06-01,2026-08-01,shared_cluster
C01206,P02961,2025-06-01,2026-08-01,shared_cluster
C02519,P07066,2025-06-01,2026-08-01,shared_cluster
C09990,P07066,2025-06-01,2026-08-01,shared_cluster
C04238,P07066,2025-06-01,2026-08-01,shared_cluster
C02532,P05573,2025-06-01,2026-08-01,shared_cluster
C08732,P05573,2025-06-01,2026-08-01,shared_cluster
C08201,P05573,2025-06-01,2026-08-01,shared_cluster
C06355,P05573,2025-06-01,2026-08-01,shared_cluster
C03458,P05573,2025-06-01,2026-08-01,shared_cluster
C01386,P09221,2025-06-01,2026-08-01,shared_cluster
C08612,P09221,2025-06-01,2026-08-01,shared_cluster
C07266,P09221,2025-06-01,2026-08-01,shared_cluster
C08262,P09221,2025-06-01,2026-08-01,shared_cluster
C06098,P01143,2025-06-01,2026-08-01,shared_cluster
C04648,P01143,2025-06-01,2026-08-01,shared_cluster
C07030,P01143,2025-06-01,2026-08-01,shared_cluster
C03845,P01143,2025-06-01,2026-08-01,shared_cluster
C09927,P01143,2025-06-01,2026-08-01,shared_cluster
C03439,P02322,2025-06-01,2026-08-01,shared_cluster
C08418,P02322,2025-06-01,2026-08-01,shared_cluster
C08662,P01861,2025-06-01,2026-08-01,shared_cluster
C08419,P01861,2025-06-01,2026-08-01,shared_cluster
C06478,P01861,2025-06-01,2026-08-01,shared_cluster
C09293,P01861,2025-06-01,2026-08-01,shared_cluster
C09491,P01861,2025-06-01,2026-08-01,shared_cluster
C09585,P08004,2025-06-01,2026-08-01,shared_cluster
C00778,P08004,2025-06-01,2026-08-01,shared_cluster
C07211,P08004,2025-06-01,2026-08-01,shared_cluster
C05938,P08004,2025-06-01,2026-08-01,shared_cluster
C06758,P08004,2025-06-01,2026-08-01,shared_cluster
C06989,P09735,2025-06-01,2026-08-01,shared_cluster
C08763,P09735,2025-06-01,2026-08-01,shared_cluster
C04298,P09735,2025-06-01,2026-08-01,shared_cluster
C07007,P09735,2025-06-01,2026-08-01,shared_cluster
C06945,P02101,2025-06-01,2026-08-01,shared_cluster
C04220,P02101,2025-06-01,2026-08-01,shared_cluster
C02357,P02101,2025-06-01,2026-08-01,shared_cluster
C08592,P04574,2025-06-01,2026-08-01,shared_cluster
C01793,P04574,2025-06-01,2026-08-01,shared_cluster
C06670,P04574,2025-06-01,2026-08-01,shared_cluster
C04586,P04574,2025-06-01,2026-08-01,shared_cluster
C07632,P04574,2025-06-01,2026-08-01,shared_cluster
C03422,P08832,2025-06-01,2026-08-01,shared_cluster
C08507,P08832,2025-06-01,2026-08-01,shared_cluster
C07318,P04762,2025-06-01,2026-08-01,shared_cluster
C05126,P04762,2025-06-01,2026-08-01,shared_cluster
C09190,P04762,2025-06-01,2026-08-01,shared_cluster
C02846,P04762,2025-06-01,2026-08-01,shared_cluster
C05020,P04762,2025-06-01,2026-08-01,shared_cluster
C08755,P04090,2025-06-01,2026-08-01,shared_cluster
C09931,P04090,2025-06-01,2026-08-01,shared_cluster
C02303,P04090,2025-06-01,2026-08-01,shared_cluster
C07263,P04090,2025-06-01,2026-08-01,shared_cluster
C00919,P04090,2025-06-01,2026-08-01,shared_cluster
C00197,P02279,2025-06-01,2026-08-01,shared_cluster
C03814,P02279,2025-06-01,2026-08-01,shared_cluster
C08460,P02279,2025-06-01,2026-08-01,shared_cluster
C02470,P09716,2025-06-01,2026-08-01,shared_cluster
C08488,P09716,2025-06-01,2026-08-01,shared_cluster
C04630,P09716,2025-06-01,2026-08-01,shared_cluster
C01298,P09716,2025-06-01,2026-08-01,shared_cluster
C06907,P09682,2025-06-01,2026-08-01,shared_cluster
C02932,P09682,2025-06-01,2026-08-01,shared_cluster
C02302,P09682,2025-06-01,2026-08-01,shared_cluster
C07918,P09682,2025-06-01,2026-08-01,shared_cluster
C09807,P09682,2025-06-01,2026-08-01,shared_cluster
C00380,P02157,2025-06-01,2026-08-01,shared_cluster
C00840,P02157,2025-06-01,2026-08-01,shared_cluster
C06759,P03455,2025-06-01,2026-08-01,shared_cluster
C08496,P03455,2025-06-01,2026-08-01,shared_cluster
C00612,P03455,2025-06-01,2026-08-01,shared_cluster
C05386,P03455,2025-06-01,2026-08-01,shared_cluster
C04917,P03455,2025-06-01,2026-08-01,shared_cluster
C02330,P02427,2025-06-01,2026-08-01,shared_cluster
C09574,P02427,2025-06-01,2026-08-01,shared_cluster
C03808,P02427,2025-06-01,2026-08-01,shared_cluster
C01763,P02427,2025-06-01,2026-08-01,shared_cluster
C08866,P02427,2025-06-01,2026-08-01,shared_cluster
C08058,P02427,2025-06-01,2026-08-01,shared_cluster
C06899,P03035,2025-06-01,2026-08-01,shared_cluster
C01330,P03035,2025-06-01,2026-08-01,shared_cluster
C07144,P03035,2025-06-01,2026-08-01,shared_cluster
C03132,P03035,2025-06-01,2026-08-01,shared_cluster
C03622,P03035,2025-06-01,2026-08-01,shared_cluster
C06787,P03035,2025-06-01,2026-08-01,shared_cluster
C08499,P06719,2025-06-01,2026-08-01,shared_cluster
C03988,P06719,2025-06-01,2026-08-01,shared_cluster
C09914,P06719,2025-06-01,2026-08-01,shared_cluster
C06619,P04683,2025-06-01,2026-08-01,shared_cluster
C06077,P04683,2025-06-01,2026-08-01,shared_cluster
C02547,P04019,2025-06-01,2026-08-01,shared_cluster
C02423,P04019,2025-06-01,2026-08-01,shared_cluster
C02124,P02622,2025-06-01,2026-08-01,shared_cluster
C08160,P02622,2025-06-01,2026-08-01,shared_cluster
C04405,P02622,2025-06-01,2026-08-01,shared_cluster
C01086,P03307,2025-06-01,2026-08-01,shared_cluster
C01639,P03307,2025-06-01,2026-08-01,shared_cluster
C06558,P03307,2025-06-01,2026-08-01,shared_cluster
C08904,P09684,2025-06-01,2026-08-01,shared_cluster
C09977,P09684,2025-06-01,2026-08-01,shared_cluster
C07360,P09684,2025-06-01,2026-08-01,shared_cluster
C08281,P09684,2025-06-01,2026-08-01,shared_cluster
C01257,P09684,2025-06-01,2026-08-01,shared_cluster
C06675,P09684,2025-06-01,2026-08-01,shared_cluster
C05692,P04583,2025-06-01,2026-08-01,shared_cluster
C07431,P04583,2025-06-01,2026-08-01,shared_cluster
C05588,P04583,2025-06-01,2026-08-01,shared_cluster
C05663,P04583,2025-06-01,2026-08-01,shared_cluster
C07174,P01331,2025-06-01,2026-08-01,shared_cluster
C07890,P01331,2025-06-01,2026-08-01,shared_cluster
C03169,P01331,2025-06-01,2026-08-01,shared_cluster
C05282,P01331,2025-06-01,2026-08-01,shared_cluster
C03310,P01331,2025-06-01,2026-08-01,shared_cluster
C02918,P01331,2025-06-01,2026-08-01,shared_cluster
C01735,P08684,2025-06-01,2026-08-01,shared_cluster
C03994,P08684,2025-06-01,2026-08-01,shared_cluster
C02304,P08684,2025-06-01,2026-08-01,shared_cluster
C07865,P08684,2025-06-01,2026-08-01,shared_cluster
C05490,P07199,2025-06-01,2026-08-01,shared_cluster
C07488,P07199,2025-06-01,2026-08-01,shared_cluster
C07249,P07199,2025-06-01,2026-08-01,shared_cluster
C01371,P07199,2025-06-01,2026-08-01,shared_cluster
C04278,P06268,2025-06-01,2026-08-01,shared_cluster
C03254,P06268,2025-06-01,2026-08-01,shared_cluster
C07557,P06268,2025-06-01,2026-08-01,shared_cluster
C01030,P02322,2025-06-01,2026-08-01,shared_cluster
C01363,P02322,2025-06-01,2026-08-01,shared_cluster
C04948,P02322,2025-06-01,2026-08-01,shared_cluster
C08859,P02322,2025-06-01,2026-08-01,shared_cluster
C03856,P02322,2025-06-01,2026-08-01,shared_cluster
C00048,P00264,2025-06-01,2026-08-01,shared_cluster
C09960,P00264,2025-06-01,2026-08-01,shared_cluster
C04345,P00264,2025-06-01,2026-08-01,shared_cluster
C02891,P01714,2025-06-01,2026-08-01,shared_cluster
C00873,P01714,2025-06-01,2026-08-01,shared_cluster
C05135,P01714,2025-06-01,2026-08-01,shared_cluster
C01995,P01714,2025-06-01,2026-08-01,shared_cluster
C03600,P01714,2025-06-01,2026-08-01,shared_cluster
C06300,P01714,2025-06-01,2026-08-01,shared_cluster
C04619,P05117,2025-06-01,2026-08-01,shared_cluster
C02386,P05117,2025-06-01,2026-08-01,shared_cluster
C05608,P05117,2025-06-01,2026-08-01,shared_cluster
C03395,P00164,2025-06-01,2026-08-01,shared_cluster
C02248,P00164,2025-06-01,2026-08-01,shared_cluster
C09912,P00164,2025-06-01,2026-08-01,shared_cluster
C01618,P00164,2025-06-01,2026-08-01,shared_cluster
C01858,P03717,2025-06-01,2026-08-01,shared_cluster
C08558,P03717,2025-06-01,2026-08-01,shared_cluster
C07070,P09184,2025-06-01,2026-08-01,shared_cluster
C07957,P09184,2025-06-01,2026-08-01,shared_cluster
C00224,P09184,2025-06-01,2026-08-01,shared_cluster
C06801,P02189,2025-06-01,2026-08-01,shared_cluster
C01965,P02189,2025-06-01,2026-08-01,shared_cluster
C00904,P02189,2025-06-01,2026-08-01,shared_cluster
C01359,P00214,2025-06-01,2026-08-01,shared_cluster
C03087,P00214,2025-06-01,2026-08-01,shared_cluster
C07779,P00214,2025-06-01,2026-08-01,shared_cluster
C05793,P00214,2025-06-01,2026-08-01,shared_cluster
C01658,P00214,2025-06-01,2026-08-01,shared_cluster
C02904,P01157,2025-06-01,2026-08-01,shared_cluster
C06087,P01157,2025-06-01,2026-08-01,shared_cluster
C01081,P08738,2025-06-01,2026-08-01,shared_cluster
C03229,P08738,2025-06-01,2026-08-01,shared_cluster
C07052,P08738,2025-06-01,2026-08-01,shared_cluster
C03995,P08738,2025-06-01,2026-08-01,shared_cluster
C05004,P08738,2025-06-01,2026-08-01,shared_cluster
C08035,P08738,2025-06-01,2026-08-01,shared_cluster
C01510,P06349,2025-06-01,2026-08-01,shared_cluster
C04346,P06349,2025-06-01,2026-08-01,shared_cluster
C05294,P06349,2025-06-01,2026-08-01,shared_cluster
C01396,P06349,2025-06-01,2026-08-01,shared_cluster
C04315,P06349,2025-06-01,2026-08-01,shared_cluster
C08490,P06349,2025-06-01,2026-08-01,shared_cluster
C01220,P01022,2025-06-01,2026-08-01,shared_cluster
C09050,P01022,2025-06-01,2026-08-01,shared_cluster
C06620,P01022,2025-06-01,2026-08-01,shared_cluster
C05693,P01022,2025-06-01,2026-08-01,shared_cluster
C00948,P06349,2025-06-01,2026-08-01,shared_cluster
C02039,P06349,2025-06-01,2026-08-01,shared_cluster
C06780,P06349,2025-06-01,2026-08-01,shared_cluster
C08030,P01114,2025-06-01,2026-08-01,shared_cluster
C03775,P01114,2025-06-01,2026-08-01,shared_cluster
C03348,P01114,2025-06-01,2026-08-01,shared_cluster
C06044,P01114,2025-06-01,2026-08-01,shared_cluster
C05291,P01114,2025-06-01,2026-08-01,shared_cluster
C00676,P09158,2025-06-01,2026-08-01,shared_cluster
C08502,P09158,2025-06-01,2026-08-01,shared_cluster
C01715,P09158,2025-06-01,2026-08-01,shared_cluster
C03027,P00452,2025-06-01,2026-08-01,shared_cluster
C01267,P00452,2025-06-01,2026-08-01,shared_cluster
C05557,P01059,2025-06-01,2026-08-01,shared_cluster
C01447,P01059,2025-06-01,2026-08-01,shared_cluster
C07015,P01059,2025-06-01,2026-08-01,shared_cluster
C05343,P01059,2025-06-01,2026-08-01,shared_cluster
C03584,P01059,2025-06-01,2026-08-01,shared_cluster
C05529,P08077,2025-06-01,2026-08-01,shared_cluster
C08333,P08077,2025-06-01,2026-08-01,shared_cluster
C02877,P08077,2025-06-01,2026-08-01,shared_cluster
C03759,P06761,2025-06-01,2026-08-01,shared_cluster
C05668,P06761,2025-06-01,2026-08-01,shared_cluster
C05201,P06761,2025-06-01,2026-08-01,shared_cluster
C01536,P06761,2025-06-01,2026-08-01,shared_cluster
C08597,P04977,2025-06-01,2026-08-01,shared_cluster
C04752,P04977,2025-06-01,2026-08-01,shared_cluster
C01429,P04977,2025-06-01,2026-08-01,shared_cluster
C00846,P04977,2025-06-01,2026-08-01,shared_cluster
C02914,P04977,2025-06-01,2026-08-01,shared_cluster
C09075,P08954,2025-06-01,2026-08-01,shared_cluster
C09151,P08954,2025-06-01,2026-08-01,shared_cluster
C03250,P07888,2025-06-01,2026-08-01,shared_cluster
C02366,P07888,2025-06-01,2026-08-01,shared_cluster
C02660,P07888,2025-06-01,2026-08-01,shared_cluster
C07629,P07888,2025-06-01,2026-08-01,shared_cluster
C02942,P07888,2025-06-01,2026-08-01,shared_cluster
C02924,P06844,2025-06-01,2026-08-01,shared_cluster
C05918,P06844,2025-06-01,2026-08-01,shared_cluster
C07949,P06844,2025-06-01,2026-08-01,shared_cluster
C08213,P06844,2025-06-01,2026-08-01,shared_cluster
C03559,P07967,2025-06-01,2026-08-01,shared_cluster
C02178,P07967,2025-06-01,2026-08-01,shared_cluster
C06725,P07967,2025-06-01,2026-08-01,shared_cluster
C05394,P07967,2025-06-01,2026-08-01,shared_cluster
C05849,P07967,2025-06-01,2026-08-01,shared_cluster
C02962,P04908,2025-06-01,2026-08-01,shared_cluster
C03004,P04908,2025-06-01,2026-08-01,shared_cluster
C02974,P00266,2025-06-01,2026-08-01,shared_cluster
C00060,P00266,2025-06-01,2026-08-01,shared_cluster
C00864,P00266,2025-06-01,2026-08-01,shared_cluster
C04534,P06512,2025-06-01,2026-08-01,shared_cluster
C07282,P06512,2025-06-01,2026-08-01,shared_cluster
C09306,P06512,2025-06-01,2026-08-01,shared_cluster
C03674,P06512,2025-06-01,2026-08-01,shared_cluster
C00252,P06512,2025-06-01,2026-08-01,shared_cluster
C02127,P06512,2025-06-01,2026-08-01,shared_cluster
C07756,P03268,2025-06-01,2026-08-01,shared_cluster
C05001,P03268,2025-06-01,2026-08-01,shared_cluster
C09288,P03268,2025-06-01,2026-08-01,shared_cluster
C00825,P03268,2025-06-01,2026-08-01,shared_cluster
C01170,P03268,2025-06-01,2026-08-01,shared_cluster
C07336,P03268,2025-06-01,2026-08-01,shared_cluster
C04324,P06091,2025-06-01,2026-08-01,shared_cluster
C09565,P06091,2025-06-01,2026-08-01,shared_cluster
C02429,P06091,2025-06-01,2026-08-01,shared_cluster
C01076,P06091,2025-06-01,2026-08-01,shared_cluster
C08142,P06091,2025-06-01,2026-08-01,shared_cluster
C02160,P00479,2025-06-01,2026-08-01,shared_cluster
C06556,P00479,2025-06-01,2026-08-01,shared_cluster
C03853,P00479,2025-06-01,2026-08-01,shared_cluster
C00422,P08234,2025-06-01,2026-08-01,shared_cluster
C05607,P08234,2025-06-01,2026-08-01,shared_cluster
C04318,P08234,2025-06-01,2026-08-01,shared_cluster
C04893,P08234,2025-06-01,2026-08-01,shared_cluster
C02842,P05873,2025-06-01,2026-08-01,shared_cluster
C02848,P05873,2025-06-01,2026-08-01,shared_cluster
C00403,P05197,2025-06-01,2026-08-01,shared_cluster
C04367,P05197,2025-06-01,2026-08-01,shared_cluster
C08500,P05197,2025-06-01,2026-08-01,shared_cluster
C09195,P08833,2025-06-01,2026-08-01,shared_cluster
C09414,P08833,2025-06-01,2026-08-01,shared_cluster
C06460,P08833,2025-06-01,2026-08-01,shared_cluster
C00719,P08833,2025-06-01,2026-08-01,shared_cluster
C06788,P08833,2025-06-01,2026-08-01,shared_cluster
C00017,P00629,2025-06-01,2026-08-01,shared_cluster
C05658,P00629,2025-06-01,2026-08-01,shared_cluster
C05376,P00148,2025-06-01,2026-08-01,shared_cluster
C04458,P00148,2025-06-01,2026-08-01,shared_cluster
C03273,P00148,2025-06-01,2026-08-01,shared_cluster
C06753,P07125,2025-06-01,2026-08-01,shared_cluster
C07583,P07125,2025-06-01,2026-08-01,shared_cluster
C05056,P00036,2025-06-01,2026-08-01,shared_cluster
C08317,P00036,2025-06-01,2026-08-01,shared_cluster
C06239,P05597,2025-06-01,2026-08-01,shared_cluster
C00733,P05597,2025-06-01,2026-08-01,shared_cluster
C06189,P09137,2025-06-01,2026-08-01,shared_cluster
C06777,P09137,2025-06-01,2026-08-01,shared_cluster
C01927,P04448,2025-06-01,2026-08-01,shared_cluster
C01007,P04448,2025-06-01,2026-08-01,shared_cluster
C07362,P04448,2025-06-01,2026-08-01,shared_cluster
C05516,P04448,2025-06-01,2026-08-01,shared_cluster
C08792,P04448,2025-06-01,2026-08-01,shared_cluster
C09546,P01668,2025-06-01,2026-08-01,shared_cluster
C00072,P01668,2025-06-01,2026-08-01,shared_cluster
C00097,P01668,2025-06-01,2026-08-01,shared_cluster
C00368,P01668,2025-06-01,2026-08-01,shared_cluster
C01022,P01668,2025-06-01,2026-08-01,shared_cluster
C09226,P02129,2025-06-01,2026-08-01,shared_cluster
C09452,P02129,2025-06-01,2026-08-01,shared_cluster
C00485,P02129,2025-06-01,2026-08-01,shared_cluster
C05604,P02129,2025-06-01,2026-08-01,shared_cluster
C00423,P02129,2025-06-01,2026-08-01,shared_cluster
C00486,P04009,2025-06-01,2026-08-01,shared_cluster
C06716,P04009,2025-06-01,2026-08-01,shared_cluster
C09136,P06050,2025-06-01,2026-08-01,shared_cluster
C00853,P06050,2025-06-01,2026-08-01,shared_cluster
C01545,P06050,2025-06-01,2026-08-01,shared_cluster
C03716,P06050,2025-06-01,2026-08-01,shared_cluster
C05267,P09489,2025-06-01,2026-08-01,shared_cluster
C02344,P09489,2025-06-01,2026-08-01,shared_cluster
C08637,P09489,2025-06-01,2026-08-01,shared_cluster
C08444,P09489,2025-06-01,2026-08-01,shared_cluster
C02538,P09489,2025-06-01,2026-08-01,shared_cluster
C06101,P04126,2025-06-01,2026-08-01,shared_cluster
C06583,P04126,2025-06-01,2026-08-01,shared_cluster
C01254,P04126,2025-06-01,2026-08-01,shared_cluster
C09030,P04126,2025-06-01,2026-08-01,shared_cluster
C05779,P04126,2025-06-01,2026-08-01,shared_cluster
C08064,P05331,2025-06-01,2026-08-01,shared_cluster
C02414,P05331,2025-06-01,2026-08-01,shared_cluster
C01132,P05331,2025-06-01,2026-08-01,shared_cluster
C04009,P05331,2025-06-01,2026-08-01,shared_cluster
C04883,P05331,2025-06-01,2026-08-01,shared_cluster
C09701,P09522,2025-06-01,2026-08-01,shared_cluster
C06188,P09522,2025-06-01,2026-08-01,shared_cluster
C09323,P09522,2025-06-01,2026-08-01,shared_cluster
C06894,P09522,2025-06-01,2026-08-01,shared_cluster
C05202,P09522,2025-06-01,2026-08-01,shared_cluster
C02462,P09522,2025-06-01,2026-08-01,shared_cluster
C02952,P07022,2025-06-01,2026-08-01,shared_cluster
C06776,P07022,2025-06-01,2026-08-01,shared_cluster
C03335,P07022,2025-06-01,2026-08-01,shared_cluster
C08586,P07022,2025-06-01,2026-08-01,shared_cluster
C01334,P08728,2025-06-01,2026-08-01,shared_cluster
C09354,P08728,2025-06-01,2026-08-01,shared_cluster
C03555,P08728,2025-06-01,2026-08-01,shared_cluster
C09179,P08728,2025-06-01,2026-08-01,shared_cluster
C08623,P06134,2025-06-01,2026-08-01,shared_cluster
C03520,P06134,2025-06-01,2026-08-01,shared_cluster
C09890,P06134,2025-06-01,2026-08-01,shared_cluster
C02947,P06134,2025-06-01,2026-08-01,shared_cluster
C04516,P06487,2025-06-01,2026-08-01,shared_cluster
C02372,P06487,2025-06-01,2026-08-01,shared_cluster
C03318,P06487,2025-06-01,2026-08-01,shared_cluster
C07611,P06487,2025-06-01,2026-08-01,shared_cluster
C06367,P06487,2025-06-01,2026-08-01,shared_cluster
C09351,P09185,2025-06-01,2026-08-01,shared_cluster
C08391,P09185,2025-06-01,2026-08-01,shared_cluster
C05221,P04229,2025-06-01,2026-08-01,shared_cluster
C07037,P04229,2025-06-01,2026-08-01,shared_cluster
C06120,P04229,2025-06-01,2026-08-01,shared_cluster
C02314,P04229,2025-06-01,2026-08-01,shared_cluster
C08138,P04229,2025-06-01,2026-08-01,shared_cluster
C05226,P04229,2025-06-01,2026-08-01,shared_cluster
C00173,P09144,2025-06-01,2026-08-01,shared_cluster
C01340,P09144,2025-06-01,2026-08-01,shared_cluster
C04262,P09144,2025-06-01,2026-08-01,shared_cluster
C06888,P09144,2025-06-01,2026-08-01,shared_cluster
C07326,P09144,2025-06-01,2026-08-01,shared_cluster
C02406,P09144,2025-06-01,2026-08-01,shared_cluster
C04538,P08092,2025-06-01,2026-08-01,shared_cluster
C06033,P08092,2025-06-01,2026-08-01,shared_cluster
C01095,P08092,2025-06-01,2026-08-01,shared_cluster
C08847,P08092,2025-06-01,2026-08-01,shared_cluster
C00952,P08092,2025-06-01,2026-08-01,shared_cluster
C09343,P08092,2025-06-01,2026-08-01,shared_cluster
C01210,P05838,2025-06-01,2026-08-01,shared_cluster
C04023,P05838,2025-06-01,2026-08-01,shared_cluster
C06163,P05838,2025-06-01,2026-08-01,shared_cluster
C06043,P02254,2025-06-01,2026-08-01,shared_cluster
C06603,P02254,2025-06-01,2026-08-01,shared_cluster
C07881,P02254,2025-06-01,2026-08-01,shared_cluster
C02054,P08673,2025-06-01,2026-08-01,shared_cluster
C03057,P08673,2025-06-01,2026-08-01,shared_cluster
C05619,P08673,2025-06-01,2026-08-01,shared_cluster
C02887,P08673,2025-06-01,2026-08-01,shared_cluster
C03740,P08673,2025-06-01,2026-08-01,shared_cluster
C02402,P08673,2025-06-01,2026-08-01,shared_cluster
C07530,P05113,2025-06-01,2026-08-01,shared_cluster
C04573,P05113,2025-06-01,2026-08-01,shared_cluster
C05383,P05113,2025-06-01,2026-08-01,shared_cluster
C05546,P02492,2025-06-01,2026-08-01,shared_cluster
C03002,P02492,2025-06-01,2026-08-01,shared_cluster
C07452,P02492,2025-06-01,2026-08-01,shared_cluster
C08882,P00190,2025-06-01,2026-08-01,shared_cluster
C02255,P00190,2025-06-01,2026-08-01,shared_cluster
C08021,P00190,2025-06-01,2026-08-01,shared_cluster
C06807,P00190,2025-06-01,2026-08-01,shared_cluster
C03526,P08466,2025-06-01,2026-08-01,shared_cluster
C05420,P08466,2025-06-01,2026-08-01,shared_cluster
C08086,P08466,2025-06-01,2026-08-01,shared_cluster
C09474,P02650,2025-06-01,2026-08-01,shared_cluster
C03766,P02650,2025-06-01,2026-08-01,shared_cluster
C08032,P02650,2025-06-01,2026-08-01,shared_cluster
C05453,P02650,2025-06-01,2026-08-01,shared_cluster
C03153,P02650,2025-06-01,2026-08-01,shared_cluster
C08620,P02650,2025-06-01,2026-08-01,shared_cluster
C02078,P00744,2025-06-01,2026-08-01,shared_cluster
C06550,P00744,2025-06-01,2026-08-01,shared_cluster
C06049,P00744,2025-06-01,2026-08-01,shared_cluster
C07116,P00744,2025-06-01,2026-08-01,shared_cluster
C05059,P00744,2025-06-01,2026-08-01,shared_cluster
C08322,P02839,2025-06-01,2026-08-01,shared_cluster
C01288,P02839,2025-06-01,2026-08-01,shared_cluster
C03105,P02839,2025-06-01,2026-08-01,shared_cluster
C05953,P02839,2025-06-01,2026-08-01,shared_cluster
C02263,P02839,2025-06-01,2026-08-01,shared_cluster
C02476,P02839,2025-06-01,2026-08-01,shared_cluster
C02365,P06180,2025-06-01,2026-08-01,shared_cluster
C09488,P06180,2025-06-01,2026-08-01,shared_cluster
C05718,P06180,2025-06-01,2026-08-01,shared_cluster
C07914,P06180,2025-06-01,2026-08-01,shared_cluster
C05120,P09596,2025-06-01,2026-08-01,shared_cluster
C08848,P09596,2025-06-01,2026-08-01,shared_cluster
C05494,P09596,2025-06-01,2026-08-01,shared_cluster
C01675,P09596,2025-06-01,2026-08-01,shared_cluster
C05129,P09596,2025-06-01,2026-08-01,shared_cluster
C04310,P00606,2025-06-01,2026-08-01,shared_cluster
C04400,P00606,2025-06-01,2026-08-01,shared_cluster
C09589,P00606,2025-06-01,2026-08-01,shared_cluster
C04470,P00606,2025-06-01,2026-08-01,shared_cluster
C04357,P00606,2025-06-01,2026-08-01,shared_cluster
C04828,P01104,2025-06-01,2026-08-01,shared_cluster
C02774,P01104,2025-06-01,2026-08-01,shared_cluster
C01231,P01104,2025-06-01,2026-08-01,shared_cluster
C08857,P01104,2025-06-01,2026-08-01,shared_cluster
C04712,P01104,2025-06-01,2026-08-01,shared_cluster
C09555,P02480,2025-06-01,2026-08-01,shared_cluster
C07509,P02480,2025-06-01,2026-08-01,shared_cluster
C03050,P02480,2025-06-01,2026-08-01,shared_cluster
C02411,P08748,2025-06-01,2026-08-01,shared_cluster
C07412,P08748,2025-06-01,2026-08-01,shared_cluster
C05028,P01416,2025-06-01,2026-08-01,shared_cluster
C06813,P01416,2025-06-01,2026-08-01,shared_cluster
C00584,P01416,2025-06-01,2026-08-01,shared_cluster
C07954,P01416,2025-06-01,2026-08-01,shared_cluster
C08563,P01416,2025-06-01,2026-08-01,shared_cluster
C05098,P01416,2025-06-01,2026-08-01,shared_cluster
C09757,P06921,2025-06-01,2026-08-01,shared_cluster
C05110,P06921,2025-06-01,2026-08-01,shared_cluster
C02873,P06921,2025-06-01,2026-08-01,shared_cluster
C09629,P06921,2025-06-01,2026-08-01,shared_cluster
C08495,P06921,2025-06-01,2026-08-01,shared_cluster
C02858,P04400,2025-06-01,2026-08-01,shared_cluster
C08015,P04400,2025-06-01,2026-08-01,shared_cluster
C02670,P04400,2025-06-01,2026-08-01,shared_cluster
C08909,P04400,2025-06-01,2026-08-01,shared_cluster
C04882,P04400,2025-06-01,2026-08-01,shared_cluster
C09420,P03730,2025-06-01,2026-08-01,shared_cluster
C00777,P03730,2025-06-01,2026-08-01,shared_cluster
C09870,P03730,2025-06-01,2026-08-01,shared_cluster
C07368,P05106,2025-06-01,2026-08-01,shared_cluster
C02252,P05106,2025-06-01,2026-08-01,shared_cluster
C00249,P05106,2025-06-01,2026-08-01,shared_cluster
C09949,P05106,2025-06-01,2026-08-01,shared_cluster
C06088,P05106,2025-06-01,2026-08-01,shared_cluster
C04288,P05106,2025-06-01,2026-08-01,shared_cluster
C04568,P07545,2025-06-01,2026-08-01,shared_cluster
C00601,P07545,2025-06-01,2026-08-01,shared_cluster
C06129,P07545,2025-06-01,2026-08-01,shared_cluster
C04770,P07545,2025-06-01,2026-08-01,shared_cluster
C09787,P07545,2025-06-01,2026-08-01,shared_cluster
C08954,P09731,2025-06-01,2026-08-01,shared_cluster
C08043,P09731,2025-06-01,2026-08-01,shared_cluster
C02083,P09731,2025-06-01,2026-08-01,shared_cluster
C00633,P09731,2025-06-01,2026-08-01,shared_cluster
C09777,P09731,2025-06-01,2026-08-01,shared_cluster
C04926,P09731,2025-06-01,2026-08-01,shared_cluster
C00475,P01365,2025-06-01,2026-08-01,shared_cluster
C08527,P01365,2025-06-01,2026-08-01,shared_cluster
C07036,P01365,2025-06-01,2026-08-01,shared_cluster
C05945,P01365,2025-06-01,2026-08-01,shared_cluster
C07846,P04196,2025-06-01,2026-08-01,shared_cluster
C07741,P04196,2025-06-01,2026-08-01,shared_cluster
C03964,P04196,2025-06-01,2026-08-01,shared_cluster
C00100,P04196,2025-06-01,2026-08-01,shared_cluster
C09093,P04196,2025-06-01,2026-08-01,shared_cluster
C05500,P03153,2025-06-01,2026-08-01,shared_cluster
C06646,P03153,2025-06-01,2026-08-01,shared_cluster
C08432,P03153,2025-06-01,2026-08-01,shared_cluster
C04555,P03153,2025-06-01,2026-08-01,shared_cluster
C07345,P05488,2025-06-01,2026-08-01,shared_cluster
C01936,P05488,2025-06-01,2026-08-01,shared_cluster
C01262,P05488,2025-06-01,2026-08-01,shared_cluster
C00404,P05488,2025-06-01,2026-08-01,shared_cluster
C02710,P05488,2025-06-01,2026-08-01,shared_cluster
C02016,P01214,2025-06-01,2026-08-01,shared_cluster
C01078,P01214,2025-06-01,2026-08-01,shared_cluster
C06310,P08629,2025-06-01,2026-08-01,shared_cluster
C03303,P08629,2025-06-01,2026-08-01,shared_cluster
C00396,P08629,2025-06-01,2026-08-01,shared_cluster
C01390,P00651,2025-06-01,2026-08-01,shared_cluster
C05543,P00651,2025-06-01,2026-08-01,shared_cluster
C09698,P05891,2025-06-01,2026-08-01,shared_cluster
C07737,P05891,2025-06-01,2026-08-01,shared_cluster
C09252,P05891,2025-06-01,2026-08-01,shared_cluster
C00514,P05891,2025-06-01,2026-08-01,shared_cluster
C09109,P00957,2025-06-01,2026-08-01,shared_cluster
C05195,P00957,2025-06-01,2026-08-01,shared_cluster
C08320,P00957,2025-06-01,2026-08-01,shared_cluster
C02753,P00957,2025-06-01,2026-08-01,shared_cluster
C07764,P00957,2025-06-01,2026-08-01,shared_cluster
C06166,P01015,2025-06-01,2026-08-01,shared_cluster
C07745,P01015,2025-06-01,2026-08-01,shared_cluster
C06639,P01015,2025-06-01,2026-08-01,shared_cluster
C04448,P01015,2025-06-01,2026-08-01,shared_cluster
C03812,P01015,2025-06-01,2026-08-01,shared_cluster
C07562,P05762,2025-06-01,2026-08-01,shared_cluster
C03281,P05762,2025-06-01,2026-08-01,shared_cluster
C05727,P05762,2025-06-01,2026-08-01,shared_cluster
C04953,P05762,2025-06-01,2026-08-01,shared_cluster
C00389,P05762,2025-06-01,2026-08-01,shared_cluster
C01290,P00929,2025-06-01,2026-08-01,shared_cluster
C08127,P00929,2025-06-01,2026-08-01,shared_cluster
C04512,P00844,2025-06-01,2026-08-01,shared_cluster
C05102,P00844,2025-06-01,2026-08-01,shared_cluster
C04995,P00844,2025-06-01,2026-08-01,shared_cluster
C05927,P00844,2025-06-01,2026-08-01,shared_cluster
C02760,P00844,2025-06-01,2026-08-01,shared_cluster
C01717,P04823,2025-06-01,2026-08-01,shared_cluster
C09705,P04823,2025-06-01,2026-08-01,shared_cluster
C08659,P04823,2025-06-01,2026-08-01,shared_cluster
C03042,P04823,2025-06-01,2026-08-01,shared_cluster
C06543,P08235,2025-06-01,2026-08-01,shared_cluster
C07261,P08235,2025-06-01,2026-08-01,shared_cluster
C00560,P08235,2025-06-01,2026-08-01,shared_cluster
C06167,P08235,2025-06-01,2026-08-01,shared_cluster
C05357,P04286,2025-06-01,2026-08-01,shared_cluster
C04130,P04286,2025-06-01,2026-08-01,shared_cluster
C08365,P04286,2025-06-01,2026-08-01,shared_cluster
C07497,P08918,2025-06-01,2026-08-01,shared_cluster
C08648,P08918,2025-06-01,2026-08-01,shared_cluster
C05664,P08918,2025-06-01,2026-08-01,shared_cluster
C06484,P07087,2025-06-01,2026-08-01,shared_cluster
C01567,P07087,2025-06-01,2026-08-01,shared_cluster
C03899,P02659,2025-06-01,2026-08-01,shared_cluster
C01524,P02659,2025-06-01,2026-08-01,shared_cluster
C09656,P02659,2025-06-01,2026-08-01,shared_cluster
C00658,P02659,2025-06-01,2026-08-01,shared_cluster
C05560,P02538,2025-06-01,2026-08-01,shared_cluster
C04984,P02538,2025-06-01,2026-08-01,shared_cluster
C04237,P02538,2025-06-01,2026-08-01,shared_cluster
C09481,P02538,2025-06-01,2026-08-01,shared_cluster
C04594,P08115,2025-06-01,2026-08-01,shared_cluster
C05688,P08115,2025-06-01,2026-08-01,shared_cluster
C06803,P08115,2025-06-01,2026-08-01,shared_cluster
C06452,P08115,2025-06-01,2026-08-01,shared_cluster
C02595,P01779,2025-06-01,2026-08-01,shared_cluster
C07468,P01779,2025-06-01,2026-08-01,shared_cluster
C06069,P01779,2025-06-01,2026-08-01,shared_cluster
C00094,P01779,2025-06-01,2026-08-01,shared_cluster
C02354,P05763,2025-06-01,2026-08-01,shared_cluster
C05005,P05763,2025-06-01,2026-08-01,shared_cluster
C08842,P05763,2025-06-01,2026-08-01,shared_cluster
C04727,P03664,2025-06-01,2026-08-01,shared_cluster
C02485,P03664,2025-06-01,2026-08-01,shared_cluster
C08669,P03664,2025-06-01,2026-08-01,shared_cluster
C03649,P03664,2025-06-01,2026-08-01,shared_cluster
C06641,P03664,2025-06-01,2026-08-01,shared_cluster
C02339,P03664,2025-06-01,2026-08-01,shared_cluster
C02042,P03065,2025-06-01,2026-08-01,shared_cluster
C00274,P03065,2025-06-01,2026-08-01,shared_cluster
C06601,P03065,2025-06-01,2026-08-01,shared_cluster
C08218,P03065,2025-06-01,2026-08-01,shared_cluster
C07432,P01449,2025-06-01,2026-08-01,shared_cluster
C06272,P01449,2025-06-01,2026-08-01,shared_cluster
C01333,P01449,2025-06-01,2026-08-01,shared_cluster
C05889,P06510,2025-06-01,2026-08-01,shared_cluster
C01233,P06510,2025-06-01,2026-08-01,shared_cluster
C07299,P06510,2025-06-01,2026-08-01,shared_cluster
C09311,P06510,2025-06-01,2026-08-01,shared_cluster
C02813,P06510,2025-06-01,2026-08-01,shared_cluster
C08319,P06510,2025-06-01,2026-08-01,shared_cluster
C02599,P07195,2025-06-01,2026-08-01,shared_cluster
C03480,P07195,2025-06-01,2026-08-01,shared_cluster
C01242,P07195,2025-06-01,2026-08-01,shared_cluster
C00851,P07195,2025-06-01,2026-08-01,shared_cluster
C07852,P07195,2025-06-01,2026-08-01,shared_cluster
C02085,P07195,2025-06-01,2026-08-01,shared_cluster
C08793,P02228,2025-06-01,2026-08-01,shared_cluster
C02290,P02228,2025-06-01,2026-08-01,shared_cluster
C04856,P02228,2025-06-01,2026-08-01,shared_cluster
C01269,P02228,2025-06-01,2026-08-01,shared_cluster
C09782,P07475,2025-06-01,2026-08-01,shared_cluster
C01355,P07475,2025-06-01,2026-08-01,shared_cluster
C09476,P07475,2025-06-01,2026-08-01,shared_cluster
C07863,P07475,2025-06-01,2026-08-01,shared_cluster
C05641,P07475,2025-06-01,2026-08-01,shared_cluster
C04196,P07475,2025-06-01,2026-08-01,shared_cluster
C08520,P07741,2025-06-01,2026-08-01,shared_cluster
C06470,P07741,2025-06-01,2026-08-01,shared_cluster
C08048,P07741,2025-06-01,2026-08-01,shared_cluster
C05706,P07741,2025-06-01,2026-08-01,shared_cluster
C03328,P07741,2025-06-01,2026-08-01,shared_cluster
C04864,P09348,2025-06-01,2026-08-01,shared_cluster
C00742,P09348,2025-06-01,2026-08-01,shared_cluster
C02940,P09348,2025-06-01,2026-08-01,shared_cluster
C05690,P01193,2025-06-01,2026-08-01,shared_cluster
C09325,P01193,2025-06-01,2026-08-01,shared_cluster
C03971,P01193,2025-06-01,2026-08-01,shared_cluster
C00743,P01193,2025-06-01,2026-08-01,shared_cluster
C05002,P01193,2025-06-01,2026-08-01,shared_cluster
C01481,P04564,2025-06-01,2026-08-01,shared_cluster
C05644,P04564,2025-06-01,2026-08-01,shared_cluster
C00737,P04564,2025-06-01,2026-08-01,shared_cluster
C00883,P08171,2025-06-01,2026-08-01,shared_cluster
C03457,P08171,2025-06-01,2026-08-01,shared_cluster
C01393,P08171,2025-06-01,2026-08-01,shared_cluster
C02113,P08171,2025-06-01,2026-08-01,shared_cluster
C05212,P08171,2025-06-01,2026-08-01,shared_cluster
C01522,P03557,2025-06-01,2026-08-01,shared_cluster
C04905,P03557,2025-06-01,2026-08-01,shared_cluster
C05680,P03557,2025-06-01,2026-08-01,shared_cluster
C07942,P03557,2025-06-01,2026-08-01,shared_cluster
C02046,P03557,2025-06-01,2026-08-01,shared_cluster
C00432,P02418,2025-06-01,2026-08-01,shared_cluster
C05354,P02418,2025-06-01,2026-08-01,shared_cluster
C05284,P02418,2025-06-01,2026-08-01,shared_cluster
C02757,P02418,2025-06-01,2026-08-01,shared_cluster
C08967,P02418,2025-06-01,2026-08-01,shared_cluster
C03437,P04516,2025-06-01,2026-08-01,shared_cluster
C08435,P04516,2025-06-01,2026-08-01,shared_cluster
C06213,P04516,2025-06-01,2026-08-01,shared_cluster
C03266,P04516,2025-06-01,2026-08-01,shared_cluster
C08948,P04516,2025-06-01,2026-08-01,shared_cluster
C06736,P04516,2025-06-01,2026-08-01,shared_cluster
C00159,P03002,2025-06-01,2026-08-01,shared_cluster
C04651,P03002,2025-06-01,2026-08-01,shared_cluster
C01064,P03002,2025-06-01,2026-08-01,shared_cluster
C00678,P03002,2025-06-01,2026-08-01,shared_cluster
C02639,P05810,2025-06-01,2026-08-01,shared_cluster
C09679,P05810,2025-06-01,2026-08-01,shared_cluster
C05285,P05810,2025-06-01,2026-08-01,shared_cluster
C07071,P05810,2025-06-01,2026-08-01,shared_cluster
C05325,P05810,2025-06-01,2026-08-01,shared_cluster
C06847,P09823,2025-06-01,2026-08-01,shared_cluster
C09799,P09823,2025-06-01,2026-08-01,shared_cluster
C04811,P09823,2025-06-01,2026-08-01,shared_cluster
C03329,P09823,2025-06-01,2026-08-01,shared_cluster
C03657,P08184,2025-06-01,2026-08-01,shared_cluster
C04778,P08184,2025-06-01,2026-08-01,shared_cluster
C03961,P08184,2025-06-01,2026-08-01,shared_cluster
C06184,P08184,2025-06-01,2026-08-01,shared_cluster
C07460,P08184,2025-06-01,2026-08-01,shared_cluster
C06368,P08184,2025-06-01,2026-08-01,shared_cluster
C06491,P04673,2025-06-01,2026-08-01,shared_cluster
C09067,P04673,2025-06-01,2026-08-01,shared_cluster
C07813,P04673,2025-06-01,2026-08-01,shared_cluster
C04065,P04673,2025-06-01,2026-08-01,shared_cluster
C02734,P03315,2025-06-01,2026-08-01,shared_cluster
C07578,P03315,2025-06-01,2026-08-01,shared_cluster
C06812,P03315,2025-06-01,2026-08-01,shared_cluster
C01251,P03315,2025-06-01,2026-08-01,shared_cluster
C02437,P03315,2025-06-01,2026-08-01,shared_cluster
C09023,P03315,2025-06-01,2026-08-01,shared_cluster
C08434,P09275,2025-06-01,2026-08-01,shared_cluster
C07140,P09275,2025-06-01,2026-08-01,shared_cluster
C04849,P09275,2025-06-01,2026-08-01,shared_cluster
C01026,P05111,2025-06-01,2026-08-01,shared_cluster
C07606,P05111,2025-06-01,2026-08-01,shared_cluster
C02327,P05111,2025-06-01,2026-08-01,shared_cluster
C00668,P05111,2025-06-01,2026-08-01,shared_cluster
C00896,P05111,2025-06-01,2026-08-01,shared_cluster
C02398,P05972,2025-06-01,2026-08-01,shared_cluster
C00193,P05972,2025-06-01,2026-08-01,shared_cluster
C03366,P05972,2025-06-01,2026-08-01,shared_cluster
C03017,P05972,2025-06-01,2026-08-01,shared_cluster
C04203,P07511,2025-06-01,2026-08-01,shared_cluster
C03030,P07511,2025-06-01,2026-08-01,shared_cluster
C01805,P07511,2025-06-01,2026-08-01,shared_cluster
C02196,P07511,2025-06-01,2026-08-01,shared_cluster
C08302,P07511,2025-06-01,2026-08-01,shared_cluster
C09847,P07511,2025-06-01,2026-08-01,shared_cluster
C00062,P04237,2025-06-01,2026-08-01,shared_cluster
C03428,P04237,2025-06-01,2026-08-01,shared_cluster
C02515,P04237,2025-06-01,2026-08-01,shared_cluster
C05345,P04237,2025-06-01,2026-08-01,shared_cluster
C02316,P04237,2025-06-01,2026-08-01,shared_cluster
C07552,P05961,2025-06-01,2026-08-01,shared_cluster
C06930,P05961,2025-06-01,2026-08-01,shared_cluster
C04959,P05961,2025-06-01,2026-08-01,shared_cluster
C00731,P05961,2025-06-01,2026-08-01,shared_cluster
C05894,P04316,2025-06-01,2026-08-01,shared_cluster
C07125,P04316,2025-06-01,2026-08-01,shared_cluster
C00927,P04316,2025-06-01,2026-08-01,shared_cluster
C05823,P04316,2025-06-01,2026-08-01,shared_cluster
C07757,P04316,2025-06-01,2026-08-01,shared_cluster
C00875,P04316,2025-06-01,2026-08-01,shared_cluster
C05988,P05062,2025-06-01,2026-08-01,shared_cluster
C08139,P05062,2025-06-01,2026-08-01,shared_cluster
C03864,P01690,2025-06-01,2026-08-01,shared_cluster
C01640,P01690,2025-06-01,2026-08-01,shared_cluster
C05408,P00473,2025-06-01,2026-08-01,shared_cluster
C08915,P00473,2025-06-01,2026-08-01,shared_cluster
C07067,P00473,2025-06-01,2026-08-01,shared_cluster
C07054,P02216,2025-06-01,2026-08-01,shared_cluster
C07253,P02216,2025-06-01,2026-08-01,shared_cluster
C03824,P02216,2025-06-01,2026-08-01,shared_cluster
C02238,P02216,2025-06-01,2026-08-01,shared_cluster
C01752,P02210,2025-06-01,2026-08-01,shared_cluster
C09347,P02210,2025-06-01,2026-08-01,shared_cluster
C01883,P02210,2025-06-01,2026-08-01,shared_cluster
C08991,P02210,2025-06-01,2026-08-01,shared_cluster
C04532,P02210,2025-06-01,2026-08-01,shared_cluster
C02981,P02210,2025-06-01,2026-08-01,shared_cluster
C01183,P07958,2025-06-01,2026-08-01,shared_cluster
C08353,P07958,2025-06-01,2026-08-01,shared_cluster
C09686,P07958,2025-06-01,2026-08-01,shared_cluster
C00517,P07958,2025-06-01,2026-08-01,shared_cluster
C01401,P07958,2025-06-01,2026-08-01,shared_cluster
C03285,P07454,2025-06-01,2026-08-01,shared_cluster
C00967,P07454,2025-06-01,2026-08-01,shared_cluster
C03272,P07454,2025-06-01,2026-08-01,shared_cluster
C04303,P07058,2025-06-01,2026-08-01,shared_cluster
C02574,P07058,2025-06-01,2026-08-01,shared_cluster
C05684,P07058,2025-06-01,2026-08-01,shared_cluster
C01085,P03625,2025-06-01,2026-08-01,shared_cluster
C08364,P03625,2025-06-01,2026-08-01,shared_cluster
C01645,P03625,2025-06-01,2026-08-01,shared_cluster
C02257,P03625,2025-06-01,2026-08-01,shared_cluster
C04214,P06588,2025-06-01,2026-08-01,shared_cluster
C01171,P06588,2025-06-01,2026-08-01,shared_cluster
C00693,P06588,2025-06-01,2026-08-01,shared_cluster
C07375,P04222,2025-06-01,2026-08-01,shared_cluster
C06394,P04222,2025-06-01,2026-08-01,shared_cluster
C02784,P04222,2025-06-01,2026-08-01,shared_cluster
C04289,P04222,2025-06-01,2026-08-01,shared_cluster
C00744,P04222,2025-06-01,2026-08-01,shared_cluster
C07558,P04222,2025-06-01,2026-08-01,shared_cluster
C09844,P09993,2025-06-01,2026-08-01,shared_cluster
C03230,P09993,2025-06-01,2026-08-01,shared_cluster
C07505,P09993,2025-06-01,2026-08-01,shared_cluster
C08982,P09993,2025-06-01,2026-08-01,shared_cluster
C06353,P09993,2025-06-01,2026-08-01,shared_cluster
C09888,P09993,2025-06-01,2026-08-01,shared_cluster
C02409,P02670,2025-06-01,2026-08-01,shared_cluster
C09506,P02670,2025-06-01,2026-08-01,shared_cluster
C01487,P02670,2025-06-01,2026-08-01,shared_cluster
C08188,P02670,2025-06-01,2026-08-01,shared_cluster
C08556,P01640,2025-06-01,2026-08-01,shared_cluster
C08788,P01640,2025-06-01,2026-08-01,shared_cluster
C03181,P01640,2025-06-01,2026-08-01,shared_cluster
C07262,P05146,2025-06-01,2026-08-01,shared_cluster
C04258,P05146,2025-06-01,2026-08-01,shared_cluster
C00495,P05146,2025-06-01,2026-08-01,shared_cluster
C00524,P05146,2025-06-01,2026-08-01,shared_cluster
C09147,P05146,2025-06-01,2026-08-01,shared_cluster
C00590,P05146,2025-06-01,2026-08-01,shared_cluster
C06519,P00912,2025-06-01,2026-08-01,shared_cluster
C05885,P00912,2025-06-01,2026-08-01,shared_cluster
C06263,P00912,2025-06-01,2026-08-01,shared_cluster
C04198,P00912,2025-06-01,2026-08-01,shared_cluster
C05848,P07941,2025-06-01,2026-08-01,shared_cluster
C01312,P07941,2025-06-01,2026-08-01,shared_cluster
C04284,P07941,2025-06-01,2026-08-01,shared_cluster
C04601,P07941,2025-06-01,2026-08-01,shared_cluster
C00607,P07941,2025-06-01,2026-08-01,shared_cluster
C03529,P02303,2025-06-01,2026-08-01,shared_cluster
C00974,P02303,2025-06-01,2026-08-01,shared_cluster
C03605,P02303,2025-06-01,2026-08-01,shared_cluster
C01492,P02118,2025-06-01,2026-08-01,shared_cluster
C00409,P02118,2025-06-01,2026-08-01,shared_cluster
C00654,P02118,2025-06-01,2026-08-01,shared_cluster
C00310,P02118,2025-06-01,2026-08-01,shared_cluster
C07828,P02118,2025-06-01,2026-08-01,shared_cluster
C05364,P02118,2025-06-01,2026-08-01,shared_cluster
C08989,P04036,2025-06-01,2026-08-01,shared_cluster
C00657,P04036,2025-06-01,2026-08-01,shared_cluster
C03364,P00786,2025-06-01,2026-08-01,shared_cluster
C03260,P00786,2025-06-01,2026-08-01,shared_cluster
C05170,P00786,2025-06-01,2026-08-01,shared_cluster
C05578,P02403,2025-06-01,2026-08-01,shared_cluster
C07652,P02403,2025-06-01,2026-08-01,shared_cluster
C09365,P02403,2025-06-01,2026-08-01,shared_cluster
C04032,P02403,2025-06-01,2026-08-01,shared_cluster
C01920,P02403,2025-06-01,2026-08-01,shared_cluster
C05839,P02403,2025-06-01,2026-08-01,shared_cluster
C01032,P01396,2025-06-01,2026-08-01,shared_cluster
C05007,P01396,2025-06-01,2026-08-01,shared_cluster
C04112,P01396,2025-06-01,2026-08-01,shared_cluster
C08875,P01396,2025-06-01,2026-08-01,shared_cluster
C08955,P01396,2025-06-01,2026-08-01,shared_cluster
C01297,P01396,2025-06-01,2026-08-01,shared_cluster
C04167,P02888,2025-06-01,2026-08-01,shared_cluster
C06507,P02888,2025-06-01,2026-08-01,shared_cluster
C00632,P02888,2025-06-01,2026-08-01,shared_cluster
C08081,P00322,2025-06-01,2026-08-01,shared_cluster
C04880,P00322,2025-06-01,2026-08-01,shared_cluster
C03432,P00322,2025-06-01,2026-08-01,shared_cluster
C06635,P00322,2025-06-01,2026-08-01,shared_cluster
C04787,P00322,2025-06-01,2026-08-01,shared_cluster
C08920,P07467,2025-06-01,2026-08-01,shared_cluster
C00381,P07467,2025-06-01,2026-08-01,shared_cluster
C05669,P07467,2025-06-01,2026-08-01,shared_cluster
C08511,P07467,2025-06-01,2026-08-01,shared_cluster
C04754,P07467,2025-06-01,2026-08-01,shared_cluster
C07847,P07467,2025-06-01,2026-08-01,shared_cluster
C00335,P00763,2025-06-01,2026-08-01,shared_cluster
C02244,P00763,2025-06-01,2026-08-01,shared_cluster
C08245,P00763,2025-06-01,2026-08-01,shared_cluster
C01693,P08831,2025-06-01,2026-08-01,shared_cluster
C07912,P08831,2025-06-01,2026-08-01,shared_cluster
C08604,P08831,2025-06-01,2026-08-01,shared_cluster
C00512,P08831,2025-06-01,2026-08-01,shared_cluster
C01408,P08831,2025-06-01,2026-08-01,shared_cluster
C09772,P08319,2025-06-01,2026-08-01,shared_cluster
C08456,P08319,2025-06-01,2026-08-01,shared_cluster
C00124,P08319,2025-06-01,2026-08-01,shared_cluster
C08343,P08319,2025-06-01,2026-08-01,shared_cluster
C03064,P08319,2025-06-01,2026-08-01,shared_cluster
C04329,P08319,2025-06-01,2026-08-01,shared_cluster
C07160,P03538,2025-06-01,2026-08-01,shared_cluster
C08877,P03538,2025-06-01,2026-08-01,shared_cluster
C05593,P03538,2025-06-01,2026-08-01,shared_cluster
C06009,P02212,2025-06-01,2026-08-01,shared_cluster
C04783,P02212,2025-06-01,2026-08-01,shared_cluster
C00542,P02212,2025-06-01,2026-08-01,shared_cluster
C09635,P01854,2025-06-01,2026-08-01,shared_cluster
C08680,P01854,2025-06-01,2026-08-01,shared_cluster
C09227,P01854,2025-06-01,2026-08-01,shared_cluster
C01834,P01854,2025-06-01,2026-08-01,shared_cluster
C04230,P01854,2025-06-01,2026-08-01,shared_cluster
C08037,P02758,2025-06-01,2026-08-01,shared_cluster
C08677,P02758,2025-06-01,2026-08-01,shared_cluster
C02562,P02758,2025-06-01,2026-08-01,shared_cluster
C00086,P02758,2025-06-01,2026-08-01,shared_cluster
C04417,P02758,2025-06-01,2026-08-01,shared_cluster
C04376,P04340,2025-06-01,2026-08-01,shared_cluster
C03682,P04340,2025-06-01,2026-08-01,shared_cluster
C00867,P04340,2025-06-01,2026-08-01,shared_cluster
C04713,P04340,2025-06-01,2026-08-01,shared_cluster
C03715,P04340,2025-06-01,2026-08-01,shared_cluster
C01197,P09150,2025-06-01,2026-08-01,shared_cluster
C04734,P09150,2025-06-01,2026-08-01,shared_cluster
C02114,P09150,2025-06-01,2026-08-01,shared_cluster
C09041,P02271,2025-06-01,2026-08-01,shared_cluster
C00057,P02271,2025-06-01,2026-08-01,shared_cluster
C04249,P02271,2025-06-01,2026-08-01,shared_cluster
C01650,P02271,2025-06-01,2026-08-01,shared_cluster
C01570,P02271,2025-06-01,2026-08-01,shared_cluster
C02915,P01325,2025-06-01,2026-08-01,shared_cluster
C02775,P01325,2025-06-01,2026-08-01,shared_cluster
C01427,P01325,2025-06-01,2026-08-01,shared_cluster
C08856,P01325,2025-06-01,2026-08-01,shared_cluster
C04216,P01325,2025-06-01,2026-08-01,shared_cluster
C05734,P05369,2025-06-01,2026-08-01,shared_cluster
C02167,P05369,2025-06-01,2026-08-01,shared_cluster
C09636,P05369,2025-06-01,2026-08-01,shared_cluster
C08085,P05369,2025-06-01,2026-08-01,shared_cluster
C03772,P00132,2025-06-01,2026-08-01,shared_cluster
C07198,P00132,2025-06-01,2026-08-01,shared_cluster
C01172,P01762,2025-06-01,2026-08-01,shared_cluster
C02274,P01762,2025-06-01,2026-08-01,shared_cluster
C03118,P01762,2025-06-01,2026-08-01,shared_cluster
C07614,P01762,2025-06-01,2026-08-01,shared_cluster
C01976,P01762,2025-06-01,2026-08-01,shared_cluster
C07598,P01762,2025-06-01,2026-08-01,shared_cluster
C00395,P00778,2025-06-01,2026-08-01,shared_cluster
C09953,P00778,2025-06-01,2026-08-01,shared_cluster
C02950,P00778,2025-06-01,2026-08-01,shared_cluster
C04286,P00778,2025-06-01,2026-08-01,shared_cluster
C02647,P00778,2025-06-01,2026-08-01,shared_cluster
C03921,P09097,2025-06-01,2026-08-01,shared_cluster
C09374,P09097,2025-06-01,2026-08-01,shared_cluster
C02204,P09097,2025-06-01,2026-08-01,shared_cluster
C00998,P09097,2025-06-01,2026-08-01,shared_cluster
C01467,P04431,2025-06-01,2026-08-01,shared_cluster
C01372,P04431,2025-06-01,2026-08-01,shared_cluster
C06991,P04431,2025-06-01,2026-08-01,shared_cluster
C00336,P04431,2025-06-01,2026-08-01,shared_cluster
C01865,P04431,2025-06-01,2026-08-01,shared_cluster
C03082,P03544,2025-06-01,2026-08-01,shared_cluster
C03019,P03544,2025-06-01,2026-08-01,shared_cluster
C02002,P04854,2025-06-01,2026-08-01,shared_cluster
C09746,P04854,2025-06-01,2026-08-01,shared_cluster
C02155,P04854,2025-06-01,2026-08-01,shared_cluster
C04947,P08381,2025-06-01,2026-08-01,shared_cluster
C00563,P08381,2025-06-01,2026-08-01,shared_cluster
C02179,P08381,2025-06-01,2026-08-01,shared_cluster
C00964,P08381,2025-06-01,2026-08-01,shared_cluster
C08548,P02271,2025-06-01,2026-08-01,shared_cluster
C03121,P02271,2025-06-01,2026-08-01,shared_cluster
C08310,P02271,2025-06-01,2026-08-01,shared_cluster
C01278,P02271,2025-06-01,2026-08-01,shared_cluster
C00152,P02271,2025-06-01,2026-08-01,shared_cluster
C06664,P02271,2025-06-01,2026-08-01,shared_cluster
C08234,P07861,2025-06-01,2026-08-01,shared_cluster
C02911,P07861,2025-06-01,2026-08-01,shared_cluster
C08199,P07861,2025-06-01,2026-08-01,shared_cluster
C09198,P07861,2025-06-01,2026-08-01,shared_cluster
C05974,P07861,2025-06-01,2026-08-01,shared_cluster
C02432,P07861,2025-06-01,2026-08-01,shared_cluster
C09582,P03061,2025-06-01,2026-08-01,shared_cluster
C02997,P03061,2025-06-01,2026-08-01,shared_cluster
C05645,P09265,2025-06-01,2026-08-01,shared_cluster
C00522,P09265,2025-06-01,2026-08-01,shared_cluster
C05175,P09265,2025-06-01,2026-08-01,shared_cluster
C05879,P03325,2025-06-01,2026-08-01,shared_cluster
C07759,P03325,2025-06-01,2026-08-01,shared_cluster
C05809,P03325,2025-06-01,2026-08-01,shared_cluster
C08189,P03325,2025-06-01,2026-08-01,shared_cluster
C03286,P07496,2025-06-01,2026-08-01,shared_cluster
C03356,P07496,2025-06-01,2026-08-01,shared_cluster
C07752,P07496,2025-06-01,2026-08-01,shared_cluster
C06565,P07496,2025-06-01,2026-08-01,shared_cluster
C03452,P06292,2025-06-01,2026-08-01,shared_cluster
C08813,P06292,2025-06-01,2026-08-01,shared_cluster
C00162,P06292,2025-06-01,2026-08-01,shared_cluster
C03554,P06292,2025-06-01,2026-08-01,shared_cluster
C04896,P05852,2025-06-01,2026-08-01,shared_cluster
C04656,P05852,2025-06-01,2026-08-01,shared_cluster
C02653,P05852,2025-06-01,2026-08-01,shared_cluster
C05995,P05852,2025-06-01,2026-08-01,shared_cluster
C03122,P05852,2025-06-01,2026-08-01,shared_cluster
C05813,P05590,2025-06-01,2026-08-01,shared_cluster
C01268,P05590,2025-06-01,2026-08-01,shared_cluster
C06115,P05590,2025-06-01,2026-08-01,shared_cluster
C07534,P05590,2025-06-01,2026-08-01,shared_cluster
C09440,P05590,2025-06-01,2026-08-01,shared_cluster
C05913,P05590,2025-06-01,2026-08-01,shared_cluster
C03464,P08914,2025-06-01,2026-08-01,shared_cluster
C08252,P08914,2025-06-01,2026-08-01,shared_cluster
C09974,P08914,2025-06-01,2026-08-01,shared_cluster
C00140,P08914,2025-06-01,2026-08-01,shared_cluster
C01791,P08601,2025-06-01,2026-08-01,shared_cluster
C09118,P08601,2025-06-01,2026-08-01,shared_cluster
C07265,P08601,2025-06-01,2026-08-01,shared_cluster
C05049,P08601,2025-06-01,2026-08-01,shared_cluster
C03668,P08601,2025-06-01,2026-08-01,shared_cluster
C07109,P02307,2025-06-01,2026-08-01,shared_cluster
C00280,P02307,2025-06-01,2026-08-01,shared_cluster
C03315,P06676,2025-06-01,2026-08-01,shared_cluster
C00520,P06676,2025-06-01,2026-08-01,shared_cluster
C08182,P06676,2025-06-01,2026-08-01,shared_cluster
C04005,P04607,2025-06-01,2026-08-01,shared_cluster
C04085,P04607,2025-06-01,2026-08-01,shared_cluster
C09406,P04607,2025-06-01,2026-08-01,shared_cluster
C01479,P04607,2025-06-01,2026-08-01,shared_cluster
C05108,P04607,2025-06-01,2026-08-01,shared_cluster
C03059,P08537,2025-06-01,2026-08-01,shared_cluster
C07248,P08537,2025-06-01,2026-08-01,shared_cluster
C09940,P08537,2025-06-01,2026-08-01,shared_cluster
C03264,P08537,2025-06-01,2026-08-01,shared_cluster
C06152,P08537,2025-06-01,2026-08-01,shared_cluster
C06306,P06191,2025-06-01,2026-08-01,shared_cluster
C02206,P06191,2025-06-01,2026-08-01,shared_cluster
C05081,P06191,2025-06-01,2026-08-01,shared_cluster
C08474,P08449,2025-06-01,2026-08-01,shared_cluster
C02363,P08449,2025-06-01,2026-08-01,shared_cluster
C00020,P08449,2025-06-01,2026-08-01,shared_cluster
C00462,P08449,2025-06-01,2026-08-01,shared_cluster
C08950,P08449,2025-06-01,2026-08-01,shared_cluster
C09320,P02965,2025-06-01,2026-08-01,shared_cluster
C03211,P02965,2025-06-01,2026-08-01,shared_cluster
C09358,P02965,2025-06-01,2026-08-01,shared_cluster
C08192,P09511,2025-06-01,2026-08-01,shared_cluster
C02284,P09511,2025-06-01,2026-08-01,shared_cluster
C02667,P09511,2025-06-01,2026-08-01,shared_cluster
C04647,P09511,2025-06-01,2026-08-01,shared_cluster
C09462,P09511,2025-06-01,2026-08-01,shared_cluster
C01109,P07959,2025-06-01,2026-08-01,shared_cluster
C07900,P07959,2025-06-01,2026-08-01,shared_cluster
C02901,P07959,2025-06-01,2026-08-01,shared_cluster
C01103,P07959,2025-06-01,2026-08-01,shared_cluster
C08492,P07959,2025-06-01,2026-08-01,shared_cluster
C06011,P05117,2025-06-01,2026-08-01,shared_cluster
C01291,P05117,2025-06-01,2026-08-01,shared_cluster
C09964,P05117,2025-06-01,2026-08-01,shared_cluster
C01634,P05132,2025-06-01,2026-08-01,shared_cluster
C04176,P05132,2025-06-01,2026-08-01,shared_cluster
C03898,P05132,2025-06-01,2026-08-01,shared_cluster
C06383,P00639,2025-06-01,2026-08-01,shared_cluster
C07157,P00639,2025-06-01,2026-08-01,shared_cluster
C01897,P08834,2025-06-01,2026-08-01,shared_cluster
C08600,P08834,2025-06-01,2026-08-01,shared_cluster
C02876,P08834,2025-06-01,2026-08-01,shared_cluster
C08759,P04248,2025-06-01,2026-08-01,shared_cluster
C01773,P04248,2025-06-01,2026-08-01,shared_cluster
C00390,P04005,2025-06-01,2026-08-01,shared_cluster
C06580,P04005,2025-06-01,2026-08-01,shared_cluster
C00081,P04005,2025-06-01,2026-08-01,shared_cluster
C05569,P04005,2025-06-01,2026-08-01,shared_cluster
C06386,P04005,2025-06-01,2026-08-01,shared_cluster
C04908,P05644,2025-06-01,2026-08-01,shared_cluster
C07232,P05644,2025-06-01,2026-08-01,shared_cluster
C06024,P05644,2025-06-01,2026-08-01,shared_cluster
C09904,P02141,2025-06-01,2026-08-01,shared_cluster
C01232,P02141,2025-06-01,2026-08-01,shared_cluster
C02865,P02141,2025-06-01,2026-08-01,shared_cluster
C04870,P02141,2025-06-01,2026-08-01,shared_cluster
C07026,P01491,2025-06-01,2026-08-01,shared_cluster
C05742,P01491,2025-06-01,2026-08-01,shared_cluster
C09984,P06795,2025-06-01,2026-08-01,shared_cluster
C03705,P06795,2025-06-01,2026-08-01,shared_cluster
C08983,P06795,2025-06-01,2026-08-01,shared_cluster
C06236,P09666,2025-06-01,2026-08-01,shared_cluster
C02043,P09666,2025-06-01,2026-08-01,shared_cluster
C05164,P09666,2025-06-01,2026-08-01,shared_cluster
C04983,P09666,2025-06-01,2026-08-01,shared_cluster
C05130,P09666,2025-06-01,2026-08-01,shared_cluster
C00701,P09453,2025-06-01,2026-08-01,shared_cluster
C02405,P09453,2025-06-01,2026-08-01,shared_cluster
C03359,P09453,2025-06-01,2026-08-01,shared_cluster
C03651,P09453,2025-06-01,2026-08-01,shared_cluster
C04163,P06805,2025-06-01,2026-08-01,shared_cluster
C06241,P06805,2025-06-01,2026-08-01,shared_cluster
C01626,P06805,2025-06-01,2026-08-01,shared_cluster
C08069,P06805,2025-06-01,2026-08-01,shared_cluster
C01450,P08710,2025-06-01,2026-08-01,shared_cluster
C06749,P08710,2025-06-01,2026-08-01,shared_cluster
C07911,P08710,2025-06-01,2026-08-01,shared_cluster
C01929,P08710,2025-06-01,2026-08-01,shared_cluster
C02214,P02902,2025-06-01,2026-08-01,shared_cluster
C09622,P02902,2025-06-01,2026-08-01,shared_cluster
C09871,P02902,2025-06-01,2026-08-01,shared_cluster
C02866,P02902,2025-06-01,2026-08-01,shared_cluster
C07617,P03483,2025-06-01,2026-08-01,shared_cluster
C00243,P03483,2025-06-01,2026-08-01,shared_cluster
C00971,P02727,2025-06-01,2026-08-01,shared_cluster
C00972,P02727,2025-06-01,2026-08-01,shared_cluster
C02663,P09329,2025-06-01,2026-08-01,shared_cluster
C02811,P09329,2025-06-01,2026-08-01,shared_cluster
C06084,P05087,2025-06-01,2026-08-01,shared_cluster
C05609,P05087,2025-06-01,2026-08-01,shared_cluster
C04544,P05087,2025-06-01,2026-08-01,shared_cluster
C00318,P05087,2025-06-01,2026-08-01,shared_cluster
C08640,P05087,2025-06-01,2026-08-01,shared_cluster
C03625,P01839,2025-06-01,2026-08-01,shared_cluster
C00303,P01839,2025-06-01,2026-08-01,shared_cluster
C01299,P01839,2025-06-01,2026-08-01,shared_cluster
C09417,P01839,2025-06-01,2026-08-01,shared_cluster
C02726,P01839,2025-06-01,2026-08-01,shared_cluster
C06952,P01839,2025-06-01,2026-08-01,shared_cluster
C03955,P05318,2025-06-01,2026-08-01,shared_cluster
C00508,P05318,2025-06-01,2026-08-01,shared_cluster
C04776,P05318,2025-06-01,2026-08-01,shared_cluster
C00505,P05318,2025-06-01,2026-08-01,shared_cluster
C09962,P05318,2025-06-01,2026-08-01,shared_cluster
C01562,P05318,2025-06-01,2026-08-01,shared_cluster
C08269,P00197,2025-06-01,2026-08-01,shared_cluster
C07633,P00197,2025-06-01,2026-08-01,shared_cluster
C00290,P00197,2025-06-01,2026-08-01,shared_cluster
C00935,P00197,2025-06-01,2026-08-01,shared_cluster
C00362,P00197,2025-06-01,2026-08-01,shared_cluster
C08739,P00197,2025-06-01,2026-08-01,shared_cluster
C04077,P06715,2025-06-01,2026-08-01,shared_cluster
C01751,P06715,2025-06-01,2026-08-01,shared_cluster
C00789,P06715,2025-06-01,2026-08-01,shared_cluster
C00289,P06715,2025-06-01,2026-08-01,shared_cluster
C01048,P06715,2025-06-01,2026-08-01,shared_cluster
C03647,P06715,2025-06-01,2026-08-01,shared_cluster
C00205,P07909,2025-06-01,2026-08-01,shared_cluster
C02961,P07909,2025-06-01,2026-08-01,shared_cluster
C02466,P07909,2025-06-01,2026-08-01,shared_cluster
C01168,P07909,2025-06-01,2026-08-01,shared_cluster
C07482,P01695,2025-06-01,2026-08-01,shared_cluster
C06125,P01695,2025-06-01,2026-08-01,shared_cluster
C02764,P01695,2025-06-01,2026-08-01,shared_cluster
C02986,P05025,2025-06-01,2026-08-01,shared_cluster
C00605,P05025,2025-06-01,2026-08-01,shared_cluster
C03164,P05025,2025-06-01,2026-08-01,shared_cluster
C09532,P05025,2025-06-01,2026-08-01,shared_cluster
C04950,P05025,2025-06-01,2026-08-01,shared_cluster
C00466,P02988,2025-06-01,2026-08-01,shared_cluster
C05013,P02988,2025-06-01,2026-08-01,shared_cluster
C02527,P02988,2025-06-01,2026-08-01,shared_cluster
C09379,P02988,2025-06-01,2026-08-01,shared_cluster
C04873,P00114,2025-06-01,2026-08-01,shared_cluster
C09187,P00114,2025-06-01,2026-08-01,shared_cluster
C00101,P00114,2025-06-01,2026-08-01,shared_cluster
C05825,P00114,2025-06-01,2026-08-01,shared_cluster
C02080,P00013,2025-06-01,2026-08-01,shared_cluster
C05735,P00013,2025-06-01,2026-08-01,shared_cluster
C05955,P00013,2025-06-01,2026-08-01,shared_cluster
C05667,P00013,2025-06-01,2026-08-01,shared_cluster
C04899,P08300,2025-06-01,2026-08-01,shared_cluster
C02017,P08300,2025-06-01,2026-08-01,shared_cluster
C02104,P08300,2025-06-01,2026-08-01,shared_cluster
C05631,P08300,2025-06-01,2026-08-01,shared_cluster
C04938,P08300,2025-06-01,2026-08-01,shared_cluster
C05627,P00137,2025-06-01,2026-08-01,shared_cluster
C00131,P00137,2025-06-01,2026-08-01,shared_cluster
C09071,P02583,2025-06-01,2026-08-01,shared_cluster
C07772,P02583,2025-06-01,2026-08-01,shared_cluster
C08521,P02583,2025-06-01,2026-08-01,shared_cluster
C02038,P02583,2025-06-01,2026-08-01,shared_cluster
C01896,P02583,2025-06-01,2026-08-01,shared_cluster
C01876,P02583,2025-06-01,2026-08-01,shared_cluster
C09724,P02981,2025-06-01,2026-08-01,shared_cluster
C06998,P02981,2025-06-01,2026-08-01,shared_cluster
C08806,P02442,2025-06-01,2026-08-01,shared_cluster
C05730,P02442,2025-06-01,2026-08-01,shared_cluster
C02655,P02442,2025-06-01,2026-08-01,shared_cluster
C08214,P02442,2025-06-01,2026-08-01,shared_cluster
C07205,P02442,2025-06-01,2026-08-01,shared_cluster
C08552,P02442,2025-06-01,2026-08-01,shared_cluster
C04517,P04640,2025-06-01,2026-08-01,shared_cluster
C09380,P04640,2025-06-01,2026-08-01,shared_cluster
C07047,P04640,2025-06-01,2026-08-01,shared_cluster
C01761,P04640,2025-06-01,2026-08-01,shared_cluster
C02172,P04640,2025-06-01,2026-08-01,shared_cluster
C04364,P04640,2025-06-01,2026-08-01,shared_cluster
C02612,P08838,2025-06-01,2026-08-01,shared_cluster
C04667,P08838,2025-06-01,2026-08-01,shared_cluster
C04136,P08838,2025-06-01,2026-08-01,shared_cluster
C03696,P08838,2025-06-01,2026-08-01,shared_cluster
C00824,P08838,2025-06-01,2026-08-01,shared_cluster
C00427,P01217,2025-06-01,2026-08-01,shared_cluster
C05348,P01217,2025-06-01,2026-08-01,shared_cluster
C09153,P01217,2025-06-01,2026-08-01,shared_cluster
C02630,P01217,2025-06-01,2026-08-01,shared_cluster
C01005,P07415,2025-06-01,2026-08-01,shared_cluster
C00583,P07415,2025-06-01,2026-08-01,shared_cluster
C00999,P07415,2025-06-01,2026-08-01,shared_cluster
C03713,P07415,2025-06-01,2026-08-01,shared_cluster
C00501,P07415,2025-06-01,2026-08-01,shared_cluster
C06512,P07275,2025-06-01,2026-08-01,shared_cluster
C01214,P07275,2025-06-01,2026-08-01,shared_cluster
C07319,P07275,2025-06-01,2026-08-01,shared_cluster
C03834,P07275,2025-06-01,2026-08-01,shared_cluster
C02626,P04131,2025-06-01,2026-08-01,shared_cluster
C08172,P04131,2025-06-01,2026-08-01,shared_cluster
C06495,P04131,2025-06-01,2026-08-01,shared_cluster
C09704,P04131,2025-06-01,2026-08-01,shared_cluster
C08430,P04131,2025-06-01,2026-08-01,shared_cluster
C04433,P08505,2025-06-01,2026-08-01,shared_cluster
C06144,P08505,2025-06-01,2026-08-01,shared_cluster
C01808,P06989,2025-06-01,2026-08-01,shared_cluster
C02141,P06989,2025-06-01,2026-08-01,shared_cluster
C03051,P06989,2025-06-01,2026-08-01,shared_cluster
C02153,P06989,2025-06-01,2026-08-01,shared_cluster
C04068,P05992,2025-06-01,2026-08-01,shared_cluster
C08715,P05992,2025-06-01,2026-08-01,shared_cluster
C04488,P05992,2025-06-01,2026-08-01,shared_cluster
C03945,P05992,2025-06-01,2026-08-01,shared_cluster
C05183,P05992,2025-06-01,2026-08-01,shared_cluster
C04692,P06157,2025-06-01,2026-08-01,shared_cluster
C02269,P06157,2025-06-01,2026-08-01,shared_cluster
C00109,P06157,2025-06-01,2026-08-01,shared_cluster
C03077,P02389,2025-06-01,2026-08-01,shared_cluster
C04274,P02389,2025-06-01,2026-08-01,shared_cluster
C03800,P04118,2025-06-01,2026-08-01,shared_cluster
C04385,P04118,2025-06-01,2026-08-01,shared_cluster
C06201,P04118,2025-06-01,2026-08-01,shared_cluster
C03521,P04118,2025-06-01,2026-08-01,shared_cluster
C07579,P02533,2025-06-01,2026-08-01,shared_cluster
C09758,P02533,2025-06-01,2026-08-01,shared_cluster
C03737,P02533,2025-06-01,2026-08-01,shared_cluster
C09991,P02533,2025-06-01,2026-08-01,shared_cluster
C01969,P02533,2025-06-01,2026-08-01,shared_cluster
C09614,P02853,2025-06-01,2026-08-01,shared_cluster
C07807,P02853,2025-06-01,2026-08-01,shared_cluster
C01923,P02048,2025-06-01,2026-08-01,shared_cluster
C08564,P02048,2025-06-01,2026-08-01,shared_cluster
C00918,P02048,2025-06-01,2026-08-01,shared_cluster
C09026,P08450,2025-06-01,2026-08-01,shared_cluster
C02293,P08450,2025-06-01,2026-08-01,shared_cluster
C04507,P08450,2025-06-01,2026-08-01,shared_cluster
C06304,P08450,2025-06-01,2026-08-01,shared_cluster
C02740,P08450,2025-06-01,2026-08-01,shared_cluster
C08969,P08450,2025-06-01,2026-08-01,shared_cluster
C07749,P04767,2025-06-01,2026-08-01,shared_cluster
C03477,P04767,2025-06-01,2026-08-01,shared_cluster
C07924,P04767,2025-06-01,2026-08-01,shared_cluster
C02109,P04767,2025-06-01,2026-08-01,shared_cluster
C09930,P04767,2025-06-01,2026-08-01,shared_cluster
C07511,P04767,2025-06-01,2026-08-01,shared_cluster
C03192,P00986,2025-06-01,2026-08-01,shared_cluster
C07801,P00986,2025-06-01,2026-08-01,shared_cluster
C07423,P00986,2025-06-01,2026-08-01,shared_cluster
C05999,P08570,2025-06-01,2026-08-01,shared_cluster
C01837,P08570,2025-06-01,2026-08-01,shared_cluster
C00320,P08570,2025-06-01,2026-08-01,shared_cluster
C02237,P08570,2025-06-01,2026-08-01,shared_cluster
C05449,P09696,2025-06-01,2026-08-01,shared_cluster
C05757,P09696,2025-06-01,2026-08-01,shared_cluster
C07955,P09696,2025-06-01,2026-08-01,shared_cluster
C09356,P07453,2025-06-01,2026-08-01,shared_cluster
C07077,P07453,2025-06-01,2026-08-01,shared_cluster
C01276,P07453,2025-06-01,2026-08-01,shared_cluster
C03968,P07453,2025-06-01,2026-08-01,shared_cluster
C07855,P07453,2025-06-01,2026-08-01,shared_cluster
C07867,P09469,2025-06-01,2026-08-01,shared_cluster
C00184,P09469,2025-06-01,2026-08-01,shared_cluster
C07748,P09469,2025-06-01,2026-08-01,shared_cluster
C01924,P09469,2025-06-01,2026-08-01,shared_cluster
C07888,P02637,2025-06-01,2026-08-01,shared_cluster
C09444,P02637,2025-06-01,2026-08-01,shared_cluster
C02498,P02637,2025-06-01,2026-08-01,shared_cluster
C00913,P02637,2025-06-01,2026-08-01,shared_cluster
C04106,P02637,2025-06-01,2026-08-01,shared_cluster
C05596,P00147,2025-06-01,2026-08-01,shared_cluster
C05107,P00147,2025-06-01,2026-08-01,shared_cluster
C05480,P07273,2025-06-01,2026-08-01,shared_cluster
C08990,P07273,2025-06-01,2026-08-01,shared_cluster
C03104,P07273,2025-06-01,2026-08-01,shared_cluster
C02805,P07273,2025-06-01,2026-08-01,shared_cluster
C04089,P07273,2025-06-01,2026-08-01,shared_cluster
C03392,P08382,2025-06-01,2026-08-01,shared_cluster
C07164,P08382,2025-06-01,2026-08-01,shared_cluster
C03670,P08382,2025-06-01,2026-08-01,shared_cluster
C06271,P08382,2025-06-01,2026-08-01,shared_cluster
C07664,P01100,2025-06-01,2026-08-01,shared_cluster
C03676,P01100,2025-06-01,2026-08-01,shared_cluster
C02297,P01100,2025-06-01,2026-08-01,shared_cluster
C05430,P01100,2025-06-01,2026-08-01,shared_cluster
C07180,P01100,2025-06-01,2026-08-01,shared_cluster
C03933,P01100,2025-06-01,2026-08-01,shared_cluster
C07718,P07059,2025-06-01,2026-08-01,shared_cluster
C02931,P07059,2025-06-01,2026-08-01,shared_cluster
C00490,P07059,2025-06-01,2026-08-01,shared_cluster
C04020,P07059,2025-06-01,2026-08-01,shared_cluster
C02169,P07059,2025-06-01,2026-08-01,shared_cluster
C08687,P06954,2025-06-01,2026-08-01,shared_cluster
C01043,P06954,2025-06-01,2026-08-01,shared_cluster
C06786,P06954,2025-06-01,2026-08-01,shared_cluster
C09090,P06954,2025-06-01,2026-08-01,shared_cluster
C04353,P06954,2025-06-01,2026-08-01,shared_cluster
C00746,P06954,2025-06-01,2026-08-01,shared_cluster
C09074,P01344,2025-06-01,2026-08-01,shared_cluster
C05478,P01344,2025-06-01,2026-08-01,shared_cluster
C03642,P01344,2025-06-01,2026-08-01,shared_cluster
C04363,P03901,2025-06-01,2026-08-01,shared_cluster
C03833,P03901,2025-06-01,2026-08-01,shared_cluster
C00697,P03901,2025-06-01,2026-08-01,shared_cluster
C09918,P03901,2025-06-01,2026-08-01,shared_cluster
C05764,P03901,2025-06-01,2026-08-01,shared_cluster
C08749,P03901,2025-06-01,2026-08-01,shared_cluster
C02122,P07136,2025-06-01,2026-08-01,shared_cluster
C08344,P07136,2025-06-01,2026-08-01,shared_cluster
C01663,P07136,2025-06-01,2026-08-01,shared_cluster
C06811,P07136,2025-06-01,2026-08-01,shared_cluster
C08433,P07625,2025-06-01,2026-08-01,shared_cluster
C06837,P07625,2025-06-01,2026-08-01,shared_cluster
C07987,P07625,2025-06-01,2026-08-01,shared_cluster
C03080,P07625,2025-06-01,2026-08-01,shared_cluster
C07237,P09047,2025-06-01,2026-08-01,shared_cluster
C08661,P09047,2025-06-01,2026-08-01,shared_cluster
C02812,P09047,2025-06-01,2026-08-01,shared_cluster
C02189,P01875,2025-06-01,2026-08-01,shared_cluster
C06371,P01875,2025-06-01,2026-08-01,shared_cluster
C03571,P03030,2025-06-01,2026-08-01,shared_cluster
C02480,P03030,2025-06-01,2026-08-01,shared_cluster
C05411,P03030,2025-06-01,2026-08-01,shared_cluster
C04272,P03030,2025-06-01,2026-08-01,shared_cluster
C01382,P02586,2025-06-01,2026-08-01,shared_cluster
C05075,P02586,2025-06-01,2026-08-01,shared_cluster
C02867,P02586,2025-06-01,2026-08-01,shared_cluster
C05390,P09737,2025-06-01,2026-08-01,shared_cluster
C07422,P09737,2025-06-01,2026-08-01,shared_cluster
C03539,P09737,2025-06-01,2026-08-01,shared_cluster
C02035,P09737,2025-06-01,2026-08-01,shared_cluster
C06545,P09737,2025-06-01,2026-08-01,shared_cluster
C03407,P09129,2025-06-01,2026-08-01,shared_cluster
C07743,P09129,2025-06-01,2026-08-01,shared_cluster
C01580,P09129,2025-06-01,2026-08-01,shared_cluster
C04612,P09129,2025-06-01,2026-08-01,shared_cluster
C01484,P07928,2025-06-01,2026-08-01,shared_cluster
C03890,P07928,2025-06-01,2026-08-01,shared_cluster
C03976,P07928,2025-06-01,2026-08-01,shared_cluster
C06768,P07928,2025-06-01,2026-08-01,shared_cluster
C01344,P07928,2025-06-01,2026-08-01,shared_cluster
C06715,P01191,2025-06-01,2026-08-01,shared_cluster
C04519,P01191,2025-06-01,2026-08-01,shared_cluster
C04498,P06881,2025-06-01,2026-08-01,shared_cluster
C00150,P06881,2025-06-01,2026-08-01,shared_cluster
C08339,P06881,2025-06-01,2026-08-01,shared_cluster
C07980,P06881,2025-06-01,2026-08-01,shared_cluster
C04530,P06881,2025-06-01,2026-08-01,shared_cluster
C04098,P06881,2025-06-01,2026-08-01,shared_cluster
C03990,P09438,2025-06-01,2026-08-01,shared_cluster
C08122,P09438,2025-06-01,2026-08-01,shared_cluster
C01057,P09602,2025-06-01,2026-08-01,shared_cluster
C02031,P09602,2025-06-01,2026-08-01,shared_cluster
C07279,P09602,2025-06-01,2026-08-01,shared_cluster
C07225,P09602,2025-06-01,2026-08-01,shared_cluster
C03253,P09602,2025-06-01,2026-08-01,shared_cluster
C06472,P09602,2025-06-01,2026-08-01,shared_cluster
C03572,P02379,2025-06-01,2026-08-01,shared_cluster
C02108,P02379,2025-06-01,2026-08-01,shared_cluster
C04245,P02379,2025-06-01,2026-08-01,shared_cluster
C09202,P02742,2025-06-01,2026-08-01,shared_cluster
C04546,P02742,2025-06-01,2026-08-01,shared_cluster
C04636,P02742,2025-06-01,2026-08-01,shared_cluster
C08220,P08367,2025-06-01,2026-08-01,shared_cluster
C08149,P08367,2025-06-01,2026-08-01,shared_cluster
C09411,P08367,2025-06-01,2026-08-01,shared_cluster
C03803,P08367,2025-06-01,2026-08-01,shared_cluster
C08289,P08367,2025-06-01,2026-08-01,shared_cluster
C05702,P08367,2025-06-01,2026-08-01,shared_cluster
C05565,P04872,2025-06-01,2026-08-01,shared_cluster
C04212,P04872,2025-06-01,2026-08-01,shared_cluster
C04073,P09254,2025-06-01,2026-08-01,shared_cluster
C05155,P09254,2025-06-01,2026-08-01,shared_cluster
C06489,P09254,2025-06-01,2026-08-01,shared_cluster
C07618,P09254,2025-06-01,2026-08-01,shared_cluster
C08984,P09254,2025-06-01,2026-08-01,shared_cluster
C00572,P08819,2025-06-01,2026-08-01,shared_cluster
C08562,P08819,2025-06-01,2026-08-01,shared_cluster
C06340,P08819,2025-06-01,2026-08-01,shared_cluster
C03246,P08819,2025-06-01,2026-08-01,shared_cluster
C07466,P08819,2025-06-01,2026-08-01,shared_cluster
C02004,P05651,2025-06-01,2026-08-01,shared_cluster
C06932,P05651,2025-06-01,2026-08-01,shared_cluster
C07848,P05651,2025-06-01,2026-08-01,shared_cluster
C09657,P05651,2025-06-01,2026-08-01,shared_cluster
C07829,P05651,2025-06-01,2026-08-01,shared_cluster
C01832,P03438,2025-06-01,2026-08-01,shared_cluster
C09445,P03438,2025-06-01,2026-08-01,shared_cluster
C09530,P00413,2025-06-01,2026-08-01,shared_cluster
C03954,P00413,2025-06-01,2026-08-01,shared_cluster
C08867,P00413,2025-06-01,2026-08-01,shared_cluster
C00718,P00413,2025-06-01,2026-08-01,shared_cluster
C04589,P00413,2025-06-01,2026-08-01,shared_cluster
C03497,P04943,2025-06-01,2026-08-01,shared_cluster
C01734,P04943,2025-06-01,2026-08-01,shared_cluster
C06521,P04943,2025-06-01,2026-08-01,shared_cluster
C06600,P04865,2025-06-01,2026-08-01,shared_cluster
C05094,P04865,2025-06-01,2026-08-01,shared_cluster
C04508,P04865,2025-06-01,2026-08-01,shared_cluster
C02893,P04865,2025-06-01,2026-08-01,shared_cluster
C09393,P04865,2025-06-01,2026-08-01,shared_cluster
C06288,P04865,2025-06-01,2026-08-01,shared_cluster
C09130,P07249,2025-06-01,2026-08-01,shared_cluster
C00523,P07249,2025-06-01,2026-08-01,shared_cluster
C09197,P07249,2025-06-01,2026-08-01,shared_cluster
C05542,P03597,2025-06-01,2026-08-01,shared_cluster
C09387,P03597,2025-06-01,2026-08-01,shared_cluster
C01992,P03597,2025-06-01,2026-08-01,shared_cluster
C05016,P03597,2025-06-01,2026-08-01,shared_cluster
C02973,P03146,2025-06-01,2026-08-01,shared_cluster
C07703,P03146,2025-06-01,2026-08-01,shared_cluster
C05029,P01686,2025-06-01,2026-08-01,shared_cluster
C01202,P01686,2025-06-01,2026-08-01,shared_cluster
C07866,P01686,2025-06-01,2026-08-01,shared_cluster
C03380,P01833,2025-06-01,2026-08-01,shared_cluster
C07499,P01833,2025-06-01,2026-08-01,shared_cluster
C02182,P01833,2025-06-01,2026-08-01,shared_cluster
C02984,P01833,2025-06-01,2026-08-01,shared_cluster
C02591,P08845,2025-06-01,2026-08-01,shared_cluster
C09336,P08845,2025-06-01,2026-08-01,shared_cluster
C06023,P08845,2025-06-01,2026-08-01,shared_cluster
C05099,P08845,2025-06-01,2026-08-01,shared_cluster
C06574,P03015,2025-06-01,2026-08-01,shared_cluster
C04923,P03015,2025-06-01,2026-08-01,shared_cluster
C03764,P03015,2025-06-01,2026-08-01,shared_cluster
C03838,P03015,2025-06-01,2026-08-01,shared_cluster
C01769,P03015,2025-06-01,2026-08-01,shared_cluster
C04335,P03015,2025-06-01,2026-08-01,shared_cluster
C01665,P02609,2025-06-01,2026-08-01,shared_cluster
C05816,P02609,2025-06-01,2026-08-01,shared_cluster
C09401,P02609,2025-06-01,2026-08-01,shared_cluster
C02736,P02609,2025-06-01,2026-08-01,shared_cluster
C07672,P02609,2025-06-01,2026-08-01,shared_cluster
C08471,P01055,2025-06-01,2026-08-01,shared_cluster
C02242,P01055,2025-06-01,2026-08-01,shared_cluster
C08095,P01055,2025-06-01,2026-08-01,shared_cluster
C08464,P05009,2025-06-01,2026-08-01,shared_cluster
C00374,P05009,2025-06-01,2026-08-01,shared_cluster
C01827,P05009,2025-06-01,2026-08-01,shared_cluster
C03151,P05642,2025-06-01,2026-08-01,shared_cluster
C03992,P05642,2025-06-01,2026-08-01,shared_cluster
C06428,P05642,2025-06-01,2026-08-01,shared_cluster
C08595,P06473,2025-06-01,2026-08-01,shared_cluster
C08537,P06473,2025-06-01,2026-08-01,shared_cluster
C03525,P06473,2025-06-01,2026-08-01,shared_cluster
C01540,P06473,2025-06-01,2026-08-01,shared_cluster
C04421,P04970,2025-06-01,2026-08-01,shared_cluster
C05551,P04970,2025-06-01,2026-08-01,shared_cluster
C01470,P04970,2025-06-01,2026-08-01,shared_cluster
C03498,P04970,2025-06-01,2026-08-01,shared_cluster
C00119,P04970,2025-06-01,2026-08-01,shared_cluster
C00540,P09356,2025-06-01,2026-08-01,shared_cluster
C04076,P09356,2025-06-01,2026-08-01,shared_cluster
C02268,P08306,2025-06-01,2026-08-01,shared_cluster
C04326,P08306,2025-06-01,2026-08-01,shared_cluster
C09040,P08306,2025-06-01,2026-08-01,shared_cluster
C03346,P08007,2025-06-01,2026-08-01,shared_cluster
C02910,P08007,2025-06-01,2026-08-01,shared_cluster
C07057,P08007,2025-06-01,2026-08-01,shared_cluster
C06128,P08007,2025-06-01,2026-08-01,shared_cluster
C07704,P04970,2025-06-01,2026-08-01,shared_cluster
C05281,P04970,2025-06-01,2026-08-01,shared_cluster
C07022,P04970,2025-06-01,2026-08-01,shared_cluster
C01606,P04970,2025-06-01,2026-08-01,shared_cluster
C01338,P04970,2025-06-01,2026-08-01,shared_cluster
C08013,P02800,2025-06-01,2026-08-01,shared_cluster
C00186,P02800,2025-06-01,2026-08-01,shared_cluster
C06486,P02800,2025-06-01,2026-08-01,shared_cluster
C02980,P02800,2025-06-01,2026-08-01,shared_cluster
C06745,P02800,2025-06-01,2026-08-01,shared_cluster
C06052,P09682,2025-06-01,2026-08-01,shared_cluster
C04939,P09682,2025-06-01,2026-08-01,shared_cluster
C08057,P09682,2025-06-01,2026-08-01,shared_cluster
C01181,P09682,2025-06-01,2026-08-01,shared_cluster
C00552,P09682,2025-06-01,2026-08-01,shared_cluster
C09170,P06151,2025-06-01,2026-08-01,shared_cluster
C07338,P06151,2025-06-01,2026-08-01,shared_cluster
C03734,P06151,2025-06-01,2026-08-01,shared_cluster
C08372,P05156,2025-06-01,2026-08-01,shared_cluster
C05920,P05156,2025-06-01,2026-08-01,shared_cluster
C00617,P05156,2025-06-01,2026-08-01,shared_cluster
C03842,P05156,2025-06-01,2026-08-01,shared_cluster
C02319,P05156,2025-06-01,2026-08-01,shared_cluster
C05236,P04032,2025-06-01,2026-08-01,shared_cluster
C00344,P04032,2025-06-01,2026-08-01,shared_cluster
C06498,P04032,2025-06-01,2026-08-01,shared_cluster
C00130,P04032,2025-06-01,2026-08-01,shared_cluster
C06349,P04032,2025-06-01,2026-08-01,shared_cluster
C08231,P01170,2025-06-01,2026-08-01,shared_cluster
C05182,P01170,2025-06-01,2026-08-01,shared_cluster
C04989,P01170,2025-06-01,2026-08-01,shared_cluster
C04473,P01170,2025-06-01,2026-08-01,shared_cluster
C06364,P01170,2025-06-01,2026-08-01,shared_cluster
C03111,P01938,2025-06-01,2026-08-01,shared_cluster
C07003,P01938,2025-06-01,2026-08-01,shared_cluster
C02133,P01938,2025-06-01,2026-08-01,shared_cluster
C06083,P01938,2025-06-01,2026-08-01,shared_cluster
C03979,P01938,2025-06-01,2026-08-01,shared_cluster
C09259,P01938,2025-06-01,2026-08-01,shared_cluster
C05931,P07468,2025-06-01,2026-08-01,shared_cluster
C06903,P07468,2025-06-01,2026-08-01,shared_cluster
C00151,P07468,2025-06-01,2026-08-01,shared_cluster
C04925,P07468,2025-06-01,2026-08-01,shared_cluster
C06142,P07468,2025-06-01,2026-08-01,shared_cluster
C04780,P00867,2025-06-01,2026-08-01,shared_cluster
C07837,P00867,2025-06-01,2026-08-01,shared_cluster
C09486,P00812,2025-06-01,2026-08-01,shared_cluster
C08411,P00812,2025-06-01,2026-08-01,shared_cluster
C02207,P00812,2025-06-01,2026-08-01,shared_cluster
C05841,P00812,2025-06-01,2026-08-01,shared_cluster
C04234,P00812,2025-06-01,2026-08-01,shared_cluster
C04474,P00812,2025-06-01,2026-08-01,shared_cluster
C09916,P01119,2025-06-01,2026-08-01,shared_cluster
C01027,P01119,2025-06-01,2026-08-01,shared_cluster
C08768,P01119,2025-06-01,2026-08-01,shared_cluster
C06139,P04717,2025-06-01,2026-08-01,shared_cluster
C06638,P04717,2025-06-01,2026-08-01,shared_cluster
C09388,P04717,2025-06-01,2026-08-01,shared_cluster
C08796,P07013,2025-06-01,2026-08-01,shared_cluster
C06791,P07013,2025-06-01,2026-08-01,shared_cluster
C00699,P07013,2025-06-01,2026-08-01,shared_cluster
C06994,P03938,2025-06-01,2026-08-01,shared_cluster
C01128,P03938,2025-06-01,2026-08-01,shared_cluster
C05194,P03938,2025-06-01,2026-08-01,shared_cluster
C03261,P03938,2025-06-01,2026-08-01,shared_cluster
C04223,P03938,2025-06-01,2026-08-01,shared_cluster
C09950,P03938,2025-06-01,2026-08-01,shared_cluster
C04410,P05625,2025-06-01,2026-08-01,shared_cluster
C00911,P05625,2025-06-01,2026-08-01,shared_cluster
C00316,P05625,2025-06-01,2026-08-01,shared_cluster
C07501,P05625,2025-06-01,2026-08-01,shared_cluster
C08809,P05625,2025-06-01,2026-08-01,shared_cluster
C05610,P05625,2025-06-01,2026-08-01,shared_cluster
C01224,P07610,2025-06-01,2026-08-01,shared_cluster
C00424,P07610,2025-06-01,2026-08-01,shared_cluster
C03375,P07610,2025-06-01,2026-08-01,shared_cluster
C03780,P07610,2025-06-01,2026-08-01,shared_cluster
C04732,P07175,2025-06-01,2026-08-01,shared_cluster
C02201,P07175,2025-06-01,2026-08-01,shared_cluster
C07222,P07175,2025-06-01,2026-08-01,shared_cluster
C06518,P09088,2025-06-01,2026-08-01,shared_cluster
C03908,P09088,2025-06-01,2026-08-01,shared_cluster
C03152,P09088,2025-06-01,2026-08-01,shared_cluster
C09754,P09088,2025-06-01,2026-08-01,shared_cluster
C08835,P02178,2025-06-01,2026-08-01,shared_cluster
C05015,P02178,2025-06-01,2026-08-01,shared_cluster
C08026,P02178,2025-06-01,2026-08-01,shared_cluster
C09176,P02178,2025-06-01,2026-08-01,shared_cluster
C01239,P02178,2025-06-01,2026-08-01,shared_cluster
C05078,P08487,2025-06-01,2026-08-01,shared_cluster
C01538,P08487,2025-06-01,2026-08-01,shared_cluster
C05502,P07917,2025-06-01,2026-08-01,shared_cluster
C02461,P07917,2025-06-01,2026-08-01,shared_cluster
C05574,P07917,2025-06-01,2026-08-01,shared_cluster
C03952,P09384,2025-06-01,2026-08-01,shared_cluster
C03257,P09384,2025-06-01,2026-08-01,shared_cluster
C06357,P09384,2025-06-01,2026-08-01,shared_cluster
C05247,P09384,2025-06-01,2026-08-01,shared_cluster
C04931,P09384,2025-06-01,2026-08-01,shared_cluster
C03075,P09384,2025-06-01,2026-08-01,shared_cluster
C03183,P06725,2025-06-01,2026-08-01,shared_cluster
C00207,P06725,2025-06-01,2026-08-01,shared_cluster
C06479,P06725,2025-06-01,2026-08-01,shared_cluster
C09442,P06725,2025-06-01,2026-08-01,shared_cluster
C03413,P06725,2025-06-01,2026-08-01,shared_cluster
C01325,P06725,2025-06-01,2026-08-01,shared_cluster
C05827,P06840,2025-06-01,2026-08-01,shared_cluster
C02707,P06840,2025-06-01,2026-08-01,shared_cluster
C01641,P06840,2025-06-01,2026-08-01,shared_cluster
C08737,P06840,2025-06-01,2026-08-01,shared_cluster
C02442,P06587,2025-06-01,2026-08-01,shared_cluster
C08476,P06587,2025-06-01,2026-08-01,shared_cluster
C08169,P06534,2025-06-01,2026-08-01,shared_cluster
C08018,P06534,2025-06-01,2026-08-01,shared_cluster
C07213,P06534,2025-06-01,2026-08-01,shared_cluster
C04855,P06534,2025-06-01,2026-08-01,shared_cluster
C06636,P05674,2025-06-01,2026-08-01,shared_cluster
C03783,P05674,2025-06-01,2026-08-01,shared_cluster
C01246,P05674,2025-06-01,2026-08-01,shared_cluster
C09489,P05674,2025-06-01,2026-08-01,shared_cluster
C02875,P05967,2025-06-01,2026-08-01,shared_cluster
C07348,P05967,2025-06-01,2026-08-01,shared_cluster
C06735,P08911,2025-06-01,2026-08-01,shared_cluster
C08453,P08911,2025-06-01,2026-08-01,shared_cluster
C01060,P08911,2025-06-01,2026-08-01,shared_cluster
C03196,P08911,2025-06-01,2026-08-01,shared_cluster
C06493,P06552,2025-06-01,2026-08-01,shared_cluster
C09145,P06552,2025-06-01,2026-08-01,shared_cluster
C01859,P07923,2025-06-01,2026-08-01,shared_cluster
C09911,P07923,2025-06-01,2026-08-01,shared_cluster
C05185,P01720,2025-06-01,2026-08-01,shared_cluster
C03066,P01720,2025-06-01,2026-08-01,shared_cluster
C00408,P01720,2025-06-01,2026-08-01,shared_cluster
C05472,P01720,2025-06-01,2026-08-01,shared_cluster
C08696,P01720,2025-06-01,2026-08-01,shared_cluster
C08007,P00658,2025-06-01,2026-08-01,shared_cluster
C08390,P00658,2025-06-01,2026-08-01,shared_cluster
C04973,P00658,2025-06-01,2026-08-01,shared_cluster
C04025,P08847,2025-06-01,2026-08-01,shared_cluster
C06002,P08847,2025-06-01,2026-08-01,shared_cluster
C02029,P08847,2025-06-01,2026-08-01,shared_cluster
C01577,P08847,2025-06-01,2026-08-01,shared_cluster
C07531,P08847,2025-06-01,2026-08-01,shared_cluster
C06243,P08847,2025-06-01,2026-08-01,shared_cluster
C03412,P04025,2025-06-01,2026-08-01,shared_cluster
C07309,P04025,2025-06-01,2026-08-01,shared_cluster
C09277,P08095,2025-06-01,2026-08-01,shared_cluster
C03068,P08095,2025-06-01,2026-08-01,shared_cluster
C00092,P08095,2025-06-01,2026-08-01,shared_cluster
C00170,P08095,2025-06-01,2026-08-01,shared_cluster
C01253,P08095,2025-06-01,2026-08-01,shared_cluster
C09480,P08095,2025-06-01,2026-08-01,shared_cluster
C04045,P06913,2025-06-01,2026-08-01,shared_cluster
C05087,P06913,2025-06-01,2026-08-01,shared_cluster
C08493,P06913,2025-06-01,2026-08-01,shared_cluster
C01930,P06913,2025-06-01,2026-08-01,shared_cluster
C06107,P06913,2025-06-01,2026-08-01,shared_cluster
C08248,P06913,2025-06-01,2026-08-01,shared_cluster
C05419,P09885,2025-06-01,2026-08-01,shared_cluster
C02575,P09885,2025-06-01,2026-08-01,shared_cluster
C02656,P09885,2025-06-01,2026-08-01,shared_cluster
C02152,P09885,2025-06-01,2026-08-01,shared_cluster
C07255,P09885,2025-06-01,2026-08-01,shared_cluster
C02658,P09885,2025-06-01,2026-08-01,shared_cluster
C01376,P08640,2025-06-01,2026-08-01,shared_cluster
C02569,P08640,2025-06-01,2026-08-01,shared_cluster
C09223,P08640,2025-06-01,2026-08-01,shared_cluster
C04946,P08640,2025-06-01,2026-08-01,shared_cluster
C04322,P08640,2025-06-01,2026-08-01,shared_cluster
C02908,P08640,2025-06-01,2026-08-01,shared_cluster
C08913,P09445,2025-06-01,2026-08-01,shared_cluster
C00747,P09445,2025-06-01,2026-08-01,shared_cluster
C03743,P09445,2025-06-01,2026-08-01,shared_cluster
C08212,P09445,2025-06-01,2026-08-01,shared_cluster
C08157,P09445,2025-06-01,2026-08-01,shared_cluster
C01974,P00109,2025-06-01,2026-08-01,shared_cluster
C03829,P00109,2025-06-01,2026-08-01,shared_cluster
C00042,P05415,2025-06-01,2026-08-01,shared_cluster
C03135,P05415,2025-06-01,2026-08-01,shared_cluster
C08208,P05415,2025-06-01,2026-08-01,shared_cluster
C00631,P05415,2025-06-01,2026-08-01,shared_cluster
C00859,P05415,2025-06-01,2026-08-01,shared_cluster
C01204,P05415,2025-06-01,2026-08-01,shared_cluster
C04965,P00688,2025-06-01,2026-08-01,shared_cluster
C00089,P00688,2025-06-01,2026-08-01,shared_cluster
C06719,P03017,2025-06-01,2026-08-01,shared_cluster
C02608,P03017,2025-06-01,2026-08-01,shared_cluster
C00929,P05415,2025-06-01,2026-08-01,shared_cluster
C06663,P05415,2025-06-01,2026-08-01,shared_cluster
C07548,P03404,2025-06-01,2026-08-01,shared_cluster
C08447,P03404,2025-06-01,2026-08-01,shared_cluster
C00891,P03404,2025-06-01,2026-08-01,shared_cluster
C01636,P03404,2025-06-01,2026-08-01,shared_cluster
C00836,P03404,2025-06-01,2026-08-01,shared_cluster
C08553,P01318,2025-06-01,2026-08-01,shared_cluster
C05418,P01318,2025-06-01,2026-08-01,shared_cluster
C05765,P01318,2025-06-01,2026-08-01,shared_cluster
C09817,P01318,2025-06-01,2026-08-01,shared_cluster
C00240,P00163,2025-06-01,2026-08-01,shared_cluster
C00294,P00163,2025-06-01,2026-08-01,shared_cluster
C02741,P00163,2025-06-01,2026-08-01,shared_cluster
C04139,P00163,2025-06-01,2026-08-01,shared_cluster
C00059,P00163,2025-06-01,2026-08-01,shared_cluster
C02132,P05978,2025-06-01,2026-08-01,shared_cluster
C08590,P05978,2025-06-01,2026-08-01,shared_cluster
C04737,P07392,2025-06-01,2026-08-01,shared_cluster
C03187,P07392,2025-06-01,2026-08-01,shared_cluster
C00027,P00934,2025-06-01,2026-08-01,shared_cluster
C09063,P00934,2025-06-01,2026-08-01,shared_cluster
C07794,P00934,2025-06-01,2026-08-01,shared_cluster
C08881,P00934,2025-06-01,2026-08-01,shared_cluster
C05981,P00934,2025-06-01,2026-08-01,shared_cluster
C09958,P00934,2025-06-01,2026-08-01,shared_cluster
C01244,P09925,2025-06-01,2026-08-01,shared_cluster
C06026,P09925,2025-06-01,2026-08-01,shared_cluster
C09512,P09925,2025-06-01,2026-08-01,shared_cluster
C06982,P09925,2025-06-01,2026-08-01,shared_cluster
C03610,P02148,2025-06-01,2026-08-01,shared_cluster
C06369,P02148,2025-06-01,2026-08-01,shared_cluster
C05152,P02148,2025-06-01,2026-08-01,shared_cluster
C07610,P02148,2025-06-01,2026-08-01,shared_cluster
C00096,P04339,2025-06-01,2026-08-01,shared_cluster
C03167,P04339,2025-06-01,2026-08-01,shared_cluster
C09726,P04339,2025-06-01,2026-08-01,shared_cluster
C00483,P04339,2025-06-01,2026-08-01,shared_cluster
C01028,P09981,2025-06-01,2026-08-01,shared_cluster
C06028,P09981,2025-06-01,2026-08-01,shared_cluster
C08874,P09981,2025-06-01,2026-08-01,shared_cluster
C00116,P01373,2025-06-01,2026-08-01,shared_cluster
C06524,P01373,2025-06-01,2026-08-01,shared_cluster
C03209,P01373,2025-06-01,2026-08-01,shared_cluster
C08573,P00120,2025-06-01,2026-08-01,shared_cluster
C02165,P00120,2025-06-01,2026-08-01,shared_cluster
C06764,P00120,2025-06-01,2026-08-01,shared_cluster
C06187,P03324,2025-06-01,2026-08-01,shared_cluster
C01786,P03324,2025-06-01,2026-08-01,shared_cluster
C01642,P03324,2025-06-01,2026-08-01,shared_cluster
C06482,P06552,2025-06-01,2026-08-01,shared_cluster
C09318,P06552,2025-06-01,2026-08-01,shared_cluster
C01664,P06552,2025-06-01,2026-08-01,shared_cluster
C02642,P02289,2025-06-01,2026-08-01,shared_cluster
C04943,P02289,2025-06-01,2026-08-01,shared_cluster
C04211,P00241,2025-06-01,2026-08-01,shared_cluster
C07567,P00241,2025-06-01,2026-08-01,shared_cluster
C05708,P00241,2025-06-01,2026-08-01,shared_cluster
C01097,P00241,2025-06-01,2026-08-01,shared_cluster
C04722,P00241,2025-06-01,2026-08-01,shared_cluster
C08824,P04320,2025-06-01,2026-08-01,shared_cluster
C09307,P04320,2025-06-01,2026-08-01,shared_cluster
C07719,P04320,2025-06-01,2026-08-01,shared_cluster
C00545,P04320,2025-06-01,2026-08-01,shared_cluster
C05715,P03768,2025-06-01,2026-08-01,shared_cluster
C07445,P03768,2025-06-01,2026-08-01,shared_cluster
C00114,P03768,2025-06-01,2026-08-01,shared_cluster
C04070,P03768,2025-06-01,2026-08-01,shared_cluster
C09239,P08414,2025-06-01,2026-08-01,shared_cluster
C06502,P08414,2025-06-01,2026-08-01,shared_cluster
C04785,P07290,2025-06-01,2026-08-01,shared_cluster
C01785,P07290,2025-06-01,2026-08-01,shared_cluster
C02819,P07996,2025-06-01,2026-08-01,shared_cluster
C06590,P07996,2025-06-01,2026-08-01,shared_cluster
C08853,P07996,2025-06-01,2026-08-01,shared_cluster
C07275,P07996,2025-06-01,2026-08-01,shared_cluster
C00936,P07996,2025-06-01,2026-08-01,shared_cluster
C05861,P07996,2025-06-01,2026-08-01,shared_cluster
C09326,P08646,2025-06-01,2026-08-01,shared_cluster
C03688,P08646,2025-06-01,2026-08-01,shared_cluster
C00872,P08646,2025-06-01,2026-08-01,shared_cluster
C02296,P08646,2025-06-01,2026-08-01,shared_cluster
C07035,P08646,2025-06-01,2026-08-01,shared_cluster
C00783,P03246,2025-06-01,2026-08-01,shared_cluster
C01440,P03246,2025-06-01,2026-08-01,shared_cluster
C02525,P03246,2025-06-01,2026-08-01,shared_cluster
C01292,P03246,2025-06-01,2026-08-01,shared_cluster
C07064,P05745,2025-06-01,2026-08-01,shared_cluster
C01963,P05745,2025-06-01,2026-08-01,shared_cluster
C00619,P05745,2025-06-01,2026-08-01,shared_cluster
C08831,P05745,2025-06-01,2026-08-01,shared_cluster
C00554,P03590,2025-06-01,2026-08-01,shared_cluster
C04143,P03590,2025-06-01,2026-08-01,shared_cluster
C07230,P03590,2025-06-01,2026-08-01,shared_cluster
C04390,P03590,2025-06-01,2026-08-01,shared_cluster
C09826,P03590,2025-06-01,2026-08-01,shared_cluster
C03307,P01206,2025-06-01,2026-08-01,shared_cluster
C07925,P01206,2025-06-01,2026-08-01,shared_cluster
C00331,P01206,2025-06-01,2026-08-01,shared_cluster
C06597,P01206,2025-06-01,2026-08-01,shared_cluster
C04086,P01206,2025-06-01,2026-08-01,shared_cluster
C04857,P03241,2025-06-01,2026-08-01,shared_cluster
C05063,P03241,2025-06-01,2026-08-01,shared_cluster
C01090,P03241,2025-06-01,2026-08-01,shared_cluster
C05204,P03241,2025-06-01,2026-08-01,shared_cluster
C02055,P03241,2025-06-01,2026-08-01,shared_cluster
C08179,P03241,2025-06-01,2026-08-01,shared_cluster
C09006,P06418,2025-06-01,2026-08-01,shared_cluster
C05728,P06418,2025-06-01,2026-08-01,shared_cluster
C03924,P06418,2025-06-01,2026-08-01,shared_cluster
C02421,P06418,2025-06-01,2026-08-01,shared_cluster
C04821,P06418,2025-06-01,2026-08-01,shared_cluster
C05231,P00394,2025-06-01,2026-08-01,shared_cluster
C02308,P00394,2025-06-01,2026-08-01,shared_cluster
C04907,P00394,2025-06-01,2026-08-01,shared_cluster
C07679,P00986,2025-06-01,2026-08-01,shared_cluster
C04633,P00986,2025-06-01,2026-08-01,shared_cluster
C03752,P00986,2025-06-01,2026-08-01,shared_cluster
C04792,P00986,2025-06-01,2026-08-01,shared_cluster
C08797,P00986,2025-06-01,2026-08-01,shared_cluster
C00402,P01598,2025-06-01,2026-08-01,shared_cluster
C04674,P01598,2025-06-01,2026-08-01,shared_cluster
C05111,P01598,2025-06-01,2026-08-01,shared_cluster
C00515,P07842,2025-06-01,2026-08-01,shared_cluster
C05824,P07842,2025-06-01,2026-08-01,shared_cluster
C02841,P07390,2025-06-01,2026-08-01,shared_cluster
C01504,P07390,2025-06-01,2026-08-01,shared_cluster
C00415,P07390,2025-06-01,2026-08-01,shared_cluster
C01983,P07390,2025-06-01,2026-08-01,shared_cluster
C03911,P07390,2025-06-01,2026-08-01,shared_cluster
C02058,P07390,2025-06-01,2026-08-01,shared_cluster
C06552,P05754,2025-06-01,2026-08-01,shared_cluster
C03207,P05754,2025-06-01,2026-08-01,shared_cluster
C07002,P05754,2025-06-01,2026-08-01,shared_cluster
C07714,P04381,2025-06-01,2026-08-01,shared_cluster
C03015,P04381,2025-06-01,2026-08-01,shared_cluster
C04922,P04381,2025-06-01,2026-08-01,shared_cluster
C04496,P02766,2025-06-01,2026-08-01,shared_cluster
C02099,P02766,2025-06-01,2026-08-01,shared_cluster
C01547,P02766,2025-06-01,2026-08-01,shared_cluster
C05413,P02104,2025-06-01,2026-08-01,shared_cluster
C00434,P02104,2025-06-01,2026-08-01,shared_cluster
C02697,P02104,2025-06-01,2026-08-01,shared_cluster
C06873,P02104,2025-06-01,2026-08-01,shared_cluster
C06450,P02104,2025-06-01,2026-08-01,shared_cluster
C04804,P07378,2025-06-01,2026-08-01,shared_cluster
C07117,P07378,2025-06-01,2026-08-01,shared_cluster
C09350,P07378,2025-06-01,2026-08-01,shared_cluster
C07791,P07378,2025-06-01,2026-08-01,shared_cluster
C01328,P07378,2025-06-01,2026-08-01,shared_cluster
C00039,P00427,2025-06-01,2026-08-01,shared_cluster
C05209,P00427,2025-06-01,2026-08-01,shared_cluster
C07744,P00427,2025-06-01,2026-08-01,shared_cluster
C04455,P04955,2025-06-01,2026-08-01,shared_cluster
C03453,P04955,2025-06-01,2026-08-01,shared_cluster
C05671,P04955,2025-06-01,2026-08-01,shared_cluster
C04056,P08016,2025-06-01,2026-08-01,shared_cluster
C03038,P08016,2025-06-01,2026-08-01,shared_cluster
C04337,P00061,2025-06-01,2026-08-01,shared_cluster
C06309,P00061,2025-06-01,2026-08-01,shared_cluster
C01061,P00061,2025-06-01,2026-08-01,shared_cluster
C02270,P00061,2025-06-01,2026-08-01,shared_cluster
C06311,P09919,2025-06-01,2026-08-01,shared_cluster
C06836,P09919,2025-06-01,2026-08-01,shared_cluster
C06346,P09919,2025-06-01,2026-08-01,shared_cluster
C04165,P09427,2025-06-01,2026-08-01,shared_cluster
C00833,P09427,2025-06-01,2026-08-01,shared_cluster
C01946,P09427,2025-06-01,2026-08-01,shared_cluster
C01757,P09427,2025-06-01,2026-08-01,shared_cluster
C03320,P07666,2025-06-01,2026-08-01,shared_cluster
C04399,P07666,2025-06-01,2026-08-01,shared_cluster
C06318,P07666,2025-06-01,2026-08-01,shared_cluster
C00630,P07666,2025-06-01,2026-08-01,shared_cluster
C05979,P07666,2025-06-01,2026-08-01,shared_cluster
C02748,P06224,2025-06-01,2026-08-01,shared_cluster
C03427,P06224,2025-06-01,2026-08-01,shared_cluster
C09215,P06224,2025-06-01,2026-08-01,shared_cluster
C03138,P06224,2025-06-01,2026-08-01,shared_cluster
C03536,P06224,2025-06-01,2026-08-01,shared_cluster
C06588,P06224,2025-06-01,2026-08-01,shared_cluster
C00349,P08585,2025-06-01,2026-08-01,shared_cluster
C07621,P08585,2025-06-01,2026-08-01,shared_cluster
C02821,P08585,2025-06-01,2026-08-01,shared_cluster
C06743,P08585,2025-06-01,2026-08-01,shared_cluster
C04626,P03456,2025-06-01,2026-08-01,shared_cluster
C07873,P03456,2025-06-01,2026-08-01,shared_cluster
C00662,P09719,2025-06-01,2026-08-01,shared_cluster
C03234,P09719,2025-06-01,2026-08-01,shared_cluster
C05527,P04886,2025-06-01,2026-08-01,shared_cluster
C04886,P04886,2025-06-01,2026-08-01,shared_cluster
C00169,P04886,2025-06-01,2026-08-01,shared_cluster
C04585,P03474,2025-06-01,2026-08-01,shared_cluster
C02379,P03474,2025-06-01,2026-08-01,shared_cluster
C01490,P03474,2025-06-01,2026-08-01,shared_cluster
C06906,P03565,2025-06-01,2026-08-01,shared_cluster
C09815,P03565,2025-06-01,2026-08-01,shared_cluster
C02236,P03565,2025-06-01,2026-08-01,shared_cluster
C01776,P03565,2025-06-01,2026-08-01,shared_cluster
C04291,P03565,2025-06-01,2026-08-01,shared_cluster
C08619,P03565,2025-06-01,2026-08-01,shared_cluster
C00388,P03774,2025-06-01,2026-08-01,shared_cluster
C04658,P03774,2025-06-01,2026-08-01,shared_cluster
C07608,P03774,2025-06-01,2026-08-01,shared_cluster
C09722,P00825,2025-06-01,2026-08-01,shared_cluster
C05205,P00825,2025-06-01,2026-08-01,shared_cluster
C08175,P05421,2025-06-01,2026-08-01,shared_cluster
C04150,P05421,2025-06-01,2026-08-01,shared_cluster
C08770,P05421,2025-06-01,2026-08-01,shared_cluster
C07733,P05421,2025-06-01,2026-08-01,shared_cluster
C02433,P00474,2025-06-01,2026-08-01,shared_cluster
C05469,P00474,2025-06-01,2026-08-01,shared_cluster
C07708,P00474,2025-06-01,2026-08-01,shared_cluster
C07053,P00474,2025-06-01,2026-08-01,shared_cluster
C02370,P00474,2025-06-01,2026-08-01,shared_cluster
C00450,P00029,2025-06-01,2026-08-01,shared_cluster
C06466,P00029,2025-06-01,2026-08-01,shared_cluster
C06226,P00029,2025-06-01,2026-08-01,shared_cluster
C07731,P08035,2025-06-01,2026-08-01,shared_cluster
C00369,P08035,2025-06-01,2026-08-01,shared_cluster
C06737,P08035,2025-06-01,2026-08-01,shared_cluster
C01723,P08035,2025-06-01,2026-08-01,shared_cluster
C07058,P08035,2025-06-01,2026-08-01,shared_cluster
C06824,P08035,2025-06-01,2026-08-01,shared_cluster
C02964,P00392,2025-06-01,2026-08-01,shared_cluster
C09069,P00392,2025-06-01,2026-08-01,shared_cluster
C03951,P00392,2025-06-01,2026-08-01,shared_cluster
C07008,P00823,2025-06-01,2026-08-01,shared_cluster
C06223,P00823,2025-06-01,2026-08-01,shared_cluster
C02768,P00823,2025-06-01,2026-08-01,shared_cluster
C04152,P00823,2025-06-01,2026-08-01,shared_cluster
C04118,P00823,2025-06-01,2026-08-01,shared_cluster
C06728,P05853,2025-06-01,2026-08-01,shared_cluster
C05023,P05853,2025-06-01,2026-08-01,shared_cluster
C02075,P01374,2025-06-01,2026-08-01,shared_cluster
C00705,P01374,2025-06-01,2026-08-01,shared_cluster
C05778,P01374,2025-06-01,2026-08-01,shared_cluster
C00795,P01374,2025-06-01,2026-08-01,shared_cluster
C07692,P01374,2025-06-01,2026-08-01,shared_cluster
C05723,P07130,2025-06-01,2026-08-01,shared_cluster
C02936,P07130,2025-06-01,2026-08-01,shared_cluster
C01630,P07130,2025-06-01,2026-08-01,shared_cluster
C03788,P07130,2025-06-01,2026-08-01,shared_cluster
C01245,P07130,2025-06-01,2026-08-01,shared_cluster
C03233,P07130,2025-06-01,2026-08-01,shared_cluster
C00768,P01919,2025-06-01,2026-08-01,shared_cluster
C06461,P01919,2025-06-01,2026-08-01,shared_cluster
C04624,P01919,2025-06-01,2026-08-01,shared_cluster
C07908,P07863,2025-06-01,2026-08-01,shared_cluster
C07166,P07863,2025-06-01,2026-08-01,shared_cluster
C02598,P07863,2025-06-01,2026-08-01,shared_cluster
C01908,P07863,2025-06-01,2026-08-01,shared_cluster
C03616,P08085,2025-06-01,2026-08-01,shared_cluster
C07716,P08085,2025-06-01,2026-08-01,shared_cluster
C02021,P08085,2025-06-01,2026-08-01,shared_cluster
C05712,P08085,2025-06-01,2026-08-01,shared_cluster
C06950,P03736,2025-06-01,2026-08-01,shared_cluster
C07642,P03736,2025-06-01,2026-08-01,shared_cluster
C09671,P03736,2025-06-01,2026-08-01,shared_cluster
C06338,P07996,2025-06-01,2026-08-01,shared_cluster
C02008,P07996,2025-06-01,2026-08-01,shared_cluster
C07312,P07996,2025-06-01,2026-08-01,shared_cluster
C01306,P07996,2025-06-01,2026-08-01,shared_cluster
C08581,P00574,2025-06-01,2026-08-01,shared_cluster
C05826,P00574,2025-06-01,2026-08-01,shared_cluster
C01041,P00574,2025-06-01,2026-08-01,shared_cluster
C03159,P00574,2025-06-01,2026-08-01,shared_cluster
C07162,P00574,2025-06-01,2026-08-01,shared_cluster
C09583,P03758,2025-06-01,2026-08-01,shared_cluster
C05489,P03758,2025-06-01,2026-08-01,shared_cluster
C04567,P03758,2025-06-01,2026-08-01,shared_cluster
C01980,P03758,2025-06-01,2026-08-01,shared_cluster
C05781,P03758,2025-06-01,2026-08-01,shared_cluster
C07470,P03758,2025-06-01,2026-08-01,shared_cluster
C05356,P07503,2025-06-01,2026-08-01,shared_cluster
C09211,P07503,2025-06-01,2026-08-01,shared_cluster
C02105,P07503,2025-06-01,2026-08-01,shared_cluster
C00446,P06321,2025-06-01,2026-08-01,shared_cluster
C00188,P06321,2025-06-01,2026-08-01,shared_cluster
C04837,P06321,2025-06-01,2026-08-01,shared_cluster
C08422,P08984,2025-06-01,2026-08-01,shared_cluster
C06696,P08984,2025-06-01,2026-08-01,shared_cluster
C01926,P08984,2025-06-01,2026-08-01,shared_cluster
C08420,P08984,2025-06-01,2026-08-01,shared_cluster
C09500,P08984,2025-06-01,2026-08-01,shared_cluster
C08893,P01551,2025-06-01,2026-08-01,shared_cluster
C03575,P01551,2025-06-01,2026-08-01,shared_cluster
C08631,P03785,2025-06-01,2026-08-01,shared_cluster
C07304,P03785,2025-06-01,2026-08-01,shared_cluster
C05000,P03785,2025-06-01,2026-08-01,shared_cluster
C01764,P03785,2025-06-01,2026-08-01,shared_cluster
C03944,P05081,2025-06-01,2026-08-01,shared_cluster
C04309,P05081,2025-06-01,2026-08-01,shared_cluster
C02551,P05081,2025-06-01,2026-08-01,shared_cluster
C09714,P05081,2025-06-01,2026-08-01,shared_cluster
C05144,P05081,2025-06-01,2026-08-01,shared_cluster
C07543,P01146,2025-06-01,2026-08-01,shared_cluster
C07416,P01146,2025-06-01,2026-08-01,shared_cluster
C08714,P03844,2025-06-01,2026-08-01,shared_cluster
C01721,P03844,2025-06-01,2026-08-01,shared_cluster
C07084,P03844,2025-06-01,2026-08-01,shared_cluster
C00319,P03844,2025-06-01,2026-08-01,shared_cluster
C08733,P07728,2025-06-01,2026-08-01,shared_cluster
C01531,P07728,2025-06-01,2026-08-01,shared_cluster
C04243,P07728,2025-06-01,2026-08-01,shared_cluster
C06985,P07728,2025-06-01,2026-08-01,shared_cluster
C00672,P07728,2025-06-01,2026-08-01,shared_cluster
C00842,P07728,2025-06-01,2026-08-01,shared_cluster
C08238,P06029,2025-06-01,2026-08-01,shared_cluster
C00920,P06029,2025-06-01,2026-08-01,shared_cluster
C07727,P06029,2025-06-01,2026-08-01,shared_cluster
C03877,P06029,2025-06-01,2026-08-01,shared_cluster
C09648,P06029,2025-06-01,2026-08-01,shared_cluster
C05950,P06029,2025-06-01,2026-08-01,shared_cluster
C03350,P01693,2025-06-01,2026-08-01,shared_cluster
C03810,P01693,2025-06-01,2026-08-01,shared_cluster
C01568,P01693,2025-06-01,2026-08-01,shared_cluster
C02301,P03071,2025-06-01,2026-08-01,shared_cluster
C03021,P03071,2025-06-01,2026-08-01,shared_cluster
C07151,P03071,2025-06-01,2026-08-01,shared_cluster
C09498,P03071,2025-06-01,2026-08-01,shared_cluster
C08869,P03071,2025-06-01,2026-08-01,shared_cluster
C08256,P03071,2025-06-01,2026-08-01,shared_cluster
C06240,P08796,2025-06-01,2026-08-01,shared_cluster
C08445,P08796,2025-06-01,2026-08-01,shared_cluster
C04751,P08796,2025-06-01,2026-08-01,shared_cluster
C09231,P08796,2025-06-01,2026-08-01,shared_cluster
C03811,P08796,2025-06-01,2026-08-01,shared_cluster
C06284,P08796,2025-06-01,2026-08-01,shared_cluster
C09829,P06744,2025-06-01,2026-08-01,shared_cluster
C01497,P06744,2025-06-01,2026-08-01,shared_cluster
C09229,P06744,2025-06-01,2026-08-01,shared_cluster
C07520,P06744,2025-06-01,2026-08-01,shared_cluster
C08655,P06744,2025-06-01,2026-08-01,shared_cluster
C07683,P06744,2025-06-01,2026-08-01,shared_cluster
C05639,P03000,2025-06-01,2026-08-01,shared_cluster
C01234,P03000,2025-06-01,2026-08-01,shared_cluster
C08131,P03000,2025-06-01,2026-08-01,shared_cluster
C09743,P01131,2025-06-01,2026-08-01,shared_cluster
C09751,P01131,2025-06-01,2026-08-01,shared_cluster
C07600,P01131,2025-06-01,2026-08-01,shared_cluster
C09734,P01131,2025-06-01,2026-08-01,shared_cluster
C01612,P01131,2025-06-01,2026-08-01,shared_cluster
C01037,P01131,2025-06-01,2026-08-01,shared_cluster
C02665,P04700,2025-06-01,2026-08-01,shared_cluster
C02102,P04700,2025-06-01,2026-08-01,shared_cluster
C06667,P04700,2025-06-01,2026-08-01,shared_cluster
C04663,P09081,2025-06-01,2026-08-01,shared_cluster
C03787,P09081,2025-06-01,2026-08-01,shared_cluster
C06708,P05767,2025-06-01,2026-08-01,shared_cluster
C01982,P05767,2025-06-01,2026-08-01,shared_cluster
C05822,P05767,2025-06-01,2026-08-01,shared_cluster
C09521,P05767,2025-06-01,2026-08-01,shared_cluster
C02654,P08854,2025-06-01,2026-08-01,shared_cluster
C03109,P08854,2025-06-01,2026-08-01,shared_cluster
C00720,P08854,2025-06-01,2026-08-01,shared_cluster
C06150,P08854,2025-06-01,2026-08-01,shared_cluster
C06533,P08854,2025-06-01,2026-08-01,shared_cluster
C00484,P08854,2025-06-01,2026-08-01,shared_cluster
C00602,P02219,2025-06-01,2026-08-01,shared_cluster
C05351,P02219,2025-06-01,2026-08-01,shared_cluster
C06286,P02219,2025-06-01,2026-08-01,shared_cluster
C05460,P02219,2025-06-01,2026-08-01,shared_cluster
C02486,P02219,2025-06-01,2026-08-01,shared_cluster
C09345,P00245,2025-06-01,2026-08-01,shared_cluster
C07041,P00245,2025-06-01,2026-08-01,shared_cluster
C04978,P08980,2025-06-01,2026-08-01,shared_cluster
C04429,P08980,2025-06-01,2026-08-01,shared_cluster
C02491,P08980,2025-06-01,2026-08-01,shared_cluster
C00586,P04579,2025-06-01,2026-08-01,shared_cluster
C02765,P04579,2025-06-01,2026-08-01,shared_cluster
C07050,P04579,2025-06-01,2026-08-01,shared_cluster
C09540,P04579,2025-06-01,2026-08-01,shared_cluster
C03758,P04579,2025-06-01,2026-08-01,shared_cluster
C09421,P04579,2025-06-01,2026-08-01,shared_cluster
C06625,P05944,2025-06-01,2026-08-01,shared_cluster
C02804,P05944,2025-06-01,2026-08-01,shared_cluster
C05512,P05944,2025-06-01,2026-08-01,shared_cluster
C02856,P02216,2025-06-01,2026-08-01,shared_cluster
C05349,P02216,2025-06-01,2026-08-01,shared_cluster
C04813,P02216,2025-06-01,2026-08-01,shared_cluster
C07981,P02216,2025-06-01,2026-08-01,shared_cluster
C02896,P02216,2025-06-01,2026-08-01,shared_cluster
C05457,P02216,2025-06-01,2026-08-01,shared_cluster
C08271,P08859,2025-06-01,2026-08-01,shared_cluster
C00726,P08859,2025-06-01,2026-08-01,shared_cluster
C00127,P01138,2025-06-01,2026-08-01,shared_cluster
C05275,P01138,2025-06-01,2026-08-01,shared_cluster
C08145,P06383,2025-06-01,2026-08-01,shared_cluster
C05186,P06383,2025-06-01,2026-08-01,shared_cluster
C04063,P06383,2025-06-01,2026-08-01,shared_cluster
C05180,P02341,2025-06-01,2026-08-01,shared_cluster
C07139,P02341,2025-06-01,2026-08-01,shared_cluster
C03884,P02341,2025-06-01,2026-08-01,shared_cluster
C03706,P03009,2025-06-01,2026-08-01,shared_cluster
C01212,P03009,2025-06-01,2026-08-01,shared_cluster
C00576,P03009,2025-06-01,2026-08-01,shared_cluster
C06135,P03009,2025-06-01,2026-08-01,shared_cluster
C09405,P06743,2025-06-01,2026-08-01,shared_cluster
C07490,P06743,2025-06-01,2026-08-01,shared_cluster
C09761,P06743,2025-06-01,2026-08-01,shared_cluster
C00400,P06743,2025-06-01,2026-08-01,shared_cluster
C07643,P06743,2025-06-01,2026-08-01,shared_cluster
C06714,P08046,2025-06-01,2026-08-01,shared_cluster
C05666,P08046,2025-06-01,2026-08-01,shared_cluster
C01978,P05538,2025-06-01,2026-08-01,shared_cluster
C04867,P05538,2025-06-01,2026-08-01,shared_cluster
C05096,P05538,2025-06-01,2026-08-01,shared_cluster
C08091,P05538,2025-06-01,2026-08-01,shared_cluster
C02938,P05538,2025-06-01,2026-08-01,shared_cluster
C06968,P02165,2025-06-01,2026-08-01,shared_cluster
C04945,P02165,2025-06-01,2026-08-01,shared_cluster
C04773,P02165,2025-06-01,2026-08-01,shared_cluster
C03003,P02165,2025-06-01,2026-08-01,shared_cluster
C07271,P09003,2025-06-01,2026-08-01,shared_cluster
C06422,P09003,2025-06-01,2026-08-01,shared_cluster
C05084,P09003,2025-06-01,2026-08-01,shared_cluster
C07038,P09003,2025-06-01,2026-08-01,shared_cluster
C00476,P09003,2025-06-01,2026-08-01,shared_cluster
C04435,P03043,2025-06-01,2026-08-01,shared_cluster
C02342,P03043,2025-06-01,2026-08-01,shared_cluster
C01012,P03043,2025-06-01,2026-08-01,shared_cluster
C02752,P03043,2025-06-01,2026-08-01,shared_cluster
C03007,P09488,2025-06-01,2026-08-01,shared_cluster
C05032,P09488,2025-06-01,2026-08-01,shared_cluster
C06704,P09488,2025-06-01,2026-08-01,shared_cluster
C09762,P09488,2025-06-01,2026-08-01,shared_cluster
C04992,P09488,2025-06-01,2026-08-01,shared_cluster
C00431,P06192,2025-06-01,2026-08-01,shared_cluster
C08193,P06192,2025-06-01,2026-08-01,shared_cluster
C06473,P06192,2025-06-01,2026-08-01,shared_cluster
C08241,P06192,2025-06-01,2026-08-01,shared_cluster
C04582,P06192,2025-06-01,2026-08-01,shared_cluster
C02949,P06192,2025-06-01,2026-08-01,shared_cluster
C00664,P05167,2025-06-01,2026-08-01,shared_cluster
C07941,P05167,2025-06-01,2026-08-01,shared_cluster
C06227,P06865,2025-06-01,2026-08-01,shared_cluster
C03602,P06865,2025-06-01,2026-08-01,shared_cluster
C07726,P06865,2025-06-01,2026-08-01,shared_cluster
C00133,P08167,2025-06-01,2026-08-01,shared_cluster
C05400,P08167,2025-06-01,2026-08-01,shared_cluster
C07604,P08167,2025-06-01,2026-08-01,shared_cluster
C09456,P08167,2025-06-01,2026-08-01,shared_cluster
C07535,P08167,2025-06-01,2026-08-01,shared_cluster
C08382,P08167,2025-06-01,2026-08-01,shared_cluster
