device_id,device_fingerprint,first_seen_date
D00001,fp_2de46e91e8e6e840,2025-02-01
D00002,fp_18a806efeb053fc4,2025-09-01
D00003,fp_3db02235261e2555,2025-04-01
D00004,fp_86c5d1d69ea9f508,2025-05-01
D00005,fp_5abca6e5d0b1e3eb,2025-05-01
D00006,fp_659b0105cb80f288,2025-02-01
D00007,fp_f5948a545f804eeb,2025-07-01
D00008,fp_90a3fbbf7580e050,2025-04-01
D00009,fp_b27e1442fd7fe973,2025-04-01
D00010,fp_af1d5a1a4ccb2355,2025-02-01
D00011,fp_fdde64afa75b395a,2025-11-01
D00012,fp_081c79d4c27437eb,2025-02-01
D00013,fp_6117727067c0518b,2025-07-01
D00014,fp_79db78628d7dd772,2025-01-01
D00015,fp_026b5383a301ec03,2025-12-01
D00016,fp_152aeaec2bdfcb41,2025-08-01
D00017,fp_6f14b3f6d867888b,2025-11-01
D00018,fp_54ce26bec8cce2c2,2025-10-01
D00019,fp_dba3496ffa323f69,2025-02-01
D00020,fp_873570a2e5110961,2025-01-01
D00021,fp_361f6d903ad1fa33,2025-12-01
D00022,fp_9118c400e336c243,2025-08-01
D00023,fp_0beb7c3445667c48,2025-02-01
D00024,fp_ecf32053af36b8cc,2025-05-01
D00025,fp_8b040f53e63949d4,2025-10-01
D00026,fp_086c405fa879d8f8,2025-03-01
D00027,fp_d9b59f84edc3a1c3,2025-06-01
D00028,fp_f622d84204022b3c,2025-04-01
D00029,fp_24e9bcfd9647ff9f,2025-12-01
D00030,fp_65f6ba53d226a8b3,2025-02-01
D00031,fp_299656e24c9d6907,2025-10-01
D00032,fp_9112fbc03d8f95f4,2025-07-01
D00033,fp_e582b678ad5229dd,2025-09-01
D00034,fp_6243bed754ec3f33,2025-12-01
D00035,fp_ca5e151b23d3cd4c,2025-12-01
D00036,fp_1413d64db962c8a7,2025-09-01
D00037,fp_f96d40f8bed63da0,2025-06-01
D00038,fp_1901ef870dbf0caf,2025-07-01
D00039,fp_d6b361e43b6dca0d,2025-02-01
D00040,fp_9aec56a857311609,2025-10-01
D00041,fp_9879cf35f4719986,2025-07-01
D00042,fp_c607b1e9f80b2cea,2025-06-01
D00043,fp_a255e1bb07958c1f,2025-05-01
D00044,fp_fe1a1ba9c8969c5b,2025-08-01
D00045,fp_3a67470c7d98302f,2025-06-01
D00046,fp_f0eebcce8d93e14a,2025-07-01
D00047,fp_2f8c83e56e8d9644,2025-11-01
D00048,fp_a921cb4c95fbe976,2025-07-01
D00049,fp_c5acc35415f00cb4,2025-10-01
D00050,fp_cc4d58194b9dfd58,2025-04-01
D00051,fp_12d15585b68e47fa,2025-02-01
D00052,fp_277b06674499d0a6,2025-07-01
D00053,fp_c8ad0899b630794d,2025-11-01
D00054,fp_bd5a0c9e277eb0aa,2025-07-01
D00055,fp_5c56d9bc5111d31d,2025-02-01
D00056,fp_01547950176de21f,2025-05-01
D00057,fp_5c238d8d71da35b9,2025-05-01
D00058,fp_21ebfaa91a2bd69c,2025-02-01
D00059,fp_6e54ac6d2ff8e87e,2025-08-01
D00060,fp_8e0370cf8e969227,2025-09-01
D00061,fp_1a7167c768759545,2025-01-01
D00062,fp_5a9a206a16f142a2,2025-09-01
D00063,fp_98d00c2c17d30f32,2025-10-01
D00064,fp_530ddda6c8d0f9e5,2025-07-01
D00065,fp_4ab6821c0328c136,2025-07-01
D00066,fp_c777a07f6346d4ef,2025-02-01
D00067,fp_e6b0da0ab98f5dbe,2025-09-01
D00068,fp_fe2390f3e7bbaefc,2025-04-01
D00069,fp_85671b58926bffa5,2025-03-01
D00070,fp_6177a771af70de70,2025-03-01
D00071,fp_44d7df9a238b05b7,2025-05-01
D00072,fp_7e3d5ee444b64ec1,2025-03-01
D00073,fp_2ace1aa9103246b3,2025-07-01
D00074,fp_6bcd5ce746a56fe8,2025-05-01
D00075,fp_c85cd7147bf69552,2025-02-01
D00076,fp_406f64d65c72aebd,2025-04-01
D00077,fp_a002352ab88cddde,2025-08-01
D00078,fp_9dde01889803b22e,2025-04-01
D00079,fp_1b628a9d75366b9f,2025-03-01
D00080,fp_01bb819c4dfe1117,2025-07-01
D00081,fp_d773f98d550c2fe9,2025-10-01
D00082,fp_cdd7f460614077d3,2025-06-01
D00083,fp_55b145e470b27304,2025-07-01
D00084,fp_d2d33488d0c30018,2025-11-01
D00085,fp_982a2277f966d59f,2025-03-01
D00086,fp_52171c884ce953a7,2025-10-01
D00087,fp_b1fead13f280df1d,2025-04-01
D00088,fp_506e50c77aa061e9,2025-03-01
D00089,fp_65f30779f6ee5cdb,2025-06-01
D00090,fp_bc20b9f24a9c589e,2025-12-01
D00091,fp_7db2a7aaa205e54f,2025-10-01
D00092,fp_3e0f84cec82f78fd,2025-06-01
D00093,fp_47c1c01760452909,2025-07-01
D00094,fp_1d27c09a5d71a898,2025-10-01
D00095,fp_979c30cf33261887,2025-09-01
D00096,fp_ae84b81c2e0fb5b3,2025-09-01
D00097,fp_f3f81c3106e3f949,2025-12-01
D00098,fp_f166cdcf762cdfbc,2025-12-01
D00099,fp_703e957f35ab8466,2025-05-01
D00100,fp_b15da72dd4cee27c,2025-02-01
D00101,fp_d908a121d1a7ba20,2025-07-01
D00102,fp_7fd255eeac484366,2025-03-01
D00103,fp_4d8670bda2224f96,2025-04-01
D00104,fp_a89e22f240afbf3f,2025-03-01
D00105,fp_6c521d13b719bb68,2025-07-01
D00106,fp_72f6095812ef6101,2025-10-01
D00107,fp_950df1a07aaf2001,2025-07-01
D00108,fp_81b15db988cc4d49,2025-12-01
D00109,fp_8b2c550a6b15c11b,2025-01-01
D00110,fp_f7eae66eca6caf9b,2025-06-01
D00111,fp_e53f9644b39e4df2,2025-09-01
D00112,fp_a35fc9c198049562,2025-02-01
D00113,fp_c4da2c2e1bffa279,2025-04-01
D00114,fp_aa2960fda85894df,2025-06-01
D00115,fp_a5a1c8252a9528c3,2025-10-01
D00116,fp_902f34650b570720,2025-11-01
D00117,fp_a590fd3cad6ecc57,2025-07-01
D00118,fp_c0afd193f780ef2f,2025-06-01
D00119,fp_cbd5cc86f73936e9,2025-07-01
D00120,fp_02b342541b1f2eb1,2025-02-01
D00121,fp_38d5101f423cad9d,2025-09-01
D00122,fp_84cfee39bf31c29f,2025-09-01
D00123,fp_b00ac64c949cd8d4,2025-10-01
D00124,fp_721e8b1f38958939,2025-06-01
D00125,fp_768b4f7e64215e66,2025-11-01
D00126,fp_b0c07fcc96add4df,2025-09-01
D00127,fp_584fc85b2697384d,2025-01-01
D00128,fp_1ac3bf317b96e2d1,2025-05-01
D00129,fp_eba900e16a7d5d96,2025-02-01
D00130,fp_d4d13d551db6b844,2025-12-01
D00131,fp_592c11072444d301,2025-05-01
D00132,fp_7490adeb57d337d3,2025-04-01
D00133,fp_7ba109d08567c805,2025-06-01
D00134,fp_18fdd2b979e5c9aa,2025-08-01
D00135,fp_b25f13dfb8d49848,2025-08-01
D00136,fp_1132567c51a40d2a,2025-05-01
D00137,fp_cf6858780b705933,2025-12-01
D00138,fp_05c8234b1d763a66,2025-06-01
D00139,fp_1bff3142a5e15b55,2025-11-01
D00140,fp_2a131c1fccd015c1,2025-12-01
D00141,fp_84182d353e711433,2025-03-01
D00142,fp_28fea7618d49fe3f,2025-06-01
D00143,fp_6d268b378f5242d3,2025-08-01
D00144,fp_cc39b9253b5ae288,2025-07-01
D00145,fp_2f383b43a137f8e4,2025-03-01
D00146,fp_a84554c3a3f66c61,2025-07-01
D00147,fp_0779250a6544e313,2025-12-01
D00148,fp_e212ab7c9d361cb6,2025-04-01
D00149,fp_979aa0517317591a,2025-07-01
D00150,fp_0123a348638abdf6,2025-12-01
D00151,fp_34ae4abd36fce0ac,2025-05-01
D00152,fp_b4299924c0986750,2025-02-01
D00153,fp_1a0c6c0493cd1291,2025-09-01
D00154,fp_5da49cb92fdc9992,2025-06-01
D00155,fp_75220646327375bf,2025-02-01
D00156,fp_abb316a743299780,2025-08-01
D00157,fp_f7464c02871854c1,2025-11-01
D00158,fp_98d3148b503b4078,2025-07-01
D00159,fp_647dc3929c7eb575,2025-10-01
D00160,fp_591196dc1d3e503a,2025-06-01
D00161,fp_753659efd873dad9,2025-10-01
D00162,fp_d051267f2c2ac34b,2025-11-01
D00163,fp_ccf4ffb0b4bba73f,2025-05-01
D00164,fp_9d4edb71eb2ec80e,2025-10-01
D00165,fp_ac0f680115b24e1d,2025-03-01
D00166,fp_1e2c2e7d502cf0ee,2025-04-01
D00167,fp_1df05d184e2d6255,2025-03-01
D00168,fp_b1850eb85f90fc87,2025-03-01
D00169,fp_6372542482c56b21,2025-07-01
D00170,fp_234b456298af5cca,2025-10-01
D00171,fp_6c4c450b623ad0fc,2025-03-01
D00172,fp_a2b03c4b7c966b55,2025-09-01
D00173,fp_eb4e2281b184d1fc,2025-11-01
D00174,fp_fff96acfee4205ee,2025-03-01
D00175,fp_2ab7b2ef8e0ec033,2025-08-01
D00176,fp_23ea795649f1137d,2025-03-01
D00177,fp_d78c57d3508850d3,2025-08-01
D00178,fp_0db977a99e91a71c,2025-06-01
D00179,fp_02740f73f3abea0d,2025-08-01
D00180,fp_31f3f0c022f3f068,2025-07-01
D00181,fp_8fc3d7d3f6bd80c7,2025-09-01
D00182,fp_7eb6581ea72f947d,2025-07-01
D00183,fp_7de1bf5daf4847f0,2025-07-01
D00184,fp_d703262fb5cbe3f5,2025-08-01
D00185,fp_2ad11fe87d1b695e,2025-02-01
D00186,fp_07e67cb090bde900,2025-04-01
D00187,fp_085eb4894ac66780,2025-05-01
D00188,fp_89a0b7eb398f569b,2025-05-01
D00189,fp_c7de96ea2b0fbe44,2025-08-01
D00190,fp_be15ad1290ce77e9,2025-08-01
D00191,fp_82c42e488cbadae5,2025-02-01
D00192,fp_1d3ca5a4929d6377,2025-05-01
D00193,fp_8b0901abc66dceb3,2025-06-01
D00194,fp_d296a12d8ac35ac4,2025-01-01
D00195,fp_b80f16c5c28fa16b,2025-08-01
D00196,fp_37f25d368bddcee3,2025-07-01
D00197,fp_bc69c1551a37f6bd,2025-11-01
D00198,fp_3f5e3b8cc0582da5,2025-05-01
D00199,fp_ffd2f491dff389aa,2025-01-01
D00200,fp_4347dbca7321a8b2,2025-06-01
D00201,fp_d1151fffdcb91d5f,2025-02-01
D00202,fp_dd83ad037066e289,2025-02-01
D00203,fp_cfd7f3b9c68fcba5,2025-04-01
D00204,fp_cf8a368e35ba9357,2025-12-01
D00205,fp_b06b0f0c96822e22,2025-06-01
D00206,fp_b5f3f8aadc6dafff,2025-10-01
D00207,fp_6d9c5b50a1fd4187,2025-03-01
D00208,fp_23a4e70e9dbc15c0,2025-04-01
D00209,fp_34fa32b6d0437e4c,2025-01-01
D00210,fp_59cf0b0d91f0647d,2025-09-01
D00211,fp_98cbaa5247f53019,2025-09-01
D00212,fp_52daf6812b1ac76c,2025-12-01
D00213,fp_4a11be444aea1b8f,2025-10-01
D00214,fp_f3d04ffb44709848,2025-09-01
D00215,fp_e67093a0fc48f615,2025-11-01
D00216,fp_1860ad28d0afb235,2025-03-01
D00217,fp_c0062b5bf67839b2,2025-07-01
D00218,fp_0f2d5c15eb346d3a,2025-05-01
D00219,fp_a7e8d18eddf6d4ac,2025-03-01
D00220,fp_ddb7570eb390b059,2025-03-01
D00221,fp_257035db3fead90a,2025-12-01
D00222,fp_d41762305274ee11,2025-04-01
D00223,fp_d7f34368c2efeecb,2025-11-01
D00224,fp_7d4d2add64880945,2025-03-01
D00225,fp_a1e518a293d228d4,2025-05-01
D00226,fp_6a0aa7d5a0b85755,2025-07-01
D00227,fp_135508d073b5bad5,2025-11-01
D00228,fp_e14fe093cb6ad0c7,2025-02-01
D00229,fp_83ff3e9667213a70,2025-12-01
D00230,fp_b1d818874739cc7b,2025-06-01
D00231,fp_f343d9eb7466ef02,2025-08-01
D00232,fp_94fb09f053c93ae7,2025-01-01
D00233,fp_c62dbaeade70bd30,2025-12-01
D00234,fp_bb1e5ae817d821b8,2025-08-01
D00235,fp_aa055442a284e8fd,2025-12-01
D00236,fp_d9a090075bb47c18,2025-02-01
D00237,fp_88d00abdcbb18c79,2025-07-01
D00238,fp_f7d7465d37c3b3c9,2025-07-01
D00239,fp_363be5cbd3293724,2025-08-01
D00240,fp_52a74a4144bed486,2025-05-01
D00241,fp_8c1c8b0556771f36,2025-10-01
D00242,fp_90eeb067216e9fe5,2025-08-01
D00243,fp_57ff51d9c9ce44bd,2025-11-01
D00244,fp_0c648ca2c3231466,2025-01-01
D00245,fp_a04d4d14197dbae1,2025-08-01
D00246,fp_1fce01e3042b03ca,2025-03-01
D00247,fp_74de5f7070f81dba,2025-01-01
D00248,fp_f54191eafde91c42,2025-07-01
D00249,fp_fee5ce6933cb202e,2025-12-01
D00250,fp_21c50e41e8cee951,2025-11-01
D00251,fp_28b2bf214d470ed6,2025-05-01
D00252,fp_a79313b817e52113,2025-06-01
D00253,fp_1519830c40198303,2025-06-01
D00254,fp_e75f745aaa1d3fc6,2025-11-01
D00255,fp_0d41ee472a5fda18,2025-07-01
D00256,fp_4e35da80a0279a18,2025-12-01
D00257,fp_c156e501b30e96e8,2025-04-01
D00258,fp_a7cde1436de21429,2025-02-01
D00259,fp_185df528b4258e19,2025-01-01
D00260,fp_7a10013f36a2c52b,2025-02-01
D00261,fp_97fb613a21f89d06,2025-04-01
D00262,fp_ae13591e84fa4c72,2025-08-01
D00263,fp_021063710260a123,2025-12-01
D00264,fp_d12e0eb557f479b5,2025-02-01
D00265,fp_dc3f42e0fcf7b842,2025-07-01
D00266,fp_21d63b0fb1ac040d,2025-08-01
D00267,fp_3a9c43081221cddf,2025-07-01
D00268,fp_bb134f0216de66c9,2025-02-01
D00269,fp_5037cd6b1a6b6a7d,2025-06-01
D00270,fp_4c9bff5ce1887eaf,2025-03-01
D00271,fp_c601818b61fa01ba,2025-03-01
D00272,fp_fe31537aa43e558c,2025-11-01
D00273,fp_11836c4f249204c7,2025-09-01
D00274,fp_022b66839033da65,2025-10-01
D00275,fp_2a038ad4a667b982,2025-08-01
D00276,fp_b8f14e3c59e7703a,2025-04-01
D00277,fp_bf8e8bfaa0c9da72,2025-03-01
D00278,fp_6965d1d1eb7e2e64,2025-10-01
D00279,fp_714011a1afc2ccfc,2025-04-01
D00280,fp_e5871d8916312fc6,2025-02-01
D00281,fp_c0a0473a23d7e6a1,2025-02-01
D00282,fp_bae1e13796ee50e5,2025-07-01
D00283,fp_f69777a159fe3d53,2025-07-01
D00284,fp_ca84000350834fef,2025-03-01
D00285,fp_46e75a2c3f6eed9d,2025-11-01
D00286,fp_3f87dfc2159152f2,2025-09-01
D00287,fp_999a1d8699db1302,2025-12-01
D00288,fp_48f091f09b8b38ae,2025-12-01
D00289,fp_d90f74e906ddf6ca,2025-11-01
D00290,fp_4d38e415e03635fc,2025-04-01
D00291,fp_9b5f8f39848b34f0,2025-09-01
D00292,fp_bf72ae52304b2370,2025-07-01
D00293,fp_a56b61e04ba8a4ca,2025-01-01
D00294,fp_e5dd98f1c8a738ab,2025-04-01
D00295,fp_62c965b27eb0f62a,2025-02-01
D00296,fp_7fe4a42e3db788a6,2025-11-01
D00297,fp_122dd7be980bc81e,2025-09-01
D00298,fp_fa4a58efe3837348,2025-01-01
D00299,fp_5c70ee97fca45567,2025-06-01
D00300,fp_6307d4d121c9a15d,2025-10-01
D00301,fp_5d8babd76bbdb66f,2025-09-01
D00302,fp_2c3aacdcaed54a46,2025-08-01
D00303,fp_fcc4091bf45707c6,2025-02-01
D00304,fp_965d744f0445c1a8,2025-02-01
D00305,fp_431e930f0387f74d,2025-04-01
D00306,fp_ec2e28150a3217d2,2025-01-01
D00307,fp_ca0ee8c4f2dcb12b,2025-07-01
D00308,fp_495743a281b13b80,2025-11-01
D00309,fp_8044beb2b66edbf4,2025-07-01
D00310,fp_b3a9dcaa6c6f6d2e,2025-07-01
D00311,fp_a3fa40691519fd38,2025-09-01
D00312,fp_9db5428389a3c811,2025-03-01
D00313,fp_15669e364708203b,2025-05-01
D00314,fp_82e4dd4a143ac1c5,2025-04-01
D00315,fp_cedd069df96c9a0a,2025-03-01
D00316,fp_53a5e8508950ddd6,2025-07-01
D00317,fp_a2611b8d9620bee6,2025-11-01
D00318,fp_a4a5c736ae59aa52,2025-02-01
D00319,fp_b2dc6c344f67448e,2025-07-01
D00320,fp_f413db19bade8d5d,2025-04-01
D00321,fp_3e9639ba0ed2ec9d,2025-02-01
D00322,fp_6f3a5115ecb4678c,2025-02-01
D00323,fp_9cbf7b8c74102d5d,2025-10-01
D00324,fp_4f2da2330e165b12,2025-11-01
D00325,fp_a8761e85bddfa03a,2025-12-01
D00326,fp_1e93d1272cf72140,2025-01-01
D00327,fp_23204ff5b538f96c,2025-12-01
D00328,fp_29f0ef7c02e7df89,2025-08-01
D00329,fp_58c1aad6f3f8dea4,2025-09-01
D00330,fp_c871d7b38468b74d,2025-12-01
D00331,fp_2abe1585425e0259,2025-06-01
D00332,fp_bff15840207e863f,2025-05-01
D00333,fp_e2ec13f4bba1aed9,2025-02-01
D00334,fp_e65fad87c57c7498,2025-01-01
D00335,fp_ce9e9ebd55c34853,2025-07-01
D00336,fp_861b4f5b45a08539,2025-02-01
D00337,fp_b65ad0f14350ab06,2025-10-01
D00338,fp_13badc91a0a5fde6,2025-08-01
D00339,fp_82c299f07487d772,2025-06-01
D00340,fp_7fe670f30e3141ec,2025-10-01
D00341,fp_5e20c9572ab8bd33,2025-03-01
D00342,fp_c5f8e2f8414f4994,2025-02-01
D00343,fp_92ebeab0e4eec67c,2025-11-01
D00344,fp_1d8680cbb90800f3,2025-04-01
D00345,fp_82425912bda3c162,2025-01-01
D00346,fp_dbd30aec0b461173,2025-01-01
D00347,fp_0bc572073e9aec86,2025-08-01
D00348,fp_620af1585d2d904f,2025-03-01
D00349,fp_ee6081ac2dd0622e,2025-01-01
D00350,fp_cd98f9e28d888beb,2025-12-01
D00351,fp_a7dc2bc0bd9c4693,2025-07-01
D00352,fp_52619dec3979d5f5,2025-04-01
D00353,fp_ea75752d6a8fcacb,2025-12-01
D00354,fp_4571295951e744e4,2025-02-01
D00355,fp_5f705b2592502e59,2025-02-01
D00356,fp_ac5f12ef8085c147,2025-01-01
D00357,fp_3922a7e42de982f8,2025-09-01
D00358,fp_0bc1f9e5fb3df063,2025-07-01
D00359,fp_e0827f7611a529b4,2025-08-01
D00360,fp_48454343ddb449dc,2025-05-01
D00361,fp_161d5c8753c9fe59,2025-09-01
D00362,fp_020a449774ed5145,2025-06-01
D00363,fp_4aa5f9d3335f2f59,2025-10-01
D00364,fp_4dcd0009c8d57717,2025-12-01
D00365,fp_3e19fc1d9f6a6a65,2025-08-01
D00366,fp_97790e845e472e22,2025-08-01
D00367,fp_c5c9fb91ff6ef9ed,2025-04-01
D00368,fp_e68373a3bb82b796,2025-09-01
D00369,fp_cbc4ec0ec2aef674,2025-04-01
D00370,fp_01a1fb0f268b84b6,2025-07-01
D00371,fp_3ba5bd76061efb95,2025-09-01
D00372,fp_a2cd159058af393c,2025-12-01
D00373,fp_0274ce40e09016b6,2025-06-01
D00374,fp_c2492e5e005fd0e6,2025-11-01
D00375,fp_d95874c260538c1b,2025-12-01
D00376,fp_4eb9047dba2ac3d9,2025-02-01
D00377,fp_87a1ec0234879e41,2025-04-01
D00378,fp_7df59abf6b790d01,2025-01-01
D00379,fp_ff38b918f8f9a45d,2025-03-01
D00380,fp_47a2a10bb62edb49,2025-02-01
D00381,fp_ebd8a3b10b3d0c36,2025-04-01
D00382,fp_d872f72ee5b4a1ae,2025-09-01
D00383,fp_b36ab3ed69be173a,2025-06-01
D00384,fp_f97c6c3c755d814b,2025-12-01
D00385,fp_94ad625215bc2a3e,2025-02-01
D00386,fp_222df6a48163b6ce,2025-11-01
D00387,fp_64f434d6d1e91691,2025-02-01
D00388,fp_915cb31b97867b12,2025-01-01
D00389,fp_a995ecc36f5b09a6,2025-03-01
D00390,fp_4aab47b23c9d128a,2025-05-01
D00391,fp_50a46c85d9d57b02,2025-07-01
D00392,fp_d4f76322b362c0d2,2025-12-01
D00393,fp_516c3b0a53853918,2025-08-01
D00394,fp_3bcdf203459ee674,2025-02-01
D00395,fp_33e4f986f18cccdc,2025-03-01
D00396,fp_c5285425c7a9f33c,2025-10-01
D00397,fp_27c8fc6c1be5a4c3,2025-02-01
D00398,fp_7316ce642a147a96,2025-08-01
D00399,fp_681134e250647c59,2025-02-01
D00400,fp_5bb8b9c8893259f3,2025-04-01
D00401,fp_4eed412473b0d676,2025-08-01
D00402,fp_da3c45ca43d78f2b,2025-02-01
D00403,fp_28597b341725d2c7,2025-11-01
D00404,fp_d38e13e44de1087b,2025-12-01
D00405,fp_9a72083cb266986c,2025-01-01
D00406,fp_d5ff2a1f370b9a29,2025-06-01
D00407,fp_1759ba9625f88c74,2025-12-01
D00408,fp_f7e9101d3f8b4433,2025-06-01
D00409,fp_837217e0657046ea,2025-01-01
D00410,fp_4c80d33aad5be3c8,2025-05-01
D00411,fp_fd9cfbb0d1f16485,2025-03-01
D00412,fp_f3bc9a7107f4fee5,2025-07-01
D00413,fp_73c374a6dac726b6,2025-09-01
D00414,fp_8cd4b90abf8211bc,2025-04-01
D00415,fp_7648776e183fea70,2025-02-01
D00416,fp_cb371d97cdcc2d6a,2025-03-01
D00417,fp_030f9be91f178f93,2025-01-01
D00418,fp_c7ecfe71d49347fc,2025-04-01
D00419,fp_32b8d8aa21768dd7,2025-07-01
D00420,fp_afb064065f4b1a97,2025-11-01
D00421,fp_a50a13dcf004e897,2025-02-01
D00422,fp_960be0f495132c22,2025-05-01
D00423,fp_d010318aeadc9960,2025-02-01
D00424,fp_ff45f8a20594b24f,2025-02-01
D00425,fp_e709fba6329fc417,2025-11-01
D00426,fp_cf2e32967184b713,2025-03-01
D00427,fp_e7b33085178be968,2025-06-01
D00428,fp_0aee25571f5df912,2025-08-01
D00429,fp_2b0157230cf697a5,2025-10-01
D00430,fp_d259f9606ee35607,2025-12-01
D00431,fp_7f0223bc651ea252,2025-01-01
D00432,fp_aee70ab261fa8e7a,2025-07-01
D00433,fp_5a9c06792c3d17e2,2025-04-01
D00434,fp_2fe922aae886a011,2025-05-01
D00435,fp_722dce1347a48c42,2025-03-01
D00436,fp_9d3616a108dec921,2025-10-01
D00437,fp_3eebc04a9df2372e,2025-11-01
D00438,fp_7fb75c574b8c031f,2025-07-01
D00439,fp_8cf9eea9e1fdc6d1,2025-08-01
D00440,fp_1674eb650f9c5300,2025-05-01
D00441,fp_2321e64e620d4a1f,2025-07-01
D00442,fp_a484e035330faaa3,2025-09-01
D00443,fp_a1791e933fc825ac,2025-09-01
D00444,fp_04ffeab2cb7b0b3a,2025-07-01
D00445,fp_b69f75c5c82ba1be,2025-06-01
D00446,fp_8b6584ce7acc9970,2025-08-01
D00447,fp_e9a5336858129eb2,2025-10-01
D00448,fp_5254aad3809cd839,2025-07-01
D00449,fp_2e0869c1453b45fe,2025-01-01
D00450,fp_98dc9e0b51a1f5df,2025-04-01
D00451,fp_e550d73607806e71,2025-05-01
D00452,fp_cf03f0c80effd5bd,2025-08-01
D00453,fp_5b80b8d18788dfed,2025-10-01
D00454,fp_3b964c74ffe62994,2025-03-01
D00455,fp_3f738f5019a2676f,2025-11-01
D00456,fp_443b1d0f3dbc3093,2025-09-01
D00457,fp_ca8e858cd0f81063,2025-12-01
D00458,fp_c398c3320e500785,2025-04-01
D00459,fp_d8b48ead93608edf,2025-07-01
D00460,fp_ef69a9805ad479ef,2025-03-01
D00461,fp_3c8e9d782d14e9f4,2025-10-01
D00462,fp_ce63cb1a5168bbf2,2025-12-01
D00463,fp_5bd93609b297a782,2025-10-01
D00464,fp_b4157cea07388ba4,2025-12-01
D00465,fp_f29335855a07d758,2025-10-01
D00466,fp_2460d0d2904883c1,2025-10-01
D00467,fp_303014d0f2c84743,2025-08-01
D00468,fp_4f1e1a378ac8ad93,2025-03-01
D00469,fp_09b7fdf77d8d3ddd,2025-02-01
D00470,fp_3b8d34470e61065f,2025-10-01
D00471,fp_051a00393803dcee,2025-09-01
D00472,fp_002ccb257a5d7c82,2025-06-01
D00473,fp_9d37efb6eafb3e90,2025-04-01
D00474,fp_2167c35ece7334f2,2025-06-01
D00475,fp_2d6e0291b7893986,2025-06-01
D00476,fp_059c15740f3f0f48,2025-03-01
D00477,fp_b466fab6962c04dd,2025-03-01
D00478,fp_1c654aa2c63ce21d,2025-09-01
D00479,fp_5d696bc8dc54d59b,2025-02-01
D00480,fp_b45c9a545fa3a531,2025-11-01
D00481,fp_960530356545c030,2025-02-01
D00482,fp_4d407b285628ddcd,2025-06-01
D00483,fp_f9d2014a22ee7f07,2025-03-01
D00484,fp_f2dd9456bb7b6c05,2025-07-01
D00485,fp_a3a6ef83cab63107,2025-08-01
D00486,fp_51397c06a630ad9d,2025-03-01
D00487,fp_f7ff88d4b509f08a,2025-09-01
D00488,fp_e3bcd6f3b18d2c8c,2025-10-01
D00489,fp_5b58eb49c9784b52,2025-04-01
D00490,fp_96c56fe7aa604892,2025-03-01
D00491,fp_4e8bf78a60ddc7f1,2025-12-01
D00492,fp_4b657bccb0416f19,2025-03-01
D00493,fp_ba94aa662d7e4a45,2025-01-01
D00494,fp_b3b6d344f2e3c6f0,2025-10-01
D00495,fp_d9cb3540643ffdae,2025-10-01
D00496,fp_2e9ce8ff084a3c4b,2025-10-01
D00497,fp_ebc929145176a9d1,2025-10-01
D00498,fp_a3bfe403388c9751,2025-10-01
D00499,fp_efcac5771aa6f7cb,2025-08-01
D00500,fp_54c7743b2401342a,2025-12-01
D00501,fp_3ced4d1f13eb22c9,2025-06-01
D00502,fp_51cbf9e5fb7d3ba1,2025-03-01
D00503,fp_e2a45909a2dd22d5,2025-02-01
D00504,fp_b57ec883d2586d90,2025-11-01
D00505,fp_bab27bcea39c3bd5,2025-06-01
D00506,fp_02ead2df725656e3,2025-05-01
D00507,fp_3fe1e8f335adde88,2025-12-01
D00508,fp_59b9222c115affac,2025-05-01
D00509,fp_1ba827c6c97a24ad,2025-12-01
D00510,fp_0c53644b0053f649,2025-07-01
D00511,fp_bb8aa843702f31e5,2025-07-01
D00512,fp_2a9527f6f8170ebf,2025-07-01
D00513,fp_e1bbb8cd7e3a9f07,2025-07-01
D00514,fp_8bc83a0259ea4936,2025-07-01
D00515,fp_d42cb1ae19f738cb,2025-08-01
D00516,fp_dd326d9cc9ea356a,2025-10-01
D00517,fp_c21c3fb3a6a5f0ff,2025-11-01
D00518,fp_29a3db6d39bfca38,2025-08-01
D00519,fp_cc9803de12de9e5a,2025-01-01
D00520,fp_0523d4fd4b7f2183,2025-06-01
D00521,fp_f3a0212042d943ee,2025-02-01
D00522,fp_5780be1712fecc2b,2025-03-01
D00523,fp_601e0211e34f76b4,2025-03-01
D00524,fp_13335bc9bb635ff5,2025-09-01
D00525,fp_e5eb772df11c0ac5,2025-02-01
D00526,fp_981262ac5683ede0,2025-10-01
D00527,fp_7b94a34de4aa786d,2025-12-01
D00528,fp_6e6b34b907ef2ba8,2025-11-01
D00529,fp_9b792afa2a3d418d,2025-07-01
D00530,fp_0db5d4412837f418,2025-02-01
D00531,fp_349ef4a954c29d5c,2025-04-01
D00532,fp_b27b7bb468c690b2,2025-09-01
D00533,fp_ecf26429b8d77d2f,2025-12-01
D00534,fp_43e8644b8a45a905,2025-11-01
D00535,fp_4c2272f34811e562,2025-04-01
D00536,fp_0cb4e891188df23b,2025-07-01
D00537,fp_8cb6b0ba925f8199,2025-08-01
D00538,fp_0df407b82751ab86,2025-06-01
D00539,fp_6d77959500fa0eb4,2025-02-01
D00540,fp_d2eaef184b6797a1,2025-11-01
D00541,fp_99a7b99ba005f5e1,2025-08-01
D00542,fp_18d42238331de35c,2025-01-01
D00543,fp_2bbba89d34fadee1,2025-11-01
D00544,fp_fa2074034ab427e3,2025-02-01
D00545,fp_d8014004793bed1b,2025-02-01
D00546,fp_c8edabdd4ef03f80,2025-07-01
D00547,fp_7d3572cc788fd0cd,2025-11-01
D00548,fp_1754bf0843d75413,2025-11-01
D00549,fp_6334fa2a8b4bd7e7,2025-03-01
D00550,fp_e2afa6295efb336e,2025-07-01
D00551,fp_2fc3e6495e911b91,2025-08-01
D00552,fp_43675d580b6c03c8,2025-08-01
D00553,fp_436e3c49770e09db,2025-04-01
D00554,fp_44c07a9ad64acb1f,2025-10-01
D00555,fp_26b07ff60fc79913,2025-12-01
D00556,fp_18c180d2aadf3692,2025-02-01
D00557,fp_5802b640ab0b4cc5,2025-09-01
D00558,fp_f880287869fb0763,2025-10-01
D00559,fp_8db8dadf3a3e46b0,2025-01-01
D00560,fp_6319629bd73e7bb9,2025-09-01
D00561,fp_f73360946b2b78b9,2025-09-01
D00562,fp_ddecc40bafe3af13,2025-08-01
D00563,fp_e1b41171929d674d,2025-04-01
D00564,fp_4c81926079ec533c,2025-02-01
D00565,fp_e71c681a6511e61a,2025-12-01
D00566,fp_8089b8c508e3f771,2025-10-01
D00567,fp_844e250be684390c,2025-10-01
D00568,fp_fb95d0fcad72ed05,2025-10-01
D00569,fp_1ecacae925bf213d,2025-08-01
D00570,fp_f2f5b1762c41cbd3,2025-03-01
D00571,fp_363e6ef4f8dfcc3a,2025-04-01
D00572,fp_0aeccec7204db9da,2025-07-01
D00573,fp_fcffe9e3140ff589,2025-11-01
D00574,fp_33b0fb536f75ee8a,2025-11-01
D00575,fp_d5881c1c25db5946,2025-10-01
D00576,fp_51db1a374204d733,2025-12-01
D00577,fp_ceae1325ea074d80,2025-02-01
D00578,fp_635a775d16476e3f,2025-09-01
D00579,fp_8d536c7565b90e94,2025-06-01
D00580,fp_46b518dedb4bb8eb,2025-09-01
D00581,fp_eacb1f6d7549c9f9,2025-01-01
D00582,fp_b34e356ac95b61f8,2025-10-01
D00583,fp_85c69fbf966b62ea,2025-07-01
D00584,fp_6a18e5af1cce08e9,2025-03-01
D00585,fp_910c4cb725f06b0a,2025-10-01
D00586,fp_c2250530952a5345,2025-02-01
D00587,fp_1b0ae22eecc817a6,2025-10-01
D00588,fp_19da8262c7903dc5,2025-05-01
D00589,fp_891f4683de12dbf1,2025-06-01
D00590,fp_693016eae0bda1ee,2025-05-01
D00591,fp_a7a02a3d620f230b,2025-08-01
D00592,fp_9be4f19f92701d60,2025-08-01
D00593,fp_2c154804099759a3,2025-05-01
D00594,fp_24d3875167294d3c,2025-10-01
D00595,fp_ae49c0799bd0d4c7,2025-12-01
D00596,fp_09eda6f566d71d97,2025-07-01
D00597,fp_e1035e1ce3bb22ae,2025-06-01
D00598,fp_3cd1ff3fb0c58278,2025-01-01
D00599,fp_79a7e63bbee975da,2025-05-01
D00600,fp_5f584603e5a3d8e9,2025-01-01
D00601,fp_d1403430567e642e,2025-05-01
D00602,fp_47c4cc514f9a5f98,2025-08-01
D00603,fp_b23909f4dbb54645,2025-11-01
D00604,fp_f8f58a261924c644,2025-04-01
D00605,fp_4cec495b226716e3,2025-12-01
D00606,fp_c626e38f716fb276,2025-06-01
D00607,fp_ba92992e44f8b53c,2025-07-01
D00608,fp_a543148e9adfe981,2025-02-01
D00609,fp_711456de301c8db3,2025-04-01
D00610,fp_d2efa93be9d6bb7e,2025-07-01
D00611,fp_7c059799bdae8eff,2025-09-01
D00612,fp_5fb8944dde0018aa,2025-01-01
D00613,fp_ca9f1d5983e8b700,2025-03-01
D00614,fp_4fa5c35e10cc4604,2025-12-01
D00615,fp_67443fb881bd55d5,2025-03-01
D00616,fp_d9ee7dc9c7cfeca8,2025-09-01
D00617,fp_9194821ee11bf0d4,2025-01-01
D00618,fp_3158f1fb2c7a0d31,2025-04-01
D00619,fp_0ec0ad4bd6441a9d,2025-04-01
D00620,fp_74d9d1f508775804,2025-01-01
D00621,fp_5c418a83eb04159c,2025-12-01
D00622,fp_462363a932f8dbab,2025-06-01
D00623,fp_76d70561d2d14ef5,2025-09-01
D00624,fp_a2aa378c659e0258,2025-02-01
D00625,fp_07d2fd4dae61716a,2025-04-01
D00626,fp_7d2120ad5f59fb4d,2025-10-01
D00627,fp_2d761ffa7233d5af,2025-08-01
D00628,fp_8d2434f9963dc8bf,2025-06-01
D00629,fp_29dc073e5820b3f2,2025-05-01
D00630,fp_d4b3e8cfbfbbeab3,2025-12-01
D00631,fp_48fa4e981723ecdb,2025-01-01
D00632,fp_0cb5ee5c62f5f7c2,2025-03-01
D00633,fp_927f8103da9408c0,2025-04-01
D00634,fp_38aa76dfdb6ba39b,2025-11-01
D00635,fp_ad7d6f8139a0f145,2025-04-01
D00636,fp_a6ce6d7a44e2a94b,2025-07-01
D00637,fp_052226b983666636,2025-11-01
D00638,fp_795e6f2b02472360,2025-03-01
D00639,fp_2c56e0cda5ba2472,2025-10-01
D00640,fp_022aaddacd0579e2,2025-04-01
D00641,fp_9bbc6cbc409ca8f2,2025-05-01
D00642,fp_f78ee9e8b676291d,2025-12-01
D00643,fp_467f358ba48aa108,2025-07-01
D00644,fp_6060b1ebe53e5f4c,2025-06-01
D00645,fp_4082fcda7580e4e9,2025-04-01
D00646,fp_4d59616b7779857f,2025-11-01
D00647,fp_d30608be8548867b,2025-10-01
D00648,fp_95a0f35665abc9ff,2025-02-01
D00649,fp_82f2900401e187d8,2025-11-01
D00650,fp_d7e174e6f76b9723,2025-06-01
D00651,fp_a5b836938fbba749,2025-10-01
D00652,fp_485d831c9beab529,2025-05-01
D00653,fp_1bacbd0daf35b30b,2025-08-01
D00654,fp_5616af7e1057a002,2025-05-01
D00655,fp_533c2ed5a3fe0479,2025-05-01
D00656,fp_a7f7745142da8609,2025-12-01
D00657,fp_e4729be5f3c2944a,2025-11-01
D00658,fp_30385dd74c7d9313,2025-03-01
D00659,fp_c3f62136846d5a3b,2025-04-01
D00660,fp_0e88c8ece651e3e1,2025-10-01
D00661,fp_a91883fc6772fe9f,2025-06-01
D00662,fp_23d26b8dae46024d,2025-12-01
D00663,fp_a7c854e406843c86,2025-08-01
D00664,fp_4bacbedfff5a229e,2025-05-01
D00665,fp_6b271effe82b5b36,2025-07-01
D00666,fp_bc9a79986365fc2a,2025-01-01
D00667,fp_b54401cb95410a9d,2025-10-01
D00668,fp_309e47bad0e656e5,2025-06-01
D00669,fp_b69f5eabb9ff2c29,2025-04-01
D00670,fp_88ddd880afb28b3d,2025-11-01
D00671,fp_79c9c839c8ef0377,2025-11-01
D00672,fp_81df62f45bc677ca,2025-05-01
D00673,fp_2b843ef3d86d655d,2025-11-01
D00674,fp_8ee9581ae061f65f,2025-03-01
D00675,fp_18fc83b74b356e9a,2025-08-01
D00676,fp_bdacdc5e20c0f275,2025-05-01
D00677,fp_ceef9fa8b9a5d4d0,2025-09-01
D00678,fp_e9a1c6d5c34e9baf,2025-03-01
D00679,fp_ae01a122f269921c,2025-06-01
D00680,fp_16dc5a6ea7890770,2025-04-01
D00681,fp_392c04da5af3da5a,2025-12-01
D00682,fp_4e9d23e9df162ec3,2025-07-01
D00683,fp_e3082ddcc9c04b7d,2025-06-01
D00684,fp_42b402815f269466,2025-10-01
D00685,fp_76b904364b46ef33,2025-02-01
D00686,fp_0dbdc5da787515b9,2025-11-01
D00687,fp_948f664a9565257b,2025-10-01
D00688,fp_78e36397123b31cf,2025-04-01
D00689,fp_1eac41d9801f4909,2025-11-01
D00690,fp_87a37f1061b512ed,2025-05-01
D00691,fp_0dd7015869c165ae,2025-03-01
D00692,fp_fe0a824e232a5e82,2025-04-01
D00693,fp_68c0cbef57b936b0,2025-10-01
D00694,fp_e8184f34e4917f7d,2025-08-01
D00695,fp_50fe819924aa5685,2025-12-01
D00696,fp_c768b07f2e2bdc6c,2025-02-01
D00697,fp_552734077cd2192f,2025-11-01
D00698,fp_2d445af8fc9476b1,2025-06-01
D00699,fp_0ed9fa95a26e865b,2025-01-01
D00700,fp_4605ec0e73b9c2ac,2025-04-01
D00701,fp_c606ddc4c2dd901d,2025-03-01
D00702,fp_c3b534db938703c9,2025-03-01
D00703,fp_c90394ea7d54ec82,2025-02-01
D00704,fp_9d4e8b5d2120bfba,2025-07-01
D00705,fp_6dedcba5a22c3d4f,2025-07-01
D00706,fp_f71fb9a66dd49c96,2025-08-01
D00707,fp_0131ff3b62210670,2025-01-01
D00708,fp_330ccff588a5fa0d,2025-12-01
D00709,fp_f337b2615f8392d5,2025-01-01
D00710,fp_527c8f50e45a87e8,2025-09-01
D00711,fp_049626ba30c9a2be,2025-11-01
D00712,fp_a06e8de5010e4265,2025-12-01
D00713,fp_39ec8ca13fb2df47,2025-12-01
D00714,fp_58274e80e0821918,2025-05-01
D00715,fp_1a4b160621019bff,2025-07-01
D00716,fp_96b31f4a80daa8ca,2025-05-01
D00717,fp_10b6a6622ac1d5ca,2025-01-01
D00718,fp_f2ce7eeb4c56fb8f,2025-05-01
D00719,fp_ba53312274b79620,2025-09-01
D00720,fp_862c92fd98abb2e7,2025-06-01
D00721,fp_e35244446f04af36,2025-11-01
D00722,fp_2240063bfed747be,2025-06-01
D00723,fp_e6c11650ff02f5b0,2025-08-01
D00724,fp_c00793365bf7dda1,2025-04-01
D00725,fp_f2b5a7ea2a35ce30,2025-07-01
D00726,fp_3a799efa04e55bd5,2025-04-01
D00727,fp_fc21109bba27bc64,2025-03-01
D00728,fp_bbec721d3610901c,2025-01-01
D00729,fp_812faa3896f61c09,2025-03-01
D00730,fp_5dd8effc1f878b32,2025-12-01
D00731,fp_cac8d87ea689d07f,2025-01-01
D00732,fp_e0653245600c9c71,2025-11-01
D00733,fp_c5709e30417b6634,2025-09-01
D00734,fp_0c7031eb9f85c2dd,2025-10-01
D00735,fp_0c472187fea35d37,2025-11-01
D00736,fp_a750350e1bad52a8,2025-01-01
D00737,fp_b09370850c5921f8,2025-02-01
D00738,fp_71be94c36ab1cdb6,2025-07-01
D00739,fp_8c1ab2c71fa3ed1f,2025-05-01
D00740,fp_b3ada2ba797209c0,2025-03-01
D00741,fp_b1f81ad9349b5089,2025-11-01
D00742,fp_0261c87aa15c159a,2025-05-01
D00743,fp_a962d9966bbe3b5a,2025-02-01
D00744,fp_8532fc74a9987bdf,2025-05-01
D00745,fp_9b0ada0b9f6facc1,2025-12-01
D00746,fp_6b382a0a231d260b,2025-02-01
D00747,fp_b801102682f73861,2025-10-01
D00748,fp_485f78881e23da4b,2025-02-01
D00749,fp_1b341937c8e60939,2025-08-01
D00750,fp_9be78aec32da81f0,2025-04-01
D00751,fp_435391b2c72850c1,2025-09-01
D00752,fp_33a0daa7f91e5fcd,2025-06-01
D00753,fp_68e5c8cdb4146e4a,2025-05-01
D00754,fp_0a167e18290e3e89,2025-09-01
D00755,fp_e90d21cb7f111a36,2025-04-01
D00756,fp_eee13caeb02e21aa,2025-08-01
D00757,fp_3c08899054a27051,2025-01-01
D00758,fp_abf0263e03438b64,2025-02-01
D00759,fp_1c453357e8294a67,2025-10-01
D00760,fp_7e7d9a19ab450578,2025-03-01
D00761,fp_170fa87bf30ee4fe,2025-09-01
D00762,fp_b93b770c13365c0c,2025-12-01
D00763,fp_e79f9f3d19ee2c3b,2025-05-01
D00764,fp_3b2d520ba4f34185,2025-08-01
D00765,fp_fa2fbd74fd1935cc,2025-05-01
D00766,fp_76dae194439db29d,2025-01-01
D00767,fp_d02c75f9198d13a4,2025-03-01
D00768,fp_0a190939dfc7ab26,2025-05-01
D00769,fp_cd3566ef5c370739,2025-11-01
D00770,fp_6d0e0597500d92a7,2025-12-01
D00771,fp_1851d1cf1dabb10a,2025-01-01
D00772,fp_da1c96ae0279e2ab,2025-03-01
D00773,fp_a5aecf37a9d1a28e,2025-03-01
D00774,fp_5b86ea6954231dbe,2025-08-01
D00775,fp_9f2ebefcf480b91e,2025-05-01
D00776,fp_bbaa574fe0e3c5ce,2025-02-01
D00777,fp_d0a17fe85f642a53,2025-06-01
D00778,fp_1d24181c2ed087d4,2025-07-01
D00779,fp_f659f1886676cc75,2025-08-01
D00780,fp_d5f0fb6a4596da75,2025-07-01
D00781,fp_d9c59cd9b09d721b,2025-08-01
D00782,fp_6bf7240fccc62fed,2025-11-01
D00783,fp_cc0243c6e2d903c8,2025-03-01
D00784,fp_21ec47541cf14654,2025-12-01
D00785,fp_0f037337b9f6143b,2025-03-01
D00786,fp_6a80cac21a8cf13c,2025-10-01
D00787,fp_cd6139887b90942f,2025-10-01
D00788,fp_702b7014adab2c2f,2025-03-01
D00789,fp_613758c39c7faca6,2025-06-01
D00790,fp_0760801f9c81fc46,2025-11-01
D00791,fp_d6aa5382e1446b45,2025-12-01
D00792,fp_e44a913af933a9fa,2025-03-01
D00793,fp_eb9f33cb7bab1baa,2025-08-01
D00794,fp_e3395b1a1ce97871,2025-07-01
D00795,fp_0bc4d7ba70d0ebcb,2025-02-01
D00796,fp_a7ac590c42f90f92,2025-06-01
D00797,fp_b45e9463032a09e0,2025-11-01
D00798,fp_c47cc30b865a7766,2025-12-01
D00799,fp_b9493906939f44eb,2025-10-01
D00800,fp_fa575cea39571344,2025-11-01
D00801,fp_569adef0df865633,2025-09-01
D00802,fp_b0309aaf85ea16e0,2025-12-01
D00803,fp_1861c9f39e44e98c,2025-07-01
D00804,fp_ba05dd0fa9660a5a,2025-04-01
D00805,fp_588309de7b5fbe41,2025-11-01
D00806,fp_a4331510ad21b4cc,2025-07-01
D00807,fp_d6cade2c260e37cc,2025-09-01
D00808,fp_fcdfe961e45e2ad0,2025-10-01
D00809,fp_02fb28690df80b89,2025-11-01
D00810,fp_282c6470ef32f72a,2025-09-01
D00811,fp_782351d9d94df188,2025-08-01
D00812,fp_2a57e880de9205ea,2025-02-01
D00813,fp_7ddca413c05db774,2025-06-01
D00814,fp_54b586353dab1614,2025-05-01
D00815,fp_81c61eeb0ce3c8c8,2025-04-01
D00816,fp_a4b0718e8ced4707,2025-07-01
D00817,fp_d12daea8673d2920,2025-04-01
D00818,fp_75873920142e3df0,2025-08-01
D00819,fp_92b26acdcd1f75a3,2025-08-01
D00820,fp_db496e6d1688782f,2025-08-01
D00821,fp_50e9688872730e7b,2025-02-01
D00822,fp_7f53dc0afb0d3cda,2025-12-01
D00823,fp_048c8480a7437402,2025-02-01
D00824,fp_698f04f86747d24a,2025-01-01
D00825,fp_8c91bd138ea02346,2025-01-01
D00826,fp_1744ee3fd36ec1bd,2025-10-01
D00827,fp_9e7b1e95f692641a,2025-11-01
D00828,fp_e3de4ec04dfa21be,2025-09-01
D00829,fp_34f434048ff50701,2025-11-01
D00830,fp_74ca0ad7abe5be96,2025-06-01
D00831,fp_d34794cc5d04032d,2025-01-01
D00832,fp_39112943d10bf4dc,2025-08-01
D00833,fp_8f660bbd54fc286f,2025-10-01
D00834,fp_791f49f699966612,2025-12-01
D00835,fp_5d00df1ba83c1c2b,2025-12-01
D00836,fp_1d30a29073d92ace,2025-02-01
D00837,fp_a8ae57b9c262cad0,2025-04-01
D00838,fp_57632e1e008ffab9,2025-06-01
D00839,fp_a2379e6fd4734534,2025-05-01
D00840,fp_85a0d0898c357321,2025-06-01
D00841,fp_1b37ef19b3bc912f,2025-01-01
D00842,fp_2a061609e599bd3c,2025-08-01
D00843,fp_d26404b923f47a55,2025-12-01
D00844,fp_b8b818cfbe153187,2025-07-01
D00845,fp_41191aa71b61d453,2025-10-01
D00846,fp_3002d8313227e8d8,2025-02-01
D00847,fp_da296905ee22a70b,2025-07-01
D00848,fp_7500f7853730dfba,2025-04-01
D00849,fp_5682d038b77f69b9,2025-02-01
D00850,fp_6a1aba9dc1d48a10,2025-01-01
D00851,fp_a21c0c06ed376567,2025-11-01
D00852,fp_1f8b4af196bc532d,2025-08-01
D00853,fp_a8909e3175175f39,2025-10-01
D00854,fp_811317a8f4c8e393,2025-03-01
D00855,fp_7fb33be5f6bf2f72,2025-01-01
D00856,fp_bc78842387c5f526,2025-01-01
D00857,fp_ef705d018da03d88,2025-07-01
D00858,fp_95ca788dd6bca712,2025-08-01
D00859,fp_82221ad3eca391d4,2025-03-01
D00860,fp_941c23fab11af726,2025-03-01
D00861,fp_d0b3d752bb01b2a5,2025-03-01
D00862,fp_632d03021a82833c,2025-11-01
D00863,fp_9b2d5a2a99bd6240,2025-06-01
D00864,fp_e1a2cfe7810d5c57,2025-07-01
D00865,fp_fac08fc46b2d9ccc,2025-10-01
D00866,fp_b148b2a6ea7917e1,2025-04-01
D00867,fp_65daced0460a6125,2025-06-01
D00868,fp_4b4ef503f8722413,2025-08-01
D00869,fp_2224a806ce072a52,2025-03-01
D00870,fp_9a3f0ad169a9aff9,2025-12-01
D00871,fp_bf98e734e2ed8686,2025-09-01
D00872,fp_d7d3b9d94c859233,2025-12-01
D00873,fp_dc57546d8c3d031a,2025-06-01
D00874,fp_bca0258eb63d65d5,2025-09-01
D00875,fp_37a3c30aa1f0fa7a,2025-04-01
D00876,fp_9fc9726435afbb2d,2025-12-01
D00877,fp_afc5c20e4a636af5,2025-06-01
D00878,fp_ac20af11ebd33927,2025-03-01
D00879,fp_b5dc8a9afb38cd91,2025-11-01
D00880,fp_f554e1f8f9a55cf2,2025-03-01
D00881,fp_8ae0b8a080ff2909,2025-12-01
D00882,fp_5287964da30a6658,2025-12-01
D00883,fp_c2c226ff1d8b32d9,2025-06-01
D00884,fp_7af985ff8ff19886,2025-10-01
D00885,fp_f1530f689215583a,2025-11-01
D00886,fp_6adfd568b5caa993,2025-11-01
D00887,fp_e4d466ebbf74531c,2025-09-01
D00888,fp_e0a259014932936e,2025-07-01
D00889,fp_0344edb3ceed0ffc,2025-09-01
D00890,fp_06783c341b41a61e,2025-07-01
D00891,fp_0d95aaf5253421bc,2025-11-01
D00892,fp_332cce0a0e7da698,2025-05-01
D00893,fp_c918a346c00c200c,2025-03-01
D00894,fp_495fa2fcfbc8c77e,2025-11-01
D00895,fp_257c54bc4024c424,2025-01-01
D00896,fp_c8cba592b0cad2eb,2025-05-01
D00897,fp_c0eb887534396729,2025-09-01
D00898,fp_5bd29cb108453b2f,2025-08-01
D00899,fp_9db94eee1a3c2131,2025-11-01
D00900,fp_8fd7b1a1bd4f6118,2025-04-01
D00901,fp_a5a99ebcbe0ec2da,2025-09-01
D00902,fp_3cd30e99638e1388,2025-09-01
D00903,fp_cbfd4a31c8c85ad6,2025-12-01
D00904,fp_b164423549a2afde,2025-11-01
D00905,fp_ed2e1bcd0c06df90,2025-07-01
D00906,fp_6aa415b56336c815,2025-11-01
D00907,fp_f740d87c500a174e,2025-09-01
D00908,fp_0351b09d0dc5fb06,2025-12-01
D00909,fp_33fd862d4057e470,2025-10-01
D00910,fp_c7eab19bde6cf36b,2025-08-01
D00911,fp_39bd8bd6d479cc36,2025-11-01
D00912,fp_b5a4c55bb4629214,2025-11-01
D00913,fp_c14ebd105e244824,2025-10-01
D00914,fp_bd0b0fa28beef83f,2025-10-01
D00915,fp_c6b18d94324bcc3d,2025-12-01
D00916,fp_318910ecf6dbb2b6,2025-05-01
D00917,fp_2d6bc88272e588e9,2025-11-01
D00918,fp_2fddb26a13106665,2025-03-01
D00919,fp_838b77adbc2e2b59,2025-02-01
D00920,fp_0a6701436090103c,2025-07-01
D00921,fp_8e7d3f5a4773e66a,2025-05-01
D00922,fp_2932a211214c0a4d,2025-10-01
D00923,fp_4148bd11d89462e8,2025-01-01
D00924,fp_77617d80549fc34c,2025-12-01
D00925,fp_27a158a0efffa2f4,2025-01-01
D00926,fp_edba948427591ad4,2025-06-01
D00927,fp_0d04dcb698cd2655,2025-11-01
D00928,fp_d7d805949d9887bc,2025-11-01
D00929,fp_7d94bf104d187b75,2025-10-01
D00930,fp_5bab7f4a8cd74c27,2025-02-01
D00931,fp_b52a9e6bc8b648e0,2025-06-01
D00932,fp_384f6e3b86804a8a,2025-03-01
D00933,fp_1174035785467426,2025-09-01
D00934,fp_6a7a784128cc812a,2025-09-01
D00935,fp_67465743897b303d,2025-02-01
D00936,fp_38a06ffe597278c5,2025-04-01
D00937,fp_54f6516ea9d049dc,2025-06-01
D00938,fp_4b27b0795c5d3f1b,2025-04-01
D00939,fp_c0ae0b1af3476736,2025-10-01
D00940,fp_79903d9687cec69d,2025-09-01
D00941,fp_c08bd674d2dd3e26,2025-11-01
D00942,fp_1d5e6aee0240f59a,2025-11-01
D00943,fp_72173fa35893ef12,2025-04-01
D00944,fp_a46b6fcee78d147c,2025-10-01
D00945,fp_9f027cbfeb29d912,2025-04-01
D00946,fp_0a35653cf57a431e,2025-11-01
D00947,fp_5228ed8de2ba9fce,2025-07-01
D00948,fp_cbd431ccea7a8c21,2025-02-01
D00949,fp_41afeb2a62c8c3f4,2025-09-01
D00950,fp_48677b30b9567731,2025-01-01
D00951,fp_84517303e94d4fbe,2025-06-01
D00952,fp_cd8565ce83a9c235,2025-09-01
D00953,fp_7c9f3bc37210045a,2025-01-01
D00954,fp_e5f5c8914be318a8,2025-11-01
D00955,fp_5200044b31487df8,2025-09-01
D00956,fp_f2be029f15149755,2025-02-01
D00957,fp_f8bca9ac2ada62ce,2025-09-01
D00958,fp_01e06ad888802d4d,2025-11-01
D00959,fp_35f5c65410c2c2e5,2025-11-01
D00960,fp_c6097cd8a127dc6b,2025-04-01
D00961,fp_af76b6c2dd6d6b41,2025-07-01
D00962,fp_1a9af29ed5ee2587,2025-04-01
D00963,fp_d428df6c89aa4293,2025-12-01
D00964,fp_f9e9cf93e0ee5e8a,2025-12-01
D00965,fp_6f6bbdf3c673f2e0,2025-11-01
D00966,fp_f0938776d116d014,2025-02-01
D00967,fp_afa08cbebf343ca7,2025-03-01
D00968,fp_758fc8fa0614ac41,2025-12-01
D00969,fp_09b2eae654eb4c91,2025-02-01
D00970,fp_0de4833e12c0620c,2025-03-01
D00971,fp_407d0affcb51a911,2025-09-01
D00972,fp_9330ba8312087e20,2025-04-01
D00973,fp_4236c0bfe9366a85,2025-07-01
D00974,fp_737cf8b563561add,2025-11-01
D00975,fp_6edaba8c6789e7d0,2025-06-01
D00976,fp_63b664f40452f779,2025-11-01
D00977,fp_88eae7d41e494952,2025-01-01
D00978,fp_b864a47ba43447fb,2025-10-01
D00979,fp_c186a221103056b7,2025-12-01
D00980,fp_0ba6fe0995ea6825,2025-12-01
D00981,fp_129538dfd926fe41,2025-06-01
D00982,fp_80b9ec30ed94898b,2025-02-01
D00983,fp_c971bf514a32bb22,2025-11-01
D00984,fp_9b47e6394d2551eb,2025-02-01
D00985,fp_c3e90323481186e9,2025-08-01
D00986,fp_6526247461a451ff,2025-11-01
D00987,fp_795741bb07e3c39a,2025-03-01
D00988,fp_38491ecc889157fd,2025-03-01
D00989,fp_641816b7bf2b43b4,2025-09-01
D00990,fp_f5cb5be44b83b570,2025-11-01
D00991,fp_4c4d6e4024e2226c,2025-11-01
D00992,fp_ea06f94be310ff72,2025-12-01
D00993,fp_5f857b21a5df6f85,2025-01-01
D00994,fp_dff0b9bf8db3c2c1,2025-09-01
D00995,fp_1f8c56e0243113fd,2025-01-01
D00996,fp_929daf9f0149a2af,2025-10-01
D00997,fp_8982cbf864e289c0,2025-09-01
D00998,fp_15cadfaff26d3dd3,2025-05-01
D00999,fp_bf905d6a35c606b5,2025-12-01
D01000,fp_b9d707a9e74ed0b3,2025-06-01
D01001,fp_69a3b9913634646c,2025-11-01
D01002,fp_8336a758d9f93502,2025-03-01
D01003,fp_2f1a25a829344e15,2025-04-01
D01004,fp_d5b211a99dec2b83,2025-05-01
D01005,fp_1d57e73431bf5cf6,2025-03-01
D01006,fp_ccb68571abc53545,2025-10-01
D01007,fp_0dec644cda2d2156,2025-09-01
D01008,fp_a5096396761579e7,2025-09-01
D01009,fp_4a68369c12b99a50,2025-11-01
D01010,fp_402d105b113eaf84,2025-02-01
D01011,fp_b9c037aa3289f58b,2025-10-01
D01012,fp_f3981e9e7cb882a0,2025-06-01
D01013,fp_20d2b5285b6d6b7c,2025-11-01
D01014,fp_3c0a584ea7cd13cb,2025-02-01
D01015,fp_9e98961d48febf6d,2025-02-01
D01016,fp_31891f48e66e2c11,2025-06-01
D01017,fp_735d88f37c6166df,2025-06-01
D01018,fp_a8cfe5899dc89e1a,2025-05-01
D01019,fp_958c2936b18678ce,2025-03-01
D01020,fp_911ddc7990c80420,2025-06-01
D01021,fp_50fb35b0cec56969,2025-07-01
D01022,fp_013ca9982b2bf58c,2025-06-01
D01023,fp_c921057c3f05557c,2025-04-01
D01024,fp_bd64987eb652ae99,2025-11-01
D01025,fp_46d47d416fa5d3b0,2025-06-01
D01026,fp_adf8f7672261ddef,2025-12-01
D01027,fp_e0bd202c54e14f3a,2025-08-01
D01028,fp_7202fae5767d3b27,2025-06-01
D01029,fp_4e336644c65720ae,2025-08-01
D01030,fp_1bdc74a98d3a5d76,2025-03-01
D01031,fp_9b4bf377a542deb9,2025-02-01
D01032,fp_47d6723cd77fbeeb,2025-03-01
D01033,fp_89e2df24e42c0aea,2025-04-01
D01034,fp_bbc994734363589c,2025-11-01
D01035,fp_ba388c8f139309d1,2025-02-01
D01036,fp_04c4f46ae4610160,2025-09-01
D01037,fp_07fc584ea1b24627,2025-10-01
D01038,fp_67b6e4679432d797,2025-10-01
D01039,fp_e80382eb36777be4,2025-01-01
D01040,fp_42b7c0488d3543be,2025-09-01
D01041,fp_ffaca645e4dc4306,2025-09-01
D01042,fp_a766861778dbcde3,2025-03-01
D01043,fp_647ac5915da64a3a,2025-04-01
D01044,fp_c5ab48dae4354021,2025-10-01
D01045,fp_db6f1c33bbb4c0ce,2025-05-01
D01046,fp_76f6a77822460ac9,2025-09-01
D01047,fp_172e8c6882aa5c46,2025-07-01
D01048,fp_808e08d25d264b1b,2025-01-01
D01049,fp_3d274ad5a9a54c24,2025-10-01
D01050,fp_2a74b90caf2537f5,2025-09-01
D01051,fp_723b80d423ef5561,2025-03-01
D01052,fp_90fcc9f12ddc756b,2025-10-01
D01053,fp_df482e7ca8cf4f62,2025-03-01
D01054,fp_bb64a525bc653d94,2025-08-01
D01055,fp_5bda0655f06dca24,2025-01-01
D01056,fp_c2efda8b38048786,2025-08-01
D01057,fp_1017ab443b53f64b,2025-05-01
D01058,fp_3be8a5df5e934de0,2025-01-01
D01059,fp_34ef2552ab286d09,2025-09-01
D01060,fp_ca9d2704e860bcb1,2025-06-01
D01061,fp_783c91eb635a11f2,2025-08-01
D01062,fp_0be3534ae1ad640c,2025-01-01
D01063,fp_a605b7c9fb07ee93,2025-06-01
D01064,fp_b4280f0d1a6cf459,2025-09-01
D01065,fp_d463c183a2317211,2025-05-01
D01066,fp_bdedcb7ad5ba304c,2025-05-01
D01067,fp_8b5a868394213090,2025-10-01
D01068,fp_606cc2f52c816bf0,2025-11-01
D01069,fp_5d8416e060e696ff,2025-10-01
D01070,fp_e5f22dfba741104b,2025-02-01
D01071,fp_4067f79084440504,2025-07-01
D01072,fp_e8410a39f9012b9c,2025-04-01
D01073,fp_67e546468430f0fa,2025-06-01
D01074,fp_de22dc3fd1366db1,2025-06-01
D01075,fp_caeb99597ca2f582,2025-08-01
D01076,fp_9aad9234e31db345,2025-01-01
D01077,fp_e1ccff0d8078636d,2025-03-01
D01078,fp_2a6524af709d338b,2025-04-01
D01079,fp_83b8fa0513bc0dc6,2025-11-01
D01080,fp_3625fc2047e321c2,2025-03-01
D01081,fp_284892402fd90ce1,2025-06-01
D01082,fp_b7a1267e9a1e0036,2025-02-01
D01083,fp_3af7fa21a93e7b5b,2025-07-01
D01084,fp_54899c37cfa9026b,2025-12-01
D01085,fp_7b44acd01d03c3d5,2025-11-01
D01086,fp_7aa1219a7a9398bb,2025-04-01
D01087,fp_29476f54973e129c,2025-11-01
D01088,fp_6930b0c4d5576899,2025-01-01
D01089,fp_0b0b81de3e612d66,2025-03-01
D01090,fp_97a418b892d00319,2025-03-01
D01091,fp_a1298fa2227d4660,2025-09-01
D01092,fp_e40b50e40a086989,2025-10-01
D01093,fp_0e503fd82598f383,2025-03-01
D01094,fp_ec257a75421d4dca,2025-03-01
D01095,fp_f54f1b928442906f,2025-07-01
D01096,fp_f8205aa7996f7e88,2025-10-01
D01097,fp_04c44853a33b3dfd,2025-12-01
D01098,fp_a9681fc1ba5c865d,2025-05-01
D01099,fp_15f39d39f27f3ad7,2025-04-01
D01100,fp_9b4547e072fefdc2,2025-08-01
D01101,fp_7b4e9ecdde0787b1,2025-03-01
D01102,fp_d492b51a38283a05,2025-07-01
D01103,fp_2488c84d99d090fd,2025-10-01
D01104,fp_c47a3b7ed209383b,2025-03-01
D01105,fp_a8debd889f8acdeb,2025-09-01
D01106,fp_2aefcf3b43b7a0ef,2025-12-01
D01107,fp_57b94dfbaf82e70c,2025-08-01
D01108,fp_97314c9198b6691b,2025-02-01
D01109,fp_60d2759a3ad51382,2025-07-01
D01110,fp_1bcb404c21d8b96a,2025-01-01
D01111,fp_85d0691c33cd1d56,2025-09-01
D01112,fp_6b77af9eaf32baf8,2025-03-01
D01113,fp_18a706099b02c535,2025-03-01
D01114,fp_e6cfcbd879d29001,2025-10-01
D01115,fp_09fe4cdd998d65ba,2025-09-01
D01116,fp_c09c2ebe80da2ed7,2025-02-01
D01117,fp_7b74244017db4c2f,2025-11-01
D01118,fp_e6e8790b215d3b1f,2025-10-01
D01119,fp_d3d877a88a0ea57a,2025-01-01
D01120,fp_f00f63efe59fc1c2,2025-11-01
D01121,fp_6e76936aa6340d1a,2025-09-01
D01122,fp_5ed10e7f6bb1f2bc,2025-01-01
D01123,fp_87a20e22b298b811,2025-07-01
D01124,fp_f03c664b3abf9c65,2025-08-01
D01125,fp_c4c7aab4ca20508d,2025-07-01
D01126,fp_96cbdafb59bb8900,2025-12-01
D01127,fp_c2f43c10e869707c,2025-12-01
D01128,fp_1903f9b3937ca77c,2025-07-01
D01129,fp_412817eb224629cd,2025-08-01
D01130,fp_3b85f6e1c40f5405,2025-02-01
D01131,fp_9929afeb48842a14,2025-09-01
D01132,fp_41ff81d1689d1205,2025-04-01
D01133,fp_b58ac73801667221,2025-12-01
D01134,fp_01d23a76ca179780,2025-10-01
D01135,fp_1e2a03f185c53910,2025-09-01
D01136,fp_6001f54d01d77831,2025-11-01
D01137,fp_b0117b0a349651d6,2025-06-01
D01138,fp_5cbdb68268aa1236,2025-02-01
D01139,fp_6d130705279f91ab,2025-11-01
D01140,fp_40ee131d95dad216,2025-05-01
D01141,fp_893e2b89dadfc499,2025-07-01
D01142,fp_5d9ad9f1908e3a95,2025-10-01
D01143,fp_fde6849b468b22af,2025-11-01
D01144,fp_c145d6ba65bf8e04,2025-04-01
D01145,fp_8d56bff669c9520f,2025-09-01
D01146,fp_2dc091587b8301cf,2025-06-01
D01147,fp_8e0eabb78f20c5e7,2025-08-01
D01148,fp_fd0ee0b640f7924b,2025-05-01
D01149,fp_5827bc1d93e0f235,2025-12-01
D01150,fp_bc5c3cd865ebd4dc,2025-03-01
D01151,fp_dd23ff41dae13586,2025-11-01
D01152,fp_bf70c0421e7c6795,2025-04-01
D01153,fp_c879d93272540ab7,2025-12-01
D01154,fp_296b67bff301bb6c,2025-02-01
D01155,fp_8222cd7f36e6ba85,2025-07-01
D01156,fp_56a3dcccc93c9cc6,2025-09-01
D01157,fp_b2725aa79d30c42e,2025-11-01
D01158,fp_0d53551ab4f02f6f,2025-03-01
D01159,fp_f6ee137d639c4c6c,2025-11-01
D01160,fp_cdeb2696015aba1d,2025-02-01
D01161,fp_25343e85d2c0dec2,2025-08-01
D01162,fp_99a9af6aed054732,2025-07-01
D01163,fp_106793b61690636b,2025-05-01
D01164,fp_5eef0d1e38c5ef5e,2025-02-01
D01165,fp_09aa55709be950c7,2025-12-01
D01166,fp_ee415f166263307c,2025-07-01
D01167,fp_a7fb19979d2cd944,2025-09-01
D01168,fp_b62bccb149560c36,2025-10-01
D01169,fp_f21a6f380eb5e5a7,2025-03-01
D01170,fp_7e8eed12a3ea21a2,2025-08-01
D01171,fp_33a315f302bdeabe,2025-11-01
D01172,fp_cdcd0a34ee462fcd,2025-09-01
D01173,fp_31dae8174937b90f,2025-01-01
D01174,fp_9979cf26c8b190e1,2025-09-01
D01175,fp_b2cd9a0a840c5cb0,2025-04-01
D01176,fp_2b633b189d7d1756,2025-11-01
D01177,fp_5c17ebb5093b4d72,2025-04-01
D01178,fp_0012d399a7af5545,2025-03-01
D01179,fp_ff2f6883163b5481,2025-05-01
D01180,fp_66414954c798a445,2025-06-01
D01181,fp_65281970ab6ef8dd,2025-07-01
D01182,fp_33478a919609598e,2025-09-01
D01183,fp_bca726eb03ef0f77,2025-12-01
D01184,fp_eb4f36381190e515,2025-02-01
D01185,fp_48d495a48cb21aa2,2025-12-01
D01186,fp_8f221604d46b7756,2025-10-01
D01187,fp_58f42098591cc524,2025-05-01
D01188,fp_9b3aa1d139ee80ab,2025-04-01
D01189,fp_ee01b9e0746b161a,2025-07-01
D01190,fp_0130d66b932d1648,2025-05-01
D01191,fp_6839f98f2ccf1472,2025-09-01
D01192,fp_8f026c2c1b414999,2025-02-01
D01193,fp_4b54167080cfb1db,2025-06-01
D01194,fp_1df44d3ef26f9b19,2025-09-01
D01195,fp_41f83199f4eae769,2025-09-01
D01196,fp_cb1b8effd02a6cbb,2025-10-01
D01197,fp_b1b68ecd400945ce,2025-08-01
D01198,fp_60885550f74f6900,2025-10-01
D01199,fp_c51c91f47bcf2b31,2025-04-01
D01200,fp_56f401e5c1e9c4fa,2025-08-01
D01201,fp_75f1c654ae7cfd14,2025-10-01
D01202,fp_0700749adcad8ec2,2025-08-01
D01203,fp_420079f51dc3c26e,2025-02-01
D01204,fp_a237a8c161f6dfbe,2025-04-01
D01205,fp_b38046efad4a2b3c,2025-04-01
D01206,fp_50d3ba03ccd7608f,2025-07-01
D01207,fp_5a64845ef49816ad,2025-09-01
D01208,fp_027d380889207bc4,2025-12-01
D01209,fp_436ae2bbd5098e07,2025-04-01
D01210,fp_17cf775f498bcf67,2025-07-01
D01211,fp_bfb0942cac777762,2025-06-01
D01212,fp_8df7164713769ff9,2025-03-01
D01213,fp_5059f77b79ff89d9,2025-06-01
D01214,fp_e4f1e8e837f3f32b,2025-10-01
D01215,fp_2ecaf62944e22691,2025-12-01
D01216,fp_ee25356aaee01ec9,2025-04-01
D01217,fp_bcb3636d7fbe6bb3,2025-04-01
D01218,fp_bc45144a3c1fdff0,2025-04-01
D01219,fp_43f19b58df6c0d60,2025-04-01
D01220,fp_33e882493aad5840,2025-04-01
D01221,fp_9e5c5dcdd61a080a,2025-06-01
D01222,fp_c768833927ef5357,2025-02-01
D01223,fp_eb91731a1eb05b4a,2025-02-01
D01224,fp_f4adfa22ad0205f5,2025-11-01
D01225,fp_9d23c3cf7e1f48c4,2025-01-01
D01226,fp_db6a34eac3a58237,2025-09-01
D01227,fp_0ad1c18cf53f091e,2025-08-01
D01228,fp_9ee4105d5f06bc76,2025-06-01
D01229,fp_e5eb45497e0a04c2,2025-10-01
D01230,fp_4654e77dde67a278,2025-08-01
D01231,fp_fc014a222ed0b0b2,2025-09-01
D01232,fp_65db6e4347bf8db7,2025-04-01
D01233,fp_93a05478c00b19de,2025-03-01
D01234,fp_869699010ddca788,2025-07-01
D01235,fp_f08d312e7a732f35,2025-09-01
D01236,fp_80a2372108560684,2025-06-01
D01237,fp_dc432ed564caa1c7,2025-11-01
D01238,fp_2cbfb769c6a1a468,2025-08-01
D01239,fp_1ed072e9f9fc6034,2025-12-01
D01240,fp_75c72fb684a91789,2025-06-01
D01241,fp_0227b8d5b0701a53,2025-01-01
D01242,fp_35f3de4aac9204b4,2025-07-01
D01243,fp_19ca9c1b94bcf47a,2025-06-01
D01244,fp_9cdf06645c91f845,2025-05-01
D01245,fp_8c6ea6ad2fe938e4,2025-05-01
D01246,fp_44f7f01a3cb526d7,2025-08-01
D01247,fp_9cf3137ef562037b,2025-06-01
D01248,fp_2f14f7775dad348e,2025-08-01
D01249,fp_35e574e06c878546,2025-07-01
D01250,fp_c08fe6d7b361e70a,2025-06-01
D01251,fp_dab51d555d75c03c,2025-07-01
D01252,fp_7362f9b74795cd1d,2025-03-01
D01253,fp_219256139247e851,2025-10-01
D01254,fp_3a8359b6af9e7a0e,2025-02-01
D01255,fp_451b6267b8875caf,2025-04-01
D01256,fp_6ea5e3418e2ac3ff,2025-07-01
D01257,fp_255603d4323132fa,2025-12-01
D01258,fp_7915ad7e2648c819,2025-01-01
D01259,fp_6be8c7562d36226c,2025-08-01
D01260,fp_fedd22d9226cbc6a,2025-11-01
D01261,fp_88b3152d845a91b8,2025-12-01
D01262,fp_c90b945450d3802d,2025-08-01
D01263,fp_403fd5824ccf0a4b,2025-09-01
D01264,fp_915d9a63dbc6c928,2025-01-01
D01265,fp_1956699065fdaadb,2025-12-01
D01266,fp_0f5e8b4729d0c613,2025-04-01
D01267,fp_411920f6d0566199,2025-08-01
D01268,fp_a13ea66dd6c6d997,2025-02-01
D01269,fp_be9da9517329af6e,2025-06-01
D01270,fp_5c6801d642803aa0,2025-06-01
D01271,fp_8eb7c3068f73198e,2025-05-01
D01272,fp_0513eda8581993cc,2025-07-01
D01273,fp_59e110eb1f096b9d,2025-11-01
D01274,fp_9b0707e5f68ece81,2025-04-01
D01275,fp_936dd1a893acb00e,2025-11-01
D01276,fp_89d716efa62d7221,2025-03-01
D01277,fp_c7c2564afab8328f,2025-05-01
D01278,fp_53391df45ae86d18,2025-11-01
D01279,fp_7ccc63de82ac7e1d,2025-12-01
D01280,fp_e3bef3d6726a030d,2025-02-01
D01281,fp_9d1911a5618dde71,2025-05-01
D01282,fp_a1b7e3d876b874d3,2025-03-01
D01283,fp_2ae63af6de46222e,2025-11-01
D01284,fp_edb68b81cec68cfe,2025-06-01
D01285,fp_a19b224a6bfc2a47,2025-10-01
D01286,fp_679f2f429256d707,2025-02-01
D01287,fp_2978cc731440adec,2025-06-01
D01288,fp_50405c433a6c7da6,2025-06-01
D01289,fp_4a965478a72bdddd,2025-12-01
D01290,fp_9afa826744791214,2025-11-01
D01291,fp_457083e4653c8f74,2025-08-01
D01292,fp_dce0e2bbc7edea02,2025-06-01
D01293,fp_96405fcdbf761449,2025-09-01
D01294,fp_73461e07f72cb6c8,2025-07-01
D01295,fp_2f132a6d2ad55c0b,2025-01-01
D01296,fp_ba4f4b0320029d9f,2025-04-01
D01297,fp_406bf02da97a4f4e,2025-12-01
D01298,fp_bfeef19db360dfaa,2025-02-01
D01299,fp_2abaa4f935e80364,2025-07-01
D01300,fp_187635761a5ed196,2025-02-01
D01301,fp_e0f1e44cefd1b588,2025-08-01
D01302,fp_0dc781048c662766,2025-01-01
D01303,fp_65a29cc8c55be95d,2025-09-01
D01304,fp_fefac198c3d6cd54,2025-02-01
D01305,fp_4330125c1a9b0d42,2025-10-01
D01306,fp_15956c4227c00f89,2025-11-01
D01307,fp_e2ae3f87ee7ca782,2025-07-01
D01308,fp_3ab7127e4f32ea54,2025-04-01
D01309,fp_48bfb602bcd2e8eb,2025-08-01
D01310,fp_205c8491a06109db,2025-03-01
D01311,fp_d6a919e886d895e5,2025-03-01
D01312,fp_08ffeab0075072d6,2025-11-01
D01313,fp_dc4121765b59f28e,2025-06-01
D01314,fp_79e546e7dd3ee854,2025-08-01
D01315,fp_def3306af99863f2,2025-09-01
D01316,fp_45bcf3baef52d36e,2025-09-01
D01317,fp_2296e3f171e15b9f,2025-12-01
D01318,fp_2d5245f48a0ec018,2025-10-01
D01319,fp_74e0079a98fb4727,2025-11-01
D01320,fp_a2c723d4bfb8abb9,2025-10-01
D01321,fp_860176336f5aad52,2025-11-01
D01322,fp_88a613b4a3b81f92,2025-05-01
D01323,fp_58e0058fe8af301f,2025-08-01
D01324,fp_3a2516fe8a27b0b0,2025-02-01
D01325,fp_4ed0730d711dc1dd,2025-06-01
D01326,fp_4282b6e46986305a,2025-03-01
D01327,fp_02b3c9484db6f475,2025-01-01
D01328,fp_d0bcbad585f80d9b,2025-03-01
D01329,fp_496940325808d790,2025-08-01
D01330,fp_022111e588fc3da1,2025-12-01
D01331,fp_7def3b8eec0dfc3a,2025-08-01
D01332,fp_025683894cb34663,2025-07-01
D01333,fp_4afcf9e8cc476b72,2025-10-01
D01334,fp_cbf8f29e3b30ee97,2025-01-01
D01335,fp_5fa720128c57a277,2025-04-01
D01336,fp_e1d55f8569678586,2025-09-01
D01337,fp_650e78e46fe633f1,2025-04-01
D01338,fp_b7062cfa29cc0789,2025-12-01
D01339,fp_63c4e76da55fa725,2025-07-01
D01340,fp_4352acea3878becf,2025-02-01
D01341,fp_a0152b5b6c17e150,2025-04-01
D01342,fp_c3b8c80f84408e98,2025-10-01
D01343,fp_b1a50a3dcebd3b2b,2025-11-01
D01344,fp_48e095024598f3c8,2025-11-01
D01345,fp_882d7fc1be3074f8,2025-05-01
D01346,fp_3020cf0669b41194,2025-02-01
D01347,fp_22f9cafe2eb23ca3,2025-05-01
D01348,fp_a30b669c1c405045,2025-08-01
D01349,fp_73e88db69e2383d0,2025-05-01
D01350,fp_9f6ccab4b3522c18,2025-08-01
D01351,fp_5215b5033012f819,2025-01-01
D01352,fp_0cb4afe126f341c8,2025-09-01
D01353,fp_2f999b2a05aa5eab,2025-02-01
D01354,fp_44e9f8fb4838a888,2025-03-01
D01355,fp_703c1286b71714cd,2025-12-01
D01356,fp_3b9978150219a9c7,2025-02-01
D01357,fp_03c501fe269334ef,2025-08-01
D01358,fp_578799d93799a376,2025-07-01
D01359,fp_c9254bb54fc37d4e,2025-08-01
D01360,fp_5f13e10bff7a884d,2025-08-01
D01361,fp_ca9acf77b26a51a5,2025-01-01
D01362,fp_14898025548b2ce3,2025-03-01
D01363,fp_4439940d0e588770,2025-07-01
D01364,fp_8b0ea0b912464474,2025-08-01
D01365,fp_3133839e2e7d952b,2025-05-01
D01366,fp_61af0e8ed13757e1,2025-01-01
D01367,fp_f97f49941f38df55,2025-12-01
D01368,fp_62821d613fbbff57,2025-08-01
D01369,fp_bcd499753f46057b,2025-01-01
D01370,fp_75f9423032fd73c5,2025-12-01
D01371,fp_180dc855c55ffde8,2025-09-01
D01372,fp_fb6bf1dcaa7f7e06,2025-04-01
D01373,fp_639d8fe7790b185c,2025-11-01
D01374,fp_4fe66636f6121d2c,2025-06-01
D01375,fp_a110e887289ac251,2025-12-01
D01376,fp_bea6450f0accb23c,2025-09-01
D01377,fp_1f44aa88855b6c5b,2025-05-01
D01378,fp_a3760c2d7b31dcdc,2025-05-01
D01379,fp_5c44ebd132df8d45,2025-01-01
D01380,fp_aaac826edd18ab28,2025-04-01
D01381,fp_1ce8e12ff9287d26,2025-04-01
D01382,fp_6f2537cea206527c,2025-06-01
D01383,fp_2ad820ca03db7a2e,2025-05-01
D01384,fp_1ea15b0f95aeb18b,2025-07-01
D01385,fp_3e3b1a40ca0553a2,2025-01-01
D01386,fp_0ac013d5f80590f0,2025-10-01
D01387,fp_b0d515abc891d55d,2025-08-01
D01388,fp_98a15e4fb03b6934,2025-03-01
D01389,fp_c552f3c55f13fb98,2025-02-01
D01390,fp_285eed0a3fac4317,2025-08-01
D01391,fp_af9a116817661795,2025-10-01
D01392,fp_ee4c1b1856a2d49d,2025-11-01
D01393,fp_0f4d6c400f5f9707,2025-06-01
D01394,fp_276732d3a502dc4b,2025-12-01
D01395,fp_ca9d8831894e7397,2025-02-01
D01396,fp_7ce3456320363a73,2025-04-01
D01397,fp_fb4f19725115d7ee,2025-09-01
D01398,fp_a50784cbc9df301e,2025-06-01
D01399,fp_e44cbd41ce36e92a,2025-08-01
D01400,fp_31662c94bbb24366,2025-01-01
D01401,fp_60b57717b072afc8,2025-06-01
D01402,fp_227dceccb972393a,2025-05-01
D01403,fp_0a1bebd3e60ec813,2025-08-01
D01404,fp_70000009b4e570ba,2025-09-01
D01405,fp_8af09ec34b726a7c,2025-12-01
D01406,fp_309526217d76ab58,2025-10-01
D01407,fp_8b2ab7592fc6c4e6,2025-06-01
D01408,fp_bb7eb97952dcbffd,2025-08-01
D01409,fp_de1f1619467ba9e5,2025-10-01
D01410,fp_dc4db762ea1af7d2,2025-09-01
D01411,fp_11a1e557290c4414,2025-09-01
D01412,fp_730ad7de27afbff9,2025-05-01
D01413,fp_436adb9dd1c56a00,2025-09-01
D01414,fp_743e85315dfb1922,2025-01-01
D01415,fp_a355ad05c6a28e4e,2025-09-01
D01416,fp_bbd0fe6c6108ffcc,2025-03-01
D01417,fp_04cad30ae207db20,2025-10-01
D01418,fp_5d340833db592a19,2025-10-01
D01419,fp_521902163d211daf,2025-12-01
D01420,fp_a885a7b410372a5c,2025-09-01
D01421,fp_63329992d1ad3e51,2025-04-01
D01422,fp_aee7c7a586296fbe,2025-08-01
D01423,fp_8d2cfe83c4072654,2025-03-01
D01424,fp_487b25d79cf023dd,2025-06-01
D01425,fp_a41247a268e8f311,2025-06-01
D01426,fp_18a440bd1c4760a5,2025-09-01
D01427,fp_1111ee29a8ad1539,2025-01-01
D01428,fp_f013a170d5cf3b4c,2025-03-01
D01429,fp_df9d39102dbb45bd,2025-01-01
D01430,fp_1b67f7bb33bb7382,2025-08-01
D01431,fp_1947ea42310dc9d1,2025-01-01
D01432,fp_a449d64f922ddab6,2025-07-01
D01433,fp_7d6ab7c2a86d8706,2025-09-01
D01434,fp_b38950ce9fbc879e,2025-10-01
D01435,fp_0c90e0284185300d,2025-06-01
D01436,fp_9b1fc6d1388149dc,2025-12-01
D01437,fp_03599c6d1224cbd2,2025-04-01
D01438,fp_7dccc026a7df30b2,2025-02-01
D01439,fp_cd0fa4a677d2b94f,2025-11-01
D01440,fp_5c65a65c0f8a0c2c,2025-09-01
D01441,fp_f030bfd4be54898e,2025-07-01
D01442,fp_5e7b4866d2705470,2025-12-01
D01443,fp_d2da43ec0eecc013,2025-10-01
D01444,fp_876de8c5440c7e5b,2025-01-01
D01445,fp_1204f4d6bbfb1b71,2025-05-01
D01446,fp_f1d188b913f39289,2025-04-01
D01447,fp_84fcfcb0f5e90352,2025-02-01
D01448,fp_b9a4de2b19e9e3a4,2025-04-01
D01449,fp_62a50eec881af04f,2025-04-01
D01450,fp_86b4852c317046b9,2025-11-01
D01451,fp_91ed554a3faeef01,2025-11-01
D01452,fp_2dcc4095f28f9444,2025-09-01
D01453,fp_8ee25e54bfcb3388,2025-07-01
D01454,fp_1b02fa24bf00f56c,2025-11-01
D01455,fp_5ba37cb59399ad15,2025-11-01
D01456,fp_b3da5808756eb67d,2025-11-01
D01457,fp_e200c1576d54c95a,2025-02-01
D01458,fp_cadec3792ab403f6,2025-03-01
D01459,fp_66cc73768cca8963,2025-09-01
D01460,fp_a854027e56673e49,2025-03-01
D01461,fp_ff9957a888adb388,2025-10-01
D01462,fp_eefb2a2471693ed5,2025-06-01
D01463,fp_50adff63e7094153,2025-09-01
D01464,fp_ff31950afdd084a1,2025-06-01
D01465,fp_5f290290d8485a54,2025-07-01
D01466,fp_a21c1209c3a1962d,2025-07-01
D01467,fp_b9d276f4d37ee471,2025-06-01
D01468,fp_3d9ffe599bc0fa93,2025-10-01
D01469,fp_36c3fe858bae295e,2025-07-01
D01470,fp_8cdc718dc4057420,2025-12-01
D01471,fp_5c29850b410bfc29,2025-08-01
D01472,fp_f5b70dd9728f5897,2025-07-01
D01473,fp_b9efaad6000cd21a,2025-01-01
D01474,fp_48d3d2cefba3091f,2025-10-01
D01475,fp_84820c08042c65ad,2025-03-01
D01476,fp_e3ec4f6afe503fdc,2025-05-01
D01477,fp_4ce2afa201ae7eb1,2025-04-01
D01478,fp_db107e7f36fea0b4,2025-06-01
D01479,fp_c5828939058e389e,2025-12-01
D01480,fp_46a52064d284b528,2025-09-01
D01481,fp_8e6b308582e2b02d,2025-10-01
D01482,fp_9255273fed0940f7,2025-03-01
D01483,fp_09a9161a18233383,2025-08-01
D01484,fp_27f6a2ac5b0c4170,2025-03-01
D01485,fp_5df924fb43d643ed,2025-10-01
D01486,fp_3ba581263ff69f41,2025-05-01
D01487,fp_4ce09ecbcfa28fb8,2025-02-01
D01488,fp_66592d83920b725b,2025-10-01
D01489,fp_37a9f824eafa4d5b,2025-12-01
D01490,fp_b93c92d513c37b5d,2025-06-01
D01491,fp_7b874b4acafbc4fe,2025-03-01
D01492,fp_d3616b3a7cffae92,2025-12-01
D01493,fp_9383f86db3edd6ed,2025-02-01
D01494,fp_a46acc9a98611260,2025-05-01
D01495,fp_bb1502ea09912f46,2025-10-01
D01496,fp_1417182a61ad018a,2025-01-01
D01497,fp_c559cd0febffc53f,2025-06-01
D01498,fp_e13a14ca5911f42e,2025-07-01
D01499,fp_ee249b726aa12abd,2025-02-01
D01500,fp_c5384872deaa543e,2025-04-01
D01501,fp_a71c8948bf67de42,2025-10-01
D01502,fp_02ed5d15edbc36d8,2025-11-01
D01503,fp_a1d770eac704e80e,2025-07-01
D01504,fp_4e0648d00ddb545b,2025-09-01
D01505,fp_51beba8e0a8aeb94,2025-09-01
D01506,fp_264ae04f909e21ba,2025-06-01
D01507,fp_b2a0f778809d6444,2025-04-01
D01508,fp_0ceeddc22737f345,2025-11-01
D01509,fp_ff5376a4bb48bbba,2025-07-01
D01510,fp_7213e7ccf89617fa,2025-10-01
D01511,fp_8135f15a9343e6ea,2025-02-01
D01512,fp_6e93561538da9a90,2025-05-01
D01513,fp_64f2502ec94f6ed3,2025-03-01
D01514,fp_560f1e2d21d72432,2025-02-01
D01515,fp_9249ee3a79d19c4e,2025-12-01
D01516,fp_8c53b74c0c9fa6e6,2025-07-01
D01517,fp_15c7bc834336ffe5,2025-07-01
D01518,fp_6f3acf3380777ac5,2025-12-01
D01519,fp_c31496ea2160446e,2025-03-01
D01520,fp_8f2e08d37b1dbca3,2025-04-01
D01521,fp_65339cf07ce4770e,2025-11-01
D01522,fp_323390539242ba54,2025-09-01
D01523,fp_ff408dcc9db1f7f9,2025-12-01
D01524,fp_3f09f7a686351a54,2025-04-01
D01525,fp_44296ca21257429e,2025-07-01
D01526,fp_af4afcdd52cb1ae0,2025-10-01
D01527,fp_1ccec1ef16efacdf,2025-11-01
D01528,fp_6c6d282b69e08370,2025-06-01
D01529,fp_30c3ef8a592ab43d,2025-06-01
D01530,fp_9808552c5832c8de,2025-11-01
D01531,fp_c509d55806326b36,2025-05-01
D01532,fp_fcd6c18e2b54500d,2025-06-01
D01533,fp_d25355159dc0a8b5,2025-08-01
D01534,fp_25545c1a9f88dda3,2025-08-01
D01535,fp_ec993c800b7d1856,2025-04-01
D01536,fp_af73b3cf331e91f2,2025-06-01
D01537,fp_c1fad75327ef0a4b,2025-12-01
D01538,fp_15f7ef61da4ec04c,2025-02-01
D01539,fp_0df63417bd5538c7,2025-04-01
D01540,fp_9efa0407f2edcab0,2025-03-01
D01541,fp_d51b1974de668dd0,2025-05-01
D01542,fp_57e0a1f103840661,2025-12-01
D01543,fp_1c7cb6edcde55848,2025-05-01
D01544,fp_789fed9673373c2f,2025-01-01
D01545,fp_3581a63254f5df70,2025-12-01
D01546,fp_363d75f189bab9c8,2025-04-01
D01547,fp_85f4c0a28be27516,2025-05-01
D01548,fp_7ba79d058c7e2904,2025-10-01
D01549,fp_fe07832abadc4599,2025-03-01
D01550,fp_b2e19f66b1f02ea8,2025-11-01
D01551,fp_60694b6d04b51c12,2025-10-01
D01552,fp_a9dcfe52e7f2418a,2025-09-01
D01553,fp_4165964c0b21a308,2025-03-01
D01554,fp_48b51c880f635f4a,2025-04-01
D01555,fp_b24f92b9ca0841de,2025-10-01
D01556,fp_0d96feb34572b385,2025-08-01
D01557,fp_f1f71605a79e3626,2025-01-01
D01558,fp_637e3f94110c8d92,2025-11-01
D01559,fp_a9b92a1d457498ca,2025-11-01
D01560,fp_dd419a675c375254,2025-02-01
D01561,fp_4ae0fd7a04e25132,2025-11-01
D01562,fp_3b2dddc962f32fae,2025-07-01
D01563,fp_fa033d6c822fb2f0,2025-12-01
D01564,fp_e76428c4197fa0fd,2025-06-01
D01565,fp_dde4d1947c12d198,2025-10-01
D01566,fp_168885c288145bde,2025-03-01
D01567,fp_802aa6eb32e97c2d,2025-08-01
D01568,fp_ed25459e8f8937fa,2025-12-01
D01569,fp_0a2d36a605804493,2025-04-01
D01570,fp_8787c3f4ec19e4eb,2025-05-01
D01571,fp_7d6c3d2a5564d1d3,2025-07-01
D01572,fp_28317f0dbe9063fb,2025-01-01
D01573,fp_af2f077358c69158,2025-06-01
D01574,fp_a00f230b5afa0fb3,2025-05-01
D01575,fp_fef97d573c77ea4a,2025-09-01
D01576,fp_cfd835fc469ff562,2025-01-01
D01577,fp_41f74651a033edad,2025-07-01
D01578,fp_fffcd743e3f16406,2025-01-01
D01579,fp_8e10814ff1b2f143,2025-05-01
D01580,fp_26d658fb39bfc9b6,2025-06-01
D01581,fp_6491982be5ad481d,2025-11-01
D01582,fp_1679bbe023238416,2025-12-01
D01583,fp_854dc3bf61d85365,2025-11-01
D01584,fp_df695d179cc96aed,2025-11-01
D01585,fp_3a38b844afbffde4,2025-07-01
D01586,fp_92a97acd3d884938,2025-03-01
D01587,fp_f8751fd46d2ccf42,2025-05-01
D01588,fp_9af97493e8e46b31,2025-06-01
D01589,fp_8acfd4d672fcc072,2025-03-01
D01590,fp_a708728034ee0b67,2025-03-01
D01591,fp_8a962a1194be6d9f,2025-11-01
D01592,fp_33ca9a6bccd3af7c,2025-03-01
D01593,fp_b043a39a4f1a84cb,2025-12-01
D01594,fp_86181db2e60d7a94,2025-03-01
D01595,fp_fee543b36e18b184,2025-03-01
D01596,fp_eedb0ce5a7fecdcd,2025-10-01
D01597,fp_2875d40aeac7dc2e,2025-06-01
D01598,fp_8eadda9a115c42cd,2025-09-01
D01599,fp_b82d40def2d78d53,2025-02-01
D01600,fp_514e13532f237c4d,2025-03-01
D01601,fp_078c3875ba21e269,2025-06-01
D01602,fp_f90fb6e4e15052f3,2025-07-01
D01603,fp_6947cbacf610f40d,2025-05-01
D01604,fp_bee047627168bdec,2025-11-01
D01605,fp_bd03d33beee9795e,2025-05-01
D01606,fp_c7739d4626e6a84a,2025-04-01
D01607,fp_21acfdb51b555f6d,2025-03-01
D01608,fp_c32fc21b06b4ed27,2025-10-01
D01609,fp_44511ba09df034d3,2025-10-01
D01610,fp_9cc3c1f59129bc75,2025-04-01
D01611,fp_3b70509298ab182c,2025-04-01
D01612,fp_06ad7920aff7ff5d,2025-06-01
D01613,fp_b02a06ee14588063,2025-08-01
D01614,fp_8098580d22538040,2025-10-01
D01615,fp_b646e2b17800e27a,2025-11-01
D01616,fp_2f1915165fbbcda5,2025-07-01
D01617,fp_794e08387dcf60fd,2025-03-01
D01618,fp_317979f929ede760,2025-04-01
D01619,fp_68994c8408403234,2025-01-01
D01620,fp_451575b9ece9504b,2025-07-01
D01621,fp_be0bbddd38f95001,2025-11-01
D01622,fp_33ece6b1fcfd8547,2025-04-01
D01623,fp_2d54ff2b10ee4f77,2025-08-01
D01624,fp_9df79a27ddfc2a92,2025-08-01
D01625,fp_532c5c01b017c533,2025-08-01
D01626,fp_3f2d39c8e338e579,2025-07-01
D01627,fp_c6b6020a67a55936,2025-01-01
D01628,fp_bc3eb4029ba14c35,2025-07-01
D01629,fp_501a0ccfb85f164b,2025-07-01
D01630,fp_f06b6c129c8b9550,2025-12-01
D01631,fp_9803a82e926a4bd0,2025-09-01
D01632,fp_a43262b38675820e,2025-12-01
D01633,fp_09dbebb5c9739495,2025-09-01
D01634,fp_739cafa51bfc270c,2025-08-01
D01635,fp_e0b55615d3b6ef1b,2025-01-01
D01636,fp_feef21f8e0b62f90,2025-04-01
D01637,fp_89b1cad184c9b276,2025-07-01
D01638,fp_bc341b4ffbdc532e,2025-01-01
D01639,fp_632c817e8ec57d47,2025-09-01
D01640,fp_a1722ee3c3e1847c,2025-01-01
D01641,fp_4a8abb17309a083a,2025-08-01
D01642,fp_e267e12b65e5f13f,2025-05-01
D01643,fp_d3def87cc60fb252,2025-05-01
D01644,fp_2a9edda7761ad914,2025-07-01
D01645,fp_9cf65e334b5f174b,2025-01-01
D01646,fp_84581f73b0a0c1cd,2025-03-01
D01647,fp_d473e68776ad1c33,2025-11-01
D01648,fp_172720fa73a27c7b,2025-12-01
D01649,fp_1cf8d03f802b1bf4,2025-03-01
D01650,fp_95dfe6cbc75aec94,2025-12-01
D01651,fp_22a375568be15610,2025-07-01
D01652,fp_52ce55e369df05c7,2025-08-01
D01653,fp_2dcafc820660a3e9,2025-08-01
D01654,fp_e588b999971eea39,2025-12-01
D01655,fp_33b1d0dce552d0a8,2025-08-01
D01656,fp_400564b8171603b1,2025-06-01
D01657,fp_a6091ad0b11464aa,2025-12-01
D01658,fp_29fb832ccbe68571,2025-12-01
D01659,fp_1fa09802bbb71494,2025-02-01
D01660,fp_b4cb46131d39e9c2,2025-08-01
D01661,fp_5ce9dbbca25291f3,2025-02-01
D01662,fp_b5103e9c8618e40d,2025-07-01
D01663,fp_ca835709ba146757,2025-09-01
D01664,fp_f323123e9cb0c90c,2025-03-01
D01665,fp_8ce377d760f11528,2025-07-01
D01666,fp_c4acb57d0b3d6dc9,2025-03-01
D01667,fp_55cf37bae98965f2,2025-10-01
D01668,fp_a8d6faf6df0ddef1,2025-03-01
D01669,fp_de6ae4592980f6ff,2025-03-01
D01670,fp_c4e775b92dca365a,2025-12-01
D01671,fp_6b69b4ae0d22af35,2025-05-01
D01672,fp_baebe15d4f3c9771,2025-08-01
D01673,fp_a05f36c849ed856e,2025-03-01
D01674,fp_e606d7c21e18046d,2025-03-01
D01675,fp_33ee16e7f5defeba,2025-01-01
D01676,fp_c3f0fac39f601d17,2025-05-01
D01677,fp_75699aef03200c4e,2025-08-01
D01678,fp_7fa70485dafc3805,2025-09-01
D01679,fp_0178de26ceb557ac,2025-10-01
D01680,fp_7e53d702e1f8d192,2025-04-01
D01681,fp_96bfae6e37850b5c,2025-11-01
D01682,fp_7428349179c842cb,2025-07-01
D01683,fp_1453e17e711ebe6f,2025-10-01
D01684,fp_01aec50599a04abb,2025-04-01
D01685,fp_8c1e9464e1d5c0dc,2025-05-01
D01686,fp_a0ee404f9ea8fcb1,2025-09-01
D01687,fp_d343bf88d1f379b1,2025-04-01
D01688,fp_2f51ac6e0c85f154,2025-03-01
D01689,fp_a73d27460e18ab96,2025-06-01
D01690,fp_253741e409668d08,2025-01-01
D01691,fp_93fde248aac04912,2025-10-01
D01692,fp_54c3b22e4c66aa4d,2025-02-01
D01693,fp_1be00f8e0c8d51d2,2025-07-01
D01694,fp_2da1afdafe656dcc,2025-03-01
D01695,fp_48cd29c5ac0e1f71,2025-10-01
D01696,fp_b107094ea9325ae1,2025-12-01
D01697,fp_92811c92984fe323,2025-09-01
D01698,fp_f75efed82d6b5953,2025-08-01
D01699,fp_94372280bfd467e7,2025-06-01
D01700,fp_092cd030ee757637,2025-02-01
D01701,fp_4c9e903ac4bd338e,2025-06-01
D01702,fp_e5c482ff5e5a90c1,2025-07-01
D01703,fp_11529a73d1fcdedd,2025-07-01
D01704,fp_8cebac57d7e323cf,2025-02-01
D01705,fp_788773ed4af715b7,2025-03-01
D01706,fp_b1d294571f3cea1d,2025-05-01
D01707,fp_86eced9954470290,2025-07-01
D01708,fp_35b86d0a864f36dd,2025-12-01
D01709,fp_9caf8df135845d71,2025-01-01
D01710,fp_92451cc41bfb3b3d,2025-12-01
D01711,fp_a104bdcefab6ad91,2025-09-01
D01712,fp_16718639fcb86f9e,2025-08-01
D01713,fp_b04ba584b95cec2d,2025-10-01
D01714,fp_c9c67b51ef13864b,2025-12-01
D01715,fp_6d53628b49851b79,2025-10-01
D01716,fp_510564f9d90949aa,2025-05-01
D01717,fp_933c8d0086800a0b,2025-10-01
D01718,fp_ed56c7145a9621f5,2025-03-01
D01719,fp_9008cdc99d421bae,2025-08-01
D01720,fp_baabd9f2850b7073,2025-11-01
D01721,fp_7e14c5957f6bf62c,2025-03-01
D01722,fp_9c02040de237c877,2025-04-01
D01723,fp_4a5d6ceab565f64e,2025-04-01
D01724,fp_1e42d2b800679b62,2025-01-01
D01725,fp_a01e31f57702beba,2025-02-01
D01726,fp_d91b1a04bccaba38,2025-04-01
D01727,fp_9d84d303ccb03fc5,2025-07-01
D01728,fp_0ba5605069fe99a9,2025-06-01
D01729,fp_8f7763e05982aa44,2025-11-01
D01730,fp_02e460aa365bc763,2025-11-01
D01731,fp_b0a4f5573381001f,2025-05-01
D01732,fp_ca4a40bc412181a3,2025-02-01
D01733,fp_4cdf697f4eca2e96,2025-09-01
D01734,fp_52ecac278ccc617e,2025-01-01
D01735,fp_af92ef221d2467e2,2025-06-01
D01736,fp_65637d1f57637902,2025-12-01
D01737,fp_9db1bd5e91a4d796,2025-01-01
D01738,fp_2cf6073bd500c147,2025-04-01
D01739,fp_d5759337549c9eb9,2025-06-01
D01740,fp_ac273009ec1a86d3,2025-08-01
D01741,fp_7978dc84ea89a979,2025-01-01
D01742,fp_22c0c475a54976d0,2025-08-01
D01743,fp_a090360d27c7655a,2025-08-01
D01744,fp_dd7f57d1e45def26,2025-09-01
D01745,fp_55c9bf0fe55b93ad,2025-08-01
D01746,fp_d06d3943c8b3815e,2025-07-01
D01747,fp_be1a070fed83a4c8,2025-01-01
D01748,fp_85650e0bd5c97d5d,2025-05-01
D01749,fp_b997402490a014ab,2025-11-01
D01750,fp_8e2017e150c4cb4b,2025-09-01
D01751,fp_3550b07e04cabb38,2025-10-01
D01752,fp_54eb8e20af7c7d2b,2025-06-01
D01753,fp_f83893a210f35676,2025-03-01
D01754,fp_d73aae7b47cc3a66,2025-01-01
D01755,fp_fbce708756d2b14d,2025-07-01
D01756,fp_88c62063a06303ca,2025-03-01
D01757,fp_9b0e70ad922bda48,2025-07-01
D01758,fp_985e7e892ff8107a,2025-02-01
D01759,fp_c847b130dd56030e,2025-05-01
D01760,fp_db9a0eb7b48c531b,2025-06-01
D01761,fp_0818c965b5b81351,2025-05-01
D01762,fp_1638613769f35b2d,2025-08-01
D01763,fp_3cd61f5ee0864418,2025-06-01
D01764,fp_d457530573b0220d,2025-05-01
D01765,fp_866cfb2b3754f16f,2025-05-01
D01766,fp_1cbb304b2ccda2af,2025-06-01
D01767,fp_0992b886c8f216c1,2025-04-01
D01768,fp_17b4e75be9d18ec2,2025-08-01
D01769,fp_0662200c8188de48,2025-08-01
D01770,fp_80038f26e7ab2ef7,2025-03-01
D01771,fp_5711d5fd30b1b67b,2025-08-01
D01772,fp_dfb68a5fbb8141f0,2025-09-01
D01773,fp_c68958364f73ab1c,2025-06-01
D01774,fp_c4fcbb8424aefbea,2025-02-01
D01775,fp_fb764637d277ab64,2025-09-01
D01776,fp_fe22eba1ad3d581e,2025-03-01
D01777,fp_b97d76173487246c,2025-01-01
D01778,fp_6338fb2975992b0a,2025-12-01
D01779,fp_85b864d4dd643387,2025-02-01
D01780,fp_4f9c78bf010d583f,2025-01-01
D01781,fp_d91ea7e6afe2a940,2025-10-01
D01782,fp_164a9b18df3334c6,2025-06-01
D01783,fp_e3a1af9777852ddb,2025-01-01
D01784,fp_854494ab1a64f27d,2025-11-01
D01785,fp_4ffebdfdbedcacb7,2025-01-01
D01786,fp_c22ca6a893daf60d,2025-05-01
D01787,fp_e462ff64a38bbaa4,2025-04-01
D01788,fp_33579b275225374a,2025-04-01
D01789,fp_46d28109495c7ac8,2025-09-01
D01790,fp_c5d5601651b3ccf5,2025-08-01
D01791,fp_1e1e5d91abcec90f,2025-05-01
D01792,fp_2851a8be2639e214,2025-05-01
D01793,fp_03e7dd211d4d46d6,2025-10-01
D01794,fp_83997ac58f43a250,2025-02-01
D01795,fp_8ae3297e34e24142,2025-06-01
D01796,fp_51883a268ca33a54,2025-05-01
D01797,fp_f17aa7a9243d116d,2025-12-01
D01798,fp_48843b5bcdd3214c,2025-10-01
D01799,fp_2bd8ad4d3eacdb28,2025-02-01
D01800,fp_9cfecbd84fb67094,2025-06-01
D01801,fp_7192e4438a6342ca,2025-01-01
D01802,fp_076c108d214c87b1,2025-08-01
D01803,fp_aced4d55e73e2bc5,2025-01-01
D01804,fp_6233960a1b1e06c3,2025-01-01
D01805,fp_6d2cdbf9160beed4,2025-07-01
D01806,fp_b465c0272dd1d45b,2025-10-01
D01807,fp_97bedf31e42aa836,2025-11-01
D01808,fp_b0ac0677d60f8680,2025-12-01
D01809,fp_9dc6d7837222534d,2025-06-01
D01810,fp_5513b74f4ffc1c54,2025-04-01
D01811,fp_c226ab53b680873b,2025-11-01
D01812,fp_889277fecf2e45ef,2025-02-01
D01813,fp_ec3b9258f943375e,2025-08-01
D01814,fp_21bd55eb915aa3c0,2025-02-01
D01815,fp_cd66d79dd0170108,2025-12-01
D01816,fp_18e63a5577e0ee02,2025-08-01
D01817,fp_af39f2ce4f75d45a,2025-11-01
D01818,fp_c438eae0b5d0b595,2025-08-01
D01819,fp_3b504fda7875b1c7,2025-04-01
D01820,fp_dc70ce2224caf1b8,2025-10-01
D01821,fp_e9b14c76420fbeef,2025-06-01
D01822,fp_2ef03a1b645f273c,2025-12-01
D01823,fp_aa4946f4ead1d758,2025-06-01
D01824,fp_dc5cd673c9ed66a6,2025-06-01
D01825,fp_7ccd3dc0740a5bed,2025-01-01
D01826,fp_79af834810bbc60d,2025-02-01
D01827,fp_7a88f16259f8068e,2025-08-01
D01828,fp_2bb9a661d8842354,2025-05-01
D01829,fp_593edc83c497d0a8,2025-10-01
D01830,fp_209ce4a5931e1d4d,2025-09-01
D01831,fp_67db09431a59c3eb,2025-12-01
D01832,fp_1b63205fcbf85149,2025-06-01
D01833,fp_a64272a28e5fd65f,2025-02-01
D01834,fp_4d579d00cadcc10f,2025-09-01
D01835,fp_669be896760272ba,2025-10-01
D01836,fp_3d13452669d75427,2025-10-01
D01837,fp_8c4663083e628981,2025-03-01
D01838,fp_7b7ce7ccf950f7fa,2025-07-01
D01839,fp_57390b0310e94dce,2025-04-01
D01840,fp_b1ade82ad05cc78d,2025-10-01
D01841,fp_c8c8ccf96e5fbf71,2025-07-01
D01842,fp_c98e3f5b9134c0b7,2025-06-01
D01843,fp_b1b2b5f88b661d1f,2025-04-01
D01844,fp_a9a0f4ef2c4f5416,2025-11-01
D01845,fp_bd47288513f0e33f,2025-12-01
D01846,fp_d635212d92fe00e8,2025-08-01
D01847,fp_979800c31d444351,2025-10-01
D01848,fp_534bfa8676812ad7,2025-09-01
D01849,fp_d2701a5218ffd8ad,2025-08-01
D01850,fp_4edb6dc82d19bd52,2025-07-01
D01851,fp_9927839b11d1ce50,2025-02-01
D01852,fp_d066ad21af7d7f21,2025-10-01
D01853,fp_d1e2b878c576c26d,2025-07-01
D01854,fp_7e8a207853d106cb,2025-11-01
D01855,fp_0fbd4c81a9008ecd,2025-02-01
D01856,fp_d1291d1337b567b4,2025-03-01
D01857,fp_94ad345ae3239264,2025-11-01
D01858,fp_000c14a5cf51a203,2025-03-01
D01859,fp_26330c43a92f85fe,2025-08-01
D01860,fp_4a9ff50e880061b6,2025-07-01
D01861,fp_93f3503d9d96232d,2025-08-01
D01862,fp_34a63e7632173525,2025-11-01
D01863,fp_510c8c48e09ef2a3,2025-05-01
D01864,fp_cb5a4d7791fda27f,2025-11-01
D01865,fp_eb22ec1d4df6ff4f,2025-07-01
D01866,fp_fb8a61ebb7c12a4c,2025-06-01
D01867,fp_16db8a18fd8398c3,2025-10-01
D01868,fp_9c8aa87202141a68,2025-09-01
D01869,fp_d8feb8de67797b58,2025-03-01
D01870,fp_4b4fafafda3dc780,2025-01-01
D01871,fp_e6ace59a5e85643c,2025-09-01
D01872,fp_0d99c071f7c8435f,2025-01-01
D01873,fp_8f5e248eb40f040e,2025-06-01
D01874,fp_dc7abd161c153057,2025-05-01
D01875,fp_07fbb920dd9d2e4d,2025-04-01
D01876,fp_b3c4d0306e84e832,2025-10-01
D01877,fp_a00e0b6064eec4c1,2025-06-01
D01878,fp_61fe800ab636cc4c,2025-07-01
D01879,fp_6f689d6561ae3f21,2025-09-01
D01880,fp_a998c8e1361241be,2025-03-01
D01881,fp_239a046d79912c51,2025-04-01
D01882,fp_6274d2408e301bcc,2025-06-01
D01883,fp_6acff20fd707cb6d,2025-03-01
D01884,fp_ff59477849d93a08,2025-11-01
D01885,fp_226001c62023fd4b,2025-01-01
D01886,fp_a5fcd671125df206,2025-01-01
D01887,fp_b8a9b01424dcea07,2025-08-01
D01888,fp_6fcddf50a86de251,2025-03-01
D01889,fp_2320de1615ac80e4,2025-11-01
D01890,fp_6a7580e2ce52309d,2025-08-01
D01891,fp_c9f7369fe4c1d210,2025-12-01
D01892,fp_ee28dccd9abbe46b,2025-07-01
D01893,fp_2e07336d9f8d367d,2025-08-01
D01894,fp_6c936f698269041a,2025-09-01
D01895,fp_73363302d1f03374,2025-07-01
D01896,fp_39ca28265af56a23,2025-03-01
D01897,fp_9ac550236cbdd931,2025-01-01
D01898,fp_7f8736f193f3c702,2025-12-01
D01899,fp_b64e26cf3c9ba542,2025-09-01
D01900,fp_692caaae44ed98e2,2025-09-01
D01901,fp_5df1bf6f938bd3f8,2025-01-01
D01902,fp_09b185d6fa6d81ee,2025-10-01
D01903,fp_b4732eb67bb775d4,2025-06-01
D01904,fp_948c7eb41cf8570b,2025-08-01
D01905,fp_b0c46ddcf63471f8,2025-02-01
D01906,fp_baed6f49245fd841,2025-12-01
D01907,fp_fbcbd6ec86c2ad8f,2025-05-01
D01908,fp_8456ce4f77061136,2025-02-01
D01909,fp_e3d1803c85fab5ea,2025-10-01
D01910,fp_3ec77a8f16a46b83,2025-08-01
D01911,fp_bddf2416a1731ed8,2025-11-01
D01912,fp_ab310bfef5dd7f92,2025-02-01
D01913,fp_a2395ad5af1f798c,2025-09-01
D01914,fp_94628786cc502a89,2025-05-01
D01915,fp_0d829d529cf021b8,2025-06-01
D01916,fp_c74d8df088f7f097,2025-01-01
D01917,fp_743b9f717807c947,2025-09-01
D01918,fp_781f9d3fe7f339dc,2025-10-01
D01919,fp_54de19cdbbdb4536,2025-07-01
D01920,fp_f5e8a7e15a589b67,2025-05-01
D01921,fp_2ae1d0bc4a099088,2025-01-01
D01922,fp_ec40d95ab1eedf64,2025-10-01
D01923,fp_4dd7962bbfda55c9,2025-12-01
D01924,fp_904f0df7c8f72c2d,2025-05-01
D01925,fp_a119ceee0fb91307,2025-08-01
D01926,fp_2b48c6e694010dfe,2025-10-01
D01927,fp_a80494630d36f5e4,2025-05-01
D01928,fp_bcc4f0dbcf13cb3d,2025-10-01
D01929,fp_496cc03a06fd01e6,2025-08-01
D01930,fp_20775ce4151f62f9,2025-09-01
D01931,fp_d9f850e913ad3ead,2025-05-01
D01932,fp_21ee0f6c408669bb,2025-10-01
D01933,fp_4674a0eb47edc6dd,2025-05-01
D01934,fp_bdce4d4d03a2cee9,2025-02-01
D01935,fp_2cb37e239a940c6c,2025-10-01
D01936,fp_26b0d2c9bd2cf4eb,2025-11-01
D01937,fp_5ea909ef7257dcb6,2025-03-01
D01938,fp_c853bc5542e17302,2025-12-01
D01939,fp_7c239ebc3c775558,2025-03-01
D01940,fp_8702f4adcca3a4c4,2025-01-01
D01941,fp_fbec1ed857c4e2c3,2025-02-01
D01942,fp_252352f6f7a3f6a6,2025-10-01
D01943,fp_d25c7d37ef16d03b,2025-03-01
D01944,fp_7ef6775bd66de2a1,2025-07-01
D01945,fp_62173b7fc536d2ce,2025-04-01
D01946,fp_70aff6eba9217ddc,2025-12-01
D01947,fp_2ad3136fa33817fa,2025-04-01
D01948,fp_bbff16e993e7e893,2025-06-01
D01949,fp_a46b39320de84b63,2025-05-01
D01950,fp_d1ccc8d3c1676505,2025-02-01
D01951,fp_2ae7dc190d722918,2025-08-01
D01952,fp_79ea5621661423a7,2025-05-01
D01953,fp_bf03b8c279ec958b,2025-09-01
D01954,fp_613a9ff93bd13a43,2025-11-01
D01955,fp_63dba8c8b4a2b699,2025-08-01
D01956,fp_25288a1b433b66fc,2025-09-01
D01957,fp_6f4abfccdeca8598,2025-01-01
D01958,fp_ed5e749b49ee4969,2025-08-01
D01959,fp_adb1be7a61cb0527,2025-06-01
D01960,fp_87beb021f63614f5,2025-11-01
D01961,fp_0a802167f4b3f20e,2025-02-01
D01962,fp_8802d74aeaef2ec2,2025-11-01
D01963,fp_f4c873a75a947a40,2025-07-01
D01964,fp_eb04cd299c48c830,2025-11-01
D01965,fp_45c87f41dbbd3290,2025-06-01
D01966,fp_445fdde1453417b5,2025-02-01
D01967,fp_a7830a8f415e3805,2025-10-01
D01968,fp_760b36736422a73e,2025-11-01
D01969,fp_3de667f9bfc46c0e,2025-12-01
D01970,fp_96b6a287ac00f929,2025-04-01
D01971,fp_56604762851b9860,2025-11-01
D01972,fp_fe43541ab0b6148c,2025-03-01
D01973,fp_8c30563f5032739c,2025-01-01
D01974,fp_022b7e76ac3cbe34,2025-02-01
D01975,fp_69479974030fe73e,2025-02-01
D01976,fp_1a99aae08677b81d,2025-11-01
D01977,fp_59fcfaeb722944a9,2025-04-01
D01978,fp_4886274cb9aa06f5,2025-05-01
D01979,fp_08b6f61d316da914,2025-01-01
D01980,fp_178976de9e90d107,2025-01-01
D01981,fp_98197749f041e4f7,2025-11-01
D01982,fp_d5e0a664e4db04c8,2025-04-01
D01983,fp_99714b2bf3533e8a,2025-11-01
D01984,fp_b54468e41f2da344,2025-02-01
D01985,fp_db3fb4a2161d6acf,2025-10-01
D01986,fp_603ecfef21419a14,2025-11-01
D01987,fp_e65fa9fac38c2eaf,2025-11-01
D01988,fp_cd9e84ec90e9e294,2025-03-01
D01989,fp_1c6057fee5605cfb,2025-12-01
D01990,fp_40da9c7d2f2bdc13,2025-05-01
D01991,fp_a9151364778a669f,2025-02-01
D01992,fp_7414e3e1a3871e92,2025-05-01
D01993,fp_6d4ec8a4c4f4b844,2025-12-01
D01994,fp_aae6787ee744aa30,2025-06-01
D01995,fp_29769b0f41e0cfaf,2025-02-01
D01996,fp_c6f06a7146fc4ff2,2025-01-01
D01997,fp_637aa99961ff1d9a,2025-06-01
D01998,fp_0f6000f3fef72410,2025-05-01
D01999,fp_d013b7a3f4a29332,2025-05-01
D02000,fp_70c983362d8cc973,2025-02-01
D02001,fp_fabb66097de17a85,2025-04-01
D02002,fp_6483b0e79c3cbe9d,2025-03-01
D02003,fp_7df77791a53e62ba,2025-02-01
D02004,fp_8a66de6724d4d5a3,2025-07-01
D02005,fp_9d2ce51b37e82d71,2025-11-01
D02006,fp_e9a0c20d1b332e43,2025-08-01
D02007,fp_424d9430b72479b7,2025-02-01
D02008,fp_12aada4b08eca4c8,2025-02-01
D02009,fp_ba40662f9243a301,2025-05-01
D02010,fp_7225539dc6f903cf,2025-01-01
D02011,fp_7f695b97e581d601,2025-03-01
D02012,fp_a3ed033aa7222ea2,2025-01-01
D02013,fp_09af9883eed21f94,2025-11-01
D02014,fp_44352e6f63f6bf77,2025-03-01
D02015,fp_546fcba3b336d143,2025-07-01
D02016,fp_00f2baa4931b9fae,2025-09-01
D02017,fp_f09e0302b525a4d9,2025-08-01
D02018,fp_6fa179a57a675870,2025-07-01
D02019,fp_ba4ef72fd8139af7,2025-02-01
D02020,fp_39d119508a45e02e,2025-01-01
D02021,fp_f443864c62699a44,2025-12-01
D02022,fp_c7a2ee6fd166eb08,2025-08-01
D02023,fp_9136e5301f0733df,2025-09-01
D02024,fp_fdd99681ef5eeca5,2025-06-01
D02025,fp_ae8cc97b555c4e18,2025-05-01
D02026,fp_0e213ce5668eb10e,2025-11-01
D02027,fp_f5757b77ff3c6d4e,2025-11-01
D02028,fp_5d87edd21735f36b,2025-09-01
D02029,fp_f5ff3705da74a056,2025-06-01
D02030,fp_d757ad381498d0dd,2025-08-01
D02031,fp_c439dfcfc2ad0d97,2025-05-01
D02032,fp_33ffb402a5d5bbf9,2025-03-01
D02033,fp_0a119bac8df21ad5,2025-07-01
D02034,fp_30e59543a925de85,2025-05-01
D02035,fp_63dde733b225574e,2025-02-01
D02036,fp_b057fcd4a1701e8e,2025-06-01
D02037,fp_15b98c207c8b7f1e,2025-11-01
D02038,fp_bc3e34af701fb3ea,2025-04-01
D02039,fp_092385fe23d34d22,2025-04-01
D02040,fp_b840d136067e4b72,2025-10-01
D02041,fp_7d3e58303d0d5c8f,2025-07-01
D02042,fp_caf0f442102048e6,2025-09-01
D02043,fp_4ec77371a4b65cfa,2025-08-01
D02044,fp_f707371288b04b77,2025-08-01
D02045,fp_feeef3e1f7716700,2025-01-01
D02046,fp_56db638a097ba119,2025-01-01
D02047,fp_c9abda915674b9e2,2025-12-01
D02048,fp_67cf5ce00af5e4a9,2025-02-01
D02049,fp_ce9e592936308a60,2025-11-01
D02050,fp_85eb2b3faad53fb8,2025-08-01
D02051,fp_ad968213f0a9b97f,2025-09-01
D02052,fp_bdb58d062621d32d,2025-10-01
D02053,fp_ecc0baa63ba4f2ba,2025-02-01
D02054,fp_bc4716ad0970d09d,2025-03-01
D02055,fp_a76180c77d283421,2025-01-01
D02056,fp_e83cdff978a1d988,2025-10-01
D02057,fp_3e20718a0bb9a8f6,2025-12-01
D02058,fp_216aebcfa616dde4,2025-01-01
D02059,fp_a1f619ed2c1882c9,2025-01-01
D02060,fp_4eada8d3e797f3ae,2025-02-01
D02061,fp_9c794cdb74c88361,2025-03-01
D02062,fp_974e8f83d5d9a385,2025-02-01
D02063,fp_d145bd7fd15b5a37,2025-02-01
D02064,fp_7f44cbca1d3ae131,2025-10-01
D02065,fp_9d99d4c5cc96bf43,2025-04-01
D02066,fp_cdf0aaba1027fbf7,2025-04-01
D02067,fp_565c1e3f6d1c31d6,2025-12-01
D02068,fp_66ea0949adab7b01,2025-06-01
D02069,fp_f9d185071eece891,2025-11-01
D02070,fp_8bbf1b30937292e6,2025-03-01
D02071,fp_d62015f05253b6f7,2025-04-01
D02072,fp_0bab8f53c3a4704f,2025-10-01
D02073,fp_55e392952c6710bd,2025-02-01
D02074,fp_461de0171ee92d3b,2025-03-01
D02075,fp_6a478ddfc1eecd7a,2025-03-01
D02076,fp_5eb38ef5b24070ca,2025-09-01
D02077,fp_704c19e22a3dd769,2025-04-01
D02078,fp_94fd0594ecf91245,2025-01-01
D02079,fp_19977e2e22249813,2025-11-01
D02080,fp_604a1fe29cc8f772,2025-03-01
D02081,fp_e12f3b2104005940,2025-08-01
D02082,fp_01a0204714aa3ca3,2025-01-01
D02083,fp_ed174fdd2dee003e,2025-02-01
D02084,fp_a6d977a1b4ecfe8d,2025-10-01
D02085,fp_48a2a172e30cdee2,2025-07-01
D02086,fp_ceb28a32b189727f,2025-08-01
D02087,fp_207c0594b13e655f,2025-04-01
D02088,fp_a3cb9e1824a167fd,2025-05-01
D02089,fp_734eab1085e9054f,2025-07-01
D02090,fp_f026a4183d3fbbec,2025-03-01
D02091,fp_b11184e79c4c37b3,2025-01-01
D02092,fp_2e1482be98a547b2,2025-12-01
D02093,fp_9caf4bfe7ff8a2c6,2025-02-01
D02094,fp_d3946dc7a08fa1c6,2025-05-01
D02095,fp_6b358d15590cee67,2025-01-01
D02096,fp_3c52d68a8ec61be5,2025-04-01
D02097,fp_fc920c731e14fe04,2025-09-01
D02098,fp_187ebca4fa0f01a4,2025-10-01
D02099,fp_dcdbf14e5ca59057,2025-09-01
D02100,fp_38227b0d81ee30e4,2025-08-01
D02101,fp_a05ff5e6c5346e41,2025-11-01
D02102,fp_46c3e49735469cb1,2025-01-01
D02103,fp_1cd889e231979167,2025-03-01
D02104,fp_d80213baaf6c2278,2025-08-01
D02105,fp_2d238ed17f5d21f2,2025-03-01
D02106,fp_ec344cf0ab8e77a1,2025-01-01
D02107,fp_a51599820dd4c0e6,2025-06-01
D02108,fp_35a7ac9b48f9fd0d,2025-07-01
D02109,fp_5594552b405a8e7e,2025-10-01
D02110,fp_e3dc419dce1e8d1f,2025-08-01
D02111,fp_1abb574e0b16dac4,2025-12-01
D02112,fp_ecc3b6990d6dcb42,2025-09-01
D02113,fp_2875ad5d2d06f862,2025-01-01
D02114,fp_83d0bae77c2cfbcf,2025-02-01
D02115,fp_e523e8a91223d906,2025-04-01
D02116,fp_71dfc82cb8addf54,2025-10-01
D02117,fp_5372ebed946b4482,2025-07-01
D02118,fp_bf4113cb32e15f17,2025-11-01
D02119,fp_536016e7e5fbc1c0,2025-04-01
D02120,fp_1c31aaf3c76aec88,2025-06-01
D02121,fp_191abb3d3a4fece7,2025-04-01
D02122,fp_699fdb02bcdd0b48,2025-04-01
D02123,fp_e43081aa6022e3ff,2025-04-01
D02124,fp_7892d14512d2d7e6,2025-10-01
D02125,fp_0de92f1b7c0224e5,2025-07-01
D02126,fp_3756999b251adf0e,2025-10-01
D02127,fp_2d9563ed747a4829,2025-07-01
D02128,fp_22eb69b15f9cb7e0,2025-08-01
D02129,fp_31b42308b8463413,2025-11-01
D02130,fp_f9be07f35bcc90fc,2025-05-01
D02131,fp_55fcf99133c417d5,2025-03-01
D02132,fp_b134b58f083759f8,2025-10-01
D02133,fp_47d5ac920f4555da,2025-03-01
D02134,fp_da05d2fc1c71a821,2025-08-01
D02135,fp_6b10b78675656daf,2025-03-01
D02136,fp_57f498e0c2a59d7b,2025-04-01
D02137,fp_4b8fb475e2ebb2d2,2025-10-01
D02138,fp_ca1fbff22823442c,2025-11-01
D02139,fp_9c8d1adef3e816b5,2025-03-01
D02140,fp_f85ad28793ffc45f,2025-09-01
D02141,fp_3acdc514dae18b28,2025-02-01
D02142,fp_db62a1f76964eb16,2025-09-01
D02143,fp_dcb913b47d3d16ca,2025-04-01
D02144,fp_7936931e9771d80b,2025-08-01
D02145,fp_03b686574777be21,2025-12-01
D02146,fp_bc7637a06d98a416,2025-04-01
D02147,fp_53c9aacb3f71e1ae,2025-07-01
D02148,fp_38efa3bc9457f388,2025-10-01
D02149,fp_2622e0d6f23d9820,2025-10-01
D02150,fp_014cc3a1e5f3d466,2025-07-01
D02151,fp_0b5246f3faed5777,2025-01-01
D02152,fp_787cb0d3fdc419b2,2025-12-01
D02153,fp_81145252c4c36368,2025-01-01
D02154,fp_87f797fa6cfa855f,2025-07-01
D02155,fp_cf4994e07ab16533,2025-12-01
D02156,fp_191679d3d24025ea,2025-08-01
D02157,fp_3d9229527ecb002e,2025-02-01
D02158,fp_c0c9c3ed8ef90060,2025-01-01
D02159,fp_bb56588bb172ec53,2025-07-01
D02160,fp_37cf45f6f32ede3c,2025-03-01
D02161,fp_4bb8ebe25bc07988,2025-04-01
D02162,fp_ffbb4bcca5cbbf6f,2025-02-01
D02163,fp_7ad30e2a0413ffc7,2025-11-01
D02164,fp_296be9034e09c596,2025-12-01
D02165,fp_dba0c89e75938f5a,2025-10-01
D02166,fp_956abfdfbf4e2e46,2025-01-01
D02167,fp_7470724cf9f6b641,2025-08-01
D02168,fp_237cdb55c596fab7,2025-12-01
D02169,fp_2f589a8167c5b29b,2025-06-01
D02170,fp_76dc16b5a076aed6,2025-12-01
D02171,fp_00595e29a226a75b,2025-11-01
D02172,fp_6287729e12194d94,2025-12-01
D02173,fp_87ea651b5539562b,2025-01-01
D02174,fp_6d07ee0b4bed523c,2025-05-01
D02175,fp_f2335074b2b3bb39,2025-10-01
D02176,fp_93423b4f8add06f9,2025-04-01
D02177,fp_af4637b3c9a62c37,2025-02-01
D02178,fp_e17f348d9ed62705,2025-06-01
D02179,fp_eea77ea8bc5ad195,2025-01-01
D02180,fp_f200a32c83c5c510,2025-11-01
D02181,fp_e35285395d2e7b90,2025-01-01
D02182,fp_620956a81c684db0,2025-06-01
D02183,fp_9e7f87a777215daa,2025-01-01
D02184,fp_5dce8d9b5d96120d,2025-03-01
D02185,fp_8f0ce422a5eea4a2,2025-12-01
D02186,fp_8f8dd99511274cb2,2025-12-01
D02187,fp_34680b6ec6090b78,2025-03-01
D02188,fp_55bdf39efb334e61,2025-04-01
D02189,fp_1d121daf8a257159,2025-11-01
D02190,fp_bcc4f0877a7e8c31,2025-10-01
D02191,fp_f587d26ddf02774d,2025-12-01
D02192,fp_c0cffa7335b50ec5,2025-12-01
D02193,fp_39b6410ec2c96b28,2025-06-01
D02194,fp_e5def08e5a4b4fdb,2025-05-01
D02195,fp_ae2356f380e9b300,2025-07-01
D02196,fp_0df1172a46f2ff38,2025-02-01
D02197,fp_5860c4f45f70b951,2025-08-01
D02198,fp_805f08927c795dd9,2025-09-01
D02199,fp_1f69e2b1d45e087f,2025-08-01
D02200,fp_882ae449b5b71c24,2025-11-01
D02201,fp_8869372ad34c0a09,2025-05-01
D02202,fp_9ef6a99f73b4daf3,2025-06-01
D02203,fp_ac5dd02dccc67ffd,2025-12-01
D02204,fp_fa63bde0cf0d3f06,2025-02-01
D02205,fp_e453c4c23037f0b7,2025-08-01
D02206,fp_14860c2d1659ddcc,2025-07-01
D02207,fp_2dc69c90e5dfc7af,2025-05-01
D02208,fp_f4e580aaf5504c52,2025-02-01
D02209,fp_2a2e1e6a1bff56f4,2025-05-01
D02210,fp_b273f93c1cada48a,2025-03-01
D02211,fp_26870a987f0f6662,2025-04-01
D02212,fp_f3bd2348854bc8fa,2025-11-01
D02213,fp_4b0d271605cf079e,2025-07-01
D02214,fp_aeb1fcd3f8360a87,2025-09-01
D02215,fp_21cc8ba7ee854c72,2025-08-01
D02216,fp_6b8da34058c158e2,2025-08-01
D02217,fp_a50a0a29bcda835f,2025-01-01
D02218,fp_3066478c4aa0d842,2025-02-01
D02219,fp_df2ddf2005a43113,2025-04-01
D02220,fp_f28bffb9d5bf1edb,2025-09-01
D02221,fp_55fc0f2ba50939f1,2025-07-01
D02222,fp_57c13f7e9425fc3a,2025-11-01
D02223,fp_c96d525ea5639cf4,2025-06-01
D02224,fp_97e642d67c743895,2025-11-01
D02225,fp_87b8f95cb265a6c2,2025-09-01
D02226,fp_753ff3e271fc5136,2025-05-01
D02227,fp_21c7c0f6913767ab,2025-05-01
D02228,fp_ca0d72ce2bf6f6c4,2025-05-01
D02229,fp_7bf75b573a0e618f,2025-06-01
D02230,fp_49c3f48bf8815f18,2025-01-01
D02231,fp_5a66219e25f98046,2025-05-01
D02232,fp_f4ca6e7074b799ec,2025-03-01
D02233,fp_ec93e43d9e5e8cfe,2025-03-01
D02234,fp_890a83b4b639529e,2025-05-01
D02235,fp_f92408c32ea9ef6c,2025-03-01
D02236,fp_b546c5c0d6de70c5,2025-12-01
D02237,fp_aa964dfbe79b265a,2025-03-01
D02238,fp_3ce75d1e2947fd26,2025-02-01
D02239,fp_fe67e8e90a88e6ca,2025-06-01
D02240,fp_2060917a931414e8,2025-08-01
D02241,fp_5ea2d56b42aa0bc7,2025-03-01
D02242,fp_8fff29f734850fcd,2025-12-01
D02243,fp_aa61b32f08e1624e,2025-06-01
D02244,fp_58065baefa5fafdb,2025-03-01
D02245,fp_72cc3fc55f775a7a,2025-09-01
D02246,fp_299fff30f9b81e65,2025-09-01
D02247,fp_1f19f85b4d330569,2025-01-01
D02248,fp_ee5a88566791659c,2025-08-01
D02249,fp_2537e0d6c4bd9b59,2025-08-01
D02250,fp_51f9cd77ed850a6d,2025-03-01
D02251,fp_f85bc2d301196e6d,2025-12-01
D02252,fp_f9c0fd4d8bd03267,2025-09-01
D02253,fp_a5b1c79954cecee7,2025-12-01
D02254,fp_795235ad4ba99d78,2025-05-01
D02255,fp_f1aa9ba0f83811c5,2025-10-01
D02256,fp_25a74338aab9278d,2025-10-01
D02257,fp_e82956cfba81d860,2025-08-01
D02258,fp_b06befca56b405d7,2025-02-01
D02259,fp_7a9e8394bb4ccb14,2025-01-01
D02260,fp_ad91f45623b13ebd,2025-09-01
D02261,fp_4ede79b61deb979d,2025-01-01
D02262,fp_9e15ebcc66d137f6,2025-04-01
D02263,fp_5b7e24ca722b4439,2025-02-01
D02264,fp_0e16af3f538cc0ca,2025-10-01
D02265,fp_31f55560a42d10f5,2025-10-01
D02266,fp_38de6b6e86c45e42,2025-05-01
D02267,fp_05c5bf8d321a6c3f,2025-02-01
D02268,fp_d975a56289d56357,2025-08-01
D02269,fp_abeb35d1ad5406bc,2025-02-01
D02270,fp_830481c2f9d09e26,2025-07-01
D02271,fp_7d8f235031c77a44,2025-06-01
D02272,fp_9ae661499a6978cf,2025-09-01
D02273,fp_0e5922e9f182cdf7,2025-11-01
D02274,fp_65c65c7b5c6ebf5a,2025-03-01
D02275,fp_da92e740b74966cb,2025-07-01
D02276,fp_62d846d05ea011cd,2025-06-01
D02277,fp_48ded8be031eef96,2025-06-01
D02278,fp_4edeae5f59f2674c,2025-08-01
D02279,fp_8f9fdc15dfd23d15,2025-02-01
D02280,fp_ba5498fd3737cc38,2025-08-01
D02281,fp_fe1ad905bdd4c1f2,2025-07-01
D02282,fp_7147f758cdbe5548,2025-05-01
D02283,fp_ce40924a29ee29f4,2025-12-01
D02284,fp_e5d136e2f8698e93,2025-07-01
D02285,fp_e57c5c02ba85e403,2025-07-01
D02286,fp_d5e4157d23bab528,2025-10-01
D02287,fp_160934d199125090,2025-03-01
D02288,fp_4da08e483531518a,2025-08-01
D02289,fp_de162c17fd06a179,2025-09-01
D02290,fp_55dddf38fc9454ae,2025-02-01
D02291,fp_f5c8ce3ceee31d47,2025-10-01
D02292,fp_60329ee6c190b0cf,2025-02-01
D02293,fp_68d2699201b1c626,2025-11-01
D02294,fp_45f8e14dea16ce6e,2025-07-01
D02295,fp_8e49d0f92cc5c9de,2025-08-01
D02296,fp_9162f6dbb5d2bf7f,2025-03-01
D02297,fp_2f9e1ddb33028b32,2025-07-01
D02298,fp_8dca39084a1a4219,2025-08-01
D02299,fp_d2a2f8390acfc6ac,2025-05-01
D02300,fp_95d03545d5a76023,2025-05-01
D02301,fp_8f2d0b177e7d5e88,2025-12-01
D02302,fp_397a284f76a4c79b,2025-01-01
D02303,fp_00a0586eca8d5d5a,2025-03-01
D02304,fp_4cd7e6f7433ecd2c,2025-11-01
D02305,fp_a2f5a68bd590f435,2025-08-01
D02306,fp_a76049771fca0f16,2025-11-01
D02307,fp_49a5fd0de4871ab3,2025-07-01
D02308,fp_7dec46052deb57f9,2025-12-01
D02309,fp_3ea7f419a510af65,2025-01-01
D02310,fp_c3c495061e8e06ed,2025-05-01
D02311,fp_fe8c9aab7e388a19,2025-02-01
D02312,fp_bedd62a79950f11a,2025-06-01
D02313,fp_7b011fdd94c0b9e0,2025-10-01
D02314,fp_de4beb126fa22f92,2025-05-01
D02315,fp_af97fbd2a0c45942,2025-08-01
D02316,fp_b1ba0beaf9690579,2025-02-01
D02317,fp_8334e5245f8a2e3c,2025-12-01
D02318,fp_047dd58393447b2f,2025-05-01
D02319,fp_94e74f2629b05b37,2025-01-01
D02320,fp_51d69f1125693e13,2025-08-01
D02321,fp_b17aff6de0d96670,2025-03-01
D02322,fp_29ce9bfa5b7d9d2d,2025-01-01
D02323,fp_5c75352c45cdb96b,2025-07-01
D02324,fp_e97fb025a2e11798,2025-06-01
D02325,fp_4a34041e0c78947b,2025-05-01
D02326,fp_a391ffdb8794ac7e,2025-02-01
D02327,fp_319dd940838cc137,2025-11-01
D02328,fp_c3c2aee62ee94ed9,2025-02-01
D02329,fp_c0ac430a99487f82,2025-03-01
D02330,fp_52965cf38b30bb4c,2025-06-01
D02331,fp_d85195acd3aa9b27,2025-11-01
D02332,fp_4d131338ccc4c0a9,2025-05-01
D02333,fp_b2adffa6af793d4a,2025-12-01
D02334,fp_188889ce5cce495d,2025-09-01
D02335,fp_5a0461c9947defcf,2025-03-01
D02336,fp_230f1e69034d42fd,2025-09-01
D02337,fp_5f7ddbb1480afe9f,2025-08-01
D02338,fp_571ec230697878c1,2025-03-01
D02339,fp_37c6bc5d1a380e8e,2025-03-01
D02340,fp_389ae4fd80ddb386,2025-04-01
D02341,fp_e5a5829ecb8c1d76,2025-09-01
D02342,fp_b08d16769d09a404,2025-09-01
D02343,fp_88376bbcd89806fd,2025-12-01
D02344,fp_b3c7a1a88d15baef,2025-02-01
D02345,fp_75e2c2fa6ad73453,2025-02-01
D02346,fp_d19fcf311dd73f1f,2025-03-01
D02347,fp_0472f9f6ec6494e0,2025-08-01
D02348,fp_4fc34759592448ee,2025-12-01
D02349,fp_23966b835cd14b22,2025-08-01
D02350,fp_fcd2280ee3c51ba8,2025-10-01
D02351,fp_c37a9ab085eb43c8,2025-06-01
D02352,fp_b5bbabce2c15c4ad,2025-05-01
D02353,fp_be94f1cb075cc8eb,2025-02-01
D02354,fp_20f36e9238ec71aa,2025-12-01
D02355,fp_b023dbc32471a957,2025-04-01
D02356,fp_20168e6d4eb39f63,2025-04-01
D02357,fp_fb29ff362155fba8,2025-02-01
D02358,fp_b0d9751c6cc0067f,2025-02-01
D02359,fp_04d07f2913e675fd,2025-08-01
D02360,fp_6e663c0ac1e0a4a1,2025-01-01
D02361,fp_1b99eb8332440f07,2025-01-01
D02362,fp_a8e7ebe3cb05aa14,2025-09-01
D02363,fp_0f2c01b797da64cb,2025-08-01
D02364,fp_e89560411e71afa9,2025-05-01
D02365,fp_10f596510b147f1f,2025-05-01
D02366,fp_02a13629aae6f1a1,2025-02-01
D02367,fp_1fb0ef34c8497436,2025-10-01
D02368,fp_966d273534952c00,2025-04-01
D02369,fp_abac7bf82f4ddc9b,2025-06-01
D02370,fp_173d5030077d8688,2025-03-01
D02371,fp_bf06d520d88a617b,2025-05-01
D02372,fp_946a95a6f2e401af,2025-06-01
D02373,fp_291a49055a29fe6b,2025-09-01
D02374,fp_ba82854ac7e2a618,2025-10-01
D02375,fp_8141bb373de814ac,2025-10-01
D02376,fp_195efd72117e894e,2025-10-01
D02377,fp_039479c1c363f61f,2025-09-01
D02378,fp_b73f6e64378d2f8d,2025-04-01
D02379,fp_4827c440f6d9fe17,2025-03-01
D02380,fp_c10750bce6d33572,2025-09-01
D02381,fp_f93c8859011bb348,2025-12-01
D02382,fp_ec9a799e19437791,2025-04-01
D02383,fp_8112f0ffeba46463,2025-12-01
D02384,fp_5dd0855c7986f498,2025-12-01
D02385,fp_2f64672f96e1a522,2025-08-01
D02386,fp_f52ef4a6ac6c2e1b,2025-02-01
D02387,fp_d5b1a96a2e4c16e2,2025-06-01
D02388,fp_612e73c7fb368cf4,2025-07-01
D02389,fp_83a5f42136daa93a,2025-04-01
D02390,fp_1ce370ed685707ac,2025-06-01
D02391,fp_774555601fa54251,2025-02-01
D02392,fp_22cb2720850cddfd,2025-08-01
D02393,fp_5c7ae8efc3245e35,2025-12-01
D02394,fp_8ea035f049cc253f,2025-12-01
D02395,fp_150e33880a6552a5,2025-06-01
D02396,fp_1d9fff257e63f654,2025-07-01
D02397,fp_74fa65ce489ac27e,2025-10-01
D02398,fp_4fdfaf5dbc75ed53,2025-11-01
D02399,fp_d751af9cf9e6debb,2025-08-01
D02400,fp_8dcd6e9b39d2d74a,2025-07-01
D02401,fp_fc267da64a640fc1,2025-07-01
D02402,fp_db5586423054366b,2025-02-01
D02403,fp_d74f9844e50ea3ec,2025-08-01
D02404,fp_addb8943f067ad82,2025-06-01
D02405,fp_0345eeda2de66d5b,2025-11-01
D02406,fp_ac0e73077ddcaaf6,2025-02-01
D02407,fp_7024979265787d0c,2025-09-01
D02408,fp_ad3053cea8969e70,2025-02-01
D02409,fp_24b3bc8e1e850f80,2025-07-01
D02410,fp_b1edf3d3668f5032,2025-10-01
D02411,fp_1a0a7680fa42156e,2025-12-01
D02412,fp_e476231aecdfd364,2025-03-01
D02413,fp_5d1c19061090dc9d,2025-04-01
D02414,fp_334477eb56b09052,2025-10-01
D02415,fp_fd9bfaf3d8125123,2025-07-01
D02416,fp_3b9d58321f6d5768,2025-07-01
D02417,fp_7fc5ae23b9a6bd75,2025-05-01
D02418,fp_b6a787b1c3cb0c28,2025-10-01
D02419,fp_45e18b7797f971d5,2025-11-01
D02420,fp_6675d5e2f1773294,2025-06-01
D02421,fp_aaab583079cfc04f,2025-10-01
D02422,fp_67899d92f33c4c36,2025-08-01
D02423,fp_4765606982ec0fc3,2025-03-01
D02424,fp_7462f144c49b9e62,2025-02-01
D02425,fp_402d35e81f47d902,2025-08-01
D02426,fp_3b1723197f4d55b9,2025-11-01
D02427,fp_2275b1e2f14152c7,2025-01-01
D02428,fp_bce05a63197f9b8d,2025-01-01
D02429,fp_11776f21d48f5ba3,2025-08-01
D02430,fp_06d903c0ad987301,2025-03-01
D02431,fp_9ac6030661f43c2b,2025-11-01
D02432,fp_2719bfdb53b3618b,2025-05-01
D02433,fp_9f8c2c519f3936a5,2025-02-01
D02434,fp_1396a289c29a988f,2025-11-01
D02435,fp_851b5f38c0697f1d,2025-08-01
D02436,fp_774d34f5caf07226,2025-04-01
D02437,fp_a97ef1314b26f0a3,2025-08-01
D02438,fp_813a3aa57d810c21,2025-05-01
D02439,fp_57f731e38add3976,2025-09-01
D02440,fp_04860bee8bef4a76,2025-01-01
D02441,fp_6e2f1d3bfd9f45f4,2025-02-01
D02442,fp_733ac54f62359144,2025-06-01
D02443,fp_605797cfda55f825,2025-08-01
D02444,fp_09360f0275ac0819,2025-01-01
D02445,fp_8e81b2f02d474c4f,2025-11-01
D02446,fp_c7859c05dc409942,2025-05-01
D02447,fp_b4c04bdfe27bb6c4,2025-03-01
D02448,fp_6e411e237dd19b8f,2025-03-01
D02449,fp_b739a28a4ffd5b7a,2025-07-01
D02450,fp_c3963bf97cc9d887,2025-02-01
D02451,fp_acce693e91a07ef2,2025-08-01
D02452,fp_8dc4c81fa8fae904,2025-11-01
D02453,fp_927c5ea78a159e92,2025-08-01
D02454,fp_8feff87b79d54e9f,2025-03-01
D02455,fp_0e44c9dc81b61c87,2025-07-01
D02456,fp_7ea413e5436d977b,2025-10-01
D02457,fp_60b759a9f88afc64,2025-10-01
D02458,fp_5a4eb9f3ad2e4db8,2025-05-01
D02459,fp_0fb97b5d520b28f6,2025-01-01
D02460,fp_0b8ce21f97289c5e,2025-03-01
D02461,fp_5dcd0d40d6415102,2025-06-01
D02462,fp_bdf774c8cf3ee4aa,2025-10-01
D02463,fp_c3e3c14806e2e861,2025-11-01
D02464,fp_616d41c8575c9669,2025-02-01
D02465,fp_585b4b176d9b1eb1,2025-06-01
D02466,fp_59ecc846697437ea,2025-01-01
D02467,fp_3e85c8c4a9470663,2025-04-01
D02468,fp_a5e8c1983c10316d,2025-05-01
D02469,fp_15bebdd097b027ce,2025-12-01
D02470,fp_de72d97010c49f9e,2025-05-01
D02471,fp_566c93cc1d4dfdb1,2025-03-01
D02472,fp_89d5af23050bd848,2025-06-01
D02473,fp_75fe28570991946d,2025-11-01
D02474,fp_6c27316bdd05b827,2025-10-01
D02475,fp_e6c2cbb783c74cbe,2025-07-01
D02476,fp_05391557444122a5,2025-12-01
D02477,fp_96867676783e40ab,2025-01-01
D02478,fp_51071545fc5b14bd,2025-07-01
D02479,fp_63eac0a19202b09c,2025-06-01
D02480,fp_19048ca79291e493,2025-08-01
D02481,fp_b0dc75fb199d5089,2025-11-01
D02482,fp_5601f6a534b6685d,2025-08-01
D02483,fp_cfbba84a80b57013,2025-11-01
D02484,fp_2aa814da56ec0e55,2025-10-01
D02485,fp_5d037a064cad66c5,2025-07-01
D02486,fp_7f383a3e33a67403,2025-11-01
D02487,fp_f95f17e6d8eae31b,2025-02-01
D02488,fp_d9af8224d7232ce3,2025-09-01
D02489,fp_4990225836cdf42f,2025-05-01
D02490,fp_4c1d2e430c2b03e4,2025-10-01
D02491,fp_cdfa76af66eb43b0,2025-04-01
D02492,fp_be2de8c89fe3f824,2025-02-01
D02493,fp_d81ca1a0b7bba2aa,2025-10-01
D02494,fp_9784713d18407642,2025-06-01
D02495,fp_1138978b45fb3e8a,2025-10-01
D02496,fp_87f3c9a4cd1a810d,2025-08-01
D02497,fp_35b1773c6d56cfd5,2025-06-01
D02498,fp_13a0181bcbafd542,2025-11-01
D02499,fp_4d45d885d2e08e57,2025-09-01
D02500,fp_4cc6d67ecddb3f9e,2025-07-01
D02501,fp_8a3a0129a9d84c4f,2025-06-01
D02502,fp_6a107fb733383ec9,2025-07-01
D02503,fp_9ffda1e74052e3a5,2025-09-01
D02504,fp_abeb5f497406ca32,2025-09-01
D02505,fp_e182701b2e3bdb69,2025-01-01
D02506,fp_b40d8aefa0ba6142,2025-09-01
D02507,fp_2fc10403dcda8cc1,2025-10-01
D02508,fp_368413397fcbcf31,2025-11-01
D02509,fp_d2eba277f64d4de0,2025-12-01
D02510,fp_77a0aa7ff0278488,2025-05-01
D02511,fp_a34f2452efe9e8c9,2025-09-01
D02512,fp_9d4ac78bcf1643a0,2025-07-01
D02513,fp_90ed01d3ef444cf5,2025-12-01
D02514,fp_0f546781a0733e57,2025-09-01
D02515,fp_5d411ac5335dab46,2025-08-01
D02516,fp_3d8925a925d287d0,2025-03-01
D02517,fp_af704164bf164454,2025-05-01
D02518,fp_6f75a3b2d8186112,2025-07-01
D02519,fp_dc3525775193412d,2025-02-01
D02520,fp_341c612aa2491260,2025-07-01
D02521,fp_d2deb47d4455d60e,2025-05-01
D02522,fp_291c0da1a5630d3a,2025-05-01
D02523,fp_99ea5bbdafd5b90b,2025-04-01
D02524,fp_3d0d3ffd67e6d49a,2025-02-01
D02525,fp_312168632663ed11,2025-01-01
D02526,fp_cc0b200d3edec38e,2025-05-01
D02527,fp_7c42049476d32b96,2025-09-01
D02528,fp_6fa6681cfdc56285,2025-07-01
D02529,fp_e7d90c1ba59caeed,2025-01-01
D02530,fp_28cbb7ca33b5a667,2025-05-01
D02531,fp_0775d77822ed1e25,2025-05-01
D02532,fp_cdb4adabca27cd69,2025-05-01
D02533,fp_8cfb137ca89ea4df,2025-03-01
D02534,fp_da3ed15aa4f0708a,2025-01-01
D02535,fp_b8f40e5ef6babccc,2025-08-01
D02536,fp_0518bd4dc840789b,2025-01-01
D02537,fp_e581620fdc0db266,2025-02-01
D02538,fp_9a0270da505c1021,2025-05-01
D02539,fp_1046e3dfddfef849,2025-07-01
D02540,fp_5d0a06d3e592ee7c,2025-11-01
D02541,fp_e2be80e1a84d5f25,2025-02-01
D02542,fp_f17312f4659ae9f2,2025-12-01
D02543,fp_23fbc01fd7be7b4f,2025-04-01
D02544,fp_922b4fb21ca79972,2025-12-01
D02545,fp_eed4db8980104995,2025-02-01
D02546,fp_aa0a2259859f02bb,2025-10-01
D02547,fp_c66dfe25f31dde25,2025-09-01
D02548,fp_7f176b5540767e21,2025-02-01
D02549,fp_998de3d83cf29ade,2025-02-01
D02550,fp_ce830e27c5efd670,2025-06-01
D02551,fp_d513da02544c14d1,2025-10-01
D02552,fp_63d3ce8ebcbb859a,2025-12-01
D02553,fp_3c667012be741860,2025-07-01
D02554,fp_24ef65a737cf65ca,2025-02-01
D02555,fp_36cfd2d52cd6e8df,2025-05-01
D02556,fp_688b4cfb708175fd,2025-05-01
D02557,fp_96e83922dce70289,2025-01-01
D02558,fp_88917cf57d8823d2,2025-06-01
D02559,fp_f2deb798b31a25b5,2025-02-01
D02560,fp_8bb5f24251057c35,2025-07-01
D02561,fp_aec7f26779900a27,2025-04-01
D02562,fp_47198f5cf69bd596,2025-03-01
D02563,fp_79a8226b5ced7017,2025-12-01
D02564,fp_d24500395e24296e,2025-05-01
D02565,fp_a538c6a705651e80,2025-10-01
D02566,fp_d76ac5a808e94548,2025-12-01
D02567,fp_cc876b1ca987799b,2025-01-01
D02568,fp_eade7b17b0d090bd,2025-11-01
D02569,fp_40c37cbc3d5b6535,2025-09-01
D02570,fp_4f2c386f627b0edd,2025-11-01
D02571,fp_b35b9f78f55f2e80,2025-06-01
D02572,fp_cfefa2a2e7354db2,2025-11-01
D02573,fp_88efe82b1f3eea66,2025-04-01
D02574,fp_71414f58db8ec35b,2025-07-01
D02575,fp_e8e7f03002038340,2025-07-01
D02576,fp_fa5dbd40ed711fe9,2025-05-01
D02577,fp_171aa5324d07018b,2025-04-01
D02578,fp_35dbe3964c23e844,2025-03-01
D02579,fp_70583380ea77d1d6,2025-11-01
D02580,fp_e124c3f25132fe68,2025-11-01
D02581,fp_ca10b49968028b3b,2025-01-01
D02582,fp_ddcf5003462741ec,2025-02-01
D02583,fp_c78a7900d2bd16ec,2025-08-01
D02584,fp_bca83a8278997035,2025-07-01
D02585,fp_d7567d35ed2eebea,2025-06-01
D02586,fp_6c202d89b7a69c32,2025-02-01
D02587,fp_290c42f8d30bef65,2025-12-01
D02588,fp_819f239342ceef41,2025-02-01
D02589,fp_6bbe2bd65a1341e7,2025-10-01
D02590,fp_d03cd20abaaeebf8,2025-09-01
D02591,fp_53a71719bcdf8302,2025-08-01
D02592,fp_070077c1b1f94a09,2025-01-01
D02593,fp_a43f683aa43101e4,2025-03-01
D02594,fp_7182fcf2a151ed02,2025-11-01
D02595,fp_00c9937022d6f0a2,2025-07-01
D02596,fp_a0d80651333822d1,2025-05-01
D02597,fp_93683dd65050127e,2025-02-01
D02598,fp_28670d3b1c5f3cba,2025-04-01
D02599,fp_b6ac204884308e0c,2025-11-01
D02600,fp_214dc588c35ea18a,2025-10-01
D02601,fp_690a7b80af8d888d,2025-06-01
D02602,fp_7a7628e67394d796,2025-12-01
D02603,fp_42bbeaae222db2cf,2025-03-01
D02604,fp_97d02f8faffdd43b,2025-06-01
D02605,fp_4823debeccade92e,2025-04-01
D02606,fp_6a1c701b159b2b6b,2025-06-01
D02607,fp_64bc08cf2e904b5c,2025-07-01
D02608,fp_d5ad86bcf1db9ad8,2025-10-01
D02609,fp_054edd713977fd2f,2025-01-01
D02610,fp_8efbd22aec511744,2025-11-01
D02611,fp_a06aa68a9cac3d21,2025-04-01
D02612,fp_16c72b1ae826fac7,2025-08-01
D02613,fp_430438b532c192f1,2025-12-01
D02614,fp_2b339734da119684,2025-01-01
D02615,fp_9e35836f66aa394c,2025-07-01
D02616,fp_4299b35199b3568d,2025-03-01
D02617,fp_f541a44e16ccb813,2025-06-01
D02618,fp_f27e8ce72b8d2c49,2025-10-01
D02619,fp_039d08d01e0aaf12,2025-12-01
D02620,fp_6f669013869d4cb7,2025-08-01
D02621,fp_ac71b531d3c724e8,2025-08-01
D02622,fp_3977c7b41e56d346,2025-12-01
D02623,fp_30c7809b340155bd,2025-05-01
D02624,fp_bf16e3e949b7e037,2025-08-01
D02625,fp_2154be4a61cf91fb,2025-07-01
D02626,fp_34e420bfdb38f306,2025-10-01
D02627,fp_fec5ea47372f5f47,2025-05-01
D02628,fp_ad5c3c49ba098a27,2025-04-01
D02629,fp_2e2cb8506b17bd75,2025-07-01
D02630,fp_255c82c7cadee3ec,2025-01-01
D02631,fp_f9e389054a4a15ea,2025-05-01
D02632,fp_9e204ac73c48c936,2025-08-01
D02633,fp_3f91c419e846a9df,2025-06-01
D02634,fp_af2c20ac953922c0,2025-11-01
D02635,fp_15f2f85a754a3e48,2025-01-01
D02636,fp_2219b7f77808a004,2025-06-01
D02637,fp_b169fdedf9723977,2025-07-01
D02638,fp_3653e588afd58fe7,2025-12-01
D02639,fp_b55d2fc1622cc212,2025-07-01
D02640,fp_98e1d54cbc715183,2025-05-01
D02641,fp_18643b6a12b3c5eb,2025-09-01
D02642,fp_0d5740850f0a6450,2025-06-01
D02643,fp_3c1e919bee5a4007,2025-08-01
D02644,fp_5ab383c9e88188c3,2025-10-01
D02645,fp_abb8fe95f077671b,2025-10-01
D02646,fp_bf8cc6f9b5a61d61,2025-01-01
D02647,fp_40efa857015f566c,2025-09-01
D02648,fp_618521ab9ea1e617,2025-05-01
D02649,fp_650ad9aafa3f012e,2025-11-01
D02650,fp_21da5db15ef361c2,2025-09-01
D02651,fp_949aca460a872ac2,2025-03-01
D02652,fp_2b7c5ee342a27950,2025-09-01
D02653,fp_ee29e80e7e2ac03a,2025-06-01
D02654,fp_77d468eae0bdd765,2025-03-01
D02655,fp_513bb65c16f32b93,2025-12-01
D02656,fp_6ed47a6d87c9daac,2025-03-01
D02657,fp_1de95c7242a9f7e5,2025-06-01
D02658,fp_fa8010620b4e360a,2025-03-01
D02659,fp_df2664247fcc4456,2025-05-01
D02660,fp_5c4fc55ebf715a28,2025-07-01
D02661,fp_e71d6ba3486dce57,2025-05-01
D02662,fp_d45ff4db9ce91544,2025-05-01
D02663,fp_502171bd8458526b,2025-07-01
D02664,fp_2a3c6137e48623dd,2025-06-01
D02665,fp_fe9bd0e1bca37653,2025-08-01
D02666,fp_f33685dac3803b4a,2025-03-01
D02667,fp_da6069f38e40b294,2025-11-01
D02668,fp_cc582872a2fba345,2025-08-01
D02669,fp_305d0ef70d9ff83d,2025-03-01
D02670,fp_3ad824060df81d2b,2025-03-01
D02671,fp_7862246c092e44b7,2025-05-01
D02672,fp_b4b9fb7329debccc,2025-08-01
D02673,fp_1db3c0756fb9de37,2025-08-01
D02674,fp_71076f2e0a715350,2025-06-01
D02675,fp_b582ef0cfd2336f4,2025-09-01
D02676,fp_752fbd7e7c360908,2025-08-01
D02677,fp_d888dcb61ccc33c1,2025-12-01
D02678,fp_25e6d919ddebcd5c,2025-02-01
D02679,fp_17f4b85d597faaf0,2025-04-01
D02680,fp_48bbdb12de4097c3,2025-03-01
D02681,fp_2b15619ed5bf85f3,2025-12-01
D02682,fp_d294100f823ca34a,2025-05-01
D02683,fp_e411a9d79030fb0c,2025-11-01
D02684,fp_365f982b95eef45c,2025-10-01
D02685,fp_f8bc920cff7d39f7,2025-01-01
D02686,fp_c450205286a8f21a,2025-10-01
D02687,fp_6a9a6f4b2e39c29a,2025-02-01
D02688,fp_c4ac41b53f042c7b,2025-08-01
D02689,fp_18246315ad49e072,2025-06-01
D02690,fp_48c6a7ed06a574ec,2025-11-01
D02691,fp_ae3e6268fb38bc6c,2025-02-01
D02692,fp_5fa1846864e84ffc,2025-10-01
D02693,fp_f38324f7eddcac0a,2025-02-01
D02694,fp_52d36897d6442365,2025-03-01
D02695,fp_14c08f6d076451d3,2025-08-01
D02696,fp_b52c4358d4a8b45a,2025-11-01
D02697,fp_743cfb6b7ad7c891,2025-11-01
D02698,fp_44f20d97f4881671,2025-10-01
D02699,fp_017c75c5a87319fe,2025-06-01
D02700,fp_0b398e89f842e163,2025-11-01
D02701,fp_f36deb139f534d9a,2025-08-01
D02702,fp_f28a030b532da8fe,2025-12-01
D02703,fp_bbfc5dc1fff446b9,2025-10-01
D02704,fp_361c2373211b20eb,2025-01-01
D02705,fp_a4c5dae5cd32e712,2025-05-01
D02706,fp_cc535c3e52bb530d,2025-01-01
D02707,fp_121af952be69ad39,2025-09-01
D02708,fp_9a2fc701f3afbb09,2025-07-01
D02709,fp_661b973817b16c43,2025-05-01
D02710,fp_3d75e4232d921dab,2025-07-01
D02711,fp_054046cc16d50b84,2025-04-01
D02712,fp_6374ed1429b67b14,2025-07-01
D02713,fp_a5accd5a48f18eed,2025-11-01
D02714,fp_1edfc59e27755e9d,2025-05-01
D02715,fp_cd14eacb7da80631,2025-07-01
D02716,fp_ce6d29bfbc633d6c,2025-05-01
D02717,fp_af59aa66e75b2113,2025-10-01
D02718,fp_5bea530d219c00cb,2025-11-01
D02719,fp_d5016ada189ac35d,2025-06-01
D02720,fp_332ac35a833d3df1,2025-08-01
D02721,fp_e2aa6dc77208838e,2025-07-01
D02722,fp_44bb10e079f7f38c,2025-10-01
D02723,fp_6c4e5a8c99afee64,2025-02-01
D02724,fp_6c2b5781c1a95ee2,2025-06-01
D02725,fp_2fb504019d267076,2025-07-01
D02726,fp_6d0f74e6a174a785,2025-02-01
D02727,fp_836a58870a5a2698,2025-06-01
D02728,fp_76a990f1f9285706,2025-11-01
D02729,fp_a5c9cf20396726aa,2025-11-01
D02730,fp_27b2a5c1b6b0d0b9,2025-08-01
D02731,fp_a12ad11986fbbcdb,2025-11-01
D02732,fp_157f108b86514886,2025-05-01
D02733,fp_6ff6881f77dd362b,2025-02-01
D02734,fp_cd320878e83ec3a0,2025-08-01
D02735,fp_260b13e04ce6929f,2025-03-01
D02736,fp_e724b119af2f32a7,2025-05-01
D02737,fp_3fa7c199d76f0813,2025-09-01
D02738,fp_4ba4af256d7fd4e2,2025-10-01
D02739,fp_8d0df6f60c37eb80,2025-02-01
D02740,fp_0b8b56f7ead44e11,2025-09-01
D02741,fp_82ba0fed1b8dc821,2025-07-01
D02742,fp_1830208269bba3c4,2025-08-01
D02743,fp_b8663c7ca92dcf4f,2025-10-01
D02744,fp_40dd8895d0154898,2025-06-01
D02745,fp_95e7c6e4413e84bd,2025-02-01
D02746,fp_80e1be4dc4c608eb,2025-01-01
D02747,fp_bd9277a41d2ae042,2025-11-01
D02748,fp_2df721e0767f3c15,2025-03-01
D02749,fp_6498da39d7c8f02c,2025-01-01
D02750,fp_6a8f7654155287c7,2025-12-01
D02751,fp_505ec9d64c32a0a2,2025-10-01
D02752,fp_747ac231b95e44e3,2025-11-01
D02753,fp_9fb209b1732fc932,2025-05-01
D02754,fp_f77aefe15761b099,2025-03-01
D02755,fp_2f61e334360893b2,2025-02-01
D02756,fp_fb708dd7bf3d5023,2025-10-01
D02757,fp_df22367d4262a48c,2025-11-01
D02758,fp_6f0d72291b387c72,2025-09-01
D02759,fp_017f319f04961795,2025-07-01
D02760,fp_0367ee2c1ddea07d,2025-03-01
D02761,fp_7a248720a7e29299,2025-08-01
D02762,fp_67b41520b11a3696,2025-11-01
D02763,fp_be86f5d0f73eeb07,2025-10-01
D02764,fp_7c99d86eb9d5546c,2025-05-01
D02765,fp_d029733c9e55f98d,2025-10-01
D02766,fp_b0cf3e7f5c58b8ba,2025-11-01
D02767,fp_b0b710abf69072cf,2025-11-01
D02768,fp_cdfcef75651e89f1,2025-05-01
D02769,fp_2005dd7e166f419a,2025-03-01
D02770,fp_30d867cd038d5f5a,2025-02-01
D02771,fp_04110e35d0e34b2b,2025-12-01
D02772,fp_302f420ef87405ca,2025-01-01
D02773,fp_7b2a7f1035901039,2025-11-01
D02774,fp_a655596c2528d32d,2025-04-01
D02775,fp_d79330f16f8fd55c,2025-11-01
D02776,fp_ca3e3238dbb24c33,2025-09-01
D02777,fp_160a3a1330dfc50c,2025-05-01
D02778,fp_76a30eb0c50c71f4,2025-03-01
D02779,fp_6c0046f07957595f,2025-01-01
D02780,fp_2a85e3b11dd03ecd,2025-03-01
D02781,fp_b3dd7820bd20c36a,2025-08-01
D02782,fp_7c2c0791f6bffaa9,2025-08-01
D02783,fp_dc1b9eb10506536c,2025-08-01
D02784,fp_3e1cfa1495d16384,2025-04-01
D02785,fp_91c631cf4b7a123e,2025-07-01
D02786,fp_557732970d093c73,2025-01-01
D02787,fp_a1628abf1a482803,2025-12-01
D02788,fp_fabfa7ef6e89a7a8,2025-07-01
D02789,fp_7ee667ded93eea4d,2025-12-01
D02790,fp_9888f0d99423251e,2025-12-01
D02791,fp_ffc031368de6e6b3,2025-05-01
D02792,fp_7ccc92580979f5d3,2025-07-01
D02793,fp_836b47c37c711cc8,2025-10-01
D02794,fp_9c8af485b98050a6,2025-11-01
D02795,fp_d1128bb8e7b2df91,2025-08-01
D02796,fp_b6dbbb2c3b5e2d65,2025-01-01
D02797,fp_04de78f8873f3f03,2025-07-01
D02798,fp_50db8e34938f2b90,2025-09-01
D02799,fp_4491be4010423a8e,2025-11-01
D02800,fp_e39eb7c26ac98528,2025-08-01
D02801,fp_7eaa7a911defd401,2025-10-01
D02802,fp_a56c0a56f05ff9c3,2025-06-01
D02803,fp_b2904e7372c573e9,2025-07-01
D02804,fp_294d25fc05539a50,2025-05-01
D02805,fp_31341ab8b9e8d781,2025-08-01
D02806,fp_702805af580661f1,2025-04-01
D02807,fp_383e69a481f46dfd,2025-10-01
D02808,fp_af5a7636e8b8d252,2025-06-01
D02809,fp_9a233be3ebf6dd32,2025-12-01
D02810,fp_77ed78d9a82e6889,2025-03-01
D02811,fp_4b1bdf3be217a6df,2025-12-01
D02812,fp_63ef5e69b61d56f5,2025-07-01
D02813,fp_f0f24933d544c79b,2025-11-01
D02814,fp_bc0dbd13a70a409d,2025-06-01
D02815,fp_78ea47e2cbc4dd42,2025-03-01
D02816,fp_350b9f519f310fff,2025-05-01
D02817,fp_bfcf214eb0d18df1,2025-02-01
D02818,fp_7b9ea9ebaac4363f,2025-03-01
D02819,fp_331165e02c5cce54,2025-03-01
D02820,fp_7dffe27d9b125dfb,2025-02-01
D02821,fp_6a7df379cb21aa80,2025-08-01
D02822,fp_3c1689c24dbc217c,2025-04-01
D02823,fp_0c0b6cd18e8c71d8,2025-01-01
D02824,fp_e18310035bd972c7,2025-05-01
D02825,fp_ad4b24ec5b673a25,2025-03-01
D02826,fp_d3f471e72cba1bc6,2025-09-01
D02827,fp_ce8b76a2082f2fb9,2025-02-01
D02828,fp_6e3d24945675c8f3,2025-02-01
D02829,fp_3a085f6a9e189a98,2025-02-01
D02830,fp_395e54f08fde042a,2025-08-01
D02831,fp_fe60afde4200a1aa,2025-06-01
D02832,fp_5af1128cc8ee46bf,2025-01-01
D02833,fp_e0b1d762c524f047,2025-09-01
D02834,fp_e57513a5447a4e2c,2025-03-01
D02835,fp_b0acb9bada78f4c5,2025-09-01
D02836,fp_ab636d669ab2b735,2025-02-01
D02837,fp_0ce87570b4d6f3e6,2025-08-01
D02838,fp_7506d74ccc8a6796,2025-02-01
D02839,fp_1b1bba94f9834d4b,2025-10-01
D02840,fp_c83b64679c1267d2,2025-02-01
D02841,fp_8ffe38c9d2d81eb3,2025-01-01
D02842,fp_1afc388c81dec9db,2025-03-01
D02843,fp_1e392331a142d68f,2025-04-01
D02844,fp_5c94563ae9365d1b,2025-03-01
D02845,fp_4ac8927eba751921,2025-12-01
D02846,fp_c3101e2e7107514f,2025-09-01
D02847,fp_bb88854e7f968d71,2025-02-01
D02848,fp_a5a7e280277fecc6,2025-06-01
D02849,fp_d1b4856255a8d6a1,2025-03-01
D02850,fp_d93d87221f7bd82f,2025-04-01
D02851,fp_f83a1bce70696977,2025-07-01
D02852,fp_c4df5b8dc4eb8e5d,2025-01-01
D02853,fp_d5b654383ecd0888,2025-08-01
D02854,fp_4968fdf25760c094,2025-09-01
D02855,fp_15d1e2f82bd7d038,2025-05-01
D02856,fp_b717548d5f57fd27,2025-07-01
D02857,fp_a12301935c532042,2025-11-01
D02858,fp_26cffe043ed5e52e,2025-09-01
D02859,fp_c986f8936bf5fc98,2025-04-01
D02860,fp_cd40b648235398a6,2025-07-01
D02861,fp_eb035cda69d53317,2025-07-01
D02862,fp_7570d730e5e79add,2025-09-01
D02863,fp_aea491fccb6b6306,2025-06-01
D02864,fp_079e8b0bf198f62e,2025-08-01
D02865,fp_c528ac362545034c,2025-01-01
D02866,fp_ce6631cbb7b651ee,2025-09-01
D02867,fp_11d012a7f19293c9,2025-02-01
D02868,fp_50970843569b111f,2025-07-01
D02869,fp_c5ba36affb60be1c,2025-03-01
D02870,fp_0fbc63776f1f5c6a,2025-07-01
D02871,fp_097ef98dc25a6eb3,2025-11-01
D02872,fp_a437199cec2a322b,2025-03-01
D02873,fp_93162f53e70af828,2025-01-01
D02874,fp_a1b1087efa4cb559,2025-12-01
D02875,fp_a90d75adcc8fe6ce,2025-09-01
D02876,fp_4bb49889f9005224,2025-07-01
D02877,fp_e2c2aa2466e9a80e,2025-11-01
D02878,fp_8db969afb366ffd1,2025-05-01
D02879,fp_be216c79b8b791b0,2025-06-01
D02880,fp_581ab26ce8c35a79,2025-01-01
D02881,fp_479fb5f3d3b68150,2025-09-01
D02882,fp_eba2a67c9c433e67,2025-03-01
D02883,fp_67687c42b3468999,2025-08-01
D02884,fp_3483a23ba4d546e1,2025-09-01
D02885,fp_c9d0c0fc9fd60922,2025-10-01
D02886,fp_71305648a6ebe702,2025-12-01
D02887,fp_e33ea97658625813,2025-11-01
D02888,fp_c680a2e5678daf97,2025-04-01
D02889,fp_4d3129b3e1878e93,2025-02-01
D02890,fp_89953dd10976e09f,2025-06-01
D02891,fp_b9a0113763d69dd8,2025-12-01
D02892,fp_e13f8740bd740fe0,2025-03-01
D02893,fp_fdeebaa1853d8090,2025-09-01
D02894,fp_36b74e2748af7f10,2025-02-01
D02895,fp_8d41d66082fce908,2025-05-01
D02896,fp_5738b27785764472,2025-11-01
D02897,fp_05fef7bc28f78d49,2025-01-01
D02898,fp_cbede473e3ebf7c1,2025-09-01
D02899,fp_4239850b97ae50f0,2025-04-01
D02900,fp_c62f3461d50cf57e,2025-05-01
D02901,fp_6c3912efb9fc829f,2025-09-01
D02902,fp_bb63721d1c45eba3,2025-01-01
D02903,fp_5f7b8b00d7720330,2025-05-01
D02904,fp_81eb7abba08262df,2025-06-01
D02905,fp_0c3838a51fb235c4,2025-11-01
D02906,fp_1fef9a77f0fbdb65,2025-08-01
D02907,fp_928b1e4b4c472ded,2025-12-01
D02908,fp_740173c10155aa51,2025-06-01
D02909,fp_3c70dfcafba2a5f1,2025-12-01
D02910,fp_94e3552bfd2f1be9,2025-10-01
D02911,fp_e4f364d5b6f31d02,2025-11-01
D02912,fp_88859ae5aa5f8dfc,2025-10-01
D02913,fp_59afb1d13bdccce0,2025-05-01
D02914,fp_aabb6cac48d75165,2025-12-01
D02915,fp_ac249f3092a0c677,2025-03-01
D02916,fp_60aeb372b6dfb4a6,2025-09-01
D02917,fp_3f64e5eebccd9b8c,2025-02-01
D02918,fp_84362fc753edc74f,2025-10-01
D02919,fp_d2a5d216314b4d36,2025-06-01
D02920,fp_1915bb1c744da236,2025-03-01
D02921,fp_6cfa28cfb62e110a,2025-07-01
D02922,fp_179d9ae314fa7d50,2025-01-01
D02923,fp_e37558676cc56071,2025-03-01
D02924,fp_36fc1c4679ebb8bb,2025-08-01
D02925,fp_5e8a10da13fc927f,2025-11-01
D02926,fp_671adde586b8afef,2025-10-01
D02927,fp_84d994518f188e72,2025-07-01
D02928,fp_43816e47df3c5c8a,2025-10-01
D02929,fp_a2ef1e217fb32568,2025-07-01
D02930,fp_70a91477ff1b654d,2025-12-01
D02931,fp_f2a45575ee585967,2025-08-01
D02932,fp_f92862a9bb51cd74,2025-07-01
D02933,fp_29b01062d2e55512,2025-03-01
D02934,fp_208b326a817b2f21,2025-08-01
D02935,fp_752caa97b60df6a3,2025-03-01
D02936,fp_b45bbad3f7d0eea0,2025-09-01
D02937,fp_8775cabfdcff5f1e,2025-02-01
D02938,fp_366fbdddb1c8d50a,2025-08-01
D02939,fp_0858f527792dd499,2025-12-01
D02940,fp_f1ae8af92826a561,2025-09-01
D02941,fp_ebf45b9d5e8c8bbf,2025-02-01
D02942,fp_da317fd79a0278a6,2025-07-01
D02943,fp_1ef11a271c3efda4,2025-06-01
D02944,fp_4a229ba5925f2cc6,2025-01-01
D02945,fp_273ef6f485d4bf0f,2025-02-01
D02946,fp_4e0f89b95f187c02,2025-06-01
D02947,fp_4b425bba4da273ed,2025-08-01
D02948,fp_ca8c536607298d47,2025-03-01
D02949,fp_c8a6a0052463463c,2025-10-01
D02950,fp_0c7465186bf843df,2025-05-01
D02951,fp_48924bd6e39940dd,2025-04-01
D02952,fp_d1b22e3c2ede2487,2025-12-01
D02953,fp_0088b13a7d2194cb,2025-02-01
D02954,fp_59410ea38c2b678e,2025-02-01
D02955,fp_0b704f97ded44617,2025-07-01
D02956,fp_92b4002c7b2e60e1,2025-05-01
D02957,fp_73cecf7c90d5e87e,2025-06-01
D02958,fp_60971a15c80682d3,2025-08-01
D02959,fp_b8541d6ad59f2b69,2025-10-01
D02960,fp_c30f3c6921ffcf72,2025-03-01
D02961,fp_a2ef0f5381383447,2025-08-01
D02962,fp_732e9280c2fd6177,2025-11-01
D02963,fp_2623b91a72f68fe1,2025-12-01
D02964,fp_16dd58af53415fe2,2025-10-01
D02965,fp_9fa38f4baa1cd2d8,2025-07-01
D02966,fp_3b9a3daf6321d753,2025-07-01
D02967,fp_8a7e9cce56c890a5,2025-01-01
D02968,fp_aba23511f544b28c,2025-08-01
D02969,fp_47020de0bc64c7e9,2025-11-01
D02970,fp_ddaf223316a9e518,2025-03-01
D02971,fp_06598f83b50b9ff8,2025-10-01
D02972,fp_cbd10fdca14ed649,2025-12-01
D02973,fp_8fa09a4c4f10aae3,2025-11-01
D02974,fp_a4d78f641fb026cc,2025-09-01
D02975,fp_3142e0c715cc861a,2025-10-01
D02976,fp_93acceb88ab5a799,2025-01-01
D02977,fp_91fb8925f5112438,2025-09-01
D02978,fp_c0249b51307c3f63,2025-08-01
D02979,fp_e598e5c280acefb5,2025-01-01
D02980,fp_a8835c661ecae0c0,2025-09-01
D02981,fp_f65e52fd2e03a9cc,2025-01-01
D02982,fp_c968e8ee4663f1a1,2025-04-01
D02983,fp_d46699843ecb1bd6,2025-12-01
D02984,fp_e33d6982d6c34b19,2025-10-01
D02985,fp_15ab7cd271b905c8,2025-09-01
D02986,fp_5207c6cc9b5ad674,2025-07-01
D02987,fp_0b840c5096c1b183,2025-08-01
D02988,fp_ef10b6ccdcaa5994,2025-01-01
D02989,fp_6fe05fa257076494,2025-03-01
D02990,fp_062898786a394607,2025-09-01
D02991,fp_61cb78c3513ff9a9,2025-05-01
D02992,fp_1d59598c174d6b87,2025-02-01
D02993,fp_2b0c456b8ab20bf4,2025-05-01
D02994,fp_2ec3641124df6dcc,2025-05-01
D02995,fp_16f1e5cbc4af9dc9,2025-03-01
D02996,fp_f3c1114d4e8a10cb,2025-07-01
D02997,fp_2b501ad7adb94a81,2025-01-01
D02998,fp_f60c2dd39d4e42f2,2025-06-01
D02999,fp_06f4b0ee2e740569,2025-12-01
D03000,fp_4c4b52aa0ef9f903,2025-07-01
D03001,fp_51ee3cc819474d1a,2025-03-01
D03002,fp_e49c5edd69aec17b,2025-06-01
D03003,fp_6021a15b4207fb51,2025-02-01
D03004,fp_33daefc10d47e26d,2025-04-01
D03005,fp_98d54b7ec08bd631,2025-10-01
D03006,fp_7e33e68f3c8aae87,2025-09-01
D03007,fp_8121c051c09ca132,2025-07-01
D03008,fp_1d75f901f309106e,2025-05-01
D03009,fp_517e7f4a0f8593c3,2025-08-01
D03010,fp_683629ce8d9957fa,2025-02-01
D03011,fp_0766699f7bf2aa06,2025-07-01
D03012,fp_3bd66a06a22fc331,2025-01-01
D03013,fp_8dd7e05244e7a702,2025-10-01
D03014,fp_19fc8579acd32f62,2025-04-01
D03015,fp_8e014eb3c3528ba4,2025-11-01
D03016,fp_20257194c903cc1d,2025-05-01
D03017,fp_6820802591788bdd,2025-08-01
D03018,fp_d8a5aa52157b0495,2025-11-01
D03019,fp_3415c076801c5617,2025-03-01
D03020,fp_8a5a42725f90ee57,2025-03-01
D03021,fp_3ec2e72ac832b3f0,2025-09-01
D03022,fp_6c7b0a77f3de6bc2,2025-09-01
D03023,fp_0ab2e2ca73a55d2e,2025-01-01
D03024,fp_76f36fc7d0096b2a,2025-10-01
D03025,fp_a72edd5f4a0c408d,2025-03-01
D03026,fp_0f67a174002394e2,2025-08-01
D03027,fp_990ddc7345f72e6c,2025-05-01
D03028,fp_ae1455f4d6e8aad3,2025-07-01
D03029,fp_59f6864dffce50b3,2025-11-01
D03030,fp_95ccfda236770e04,2025-09-01
D03031,fp_0ba4e32b4804044c,2025-03-01
D03032,fp_88ba135ebd3b17eb,2025-10-01
D03033,fp_4cf6a29711e74656,2025-02-01
D03034,fp_b2cc43726532b3ae,2025-02-01
D03035,fp_23c01eb1d49b862d,2025-12-01
D03036,fp_ffb2bfe18e7569bc,2025-05-01
D03037,fp_6e951719e0d6e969,2025-04-01
D03038,fp_813be64b9c4624d3,2025-06-01
D03039,fp_ae9e2bbfe2495790,2025-06-01
D03040,fp_42e88605a29a7e5f,2025-12-01
D03041,fp_45e4307a73e5550d,2025-04-01
D03042,fp_fba75385a98afcb0,2025-06-01
D03043,fp_35eb728f57750d0f,2025-08-01
D03044,fp_9979ba46f5808b59,2025-06-01
D03045,fp_e9fd197204105bd1,2025-12-01
D03046,fp_a57d4eb4223bd9be,2025-01-01
D03047,fp_79fdcd339bd972ca,2025-01-01
D03048,fp_0273be68e6c51969,2025-11-01
D03049,fp_69c50d692c6cdb5a,2025-09-01
D03050,fp_b24d2a35e5304b87,2025-12-01
D03051,fp_c330ec147d2d93e8,2025-07-01
D03052,fp_14c62aba89c2fba5,2025-11-01
D03053,fp_13d88e04a6b96653,2025-09-01
D03054,fp_e47f9c7e07ec2d32,2025-11-01
D03055,fp_ac184ef971f71add,2025-02-01
D03056,fp_f8d78cbc5a5ddcc5,2025-07-01
D03057,fp_99ef827fd3d4ddd3,2025-06-01
D03058,fp_2d5c1a6163021daa,2025-12-01
D03059,fp_02288f07fbda05ae,2025-02-01
D03060,fp_5ed7d1a676730495,2025-04-01
D03061,fp_0265a22371cfd772,2025-04-01
D03062,fp_05106943be3eb6f7,2025-05-01
D03063,fp_ebe0c8c1ae38cf46,2025-12-01
D03064,fp_3106e8ce5b9a289a,2025-02-01
D03065,fp_9d0a94dfd0f7c7b0,2025-11-01
D03066,fp_cef440984d9d1bb1,2025-12-01
D03067,fp_3bf85406389d2267,2025-08-01
D03068,fp_5ced83b3f7a0be7a,2025-01-01
D03069,fp_7e2a9f7347dfa607,2025-12-01
D03070,fp_9b24955cb4fbdaf2,2025-04-01
D03071,fp_3232be7201d3a033,2025-11-01
D03072,fp_1c66fdd96565e779,2025-05-01
D03073,fp_8015575691b0af07,2025-08-01
D03074,fp_8d41cb4c2ba46308,2025-04-01
D03075,fp_bd22f7fca8eb2ba6,2025-10-01
D03076,fp_aeb0b110ac13b249,2025-10-01
D03077,fp_2cef755790ad07c6,2025-02-01
D03078,fp_20d4c1659691f45d,2025-12-01
D03079,fp_209f4ff210a71298,2025-05-01
D03080,fp_91e52e86eefe02c3,2025-04-01
D03081,fp_85e89165e1896b25,2025-12-01
D03082,fp_463a5bb6c841b6a8,2025-04-01
D03083,fp_ad900360d900b745,2025-01-01
D03084,fp_f845846efdf0861e,2025-12-01
D03085,fp_886edae8ad80016d,2025-10-01
D03086,fp_ae41115540bf6f6b,2025-09-01
D03087,fp_743480a1e212f7e1,2025-01-01
D03088,fp_6d575fd1f019955f,2025-11-01
D03089,fp_f16d4fe8ac504475,2025-11-01
D03090,fp_da968e7d0d46e159,2025-06-01
D03091,fp_d826c4966ebb7a17,2025-07-01
D03092,fp_1f28e41746273272,2025-11-01
D03093,fp_77723a5a84aeffbe,2025-08-01
D03094,fp_846af2e65c896b2a,2025-01-01
D03095,fp_b8a1e477e240e060,2025-04-01
D03096,fp_47269e7f0c05e009,2025-07-01
D03097,fp_72e89652884c0a55,2025-06-01
D03098,fp_6450dd3c01521e60,2025-04-01
D03099,fp_14f16d9255af47da,2025-10-01
D03100,fp_067ec672cec3a6f4,2025-12-01
D03101,fp_fa64795839c2c1a2,2025-12-01
D03102,fp_f530c98d6c7f7bef,2025-02-01
D03103,fp_3ffef652eac032fa,2025-04-01
D03104,fp_544810de2a1b76e3,2025-05-01
D03105,fp_a041301d10168d65,2025-11-01
D03106,fp_0722ab3c18c30aa9,2025-08-01
D03107,fp_cedcf5bf6e9434ab,2025-01-01
D03108,fp_cc16ab4e97b018b0,2025-11-01
D03109,fp_5594d9c6ef60250e,2025-05-01
D03110,fp_1b9b71f03f4574d4,2025-08-01
D03111,fp_f574175b3d051bf4,2025-06-01
D03112,fp_0def4fd0d51fde3f,2025-06-01
D03113,fp_cb4addc685096c78,2025-04-01
D03114,fp_12aa48cff18c5581,2025-10-01
D03115,fp_704377c39e9be9e2,2025-02-01
D03116,fp_724af3fba016db34,2025-10-01
D03117,fp_15e59a0f1ff49f0a,2025-01-01
D03118,fp_0889360feaadcb2f,2025-07-01
D03119,fp_e3dc8702503314b1,2025-12-01
D03120,fp_c85b811b10a5b073,2025-03-01
D03121,fp_eb4b2c0c0fdf60d5,2025-08-01
D03122,fp_4d2d35570e06a416,2025-10-01
D03123,fp_6e8d0018a04dac84,2025-02-01
D03124,fp_ad74dd431a115f59,2025-01-01
D03125,fp_0d5d2f648f2b892b,2025-05-01
D03126,fp_61a71114d994f7ba,2025-07-01
D03127,fp_9e07809d188854db,2025-07-01
D03128,fp_dd554b7d3bad3a0d,2025-10-01
D03129,fp_a8e3ac9bc997f2fa,2025-10-01
D03130,fp_7412c27202b71c51,2025-07-01
D03131,fp_cb8fe98176d6682f,2025-07-01
D03132,fp_9ec620e0e143a0ad,2025-10-01
D03133,fp_56f11afb19ed59a5,2025-11-01
D03134,fp_acffa99ff0058f9a,2025-01-01
D03135,fp_84681060743e5fef,2025-06-01
D03136,fp_314674a6967aefbb,2025-02-01
D03137,fp_032558201a49de98,2025-10-01
D03138,fp_114a9827b69aca1e,2025-10-01
D03139,fp_d73d52baca1731d0,2025-04-01
D03140,fp_92be07c4e784cabe,2025-03-01
D03141,fp_824723c3a32a4516,2025-05-01
D03142,fp_6bc71d7f5afaeb32,2025-08-01
D03143,fp_9ef01577b980e521,2025-08-01
D03144,fp_3e3f3da02f98ad33,2025-03-01
D03145,fp_0b483935cc09de64,2025-01-01
D03146,fp_4fc9663f20afaf9e,2025-10-01
D03147,fp_835c35416f93be2a,2025-11-01
D03148,fp_5b951652c11ea16b,2025-05-01
D03149,fp_e29de722956b212f,2025-09-01
D03150,fp_2547a8dcc686e251,2025-03-01
D03151,fp_4f05495e7832b59c,2025-10-01
D03152,fp_4a832ab557c850b0,2025-06-01
D03153,fp_0211a6caf863af2d,2025-09-01
D03154,fp_a85d81db9620ed14,2025-11-01
D03155,fp_0eac5e90250487e4,2025-04-01
D03156,fp_d1b6075581d1d226,2025-09-01
D03157,fp_0dfabe46dbd3e865,2025-07-01
D03158,fp_320633885804550b,2025-04-01
D03159,fp_e893786da3fb6609,2025-04-01
D03160,fp_1182e8e7c9070c97,2025-06-01
D03161,fp_aaf8e1d530799b56,2025-08-01
D03162,fp_b11c7dffb1dd348c,2025-08-01
D03163,fp_b1420898998a05a8,2025-06-01
D03164,fp_9412ba0fda1d3dab,2025-10-01
D03165,fp_55edd864f68b6ba0,2025-10-01
D03166,fp_6b2f9d474cb4a7f6,2025-06-01
D03167,fp_1ad74fd4298b2e78,2025-08-01
D03168,fp_ca087252e04872dc,2025-01-01
D03169,fp_382afbde7ef55011,2025-01-01
D03170,fp_39182c16a3863cd1,2025-12-01
D03171,fp_776ef3e63af33cc5,2025-10-01
D03172,fp_3d305a0736903edb,2025-08-01
D03173,fp_c4b27b21bc0dd6ed,2025-06-01
D03174,fp_bd75f95ccea95510,2025-07-01
D03175,fp_667ae277348f9ce0,2025-03-01
D03176,fp_fd68a5d7d37a430a,2025-01-01
D03177,fp_028849d95ce195be,2025-02-01
D03178,fp_07af3b8a5b9e75f4,2025-09-01
D03179,fp_247474b31d7d0bb3,2025-05-01
D03180,fp_31c46c9e70be9630,2025-11-01
D03181,fp_e9a7480095ef8b1b,2025-06-01
D03182,fp_f9adde7d0b3d58ad,2025-01-01
D03183,fp_32a4a8a432f9b771,2025-05-01
D03184,fp_380cc8382c94df5a,2025-05-01
D03185,fp_2c9de90ab805ae3c,2025-06-01
D03186,fp_8df4097bd8f80018,2025-04-01
D03187,fp_322c3dae2db4e428,2025-01-01
D03188,fp_d7c713b72d1368f3,2025-05-01
D03189,fp_19e79a3de9204a24,2025-01-01
D03190,fp_ad6d84efd4d9a0ae,2025-03-01
D03191,fp_a7a581e8610114f4,2025-02-01
D03192,fp_efa52c8a56a04943,2025-04-01
D03193,fp_74c9c3ad4e19392b,2025-04-01
D03194,fp_cf3a97235ea0c503,2025-06-01
D03195,fp_2bde3c78a9315044,2025-09-01
D03196,fp_cc8cc291fa2358bc,2025-10-01
D03197,fp_6f082598e1b4b7ef,2025-12-01
D03198,fp_1e55941910bc94d3,2025-03-01
D03199,fp_ec9573e9e1fa2466,2025-03-01
D03200,fp_308c523dcb7e717c,2025-04-01
D03201,fp_60d16c168855817d,2025-12-01
D03202,fp_516546ca5fcf3219,2025-10-01
D03203,fp_fa1b76596df65800,2025-11-01
D03204,fp_ebc78c063e9ace12,2025-01-01
D03205,fp_9db402f1c3595dc2,2025-10-01
D03206,fp_dabc47ce3068ffdd,2025-09-01
D03207,fp_ca226cfe4b4f8f74,2025-03-01
D03208,fp_3f46a43a53e2e047,2025-01-01
D03209,fp_cbad3916a1243bea,2025-05-01
D03210,fp_205f9619df73321d,2025-09-01
D03211,fp_95866982f7e808a2,2025-08-01
D03212,fp_ba303cce359097e0,2025-02-01
D03213,fp_787da6d7c8dfd1f1,2025-11-01
D03214,fp_109b851a9d6932c9,2025-03-01
D03215,fp_635b8f49823483a8,2025-11-01
D03216,fp_82583678c04a7761,2025-06-01
D03217,fp_84d621487fa372cd,2025-08-01
D03218,fp_526300282dd2d8c0,2025-12-01
D03219,fp_868592d25fb68406,2025-12-01
D03220,fp_b734d4677bb95b07,2025-08-01
D03221,fp_44b1a1ee794836f2,2025-10-01
D03222,fp_a35ae36966a466d4,2025-10-01
D03223,fp_095ee97ca6552e7f,2025-04-01
D03224,fp_e51728b23832dfc1,2025-04-01
D03225,fp_dcf8987873bb84e5,2025-04-01
D03226,fp_37f5c2386559b365,2025-05-01
D03227,fp_e3826da16cce4c23,2025-07-01
D03228,fp_283edeec92455468,2025-06-01
D03229,fp_8cf0f97b4128d40b,2025-02-01
D03230,fp_c06a5949226378ab,2025-02-01
D03231,fp_71cb19b34b88445a,2025-09-01
D03232,fp_3aeceaf85a00d0f2,2025-10-01
D03233,fp_771ad3fe0a8857a5,2025-09-01
D03234,fp_561c9af39f021a19,2025-07-01
D03235,fp_77b16be3737ea52f,2025-07-01
D03236,fp_5e15433b68b1211a,2025-08-01
D03237,fp_45e49a9e51284026,2025-07-01
D03238,fp_2df805020653ee85,2025-08-01
D03239,fp_43fffdea3bd9b015,2025-11-01
D03240,fp_5bed83be136d6cce,2025-02-01
D03241,fp_d7b4db174b658517,2025-09-01
D03242,fp_8bf160df8346452b,2025-11-01
D03243,fp_c92efe0114023a93,2025-05-01
D03244,fp_3a4d45fded360bb7,2025-02-01
D03245,fp_1243e8381e5bc68b,2025-06-01
D03246,fp_8bc85d3709cccf1a,2025-04-01
D03247,fp_325769cd5571276b,2025-11-01
D03248,fp_40018cbe54492845,2025-05-01
D03249,fp_d0c8da67bec62bbe,2025-11-01
D03250,fp_46434f21d86f4bb4,2025-04-01
D03251,fp_9aa1f98bb4a4feee,2025-03-01
D03252,fp_dae13a7fff9779f7,2025-12-01
D03253,fp_8b0a4802bd64e8d6,2025-05-01
D03254,fp_c523b4e9022f46bb,2025-05-01
D03255,fp_d282d54d482702f0,2025-06-01
D03256,fp_ff310f21c87b17d9,2025-07-01
D03257,fp_67dfc9aff220eeb5,2025-10-01
D03258,fp_a7c24c68c1ff9427,2025-01-01
D03259,fp_a772829078d540ef,2025-09-01
D03260,fp_c2db6aabfd411a05,2025-03-01
D03261,fp_65c2e80ddd8f3007,2025-04-01
D03262,fp_b92c8a723a17d79a,2025-12-01
D03263,fp_7974c90b35ba5e93,2025-04-01
D03264,fp_9645dec1840d214b,2025-09-01
D03265,fp_77ff3c31c1f37837,2025-12-01
D03266,fp_761e6287d07c5e53,2025-06-01
D03267,fp_15fbf5dccabaef3c,2025-06-01
D03268,fp_3016b62bd8867545,2025-07-01
D03269,fp_f1224f43c5274f35,2025-12-01
D03270,fp_35a758ab6aed979f,2025-08-01
D03271,fp_da5a8bc373315c49,2025-09-01
D03272,fp_5fec59ac07b4e684,2025-03-01
D03273,fp_dfae180393d797e7,2025-03-01
D03274,fp_f17fa5c04e39f65a,2025-12-01
D03275,fp_7ff2e80a027a76dc,2025-11-01
D03276,fp_5acb287dd5949c84,2025-06-01
D03277,fp_6b4d3d1a39b9c13a,2025-07-01
D03278,fp_c0ac1c00af8e26b2,2025-07-01
D03279,fp_c7552c99c34995ff,2025-12-01
D03280,fp_4cb5062589a06a99,2025-06-01
D03281,fp_05f30bc59642b052,2025-10-01
D03282,fp_083ed925c90d35aa,2025-03-01
D03283,fp_fa2c9e7927584f1a,2025-06-01
D03284,fp_a13d26009174f53b,2025-10-01
D03285,fp_9b9b3926e9eba9fe,2025-10-01
D03286,fp_641118ecddf01771,2025-07-01
D03287,fp_f2dd85f63446c0f0,2025-07-01
D03288,fp_88d45ff4104f3fc5,2025-07-01
D03289,fp_798b07573036f6b9,2025-02-01
D03290,fp_91cbbc49542ef29e,2025-08-01
D03291,fp_e50dede5a395b867,2025-05-01
D03292,fp_2be26bd117deace8,2025-02-01
D03293,fp_8d8b4c60acc54c62,2025-03-01
D03294,fp_d393daad0835075f,2025-12-01
D03295,fp_7d15c3539a760ea9,2025-01-01
D03296,fp_32f194d82fcb0dce,2025-02-01
D03297,fp_f686cfa7e94ded1e,2025-07-01
D03298,fp_34b55b8648a84587,2025-04-01
D03299,fp_a8d992924a85e443,2025-09-01
D03300,fp_7464d6f211ea2c00,2025-01-01
D03301,fp_84be7e1c5e5ffeaa,2025-01-01
D03302,fp_53a755812bfcc524,2025-07-01
D03303,fp_283379b8641f79aa,2025-02-01
D03304,fp_8954fc3d210f2a8a,2025-07-01
D03305,fp_be3e9a907a6eaaa5,2025-02-01
D03306,fp_f48138b5639509c4,2025-04-01
D03307,fp_ded5c01721433dfc,2025-04-01
D03308,fp_6ea4b4054f4c3f0b,2025-12-01
D03309,fp_798b2f02aa2fd9d1,2025-03-01
D03310,fp_9339304b9a8cb3d7,2025-05-01
D03311,fp_33f607309665df7c,2025-09-01
D03312,fp_af516850b77e5f7a,2025-08-01
D03313,fp_33a2ca5f46834cc5,2025-01-01
D03314,fp_24877651fdb7c107,2025-08-01
D03315,fp_d317d8c91060573a,2025-07-01
D03316,fp_cebca2649ad75b94,2025-04-01
D03317,fp_54323b1c869e8836,2025-10-01
D03318,fp_7daf76e7e115d52b,2025-08-01
D03319,fp_937d6fb176733597,2025-01-01
D03320,fp_1752815cbcbf1583,2025-05-01
D03321,fp_e188d3d7a573dc30,2025-08-01
D03322,fp_b347f1d458c6b1c6,2025-12-01
D03323,fp_4c25998ecad73d36,2025-07-01
D03324,fp_d2cc48539cef5ef4,2025-03-01
D03325,fp_3fc74cb86a40e5cc,2025-03-01
D03326,fp_9e23faf9e66414db,2025-12-01
D03327,fp_753439c06e9c92ba,2025-07-01
D03328,fp_a8b97820e92c5b92,2025-03-01
D03329,fp_9190c53fb2d2570a,2025-02-01
D03330,fp_b2da61f764bfc76d,2025-01-01
D03331,fp_e2b2de4b3d5cab0e,2025-03-01
D03332,fp_e1ef2dd3461633bc,2025-11-01
D03333,fp_4ab946a289a92af3,2025-11-01
D03334,fp_11162039ea92659b,2025-12-01
D03335,fp_b8efd250b9fe60c6,2025-04-01
D03336,fp_7e5533bae8a2f417,2025-07-01
D03337,fp_c3094f28fe0d40b4,2025-09-01
D03338,fp_fecd0ded1f08f855,2025-06-01
D03339,fp_c161b06c1397b542,2025-02-01
D03340,fp_c43be7af8120053d,2025-06-01
D03341,fp_73708a7e68fc0e45,2025-03-01
D03342,fp_3516567d40b55023,2025-09-01
D03343,fp_76509bcd0b6d35d7,2025-01-01
D03344,fp_a38cc35f12bcf090,2025-12-01
D03345,fp_bfeeb533acf59149,2025-08-01
D03346,fp_57f9f3a761936947,2025-12-01
D03347,fp_db13f2ec663b4427,2025-04-01
D03348,fp_09ab99a3658c72ee,2025-01-01
D03349,fp_1d5bd8b04027b283,2025-12-01
D03350,fp_22f06403eac97d37,2025-06-01
D03351,fp_bfa93b6eab987d93,2025-08-01
D03352,fp_761b7e117c192e61,2025-02-01
D03353,fp_8c65d01b1521e825,2025-11-01
D03354,fp_b6ad478c3e06f427,2025-08-01
D03355,fp_78858b6d23e7cd20,2025-05-01
D03356,fp_294f513fd770a46e,2025-03-01
D03357,fp_049ffb5fd6a7aa06,2025-10-01
D03358,fp_2d5f60d919bb5bf0,2025-05-01
D03359,fp_88df12c11fc8628d,2025-12-01
D03360,fp_2b1fc2ab640eb68e,2025-02-01
D03361,fp_c37a927babe05b22,2025-01-01
D03362,fp_45f3dc5aad68fb45,2025-03-01
D03363,fp_5bab96cc70cef646,2025-03-01
D03364,fp_b6e3b91b3777d823,2025-01-01
D03365,fp_accfb130e4872e77,2025-09-01
D03366,fp_712ab8eb3756b005,2025-12-01
D03367,fp_d624f0550c39bd0e,2025-11-01
D03368,fp_85db19d7cfbf3d39,2025-11-01
D03369,fp_b766ac85a99c37b3,2025-11-01
D03370,fp_1a50a93ce5a2709d,2025-07-01
D03371,fp_4eee5680b0ba8fe3,2025-08-01
D03372,fp_9923fc7a0d6b160f,2025-01-01
D03373,fp_c5bca4490c754a17,2025-07-01
D03374,fp_33a51ac6c461994d,2025-04-01
D03375,fp_e8a442385fe8b710,2025-04-01
D03376,fp_176519e73332432b,2025-01-01
D03377,fp_072759406bf36656,2025-01-01
D03378,fp_d20e0734564d46aa,2025-04-01
D03379,fp_ab404598ae11d3c2,2025-02-01
D03380,fp_f570543638772265,2025-02-01
D03381,fp_d5dbcbeecc0338d3,2025-11-01
D03382,fp_b958d1532afa5f6a,2025-03-01
D03383,fp_6a6a01490b44676d,2025-09-01
D03384,fp_d0ccc1a51b912adc,2025-06-01
D03385,fp_8fe2c74f529b20e0,2025-11-01
D03386,fp_9fea97cc30862fe3,2025-04-01
D03387,fp_8aad0665ef30141d,2025-07-01
D03388,fp_6d899035f05d45c7,2025-02-01
D03389,fp_36ba49183b7f1998,2025-02-01
D03390,fp_52c83bfc5b48961f,2025-03-01
D03391,fp_66f29d1d03d6af3f,2025-11-01
D03392,fp_0311362650f51e97,2025-07-01
D03393,fp_757256f63677f5b4,2025-04-01
D03394,fp_a8702d9710e67176,2025-05-01
D03395,fp_9fb886b2a662cb92,2025-06-01
D03396,fp_113c9f250b3f953a,2025-04-01
D03397,fp_4d315923693da46c,2025-10-01
D03398,fp_fbac9ade7fe436d1,2025-02-01
D03399,fp_8943314fb668705d,2025-10-01
D03400,fp_407f26542be4be9c,2025-02-01
D03401,fp_5308e1f29990e4a9,2025-11-01
D03402,fp_6379064fb241b95b,2025-11-01
D03403,fp_f8ed08aeecaf8800,2025-12-01
D03404,fp_550100bf2207cb65,2025-03-01
D03405,fp_c2ffd690a2a6861a,2025-12-01
D03406,fp_fa5f9e725166488b,2025-11-01
D03407,fp_114890547b6ce596,2025-06-01
D03408,fp_9bc8d6f60484a1b3,2025-10-01
D03409,fp_61e3178b72ebde4e,2025-09-01
D03410,fp_bde78473a3fdd59c,2025-04-01
D03411,fp_966456be80e022c8,2025-12-01
D03412,fp_03671560fd06875b,2025-04-01
D03413,fp_9dc906df056e3d78,2025-02-01
D03414,fp_3c8478214f10b422,2025-12-01
D03415,fp_c1dadb7d6db2094b,2025-04-01
D03416,fp_1452e1309ea8ffe3,2025-01-01
D03417,fp_5fe0c7c32336d60b,2025-08-01
D03418,fp_33b70b634beef160,2025-03-01
D03419,fp_345298c460310461,2025-11-01
D03420,fp_3cf1c29e09b4413c,2025-12-01
D03421,fp_fd11b3ff991b749e,2025-08-01
D03422,fp_e098d2e3bd3fdb62,2025-06-01
D03423,fp_47334b73225f52ab,2025-06-01
D03424,fp_c976ec61a4c31af7,2025-01-01
D03425,fp_cab214388557ec6c,2025-07-01
D03426,fp_d00dcc4fa5e65ec4,2025-05-01
D03427,fp_0610c42dc0241ac1,2025-04-01
D03428,fp_bb9d92c0d8d0b8db,2025-06-01
D03429,fp_3e04078257bd0ca8,2025-04-01
D03430,fp_0dd7cac28a1055c5,2025-11-01
D03431,fp_3f931507fd063a58,2025-11-01
D03432,fp_b8314c26b23f4738,2025-04-01
D03433,fp_df69a5609baa0785,2025-07-01
D03434,fp_5256cd59857f2f3e,2025-03-01
D03435,fp_a1396d49713e9035,2025-01-01
D03436,fp_deaf9631108abb5c,2025-08-01
D03437,fp_f42323d911ea8815,2025-04-01
D03438,fp_a265df650d56e000,2025-03-01
D03439,fp_3447c34af032c262,2025-03-01
D03440,fp_2c7604c1177d8b26,2025-10-01
D03441,fp_d4cae4328c813e53,2025-04-01
D03442,fp_81e6935f3c7ed208,2025-02-01
D03443,fp_b998e2d36d1e0d7d,2025-08-01
D03444,fp_2a064fd24fbc0984,2025-12-01
D03445,fp_3eb366fd3291bc95,2025-07-01
D03446,fp_9b1911122d2ae08e,2025-04-01
D03447,fp_490ce3154d980202,2025-10-01
D03448,fp_f7bce0ef72c1e68e,2025-11-01
D03449,fp_4598ab17338f0430,2025-08-01
D03450,fp_f37599aa147bed20,2025-06-01
D03451,fp_60b217f965f35984,2025-03-01
D03452,fp_70fe05a17880adc6,2025-07-01
D03453,fp_9c014262815ada5d,2025-12-01
D03454,fp_c2a49fd86ef54cee,2025-03-01
D03455,fp_f42973f5d1d18e0b,2025-08-01
D03456,fp_c30dcc74051256b8,2025-07-01
D03457,fp_daa282b46d69e88c,2025-02-01
D03458,fp_e80d9169c24489e1,2025-05-01
D03459,fp_8985c98d985defc4,2025-03-01
D03460,fp_ba059e688d87b7be,2025-03-01
D03461,fp_61652fd341dddedf,2025-08-01
D03462,fp_741f55454e4c01f6,2025-05-01
D03463,fp_8fe88b776009a05a,2025-10-01
D03464,fp_126aa3157b189d5d,2025-06-01
D03465,fp_b701492522fbe906,2025-08-01
D03466,fp_279c058a321a6d71,2025-04-01
D03467,fp_03491b410111fa05,2025-09-01
D03468,fp_b9b03c1abaf9706d,2025-06-01
D03469,fp_6790eee07dcfe924,2025-07-01
D03470,fp_6507c321f0b6844f,2025-12-01
D03471,fp_625046c05f866c8e,2025-08-01
D03472,fp_a41bc4c24eccb0ab,2025-10-01
D03473,fp_68a64d97123c6a29,2025-01-01
D03474,fp_ebee30cffe12ace5,2025-02-01
D03475,fp_eea00af96283f50f,2025-10-01
D03476,fp_31b8f079299094c0,2025-07-01
D03477,fp_41589d90f5044d15,2025-12-01
D03478,fp_8275b18a593c73f2,2025-12-01
D03479,fp_a28e08417d165228,2025-12-01
D03480,fp_b24ae6e35e411475,2025-01-01
D03481,fp_62a53193a6a1cc2b,2025-07-01
D03482,fp_3f2dbf97bc547d54,2025-04-01
D03483,fp_08d57cf77a4c38ef,2025-06-01
D03484,fp_b4e10c33a1861de1,2025-11-01
D03485,fp_b28d7cb8073bca43,2025-11-01
D03486,fp_25dbbe8da5349425,2025-05-01
D03487,fp_7499bb6b9afdd464,2025-11-01
D03488,fp_4119055925b9de82,2025-04-01
D03489,fp_940e35219a26755a,2025-11-01
D03490,fp_29534ea7d76d9612,2025-01-01
D03491,fp_c55e6efb1de20f2d,2025-02-01
D03492,fp_b62c09bfa4f73a30,2025-07-01
D03493,fp_b4c0fd1865cd7fd1,2025-10-01
D03494,fp_e6a7a6b0f9619ae2,2025-02-01
D03495,fp_e8f26d6384bed7ed,2025-04-01
D03496,fp_6c461d48e041f0a3,2025-03-01
D03497,fp_6d4772f8d46a77af,2025-05-01
D03498,fp_4d5e42e8b11c377f,2025-09-01
D03499,fp_887fe19cf7ba19f9,2025-11-01
D03500,fp_61fe6f28e2fb8d66,2025-10-01
D03501,fp_bbe30fd24ed7b3f3,2025-07-01
D03502,fp_e05bc7eac0a15dbc,2025-12-01
D03503,fp_16c068e8de922cf1,2025-02-01
D03504,fp_9296ae08a2dcb574,2025-06-01
D03505,fp_2488dee3d0713f73,2025-05-01
D03506,fp_35a37765bfacc63e,2025-12-01
D03507,fp_b2f240e365e1605b,2025-05-01
D03508,fp_fcadb3fd01a4c2d1,2025-03-01
D03509,fp_7de1936bd0fee4f1,2025-01-01
D03510,fp_11e121c718cc8417,2025-12-01
D03511,fp_8663e8bb6af7895b,2025-07-01
D03512,fp_49d0aac1a78eb37c,2025-12-01
D03513,fp_2baeafc76e52b671,2025-03-01
D03514,fp_2fb7e9bd5fe92750,2025-12-01
D03515,fp_32b1792b2263960a,2025-08-01
D03516,fp_80ab4b7f2e968660,2025-02-01
D03517,fp_912cf322735e8153,2025-04-01
D03518,fp_3370dc1d2f85f99d,2025-01-01
D03519,fp_2ec75a83bffa7a4f,2025-04-01
D03520,fp_fba26c214264e318,2025-07-01
D03521,fp_a0786a1f70d3b5f7,2025-10-01
D03522,fp_de4cf8bc1bf43b9f,2025-11-01
D03523,fp_146e6a4f2a873e02,2025-05-01
D03524,fp_60b2d14b15f0e5ea,2025-02-01
D03525,fp_107380cb46d9e34d,2025-06-01
D03526,fp_95ecec2c07983bc0,2025-04-01
D03527,fp_7c35b2747a57772b,2025-11-01
D03528,fp_19cea0c3c2b2547d,2025-01-01
D03529,fp_441dde330fa1659f,2025-01-01
D03530,fp_951b2503aa528f85,2025-01-01
D03531,fp_3608937418caa0a9,2025-09-01
D03532,fp_01dbeb73cab285dc,2025-07-01
D03533,fp_852393d79a5d376e,2025-05-01
D03534,fp_7c65a804ee9ff73c,2025-08-01
D03535,fp_56479889c1c4f618,2025-10-01
D03536,fp_562827686df0ac3c,2025-06-01
D03537,fp_e3e103bbae8e6075,2025-06-01
D03538,fp_50b281c0ffdba2ee,2025-04-01
D03539,fp_5c784ca4f0e4ca0b,2025-11-01
D03540,fp_60e12973660237ed,2025-10-01
D03541,fp_f9ad97ae0ea761a6,2025-06-01
D03542,fp_548b9bb7df8200b8,2025-02-01
D03543,fp_74f8a91300ca280f,2025-12-01
D03544,fp_b9a807ba66dce997,2025-03-01
D03545,fp_9a16b8530692fe02,2025-02-01
D03546,fp_87d75309de772156,2025-05-01
D03547,fp_b3030188f378cb94,2025-04-01
D03548,fp_73b0e73d5e516bf8,2025-10-01
D03549,fp_a8ac1ab1afa9d02c,2025-08-01
D03550,fp_69c2aa1783d1677a,2025-11-01
D03551,fp_00cd11a8301c8108,2025-11-01
D03552,fp_f122d458f521cf35,2025-06-01
D03553,fp_a23f3abf0441e22c,2025-06-01
D03554,fp_0bb68d75df996726,2025-12-01
D03555,fp_ad8cc85c53559e80,2025-08-01
D03556,fp_9b54d2273bca7ff6,2025-08-01
D03557,fp_bd3c83c3667139de,2025-10-01
D03558,fp_14d49d3acb40fcdd,2025-06-01
D03559,fp_f067dba16d8bebc3,2025-08-01
D03560,fp_a888e7affca39bae,2025-12-01
D03561,fp_19b7775fe7bb5e42,2025-12-01
D03562,fp_4b3a9a83628616f4,2025-10-01
D03563,fp_b641d44931f09021,2025-03-01
D03564,fp_8522496adeaf0fa9,2025-10-01
D03565,fp_db576a7fc8ecb641,2025-12-01
D03566,fp_08207d4e812fdd98,2025-03-01
D03567,fp_cbfc721c7f780428,2025-02-01
D03568,fp_d51528af4d25298f,2025-11-01
D03569,fp_8c7aa939ff0dd3c2,2025-08-01
D03570,fp_e57b084d2b0582e0,2025-08-01
D03571,fp_1d9d1d80f47e3ca0,2025-08-01
D03572,fp_8a693650a9a2e9cd,2025-04-01
D03573,fp_362e17d43e4c943a,2025-03-01
D03574,fp_f1b7bd1ec0d52828,2025-11-01
D03575,fp_16e500e5b32d3c81,2025-02-01
D03576,fp_fe4cefed6f552c9e,2025-12-01
D03577,fp_29052dd7077b1426,2025-06-01
D03578,fp_622c636fe713f930,2025-05-01
D03579,fp_b81bda1d386a9050,2025-05-01
D03580,fp_79eef2c0aa7a907d,2025-11-01
D03581,fp_aa5ca8cd1f835b8d,2025-03-01
D03582,fp_88d7d47cec38704b,2025-11-01
D03583,fp_7df102c2b9b4c225,2025-02-01
D03584,fp_b118cad6cba88a28,2025-06-01
D03585,fp_394b5d35df377ff8,2025-10-01
D03586,fp_ec814510c42eafc8,2025-10-01
D03587,fp_a4dc4d4e108e04ac,2025-06-01
D03588,fp_e900b66f6083bf88,2025-12-01
D03589,fp_bc6aa8a7be332380,2025-12-01
D03590,fp_a767472661b3d8f3,2025-11-01
D03591,fp_8fd8acb4c8fb2050,2025-07-01
D03592,fp_3bbdf80ccef66a14,2025-04-01
D03593,fp_1d9ddb864253fb27,2025-05-01
D03594,fp_1c8390ba1672380e,2025-02-01
D03595,fp_bd96bb0a5719d3e4,2025-10-01
D03596,fp_302b0401efed098b,2025-12-01
D03597,fp_1db92330f1276a5c,2025-10-01
D03598,fp_209e6e485e24038e,2025-06-01
D03599,fp_61547769f43dd740,2025-10-01
D03600,fp_006e0070bca6a6b0,2025-05-01
D03601,fp_970e287a0fd7b0f2,2025-09-01
D03602,fp_d8dcc3a5309a8327,2025-07-01
D03603,fp_6c778135fad76ab7,2025-06-01
D03604,fp_5d7233dbc572aa5b,2025-11-01
D03605,fp_cbebb43fef15b821,2025-03-01
D03606,fp_a9eb0bf9850e6d30,2025-10-01
D03607,fp_38de44f1973d1855,2025-02-01
D03608,fp_025a2dd465333140,2025-09-01
D03609,fp_75ea1023da3465d9,2025-06-01
D03610,fp_d0ef1299250b1c5a,2025-05-01
D03611,fp_380a1bb7d653d4bb,2025-08-01
D03612,fp_74ae4b96ae133adc,2025-03-01
D03613,fp_488c6ea499f9a338,2025-03-01
D03614,fp_aa546c79bf3f51d5,2025-12-01
D03615,fp_9950385808cac260,2025-06-01
D03616,fp_809bd8134f13823b,2025-12-01
D03617,fp_4600fc5f1f9b5662,2025-12-01
D03618,fp_7a70bcf892efd363,2025-11-01
D03619,fp_37387270d424d9f3,2025-08-01
D03620,fp_b4428cde4a9f6c5c,2025-07-01
D03621,fp_fb2c2c830f0e5767,2025-06-01
D03622,fp_d3f0405827177e59,2025-12-01
D03623,fp_d91b1cb635eabd3e,2025-12-01
D03624,fp_cf7798ccef36feb1,2025-04-01
D03625,fp_bc5882ecb34de663,2025-01-01
D03626,fp_dd8cf1caec5412b4,2025-03-01
D03627,fp_7ccd1ac6db55daf5,2025-12-01
D03628,fp_4c91ef0e644d852c,2025-11-01
D03629,fp_d9387dfbe9917f60,2025-03-01
D03630,fp_05855672fdb651a6,2025-09-01
D03631,fp_566082e1646cd3c1,2025-07-01
D03632,fp_793228b9ad8ac4bc,2025-06-01
D03633,fp_643058d9c1f98e90,2025-07-01
D03634,fp_8720d00f126301a0,2025-12-01
D03635,fp_4849032c48754d16,2025-12-01
D03636,fp_31f18f8bec4de885,2025-12-01
D03637,fp_8c4a62badb335860,2025-07-01
D03638,fp_2182b51818e9ef77,2025-06-01
D03639,fp_ca9128fbc0948932,2025-10-01
D03640,fp_ce192f51dda8b391,2025-01-01
D03641,fp_ef4055ddd98d213c,2025-12-01
D03642,fp_7520d99e4dd7cb5c,2025-11-01
D03643,fp_93c0968729e7e176,2025-03-01
D03644,fp_b22a2428711f4ae4,2025-08-01
D03645,fp_e5b015b44a84525f,2025-03-01
D03646,fp_37d7cab335b33f54,2025-12-01
D03647,fp_bc3ddbfc32167340,2025-11-01
D03648,fp_5cbad41002568225,2025-12-01
D03649,fp_935fe6e2db2c1379,2025-02-01
D03650,fp_c9167a93ada63c4b,2025-03-01
D03651,fp_f34d4b136065f5cf,2025-07-01
D03652,fp_d7770933adf01fe0,2025-03-01
D03653,fp_0e6bbde0ed0d6017,2025-02-01
D03654,fp_f96277e55b078b11,2025-08-01
D03655,fp_f1efa9632dfc6b9c,2025-01-01
D03656,fp_faf36aec1e0a7157,2025-09-01
D03657,fp_56a701aba66ccf43,2025-10-01
D03658,fp_f84006f26f0eebef,2025-03-01
D03659,fp_b8f91075a08145d2,2025-07-01
D03660,fp_08b3c1113eb862c6,2025-02-01
D03661,fp_658a83773da8b37a,2025-08-01
D03662,fp_b01fb9f34d7d10f3,2025-10-01
D03663,fp_2c281bbdf45dbd91,2025-11-01
D03664,fp_60185b17bec5715c,2025-12-01
D03665,fp_cb9a6ed5fdbcebdb,2025-11-01
D03666,fp_16f0c19ca894b11e,2025-08-01
D03667,fp_d1753cd1dd69cf6b,2025-11-01
D03668,fp_46748ee461d15db2,2025-11-01
D03669,fp_71f34593a737d19b,2025-06-01
D03670,fp_1eb8586302f86044,2025-02-01
D03671,fp_1f3ec5721527b2ac,2025-08-01
D03672,fp_ab35f75aa43366c9,2025-09-01
D03673,fp_05e514ff399557cb,2025-10-01
D03674,fp_fcc2ed1892aef13c,2025-10-01
D03675,fp_4612d4247ac067a6,2025-12-01
D03676,fp_1834a40dbecfdded,2025-10-01
D03677,fp_624b31d72e5c58ad,2025-08-01
D03678,fp_a5044925fffcff63,2025-12-01
D03679,fp_4c618a436f041c76,2025-10-01
D03680,fp_1974fb71200f7ed0,2025-06-01
D03681,fp_b6b9824010416cbc,2025-09-01
D03682,fp_67c3bd9e2f54f0e5,2025-12-01
D03683,fp_64cfd9b9050e1961,2025-09-01
D03684,fp_89529c51d1453eb7,2025-09-01
D03685,fp_105dd35c7d127b6b,2025-09-01
D03686,fp_95b04f8ad64f10b5,2025-09-01
D03687,fp_d19eaf98b6b84329,2025-11-01
D03688,fp_c0e5ea1a1fc45171,2025-04-01
D03689,fp_a898dac4f736df7e,2025-02-01
D03690,fp_dcac41f82e4001c1,2025-10-01
D03691,fp_2e106355b1f9ab31,2025-01-01
D03692,fp_727dda848e023ef0,2025-06-01
D03693,fp_0a0549501f7fe5b0,2025-03-01
D03694,fp_34cb7b9a933882b3,2025-11-01
D03695,fp_167b6ea029451370,2025-09-01
D03696,fp_d9f8a24e41bb0e0d,2025-01-01
D03697,fp_fadc970415a905b4,2025-02-01
D03698,fp_4c6f9a458192ef8f,2025-06-01
D03699,fp_8b5f93fef75ddff4,2025-03-01
D03700,fp_fa236dbb6c4d1774,2025-11-01
D03701,fp_3f9304fa00059b9d,2025-05-01
D03702,fp_f23b1efb0bd18d4a,2025-09-01
D03703,fp_c865b35ce79524eb,2025-05-01
D03704,fp_88baef4aa8be8d1f,2025-08-01
D03705,fp_93baf4a323cd8a44,2025-08-01
D03706,fp_501c93a3b1f22be5,2025-09-01
D03707,fp_fc6bc66be92915a3,2025-06-01
D03708,fp_89c818d79b2e18c0,2025-09-01
D03709,fp_b01c337e35b80aae,2025-02-01
D03710,fp_d1dc01e5a9a14475,2025-01-01
D03711,fp_096765693cb29bf1,2025-04-01
D03712,fp_4cb9be7b24444f64,2025-04-01
D03713,fp_225b74adf519ab52,2025-10-01
D03714,fp_374e65388d548038,2025-10-01
D03715,fp_470367f75bebb1c7,2025-03-01
D03716,fp_9f4fe355baa6961c,2025-07-01
D03717,fp_8cc2e0f013093c17,2025-05-01
D03718,fp_61bc7c5642bb8f63,2025-11-01
D03719,fp_29cf4c70e75641e0,2025-07-01
D03720,fp_1550239074c0db3e,2025-05-01
D03721,fp_6ce34d67ad30c94b,2025-12-01
D03722,fp_8931069724aba2a0,2025-04-01
D03723,fp_a12b61ae12101787,2025-12-01
D03724,fp_fecfdd7244f760a8,2025-11-01
D03725,fp_a54427ecb261ad5c,2025-04-01
D03726,fp_5f44b716b6e5dd9a,2025-10-01
D03727,fp_a5d453c4a845fee9,2025-09-01
D03728,fp_29feba149adda7c8,2025-07-01
D03729,fp_274b369ed2524487,2025-06-01
D03730,fp_c9ac376cfe11230e,2025-07-01
D03731,fp_06a2074c61025637,2025-10-01
D03732,fp_13d8a6e63f5c022a,2025-05-01
D03733,fp_880e6ddd1fe72d21,2025-02-01
D03734,fp_8c61e59faf194390,2025-07-01
D03735,fp_5450c61f10e2b676,2025-11-01
D03736,fp_5ce1bcc216c702a1,2025-06-01
D03737,fp_45f3e8a4c72fa86e,2025-03-01
D03738,fp_cc501beade6d4e25,2025-04-01
D03739,fp_0286675d460db751,2025-02-01
D03740,fp_fabf8aef608d4b54,2025-04-01
D03741,fp_f3a80aa060ee0cbc,2025-02-01
D03742,fp_ecf678c0c8613afa,2025-02-01
D03743,fp_86c71c162cfcbb3f,2025-12-01
D03744,fp_4e7a081ee0218caf,2025-10-01
D03745,fp_ce8a5306d2438d1b,2025-08-01
D03746,fp_8769ee241875589a,2025-06-01
D03747,fp_9278f380b3510ddc,2025-05-01
D03748,fp_4563cafe8d31df34,2025-10-01
D03749,fp_e585a0a5195c663b,2025-01-01
D03750,fp_516836122bb61a4e,2025-07-01
D03751,fp_585d40112e408d57,2025-12-01
D03752,fp_f7ceddc4ad851456,2025-09-01
D03753,fp_9838d1688d3a5b2d,2025-07-01
D03754,fp_97a1a2f67a139e90,2025-03-01
D03755,fp_026e6d114251d2f0,2025-11-01
D03756,fp_b695c2bf837905ed,2025-03-01
D03757,fp_2059ad46a8560b74,2025-03-01
D03758,fp_914ba9bb60f91495,2025-12-01
D03759,fp_0d88893344725ab7,2025-12-01
D03760,fp_f978d269a3a22f35,2025-06-01
D03761,fp_c70c15e3b51ee0dd,2025-04-01
D03762,fp_9bd3f580ad9f835f,2025-07-01
D03763,fp_75318081b4effa29,2025-03-01
D03764,fp_fc7aa2dc705faecd,2025-06-01
D03765,fp_77fa7bbccc68753e,2025-09-01
D03766,fp_469c558b496d036a,2025-07-01
D03767,fp_f111be9e8545b11f,2025-12-01
D03768,fp_ec7ef0abe1a29ffa,2025-04-01
D03769,fp_a2b8fdcc4e20c377,2025-02-01
D03770,fp_4e3fd50bf28c635f,2025-07-01
D03771,fp_500f86b1c544a049,2025-02-01
D03772,fp_1458771da27a2bda,2025-02-01
D03773,fp_3d730c3bbade33a0,2025-02-01
D03774,fp_9347f4862a44da88,2025-01-01
D03775,fp_be50150015a75ed9,2025-05-01
D03776,fp_edf98b8d8ddd6a3e,2025-08-01
D03777,fp_dfd5988eceefd2c9,2025-01-01
D03778,fp_f2ca2002f6508852,2025-07-01
D03779,fp_823901c4ad5209e7,2025-12-01
D03780,fp_7acabb7622ecf870,2025-08-01
D03781,fp_af64257283d7cafc,2025-11-01
D03782,fp_884bfa8ce3593ee9,2025-12-01
D03783,fp_67ccfa381febc9af,2025-01-01
D03784,fp_30afe6139dc4f583,2025-12-01
D03785,fp_b6d331ca01ddc628,2025-07-01
D03786,fp_88c982ecb3dd0cfb,2025-12-01
D03787,fp_3e859c675855e4a0,2025-12-01
D03788,fp_f36c1c45a942b4d7,2025-09-01
D03789,fp_9bf41cc6af1fbe16,2025-01-01
D03790,fp_72dadc219b7cd539,2025-03-01
D03791,fp_ee20a0b5acad7c07,2025-09-01
D03792,fp_399e1823e75f58ba,2025-03-01
D03793,fp_5df70cc1133b385e,2025-03-01
D03794,fp_5a71504b8380d397,2025-01-01
D03795,fp_7ed99a6b6c3786c2,2025-07-01
D03796,fp_5f8f85382ba4d656,2025-02-01
D03797,fp_e9fedd4856847457,2025-11-01
D03798,fp_d4ec05953ff09d13,2025-09-01
D03799,fp_c433b3bdd9cc8656,2025-02-01
D03800,fp_4c96edc24a41aed8,2025-08-01
D03801,fp_43c6b5324b25c483,2025-04-01
D03802,fp_bcef40f800926d61,2025-11-01
D03803,fp_64c46086919fa02e,2025-04-01
D03804,fp_4e08ab81ec4d6c00,2025-11-01
D03805,fp_d362dea783f9b580,2025-01-01
D03806,fp_768ae6fbef775124,2025-10-01
D03807,fp_7cff07e3d92d9519,2025-01-01
D03808,fp_0182144d5b120b1b,2025-10-01
D03809,fp_541bf89c75d9c07c,2025-05-01
D03810,fp_1b6f1a9e5a98b715,2025-01-01
D03811,fp_e3e3e73b59875c7d,2025-12-01
D03812,fp_66edef302fa80808,2025-06-01
D03813,fp_19f145cc0244e4d7,2025-07-01
D03814,fp_329245ba7df6bc1d,2025-02-01
D03815,fp_83aa622f8772df4a,2025-03-01
D03816,fp_1fb426c06924e248,2025-08-01
D03817,fp_27d764ce01c4e229,2025-11-01
D03818,fp_39e1609d4008d4da,2025-08-01
D03819,fp_5fd2bec365363c77,2025-05-01
D03820,fp_6da7c95b5d4f9715,2025-03-01
D03821,fp_cfc1568989534e15,2025-05-01
D03822,fp_fd474d951bd36f41,2025-08-01
D03823,fp_d6e0217ca801f15e,2025-08-01
D03824,fp_23cecf1e296df91f,2025-06-01
D03825,fp_6f180343bf415c98,2025-01-01
D03826,fp_e2320dc95bf6f06d,2025-12-01
D03827,fp_1c54956f32ce93db,2025-04-01
D03828,fp_0a4e3ccf48ef30ff,2025-03-01
D03829,fp_6bca4f866500f793,2025-12-01
D03830,fp_e6a7caf754ca6897,2025-01-01
D03831,fp_aa8c662d290a3d67,2025-04-01
D03832,fp_7ab3137cf2c8c25e,2025-11-01
D03833,fp_440b71a6fba13732,2025-02-01
D03834,fp_7d338ca26bcce72a,2025-09-01
D03835,fp_ccc102507edd8483,2025-11-01
D03836,fp_209f839fb6ddbd11,2025-06-01
D03837,fp_c3af3d93c0476d80,2025-07-01
D03838,fp_b9dac7798079cdc9,2025-12-01
D03839,fp_d35d1936d7d2f88f,2025-07-01
D03840,fp_1c17729f21a496a8,2025-02-01
D03841,fp_056a3b28caef3c9e,2025-03-01
D03842,fp_581848c527d19990,2025-09-01
D03843,fp_c4735700037e7f60,2025-11-01
D03844,fp_0d527b893c8b966c,2025-11-01
D03845,fp_57968d64d4701dd2,2025-07-01
D03846,fp_98daae8cf9f7e004,2025-12-01
D03847,fp_6f302743020e2e6a,2025-08-01
D03848,fp_483fca724a1a7c2e,2025-08-01
D03849,fp_c2ca55ed15263fef,2025-07-01
D03850,fp_9e1be56d3f6c5de5,2025-03-01
D03851,fp_82e09d39bab008df,2025-03-01
D03852,fp_47f8b6f13fdd0e2b,2025-02-01
D03853,fp_4376bff9dd3a0936,2025-12-01
D03854,fp_aa94a1d43f529dae,2025-07-01
D03855,fp_79510a4532cb28ba,2025-12-01
D03856,fp_cf590b8ec86022c4,2025-02-01
D03857,fp_baff361ab37e3c41,2025-09-01
D03858,fp_2e625a6f9c711439,2025-04-01
D03859,fp_dad8e2dafe17ddb3,2025-10-01
D03860,fp_a26d18f6a1001bc8,2025-03-01
D03861,fp_1ed68b713ab8ec3f,2025-03-01
D03862,fp_09d261e066ba7e51,2025-05-01
D03863,fp_31328995fd8ac696,2025-03-01
D03864,fp_0485742a6d22313c,2025-10-01
D03865,fp_17478b5c331bd602,2025-01-01
D03866,fp_6844a0e3615eca80,2025-09-01
D03867,fp_b33d9c7c4e733dcc,2025-11-01
D03868,fp_3b3ed7bdfae96dd3,2025-04-01
D03869,fp_6d134ea8560fc071,2025-08-01
D03870,fp_82866d400fb49d98,2025-07-01
D03871,fp_0d394b57a4d4df15,2025-05-01
D03872,fp_44ed4fd51c2c8fb1,2025-06-01
D03873,fp_f1685db847d28391,2025-06-01
D03874,fp_6b06e92fb62a7941,2025-04-01
D03875,fp_e525aeaf51e11799,2025-01-01
D03876,fp_0a77b5cc2e874651,2025-01-01
D03877,fp_a911fd6d0d586ee2,2025-12-01
D03878,fp_364429395256f928,2025-05-01
D03879,fp_47b885fa78d8cdd6,2025-10-01
D03880,fp_6e4ff4a419cb84c8,2025-03-01
D03881,fp_f2c5a2da40944f95,2025-08-01
D03882,fp_559383cf5d13a906,2025-05-01
D03883,fp_18cd99c91c8d23b4,2025-11-01
D03884,fp_aed690cc037f5347,2025-09-01
D03885,fp_dcaa5893c53d1af9,2025-03-01
D03886,fp_5c4e3b0054ca4adc,2025-12-01
D03887,fp_5c83b98ecf5e7840,2025-12-01
D03888,fp_96c2e045c75ffb36,2025-09-01
D03889,fp_5f20ac069ace8631,2025-04-01
D03890,fp_46a47588a676ace1,2025-04-01
D03891,fp_62510f01959677e9,2025-02-01
D03892,fp_1b3ac54ce31f2212,2025-03-01
D03893,fp_be1a35c9a12ac11c,2025-10-01
D03894,fp_0a81870a1ecf8aec,2025-10-01
D03895,fp_e9846baaf7e47c8c,2025-11-01
D03896,fp_30c041a9d141b9e4,2025-04-01
D03897,fp_721df83cb46499f4,2025-02-01
D03898,fp_f11afc00132b4f36,2025-09-01
D03899,fp_57c8294c9e7776ae,2025-05-01
D03900,fp_796512e3b9b094ac,2025-04-01
D03901,fp_b884590288973a4a,2025-03-01
D03902,fp_20b998300b373468,2025-04-01
D03903,fp_8ced48ea6b0ffa79,2025-12-01
D03904,fp_e43f05c840a582f7,2025-09-01
D03905,fp_58eb3e59f9a1de3f,2025-06-01
D03906,fp_a13ecf1572cfbb0e,2025-12-01
D03907,fp_e92d69611e0fd29b,2025-07-01
D03908,fp_7b9a21c41155581f,2025-07-01
D03909,fp_ee6bcb89861550f6,2025-09-01
D03910,fp_059997f6ca77736e,2025-03-01
D03911,fp_462e9af399622263,2025-12-01
D03912,fp_2101d598f7ad3965,2025-05-01
D03913,fp_f4af80050ba24c4f,2025-10-01
D03914,fp_cb5d2aff0f9027d5,2025-12-01
D03915,fp_bd9f82d730b05a0b,2025-07-01
D03916,fp_af481fc07eba0464,2025-09-01
D03917,fp_8373edf3dec91438,2025-02-01
D03918,fp_70100d7e2a5f66e4,2025-09-01
D03919,fp_8fffe8456257ae9c,2025-07-01
D03920,fp_9b72a9fe669e098d,2025-05-01
D03921,fp_2f1ef8dc34f902b7,2025-01-01
D03922,fp_9267e7e628f5f5c2,2025-04-01
D03923,fp_b25c5b509794b389,2025-01-01
D03924,fp_edba84d1e1104d91,2025-09-01
D03925,fp_80fa33637497c7d9,2025-12-01
D03926,fp_866b329ab877e049,2025-05-01
D03927,fp_da3bce8e4dac49f6,2025-04-01
D03928,fp_b5502e2b4bde7d88,2025-05-01
D03929,fp_1e7d8f7b8d59c34d,2025-03-01
D03930,fp_0bad4234395370c0,2025-09-01
D03931,fp_4ab63e0f3cfbc642,2025-01-01
D03932,fp_25ec77e4a3bdd4d6,2025-05-01
D03933,fp_220a69d3ed601f49,2025-05-01
D03934,fp_ca6628a8df96048a,2025-01-01
D03935,fp_fae2d4a8a4752fa7,2025-04-01
D03936,fp_d2cb03ebfd523fad,2025-04-01
D03937,fp_1dbe4a3c88db3692,2025-01-01
D03938,fp_58f34359a60da1aa,2025-11-01
D03939,fp_f8e351ea9aebbc3e,2025-06-01
D03940,fp_154f9eb453167cb5,2025-12-01
D03941,fp_8c9d4a84e24cee91,2025-05-01
D03942,fp_22345eacb8da3559,2025-07-01
D03943,fp_9c8a1631e5f95507,2025-05-01
D03944,fp_fc3a156a531b49d8,2025-01-01
D03945,fp_d0e04655a03e9b5d,2025-01-01
D03946,fp_5b00f1a0d2ed3196,2025-04-01
D03947,fp_f71925aebb0084fa,2025-05-01
D03948,fp_418860b92d3e854b,2025-01-01
D03949,fp_a845f72389924e2d,2025-10-01
D03950,fp_b8fc75131b3fd4b0,2025-12-01
D03951,fp_61c9815eb0285484,2025-11-01
D03952,fp_deba029741e15f65,2025-11-01
D03953,fp_9ab62311a261d918,2025-09-01
D03954,fp_d11ce31334c6d620,2025-08-01
D03955,fp_5302e6e2387bccda,2025-05-01
D03956,fp_94e7eb2a343402ef,2025-11-01
D03957,fp_dbb464a3cec79642,2025-07-01
D03958,fp_7230b85b27d81ea0,2025-04-01
D03959,fp_b9ede33fbad4f3e0,2025-07-01
D03960,fp_25f93ab95e5f310c,2025-08-01
D03961,fp_7ef74fdb17fc2335,2025-03-01
D03962,fp_2f5dff13759a9725,2025-03-01
D03963,fp_91d51b0630591fbc,2025-08-01
D03964,fp_babf3375f17fb786,2025-03-01
D03965,fp_48340d51a5c6c5ae,2025-01-01
D03966,fp_29b509424f66a914,2025-03-01
D03967,fp_64ea1dd3d147a0bf,2025-11-01
D03968,fp_3016cecc9b9a3a55,2025-02-01
D03969,fp_1271c87324bde1a8,2025-07-01
D03970,fp_747c76903ec8f48e,2025-11-01
D03971,fp_670a858cf86b2e95,2025-02-01
D03972,fp_86daf596b96c2da0,2025-03-01
D03973,fp_c01d1c62ba0d3f1f,2025-01-01
D03974,fp_1987e6d09a7171aa,2025-07-01
D03975,fp_054da360624d3473,2025-02-01
D03976,fp_037825dad399956c,2025-11-01
D03977,fp_0b328c23ef470a44,2025-03-01
D03978,fp_c5266dc83f936724,2025-02-01
D03979,fp_2483c45844852295,2025-11-01
D03980,fp_037488649981d28f,2025-01-01
D03981,fp_caaa4685f5266edf,2025-02-01
D03982,fp_bc731d478ad8c568,2025-06-01
D03983,fp_b51bd20fda4bdf2d,2025-02-01
D03984,fp_23a4957133cb59ef,2025-08-01
D03985,fp_901704a8c279d913,2025-08-01
D03986,fp_29c3d598d0c24f21,2025-05-01
D03987,fp_7a99bd7654edfb70,2025-03-01
D03988,fp_0e4ddb723e6a41f1,2025-09-01
D03989,fp_447809c0b1299cb7,2025-11-01
D03990,fp_1f81e0978b2a3730,2025-01-01
D03991,fp_0b660bcdd32e4757,2025-02-01
D03992,fp_4bf70dc68b6daa25,2025-02-01
D03993,fp_e2eed64b82f47196,2025-07-01
D03994,fp_004f5362244f4ce3,2025-04-01
D03995,fp_3a0761d90624ebdf,2025-07-01
D03996,fp_25ba779562a876d7,2025-06-01
D03997,fp_496ec0c9a7c5f960,2025-04-01
D03998,fp_e1057ec8ebf3ef99,2025-11-01
D03999,fp_afcfea4d627e91e1,2025-12-01
D04000,fp_e6d037c6d2a20765,2025-02-01
D04001,fp_2b6838e37de7f41a,2025-02-01
D04002,fp_1a0b6310397a4dc8,2025-05-01
D04003,fp_1387bcda5b7887ed,2025-10-01
D04004,fp_1e4c3fdf556efce4,2025-06-01
D04005,fp_ecb948f7ec5eac70,2025-02-01
D04006,fp_0b18c73ce545281b,2025-10-01
D04007,fp_2d95d98d26aeaf29,2025-07-01
D04008,fp_55b8572087cd9444,2025-10-01
D04009,fp_adef57772e6df7e8,2025-07-01
D04010,fp_e4a35a102674d1ff,2025-11-01
D04011,fp_4d334878afe9c3dc,2025-10-01
D04012,fp_49793220d14bc771,2025-06-01
D04013,fp_1a9aab54e01a5b5e,2025-05-01
D04014,fp_7fcee629ea8e55a5,2025-11-01
D04015,fp_eed158095e7e2813,2025-05-01
D04016,fp_e830257dcf8b4eb2,2025-12-01
D04017,fp_138cf37acc76864a,2025-01-01
D04018,fp_eedf4f78dc994976,2025-03-01
D04019,fp_a7e60e4ec71cdac2,2025-03-01
D04020,fp_25d4ec1951fc4c23,2025-07-01
D04021,fp_b8a9f704725aa10d,2025-08-01
D04022,fp_113b776ed08ce31e,2025-02-01
D04023,fp_6d6d91e193ed82c5,2025-12-01
D04024,fp_2508f357474a3674,2025-02-01
D04025,fp_fea95b7352b3a0d1,2025-03-01
D04026,fp_c47d336f2e8f2f7f,2025-07-01
D04027,fp_51beadc15a449143,2025-08-01
D04028,fp_7b35b9f96c80423a,2025-12-01
D04029,fp_69f841b0f90c9f84,2025-10-01
D04030,fp_a2f87deacb22eb8d,2025-06-01
D04031,fp_cd591b8c23627835,2025-11-01
D04032,fp_3ef3d5beebee4c80,2025-07-01
D04033,fp_8ca17f756b2d470a,2025-08-01
D04034,fp_88a5316f89eb56c1,2025-08-01
D04035,fp_894539ec88503e9d,2025-04-01
D04036,fp_1567f88e6276ee87,2025-10-01
D04037,fp_6bfdc189b70510f8,2025-09-01
D04038,fp_c6cec51b93efb5c4,2025-12-01
D04039,fp_bf8f81eacfb0d68d,2025-04-01
D04040,fp_165607c0b3fdec76,2025-04-01
D04041,fp_00bbd5435c98fd57,2025-04-01
D04042,fp_d9c099f6fe709416,2025-01-01
D04043,fp_8ef1a1145cc624ef,2025-08-01
D04044,fp_2233212af5264ea2,2025-02-01
D04045,fp_e94f03ec0f4076a2,2025-06-01
D04046,fp_d947c72a5c613985,2025-03-01
D04047,fp_75dc037d4b71481f,2025-03-01
D04048,fp_da72ab37d5d318cf,2025-09-01
D04049,fp_ee6c69f7f8c92b4a,2025-07-01
D04050,fp_35f2e2543e144f6a,2025-04-01
D04051,fp_bf3b16810e4d364e,2025-03-01
D04052,fp_f64909e81e032a65,2025-12-01
D04053,fp_24a0aaadb436e8fb,2025-07-01
D04054,fp_06beab4abbab3b0e,2025-12-01
D04055,fp_6cb9b655f7048d14,2025-06-01
D04056,fp_b38f10f20dd867e5,2025-02-01
D04057,fp_94e4339da9a9cef7,2025-02-01
D04058,fp_d66248bf7a114e56,2025-10-01
D04059,fp_287e09f1ded7945e,2025-01-01
D04060,fp_5d80a53b259a5d6c,2025-03-01
D04061,fp_3ebb527c1438e799,2025-02-01
D04062,fp_91b5fcb40331bd0d,2025-07-01
D04063,fp_c3f26a392653de2b,2025-03-01
D04064,fp_be59d03578428071,2025-03-01
D04065,fp_8706f724bf83f2d4,2025-12-01
D04066,fp_4cac895cf2e2503a,2025-08-01
D04067,fp_b8f985fc69598983,2025-06-01
D04068,fp_c809a0b471a84189,2025-11-01
D04069,fp_0361b157b1fbb587,2025-05-01
D04070,fp_27e83b871c7bf8eb,2025-01-01
D04071,fp_a477e25ae19383a9,2025-01-01
D04072,fp_c04a3f689aab1efb,2025-03-01
D04073,fp_290c9e5180d7f805,2025-01-01
D04074,fp_d52a85c86579dc22,2025-07-01
D04075,fp_f2bffc3fae0e289b,2025-08-01
D04076,fp_b61ec0ed8ddd2994,2025-05-01
D04077,fp_9272dc48eb4d6df5,2025-09-01
D04078,fp_b59825774e583dde,2025-04-01
D04079,fp_ee7385d86c75a765,2025-03-01
D04080,fp_f91e8b9b45967e76,2025-02-01
D04081,fp_60a7ca57858117a1,2025-03-01
D04082,fp_363cbc32be3e1402,2025-07-01
D04083,fp_0e55ced39e79a6fe,2025-04-01
D04084,fp_2f068e12646d2e33,2025-12-01
D04085,fp_8f2de908f9da4f55,2025-10-01
D04086,fp_13c3fc1bd77a80b8,2025-12-01
D04087,fp_7a37f3d677eb6d89,2025-06-01
D04088,fp_a452f530a7175804,2025-07-01
D04089,fp_61667c7cd3c6e5a0,2025-03-01
D04090,fp_cda7a4510dfef633,2025-06-01
D04091,fp_6c99ce56a58aabb5,2025-04-01
D04092,fp_1bc02912451972c4,2025-02-01
D04093,fp_5cda038513eb4358,2025-10-01
D04094,fp_d8bb62b7c75f41dc,2025-06-01
D04095,fp_3d51d528072e35dd,2025-05-01
D04096,fp_8aa431e929aaaa7e,2025-02-01
D04097,fp_363fbae910b8c1c5,2025-10-01
D04098,fp_c1ab639802cf63a8,2025-05-01
D04099,fp_8d3ba57f300ffa68,2025-04-01
D04100,fp_ede02d33a36d7567,2025-01-01
D04101,fp_44e831e13d869ad2,2025-02-01
D04102,fp_91f390f4fa069889,2025-10-01
D04103,fp_9051385e0b7ce5c6,2025-08-01
D04104,fp_0c4ceedf0bb1b984,2025-06-01
D04105,fp_f189d0b117dcabf5,2025-05-01
D04106,fp_fb04c6b1022ba960,2025-06-01
D04107,fp_484b824bc06e1029,2025-07-01
D04108,fp_31e3e608800e2952,2025-06-01
D04109,fp_6401118dc078bc3e,2025-12-01
D04110,fp_f94e485d5b182716,2025-03-01
D04111,fp_acb83fceb3e1511b,2025-02-01
D04112,fp_6843ee9854d144d5,2025-12-01
D04113,fp_19db533e80ea83af,2025-09-01
D04114,fp_c66a5821ceb7f2d6,2025-03-01
D04115,fp_9651224006103d84,2025-07-01
D04116,fp_961b92217a199807,2025-01-01
D04117,fp_2945e93a4a454398,2025-03-01
D04118,fp_768e212daeb00fb9,2025-02-01
D04119,fp_a03e7003e29cb897,2025-02-01
D04120,fp_b7ed2c13f3ebe658,2025-04-01
D04121,fp_3734a78de2682c9f,2025-11-01
D04122,fp_240f92a4a77af8cb,2025-12-01
D04123,fp_fe508d4d293a60be,2025-09-01
D04124,fp_fe05fcef842c49fa,2025-12-01
D04125,fp_a6c1d1369bd65068,2025-09-01
D04126,fp_c4c557d8ee235eb0,2025-06-01
D04127,fp_c90cd1d3728e1002,2025-03-01
D04128,fp_4a74982e56ca0fb3,2025-06-01
D04129,fp_db1fb4d49f9bc7bd,2025-07-01
D04130,fp_e403999b0a3e4918,2025-12-01
D04131,fp_aed0cbcfc6305536,2025-07-01
D04132,fp_357544ee3d365abf,2025-10-01
D04133,fp_133316799b5c4b58,2025-03-01
D04134,fp_a0b6d26591206a37,2025-08-01
D04135,fp_ce028d6018ef9a28,2025-01-01
D04136,fp_c42d5f032482e8d1,2025-05-01
D04137,fp_de16afca8c111ba4,2025-02-01
D04138,fp_1817dac57fb8b6c6,2025-08-01
D04139,fp_2b729d66504fde7c,2025-05-01
D04140,fp_11730df2295642c6,2025-05-01
D04141,fp_5d0314d893964405,2025-06-01
D04142,fp_1235d52e16d7ba54,2025-03-01
D04143,fp_c59de4aab5ed7ce8,2025-08-01
D04144,fp_fc73e35842089fc8,2025-08-01
D04145,fp_418af089fa7de961,2025-08-01
D04146,fp_ec95ccf1a6798ab0,2025-03-01
D04147,fp_1fbc4004f098aa1f,2025-10-01
D04148,fp_0a22be567cfe8ab0,2025-06-01
D04149,fp_496042b0dbe7a333,2025-07-01
D04150,fp_db646a3368b666d6,2025-10-01
D04151,fp_ae3acdf2eac9b1cc,2025-03-01
D04152,fp_5de22a7d70da1528,2025-09-01
D04153,fp_9fe7e068d847260b,2025-06-01
D04154,fp_155fa2f45fa9b21a,2025-11-01
D04155,fp_8185716a69c718ee,2025-08-01
D04156,fp_e09dd9e84348a887,2025-11-01
D04157,fp_9ee08a700aecc94d,2025-11-01
D04158,fp_bdb4f7110e9b65bb,2025-04-01
D04159,fp_d23c7585b32281f3,2025-09-01
D04160,fp_279163f402088c91,2025-02-01
D04161,fp_6035d9af4a68bbad,2025-03-01
D04162,fp_66373dc791f448bb,2025-02-01
D04163,fp_636295093919e3be,2025-08-01
D04164,fp_17efd203ab4d738c,2025-06-01
D04165,fp_77eee00f7743c104,2025-11-01
D04166,fp_e66eb0e288fd5890,2025-08-01
D04167,fp_15f877681bef39f1,2025-03-01
D04168,fp_1bbcb748bb55cfa3,2025-07-01
D04169,fp_6ee095d5c4a9d8ac,2025-04-01
D04170,fp_5427092566ca0baf,2025-02-01
D04171,fp_57a911b3513994a1,2025-10-01
D04172,fp_366f42687c7dd490,2025-12-01
D04173,fp_79e984e1bdc4d680,2025-02-01
D04174,fp_745f44334743968f,2025-01-01
D04175,fp_27dea64c8b8a7166,2025-08-01
D04176,fp_a3e538922540647b,2025-04-01
D04177,fp_9175fc6351f7c017,2025-01-01
D04178,fp_99e03598fce12a25,2025-07-01
D04179,fp_efbbd2160ff97696,2025-06-01
D04180,fp_6e1babe2ca208c07,2025-08-01
D04181,fp_0dd8063b36a2bf69,2025-04-01
D04182,fp_05df9333de36992f,2025-11-01
D04183,fp_4514c4166c44821e,2025-05-01
D04184,fp_2d15420ba2bc6715,2025-02-01
D04185,fp_11baf6162448ef43,2025-05-01
D04186,fp_14eae37c67b2916c,2025-05-01
D04187,fp_b6532dbadfafc6cf,2025-08-01
D04188,fp_6b72e451df0ccde7,2025-09-01
D04189,fp_ab6dd0aa36cf9429,2025-05-01
D04190,fp_d49edd912f1fc132,2025-01-01
D04191,fp_e51bdfff17aa3aee,2025-07-01
D04192,fp_f69f239b578e911f,2025-05-01
D04193,fp_32d7cc222a1eda7b,2025-06-01
D04194,fp_6b4a3541f123167e,2025-08-01
D04195,fp_8916f0b779ba547e,2025-12-01
D04196,fp_2922ecb0c8aae0c8,2025-12-01
D04197,fp_5acd1e906fd1134e,2025-12-01
D04198,fp_639e8bbc92004957,2025-01-01
D04199,fp_c8776e4b8f97b21d,2025-10-01
D04200,fp_13eb459932d4d3a5,2025-12-01
D04201,fp_9417e0f5aaff96ff,2025-10-01
D04202,fp_52e0234e2505a2b6,2025-11-01
D04203,fp_d2d12566fc829c09,2025-12-01
D04204,fp_d34298bebe2a85c6,2025-12-01
D04205,fp_5107256ebbae2fbd,2025-01-01
D04206,fp_e58118d126879443,2025-08-01
D04207,fp_25c1ae41ef0ec9cb,2025-08-01
D04208,fp_51001ab9dd42da67,2025-02-01
D04209,fp_f8505ae9cac19d2e,2025-11-01
D04210,fp_434709826808f471,2025-09-01
D04211,fp_00f0f7feb8e7bcf5,2025-08-01
D04212,fp_d51f6de1f17daa26,2025-03-01
D04213,fp_730733d5a261078d,2025-11-01
D04214,fp_94108438f82e5e1b,2025-02-01
D04215,fp_37f7a96a09572517,2025-12-01
D04216,fp_300a491afaa1d736,2025-07-01
D04217,fp_8bcc4e8db24a4a6d,2025-03-01
D04218,fp_60a78c2099d76c9c,2025-04-01
D04219,fp_35b30874591c228f,2025-04-01
D04220,fp_adfc1dc4f8c43f7a,2025-10-01
D04221,fp_03add1a4f481b9cb,2025-06-01
D04222,fp_5d21a235d053d7f4,2025-01-01
D04223,fp_e58b2d2d4d4c3b80,2025-05-01
D04224,fp_d1ad5c228088a7de,2025-02-01
D04225,fp_7fc706f0b30672dc,2025-11-01
D04226,fp_74bc405cffc19ef6,2025-07-01
D04227,fp_5a0ae917690f1c3c,2025-06-01
D04228,fp_8adf1e46d403fd02,2025-07-01
D04229,fp_f95ca96d85ee751c,2025-06-01
D04230,fp_ed2532e51d0678b7,2025-03-01
D04231,fp_6daa8c7e75757602,2025-06-01
D04232,fp_8d8142152d490058,2025-10-01
D04233,fp_8af2820e29a3e5f6,2025-07-01
D04234,fp_48f7972661ae2255,2025-11-01
D04235,fp_ae26f348b044db1b,2025-07-01
D04236,fp_4882f6eba254da12,2025-12-01
D04237,fp_f01a50979ed0fe5f,2025-02-01
D04238,fp_166e46aefed01fca,2025-02-01
D04239,fp_a64dcc1d16f28319,2025-01-01
D04240,fp_eeb81b7d9dc33d41,2025-07-01
D04241,fp_7f1464b31a8a76f3,2025-12-01
D04242,fp_9fb30a4dc0712a38,2025-09-01
D04243,fp_a22eb45b1986133d,2025-08-01
D04244,fp_94cbb94e80dc4cf9,2025-01-01
D04245,fp_4a372da3aaef0d3e,2025-07-01
D04246,fp_390e9f57363d2fb5,2025-08-01
D04247,fp_618e72a78d34dd83,2025-02-01
D04248,fp_db39455032103c49,2025-08-01
D04249,fp_1fdb563af35757c5,2025-06-01
D04250,fp_cb33478af7b5b05b,2025-08-01
D04251,fp_e872443469b6175e,2025-11-01
D04252,fp_c8ddd9bbb42e8714,2025-12-01
D04253,fp_01f268f56553b5aa,2025-06-01
D04254,fp_3953e8bbc83e0032,2025-09-01
D04255,fp_44820852489a4ca4,2025-11-01
D04256,fp_4eb18c8843b63613,2025-07-01
D04257,fp_3dd6831bac5d7133,2025-01-01
D04258,fp_e8b81813e672abf5,2025-07-01
D04259,fp_03f9c74d085d5d01,2025-01-01
D04260,fp_ca5edf3827439b53,2025-06-01
D04261,fp_d113b5ffd73cad84,2025-09-01
D04262,fp_bdc242a8d1edc618,2025-10-01
D04263,fp_55c874415145c6f8,2025-03-01
D04264,fp_927ae04ef58b8c61,2025-07-01
D04265,fp_8e44f2f83de8a4cd,2025-07-01
D04266,fp_9dc3bbee31523136,2025-11-01
D04267,fp_d41bd8bf64b078a7,2025-01-01
D04268,fp_ee93a4d0cd24120c,2025-10-01
D04269,fp_20fda7846dd9a879,2025-11-01
D04270,fp_fa33fa9863f20557,2025-12-01
D04271,fp_6732ceca2c78bc22,2025-06-01
D04272,fp_288fc36a846c454c,2025-07-01
D04273,fp_197df05f3b20d154,2025-12-01
D04274,fp_20572e73cd199b5e,2025-09-01
D04275,fp_a1a61f321e4dacd6,2025-10-01
D04276,fp_645ae8eec8c6a8b1,2025-11-01
D04277,fp_429e70e0eaaa94c8,2025-09-01
D04278,fp_f2de05fd28b7b541,2025-06-01
D04279,fp_17df85b33429c8cf,2025-02-01
D04280,fp_6ffad35606905ba5,2025-01-01
D04281,fp_c520d50fa0ff3498,2025-10-01
D04282,fp_071f1a27272e31b1,2025-10-01
D04283,fp_8b2e1eb3b523b1f3,2025-02-01
D04284,fp_61e548ca926114b7,2025-01-01
D04285,fp_bbf282a9be09f835,2025-03-01
D04286,fp_742617e7fbc1085b,2025-11-01
D04287,fp_c7101f3da1aa19f0,2025-06-01
D04288,fp_3d5e69df2fc2147c,2025-11-01
D04289,fp_38c4f346e5dd614c,2025-05-01
D04290,fp_89111a42319ec58b,2025-04-01
D04291,fp_c7affa24b9ef9fa8,2025-07-01
D04292,fp_42aecc90c5386208,2025-11-01
D04293,fp_466418580d3f69ed,2025-02-01
D04294,fp_24ce1460ef5a9491,2025-11-01
D04295,fp_a36d4d5405ec8e9f,2025-10-01
D04296,fp_1a79aec1ddefb7bb,2025-02-01
D04297,fp_ed5cea4e758964f5,2025-10-01
D04298,fp_1b6960311f683d6f,2025-03-01
D04299,fp_4312153d484f7f7c,2025-03-01
D04300,fp_13cf44fe17c03e28,2025-08-01
D04301,fp_5c8488dbd83940c9,2025-04-01
D04302,fp_19c59f2d640b7b85,2025-08-01
D04303,fp_059ef8d8cba20d38,2025-07-01
D04304,fp_7c8c65ab12d5dfe5,2025-11-01
D04305,fp_35d5f4e513893a70,2025-11-01
D04306,fp_6010ab936b7f0864,2025-06-01
D04307,fp_e886818ea2307350,2025-08-01
D04308,fp_293e16b3cefd1224,2025-03-01
D04309,fp_02988dd24c7b34e2,2025-03-01
D04310,fp_913a2b6ca8dfe59a,2025-11-01
D04311,fp_dad4c20f9b4dbb90,2025-01-01
D04312,fp_f9d59f7f1e014975,2025-06-01
D04313,fp_58c6d166fe65b782,2025-08-01
D04314,fp_9d2f6e76feb2d172,2025-10-01
D04315,fp_0148a2458be64b98,2025-03-01
D04316,fp_bddfd7eb85915036,2025-05-01
D04317,fp_1f20c257ed348e32,2025-04-01
D04318,fp_0790eeb49b2a1376,2025-09-01
D04319,fp_849b50bc05e5d461,2025-09-01
D04320,fp_2700260bc2ce56bd,2025-04-01
D04321,fp_5d697934ddeb78a4,2025-02-01
D04322,fp_378a8ba6e608d6d3,2025-01-01
D04323,fp_2378ff4453d9a4dd,2025-04-01
D04324,fp_ba4d6c8e155c8139,2025-12-01
D04325,fp_2067902bf099e2b6,2025-05-01
D04326,fp_7b487db6460f01a5,2025-04-01
D04327,fp_178b55e7f406d6e0,2025-06-01
D04328,fp_8d2eea22b544f70c,2025-11-01
D04329,fp_77902ddf4b589ceb,2025-12-01
D04330,fp_7eecdc53cf1b6490,2025-07-01
D04331,fp_f243b5c6833d7595,2025-07-01
D04332,fp_316c00bcec1f0155,2025-05-01
D04333,fp_32a807cc2c471336,2025-11-01
D04334,fp_e327119fd895ccea,2025-12-01
D04335,fp_f63d329547f50a35,2025-07-01
D04336,fp_9569f8cb1a574cee,2025-10-01
D04337,fp_2a683e184fc40b0a,2025-04-01
D04338,fp_b8d8f272f429c05d,2025-08-01
D04339,fp_e202f0226ef7ffc3,2025-08-01
D04340,fp_98a911876c7a0c9d,2025-12-01
D04341,fp_d0de4fb6458c6c02,2025-06-01
D04342,fp_1b88fe699f7717ca,2025-10-01
D04343,fp_6de77482620f4af4,2025-04-01
D04344,fp_5a58abba91303877,2025-06-01
D04345,fp_a1f886cee5dc6ce5,2025-02-01
D04346,fp_2ad0d57e730c19bc,2025-01-01
D04347,fp_82e847aef545dfb3,2025-05-01
D04348,fp_68e931d8963d101f,2025-05-01
D04349,fp_d3a1b88a9a980457,2025-11-01
D04350,fp_f713c245f34bfa59,2025-09-01
D04351,fp_65f76d065a2d465b,2025-01-01
D04352,fp_2e0e343d1d59b308,2025-06-01
D04353,fp_ca782f586dec4b0d,2025-03-01
D04354,fp_3ecd2b8c5b952506,2025-02-01
D04355,fp_a82e2d6137164f31,2025-06-01
D04356,fp_252151f95f390d2b,2025-06-01
D04357,fp_02774ef31f4f4a0f,2025-06-01
D04358,fp_02ca68d5b033ee83,2025-12-01
D04359,fp_36b9ca355430c8c3,2025-08-01
D04360,fp_cb94cf8d9145aa38,2025-06-01
D04361,fp_3b8ede31e61415dd,2025-09-01
D04362,fp_62b6159410f4c941,2025-05-01
D04363,fp_36511c939a0fb0b8,2025-09-01
D04364,fp_1a58fa4437abaed7,2025-09-01
D04365,fp_b75d2f0c472e2f3b,2025-10-01
D04366,fp_e223e389f23ed1fc,2025-11-01
D04367,fp_92ee48201327adb9,2025-11-01
D04368,fp_aea032926bf7d125,2025-07-01
D04369,fp_d03a9ed2515a3eea,2025-06-01
D04370,fp_3276ab7532b9fc56,2025-01-01
D04371,fp_7e7279cecd7f65f6,2025-08-01
D04372,fp_fd81a9250bfa8cd5,2025-05-01
D04373,fp_1e87c27e6bd63443,2025-02-01
D04374,fp_2bcfd03f73e9b99b,2025-10-01
D04375,fp_9756fd3353ae1065,2025-07-01
D04376,fp_938fdb373c862582,2025-01-01
D04377,fp_0490eb6848f82df6,2025-11-01
D04378,fp_db29920ac886b7c6,2025-10-01
D04379,fp_01308be0fcea9a96,2025-08-01
D04380,fp_218d052048cc32c6,2025-07-01
D04381,fp_e555157009795e75,2025-09-01
D04382,fp_870b230ceb044ecb,2025-01-01
D04383,fp_a51004b8565f2ea8,2025-01-01
D04384,fp_784aee4311c7beb2,2025-02-01
D04385,fp_cd7182b4d471104f,2025-07-01
D04386,fp_4d0e391db9272714,2025-05-01
D04387,fp_c0f1fa3a5133577b,2025-06-01
D04388,fp_146b9fbc667cf788,2025-09-01
D04389,fp_502c36f1c64d10e3,2025-08-01
D04390,fp_0c0cf61e9cc10bd8,2025-07-01
D04391,fp_b24b007b4c66d04f,2025-08-01
D04392,fp_d94296b67e4b4f10,2025-11-01
D04393,fp_e914ae70f7974ec8,2025-02-01
D04394,fp_5fb84f18d7d3ce21,2025-10-01
D04395,fp_077f6e361a4d67db,2025-04-01
D04396,fp_d3511e950c3edd5c,2025-01-01
D04397,fp_1aea2c2c23841977,2025-06-01
D04398,fp_b0067b61dc83f96f,2025-12-01
D04399,fp_39f180276f88e2c0,2025-03-01
D04400,fp_30efd76b16884399,2025-12-01
D04401,fp_cff1b675e6fb976b,2025-06-01
D04402,fp_e7232e8ad0ef0cd4,2025-09-01
D04403,fp_0143d636fd54225b,2025-12-01
D04404,fp_0d700c8bde36390a,2025-05-01
D04405,fp_c8f217a3e2213776,2025-01-01
D04406,fp_0c49f33a1c5d9fe9,2025-05-01
D04407,fp_43839f121335f6c3,2025-06-01
D04408,fp_9cdd39a7b01ba134,2025-07-01
D04409,fp_b2dbb2c54518f4c6,2025-03-01
D04410,fp_23447519ecc38555,2025-10-01
D04411,fp_1eb1dc0c75f006c0,2025-03-01
D04412,fp_dca524f251bfc946,2025-03-01
D04413,fp_95899035c0c6e3ff,2025-07-01
D04414,fp_7260282fa30c1e0e,2025-11-01
D04415,fp_85924e5f1f53db6e,2025-09-01
D04416,fp_93f040c73d92f1cb,2025-08-01
D04417,fp_7d7771f8a948ec66,2025-05-01
D04418,fp_c5cbfedd5268c879,2025-12-01
D04419,fp_39d007627b92a41d,2025-02-01
D04420,fp_c425d02043892f66,2025-05-01
D04421,fp_15320177b61d170a,2025-06-01
D04422,fp_d5e6162f8efadaa1,2025-04-01
D04423,fp_a5aa9765a8d3bb7d,2025-12-01
D04424,fp_34b549bedb19de67,2025-12-01
D04425,fp_133ca9cf13f8e789,2025-08-01
D04426,fp_3664cafa0f6da751,2025-01-01
D04427,fp_3754a771aba5d1c9,2025-08-01
D04428,fp_62934e8ed189f750,2025-04-01
D04429,fp_1ac2c99a7cd6572f,2025-06-01
D04430,fp_d06200e3356ad651,2025-10-01
D04431,fp_8713b81fc2f86229,2025-09-01
D04432,fp_50384c0ddbc3f559,2025-05-01
D04433,fp_743ac892b56110f6,2025-11-01
D04434,fp_d909e0c9276c7935,2025-09-01
D04435,fp_ea041d0b1b0c9092,2025-03-01
D04436,fp_eaacabb43802485f,2025-06-01
D04437,fp_f99dd6d562b51781,2025-08-01
D04438,fp_9ed7a652de2bfe58,2025-09-01
D04439,fp_c7af75de33f92a87,2025-07-01
D04440,fp_11925880301db817,2025-05-01
D04441,fp_2a08c5266c4fe33d,2025-11-01
D04442,fp_f39526574ea12bd9,2025-10-01
D04443,fp_1a20e3baa5fc6d09,2025-03-01
D04444,fp_e04e6585760116cf,2025-02-01
D04445,fp_1c36036fbeba0619,2025-04-01
D04446,fp_e4e39c20043f1b5f,2025-08-01
D04447,fp_444a2a482fe12ed8,2025-01-01
D04448,fp_a971540479eae461,2025-09-01
D04449,fp_5a19d7ab73e0467e,2025-05-01
D04450,fp_ed4b229f1e4aa016,2025-09-01
D04451,fp_5abbb78f1585665d,2025-07-01
D04452,fp_268f090a3649f585,2025-07-01
D04453,fp_6e4c1501808f8cb9,2025-09-01
D04454,fp_0d9bb3b5556ff3c1,2025-08-01
D04455,fp_5ea9f25945c86249,2025-02-01
D04456,fp_a60c13290c941263,2025-07-01
D04457,fp_ed92b753bb647511,2025-07-01
D04458,fp_4b43f87331a580d7,2025-04-01
D04459,fp_2d389d1f6716d461,2025-10-01
D04460,fp_87916cbe46a3110a,2025-10-01
D04461,fp_84c42de17e5da21a,2025-07-01
D04462,fp_ae6089481bf384ef,2025-01-01
D04463,fp_3fbacf5fa576db48,2025-02-01
D04464,fp_1d7cf46d3836613c,2025-01-01
D04465,fp_0922d88de5228d31,2025-10-01
D04466,fp_3d1fd7c0442441ec,2025-02-01
D04467,fp_19dd3b908839c8e4,2025-05-01
D04468,fp_e1f217be39f99c64,2025-10-01
D04469,fp_b7403274b3133c8e,2025-07-01
D04470,fp_649423aa645416be,2025-02-01
D04471,fp_bbe277ba384a9967,2025-12-01
D04472,fp_7ec391ef44ad2484,2025-04-01
D04473,fp_c92572852bc8906f,2025-04-01
D04474,fp_a30bd3b558fe7bd2,2025-05-01
D04475,fp_98a7fea2b4b2ce14,2025-05-01
D04476,fp_00cb9caabbdfb574,2025-02-01
D04477,fp_80d458b92f615360,2025-12-01
D04478,fp_7a0cd56d9f4325f4,2025-12-01
D04479,fp_da41a15f4e29b9da,2025-12-01
D04480,fp_2b945cbb3d162ab9,2025-06-01
D04481,fp_11c7c76cae7303c0,2025-03-01
D04482,fp_550821672ff5cdab,2025-08-01
D04483,fp_f6558f35244f35c6,2025-01-01
D04484,fp_797f6e4daa810850,2025-07-01
D04485,fp_0554e88b558492ba,2025-03-01
D04486,fp_438a819ef9705e4b,2025-02-01
D04487,fp_ade03e6c2bb4a408,2025-01-01
D04488,fp_5a2615f89810b8c1,2025-08-01
D04489,fp_0041f5d49549e631,2025-08-01
D04490,fp_3f5cd7eddf8b4008,2025-08-01
D04491,fp_0b90b03d1c00b895,2025-01-01
D04492,fp_ae1782f691386474,2025-05-01
D04493,fp_3a710f9ed5da16fd,2025-09-01
D04494,fp_2ad47bba80ce3505,2025-03-01
D04495,fp_180a7e01c67736bc,2025-02-01
D04496,fp_cdcbe8184dfa6a17,2025-12-01
D04497,fp_73deaa5655eef366,2025-08-01
D04498,fp_59ccc94abc1cd60d,2025-09-01
D04499,fp_a9d5240141e1008c,2025-08-01
D04500,fp_5d4210d540e7ca76,2025-08-01
D04501,fp_d3e763d10378bcb7,2025-06-01
D04502,fp_b5ccdbe64d171ebc,2025-06-01
D04503,fp_84909370e430fb91,2025-11-01
D04504,fp_dd7902fcdb617a80,2025-10-01
D04505,fp_1cdde8ca7bfeadd1,2025-05-01
D04506,fp_84f16d9daf8f8cf0,2025-12-01
D04507,fp_054e6210a3c9f400,2025-03-01
D04508,fp_690aa98bfa87fba5,2025-04-01
D04509,fp_fe7c7d6ea8cc4515,2025-03-01
D04510,fp_7f71eef65b7117bd,2025-01-01
D04511,fp_93dc8eea3e8ee36a,2025-12-01
D04512,fp_f9299271b22058f9,2025-07-01
D04513,fp_34d091d15c02f1da,2025-12-01
D04514,fp_319fa2f716daa8f5,2025-07-01
D04515,fp_1ba168b8a3840e2b,2025-05-01
D04516,fp_a07bf99be08c82ea,2025-11-01
D04517,fp_e6335f588b7fa47e,2025-08-01
D04518,fp_f5538cd3fcc1c48c,2025-09-01
D04519,fp_43eb4ff02cc9abb6,2025-11-01
D04520,fp_e353a243594de8d7,2025-06-01
D04521,fp_96d26487641a4b74,2025-07-01
D04522,fp_fe731856f1fcfc36,2025-05-01
D04523,fp_30c95ec44f2fcfd6,2025-01-01
D04524,fp_8523d070945b3711,2025-12-01
D04525,fp_d58c449e57e0d57b,2025-10-01
D04526,fp_6ef735aa1f7a63af,2025-08-01
D04527,fp_f7d8e0869110c9fd,2025-06-01
D04528,fp_1c35730b49d52453,2025-01-01
D04529,fp_ed5f24c37fb9ae49,2025-11-01
D04530,fp_776094f625aa620f,2025-11-01
D04531,fp_85ef875e26755363,2025-05-01
D04532,fp_8ee251809fb109a3,2025-11-01
D04533,fp_4dbbb7cd29a099de,2025-08-01
D04534,fp_108ab4de49cb6790,2025-05-01
D04535,fp_74300ccc03fddd08,2025-01-01
D04536,fp_4873d25237a2a180,2025-10-01
D04537,fp_0d9e13281f997c80,2025-08-01
D04538,fp_014d98294e4a516f,2025-07-01
D04539,fp_a9065c795a2d6aee,2025-01-01
D04540,fp_405df1860cc66163,2025-03-01
D04541,fp_e0f3ee6659a7e6e4,2025-05-01
D04542,fp_dbe81d7ac90703e8,2025-09-01
D04543,fp_f561d900aa52cdf3,2025-09-01
D04544,fp_f424b79c27b0816b,2025-02-01
D04545,fp_454a8e82b69415c7,2025-03-01
D04546,fp_bba95ec4fef43c9c,2025-04-01
D04547,fp_95d14b6d6e9ae156,2025-02-01
D04548,fp_380710194a720071,2025-01-01
D04549,fp_eed4d00579222d87,2025-06-01
D04550,fp_cfcc2abd3facabcc,2025-11-01
D04551,fp_62e0adf7a3155bbb,2025-07-01
D04552,fp_f7873461662c4f00,2025-02-01
D04553,fp_42e1feb9e49dda44,2025-05-01
D04554,fp_4f8c61b998d788d9,2025-03-01
D04555,fp_6f91a7be905c3fd9,2025-11-01
D04556,fp_528e0ae8e03d1b30,2025-10-01
D04557,fp_aeee230223a10fdd,2025-04-01
D04558,fp_22bca1044001570a,2025-07-01
D04559,fp_3313f36c8de58a88,2025-05-01
D04560,fp_15e9bee44e143977,2025-05-01
D04561,fp_ed57a5c89110f698,2025-11-01
D04562,fp_8bbb8f3f760e36aa,2025-03-01
D04563,fp_c84bbdf5603f4ddc,2025-07-01
D04564,fp_237befd118963a6e,2025-09-01
D04565,fp_b1b2b9c67120721e,2025-06-01
D04566,fp_ef54489780fa07e3,2025-11-01
D04567,fp_5b88fc72b66cdb02,2025-08-01
D04568,fp_6d7bba175aac72b1,2025-08-01
D04569,fp_f62162ab6ba64252,2025-07-01
D04570,fp_071592d97616b503,2025-09-01
D04571,fp_f51e2df306c3998e,2025-07-01
D04572,fp_c17fcf1916a34833,2025-03-01
D04573,fp_e8273dee9d7e4eb7,2025-05-01
D04574,fp_3e1e0693c960b851,2025-10-01
D04575,fp_5f843666831ffc00,2025-03-01
D04576,fp_8b13b6899ef2a148,2025-10-01
D04577,fp_4b188a0de0b7d818,2025-01-01
D04578,fp_d858f464c15da547,2025-07-01
D04579,fp_67273710203d54c9,2025-11-01
D04580,fp_767a92b701862029,2025-09-01
D04581,fp_d6d5aed275d106f2,2025-01-01
D04582,fp_0e00583d15ac37f0,2025-05-01
D04583,fp_fc75de3dd473f3b5,2025-11-01
D04584,fp_555f2bf41b678ec1,2025-10-01
D04585,fp_d26aab2718ef2501,2025-05-01
D04586,fp_7b417aed90c0e607,2025-12-01
D04587,fp_dd43b0cf54d09314,2025-01-01
D04588,fp_bd8fa26f1f16de17,2025-10-01
D04589,fp_82c52802aca65492,2025-12-01
D04590,fp_0d92bc7eb78a2037,2025-12-01
D04591,fp_8429e12c347f1a8c,2025-03-01
D04592,fp_bd8c6f4f8fe275b1,2025-08-01
D04593,fp_393a26ee22eb4a7f,2025-11-01
D04594,fp_da2d6df9a3c14a53,2025-03-01
D04595,fp_a0d44d244d074581,2025-05-01
D04596,fp_fd397fe7b819b15d,2025-01-01
D04597,fp_7c260521ce3ce7ce,2025-10-01
D04598,fp_33611134b01200ab,2025-02-01
D04599,fp_0002572a113038f5,2025-03-01
D04600,fp_e14110b69a920655,2025-02-01
D04601,fp_18cc0e298513176c,2025-04-01
D04602,fp_1a85fd69344c96cc,2025-08-01
D04603,fp_d52d8f91064fe164,2025-09-01
D04604,fp_6405d362719deadd,2025-01-01
D04605,fp_1f2f087ded113faf,2025-05-01
D04606,fp_7bd50aeb679111dd,2025-03-01
D04607,fp_3c243b45d1fd4711,2025-09-01
D04608,fp_d25a0b3f42a1279b,2025-10-01
D04609,fp_706ad042ae6b0455,2025-11-01
D04610,fp_1f89cec29dfe19d2,2025-07-01
D04611,fp_a2ddd15a257066e8,2025-01-01
D04612,fp_24458bad2f4f914c,2025-12-01
D04613,fp_3d9d542aa84fa67f,2025-03-01
D04614,fp_bdddbd3682f2a59e,2025-12-01
D04615,fp_334a34a88bf349a3,2025-08-01
D04616,fp_4a3fcfda7affd9bd,2025-05-01
D04617,fp_199ae3daaae39bc0,2025-10-01
D04618,fp_5e09f48e7e32e5d0,2025-11-01
D04619,fp_6424fa05467248f6,2025-07-01
D04620,fp_ccc34f70b2995e18,2025-02-01
D04621,fp_6ab9ba0f76c6533e,2025-07-01
D04622,fp_072915c725ee3dfd,2025-05-01
D04623,fp_1ec09c3575035829,2025-10-01
D04624,fp_02d22ee763b1a52e,2025-10-01
D04625,fp_08b9b2e94d81c859,2025-11-01
D04626,fp_e4aa212aa68213c7,2025-11-01
D04627,fp_71c966b39eb03954,2025-01-01
D04628,fp_e834fb5be879c9a6,2025-06-01
D04629,fp_23a9654df679d544,2025-08-01
D04630,fp_b91ace28e1e68d35,2025-08-01
D04631,fp_0255b13b46e32efc,2025-03-01
D04632,fp_8029d6335b9559d0,2025-09-01
D04633,fp_594d30a935f5afea,2025-12-01
D04634,fp_63fff4b5866a0c09,2025-09-01
D04635,fp_2cabd3d710116af4,2025-11-01
D04636,fp_5a13f4bb26c25405,2025-11-01
D04637,fp_902a73aeb81e1682,2025-06-01
D04638,fp_b716307d75a09875,2025-03-01
D04639,fp_c8f3332a47414ca4,2025-11-01
D04640,fp_ec68fc074d8cd019,2025-07-01
D04641,fp_ea897692117637b2,2025-11-01
D04642,fp_6063cb327bd6b0b5,2025-08-01
D04643,fp_a8b260709b1872ac,2025-03-01
D04644,fp_b5604484937749f6,2025-09-01
D04645,fp_a8ae013ac6807bb4,2025-09-01
D04646,fp_2121cc4f425ca2e3,2025-12-01
D04647,fp_96bf02dd52f6af5a,2025-10-01
D04648,fp_95a15905591cc4b6,2025-10-01
D04649,fp_675db93bd4736d37,2025-02-01
D04650,fp_078ebe4e0b8079d7,2025-12-01
D04651,fp_3b50f94f28bfffdd,2025-02-01
D04652,fp_1b314321aa4e8b03,2025-08-01
D04653,fp_ade81084ef29f413,2025-08-01
D04654,fp_c2896a3052db575a,2025-04-01
D04655,fp_c590f851fb385671,2025-12-01
D04656,fp_3c92f1abcbacc3c6,2025-02-01
D04657,fp_e1792fcde658eb6a,2025-03-01
D04658,fp_e47919ddba68e69f,2025-07-01
D04659,fp_f92b7b46c17d049c,2025-07-01
D04660,fp_107a8bccec20d201,2025-01-01
D04661,fp_401fb5a69ca5b74f,2025-02-01
D04662,fp_d8c8018409943e76,2025-12-01
D04663,fp_7108022a12a85ff7,2025-06-01
D04664,fp_a19c7caf9b45c430,2025-01-01
D04665,fp_2c8fabbcec6dd411,2025-06-01
D04666,fp_b2dfb0751b8fabe9,2025-08-01
D04667,fp_221a7c4e60ac4a64,2025-11-01
D04668,fp_8e74b39c92e33940,2025-04-01
D04669,fp_40a3823b321a9240,2025-08-01
D04670,fp_adc90caa7000f93b,2025-05-01
D04671,fp_33815e0d39ba243a,2025-12-01
D04672,fp_6f1ec0de297eb3f4,2025-09-01
D04673,fp_ca3db769cf052461,2025-04-01
D04674,fp_950506dd16054b9e,2025-01-01
D04675,fp_f5b79271a10db956,2025-11-01
D04676,fp_341b2c0918a0f6c0,2025-01-01
D04677,fp_23fbe8f2cf5cbd7f,2025-01-01
D04678,fp_c63e23bf5c0c309c,2025-07-01
D04679,fp_8becb8cc917bc866,2025-02-01
D04680,fp_2f701b325738db52,2025-11-01
D04681,fp_f52eaf63badfc7a8,2025-12-01
D04682,fp_87352231a4695757,2025-08-01
D04683,fp_d5185b7230accfda,2025-04-01
D04684,fp_d3dc00ee9203c5d2,2025-08-01
D04685,fp_5a239f528037b969,2025-06-01
D04686,fp_e65664ac9e54a175,2025-09-01
D04687,fp_234bae09da79d686,2025-02-01
D04688,fp_6d7168e9705a501c,2025-11-01
D04689,fp_dfbcf340604948be,2025-02-01
D04690,fp_14013b9991b3f921,2025-03-01
D04691,fp_846a4a71c84a89b8,2025-05-01
D04692,fp_1e307f1019d56f42,2025-08-01
D04693,fp_0d2dba723b06dd82,2025-10-01
D04694,fp_54b728fa8a60b332,2025-01-01
D04695,fp_d24289ea39597465,2025-05-01
D04696,fp_d4018a45ec1a1adc,2025-05-01
D04697,fp_b409b85563f2fc26,2025-06-01
D04698,fp_df5864d511655b1e,2025-03-01
D04699,fp_49bee3ddf7d65f6a,2025-02-01
D04700,fp_934a85d988cfffa2,2025-04-01
D04701,fp_848be725da6b0060,2025-10-01
D04702,fp_4feeea91800314a8,2025-07-01
D04703,fp_0e807f039e5f8378,2025-09-01
D04704,fp_e44d8dc2b2908892,2025-02-01
D04705,fp_78920f7295309450,2025-05-01
D04706,fp_07aca3fea73a366e,2025-01-01
D04707,fp_6be13e78568a220d,2025-05-01
D04708,fp_55a47eab3354b4be,2025-01-01
D04709,fp_3448a24723a86b61,2025-09-01
D04710,fp_bbdf144cd11756d5,2025-06-01
D04711,fp_c1e158aaec96af27,2025-11-01
D04712,fp_e0d65081e98dc5f7,2025-01-01
D04713,fp_7e59a0d13c5168b0,2025-02-01
D04714,fp_f2aff86fce3fde9a,2025-10-01
D04715,fp_9c291269e781c4cc,2025-12-01
D04716,fp_c3fcac0ed5c2c94d,2025-01-01
D04717,fp_fb267d27588955c0,2025-02-01
D04718,fp_6a8eb758f32d2812,2025-10-01
D04719,fp_9cc862cdbd4211d1,2025-02-01
D04720,fp_8d2a3484e3346bd8,2025-08-01
D04721,fp_21249735f2546c17,2025-05-01
D04722,fp_0aaf8962b92c23e3,2025-02-01
D04723,fp_7f20f661091d1643,2025-09-01
D04724,fp_a67c7bd739a9a8a9,2025-06-01
D04725,fp_7a4382176e77cdd3,2025-05-01
D04726,fp_d98eb024c8132025,2025-04-01
D04727,fp_ee662c46057d4e28,2025-01-01
D04728,fp_c60b846e06bf1fb7,2025-04-01
D04729,fp_9baefd9e88c06786,2025-07-01
D04730,fp_af001605ae93b319,2025-12-01
D04731,fp_8d70600f04a1dd66,2025-08-01
D04732,fp_631a9c3c0d591303,2025-07-01
D04733,fp_200f8ed9b2086418,2025-07-01
D04734,fp_6d44f723b38adf82,2025-09-01
D04735,fp_1d96dc532344ec54,2025-08-01
D04736,fp_e5ab686c1e34c29a,2025-10-01
D04737,fp_e74f232bfb876271,2025-06-01
D04738,fp_3192c29c5a0ed9b7,2025-06-01
D04739,fp_eb068b1e6fc0174f,2025-01-01
D04740,fp_3b668afa3cf8b913,2025-02-01
D04741,fp_02929d3d96afa28a,2025-04-01
D04742,fp_bf5a910f69bea8c9,2025-09-01
D04743,fp_0bb8382f916ba250,2025-01-01
D04744,fp_b8469295df8db157,2025-04-01
D04745,fp_0e8fed60d007fd07,2025-02-01
D04746,fp_207073f00e80ea41,2025-08-01
D04747,fp_485835db2e3b5fd6,2025-01-01
D04748,fp_5983ce94506a8dd3,2025-10-01
D04749,fp_e3f2df80a7bbc612,2025-04-01
D04750,fp_4adb8f79ff82bf84,2025-03-01
D04751,fp_65d771639b2aeea6,2025-08-01
D04752,fp_1f540e96a8575900,2025-11-01
D04753,fp_138d800613a96a92,2025-05-01
D04754,fp_8b2c65b5f0390686,2025-04-01
D04755,fp_b48b9a8c7eb3aefc,2025-12-01
D04756,fp_5b619ebed03c9c2c,2025-04-01
D04757,fp_b68ff0dc718bf53a,2025-05-01
D04758,fp_5def5cc2f1015bfe,2025-09-01
D04759,fp_de74e1224aed4cc8,2025-11-01
D04760,fp_86df42bd3e84455f,2025-05-01
D04761,fp_b2a12a5551a0bd7c,2025-09-01
D04762,fp_1ab8873380e1cc41,2025-01-01
D04763,fp_e682471058bd19da,2025-07-01
D04764,fp_f358206db49bc1ef,2025-10-01
D04765,fp_479fea147c781b98,2025-02-01
D04766,fp_e97c0ea5341c2d10,2025-03-01
D04767,fp_f9d71979d767a6da,2025-09-01
D04768,fp_4e107ed63b046707,2025-12-01
D04769,fp_35f4ffba8d8f2868,2025-02-01
D04770,fp_b993c0415f54f332,2025-03-01
D04771,fp_fa584a4b092e9fab,2025-04-01
D04772,fp_70b6052fb2c68986,2025-11-01
D04773,fp_7429cf81c3a215ff,2025-02-01
D04774,fp_7fb866b205733d10,2025-01-01
D04775,fp_4728ddf64532499e,2025-10-01
D04776,fp_4ce7db3f625966cc,2025-02-01
D04777,fp_47729adf0f49d01a,2025-10-01
D04778,fp_7ecfbfc66249a586,2025-01-01
D04779,fp_61f14c98dcdeadc8,2025-07-01
D04780,fp_0b5ed14871ab4711,2025-04-01
D04781,fp_611b92ab34aababd,2025-03-01
D04782,fp_6e5b9598a8f0e3e0,2025-09-01
D04783,fp_a91022b80d60e364,2025-05-01
D04784,fp_8aa2f7560803ad31,2025-06-01
D04785,fp_06a76b07efede7bb,2025-10-01
D04786,fp_e4a6bf51c125798e,2025-06-01
D04787,fp_d4022243ec35fb0c,2025-05-01
D04788,fp_c0d978e7cf6c2143,2025-10-01
D04789,fp_c1db480a376f6fff,2025-01-01
D04790,fp_b9cd213b5748218a,2025-10-01
D04791,fp_dda1497a6f1f9af1,2025-07-01
D04792,fp_baae905cc8594dfb,2025-12-01
D04793,fp_0e9f52f7c09d557f,2025-02-01
D04794,fp_635b36bd8da4afbe,2025-12-01
D04795,fp_ad8f6932eeb687c3,2025-05-01
D04796,fp_fdab0afadbc7945d,2025-09-01
D04797,fp_6c8073b776a81a27,2025-10-01
D04798,fp_917c4f11b81ed083,2025-09-01
D04799,fp_299ccd734295f5c9,2025-07-01
D04800,fp_bee1dc6577a319c6,2025-04-01
D04801,fp_e85fda5521c268f3,2025-01-01
D04802,fp_ccb1dc1e47dbf6a2,2025-11-01
D04803,fp_463e9bb3f37296a2,2025-02-01
D04804,fp_3ffb9577ffb1c192,2025-09-01
D04805,fp_566885304bbb2e9a,2025-10-01
D04806,fp_09e218a7650495b5,2025-10-01
D04807,fp_5c9808f446368d12,2025-05-01
D04808,fp_4021a347a8c34b25,2025-11-01
D04809,fp_c58536b7cf6d2a9d,2025-10-01
D04810,fp_1fd28b9e0328a80d,2025-05-01
D04811,fp_a928a5b291855abd,2025-06-01
D04812,fp_43b76bf2d604153c,2025-03-01
D04813,fp_76751903719d722f,2025-01-01
D04814,fp_024559a5709de505,2025-08-01
D04815,fp_f744459609791408,2025-06-01
D04816,fp_a34321bf7aeee7df,2025-09-01
D04817,fp_689ab92d37c486a1,2025-01-01
D04818,fp_f057712b945eb87f,2025-02-01
D04819,fp_e5a4b1b446c524a5,2025-10-01
D04820,fp_50640ae68d2bb00b,2025-02-01
D04821,fp_2e07a11f70c0a4f6,2025-05-01
D04822,fp_c96782fbc4170ebd,2025-05-01
D04823,fp_de7a69b442714418,2025-08-01
D04824,fp_3a38204b2091a706,2025-11-01
D04825,fp_259b5aea2cabb9ad,2025-10-01
D04826,fp_0cb140eda7ee2f23,2025-04-01
D04827,fp_a793eb811d4c5eb7,2025-01-01
D04828,fp_af378cf92f2b5e31,2025-09-01
D04829,fp_70b81530dc4e557f,2025-10-01
D04830,fp_0abd99fd513cd464,2025-09-01
D04831,fp_3a5b171cb7a4c108,2025-01-01
D04832,fp_b6ecb84ef3a2dc1d,2025-05-01
D04833,fp_41e7ebbaf9ac1a4f,2025-01-01
D04834,fp_d84d6427adaad2f9,2025-06-01
D04835,fp_b7e3c6158a5a5d57,2025-01-01
D04836,fp_3c1517fc99bf88ed,2025-06-01
D04837,fp_13d5ac4f1bf2235c,2025-09-01
D04838,fp_1cf98855719db54f,2025-09-01
D04839,fp_3caaa31e13d3c726,2025-04-01
D04840,fp_92037fc25366e938,2025-06-01
D04841,fp_d29c0131d44260d2,2025-11-01
D04842,fp_1246d2a56a7cfd08,2025-11-01
D04843,fp_e037e9536d2d7cb9,2025-05-01
D04844,fp_065262a224a0db6e,2025-06-01
D04845,fp_c9c525679b622c0a,2025-06-01
D04846,fp_f9a013be55c1a0d9,2025-07-01
D04847,fp_a6e80b4fe5bb7f3b,2025-06-01
D04848,fp_f14656f1787ed06b,2025-05-01
D04849,fp_07f9ee879f35e95d,2025-03-01
D04850,fp_0b6b99445e4908c8,2025-05-01
D04851,fp_266a8b90ee28b2f4,2025-10-01
D04852,fp_1b3206f006897b1c,2025-10-01
D04853,fp_cedb5488362387b4,2025-06-01
D04854,fp_b73c91ca82c3892b,2025-12-01
D04855,fp_c8914d9982183bb9,2025-10-01
D04856,fp_5813d72fb67cb2ac,2025-04-01
D04857,fp_d4aa826d60fba34c,2025-10-01
D04858,fp_a8350a400858714d,2025-12-01
D04859,fp_618f178a266b4b6d,2025-11-01
D04860,fp_f486a2511414f827,2025-02-01
D04861,fp_ef7e1940f5687574,2025-04-01
D04862,fp_80e51b3d90be35ee,2025-10-01
D04863,fp_8c58fff0a15cf032,2025-12-01
D04864,fp_89f9c43e6b074c79,2025-12-01
D04865,fp_d8fbfda51f09bd6b,2025-09-01
D04866,fp_0d2a9d7acc5732f2,2025-10-01
D04867,fp_a8c12f2278ea904d,2025-09-01
D04868,fp_70e684748534bd76,2025-06-01
D04869,fp_31ed10f544e928ac,2025-10-01
D04870,fp_e93bda3b4b0653e2,2025-04-01
D04871,fp_3e3a0dfc5424aae4,2025-06-01
D04872,fp_74b0b2433b1ba723,2025-06-01
D04873,fp_f8ef0017bf89444e,2025-02-01
D04874,fp_3db538c9b16d3da7,2025-08-01
D04875,fp_f525d556bb98abdf,2025-07-01
D04876,fp_146691895ca43e71,2025-06-01
D04877,fp_8171d9558f7a1e43,2025-02-01
D04878,fp_5cbf7ee6ea258d83,2025-11-01
D04879,fp_9aef9aec7bf18cf4,2025-04-01
D04880,fp_c94b3a6f72ef917e,2025-07-01
D04881,fp_91c069ee3ad1c48f,2025-03-01
D04882,fp_89a1321decfbc936,2025-04-01
D04883,fp_e8c5a3b0c6c55054,2025-07-01
D04884,fp_95b2868bac92275a,2025-11-01
D04885,fp_9b050a6c235d2722,2025-05-01
D04886,fp_49714ec3cbbd3732,2025-06-01
D04887,fp_1e32e3e150581a4a,2025-02-01
D04888,fp_6bc822f46893a38a,2025-09-01
D04889,fp_25fd72f4fbb61ff7,2025-10-01
D04890,fp_a1f406277e83e815,2025-04-01
D04891,fp_2e0ef4aae65e0ac3,2025-08-01
D04892,fp_2ab1803803f89c7b,2025-02-01
D04893,fp_436c9e186b2b0c27,2025-09-01
D04894,fp_ee1caec8b61d1f43,2025-08-01
D04895,fp_19dad534be2badee,2025-03-01
D04896,fp_08b92ed4de94da10,2025-07-01
D04897,fp_b0a6e45706205f4a,2025-03-01
D04898,fp_12b1178bfd6c47e3,2025-03-01
D04899,fp_ddebd8d483d04bac,2025-09-01
D04900,fp_635b729ceb2ae08b,2025-07-01
D04901,fp_20a0c2445ab7d8b2,2025-07-01
D04902,fp_8e93abd2b269eb43,2025-04-01
D04903,fp_4b1bbb3ab6448d24,2025-02-01
D04904,fp_e5bdbb3e5639117a,2025-06-01
D04905,fp_9bd7871c976b1a33,2025-10-01
D04906,fp_fe7f92991b96ee81,2025-12-01
D04907,fp_12e1725b0b94b2ab,2025-12-01
D04908,fp_5ade80d4ebb48c9e,2025-08-01
D04909,fp_68ac039ce921f231,2025-11-01
D04910,fp_bd9e599373230f23,2025-07-01
D04911,fp_c1f6028b4a0efbe5,2025-08-01
D04912,fp_22758233b33aa6b9,2025-12-01
D04913,fp_b944e4692ef6a152,2025-10-01
D04914,fp_d1f2789bea956113,2025-09-01
D04915,fp_26fa466b15733a73,2025-01-01
D04916,fp_97d2030097f31baf,2025-06-01
D04917,fp_a63f63eaac852cc7,2025-08-01
D04918,fp_520826b8611eb15c,2025-08-01
D04919,fp_823803582d3dab8a,2025-12-01
D04920,fp_47802d60968c77f1,2025-02-01
D04921,fp_4c1f088f3b759faa,2025-08-01
D04922,fp_0c5c994057537534,2025-10-01
D04923,fp_e5b58f3084868583,2025-09-01
D04924,fp_821b390c946f9f07,2025-07-01
D04925,fp_52a3069d49069da9,2025-07-01
D04926,fp_c1de6d58518e58fd,2025-03-01
D04927,fp_24a887a1f41978cd,2025-01-01
D04928,fp_f1eef895d06176b3,2025-12-01
D04929,fp_fd3c902ae1e3eda6,2025-12-01
D04930,fp_6e37b72135ef2b60,2025-09-01
D04931,fp_933c3b76473bccd4,2025-10-01
D04932,fp_1976a39a507a61a9,2025-06-01
D04933,fp_2a6445d348e80f79,2025-02-01
D04934,fp_461aef6349b016e5,2025-08-01
D04935,fp_3940093a705cd91e,2025-03-01
D04936,fp_f06fbb0f49d9bf73,2025-05-01
D04937,fp_9b2df807fd225cba,2025-02-01
D04938,fp_3b4f068eecad122d,2025-11-01
D04939,fp_2418c7fd47543604,2025-02-01
D04940,fp_8d5a954934f3ab8e,2025-09-01
D04941,fp_2b39e995c13ed0d3,2025-01-01
D04942,fp_e70cf2749930300a,2025-01-01
D04943,fp_e401461af5b92b3c,2025-09-01
D04944,fp_cc8abd6989b4db80,2025-04-01
D04945,fp_7d058c0701b4cdfc,2025-01-01
D04946,fp_34010b605e9a35cf,2025-05-01
D04947,fp_f2a83faaf11a31f5,2025-10-01
D04948,fp_bb6a36476d2f458d,2025-08-01
D04949,fp_204d3f5585594d77,2025-08-01
D04950,fp_eb01bba74b814a84,2025-02-01
D04951,fp_b4d1880bb75c3825,2025-02-01
D04952,fp_e38d9fb071c487bc,2025-07-01
D04953,fp_4357ac517e45fee4,2025-02-01
D04954,fp_230681aadd500d6b,2025-05-01
D04955,fp_ab30f1b1bb4c5947,2025-02-01
D04956,fp_5a8d785ef7eba7e9,2025-02-01
D04957,fp_cb170945be88f8e4,2025-04-01
D04958,fp_13089f8bba345e82,2025-06-01
D04959,fp_81ceb20e281f45ff,2025-06-01
D04960,fp_7416386b46af040d,2025-11-01
D04961,fp_8349c078bc4b2732,2025-11-01
D04962,fp_12f776d1c6ec757f,2025-12-01
D04963,fp_5097621ab01cad4e,2025-01-01
D04964,fp_19b65b6b6ef1d60c,2025-12-01
D04965,fp_8573b517cb508544,2025-06-01
D04966,fp_d768065730bdf7be,2025-09-01
D04967,fp_d66f3fffa93fd7ec,2025-11-01
D04968,fp_f2fda085091f73f3,2025-11-01
D04969,fp_020a5c40a095c0d0,2025-04-01
D04970,fp_961a9968230a37e5,2025-07-01
D04971,fp_f17316d5df42eabd,2025-04-01
D04972,fp_3217f93cac6082a4,2025-05-01
D04973,fp_26c451fd78597bc6,2025-08-01
D04974,fp_2fe61a89d059b594,2025-12-01
D04975,fp_485873c17f297630,2025-03-01
D04976,fp_a280771032d5ad87,2025-02-01
D04977,fp_842ca512f369c683,2025-12-01
D04978,fp_36d5187bbfdbb10b,2025-01-01
D04979,fp_113808db6f2f8411,2025-08-01
D04980,fp_9c78bade8ec7dccb,2025-04-01
D04981,fp_2d98f251b5c1f027,2025-01-01
D04982,fp_b01f90e76b0c7da5,2025-05-01
D04983,fp_615ab3419d065ae8,2025-11-01
D04984,fp_3c165571957a66e5,2025-11-01
D04985,fp_7bf6b2ad5944a69c,2025-09-01
D04986,fp_f44f5031a82d4879,2025-03-01
D04987,fp_4cd36406e0bd6044,2025-04-01
D04988,fp_4ac81bdae0028f9a,2025-11-01
D04989,fp_7d7f2fed7c2ce385,2025-11-01
D04990,fp_990c2e2a6467e0c0,2025-06-01
D04991,fp_7b2021f78b1d2284,2025-05-01
D04992,fp_380bd4cb18b666f8,2025-02-01
D04993,fp_e18258d2f681db3f,2025-05-01
D04994,fp_f8281e0b6b6a838e,2025-08-01
D04995,fp_3f555c7d534d388e,2025-11-01
D04996,fp_1da6536d6cc3f8aa,2025-03-01
D04997,fp_f4d1183f76f8ef17,2025-06-01
D04998,fp_1d10b6f6a91decb2,2025-06-01
D04999,fp_65e92e49b26c8876,2025-12-01
D05000,fp_c610024b20c8667f,2025-08-01
