instrument_id,type,masked_identifier,issuing_bank
P00001,upi,upi_730255,AXIS
P00002,wallet,upi_346268,HDFC
P00003,upi,upi_380938,KOTAK
P00004,card,****7701,HDFC
P00005,wallet,upi_909289,SBI
P00006,upi,upi_807777,SBI
P00007,upi,upi_510389,AXIS
P00008,upi,upi_518045,SBI
P00009,card,****5396,AXIS
P00010,wallet,upi_329583,SBI
P00011,wallet,upi_958285,HDFC
P00012,upi,upi_569380,AXIS
P00013,card,****3728,KOTAK
P00014,card,****2807,KOTAK
P00015,wallet,upi_445698,ICICI
P00016,wallet,upi_665987,HDFC
P00017,wallet,upi_122143,AXIS
P00018,card,****6460,SBI
P00019,wallet,upi_166547,HDFC
P00020,wallet,upi_320686,SBI
P00021,wallet,upi_308079,ICICI
P00022,wallet,upi_514739,ICICI
P00023,upi,upi_940208,ICICI
P00024,upi,upi_447605,AXIS
P00025,card,****5074,HDFC
P00026,card,****1328,KOTAK
P00027,card,****9216,AXIS
P00028,upi,upi_144339,ICICI
P00029,upi,upi_416110,HDFC
P00030,card,****5051,HDFC
P00031,upi,upi_886343,HDFC
P00032,upi,upi_787106,AXIS
P00033,card,****5423,HDFC
P00034,card,****2210,KOTAK
P00035,wallet,upi_837661,AXIS
P00036,card,****1241,KOTAK
P00037,wallet,upi_259223,HDFC
P00038,wallet,upi_716767,AXIS
P00039,card,****6114,SBI
P00040,upi,upi_637243,HDFC
P00041,upi,upi_387361,AXIS
P00042,card,****2633,SBI
P00043,wallet,upi_704190,AXIS
P00044,upi,upi_405385,AXIS
P00045,card,****4641,AXIS
P00046,wallet,upi_392089,AXIS
P00047,upi,upi_837022,KOTAK
P00048,wallet,upi_356496,AXIS
P00049,card,****9143,AXIS
P00050,upi,upi_899749,KOTAK
P00051,wallet,upi_213565,AXIS
P00052,card,****1407,AXIS
P00053,card,****8325,SBI
P00054,upi,upi_690509,HDFC
P00055,wallet,upi_425698,SBI
P00056,card,****2370,HDFC
P00057,wallet,upi_277477,ICICI
P00058,upi,upi_722234,ICICI
P00059,card,****3315,AXIS
P00060,wallet,upi_978780,AXIS
P00061,wallet,upi_858154,KOTAK
P00062,card,****1965,AXIS
P00063,upi,upi_531865,SBI
P00064,wallet,upi_454280,ICICI
P00065,card,****6266,KOTAK
P00066,wallet,upi_526282,HDFC
P00067,upi,upi_823934,ICICI
P00068,wallet,upi_933298,AXIS
P00069,wallet,upi_624094,SBI
P00070,wallet,upi_347190,SBI
P00071,upi,upi_843302,AXIS
P00072,wallet,upi_681757,HDFC
P00073,card,****7974,HDFC
P00074,upi,upi_233465,HDFC
P00075,card,****9518,HDFC
P00076,card,****4233,AXIS
P00077,card,****1639,AXIS
P00078,upi,upi_279015,KOTAK
P00079,upi,upi_246659,KOTAK
P00080,upi,upi_518807,HDFC
P00081,upi,upi_223295,AXIS
P00082,upi,upi_854914,SBI
P00083,wallet,upi_438046,KOTAK
P00084,upi,upi_691198,ICICI
P00085,card,****5754,KOTAK
P00086,wallet,upi_314393,KOTAK
P00087,wallet,upi_489287,KOTAK
P00088,wallet,upi_363443,AXIS
P00089,upi,upi_320848,SBI
P00090,wallet,upi_855111,ICICI
P00091,card,****9591,AXIS
P00092,card,****6205,AXIS
P00093,card,****3463,AXIS
P00094,card,****1091,SBI
P00095,wallet,upi_296790,ICICI
P00096,wallet,upi_198406,KOTAK
P00097,upi,upi_447115,HDFC
P00098,card,****8679,KOTAK
P00099,card,****2093,SBI
P00100,wallet,upi_686317,ICICI
P00101,upi,upi_759367,HDFC
P00102,card,****5498,SBI
P00103,upi,upi_712859,SBI
P00104,upi,upi_754836,AXIS
P00105,upi,upi_688368,KOTAK
P00106,wallet,upi_791397,ICICI
P00107,card,****3497,HDFC
P00108,wallet,upi_326955,SBI
P00109,card,****5307,KOTAK
P00110,card,****3075,KOTAK
P00111,wallet,upi_776153,AXIS
P00112,upi,upi_703618,KOTAK
P00113,wallet,upi_390704,KOTAK
P00114,wallet,upi_596403,ICICI
P00115,card,****1043,ICICI
P00116,card,****2496,KOTAK
P00117,card,****3348,ICICI
P00118,upi,upi_100258,SBI
P00119,card,****1855,ICICI
P00120,wallet,upi_946446,AXIS
P00121,upi,upi_797137,AXIS
P00122,upi,upi_417255,KOTAK
P00123,card,****4944,KOTAK
P00124,upi,upi_495637,AXIS
P00125,wallet,upi_597526,SBI
P00126,upi,upi_979387,KOTAK
P00127,upi,upi_656464,HDFC
P00128,wallet,upi_983101,ICICI
P00129,card,****5550,ICICI
P00130,upi,upi_687712,AXIS
P00131,upi,upi_828864,SBI
P00132,wallet,upi_226080,KOTAK
P00133,upi,upi_783768,SBI
P00134,card,****1414,SBI
P00135,upi,upi_908184,SBI
P00136,wallet,upi_544677,ICICI
P00137,wallet,upi_686986,ICICI
P00138,upi,upi_492383,ICICI
P00139,wallet,upi_111190,ICICI
P00140,upi,upi_478526,KOTAK
P00141,card,****1091,KOTAK
P00142,upi,upi_444406,HDFC
P00143,upi,upi_366086,KOTAK
P00144,card,****5473,HDFC
P00145,wallet,upi_388307,AXIS
P00146,upi,upi_146050,SBI
P00147,upi,upi_755643,HDFC
P00148,wallet,upi_963319,HDFC
P00149,wallet,upi_593679,KOTAK
P00150,wallet,upi_576557,AXIS
P00151,card,****8756,KOTAK
P00152,card,****1625,SBI
P00153,card,****3509,ICICI
P00154,card,****2356,AXIS
P00155,card,****1918,AXIS
P00156,wallet,upi_845108,HDFC
P00157,upi,upi_202210,KOTAK
P00158,upi,upi_993990,ICICI
P00159,wallet,upi_743829,HDFC
P00160,upi,upi_977944,SBI
P00161,wallet,upi_277433,KOTAK
P00162,wallet,upi_484047,KOTAK
P00163,card,****7605,AXIS
P00164,wallet,upi_802169,HDFC
P00165,card,****4161,KOTAK
P00166,card,****5368,HDFC
P00167,card,****8264,HDFC
P00168,upi,upi_738088,ICICI
P00169,wallet,upi_630019,AXIS
P00170,card,****1052,SBI
P00171,upi,upi_687789,SBI
P00172,card,****6594,AXIS
P00173,wallet,upi_976720,HDFC
P00174,wallet,upi_585496,HDFC
P00175,card,****2483,ICICI
P00176,wallet,upi_190615,ICICI
P00177,upi,upi_719864,HDFC
P00178,card,****1171,ICICI
P00179,wallet,upi_492722,AXIS
P00180,card,****5042,SBI
P00181,wallet,upi_773518,ICICI
P00182,wallet,upi_892547,ICICI
P00183,upi,upi_155926,AXIS
P00184,wallet,upi_401021,ICICI
P00185,upi,upi_247247,KOTAK
P00186,upi,upi_534092,ICICI
P00187,card,****5469,ICICI
P00188,card,****5832,SBI
P00189,wallet,upi_560952,SBI
P00190,card,****9026,SBI
P00191,wallet,upi_481276,SBI
P00192,wallet,upi_648450,AXIS
P00193,wallet,upi_820413,ICICI
P00194,card,****7318,ICICI
P00195,wallet,upi_696337,ICICI
P00196,wallet,upi_554928,SBI
P00197,wallet,upi_950299,SBI
P00198,card,****6606,KOTAK
P00199,wallet,upi_970168,SBI
P00200,card,****9409,ICICI
P00201,upi,upi_328856,AXIS
P00202,upi,upi_132975,HDFC
P00203,wallet,upi_790311,ICICI
P00204,upi,upi_246606,AXIS
P00205,wallet,upi_438680,SBI
P00206,wallet,upi_496267,KOTAK
P00207,card,****6281,HDFC
P00208,wallet,upi_476317,HDFC
P00209,card,****7904,AXIS
P00210,upi,upi_453026,HDFC
P00211,card,****6865,SBI
P00212,card,****8648,KOTAK
P00213,card,****1356,AXIS
P00214,wallet,upi_578617,KOTAK
P00215,wallet,upi_828234,AXIS
P00216,wallet,upi_518731,AXIS
P00217,card,****5138,SBI
P00218,wallet,upi_454291,AXIS
P00219,wallet,upi_520639,SBI
P00220,card,****4838,KOTAK
P00221,card,****7897,AXIS
P00222,upi,upi_705540,AXIS
P00223,wallet,upi_129942,ICICI
P00224,wallet,upi_274467,SBI
P00225,wallet,upi_831519,KOTAK
P00226,card,****3286,ICICI
P00227,wallet,upi_449330,HDFC
P00228,card,****6067,ICICI
P00229,upi,upi_580995,AXIS
P00230,card,****8546,HDFC
P00231,wallet,upi_254655,ICICI
P00232,card,****5936,SBI
P00233,card,****4024,ICICI
P00234,card,****8152,HDFC
P00235,wallet,upi_356620,ICICI
P00236,wallet,upi_682324,SBI
P00237,card,****8820,ICICI
P00238,upi,upi_204766,AXIS
P00239,wallet,upi_820147,AXIS
P00240,wallet,upi_322813,AXIS
P00241,wallet,upi_494570,AXIS
P00242,wallet,upi_354533,HDFC
P00243,upi,upi_234744,SBI
P00244,card,****7551,SBI
P00245,upi,upi_959613,AXIS
P00246,wallet,upi_512982,KOTAK
P00247,card,****6683,AXIS
P00248,wallet,upi_876396,KOTAK
P00249,card,****4632,KOTAK
P00250,card,****4852,SBI
P00251,upi,upi_456359,KOTAK
P00252,card,****7523,HDFC
P00253,wallet,upi_341249,ICICI
P00254,upi,upi_297101,HDFC
P00255,card,****5946,AXIS
P00256,card,****6563,AXIS
P00257,wallet,upi_288613,AXIS
P00258,card,****5668,SBI
P00259,upi,upi_808074,AXIS
P00260,card,****5276,AXIS
P00261,card,****3679,AXIS
P00262,wallet,upi_642479,HDFC
P00263,upi,upi_945392,HDFC
P00264,upi,upi_819391,HDFC
P00265,wallet,upi_524121,HDFC
P00266,card,****6226,ICICI
P00267,wallet,upi_631597,AXIS
P00268,wallet,upi_576779,HDFC
P00269,upi,upi_785577,AXIS
P00270,upi,upi_908829,HDFC
P00271,upi,upi_545625,SBI
P00272,wallet,upi_764920,HDFC
P00273,wallet,upi_946331,AXIS
P00274,wallet,upi_490935,AXIS
P00275,wallet,upi_451339,KOTAK
P00276,upi,upi_217096,ICICI
P00277,upi,upi_657540,AXIS
P00278,wallet,upi_183895,ICICI
P00279,card,****6523,KOTAK
P00280,upi,upi_307212,KOTAK
P00281,wallet,upi_862974,AXIS
P00282,upi,upi_150901,AXIS
P00283,upi,upi_141779,HDFC
P00284,upi,upi_582607,SBI
P00285,card,****7050,SBI
P00286,upi,upi_453854,SBI
P00287,card,****9892,SBI
P00288,card,****5804,SBI
P00289,upi,upi_118369,AXIS
P00290,upi,upi_412143,HDFC
P00291,wallet,upi_217108,SBI
P00292,wallet,upi_138390,KOTAK
P00293,wallet,upi_515461,ICICI
P00294,card,****2377,KOTAK
P00295,card,****3065,ICICI
P00296,wallet,upi_617420,AXIS
P00297,upi,upi_462163,AXIS
P00298,wallet,upi_747224,ICICI
P00299,wallet,upi_960341,KOTAK
P00300,wallet,upi_580687,HDFC
P00301,card,****6350,SBI
P00302,card,****3404,KOTAK
P00303,wallet,upi_768796,HDFC
P00304,upi,upi_637533,HDFC
P00305,upi,upi_767671,SBI
P00306,upi,upi_520205,HDFC
P00307,card,****5208,HDFC
P00308,upi,upi_222080,ICICI
P00309,wallet,upi_373652,SBI
P00310,wallet,upi_639009,KOTAK
P00311,card,****1800,SBI
P00312,wallet,upi_595890,ICICI
P00313,upi,upi_388134,ICICI
P00314,upi,upi_625927,HDFC
P00315,wallet,upi_518036,ICICI
P00316,wallet,upi_398752,SBI
P00317,card,****7671,ICICI
P00318,card,****7788,ICICI
P00319,upi,upi_380025,AXIS
P00320,wallet,upi_928645,SBI
P00321,card,****4626,ICICI
P00322,card,****6318,ICICI
P00323,card,****5715,KOTAK
P00324,upi,upi_716472,AXIS
P00325,wallet,upi_724144,SBI
P00326,wallet,upi_507937,AXIS
P00327,wallet,upi_113177,SBI
P00328,upi,upi_435169,SBI
P00329,upi,upi_259151,AXIS
P00330,wallet,upi_623212,ICICI
P00331,wallet,upi_831618,ICICI
P00332,wallet,upi_509008,SBI
P00333,upi,upi_133833,KOTAK
P00334,card,****8971,KOTAK
P00335,upi,upi_187128,ICICI
P00336,wallet,upi_655317,SBI
P00337,upi,upi_405998,SBI
P00338,upi,upi_807265,AXIS
P00339,card,****3554,KOTAK
P00340,wallet,upi_274833,KOTAK
P00341,upi,upi_692332,AXIS
P00342,upi,upi_902097,HDFC
P00343,upi,upi_683469,AXIS
P00344,card,****7148,KOTAK
P00345,card,****7200,KOTAK
P00346,card,****2588,AXIS
P00347,card,****4462,HDFC
P00348,wallet,upi_403404,ICICI
P00349,card,****7571,KOTAK
P00350,upi,upi_469124,ICICI
P00351,upi,upi_728357,SBI
P00352,upi,upi_907927,SBI
P00353,wallet,upi_210770,SBI
P00354,wallet,upi_661645,KOTAK
P00355,upi,upi_336033,AXIS
P00356,upi,upi_893591,AXIS
P00357,upi,upi_966268,AXIS
P00358,card,****3910,AXIS
P00359,upi,upi_103499,KOTAK
P00360,upi,upi_899995,AXIS
P00361,wallet,upi_280638,HDFC
P00362,upi,upi_708339,AXIS
P00363,upi,upi_530224,ICICI
P00364,wallet,upi_130451,KOTAK
P00365,card,****3270,KOTAK
P00366,wallet,upi_627812,HDFC
P00367,wallet,upi_698301,AXIS
P00368,card,****6325,KOTAK
P00369,card,****3727,KOTAK
P00370,wallet,upi_594837,HDFC
P00371,upi,upi_123823,KOTAK
P00372,wallet,upi_508251,KOTAK
P00373,wallet,upi_302408,ICICI
P00374,upi,upi_486991,ICICI
P00375,card,****8736,ICICI
P00376,upi,upi_239093,SBI
P00377,card,****1506,ICICI
P00378,wallet,upi_583581,AXIS
P00379,card,****8268,ICICI
P00380,card,****8559,KOTAK
P00381,wallet,upi_216556,KOTAK
P00382,upi,upi_267003,ICICI
P00383,upi,upi_857120,HDFC
P00384,card,****1529,AXIS
P00385,wallet,upi_593050,AXIS
P00386,card,****7833,SBI
P00387,wallet,upi_663443,HDFC
P00388,wallet,upi_914320,KOTAK
P00389,wallet,upi_660118,HDFC
P00390,upi,upi_604163,HDFC
P00391,upi,upi_951089,AXIS
P00392,wallet,upi_906104,HDFC
P00393,upi,upi_518832,KOTAK
P00394,wallet,upi_781186,AXIS
P00395,upi,upi_925673,HDFC
P00396,card,****3391,SBI
P00397,wallet,upi_890183,HDFC
P00398,wallet,upi_277160,SBI
P00399,upi,upi_788428,SBI
P00400,card,****4982,AXIS
P00401,card,****5333,HDFC
P00402,upi,upi_773223,HDFC
P00403,upi,upi_843527,AXIS
P00404,card,****5259,SBI
P00405,upi,upi_822672,AXIS
P00406,upi,upi_925621,AXIS
P00407,wallet,upi_370450,KOTAK
P00408,upi,upi_723303,HDFC
P00409,card,****3425,KOTAK
P00410,upi,upi_127200,ICICI
P00411,upi,upi_690913,SBI
P00412,wallet,upi_405364,SBI
P00413,wallet,upi_265992,KOTAK
P00414,wallet,upi_419544,AXIS
P00415,wallet,upi_561229,SBI
P00416,card,****3106,ICICI
P00417,wallet,upi_406533,AXIS
P00418,upi,upi_767693,ICICI
P00419,card,****4467,KOTAK
P00420,upi,upi_255570,KOTAK
P00421,card,****5250,SBI
P00422,wallet,upi_633296,KOTAK
P00423,upi,upi_600143,KOTAK
P00424,card,****6639,ICICI
P00425,wallet,upi_994026,KOTAK
P00426,upi,upi_648759,SBI
P00427,upi,upi_608817,ICICI
P00428,wallet,upi_605468,ICICI
P00429,upi,upi_498325,HDFC
P00430,wallet,upi_167898,SBI
P00431,card,****6067,ICICI
P00432,card,****3459,SBI
P00433,wallet,upi_915807,HDFC
P00434,wallet,upi_306508,SBI
P00435,upi,upi_581633,KOTAK
P00436,wallet,upi_112793,KOTAK
P00437,card,****4318,SBI
P00438,wallet,upi_134435,AXIS
P00439,wallet,upi_203641,SBI
P00440,wallet,upi_170461,SBI
P00441,wallet,upi_660730,KOTAK
P00442,card,****1917,AXIS
P00443,wallet,upi_648351,ICICI
P00444,card,****5195,ICICI
P00445,wallet,upi_782420,ICICI
P00446,card,****8472,ICICI
P00447,card,****5354,KOTAK
P00448,upi,upi_195797,ICICI
P00449,wallet,upi_971044,HDFC
P00450,card,****9561,SBI
P00451,card,****4403,ICICI
P00452,card,****8819,AXIS
P00453,card,****9797,HDFC
P00454,upi,upi_928391,HDFC
P00455,card,****8836,HDFC
P00456,upi,upi_187436,AXIS
P00457,card,****2636,KOTAK
P00458,wallet,upi_325437,KOTAK
P00459,upi,upi_414531,KOTAK
P00460,card,****8041,HDFC
P00461,wallet,upi_564143,ICICI
P00462,wallet,upi_944906,KOTAK
P00463,upi,upi_100519,SBI
P00464,upi,upi_730565,SBI
P00465,upi,upi_761785,ICICI
P00466,upi,upi_631935,AXIS
P00467,wallet,upi_397539,SBI
P00468,upi,upi_658041,ICICI
P00469,upi,upi_388660,KOTAK
P00470,wallet,upi_423804,AXIS
P00471,card,****3984,AXIS
P00472,card,****6229,KOTAK
P00473,upi,upi_619871,ICICI
P00474,card,****2074,AXIS
P00475,wallet,upi_419439,HDFC
P00476,upi,upi_459065,KOTAK
P00477,card,****4171,HDFC
P00478,card,****4493,SBI
P00479,wallet,upi_420218,SBI
P00480,wallet,upi_594797,HDFC
P00481,wallet,upi_414637,KOTAK
P00482,card,****3532,SBI
P00483,card,****4144,AXIS
P00484,card,****3587,KOTAK
P00485,wallet,upi_264765,SBI
P00486,wallet,upi_596789,KOTAK
P00487,upi,upi_917632,SBI
P00488,card,****5306,AXIS
P00489,upi,upi_488802,ICICI
P00490,upi,upi_449933,SBI
P00491,wallet,upi_430664,AXIS
P00492,upi,upi_545957,KOTAK
P00493,upi,upi_899743,AXIS
P00494,card,****7620,HDFC
P00495,upi,upi_470789,ICICI
P00496,upi,upi_904308,SBI
P00497,card,****4313,ICICI
P00498,wallet,upi_851485,SBI
P00499,upi,upi_972993,SBI
P00500,card,****6273,AXIS
P00501,upi,upi_441505,KOTAK
P00502,wallet,upi_874915,ICICI
P00503,card,****9240,AXIS
P00504,upi,upi_212024,HDFC
P00505,card,****3628,SBI
P00506,wallet,upi_602983,KOTAK
P00507,upi,upi_148234,AXIS
P00508,wallet,upi_840807,AXIS
P00509,card,****5589,KOTAK
P00510,wallet,upi_493235,HDFC
P00511,card,****1919,SBI
P00512,upi,upi_664024,SBI
P00513,upi,upi_398042,HDFC
P00514,upi,upi_240807,HDFC
P00515,upi,upi_912901,AXIS
P00516,card,****3464,KOTAK
P00517,upi,upi_701975,ICICI
P00518,wallet,upi_192280,AXIS
P00519,card,****6371,KOTAK
P00520,wallet,upi_899840,SBI
P00521,wallet,upi_656822,SBI
P00522,wallet,upi_122913,ICICI
P00523,card,****6143,SBI
P00524,upi,upi_883572,ICICI
P00525,card,****6263,AXIS
P00526,card,****8549,SBI
P00527,upi,upi_308651,SBI
P00528,upi,upi_732938,HDFC
P00529,card,****2952,AXIS
P00530,upi,upi_515559,AXIS
P00531,card,****9657,HDFC
P00532,wallet,upi_491616,HDFC
P00533,wallet,upi_558444,HDFC
P00534,wallet,upi_937055,SBI
P00535,wallet,upi_615909,SBI
P00536,wallet,upi_449964,HDFC
P00537,wallet,upi_179222,KOTAK
P00538,card,****2840,KOTAK
P00539,card,****9413,HDFC
P00540,wallet,upi_591202,KOTAK
P00541,wallet,upi_300160,HDFC
P00542,wallet,upi_551880,SBI
P00543,upi,upi_573210,ICICI
P00544,wallet,upi_446480,HDFC
P00545,card,****6567,AXIS
P00546,wallet,upi_919056,AXIS
P00547,card,****7577,KOTAK
P00548,upi,upi_106662,KOTAK
P00549,upi,upi_119788,HDFC
P00550,card,****6281,AXIS
P00551,card,****5241,ICICI
P00552,wallet,upi_807304,SBI
P00553,wallet,upi_579989,ICICI
P00554,wallet,upi_471872,KOTAK
P00555,card,****4094,ICICI
P00556,card,****6054,ICICI
P00557,card,****1429,KOTAK
P00558,wallet,upi_985730,HDFC
P00559,card,****9848,SBI
P00560,card,****6365,SBI
P00561,card,****4421,ICICI
P00562,upi,upi_271220,AXIS
P00563,upi,upi_344296,ICICI
P00564,upi,upi_128622,ICICI
P00565,upi,upi_229090,AXIS
P00566,card,****8273,ICICI
P00567,upi,upi_151604,AXIS
P00568,upi,upi_518568,ICICI
P00569,card,****7234,KOTAK
P00570,card,****2521,ICICI
P00571,wallet,upi_706395,KOTAK
P00572,card,****3668,ICICI
P00573,card,****9013,KOTAK
P00574,upi,upi_886099,SBI
P00575,upi,upi_300258,ICICI
P00576,card,****9305,SBI
P00577,upi,upi_367685,KOTAK
P00578,card,****8486,HDFC
P00579,card,****7226,AXIS
P00580,upi,upi_999146,HDFC
P00581,upi,upi_477898,SBI
P00582,card,****8113,SBI
P00583,card,****2383,AXIS
P00584,upi,upi_116619,SBI
P00585,wallet,upi_778805,SBI
P00586,card,****3305,ICICI
P00587,card,****1151,ICICI
P00588,wallet,upi_263324,ICICI
P00589,wallet,upi_592634,HDFC
P00590,card,****4437,SBI
P00591,upi,upi_747553,AXIS
P00592,card,****7868,ICICI
P00593,card,****9496,ICICI
P00594,wallet,upi_948735,ICICI
P00595,upi,upi_214705,ICICI
P00596,card,****9151,ICICI
P00597,upi,upi_523262,SBI
P00598,upi,upi_752123,SBI
P00599,card,****1423,SBI
P00600,card,****8708,HDFC
P00601,wallet,upi_251352,AXIS
P00602,card,****9838,AXIS
P00603,wallet,upi_857619,KOTAK
P00604,card,****3591,HDFC
P00605,card,****6712,ICICI
P00606,card,****7879,HDFC
P00607,card,****8793,AXIS
P00608,upi,upi_997728,KOTAK
P00609,upi,upi_240934,KOTAK
P00610,wallet,upi_100756,SBI
P00611,upi,upi_592292,SBI
P00612,card,****6290,KOTAK
P00613,upi,upi_743416,HDFC
P00614,upi,upi_616740,KOTAK
P00615,card,****3061,ICICI
P00616,wallet,upi_236113,ICICI
P00617,card,****2346,HDFC
P00618,wallet,upi_523455,SBI
P00619,wallet,upi_210339,ICICI
P00620,card,****5106,ICICI
P00621,wallet,upi_791398,SBI
P00622,upi,upi_844971,AXIS
P00623,wallet,upi_719482,KOTAK
P00624,wallet,upi_705203,SBI
P00625,card,****6373,AXIS
P00626,upi,upi_793320,ICICI
P00627,wallet,upi_872182,HDFC
P00628,wallet,upi_938621,AXIS
P00629,wallet,upi_150350,ICICI
P00630,card,****1234,ICICI
P00631,wallet,upi_135771,ICICI
P00632,card,****7500,SBI
P00633,card,****8877,AXIS
P00634,upi,upi_296868,KOTAK
P00635,upi,upi_574065,ICICI
P00636,upi,upi_751493,SBI
P00637,wallet,upi_561229,HDFC
P00638,wallet,upi_392872,KOTAK
P00639,upi,upi_453637,ICICI
P00640,upi,upi_457546,AXIS
P00641,wallet,upi_578482,HDFC
P00642,wallet,upi_997805,SBI
P00643,wallet,upi_375632,HDFC
P00644,upi,upi_547232,HDFC
P00645,wallet,upi_232359,HDFC
P00646,card,****8494,HDFC
P00647,card,****5844,ICICI
P00648,upi,upi_421944,AXIS
P00649,upi,upi_680175,HDFC
P00650,wallet,upi_291482,AXIS
P00651,wallet,upi_304344,ICICI
P00652,wallet,upi_332634,HDFC
P00653,card,****6798,KOTAK
P00654,wallet,upi_917823,ICICI
P00655,wallet,upi_656334,KOTAK
P00656,card,****9735,SBI
P00657,wallet,upi_341616,KOTAK
P00658,card,****7135,ICICI
P00659,card,****3713,KOTAK
P00660,card,****3491,KOTAK
P00661,wallet,upi_544612,ICICI
P00662,upi,upi_151288,AXIS
P00663,upi,upi_508705,KOTAK
P00664,upi,upi_599694,AXIS
P00665,upi,upi_242732,SBI
P00666,card,****2226,SBI
P00667,wallet,upi_682753,SBI
P00668,card,****2094,HDFC
P00669,upi,upi_247118,ICICI
P00670,upi,upi_962392,ICICI
P00671,card,****7410,ICICI
P00672,wallet,upi_539363,AXIS
P00673,wallet,upi_302764,ICICI
P00674,upi,upi_173957,ICICI
P00675,upi,upi_247262,AXIS
P00676,card,****3487,ICICI
P00677,upi,upi_249326,SBI
P00678,upi,upi_111292,HDFC
P00679,wallet,upi_426275,KOTAK
P00680,card,****8718,ICICI
P00681,wallet,upi_559561,SBI
P00682,card,****9867,KOTAK
P00683,upi,upi_261141,HDFC
P00684,wallet,upi_457959,SBI
P00685,card,****7250,SBI
P00686,card,****8643,AXIS
P00687,wallet,upi_276638,AXIS
P00688,upi,upi_335545,KOTAK
P00689,card,****2451,KOTAK
P00690,wallet,upi_480160,ICICI
P00691,wallet,upi_618554,AXIS
P00692,upi,upi_159404,HDFC
P00693,upi,upi_983241,SBI
P00694,upi,upi_771366,KOTAK
P00695,upi,upi_540030,SBI
P00696,upi,upi_187129,HDFC
P00697,card,****8955,ICICI
P00698,wallet,upi_619020,ICICI
P00699,wallet,upi_554837,SBI
P00700,card,****8993,KOTAK
P00701,wallet,upi_978090,KOTAK
P00702,upi,upi_736095,KOTAK
P00703,wallet,upi_501171,HDFC
P00704,wallet,upi_213034,KOTAK
P00705,wallet,upi_203365,KOTAK
P00706,card,****2924,ICICI
P00707,upi,upi_708302,KOTAK
P00708,upi,upi_954886,AXIS
P00709,wallet,upi_880465,HDFC
P00710,upi,upi_778521,AXIS
P00711,upi,upi_701195,KOTAK
P00712,card,****7532,AXIS
P00713,wallet,upi_126886,ICICI
P00714,wallet,upi_289517,HDFC
P00715,wallet,upi_444941,HDFC
P00716,upi,upi_532164,HDFC
P00717,wallet,upi_578804,SBI
P00718,upi,upi_958121,SBI
P00719,upi,upi_360781,SBI
P00720,upi,upi_921779,HDFC
P00721,upi,upi_580462,SBI
P00722,card,****4430,KOTAK
P00723,wallet,upi_779778,SBI
P00724,wallet,upi_520815,SBI
P00725,card,****9189,HDFC
P00726,upi,upi_468893,KOTAK
P00727,wallet,upi_875798,ICICI
P00728,upi,upi_968937,SBI
P00729,card,****2481,AXIS
P00730,upi,upi_752004,AXIS
P00731,wallet,upi_295236,AXIS
P00732,card,****5336,AXIS
P00733,upi,upi_453371,AXIS
P00734,upi,upi_891434,ICICI
P00735,card,****6288,HDFC
P00736,card,****4109,KOTAK
P00737,upi,upi_630704,KOTAK
P00738,upi,upi_893531,KOTAK
P00739,wallet,upi_286550,AXIS
P00740,wallet,upi_829427,HDFC
P00741,card,****2529,HDFC
P00742,wallet,upi_727016,AXIS
P00743,upi,upi_252846,SBI
P00744,wallet,upi_470985,AXIS
P00745,card,****7311,HDFC
P00746,wallet,upi_954141,SBI
P00747,wallet,upi_697800,HDFC
P00748,upi,upi_335745,AXIS
P00749,card,****5028,KOTAK
P00750,card,****5485,HDFC
P00751,upi,upi_335372,ICICI
P00752,card,****4700,AXIS
P00753,wallet,upi_950945,ICICI
P00754,card,****1203,SBI
P00755,card,****1340,KOTAK
P00756,upi,upi_978634,AXIS
P00757,upi,upi_683346,KOTAK
P00758,wallet,upi_301577,AXIS
P00759,card,****9496,KOTAK
P00760,upi,upi_757724,KOTAK
P00761,upi,upi_883068,SBI
P00762,wallet,upi_935502,SBI
P00763,upi,upi_552266,SBI
P00764,upi,upi_346106,SBI
P00765,wallet,upi_474419,HDFC
P00766,wallet,upi_241025,SBI
P00767,wallet,upi_358888,KOTAK
P00768,wallet,upi_235019,HDFC
P00769,wallet,upi_842762,AXIS
P00770,wallet,upi_428712,HDFC
P00771,wallet,upi_338891,SBI
P00772,wallet,upi_836251,KOTAK
P00773,card,****8623,SBI
P00774,wallet,upi_977252,HDFC
P00775,upi,upi_748865,AXIS
P00776,upi,upi_719774,AXIS
P00777,card,****3807,HDFC
P00778,wallet,upi_570253,KOTAK
P00779,wallet,upi_160341,SBI
P00780,upi,upi_840618,ICICI
P00781,card,****6806,HDFC
P00782,wallet,upi_389501,KOTAK
P00783,upi,upi_863112,HDFC
P00784,wallet,upi_726774,AXIS
P00785,upi,upi_838425,ICICI
P00786,upi,upi_325657,AXIS
P00787,upi,upi_664548,SBI
P00788,upi,upi_343861,KOTAK
P00789,wallet,upi_526919,ICICI
P00790,wallet,upi_814417,KOTAK
P00791,upi,upi_107104,KOTAK
P00792,card,****6871,KOTAK
P00793,card,****2163,KOTAK
P00794,card,****9679,AXIS
P00795,wallet,upi_269038,ICICI
P00796,card,****3938,ICICI
P00797,card,****9109,HDFC
P00798,upi,upi_193434,HDFC
P00799,upi,upi_701885,AXIS
P00800,upi,upi_499812,AXIS
P00801,card,****6624,ICICI
P00802,card,****6098,SBI
P00803,card,****8051,SBI
P00804,upi,upi_195142,ICICI
P00805,upi,upi_520927,ICICI
P00806,card,****6754,HDFC
P00807,upi,upi_573670,HDFC
P00808,wallet,upi_370289,HDFC
P00809,wallet,upi_163859,KOTAK
P00810,card,****7113,HDFC
P00811,card,****1028,KOTAK
P00812,card,****1076,SBI
P00813,upi,upi_421140,HDFC
P00814,wallet,upi_690730,SBI
P00815,card,****3824,ICICI
P00816,wallet,upi_751031,AXIS
P00817,card,****9768,ICICI
P00818,upi,upi_201675,ICICI
P00819,wallet,upi_492343,KOTAK
P00820,card,****8220,ICICI
P00821,wallet,upi_256080,AXIS
P00822,card,****1635,KOTAK
P00823,card,****6106,SBI
P00824,card,****6718,ICICI
P00825,wallet,upi_643674,ICICI
P00826,card,****9153,ICICI
P00827,wallet,upi_262794,KOTAK
P00828,upi,upi_576752,KOTAK
P00829,upi,upi_922149,AXIS
P00830,card,****2072,SBI
P00831,card,****6991,ICICI
P00832,card,****9040,ICICI
P00833,upi,upi_143610,SBI
P00834,card,****8871,KOTAK
P00835,card,****9517,HDFC
P00836,wallet,upi_786611,SBI
P00837,wallet,upi_690344,KOTAK
P00838,wallet,upi_657764,KOTAK
P00839,upi,upi_893691,KOTAK
P00840,wallet,upi_310692,SBI
P00841,upi,upi_242056,AXIS
P00842,card,****5799,AXIS
P00843,upi,upi_556276,AXIS
P00844,card,****9035,HDFC
P00845,upi,upi_209385,SBI
P00846,wallet,upi_607620,KOTAK
P00847,upi,upi_420756,AXIS
P00848,upi,upi_908287,HDFC
P00849,wallet,upi_971636,HDFC
P00850,card,****2461,SBI
P00851,wallet,upi_884179,KOTAK
P00852,wallet,upi_281779,SBI
P00853,wallet,upi_150285,KOTAK
P00854,card,****1773,SBI
P00855,upi,upi_297382,SBI
P00856,wallet,upi_154982,AXIS
P00857,wallet,upi_633069,KOTAK
P00858,card,****9335,SBI
P00859,wallet,upi_833146,HDFC
P00860,card,****2616,AXIS
P00861,card,****4630,SBI
P00862,card,****4335,AXIS
P00863,card,****1255,HDFC
P00864,upi,upi_316037,HDFC
P00865,upi,upi_104968,ICICI
P00866,wallet,upi_953161,SBI
P00867,card,****7388,ICICI
P00868,upi,upi_978483,AXIS
P00869,card,****3554,ICICI
P00870,wallet,upi_358131,KOTAK
P00871,wallet,upi_370726,AXIS
P00872,wallet,upi_698254,SBI
P00873,card,****5466,AXIS
P00874,wallet,upi_110724,AXIS
P00875,upi,upi_495451,SBI
P00876,card,****8998,SBI
P00877,wallet,upi_110936,AXIS
P00878,card,****8358,ICICI
P00879,wallet,upi_822992,ICICI
P00880,card,****2874,HDFC
P00881,card,****9004,HDFC
P00882,card,****9797,SBI
P00883,card,****5202,AXIS
P00884,upi,upi_662309,SBI
P00885,upi,upi_997065,KOTAK
P00886,upi,upi_213762,HDFC
P00887,upi,upi_962849,ICICI
P00888,card,****9158,ICICI
P00889,card,****9490,HDFC
P00890,upi,upi_602078,HDFC
P00891,card,****4746,HDFC
P00892,upi,upi_293439,HDFC
P00893,wallet,upi_945581,HDFC
P00894,card,****8142,KOTAK
P00895,upi,upi_559390,ICICI
P00896,upi,upi_726001,HDFC
P00897,wallet,upi_628083,ICICI
P00898,card,****6208,HDFC
P00899,wallet,upi_114901,ICICI
P00900,upi,upi_362985,ICICI
P00901,upi,upi_584479,ICICI
P00902,wallet,upi_159169,AXIS
P00903,upi,upi_260534,SBI
P00904,wallet,upi_166741,ICICI
P00905,card,****4184,SBI
P00906,wallet,upi_856213,AXIS
P00907,card,****8217,HDFC
P00908,card,****9659,SBI
P00909,wallet,upi_268923,ICICI
P00910,wallet,upi_432979,HDFC
P00911,card,****2067,AXIS
P00912,wallet,upi_660226,HDFC
P00913,wallet,upi_855480,ICICI
P00914,wallet,upi_437281,SBI
P00915,card,****3350,HDFC
P00916,wallet,upi_345012,HDFC
P00917,upi,upi_103587,KOTAK
P00918,card,****7349,KOTAK
P00919,card,****4678,HDFC
P00920,wallet,upi_672084,HDFC
P00921,card,****8805,KOTAK
P00922,wallet,upi_504807,SBI
P00923,wallet,upi_745974,AXIS
P00924,upi,upi_884407,ICICI
P00925,wallet,upi_614391,KOTAK
P00926,upi,upi_461912,AXIS
P00927,upi,upi_260576,AXIS
P00928,wallet,upi_477629,ICICI
P00929,card,****5699,ICICI
P00930,upi,upi_369705,ICICI
P00931,upi,upi_875952,HDFC
P00932,upi,upi_944576,SBI
P00933,card,****1697,AXIS
P00934,upi,upi_845208,KOTAK
P00935,card,****7590,ICICI
P00936,wallet,upi_470085,ICICI
P00937,upi,upi_541597,AXIS
P00938,upi,upi_869077,AXIS
P00939,upi,upi_507311,AXIS
P00940,upi,upi_454210,SBI
P00941,wallet,upi_518259,ICICI
P00942,wallet,upi_655678,ICICI
P00943,card,****4554,ICICI
P00944,wallet,upi_304054,KOTAK
P00945,upi,upi_585884,KOTAK
P00946,upi,upi_493023,SBI
P00947,card,****7436,ICICI
P00948,upi,upi_213927,KOTAK
P00949,wallet,upi_574291,SBI
P00950,wallet,upi_532136,HDFC
P00951,card,****4558,SBI
P00952,wallet,upi_264332,AXIS
P00953,wallet,upi_552758,ICICI
P00954,upi,upi_124993,ICICI
P00955,upi,upi_694954,ICICI
P00956,upi,upi_882208,KOTAK
P00957,card,****7584,KOTAK
P00958,card,****3468,AXIS
P00959,upi,upi_591341,ICICI
P00960,wallet,upi_236896,AXIS
P00961,upi,upi_740006,KOTAK
P00962,wallet,upi_871036,HDFC
P00963,wallet,upi_201779,HDFC
P00964,card,****1351,HDFC
P00965,card,****6431,HDFC
P00966,upi,upi_474023,ICICI
P00967,wallet,upi_257918,ICICI
P00968,upi,upi_981515,HDFC
P00969,upi,upi_753505,SBI
P00970,wallet,upi_968487,AXIS
P00971,upi,upi_455069,ICICI
P00972,upi,upi_417970,HDFC
P00973,wallet,upi_267575,ICICI
P00974,card,****7802,HDFC
P00975,wallet,upi_748322,AXIS
P00976,card,****8693,SBI
P00977,wallet,upi_989186,ICICI
P00978,card,****3402,AXIS
P00979,card,****1645,ICICI
P00980,upi,upi_595780,AXIS
P00981,upi,upi_278738,HDFC
P00982,wallet,upi_821547,SBI
P00983,upi,upi_713302,KOTAK
P00984,card,****8329,HDFC
P00985,upi,upi_804393,KOTAK
P00986,upi,upi_456281,HDFC
P00987,upi,upi_172236,ICICI
P00988,card,****5916,AXIS
P00989,card,****2818,ICICI
P00990,wallet,upi_436276,SBI
P00991,wallet,upi_931292,HDFC
P00992,upi,upi_732094,AXIS
P00993,card,****7844,ICICI
P00994,upi,upi_992603,SBI
P00995,card,****9411,SBI
P00996,wallet,upi_124583,AXIS
P00997,upi,upi_274988,HDFC
P00998,wallet,upi_350404,SBI
P00999,upi,upi_570738,AXIS
P01000,upi,upi_142420,SBI
P01001,wallet,upi_896671,AXIS
P01002,wallet,upi_184142,SBI
P01003,wallet,upi_132897,ICICI
P01004,wallet,upi_111196,KOTAK
P01005,card,****5959,AXIS
P01006,card,****8702,AXIS
P01007,upi,upi_137731,SBI
P01008,wallet,upi_493364,SBI
P01009,upi,upi_942159,KOTAK
P01010,upi,upi_526974,SBI
P01011,card,****6672,SBI
P01012,wallet,upi_302273,AXIS
P01013,upi,upi_379626,HDFC
P01014,upi,upi_804441,HDFC
P01015,wallet,upi_434090,KOTAK
P01016,card,****1376,ICICI
P01017,card,****4980,HDFC
P01018,card,****7117,HDFC
P01019,card,****4882,HDFC
P01020,card,****1158,HDFC
P01021,wallet,upi_946186,SBI
P01022,wallet,upi_173801,ICICI
P01023,wallet,upi_756541,AXIS
P01024,wallet,upi_446974,HDFC
P01025,wallet,upi_227903,HDFC
P01026,wallet,upi_245453,ICICI
P01027,wallet,upi_185097,ICICI
P01028,card,****2500,HDFC
P01029,upi,upi_930045,ICICI
P01030,card,****1819,HDFC
P01031,upi,upi_435968,KOTAK
P01032,card,****8799,ICICI
P01033,wallet,upi_619360,KOTAK
P01034,wallet,upi_295103,AXIS
P01035,upi,upi_867101,KOTAK
P01036,card,****8250,ICICI
P01037,wallet,upi_106620,HDFC
P01038,card,****4239,SBI
P01039,card,****9880,KOTAK
P01040,card,****3031,HDFC
P01041,card,****4064,SBI
P01042,card,****3661,AXIS
P01043,wallet,upi_976651,KOTAK
P01044,upi,upi_730775,AXIS
P01045,wallet,upi_771712,SBI
P01046,card,****7988,SBI
P01047,upi,upi_871168,ICICI
P01048,wallet,upi_107322,SBI
P01049,upi,upi_890937,ICICI
P01050,card,****2009,HDFC
P01051,upi,upi_460944,HDFC
P01052,wallet,upi_892356,AXIS
P01053,card,****8306,HDFC
P01054,wallet,upi_807265,HDFC
P01055,upi,upi_716708,SBI
P01056,wallet,upi_814164,KOTAK
P01057,wallet,upi_169078,KOTAK
P01058,upi,upi_862470,SBI
P01059,upi,upi_475508,AXIS
P01060,upi,upi_623968,SBI
P01061,upi,upi_428702,KOTAK
P01062,wallet,upi_299528,ICICI
P01063,wallet,upi_278837,HDFC
P01064,wallet,upi_470037,AXIS
P01065,upi,upi_584064,SBI
P01066,upi,upi_586144,AXIS
P01067,upi,upi_260101,ICICI
P01068,wallet,upi_887010,AXIS
P01069,upi,upi_125668,ICICI
P01070,upi,upi_499987,ICICI
P01071,upi,upi_483474,HDFC
P01072,upi,upi_929816,ICICI
P01073,card,****4013,ICICI
P01074,card,****1268,AXIS
P01075,upi,upi_257181,SBI
P01076,upi,upi_307362,HDFC
P01077,upi,upi_511284,ICICI
P01078,upi,upi_970085,KOTAK
P01079,upi,upi_338801,ICICI
P01080,upi,upi_736302,AXIS
P01081,upi,upi_556243,ICICI
P01082,upi,upi_798130,HDFC
P01083,upi,upi_211161,HDFC
P01084,upi,upi_840319,AXIS
P01085,wallet,upi_403375,ICICI
P01086,card,****9499,AXIS
P01087,card,****7821,AXIS
P01088,card,****6046,ICICI
P01089,upi,upi_761084,SBI
P01090,wallet,upi_748523,AXIS
P01091,wallet,upi_227766,KOTAK
P01092,card,****9677,SBI
P01093,upi,upi_859962,SBI
P01094,wallet,upi_234357,SBI
P01095,wallet,upi_596524,HDFC
P01096,card,****8324,SBI
P01097,upi,upi_358064,ICICI
P01098,upi,upi_821715,ICICI
P01099,upi,upi_764662,AXIS
P01100,upi,upi_681955,SBI
P01101,wallet,upi_932378,SBI
P01102,wallet,upi_303819,ICICI
P01103,upi,upi_919561,KOTAK
P01104,card,****4883,ICICI
P01105,upi,upi_690660,AXIS
P01106,card,****6135,KOTAK
P01107,card,****7293,ICICI
P01108,wallet,upi_437279,HDFC
P01109,wallet,upi_614788,AXIS
P01110,wallet,upi_863181,SBI
P01111,card,****8364,AXIS
P01112,card,****5525,ICICI
P01113,upi,upi_988954,HDFC
P01114,upi,upi_358563,ICICI
P01115,wallet,upi_103201,SBI
P01116,upi,upi_964904,KOTAK
P01117,upi,upi_689171,ICICI
P01118,upi,upi_435581,AXIS
P01119,upi,upi_734148,KOTAK
P01120,card,****4083,KOTAK
P01121,wallet,upi_226209,SBI
P01122,wallet,upi_163504,ICICI
P01123,wallet,upi_937653,KOTAK
P01124,upi,upi_360284,AXIS
P01125,upi,upi_834680,HDFC
P01126,upi,upi_373665,ICICI
P01127,card,****5851,HDFC
P01128,card,****7904,HDFC
P01129,upi,upi_587524,ICICI
P01130,upi,upi_756293,AXIS
P01131,wallet,upi_264603,KOTAK
P01132,upi,upi_895304,SBI
P01133,card,****5481,AXIS
P01134,upi,upi_307388,KOTAK
P01135,upi,upi_398595,ICICI
P01136,wallet,upi_234779,SBI
P01137,card,****3030,HDFC
P01138,upi,upi_679417,AXIS
P01139,upi,upi_248638,SBI
P01140,wallet,upi_493246,KOTAK
P01141,card,****8114,SBI
P01142,upi,upi_286644,SBI
P01143,wallet,upi_976686,HDFC
P01144,wallet,upi_396651,SBI
P01145,wallet,upi_893238,KOTAK
P01146,card,****9383,HDFC
P01147,wallet,upi_852112,ICICI
P01148,upi,upi_166980,HDFC
P01149,card,****3483,HDFC
P01150,wallet,upi_271318,ICICI
P01151,card,****6903,SBI
P01152,upi,upi_185101,AXIS
P01153,upi,upi_887324,HDFC
P01154,upi,upi_520017,KOTAK
P01155,card,****9596,AXIS
P01156,wallet,upi_928090,AXIS
P01157,wallet,upi_262512,KOTAK
P01158,card,****4395,AXIS
P01159,card,****2888,SBI
P01160,card,****4920,HDFC
P01161,wallet,upi_816724,KOTAK
P01162,card,****1859,ICICI
P01163,upi,upi_144454,HDFC
P01164,card,****4811,ICICI
P01165,card,****9201,SBI
P01166,upi,upi_506349,AXIS
P01167,card,****9359,SBI
P01168,upi,upi_124655,AXIS
P01169,wallet,upi_171262,HDFC
P01170,card,****1589,ICICI
P01171,card,****9052,HDFC
P01172,upi,upi_835916,HDFC
P01173,wallet,upi_485999,KOTAK
P01174,card,****7507,ICICI
P01175,card,****9785,HDFC
P01176,wallet,upi_880406,KOTAK
P01177,upi,upi_378550,KOTAK
P01178,upi,upi_635696,AXIS
P01179,card,****4302,KOTAK
P01180,upi,upi_450733,ICICI
P01181,upi,upi_372988,AXIS
P01182,card,****5675,AXIS
P01183,card,****8299,KOTAK
P01184,wallet,upi_804481,KOTAK
P01185,upi,upi_314528,ICICI
P01186,card,****1682,AXIS
P01187,card,****4368,ICICI
P01188,wallet,upi_871440,SBI
P01189,wallet,upi_806956,ICICI
P01190,wallet,upi_957588,SBI
P01191,upi,upi_586308,HDFC
P01192,wallet,upi_756531,ICICI
P01193,wallet,upi_984539,SBI
P01194,card,****9373,HDFC
P01195,upi,upi_112960,ICICI
P01196,card,****6471,ICICI
P01197,upi,upi_854914,AXIS
P01198,wallet,upi_443260,AXIS
P01199,upi,upi_731046,ICICI
P01200,upi,upi_603500,KOTAK
P01201,wallet,upi_399203,ICICI
P01202,card,****2757,HDFC
P01203,card,****1819,HDFC
P01204,upi,upi_100009,SBI
P01205,upi,upi_499948,KOTAK
P01206,card,****2593,HDFC
P01207,upi,upi_325767,ICICI
P01208,upi,upi_877882,SBI
P01209,card,****5587,AXIS
P01210,wallet,upi_123482,SBI
P01211,card,****2967,SBI
P01212,card,****5304,AXIS
P01213,card,****2971,HDFC
P01214,upi,upi_283061,HDFC
P01215,card,****2410,ICICI
P01216,upi,upi_707940,KOTAK
P01217,upi,upi_383185,HDFC
P01218,wallet,upi_690590,AXIS
P01219,card,****3511,ICICI
P01220,card,****7513,AXIS
P01221,card,****1608,AXIS
P01222,upi,upi_970791,AXIS
P01223,upi,upi_283524,HDFC
P01224,wallet,upi_146172,HDFC
P01225,upi,upi_844385,SBI
P01226,wallet,upi_602447,ICICI
P01227,upi,upi_125598,SBI
P01228,card,****4847,AXIS
P01229,card,****1722,KOTAK
P01230,upi,upi_686095,AXIS
P01231,card,****1774,SBI
P01232,upi,upi_192710,KOTAK
P01233,upi,upi_578420,AXIS
P01234,wallet,upi_271856,SBI
P01235,wallet,upi_489307,KOTAK
P01236,wallet,upi_252773,SBI
P01237,wallet,upi_770369,SBI
P01238,upi,upi_282413,KOTAK
P01239,upi,upi_490185,AXIS
P01240,upi,upi_904586,SBI
P01241,card,****9102,KOTAK
P01242,upi,upi_477832,AXIS
P01243,card,****5148,ICICI
P01244,upi,upi_476091,AXIS
P01245,upi,upi_890315,KOTAK
P01246,wallet,upi_272256,HDFC
P01247,upi,upi_630949,ICICI
P01248,wallet,upi_458245,KOTAK
P01249,wallet,upi_972428,ICICI
P01250,wallet,upi_246298,ICICI
P01251,wallet,upi_515603,HDFC
P01252,upi,upi_217314,KOTAK
P01253,wallet,upi_144017,KOTAK
P01254,card,****1066,SBI
P01255,wallet,upi_796922,ICICI
P01256,wallet,upi_337798,SBI
P01257,upi,upi_222600,SBI
P01258,wallet,upi_977101,SBI
P01259,wallet,upi_514146,KOTAK
P01260,wallet,upi_959162,AXIS
P01261,card,****6752,AXIS
P01262,wallet,upi_888073,HDFC
P01263,card,****8432,ICICI
P01264,wallet,upi_889912,ICICI
P01265,wallet,upi_100625,KOTAK
P01266,card,****9113,ICICI
P01267,card,****6022,ICICI
P01268,upi,upi_417569,ICICI
P01269,wallet,upi_769252,HDFC
P01270,card,****1385,HDFC
P01271,card,****5846,HDFC
P01272,card,****4042,HDFC
P01273,card,****5152,AXIS
P01274,card,****7912,SBI
P01275,wallet,upi_522576,HDFC
P01276,wallet,upi_726587,SBI
P01277,upi,upi_506582,SBI
P01278,card,****5977,AXIS
P01279,wallet,upi_718335,AXIS
P01280,wallet,upi_744667,KOTAK
P01281,card,****9050,HDFC
P01282,upi,upi_435158,SBI
P01283,card,****5190,AXIS
P01284,upi,upi_889491,KOTAK
P01285,card,****7925,KOTAK
P01286,wallet,upi_468107,AXIS
P01287,card,****7225,HDFC
P01288,upi,upi_895921,HDFC
P01289,upi,upi_364405,KOTAK
P01290,card,****2359,ICICI
P01291,wallet,upi_970978,HDFC
P01292,upi,upi_498302,SBI
P01293,card,****8688,HDFC
P01294,upi,upi_424863,KOTAK
P01295,wallet,upi_996157,AXIS
P01296,card,****7727,HDFC
P01297,card,****3103,KOTAK
P01298,wallet,upi_918764,HDFC
P01299,wallet,upi_566018,HDFC
P01300,wallet,upi_290036,AXIS
P01301,upi,upi_830994,KOTAK
P01302,upi,upi_940231,KOTAK
P01303,wallet,upi_859516,HDFC
P01304,upi,upi_714110,HDFC
P01305,wallet,upi_641837,AXIS
P01306,card,****8401,SBI
P01307,card,****1652,SBI
P01308,wallet,upi_447514,AXIS
P01309,card,****3536,HDFC
P01310,card,****8899,AXIS
P01311,card,****1093,AXIS
P01312,wallet,upi_945993,ICICI
P01313,upi,upi_146005,SBI
P01314,card,****4660,SBI
P01315,wallet,upi_711917,AXIS
P01316,card,****8285,HDFC
P01317,card,****3694,ICICI
P01318,card,****1387,AXIS
P01319,upi,upi_484487,AXIS
P01320,card,****9604,SBI
P01321,wallet,upi_669884,HDFC
P01322,upi,upi_596666,HDFC
P01323,upi,upi_557484,KOTAK
P01324,wallet,upi_542766,HDFC
P01325,card,****2429,SBI
P01326,wallet,upi_475015,AXIS
P01327,upi,upi_631747,ICICI
P01328,card,****2982,HDFC
P01329,card,****2415,KOTAK
P01330,card,****4219,AXIS
P01331,wallet,upi_672437,SBI
P01332,wallet,upi_375782,AXIS
P01333,card,****4039,KOTAK
P01334,upi,upi_221477,KOTAK
P01335,card,****4805,ICICI
P01336,card,****5920,ICICI
P01337,wallet,upi_835548,AXIS
P01338,card,****7092,HDFC
P01339,wallet,upi_926369,HDFC
P01340,card,****9594,SBI
P01341,wallet,upi_656289,HDFC
P01342,upi,upi_950879,ICICI
P01343,upi,upi_355512,AXIS
P01344,card,****4091,AXIS
P01345,upi,upi_601989,ICICI
P01346,card,****3824,AXIS
P01347,wallet,upi_764164,KOTAK
P01348,card,****3393,ICICI
P01349,wallet,upi_252465,HDFC
P01350,upi,upi_638322,HDFC
P01351,wallet,upi_272734,ICICI
P01352,wallet,upi_890011,AXIS
P01353,wallet,upi_479293,ICICI
P01354,upi,upi_526132,HDFC
P01355,upi,upi_144993,SBI
P01356,upi,upi_129009,ICICI
P01357,wallet,upi_861785,SBI
P01358,upi,upi_571679,KOTAK
P01359,card,****3086,AXIS
P01360,wallet,upi_928865,KOTAK
P01361,upi,upi_777423,ICICI
P01362,card,****9540,SBI
P01363,upi,upi_910653,HDFC
P01364,upi,upi_728958,HDFC
P01365,upi,upi_169556,KOTAK
P01366,card,****3384,HDFC
P01367,upi,upi_390863,AXIS
P01368,upi,upi_587070,SBI
P01369,upi,upi_976949,KOTAK
P01370,wallet,upi_442976,SBI
P01371,upi,upi_636283,AXIS
P01372,upi,upi_894210,KOTAK
P01373,wallet,upi_687399,KOTAK
P01374,wallet,upi_793117,KOTAK
P01375,card,****8689,SBI
P01376,card,****9022,SBI
P01377,wallet,upi_642111,KOTAK
P01378,wallet,upi_165991,SBI
P01379,wallet,upi_381240,SBI
P01380,upi,upi_723309,KOTAK
P01381,card,****6129,SBI
P01382,card,****4133,SBI
P01383,upi,upi_301165,SBI
P01384,wallet,upi_808942,AXIS
P01385,upi,upi_376729,KOTAK
P01386,upi,upi_802215,ICICI
P01387,wallet,upi_925117,ICICI
P01388,wallet,upi_409345,ICICI
P01389,wallet,upi_819301,SBI
P01390,wallet,upi_669141,KOTAK
P01391,upi,upi_314396,AXIS
P01392,wallet,upi_645377,ICICI
P01393,card,****5775,ICICI
P01394,card,****6527,ICICI
P01395,wallet,upi_948903,AXIS
P01396,upi,upi_357565,AXIS
P01397,upi,upi_851872,SBI
P01398,wallet,upi_581379,KOTAK
P01399,upi,upi_253448,SBI
P01400,wallet,upi_175550,SBI
P01401,card,****7169,KOTAK
P01402,upi,upi_103425,HDFC
P01403,card,****5174,AXIS
P01404,upi,upi_677392,KOTAK
P01405,upi,upi_635946,KOTAK
P01406,upi,upi_308865,SBI
P01407,card,****8007,AXIS
P01408,wallet,upi_213329,AXIS
P01409,upi,upi_505678,SBI
P01410,card,****3289,ICICI
P01411,card,****6920,HDFC
P01412,card,****2151,SBI
P01413,card,****9986,KOTAK
P01414,upi,upi_233611,HDFC
P01415,wallet,upi_820082,AXIS
P01416,card,****1654,KOTAK
P01417,card,****1161,HDFC
P01418,upi,upi_754688,SBI
P01419,upi,upi_550680,ICICI
P01420,card,****4611,KOTAK
P01421,wallet,upi_698335,SBI
P01422,wallet,upi_470725,ICICI
P01423,card,****1376,KOTAK
P01424,wallet,upi_432102,ICICI
P01425,card,****7279,ICICI
P01426,wallet,upi_746233,HDFC
P01427,card,****2493,KOTAK
P01428,wallet,upi_743964,SBI
P01429,upi,upi_230614,HDFC
P01430,card,****7658,ICICI
P01431,card,****8528,KOTAK
P01432,card,****3843,ICICI
P01433,upi,upi_212603,HDFC
P01434,card,****6054,AXIS
P01435,wallet,upi_728848,AXIS
P01436,upi,upi_323753,ICICI
P01437,card,****2343,AXIS
P01438,wallet,upi_565707,AXIS
P01439,card,****7299,KOTAK
P01440,upi,upi_124145,KOTAK
P01441,upi,upi_315093,AXIS
P01442,upi,upi_927942,KOTAK
P01443,upi,upi_437725,HDFC
P01444,upi,upi_632214,KOTAK
P01445,upi,upi_978936,AXIS
P01446,wallet,upi_315450,SBI
P01447,card,****2267,KOTAK
P01448,wallet,upi_816469,AXIS
P01449,card,****7619,ICICI
P01450,card,****6148,SBI
P01451,upi,upi_387458,ICICI
P01452,wallet,upi_404798,ICICI
P01453,upi,upi_729602,AXIS
P01454,card,****4998,HDFC
P01455,upi,upi_847707,HDFC
P01456,upi,upi_699425,SBI
P01457,upi,upi_499476,HDFC
P01458,upi,upi_557485,AXIS
P01459,upi,upi_193806,AXIS
P01460,upi,upi_465145,ICICI
P01461,upi,upi_484402,SBI
P01462,upi,upi_265777,ICICI
P01463,card,****9473,KOTAK
P01464,wallet,upi_949495,ICICI
P01465,card,****7249,SBI
P01466,card,****4745,HDFC
P01467,wallet,upi_266465,HDFC
P01468,wallet,upi_829088,KOTAK
P01469,card,****5102,HDFC
P01470,wallet,upi_367539,AXIS
P01471,card,****5803,ICICI
P01472,upi,upi_392042,ICICI
P01473,card,****7708,SBI
P01474,card,****9528,HDFC
P01475,card,****2511,KOTAK
P01476,card,****3882,SBI
P01477,wallet,upi_593091,AXIS
P01478,card,****4870,HDFC
P01479,card,****2262,HDFC
P01480,card,****5408,ICICI
P01481,wallet,upi_230167,AXIS
P01482,wallet,upi_897819,SBI
P01483,wallet,upi_287615,ICICI
P01484,wallet,upi_295881,ICICI
P01485,card,****6332,ICICI
P01486,upi,upi_638177,HDFC
P01487,wallet,upi_629016,HDFC
P01488,upi,upi_241504,ICICI
P01489,card,****8685,ICICI
P01490,card,****4963,KOTAK
P01491,upi,upi_701740,SBI
P01492,upi,upi_357728,AXIS
P01493,card,****2800,ICICI
P01494,card,****1692,HDFC
P01495,upi,upi_242505,HDFC
P01496,upi,upi_583155,KOTAK
P01497,upi,upi_810436,AXIS
P01498,wallet,upi_667771,AXIS
P01499,wallet,upi_589286,KOTAK
P01500,upi,upi_924584,KOTAK
P01501,wallet,upi_853250,AXIS
P01502,upi,upi_648898,AXIS
P01503,card,****9243,AXIS
P01504,card,****1596,ICICI
P01505,card,****7021,SBI
P01506,card,****7756,AXIS
P01507,upi,upi_414067,SBI
P01508,card,****6153,AXIS
P01509,card,****1262,ICICI
P01510,upi,upi_912721,ICICI
P01511,upi,upi_719110,ICICI
P01512,wallet,upi_932318,SBI
P01513,upi,upi_356368,ICICI
P01514,card,****4720,AXIS
P01515,upi,upi_610421,AXIS
P01516,upi,upi_847519,AXIS
P01517,upi,upi_314635,AXIS
P01518,card,****7812,HDFC
P01519,card,****3384,HDFC
P01520,upi,upi_492204,HDFC
P01521,upi,upi_587681,AXIS
P01522,wallet,upi_554434,HDFC
P01523,wallet,upi_408230,SBI
P01524,wallet,upi_678401,AXIS
P01525,card,****8855,HDFC
P01526,upi,upi_447553,ICICI
P01527,upi,upi_631331,ICICI
P01528,card,****2659,ICICI
P01529,wallet,upi_845647,KOTAK
P01530,upi,upi_162796,HDFC
P01531,wallet,upi_329317,KOTAK
P01532,upi,upi_125312,AXIS
P01533,upi,upi_450267,KOTAK
P01534,upi,upi_463778,KOTAK
P01535,upi,upi_398767,SBI
P01536,card,****9470,KOTAK
P01537,card,****8182,AXIS
P01538,upi,upi_900734,KOTAK
P01539,card,****9978,KOTAK
P01540,wallet,upi_170557,ICICI
P01541,upi,upi_446189,AXIS
P01542,wallet,upi_857641,SBI
P01543,card,****3329,ICICI
P01544,card,****7289,SBI
P01545,upi,upi_330935,HDFC
P01546,card,****5962,HDFC
P01547,card,****4186,AXIS
P01548,wallet,upi_303071,AXIS
P01549,card,****7994,KOTAK
P01550,wallet,upi_367541,ICICI
P01551,card,****2085,ICICI
P01552,card,****5350,AXIS
P01553,card,****4589,AXIS
P01554,card,****9085,HDFC
P01555,card,****8530,SBI
P01556,wallet,upi_863281,SBI
P01557,upi,upi_370620,KOTAK
P01558,wallet,upi_674541,SBI
P01559,wallet,upi_797241,SBI
P01560,wallet,upi_263156,KOTAK
P01561,wallet,upi_815759,SBI
P01562,wallet,upi_916102,ICICI
P01563,card,****1364,AXIS
P01564,upi,upi_385410,SBI
P01565,wallet,upi_415169,AXIS
P01566,wallet,upi_524368,HDFC
P01567,wallet,upi_414931,SBI
P01568,card,****3424,KOTAK
P01569,card,****4587,ICICI
P01570,upi,upi_260702,HDFC
P01571,wallet,upi_668547,KOTAK
P01572,upi,upi_532689,AXIS
P01573,upi,upi_694094,SBI
P01574,upi,upi_185070,ICICI
P01575,card,****8883,HDFC
P01576,upi,upi_159667,AXIS
P01577,upi,upi_954653,AXIS
P01578,card,****7786,AXIS
P01579,card,****6468,SBI
P01580,card,****6046,ICICI
P01581,upi,upi_615753,AXIS
P01582,wallet,upi_324425,AXIS
P01583,upi,upi_990712,ICICI
P01584,upi,upi_355051,KOTAK
P01585,card,****6506,ICICI
P01586,wallet,upi_443034,KOTAK
P01587,upi,upi_994643,HDFC
P01588,card,****2345,HDFC
P01589,wallet,upi_108902,ICICI
P01590,wallet,upi_549359,AXIS
P01591,card,****3488,HDFC
P01592,card,****8720,ICICI
P01593,card,****3186,SBI
P01594,upi,upi_811710,SBI
P01595,wallet,upi_699782,HDFC
P01596,card,****3706,SBI
P01597,upi,upi_204827,HDFC
P01598,wallet,upi_186345,HDFC
P01599,wallet,upi_100223,ICICI
P01600,card,****7403,AXIS
P01601,card,****5379,KOTAK
P01602,upi,upi_745330,KOTAK
P01603,card,****5660,ICICI
P01604,card,****8574,KOTAK
P01605,upi,upi_265039,KOTAK
P01606,card,****9133,KOTAK
P01607,card,****5648,HDFC
P01608,upi,upi_993550,SBI
P01609,wallet,upi_270715,AXIS
P01610,upi,upi_476178,KOTAK
P01611,upi,upi_407917,AXIS
P01612,upi,upi_946165,ICICI
P01613,upi,upi_798619,SBI
P01614,card,****4943,AXIS
P01615,card,****3543,HDFC
P01616,card,****1962,KOTAK
P01617,card,****3419,HDFC
P01618,upi,upi_232235,ICICI
P01619,wallet,upi_177009,SBI
P01620,upi,upi_821132,SBI
P01621,wallet,upi_350876,AXIS
P01622,upi,upi_529790,HDFC
P01623,wallet,upi_800731,KOTAK
P01624,wallet,upi_716217,SBI
P01625,wallet,upi_319961,AXIS
P01626,wallet,upi_135479,SBI
P01627,card,****7402,ICICI
P01628,upi,upi_169264,HDFC
P01629,card,****5131,AXIS
P01630,card,****9152,AXIS
P01631,wallet,upi_516798,SBI
P01632,upi,upi_239359,SBI
P01633,wallet,upi_841746,AXIS
P01634,wallet,upi_430079,KOTAK
P01635,wallet,upi_292898,HDFC
P01636,card,****5105,AXIS
P01637,card,****8977,SBI
P01638,card,****1688,ICICI
P01639,card,****9401,KOTAK
P01640,upi,upi_391359,ICICI
P01641,wallet,upi_289281,AXIS
P01642,card,****1151,SBI
P01643,wallet,upi_459622,KOTAK
P01644,upi,upi_453558,HDFC
P01645,card,****8910,KOTAK
P01646,card,****4458,ICICI
P01647,upi,upi_813404,KOTAK
P01648,upi,upi_656656,AXIS
P01649,wallet,upi_719171,KOTAK
P01650,wallet,upi_306214,AXIS
P01651,wallet,upi_939153,HDFC
P01652,upi,upi_854038,KOTAK
P01653,wallet,upi_404289,KOTAK
P01654,upi,upi_146675,SBI
P01655,upi,upi_118785,AXIS
P01656,wallet,upi_757501,HDFC
P01657,upi,upi_969849,AXIS
P01658,upi,upi_738331,KOTAK
P01659,card,****6163,KOTAK
P01660,card,****8360,SBI
P01661,upi,upi_783728,HDFC
P01662,card,****5163,AXIS
P01663,upi,upi_104493,KOTAK
P01664,card,****1664,ICICI
P01665,upi,upi_350588,AXIS
P01666,card,****8045,HDFC
P01667,card,****5483,KOTAK
P01668,wallet,upi_536999,HDFC
P01669,wallet,upi_868344,SBI
P01670,wallet,upi_795535,HDFC
P01671,upi,upi_708358,ICICI
P01672,wallet,upi_793411,KOTAK
P01673,upi,upi_917548,HDFC
P01674,card,****7373,KOTAK
P01675,wallet,upi_444548,ICICI
P01676,wallet,upi_787973,ICICI
P01677,card,****8036,HDFC
P01678,upi,upi_778264,ICICI
P01679,upi,upi_121695,HDFC
P01680,card,****5230,ICICI
P01681,wallet,upi_406516,SBI
P01682,upi,upi_269724,AXIS
P01683,card,****3685,SBI
P01684,card,****5731,SBI
P01685,wallet,upi_825150,KOTAK
P01686,wallet,upi_171921,HDFC
P01687,card,****2989,HDFC
P01688,card,****2081,SBI
P01689,card,****2857,AXIS
P01690,upi,upi_227338,KOTAK
P01691,wallet,upi_587899,KOTAK
P01692,card,****8884,KOTAK
P01693,upi,upi_923653,HDFC
P01694,upi,upi_927326,HDFC
P01695,upi,upi_284967,AXIS
P01696,card,****9934,SBI
P01697,wallet,upi_119112,KOTAK
P01698,card,****2039,ICICI
P01699,card,****6604,ICICI
P01700,wallet,upi_954817,KOTAK
P01701,card,****8842,SBI
P01702,card,****6573,AXIS
P01703,upi,upi_208600,KOTAK
P01704,upi,upi_322675,ICICI
P01705,card,****8920,KOTAK
P01706,wallet,upi_831229,HDFC
P01707,wallet,upi_337765,AXIS
P01708,wallet,upi_908283,AXIS
P01709,upi,upi_437865,SBI
P01710,card,****1687,HDFC
P01711,upi,upi_297216,HDFC
P01712,wallet,upi_472686,HDFC
P01713,wallet,upi_490633,SBI
P01714,upi,upi_886151,HDFC
P01715,upi,upi_585995,HDFC
P01716,card,****2572,KOTAK
P01717,wallet,upi_688683,HDFC
P01718,wallet,upi_242365,AXIS
P01719,upi,upi_680476,KOTAK
P01720,wallet,upi_898578,SBI
P01721,card,****1532,SBI
P01722,card,****6112,KOTAK
P01723,upi,upi_407706,HDFC
P01724,card,****1899,SBI
P01725,wallet,upi_243570,SBI
P01726,upi,upi_260470,SBI
P01727,upi,upi_991013,AXIS
P01728,card,****9699,SBI
P01729,card,****9163,SBI
P01730,wallet,upi_414384,AXIS
P01731,card,****1428,SBI
P01732,upi,upi_293751,HDFC
P01733,card,****9600,KOTAK
P01734,wallet,upi_992935,HDFC
P01735,upi,upi_218881,HDFC
P01736,upi,upi_905305,SBI
P01737,upi,upi_229737,ICICI
P01738,wallet,upi_322623,KOTAK
P01739,card,****4793,HDFC
P01740,upi,upi_426619,KOTAK
P01741,wallet,upi_183532,KOTAK
P01742,wallet,upi_824023,KOTAK
P01743,upi,upi_679198,SBI
P01744,card,****7613,HDFC
P01745,upi,upi_540581,HDFC
P01746,wallet,upi_449455,SBI
P01747,wallet,upi_154582,ICICI
P01748,card,****2545,KOTAK
P01749,card,****2750,AXIS
P01750,card,****8687,SBI
P01751,upi,upi_668290,HDFC
P01752,upi,upi_266521,KOTAK
P01753,wallet,upi_932681,ICICI
P01754,card,****6473,ICICI
P01755,card,****2701,HDFC
P01756,upi,upi_329027,ICICI
P01757,card,****9350,ICICI
P01758,upi,upi_105543,KOTAK
P01759,upi,upi_704704,ICICI
P01760,upi,upi_674162,ICICI
P01761,card,****8040,ICICI
P01762,wallet,upi_799276,AXIS
P01763,card,****9647,SBI
P01764,upi,upi_242827,AXIS
P01765,wallet,upi_531534,KOTAK
P01766,upi,upi_382444,ICICI
P01767,wallet,upi_997727,HDFC
P01768,wallet,upi_540636,SBI
P01769,wallet,upi_734656,AXIS
P01770,card,****2877,AXIS
P01771,wallet,upi_300450,SBI
P01772,wallet,upi_234418,KOTAK
P01773,card,****2965,ICICI
P01774,card,****1658,ICICI
P01775,card,****1762,HDFC
P01776,wallet,upi_513892,ICICI
P01777,card,****5530,HDFC
P01778,wallet,upi_102954,ICICI
P01779,wallet,upi_216155,HDFC
P01780,upi,upi_212149,SBI
P01781,card,****8324,ICICI
P01782,card,****3019,SBI
P01783,upi,upi_531097,AXIS
P01784,wallet,upi_644070,SBI
P01785,upi,upi_795331,ICICI
P01786,wallet,upi_253003,ICICI
P01787,upi,upi_470334,ICICI
P01788,wallet,upi_999797,ICICI
P01789,upi,upi_612662,SBI
P01790,upi,upi_151310,SBI
P01791,card,****8099,AXIS
P01792,card,****2006,HDFC
P01793,wallet,upi_581031,KOTAK
P01794,upi,upi_313741,AXIS
P01795,card,****5705,ICICI
P01796,upi,upi_392896,ICICI
P01797,upi,upi_906411,HDFC
P01798,upi,upi_923861,KOTAK
P01799,card,****8445,SBI
P01800,upi,upi_775545,ICICI
P01801,upi,upi_310684,SBI
P01802,upi,upi_509568,SBI
P01803,card,****8870,ICICI
P01804,upi,upi_239970,HDFC
P01805,card,****8961,AXIS
P01806,card,****9350,ICICI
P01807,card,****5385,SBI
P01808,wallet,upi_367188,HDFC
P01809,upi,upi_790271,KOTAK
P01810,upi,upi_882660,AXIS
P01811,card,****2031,KOTAK
P01812,card,****4952,SBI
P01813,upi,upi_949042,ICICI
P01814,wallet,upi_682964,KOTAK
P01815,wallet,upi_937806,KOTAK
P01816,card,****9143,KOTAK
P01817,card,****3442,HDFC
P01818,upi,upi_905823,KOTAK
P01819,upi,upi_695539,SBI
P01820,card,****8881,ICICI
P01821,card,****2777,SBI
P01822,wallet,upi_901282,AXIS
P01823,upi,upi_829837,SBI
P01824,wallet,upi_309156,AXIS
P01825,wallet,upi_982806,KOTAK
P01826,wallet,upi_691419,SBI
P01827,card,****7224,AXIS
P01828,wallet,upi_305802,ICICI
P01829,upi,upi_148028,SBI
P01830,upi,upi_594281,ICICI
P01831,wallet,upi_449625,AXIS
P01832,card,****8058,KOTAK
P01833,card,****2249,HDFC
P01834,wallet,upi_243650,ICICI
P01835,upi,upi_146008,ICICI
P01836,upi,upi_532390,KOTAK
P01837,wallet,upi_176130,HDFC
P01838,wallet,upi_675215,AXIS
P01839,wallet,upi_242314,ICICI
P01840,wallet,upi_324954,ICICI
P01841,upi,upi_201561,HDFC
P01842,upi,upi_112266,KOTAK
P01843,upi,upi_226120,SBI
P01844,wallet,upi_717219,AXIS
P01845,card,****2531,SBI
P01846,card,****2946,HDFC
P01847,upi,upi_929527,KOTAK
P01848,wallet,upi_882675,ICICI
P01849,card,****8798,SBI
P01850,wallet,upi_275151,HDFC
P01851,upi,upi_956755,ICICI
P01852,upi,upi_446810,HDFC
P01853,card,****9252,KOTAK
P01854,card,****5549,HDFC
P01855,upi,upi_830206,SBI
P01856,upi,upi_889921,AXIS
P01857,wallet,upi_829744,ICICI
P01858,card,****2597,KOTAK
P01859,card,****5509,ICICI
P01860,card,****3571,ICICI
P01861,wallet,upi_147400,ICICI
P01862,card,****4425,ICICI
P01863,card,****5833,AXIS
P01864,card,****8364,ICICI
P01865,wallet,upi_241049,HDFC
P01866,card,****4345,SBI
P01867,wallet,upi_893341,SBI
P01868,wallet,upi_552798,ICICI
P01869,wallet,upi_166341,ICICI
P01870,upi,upi_496452,HDFC
P01871,card,****7136,HDFC
P01872,wallet,upi_283601,AXIS
P01873,card,****2389,ICICI
P01874,card,****2199,ICICI
P01875,upi,upi_213707,AXIS
P01876,card,****3722,SBI
P01877,wallet,upi_645534,KOTAK
P01878,wallet,upi_656653,KOTAK
P01879,wallet,upi_446081,AXIS
P01880,card,****9730,KOTAK
P01881,card,****8357,AXIS
P01882,card,****8292,SBI
P01883,upi,upi_372869,KOTAK
P01884,card,****1328,ICICI
P01885,upi,upi_409890,AXIS
P01886,wallet,upi_587449,HDFC
P01887,wallet,upi_220950,ICICI
P01888,card,****4764,KOTAK
P01889,card,****8853,AXIS
P01890,wallet,upi_708868,ICICI
P01891,card,****9486,ICICI
P01892,wallet,upi_343060,ICICI
P01893,card,****1831,KOTAK
P01894,wallet,upi_670079,HDFC
P01895,card,****9831,KOTAK
P01896,card,****6556,KOTAK
P01897,wallet,upi_198080,SBI
P01898,upi,upi_448206,KOTAK
P01899,card,****3921,HDFC
P01900,upi,upi_614335,ICICI
P01901,card,****4612,HDFC
P01902,wallet,upi_255002,KOTAK
P01903,upi,upi_174905,AXIS
P01904,wallet,upi_764644,KOTAK
P01905,card,****6273,AXIS
P01906,card,****5527,SBI
P01907,card,****1542,HDFC
P01908,card,****1396,HDFC
P01909,card,****6283,ICICI
P01910,wallet,upi_947220,KOTAK
P01911,card,****2353,ICICI
P01912,upi,upi_944495,HDFC
P01913,upi,upi_921716,KOTAK
P01914,wallet,upi_489587,HDFC
P01915,wallet,upi_884829,KOTAK
P01916,card,****3453,SBI
P01917,upi,upi_497457,HDFC
P01918,wallet,upi_776968,SBI
P01919,upi,upi_373472,ICICI
P01920,card,****9941,ICICI
P01921,wallet,upi_800599,KOTAK
P01922,wallet,upi_599938,SBI
P01923,upi,upi_647589,HDFC
P01924,card,****3879,SBI
P01925,wallet,upi_751852,HDFC
P01926,upi,upi_497877,AXIS
P01927,card,****9309,AXIS
P01928,upi,upi_127526,HDFC
P01929,wallet,upi_151226,HDFC
P01930,wallet,upi_373977,ICICI
P01931,upi,upi_462127,SBI
P01932,card,****6922,KOTAK
P01933,upi,upi_655782,ICICI
P01934,upi,upi_496069,KOTAK
P01935,card,****4863,AXIS
P01936,card,****5414,KOTAK
P01937,card,****6269,SBI
P01938,wallet,upi_151378,SBI
P01939,upi,upi_961487,ICICI
P01940,wallet,upi_493557,HDFC
P01941,wallet,upi_848985,HDFC
P01942,wallet,upi_592588,HDFC
P01943,upi,upi_318016,ICICI
P01944,upi,upi_731350,KOTAK
P01945,wallet,upi_582369,KOTAK
P01946,upi,upi_924729,HDFC
P01947,wallet,upi_916435,KOTAK
P01948,card,****3060,HDFC
P01949,card,****5387,HDFC
P01950,card,****7417,SBI
P01951,wallet,upi_230300,KOTAK
P01952,wallet,upi_874379,HDFC
P01953,upi,upi_755966,SBI
P01954,wallet,upi_286064,KOTAK
P01955,upi,upi_622659,ICICI
P01956,wallet,upi_303272,AXIS
P01957,wallet,upi_900957,ICICI
P01958,wallet,upi_779207,HDFC
P01959,upi,upi_380808,ICICI
P01960,card,****2073,ICICI
P01961,wallet,upi_519517,KOTAK
P01962,wallet,upi_409488,ICICI
P01963,wallet,upi_699177,SBI
P01964,upi,upi_412042,ICICI
P01965,card,****4976,AXIS
P01966,wallet,upi_236850,SBI
P01967,wallet,upi_860457,KOTAK
P01968,upi,upi_324263,HDFC
P01969,upi,upi_916101,SBI
P01970,card,****8568,HDFC
P01971,upi,upi_405791,AXIS
P01972,card,****6811,SBI
P01973,upi,upi_144374,ICICI
P01974,upi,upi_926968,ICICI
P01975,wallet,upi_808576,SBI
P01976,upi,upi_669868,ICICI
P01977,upi,upi_300982,HDFC
P01978,wallet,upi_188716,AXIS
P01979,upi,upi_422677,AXIS
P01980,upi,upi_404716,KOTAK
P01981,wallet,upi_954297,KOTAK
P01982,wallet,upi_123584,ICICI
P01983,wallet,upi_214258,SBI
P01984,card,****9207,KOTAK
P01985,card,****5512,SBI
P01986,wallet,upi_240775,AXIS
P01987,wallet,upi_972156,HDFC
P01988,wallet,upi_821690,SBI
P01989,card,****5746,HDFC
P01990,upi,upi_350417,ICICI
P01991,card,****4423,SBI
P01992,card,****9621,SBI
P01993,wallet,upi_430378,HDFC
P01994,upi,upi_863836,ICICI
P01995,card,****2674,HDFC
P01996,card,****8450,KOTAK
P01997,upi,upi_856287,HDFC
P01998,wallet,upi_150678,KOTAK
P01999,card,****4950,KOTAK
P02000,card,****4243,AXIS
P02001,card,****3207,AXIS
P02002,wallet,upi_438711,ICICI
P02003,card,****7662,HDFC
P02004,wallet,upi_180573,HDFC
P02005,wallet,upi_898337,KOTAK
P02006,upi,upi_895238,SBI
P02007,upi,upi_199937,AXIS
P02008,wallet,upi_526977,KOTAK
P02009,wallet,upi_649950,HDFC
P02010,card,****4028,ICICI
P02011,card,****1481,KOTAK
P02012,card,****6481,AXIS
P02013,card,****3095,KOTAK
P02014,wallet,upi_113757,ICICI
P02015,wallet,upi_495618,SBI
P02016,upi,upi_767768,AXIS
P02017,upi,upi_864685,SBI
P02018,wallet,upi_225515,AXIS
P02019,card,****4501,AXIS
P02020,upi,upi_739361,SBI
P02021,card,****1949,HDFC
P02022,upi,upi_733016,HDFC
P02023,card,****9617,KOTAK
P02024,upi,upi_214143,KOTAK
P02025,upi,upi_336814,ICICI
P02026,upi,upi_655628,AXIS
P02027,upi,upi_978775,HDFC
P02028,wallet,upi_246059,AXIS
P02029,card,****3795,ICICI
P02030,card,****9287,ICICI
P02031,card,****4934,AXIS
P02032,upi,upi_451473,SBI
P02033,upi,upi_180472,HDFC
P02034,upi,upi_138255,SBI
P02035,card,****9514,KOTAK
P02036,upi,upi_883438,HDFC
P02037,upi,upi_761104,HDFC
P02038,upi,upi_349192,AXIS
P02039,upi,upi_549492,AXIS
P02040,wallet,upi_148610,KOTAK
P02041,wallet,upi_200647,HDFC
P02042,wallet,upi_235042,AXIS
P02043,card,****1690,ICICI
P02044,card,****9523,ICICI
P02045,upi,upi_509563,AXIS
P02046,wallet,upi_192672,HDFC
P02047,upi,upi_261472,AXIS
P02048,card,****6249,ICICI
P02049,card,****3875,ICICI
P02050,upi,upi_457075,SBI
P02051,card,****8041,KOTAK
P02052,wallet,upi_292312,AXIS
P02053,wallet,upi_214057,AXIS
P02054,wallet,upi_988596,AXIS
P02055,upi,upi_900117,KOTAK
P02056,wallet,upi_249522,KOTAK
P02057,card,****9593,SBI
P02058,upi,upi_886078,HDFC
P02059,card,****4966,SBI
P02060,wallet,upi_105199,KOTAK
P02061,upi,upi_918144,ICICI
P02062,upi,upi_412937,ICICI
P02063,upi,upi_799512,KOTAK
P02064,wallet,upi_654285,ICICI
P02065,upi,upi_148360,ICICI
P02066,card,****7132,KOTAK
P02067,wallet,upi_230167,HDFC
P02068,card,****7071,AXIS
P02069,wallet,upi_827677,HDFC
P02070,wallet,upi_962198,HDFC
P02071,wallet,upi_486130,KOTAK
P02072,wallet,upi_841917,HDFC
P02073,upi,upi_399645,KOTAK
P02074,card,****1258,AXIS
P02075,upi,upi_711214,ICICI
P02076,upi,upi_892952,KOTAK
P02077,wallet,upi_700611,KOTAK
P02078,wallet,upi_541175,KOTAK
P02079,wallet,upi_947322,AXIS
P02080,wallet,upi_410810,KOTAK
P02081,wallet,upi_734032,KOTAK
P02082,wallet,upi_865206,AXIS
P02083,card,****9555,SBI
P02084,card,****9769,SBI
P02085,wallet,upi_502756,KOTAK
P02086,card,****3407,SBI
P02087,wallet,upi_207944,SBI
P02088,card,****9199,SBI
P02089,wallet,upi_748841,ICICI
P02090,card,****4119,HDFC
P02091,card,****4654,SBI
P02092,card,****8043,AXIS
P02093,wallet,upi_687043,HDFC
P02094,upi,upi_752442,HDFC
P02095,wallet,upi_595952,ICICI
P02096,upi,upi_771339,HDFC
P02097,upi,upi_900893,AXIS
P02098,card,****8241,ICICI
P02099,wallet,upi_326394,SBI
P02100,wallet,upi_859589,ICICI
P02101,wallet,upi_736203,ICICI
P02102,upi,upi_802699,KOTAK
P02103,upi,upi_781773,ICICI
P02104,wallet,upi_245251,KOTAK
P02105,card,****5664,HDFC
P02106,upi,upi_527265,HDFC
P02107,card,****8113,SBI
P02108,card,****9998,ICICI
P02109,upi,upi_719196,SBI
P02110,wallet,upi_809418,ICICI
P02111,upi,upi_793023,SBI
P02112,card,****7265,KOTAK
P02113,upi,upi_461462,AXIS
P02114,wallet,upi_176340,ICICI
P02115,card,****8895,AXIS
P02116,card,****3387,ICICI
P02117,wallet,upi_428932,KOTAK
P02118,upi,upi_886874,HDFC
P02119,upi,upi_984272,ICICI
P02120,upi,upi_518036,KOTAK
P02121,card,****4942,KOTAK
P02122,upi,upi_991041,KOTAK
P02123,upi,upi_756451,HDFC
P02124,card,****3690,AXIS
P02125,card,****1016,HDFC
P02126,wallet,upi_993604,KOTAK
P02127,upi,upi_729557,AXIS
P02128,upi,upi_165646,HDFC
P02129,card,****7343,KOTAK
P02130,card,****2229,HDFC
P02131,wallet,upi_302724,KOTAK
P02132,upi,upi_963565,HDFC
P02133,card,****2084,AXIS
P02134,wallet,upi_158705,KOTAK
P02135,wallet,upi_392811,HDFC
P02136,upi,upi_760458,KOTAK
P02137,card,****6265,HDFC
P02138,upi,upi_527599,ICICI
P02139,wallet,upi_647155,ICICI
P02140,wallet,upi_564848,AXIS
P02141,wallet,upi_250625,HDFC
P02142,wallet,upi_486254,ICICI
P02143,wallet,upi_393391,SBI
P02144,card,****9114,AXIS
P02145,upi,upi_727924,SBI
P02146,upi,upi_270196,HDFC
P02147,wallet,upi_570836,ICICI
P02148,wallet,upi_522806,AXIS
P02149,wallet,upi_236345,KOTAK
P02150,card,****6645,HDFC
P02151,wallet,upi_937463,HDFC
P02152,wallet,upi_615998,AXIS
P02153,upi,upi_150011,ICICI
P02154,wallet,upi_833248,KOTAK
P02155,card,****5317,HDFC
P02156,upi,upi_649434,KOTAK
P02157,upi,upi_170420,ICICI
P02158,card,****4320,AXIS
P02159,card,****2461,ICICI
P02160,upi,upi_475263,ICICI
P02161,card,****6648,AXIS
P02162,card,****8654,KOTAK
P02163,card,****8606,HDFC
P02164,card,****3691,HDFC
P02165,card,****3676,HDFC
P02166,upi,upi_218090,ICICI
P02167,upi,upi_349532,KOTAK
P02168,wallet,upi_433191,ICICI
P02169,upi,upi_619829,KOTAK
P02170,wallet,upi_461722,AXIS
P02171,card,****4119,ICICI
P02172,upi,upi_177946,KOTAK
P02173,upi,upi_422015,SBI
P02174,wallet,upi_151573,ICICI
P02175,wallet,upi_438713,HDFC
P02176,card,****7481,SBI
P02177,wallet,upi_145090,HDFC
P02178,upi,upi_388769,SBI
P02179,card,****4874,AXIS
P02180,card,****5098,HDFC
P02181,upi,upi_593248,KOTAK
P02182,card,****3322,AXIS
P02183,wallet,upi_929357,AXIS
P02184,wallet,upi_638329,ICICI
P02185,card,****2231,HDFC
P02186,card,****2511,AXIS
P02187,wallet,upi_662292,ICICI
P02188,card,****4168,SBI
P02189,wallet,upi_540263,ICICI
P02190,wallet,upi_672653,SBI
P02191,wallet,upi_970053,AXIS
P02192,wallet,upi_820140,KOTAK
P02193,upi,upi_345224,AXIS
P02194,card,****9836,ICICI
P02195,card,****9442,ICICI
P02196,wallet,upi_814637,SBI
P02197,upi,upi_130573,SBI
P02198,card,****8366,HDFC
P02199,upi,upi_923769,KOTAK
P02200,wallet,upi_854117,AXIS
P02201,upi,upi_813813,HDFC
P02202,upi,upi_601556,HDFC
P02203,upi,upi_620580,ICICI
P02204,upi,upi_643453,ICICI
P02205,card,****6981,HDFC
P02206,upi,upi_666881,ICICI
P02207,card,****3800,ICICI
P02208,card,****6722,SBI
P02209,wallet,upi_266951,HDFC
P02210,upi,upi_811717,SBI
P02211,card,****6489,KOTAK
P02212,upi,upi_209996,SBI
P02213,upi,upi_697092,ICICI
P02214,wallet,upi_176401,KOTAK
P02215,wallet,upi_907498,ICICI
P02216,card,****3273,SBI
P02217,wallet,upi_517260,AXIS
P02218,wallet,upi_141350,KOTAK
P02219,wallet,upi_660211,SBI
P02220,card,****8044,KOTAK
P02221,wallet,upi_668178,SBI
P02222,wallet,upi_116951,ICICI
P02223,card,****1619,SBI
P02224,card,****4765,KOTAK
P02225,upi,upi_854124,KOTAK
P02226,wallet,upi_824992,SBI
P02227,wallet,upi_406045,ICICI
P02228,upi,upi_735015,SBI
P02229,wallet,upi_739348,KOTAK
P02230,wallet,upi_760095,HDFC
P02231,wallet,upi_188095,SBI
P02232,upi,upi_573813,KOTAK
P02233,wallet,upi_580127,HDFC
P02234,wallet,upi_786642,AXIS
P02235,card,****6848,ICICI
P02236,card,****9912,AXIS
P02237,upi,upi_509464,AXIS
P02238,card,****9835,ICICI
P02239,card,****8405,SBI
P02240,upi,upi_918149,HDFC
P02241,wallet,upi_166564,AXIS
P02242,upi,upi_740084,KOTAK
P02243,upi,upi_503150,KOTAK
P02244,card,****8151,KOTAK
P02245,upi,upi_853443,ICICI
P02246,card,****6244,KOTAK
P02247,wallet,upi_305681,AXIS
P02248,wallet,upi_140034,KOTAK
P02249,upi,upi_814670,KOTAK
P02250,card,****7530,ICICI
P02251,wallet,upi_755569,ICICI
P02252,upi,upi_154391,SBI
P02253,card,****6904,AXIS
P02254,upi,upi_863036,KOTAK
P02255,upi,upi_818916,AXIS
P02256,wallet,upi_140177,HDFC
P02257,wallet,upi_230889,ICICI
P02258,upi,upi_668087,ICICI
P02259,wallet,upi_459275,SBI
P02260,upi,upi_363408,ICICI
P02261,wallet,upi_512272,AXIS
P02262,wallet,upi_513209,ICICI
P02263,card,****6783,KOTAK
P02264,upi,upi_294708,ICICI
P02265,wallet,upi_239563,KOTAK
P02266,wallet,upi_704035,SBI
P02267,upi,upi_970641,ICICI
P02268,card,****9948,KOTAK
P02269,card,****6573,AXIS
P02270,card,****5271,HDFC
P02271,wallet,upi_813586,SBI
P02272,card,****9733,SBI
P02273,wallet,upi_606779,ICICI
P02274,upi,upi_507976,ICICI
P02275,wallet,upi_280205,AXIS
P02276,wallet,upi_332419,ICICI
P02277,upi,upi_655473,KOTAK
P02278,wallet,upi_488027,HDFC
P02279,card,****9265,HDFC
P02280,wallet,upi_845134,AXIS
P02281,upi,upi_483573,HDFC
P02282,wallet,upi_613416,KOTAK
P02283,upi,upi_505042,KOTAK
P02284,upi,upi_116391,KOTAK
P02285,upi,upi_892710,AXIS
P02286,wallet,upi_401260,SBI
P02287,card,****1124,ICICI
P02288,upi,upi_758639,KOTAK
P02289,card,****9393,KOTAK
P02290,card,****2854,AXIS
P02291,wallet,upi_607771,ICICI
P02292,card,****4262,KOTAK
P02293,wallet,upi_449820,KOTAK
P02294,card,****5409,HDFC
P02295,card,****6967,ICICI
P02296,upi,upi_422521,HDFC
P02297,upi,upi_407914,AXIS
P02298,card,****6353,SBI
P02299,card,****2756,ICICI
P02300,wallet,upi_281938,SBI
P02301,wallet,upi_324885,AXIS
P02302,upi,upi_863197,KOTAK
P02303,card,****4901,AXIS
P02304,upi,upi_992924,SBI
P02305,card,****1263,KOTAK
P02306,upi,upi_987729,ICICI
P02307,wallet,upi_774561,HDFC
P02308,upi,upi_907151,HDFC
P02309,card,****6797,ICICI
P02310,upi,upi_501533,KOTAK
P02311,wallet,upi_227940,KOTAK
P02312,wallet,upi_595858,KOTAK
P02313,card,****3156,AXIS
P02314,card,****5451,SBI
P02315,card,****4850,KOTAK
P02316,wallet,upi_684900,SBI
P02317,upi,upi_270697,ICICI
P02318,upi,upi_684483,AXIS
P02319,upi,upi_161204,SBI
P02320,wallet,upi_631040,AXIS
P02321,upi,upi_665093,AXIS
P02322,upi,upi_413157,ICICI
P02323,card,****9072,SBI
P02324,wallet,upi_453669,SBI
P02325,wallet,upi_762880,SBI
P02326,wallet,upi_716899,AXIS
P02327,upi,upi_935298,SBI
P02328,wallet,upi_982456,KOTAK
P02329,upi,upi_286410,KOTAK
P02330,card,****5989,KOTAK
P02331,card,****2359,AXIS
P02332,upi,upi_126629,ICICI
P02333,card,****1645,HDFC
P02334,card,****6027,SBI
P02335,wallet,upi_340725,KOTAK
P02336,wallet,upi_343363,HDFC
P02337,card,****3148,HDFC
P02338,upi,upi_432793,HDFC
P02339,card,****1091,SBI
P02340,upi,upi_603871,HDFC
P02341,wallet,upi_314005,AXIS
P02342,wallet,upi_874011,ICICI
P02343,wallet,upi_205244,SBI
P02344,upi,upi_398176,KOTAK
P02345,wallet,upi_746875,AXIS
P02346,upi,upi_714920,KOTAK
P02347,wallet,upi_614462,ICICI
P02348,upi,upi_991648,ICICI
P02349,upi,upi_570815,AXIS
P02350,wallet,upi_406884,AXIS
P02351,card,****1104,ICICI
P02352,upi,upi_987056,KOTAK
P02353,wallet,upi_837866,ICICI
P02354,upi,upi_401898,ICICI
P02355,card,****9615,ICICI
P02356,card,****9902,HDFC
P02357,wallet,upi_240221,ICICI
P02358,card,****3069,ICICI
P02359,wallet,upi_250169,HDFC
P02360,wallet,upi_419678,KOTAK
P02361,card,****1966,AXIS
P02362,wallet,upi_108509,HDFC
P02363,wallet,upi_356637,AXIS
P02364,upi,upi_613317,ICICI
P02365,card,****8588,SBI
P02366,card,****9724,ICICI
P02367,upi,upi_523651,KOTAK
P02368,wallet,upi_191322,AXIS
P02369,card,****3960,SBI
P02370,upi,upi_586813,SBI
P02371,upi,upi_883104,SBI
P02372,wallet,upi_758227,SBI
P02373,upi,upi_242256,AXIS
P02374,card,****1535,SBI
P02375,card,****2478,KOTAK
P02376,wallet,upi_877939,AXIS
P02377,upi,upi_789625,KOTAK
P02378,card,****2675,AXIS
P02379,card,****3976,AXIS
P02380,card,****8680,ICICI
P02381,card,****8490,ICICI
P02382,card,****8256,ICICI
P02383,wallet,upi_787232,KOTAK
P02384,card,****1479,SBI
P02385,card,****3826,ICICI
P02386,wallet,upi_694411,KOTAK
P02387,card,****7749,ICICI
P02388,card,****7997,SBI
P02389,wallet,upi_995344,KOTAK
P02390,card,****5967,ICICI
P02391,wallet,upi_677407,ICICI
P02392,card,****3728,SBI
P02393,wallet,upi_481359,ICICI
P02394,wallet,upi_997265,KOTAK
P02395,card,****6246,KOTAK
P02396,upi,upi_379737,AXIS
P02397,card,****9013,AXIS
P02398,wallet,upi_879784,AXIS
P02399,card,****3647,AXIS
P02400,upi,upi_359140,HDFC
P02401,wallet,upi_448781,SBI
P02402,upi,upi_705666,AXIS
P02403,wallet,upi_850246,HDFC
P02404,card,****8320,KOTAK
P02405,wallet,upi_560110,HDFC
P02406,card,****3856,AXIS
P02407,card,****3655,HDFC
P02408,upi,upi_358462,KOTAK
P02409,upi,upi_896651,KOTAK
P02410,upi,upi_853679,HDFC
P02411,card,****9033,SBI
P02412,card,****9502,ICICI
P02413,card,****3445,HDFC
P02414,wallet,upi_889314,HDFC
P02415,card,****6968,AXIS
P02416,wallet,upi_928989,HDFC
P02417,wallet,upi_297594,ICICI
P02418,card,****1728,SBI
P02419,wallet,upi_612696,KOTAK
P02420,wallet,upi_588219,KOTAK
P02421,wallet,upi_630490,KOTAK
P02422,upi,upi_466281,ICICI
P02423,wallet,upi_875926,SBI
P02424,wallet,upi_639318,SBI
P02425,card,****4879,KOTAK
P02426,upi,upi_163838,HDFC
P02427,card,****1284,SBI
P02428,upi,upi_347765,AXIS
P02429,wallet,upi_185993,KOTAK
P02430,wallet,upi_436314,HDFC
P02431,upi,upi_169634,SBI
P02432,card,****4441,KOTAK
P02433,card,****1374,ICICI
P02434,wallet,upi_705225,ICICI
P02435,wallet,upi_715387,SBI
P02436,wallet,upi_125197,HDFC
P02437,upi,upi_308498,AXIS
P02438,upi,upi_785511,KOTAK
P02439,card,****1928,KOTAK
P02440,card,****1080,KOTAK
P02441,upi,upi_592932,HDFC
P02442,card,****9189,HDFC
P02443,wallet,upi_220764,ICICI
P02444,upi,upi_150768,ICICI
P02445,wallet,upi_259160,HDFC
P02446,card,****3578,HDFC
P02447,wallet,upi_834424,AXIS
P02448,upi,upi_589216,ICICI
P02449,card,****2886,KOTAK
P02450,wallet,upi_806150,HDFC
P02451,card,****2846,AXIS
P02452,upi,upi_209581,ICICI
P02453,card,****1685,HDFC
P02454,wallet,upi_856726,HDFC
P02455,upi,upi_242592,SBI
P02456,wallet,upi_878651,KOTAK
P02457,upi,upi_360753,ICICI
P02458,wallet,upi_883048,ICICI
P02459,card,****5810,KOTAK
P02460,card,****8068,AXIS
P02461,upi,upi_318525,KOTAK
P02462,card,****3930,AXIS
P02463,wallet,upi_797453,SBI
P02464,wallet,upi_208663,ICICI
P02465,upi,upi_284693,HDFC
P02466,card,****5660,HDFC
P02467,wallet,upi_816221,AXIS
P02468,wallet,upi_650309,ICICI
P02469,upi,upi_109166,KOTAK
P02470,wallet,upi_442506,ICICI
P02471,card,****5697,AXIS
P02472,card,****1280,KOTAK
P02473,card,****7008,SBI
P02474,wallet,upi_498978,HDFC
P02475,wallet,upi_871734,HDFC
P02476,card,****6656,ICICI
P02477,wallet,upi_711800,AXIS
P02478,card,****2592,ICICI
P02479,upi,upi_224413,ICICI
P02480,upi,upi_300022,AXIS
P02481,upi,upi_676396,SBI
P02482,wallet,upi_484502,AXIS
P02483,upi,upi_899614,ICICI
P02484,card,****1443,SBI
P02485,card,****3558,HDFC
P02486,card,****8894,HDFC
P02487,upi,upi_229093,SBI
P02488,wallet,upi_269820,AXIS
P02489,card,****9107,SBI
P02490,card,****3725,KOTAK
P02491,wallet,upi_164506,AXIS
P02492,wallet,upi_856597,HDFC
P02493,upi,upi_546901,KOTAK
P02494,card,****7755,ICICI
P02495,card,****3072,SBI
P02496,wallet,upi_781673,HDFC
P02497,upi,upi_434952,SBI
P02498,card,****1124,ICICI
P02499,wallet,upi_844836,SBI
P02500,card,****5091,HDFC
P02501,card,****1276,KOTAK
P02502,upi,upi_525239,AXIS
P02503,wallet,upi_905738,AXIS
P02504,upi,upi_543745,SBI
P02505,wallet,upi_168034,SBI
P02506,upi,upi_718788,SBI
P02507,upi,upi_398889,AXIS
P02508,card,****5032,SBI
P02509,upi,upi_982459,HDFC
P02510,card,****5114,AXIS
P02511,upi,upi_102864,HDFC
P02512,card,****1973,HDFC
P02513,wallet,upi_228594,HDFC
P02514,card,****1436,AXIS
P02515,wallet,upi_341016,HDFC
P02516,upi,upi_518002,SBI
P02517,card,****9011,ICICI
P02518,upi,upi_641358,HDFC
P02519,wallet,upi_113766,KOTAK
P02520,card,****7000,AXIS
P02521,card,****3426,KOTAK
P02522,card,****2772,SBI
P02523,wallet,upi_163755,AXIS
P02524,card,****4202,KOTAK
P02525,card,****7694,AXIS
P02526,card,****5038,HDFC
P02527,upi,upi_847237,ICICI
P02528,upi,upi_183579,HDFC
P02529,upi,upi_478662,KOTAK
P02530,upi,upi_615934,SBI
P02531,card,****7563,ICICI
P02532,card,****4220,HDFC
P02533,card,****8128,ICICI
P02534,upi,upi_657519,KOTAK
P02535,wallet,upi_472594,AXIS
P02536,upi,upi_837576,AXIS
P02537,wallet,upi_366087,AXIS
P02538,card,****4351,HDFC
P02539,wallet,upi_105732,SBI
P02540,card,****4282,KOTAK
P02541,upi,upi_264190,AXIS
P02542,upi,upi_979053,AXIS
P02543,upi,upi_558027,ICICI
P02544,card,****6787,KOTAK
P02545,card,****9595,ICICI
P02546,card,****8782,HDFC
P02547,card,****1943,SBI
P02548,upi,upi_534953,AXIS
P02549,card,****6088,SBI
P02550,wallet,upi_717940,HDFC
P02551,card,****2908,HDFC
P02552,upi,upi_717101,AXIS
P02553,wallet,upi_590061,HDFC
P02554,upi,upi_139165,HDFC
P02555,wallet,upi_786925,SBI
P02556,wallet,upi_347413,KOTAK
P02557,wallet,upi_171245,KOTAK
P02558,wallet,upi_999594,SBI
P02559,wallet,upi_103173,SBI
P02560,card,****2077,SBI
P02561,card,****1692,SBI
P02562,wallet,upi_738424,KOTAK
P02563,card,****5876,KOTAK
P02564,upi,upi_514187,KOTAK
P02565,wallet,upi_616763,ICICI
P02566,wallet,upi_168281,ICICI
P02567,upi,upi_718992,AXIS
P02568,wallet,upi_226120,AXIS
P02569,upi,upi_732277,KOTAK
P02570,wallet,upi_406830,HDFC
P02571,upi,upi_500560,HDFC
P02572,card,****4543,AXIS
P02573,upi,upi_151489,AXIS
P02574,upi,upi_698755,SBI
P02575,card,****4822,ICICI
P02576,upi,upi_558116,ICICI
P02577,card,****9444,KOTAK
P02578,wallet,upi_403149,KOTAK
P02579,wallet,upi_219473,KOTAK
P02580,upi,upi_946214,HDFC
P02581,card,****5327,ICICI
P02582,upi,upi_989319,ICICI
P02583,card,****4511,AXIS
P02584,card,****9447,AXIS
P02585,wallet,upi_985261,ICICI
P02586,card,****2458,AXIS
P02587,card,****3594,HDFC
P02588,wallet,upi_942268,SBI
P02589,card,****9941,HDFC
P02590,card,****7051,KOTAK
P02591,wallet,upi_637872,KOTAK
P02592,wallet,upi_917930,KOTAK
P02593,upi,upi_253727,HDFC
P02594,card,****8281,HDFC
P02595,wallet,upi_976903,KOTAK
P02596,wallet,upi_756367,KOTAK
P02597,upi,upi_793618,KOTAK
P02598,card,****2156,KOTAK
P02599,upi,upi_372667,SBI
P02600,wallet,upi_244955,ICICI
P02601,card,****8393,SBI
P02602,wallet,upi_638071,ICICI
P02603,wallet,upi_561744,KOTAK
P02604,upi,upi_558927,HDFC
P02605,wallet,upi_280958,HDFC
P02606,card,****5251,KOTAK
P02607,card,****7861,AXIS
P02608,upi,upi_596265,HDFC
P02609,card,****4095,AXIS
P02610,wallet,upi_189263,SBI
P02611,wallet,upi_522816,HDFC
P02612,wallet,upi_800431,HDFC
P02613,card,****9370,AXIS
P02614,wallet,upi_956835,KOTAK
P02615,upi,upi_929909,ICICI
P02616,wallet,upi_802978,AXIS
P02617,wallet,upi_629202,ICICI
P02618,upi,upi_861481,AXIS
P02619,wallet,upi_802835,AXIS
P02620,wallet,upi_766253,HDFC
P02621,upi,upi_145230,KOTAK
P02622,upi,upi_340477,HDFC
P02623,upi,upi_928868,HDFC
P02624,wallet,upi_544095,HDFC
P02625,upi,upi_547898,HDFC
P02626,upi,upi_678654,ICICI
P02627,card,****8987,SBI
P02628,wallet,upi_947752,KOTAK
P02629,wallet,upi_335018,SBI
P02630,wallet,upi_495718,SBI
P02631,card,****8540,KOTAK
P02632,wallet,upi_802575,AXIS
P02633,card,****5798,HDFC
P02634,wallet,upi_542113,SBI
P02635,wallet,upi_494594,AXIS
P02636,wallet,upi_360733,SBI
P02637,wallet,upi_550162,HDFC
P02638,upi,upi_575067,KOTAK
P02639,upi,upi_259057,HDFC
P02640,upi,upi_112179,ICICI
P02641,wallet,upi_454437,HDFC
P02642,upi,upi_249253,ICICI
P02643,upi,upi_708171,ICICI
P02644,wallet,upi_526383,SBI
P02645,wallet,upi_673268,ICICI
P02646,card,****9233,KOTAK
P02647,card,****5356,KOTAK
P02648,upi,upi_658580,KOTAK
P02649,card,****1673,AXIS
P02650,card,****5235,AXIS
P02651,upi,upi_258690,KOTAK
P02652,upi,upi_731182,KOTAK
P02653,card,****7961,HDFC
P02654,wallet,upi_973485,HDFC
P02655,card,****5913,HDFC
P02656,card,****2850,KOTAK
P02657,wallet,upi_360345,SBI
P02658,wallet,upi_892189,KOTAK
P02659,wallet,upi_954446,ICICI
P02660,card,****7674,HDFC
P02661,card,****4495,AXIS
P02662,wallet,upi_527433,HDFC
P02663,upi,upi_295643,ICICI
P02664,card,****5169,SBI
P02665,wallet,upi_635868,HDFC
P02666,upi,upi_448599,HDFC
P02667,card,****6903,SBI
P02668,upi,upi_619665,ICICI
P02669,upi,upi_230620,KOTAK
P02670,card,****8027,SBI
P02671,wallet,upi_133099,ICICI
P02672,wallet,upi_403198,SBI
P02673,card,****7822,AXIS
P02674,card,****8701,AXIS
P02675,wallet,upi_168507,KOTAK
P02676,card,****5238,KOTAK
P02677,wallet,upi_701080,KOTAK
P02678,wallet,upi_143862,KOTAK
P02679,wallet,upi_864921,HDFC
P02680,upi,upi_584153,KOTAK
P02681,card,****2587,SBI
P02682,card,****8255,SBI
P02683,upi,upi_642084,HDFC
P02684,card,****6348,KOTAK
P02685,card,****7463,AXIS
P02686,upi,upi_672433,AXIS
P02687,wallet,upi_795381,KOTAK
P02688,wallet,upi_943858,ICICI
P02689,wallet,upi_710029,AXIS
P02690,wallet,upi_748591,KOTAK
P02691,upi,upi_426752,KOTAK
P02692,upi,upi_694774,SBI
P02693,wallet,upi_194682,SBI
P02694,upi,upi_716931,SBI
P02695,upi,upi_942613,HDFC
P02696,card,****3033,KOTAK
P02697,card,****3958,HDFC
P02698,wallet,upi_918986,AXIS
P02699,upi,upi_358365,AXIS
P02700,wallet,upi_146649,SBI
P02701,card,****2153,AXIS
P02702,card,****7921,HDFC
P02703,card,****9811,KOTAK
P02704,upi,upi_317203,AXIS
P02705,upi,upi_360626,AXIS
P02706,wallet,upi_779077,ICICI
P02707,card,****9432,KOTAK
P02708,upi,upi_443569,SBI
P02709,wallet,upi_158522,AXIS
P02710,upi,upi_108051,HDFC
P02711,card,****5933,ICICI
P02712,upi,upi_656115,KOTAK
P02713,upi,upi_287619,HDFC
P02714,upi,upi_494616,AXIS
P02715,wallet,upi_387280,KOTAK
P02716,wallet,upi_556034,AXIS
P02717,upi,upi_530398,HDFC
P02718,upi,upi_927513,AXIS
P02719,upi,upi_269690,HDFC
P02720,upi,upi_430036,AXIS
P02721,upi,upi_613832,AXIS
P02722,upi,upi_663628,HDFC
P02723,wallet,upi_572510,SBI
P02724,upi,upi_331454,ICICI
P02725,wallet,upi_944381,KOTAK
P02726,card,****7965,ICICI
P02727,card,****7054,SBI
P02728,upi,upi_499780,ICICI
P02729,wallet,upi_293279,AXIS
P02730,upi,upi_834630,SBI
P02731,card,****2776,AXIS
P02732,wallet,upi_450226,KOTAK
P02733,wallet,upi_463880,ICICI
P02734,card,****1150,AXIS
P02735,card,****4059,HDFC
P02736,card,****3492,SBI
P02737,card,****8404,AXIS
P02738,upi,upi_827658,AXIS
P02739,upi,upi_520726,ICICI
P02740,upi,upi_743063,HDFC
P02741,upi,upi_129096,HDFC
P02742,card,****3897,SBI
P02743,wallet,upi_204768,HDFC
P02744,upi,upi_993163,KOTAK
P02745,upi,upi_659319,KOTAK
P02746,wallet,upi_507104,HDFC
P02747,card,****9795,HDFC
P02748,card,****8775,KOTAK
P02749,wallet,upi_515320,AXIS
P02750,wallet,upi_618556,KOTAK
P02751,card,****4209,HDFC
P02752,card,****6871,AXIS
P02753,card,****5476,AXIS
P02754,card,****7693,SBI
P02755,card,****7963,HDFC
P02756,card,****2817,ICICI
P02757,card,****4340,KOTAK
P02758,upi,upi_339922,AXIS
P02759,upi,upi_339050,AXIS
P02760,upi,upi_830264,KOTAK
P02761,wallet,upi_504613,KOTAK
P02762,card,****8556,KOTAK
P02763,upi,upi_958784,ICICI
P02764,upi,upi_377586,KOTAK
P02765,card,****6075,ICICI
P02766,card,****4810,KOTAK
P02767,upi,upi_365518,SBI
P02768,upi,upi_149439,HDFC
P02769,wallet,upi_550087,SBI
P02770,upi,upi_784532,SBI
P02771,upi,upi_783888,AXIS
P02772,upi,upi_875702,ICICI
P02773,card,****2256,HDFC
P02774,card,****4171,ICICI
P02775,wallet,upi_569184,SBI
P02776,wallet,upi_744640,AXIS
P02777,wallet,upi_750945,HDFC
P02778,upi,upi_559683,AXIS
P02779,card,****4979,SBI
P02780,wallet,upi_772677,ICICI
P02781,upi,upi_277965,HDFC
P02782,card,****9829,AXIS
P02783,wallet,upi_277960,HDFC
P02784,upi,upi_470808,HDFC
P02785,wallet,upi_669273,HDFC
P02786,card,****7341,ICICI
P02787,card,****5176,SBI
P02788,wallet,upi_766204,ICICI
P02789,card,****7334,KOTAK
P02790,card,****6324,KOTAK
P02791,wallet,upi_970049,ICICI
P02792,upi,upi_754446,ICICI
P02793,upi,upi_988951,ICICI
P02794,upi,upi_112389,HDFC
P02795,wallet,upi_926109,HDFC
P02796,wallet,upi_172481,AXIS
P02797,upi,upi_597203,KOTAK
P02798,upi,upi_639165,HDFC
P02799,upi,upi_462115,ICICI
P02800,upi,upi_366445,SBI
P02801,wallet,upi_476925,SBI
P02802,upi,upi_548263,HDFC
P02803,wallet,upi_320479,KOTAK
P02804,upi,upi_821875,HDFC
P02805,upi,upi_732047,KOTAK
P02806,card,****8378,KOTAK
P02807,card,****1255,SBI
P02808,card,****3020,ICICI
P02809,wallet,upi_578667,KOTAK
P02810,wallet,upi_793182,SBI
P02811,wallet,upi_871061,AXIS
P02812,wallet,upi_695484,KOTAK
P02813,upi,upi_714807,KOTAK
P02814,wallet,upi_914126,ICICI
P02815,wallet,upi_727940,HDFC
P02816,upi,upi_429779,AXIS
P02817,wallet,upi_837230,ICICI
P02818,upi,upi_209737,SBI
P02819,upi,upi_814105,ICICI
P02820,upi,upi_495147,ICICI
P02821,card,****2467,KOTAK
P02822,wallet,upi_884019,AXIS
P02823,wallet,upi_364905,ICICI
P02824,upi,upi_238622,ICICI
P02825,wallet,upi_780208,ICICI
P02826,wallet,upi_571366,ICICI
P02827,wallet,upi_346903,ICICI
P02828,wallet,upi_930837,HDFC
P02829,card,****2846,KOTAK
P02830,upi,upi_131544,AXIS
P02831,card,****4442,ICICI
P02832,wallet,upi_639685,HDFC
P02833,wallet,upi_706154,KOTAK
P02834,card,****3748,ICICI
P02835,card,****1733,HDFC
P02836,card,****4032,ICICI
P02837,card,****1034,HDFC
P02838,card,****9552,AXIS
P02839,upi,upi_555051,AXIS
P02840,card,****1742,HDFC
P02841,wallet,upi_982140,KOTAK
P02842,wallet,upi_685219,AXIS
P02843,wallet,upi_504995,HDFC
P02844,card,****9974,HDFC
P02845,upi,upi_298548,SBI
P02846,upi,upi_935567,HDFC
P02847,upi,upi_164709,ICICI
P02848,wallet,upi_403419,SBI
P02849,wallet,upi_355819,HDFC
P02850,wallet,upi_635124,HDFC
P02851,upi,upi_389788,AXIS
P02852,wallet,upi_772676,ICICI
P02853,card,****6158,SBI
P02854,upi,upi_717298,SBI
P02855,wallet,upi_928485,HDFC
P02856,card,****1059,ICICI
P02857,wallet,upi_910648,HDFC
P02858,upi,upi_975876,AXIS
P02859,card,****1057,SBI
P02860,upi,upi_445426,KOTAK
P02861,upi,upi_558788,HDFC
P02862,upi,upi_120494,HDFC
P02863,upi,upi_553876,AXIS
P02864,upi,upi_381723,HDFC
P02865,card,****1213,AXIS
P02866,upi,upi_413619,HDFC
P02867,wallet,upi_194682,ICICI
P02868,upi,upi_101662,AXIS
P02869,wallet,upi_439666,HDFC
P02870,upi,upi_743949,KOTAK
P02871,upi,upi_909947,KOTAK
P02872,upi,upi_143995,KOTAK
P02873,wallet,upi_115775,SBI
P02874,wallet,upi_897136,ICICI
P02875,upi,upi_540077,KOTAK
P02876,card,****5820,KOTAK
P02877,card,****7191,KOTAK
P02878,wallet,upi_695033,KOTAK
P02879,wallet,upi_524942,ICICI
P02880,upi,upi_736415,AXIS
P02881,card,****9650,ICICI
P02882,wallet,upi_554504,KOTAK
P02883,wallet,upi_645300,KOTAK
P02884,card,****8741,KOTAK
P02885,wallet,upi_792492,AXIS
P02886,wallet,upi_176176,SBI
P02887,card,****7078,KOTAK
P02888,upi,upi_289383,SBI
P02889,upi,upi_984885,HDFC
P02890,wallet,upi_576547,AXIS
P02891,card,****4878,ICICI
P02892,card,****2425,ICICI
P02893,upi,upi_835620,SBI
P02894,upi,upi_990524,KOTAK
P02895,wallet,upi_686225,ICICI
P02896,upi,upi_115406,SBI
P02897,card,****1095,KOTAK
P02898,upi,upi_245961,HDFC
P02899,upi,upi_478752,SBI
P02900,wallet,upi_429624,HDFC
P02901,upi,upi_610297,AXIS
P02902,upi,upi_840364,HDFC
P02903,wallet,upi_884285,ICICI
P02904,upi,upi_411215,AXIS
P02905,wallet,upi_293858,HDFC
P02906,card,****9877,KOTAK
P02907,card,****5592,HDFC
P02908,wallet,upi_847393,KOTAK
P02909,upi,upi_244463,AXIS
P02910,upi,upi_285625,ICICI
P02911,card,****8823,SBI
P02912,wallet,upi_716179,HDFC
P02913,upi,upi_155988,SBI
P02914,wallet,upi_866940,SBI
P02915,upi,upi_238297,HDFC
P02916,wallet,upi_463448,SBI
P02917,upi,upi_609719,HDFC
P02918,upi,upi_556253,KOTAK
P02919,card,****1047,KOTAK
P02920,card,****3069,SBI
P02921,upi,upi_970847,HDFC
P02922,wallet,upi_702430,HDFC
P02923,wallet,upi_152199,HDFC
P02924,wallet,upi_518694,ICICI
P02925,wallet,upi_458792,AXIS
P02926,upi,upi_155407,AXIS
P02927,card,****4461,ICICI
P02928,upi,upi_988792,AXIS
P02929,card,****9242,ICICI
P02930,wallet,upi_740707,SBI
P02931,wallet,upi_925803,SBI
P02932,card,****1957,HDFC
P02933,upi,upi_645438,KOTAK
P02934,card,****3636,SBI
P02935,wallet,upi_574610,ICICI
P02936,card,****3232,AXIS
P02937,card,****7381,KOTAK
P02938,upi,upi_106550,AXIS
P02939,card,****1965,SBI
P02940,wallet,upi_772640,HDFC
P02941,card,****2903,KOTAK
P02942,upi,upi_101075,KOTAK
P02943,card,****8599,HDFC
P02944,wallet,upi_190359,SBI
P02945,card,****8002,HDFC
P02946,wallet,upi_145738,SBI
P02947,card,****8218,HDFC
P02948,wallet,upi_242778,ICICI
P02949,card,****1537,AXIS
P02950,card,****8048,KOTAK
P02951,upi,upi_813540,HDFC
P02952,card,****8927,SBI
P02953,wallet,upi_970294,HDFC
P02954,wallet,upi_701885,SBI
P02955,wallet,upi_845932,SBI
P02956,wallet,upi_407270,ICICI
P02957,wallet,upi_247691,KOTAK
P02958,wallet,upi_591074,AXIS
P02959,wallet,upi_682308,KOTAK
P02960,card,****7752,SBI
P02961,card,****5212,SBI
P02962,upi,upi_903199,HDFC
P02963,upi,upi_976958,HDFC
P02964,wallet,upi_931553,KOTAK
P02965,card,****8768,ICICI
P02966,upi,upi_950328,KOTAK
P02967,card,****4493,HDFC
P02968,card,****5224,SBI
P02969,card,****3518,SBI
P02970,wallet,upi_796241,KOTAK
P02971,upi,upi_332552,ICICI
P02972,card,****8672,SBI
P02973,card,****6897,AXIS
P02974,upi,upi_649472,ICICI
P02975,upi,upi_258737,AXIS
P02976,wallet,upi_163413,AXIS
P02977,upi,upi_672176,AXIS
P02978,card,****8033,AXIS
P02979,card,****9977,ICICI
P02980,wallet,upi_363581,SBI
P02981,wallet,upi_627832,ICICI
P02982,wallet,upi_418389,ICICI
P02983,upi,upi_939072,ICICI
P02984,upi,upi_936547,SBI
P02985,upi,upi_244598,KOTAK
P02986,card,****6420,SBI
P02987,card,****8299,AXIS
P02988,upi,upi_838918,HDFC
P02989,upi,upi_477598,AXIS
P02990,wallet,upi_451863,SBI
P02991,card,****6967,AXIS
P02992,card,****4374,KOTAK
P02993,card,****1159,KOTAK
P02994,card,****9861,SBI
P02995,upi,upi_212344,HDFC
P02996,upi,upi_759495,SBI
P02997,wallet,upi_128894,KOTAK
P02998,card,****4826,HDFC
P02999,card,****2640,AXIS
P03000,wallet,upi_506742,HDFC
P03001,wallet,upi_820034,HDFC
P03002,card,****6382,SBI
P03003,wallet,upi_566810,AXIS
P03004,card,****3902,ICICI
P03005,wallet,upi_124948,AXIS
P03006,wallet,upi_751147,SBI
P03007,card,****6163,SBI
P03008,wallet,upi_187197,ICICI
P03009,card,****2354,ICICI
P03010,card,****8171,SBI
P03011,wallet,upi_474702,HDFC
P03012,card,****3587,AXIS
P03013,wallet,upi_153240,HDFC
P03014,upi,upi_216385,SBI
P03015,card,****3999,SBI
P03016,wallet,upi_819727,KOTAK
P03017,upi,upi_561535,KOTAK
P03018,upi,upi_133544,AXIS
P03019,upi,upi_145954,AXIS
P03020,card,****8257,ICICI
P03021,card,****8597,KOTAK
P03022,wallet,upi_151922,SBI
P03023,wallet,upi_879263,KOTAK
P03024,wallet,upi_483943,HDFC
P03025,card,****2077,HDFC
P03026,card,****7433,SBI
P03027,wallet,upi_752256,ICICI
P03028,upi,upi_910403,HDFC
P03029,card,****2941,HDFC
P03030,upi,upi_465124,ICICI
P03031,card,****4514,AXIS
P03032,card,****9298,KOTAK
P03033,wallet,upi_897250,SBI
P03034,card,****2179,KOTAK
P03035,upi,upi_757311,KOTAK
P03036,card,****4627,SBI
P03037,wallet,upi_746551,ICICI
P03038,wallet,upi_476621,SBI
P03039,card,****7124,KOTAK
P03040,upi,upi_253624,HDFC
P03041,upi,upi_506766,HDFC
P03042,card,****1971,AXIS
P03043,upi,upi_697053,KOTAK
P03044,card,****1314,AXIS
P03045,wallet,upi_549286,KOTAK
P03046,card,****2207,KOTAK
P03047,upi,upi_851964,AXIS
P03048,upi,upi_375532,HDFC
P03049,wallet,upi_353373,AXIS
P03050,wallet,upi_380028,ICICI
P03051,wallet,upi_328384,ICICI
P03052,wallet,upi_989484,SBI
P03053,upi,upi_709278,SBI
P03054,card,****1336,HDFC
P03055,upi,upi_614616,AXIS
P03056,upi,upi_895620,ICICI
P03057,upi,upi_444029,HDFC
P03058,card,****3632,SBI
P03059,card,****2194,AXIS
P03060,card,****7217,SBI
P03061,upi,upi_236323,AXIS
P03062,card,****5683,HDFC
P03063,upi,upi_663335,SBI
P03064,card,****2001,ICICI
P03065,wallet,upi_700500,ICICI
P03066,card,****4626,SBI
P03067,upi,upi_997593,HDFC
P03068,card,****1249,HDFC
P03069,wallet,upi_141768,AXIS
P03070,wallet,upi_148648,SBI
P03071,card,****1092,KOTAK
P03072,wallet,upi_534115,KOTAK
P03073,upi,upi_354778,HDFC
P03074,card,****2911,HDFC
P03075,upi,upi_511652,AXIS
P03076,card,****3229,KOTAK
P03077,card,****5613,SBI
P03078,upi,upi_450311,KOTAK
P03079,wallet,upi_928327,KOTAK
P03080,upi,upi_438981,KOTAK
P03081,card,****2437,ICICI
P03082,wallet,upi_872744,KOTAK
P03083,upi,upi_426825,ICICI
P03084,upi,upi_148681,ICICI
P03085,card,****7866,ICICI
P03086,card,****3317,AXIS
P03087,upi,upi_470905,KOTAK
P03088,card,****2273,SBI
P03089,upi,upi_585875,HDFC
P03090,wallet,upi_724781,ICICI
P03091,card,****8289,HDFC
P03092,card,****6640,ICICI
P03093,card,****1100,ICICI
P03094,card,****8068,ICICI
P03095,card,****3800,HDFC
P03096,upi,upi_649907,HDFC
P03097,wallet,upi_700677,AXIS
P03098,wallet,upi_104483,SBI
P03099,wallet,upi_199051,AXIS
P03100,card,****2836,KOTAK
P03101,upi,upi_321706,KOTAK
P03102,upi,upi_448458,KOTAK
P03103,wallet,upi_185514,KOTAK
P03104,upi,upi_696613,AXIS
P03105,wallet,upi_593297,ICICI
P03106,wallet,upi_824284,HDFC
P03107,upi,upi_683021,KOTAK
P03108,card,****1824,SBI
P03109,card,****8843,KOTAK
P03110,wallet,upi_733207,ICICI
P03111,card,****9970,AXIS
P03112,wallet,upi_262081,KOTAK
P03113,wallet,upi_602888,ICICI
P03114,wallet,upi_389523,SBI
P03115,upi,upi_156015,HDFC
P03116,wallet,upi_244810,ICICI
P03117,wallet,upi_890618,AXIS
P03118,card,****1019,HDFC
P03119,card,****4502,KOTAK
P03120,upi,upi_662723,ICICI
P03121,wallet,upi_979422,ICICI
P03122,card,****3547,HDFC
P03123,upi,upi_192988,SBI
P03124,upi,upi_610944,SBI
P03125,wallet,upi_321692,ICICI
P03126,wallet,upi_650398,HDFC
P03127,card,****7905,SBI
P03128,wallet,upi_731707,ICICI
P03129,wallet,upi_110703,ICICI
P03130,wallet,upi_757774,HDFC
P03131,card,****1591,ICICI
P03132,card,****5538,ICICI
P03133,card,****3149,ICICI
P03134,wallet,upi_560227,AXIS
P03135,upi,upi_991799,ICICI
P03136,wallet,upi_208250,ICICI
P03137,upi,upi_852722,ICICI
P03138,card,****3140,KOTAK
P03139,card,****7847,SBI
P03140,card,****7670,SBI
P03141,upi,upi_306612,HDFC
P03142,wallet,upi_964947,HDFC
P03143,upi,upi_849991,KOTAK
P03144,card,****8208,AXIS
P03145,upi,upi_473145,AXIS
P03146,wallet,upi_200614,KOTAK
P03147,wallet,upi_335137,ICICI
P03148,card,****1375,ICICI
P03149,wallet,upi_194014,AXIS
P03150,wallet,upi_952444,HDFC
P03151,upi,upi_413039,AXIS
P03152,wallet,upi_142862,ICICI
P03153,wallet,upi_885461,KOTAK
P03154,card,****2955,HDFC
P03155,upi,upi_359985,KOTAK
P03156,upi,upi_170129,KOTAK
P03157,upi,upi_510918,ICICI
P03158,card,****2329,ICICI
P03159,card,****7877,AXIS
P03160,card,****9209,HDFC
P03161,upi,upi_525577,KOTAK
P03162,upi,upi_982102,AXIS
P03163,upi,upi_582874,HDFC
P03164,upi,upi_345228,AXIS
P03165,card,****2378,KOTAK
P03166,wallet,upi_943245,AXIS
P03167,upi,upi_479239,HDFC
P03168,upi,upi_709446,SBI
P03169,upi,upi_415100,HDFC
P03170,upi,upi_552445,AXIS
P03171,card,****6016,KOTAK
P03172,card,****4681,KOTAK
P03173,upi,upi_460489,HDFC
P03174,upi,upi_778662,KOTAK
P03175,upi,upi_275400,AXIS
P03176,card,****3121,ICICI
P03177,upi,upi_241232,AXIS
P03178,card,****2449,SBI
P03179,card,****5189,ICICI
P03180,upi,upi_797790,ICICI
P03181,wallet,upi_460209,KOTAK
P03182,wallet,upi_436133,SBI
P03183,wallet,upi_258655,HDFC
P03184,wallet,upi_639688,KOTAK
P03185,wallet,upi_141199,KOTAK
P03186,wallet,upi_616939,KOTAK
P03187,wallet,upi_747704,HDFC
P03188,wallet,upi_753026,AXIS
P03189,card,****4933,SBI
P03190,wallet,upi_188746,KOTAK
P03191,wallet,upi_815861,AXIS
P03192,upi,upi_331319,ICICI
P03193,wallet,upi_455294,ICICI
P03194,card,****5615,AXIS
P03195,card,****6990,HDFC
P03196,upi,upi_657453,ICICI
P03197,card,****5022,SBI
P03198,card,****1569,ICICI
P03199,card,****2289,SBI
P03200,wallet,upi_654698,AXIS
P03201,upi,upi_129349,SBI
P03202,wallet,upi_380049,SBI
P03203,upi,upi_916171,AXIS
P03204,wallet,upi_691098,SBI
P03205,upi,upi_446895,AXIS
P03206,upi,upi_715332,SBI
P03207,wallet,upi_909593,SBI
P03208,card,****6906,ICICI
P03209,upi,upi_488726,KOTAK
P03210,upi,upi_998887,SBI
P03211,upi,upi_505441,KOTAK
P03212,wallet,upi_500878,HDFC
P03213,upi,upi_318755,SBI
P03214,card,****2295,ICICI
P03215,upi,upi_399421,SBI
P03216,card,****9773,HDFC
P03217,wallet,upi_448169,KOTAK
P03218,upi,upi_632724,HDFC
P03219,upi,upi_294369,AXIS
P03220,wallet,upi_249522,SBI
P03221,upi,upi_703682,AXIS
P03222,upi,upi_416761,AXIS
P03223,card,****2848,ICICI
P03224,card,****8425,SBI
P03225,card,****4925,SBI
P03226,wallet,upi_717088,HDFC
P03227,upi,upi_290413,AXIS
P03228,card,****5684,HDFC
P03229,wallet,upi_377633,KOTAK
P03230,wallet,upi_304905,ICICI
P03231,card,****7806,HDFC
P03232,upi,upi_914483,SBI
P03233,upi,upi_323861,HDFC
P03234,upi,upi_694093,AXIS
P03235,card,****8502,ICICI
P03236,card,****1296,HDFC
P03237,wallet,upi_776978,HDFC
P03238,upi,upi_656615,SBI
P03239,card,****3327,HDFC
P03240,card,****7035,KOTAK
P03241,upi,upi_196865,KOTAK
P03242,upi,upi_433799,ICICI
P03243,card,****6943,SBI
P03244,wallet,upi_284778,AXIS
P03245,wallet,upi_936250,AXIS
P03246,upi,upi_380031,AXIS
P03247,card,****2842,AXIS
P03248,card,****3680,HDFC
P03249,wallet,upi_654735,AXIS
P03250,upi,upi_878013,ICICI
P03251,card,****8286,AXIS
P03252,upi,upi_238471,KOTAK
P03253,upi,upi_519750,SBI
P03254,upi,upi_297447,ICICI
P03255,upi,upi_103570,HDFC
P03256,upi,upi_164954,HDFC
P03257,wallet,upi_834282,SBI
P03258,card,****8197,KOTAK
P03259,card,****1402,SBI
P03260,upi,upi_780606,KOTAK
P03261,wallet,upi_147846,HDFC
P03262,card,****3490,AXIS
P03263,wallet,upi_286836,ICICI
P03264,card,****6065,ICICI
P03265,upi,upi_585610,ICICI
P03266,card,****7970,HDFC
P03267,wallet,upi_415751,ICICI
P03268,wallet,upi_825928,HDFC
P03269,card,****7520,KOTAK
P03270,wallet,upi_827845,HDFC
P03271,upi,upi_272468,HDFC
P03272,card,****2992,ICICI
P03273,upi,upi_752669,SBI
P03274,upi,upi_843636,ICICI
P03275,wallet,upi_913239,AXIS
P03276,card,****1438,KOTAK
P03277,wallet,upi_295545,KOTAK
P03278,wallet,upi_761827,AXIS
P03279,card,****6635,ICICI
P03280,wallet,upi_491673,KOTAK
P03281,upi,upi_967431,ICICI
P03282,card,****3430,ICICI
P03283,card,****8253,ICICI
P03284,wallet,upi_745868,ICICI
P03285,wallet,upi_732700,KOTAK
P03286,card,****1023,SBI
P03287,upi,upi_994292,AXIS
P03288,wallet,upi_827179,ICICI
P03289,upi,upi_336455,ICICI
P03290,card,****7934,AXIS
P03291,card,****9311,SBI
P03292,card,****8692,AXIS
P03293,card,****1802,KOTAK
P03294,upi,upi_147774,KOTAK
P03295,card,****7374,KOTAK
P03296,upi,upi_926185,HDFC
P03297,wallet,upi_946123,ICICI
P03298,card,****7244,HDFC
P03299,card,****1231,AXIS
P03300,card,****3555,AXIS
P03301,card,****6803,KOTAK
P03302,card,****3996,HDFC
P03303,upi,upi_798582,AXIS
P03304,wallet,upi_899061,SBI
P03305,wallet,upi_370816,AXIS
P03306,upi,upi_310034,SBI
P03307,upi,upi_890365,SBI
P03308,card,****3378,ICICI
P03309,card,****3502,ICICI
P03310,card,****9328,HDFC
P03311,wallet,upi_211285,KOTAK
P03312,upi,upi_366082,ICICI
P03313,upi,upi_687426,KOTAK
P03314,card,****4016,ICICI
P03315,wallet,upi_470922,AXIS
P03316,card,****7177,ICICI
P03317,wallet,upi_453929,ICICI
P03318,upi,upi_787959,HDFC
P03319,upi,upi_354010,AXIS
P03320,card,****2092,HDFC
P03321,wallet,upi_158114,SBI
P03322,upi,upi_816884,AXIS
P03323,upi,upi_209619,ICICI
P03324,card,****8955,SBI
P03325,card,****5995,HDFC
P03326,wallet,upi_688969,SBI
P03327,card,****1222,HDFC
P03328,card,****7313,ICICI
P03329,upi,upi_793211,HDFC
P03330,wallet,upi_922655,SBI
P03331,wallet,upi_518692,ICICI
P03332,wallet,upi_968401,AXIS
P03333,wallet,upi_483123,AXIS
P03334,card,****6141,SBI
P03335,upi,upi_147220,SBI
P03336,upi,upi_363640,KOTAK
P03337,card,****3855,HDFC
P03338,upi,upi_190678,AXIS
P03339,wallet,upi_380670,HDFC
P03340,card,****6606,SBI
P03341,upi,upi_384813,HDFC
P03342,wallet,upi_803096,HDFC
P03343,wallet,upi_855914,AXIS
P03344,wallet,upi_321794,KOTAK
P03345,upi,upi_572760,KOTAK
P03346,upi,upi_475130,ICICI
P03347,card,****8817,HDFC
P03348,card,****1297,SBI
P03349,card,****8120,ICICI
P03350,wallet,upi_115633,HDFC
P03351,wallet,upi_783701,AXIS
P03352,card,****3227,HDFC
P03353,card,****6037,HDFC
P03354,card,****4991,AXIS
P03355,wallet,upi_523135,AXIS
P03356,wallet,upi_694049,AXIS
P03357,upi,upi_138100,KOTAK
P03358,wallet,upi_597619,ICICI
P03359,card,****3702,AXIS
P03360,upi,upi_607377,ICICI
P03361,card,****4037,ICICI
P03362,upi,upi_783707,AXIS
P03363,wallet,upi_901783,HDFC
P03364,upi,upi_455591,KOTAK
P03365,wallet,upi_660741,KOTAK
P03366,upi,upi_780261,KOTAK
P03367,upi,upi_469535,ICICI
P03368,wallet,upi_318108,KOTAK
P03369,wallet,upi_826630,SBI
P03370,card,****2888,KOTAK
P03371,card,****7262,SBI
P03372,upi,upi_297526,HDFC
P03373,wallet,upi_804762,KOTAK
P03374,wallet,upi_451137,ICICI
P03375,card,****3042,ICICI
P03376,card,****3597,HDFC
P03377,wallet,upi_172617,SBI
P03378,card,****6719,AXIS
P03379,upi,upi_385514,SBI
P03380,wallet,upi_771176,AXIS
P03381,upi,upi_603251,HDFC
P03382,wallet,upi_152367,HDFC
P03383,card,****7895,KOTAK
P03384,upi,upi_514861,SBI
P03385,upi,upi_671217,AXIS
P03386,upi,upi_520388,SBI
P03387,wallet,upi_569579,KOTAK
P03388,upi,upi_424544,HDFC
P03389,upi,upi_955864,ICICI
P03390,upi,upi_464441,AXIS
P03391,wallet,upi_135415,SBI
P03392,upi,upi_134630,HDFC
P03393,upi,upi_356129,SBI
P03394,upi,upi_832987,ICICI
P03395,upi,upi_308855,HDFC
P03396,wallet,upi_875018,AXIS
P03397,upi,upi_692493,AXIS
P03398,wallet,upi_295529,AXIS
P03399,upi,upi_182919,HDFC
P03400,wallet,upi_692899,SBI
P03401,card,****7228,ICICI
P03402,upi,upi_315889,HDFC
P03403,wallet,upi_488981,KOTAK
P03404,upi,upi_853942,HDFC
P03405,card,****7029,SBI
P03406,card,****3646,KOTAK
P03407,card,****8580,AXIS
P03408,wallet,upi_316394,AXIS
P03409,upi,upi_346174,HDFC
P03410,upi,upi_743911,SBI
P03411,wallet,upi_750919,KOTAK
P03412,wallet,upi_900536,SBI
P03413,wallet,upi_512584,SBI
P03414,upi,upi_534055,AXIS
P03415,card,****5891,SBI
P03416,upi,upi_406351,ICICI
P03417,upi,upi_843478,SBI
P03418,card,****6002,KOTAK
P03419,card,****7480,KOTAK
P03420,wallet,upi_717703,ICICI
P03421,wallet,upi_354235,SBI
P03422,upi,upi_706411,AXIS
P03423,upi,upi_337413,KOTAK
P03424,upi,upi_529830,SBI
P03425,card,****9615,KOTAK
P03426,card,****3393,ICICI
P03427,card,****6377,KOTAK
P03428,upi,upi_234536,KOTAK
P03429,wallet,upi_600200,ICICI
P03430,wallet,upi_801505,KOTAK
P03431,wallet,upi_907966,KOTAK
P03432,wallet,upi_999818,SBI
P03433,card,****5082,ICICI
P03434,card,****1130,KOTAK
P03435,upi,upi_235359,HDFC
P03436,wallet,upi_281757,HDFC
P03437,upi,upi_898683,HDFC
P03438,upi,upi_442699,SBI
P03439,wallet,upi_464639,ICICI
P03440,upi,upi_760914,AXIS
P03441,upi,upi_453032,AXIS
P03442,wallet,upi_238319,ICICI
P03443,card,****5004,HDFC
P03444,card,****5944,SBI
P03445,wallet,upi_553862,SBI
P03446,upi,upi_167201,ICICI
P03447,wallet,upi_740615,ICICI
P03448,wallet,upi_157260,HDFC
P03449,card,****6828,HDFC
P03450,card,****2880,ICICI
P03451,wallet,upi_583887,SBI
P03452,upi,upi_473543,KOTAK
P03453,wallet,upi_723803,AXIS
P03454,card,****6419,KOTAK
P03455,upi,upi_758510,AXIS
P03456,card,****8049,HDFC
P03457,wallet,upi_739090,ICICI
P03458,card,****5277,SBI
P03459,wallet,upi_412837,ICICI
P03460,upi,upi_829560,SBI
P03461,upi,upi_506728,ICICI
P03462,card,****2187,ICICI
P03463,wallet,upi_677482,SBI
P03464,card,****4353,SBI
P03465,card,****4121,AXIS
P03466,card,****3223,HDFC
P03467,card,****4193,SBI
P03468,upi,upi_406975,ICICI
P03469,upi,upi_526327,ICICI
P03470,wallet,upi_213017,HDFC
P03471,upi,upi_343259,AXIS
P03472,wallet,upi_707592,AXIS
P03473,wallet,upi_877468,AXIS
P03474,wallet,upi_971571,HDFC
P03475,card,****6141,ICICI
P03476,wallet,upi_394209,AXIS
P03477,wallet,upi_152557,ICICI
P03478,wallet,upi_194026,AXIS
P03479,upi,upi_399941,HDFC
P03480,upi,upi_376295,ICICI
P03481,card,****5949,ICICI
P03482,upi,upi_161284,ICICI
P03483,card,****9791,SBI
P03484,card,****3676,ICICI
P03485,wallet,upi_739109,SBI
P03486,upi,upi_509829,SBI
P03487,card,****8347,SBI
P03488,wallet,upi_890512,ICICI
P03489,card,****4293,ICICI
P03490,wallet,upi_260765,KOTAK
P03491,card,****1152,ICICI
P03492,card,****3202,SBI
P03493,upi,upi_701480,HDFC
P03494,card,****4349,HDFC
P03495,card,****1359,ICICI
P03496,card,****5155,AXIS
P03497,upi,upi_562393,HDFC
P03498,wallet,upi_825885,HDFC
P03499,wallet,upi_548555,AXIS
P03500,upi,upi_955412,HDFC
P03501,upi,upi_997479,AXIS
P03502,card,****8837,KOTAK
P03503,wallet,upi_464247,SBI
P03504,card,****1928,ICICI
P03505,upi,upi_772928,SBI
P03506,card,****1918,HDFC
P03507,card,****4781,KOTAK
P03508,wallet,upi_906965,SBI
P03509,upi,upi_278915,ICICI
P03510,card,****4551,SBI
P03511,wallet,upi_930895,ICICI
P03512,card,****3081,KOTAK
P03513,upi,upi_580722,HDFC
P03514,wallet,upi_948821,HDFC
P03515,card,****8441,ICICI
P03516,card,****3169,SBI
P03517,card,****7116,HDFC
P03518,upi,upi_953880,AXIS
P03519,upi,upi_792640,KOTAK
P03520,upi,upi_865090,HDFC
P03521,upi,upi_773388,AXIS
P03522,upi,upi_964907,SBI
P03523,upi,upi_211013,KOTAK
P03524,wallet,upi_291760,SBI
P03525,card,****7329,SBI
P03526,wallet,upi_667933,ICICI
P03527,wallet,upi_562113,ICICI
P03528,wallet,upi_591950,ICICI
P03529,upi,upi_630358,HDFC
P03530,card,****3548,SBI
P03531,wallet,upi_142051,KOTAK
P03532,wallet,upi_459915,AXIS
P03533,upi,upi_895082,KOTAK
P03534,upi,upi_847227,SBI
P03535,wallet,upi_859910,ICICI
P03536,card,****8953,ICICI
P03537,wallet,upi_296740,AXIS
P03538,wallet,upi_906796,HDFC
P03539,card,****2633,ICICI
P03540,card,****2408,HDFC
P03541,card,****9698,AXIS
P03542,wallet,upi_144002,ICICI
P03543,wallet,upi_463494,KOTAK
P03544,upi,upi_946559,KOTAK
P03545,card,****2211,AXIS
P03546,card,****8941,SBI
P03547,wallet,upi_137805,ICICI
P03548,wallet,upi_258388,SBI
P03549,card,****5125,SBI
P03550,card,****6215,HDFC
P03551,upi,upi_206979,ICICI
P03552,card,****3328,AXIS
P03553,upi,upi_884794,SBI
P03554,card,****4609,KOTAK
P03555,upi,upi_290618,ICICI
P03556,card,****6909,SBI
P03557,card,****3364,HDFC
P03558,upi,upi_284704,AXIS
P03559,wallet,upi_436071,SBI
P03560,wallet,upi_777431,AXIS
P03561,card,****4199,HDFC
P03562,wallet,upi_665789,ICICI
P03563,card,****5749,SBI
P03564,upi,upi_564328,HDFC
P03565,upi,upi_626598,KOTAK
P03566,upi,upi_633279,KOTAK
P03567,wallet,upi_446652,HDFC
P03568,upi,upi_587194,HDFC
P03569,card,****1169,SBI
P03570,wallet,upi_816299,AXIS
P03571,wallet,upi_817597,SBI
P03572,card,****6131,ICICI
P03573,wallet,upi_569966,AXIS
P03574,upi,upi_754221,ICICI
P03575,upi,upi_547887,ICICI
P03576,card,****6186,AXIS
P03577,card,****5391,ICICI
P03578,upi,upi_622199,AXIS
P03579,upi,upi_933398,ICICI
P03580,card,****6876,KOTAK
P03581,card,****1287,AXIS
P03582,card,****7543,SBI
P03583,wallet,upi_187781,ICICI
P03584,wallet,upi_240321,HDFC
P03585,wallet,upi_486804,KOTAK
P03586,wallet,upi_265326,ICICI
P03587,wallet,upi_399722,HDFC
P03588,card,****6285,AXIS
P03589,card,****1688,ICICI
P03590,wallet,upi_433180,SBI
P03591,wallet,upi_835189,KOTAK
P03592,upi,upi_343889,AXIS
P03593,card,****8590,ICICI
P03594,wallet,upi_528453,ICICI
P03595,wallet,upi_857826,SBI
P03596,wallet,upi_901054,ICICI
P03597,card,****8069,AXIS
P03598,card,****6492,SBI
P03599,wallet,upi_639358,HDFC
P03600,wallet,upi_801311,KOTAK
P03601,upi,upi_201812,ICICI
P03602,card,****2752,ICICI
P03603,wallet,upi_664458,HDFC
P03604,card,****5466,KOTAK
P03605,wallet,upi_993038,ICICI
P03606,wallet,upi_997097,ICICI
P03607,card,****2371,ICICI
P03608,card,****2546,ICICI
P03609,card,****7096,SBI
P03610,wallet,upi_794939,HDFC
P03611,wallet,upi_490583,KOTAK
P03612,card,****8134,KOTAK
P03613,upi,upi_661811,AXIS
P03614,upi,upi_412427,HDFC
P03615,card,****2797,KOTAK
P03616,upi,upi_374877,KOTAK
P03617,wallet,upi_161328,AXIS
P03618,upi,upi_420439,ICICI
P03619,wallet,upi_101006,HDFC
P03620,upi,upi_286291,KOTAK
P03621,wallet,upi_622010,AXIS
P03622,wallet,upi_649891,AXIS
P03623,card,****6139,KOTAK
P03624,upi,upi_913630,AXIS
P03625,wallet,upi_521240,SBI
P03626,upi,upi_885314,SBI
P03627,wallet,upi_224520,KOTAK
P03628,upi,upi_859400,ICICI
P03629,card,****5852,ICICI
P03630,card,****3308,AXIS
P03631,card,****3933,HDFC
P03632,card,****3998,HDFC
P03633,upi,upi_823703,HDFC
P03634,card,****5658,ICICI
P03635,wallet,upi_365222,KOTAK
P03636,card,****2847,SBI
P03637,wallet,upi_609185,KOTAK
P03638,wallet,upi_910009,HDFC
P03639,card,****8717,KOTAK
P03640,upi,upi_260876,AXIS
P03641,wallet,upi_739013,KOTAK
P03642,wallet,upi_391173,KOTAK
P03643,wallet,upi_652438,HDFC
P03644,wallet,upi_268698,KOTAK
P03645,wallet,upi_308837,HDFC
P03646,wallet,upi_676247,HDFC
P03647,card,****4593,AXIS
P03648,upi,upi_529728,HDFC
P03649,wallet,upi_821618,ICICI
P03650,wallet,upi_102234,HDFC
P03651,card,****6698,ICICI
P03652,wallet,upi_269128,KOTAK
P03653,upi,upi_302785,KOTAK
P03654,upi,upi_297711,HDFC
P03655,card,****6271,HDFC
P03656,upi,upi_948940,ICICI
P03657,upi,upi_356137,KOTAK
P03658,card,****1031,SBI
P03659,wallet,upi_822586,ICICI
P03660,upi,upi_983374,KOTAK
P03661,card,****2023,HDFC
P03662,upi,upi_517446,KOTAK
P03663,wallet,upi_553189,ICICI
P03664,upi,upi_893023,AXIS
P03665,card,****4721,ICICI
P03666,wallet,upi_316855,KOTAK
P03667,wallet,upi_504083,ICICI
P03668,card,****8924,AXIS
P03669,wallet,upi_187348,KOTAK
P03670,upi,upi_765845,HDFC
P03671,wallet,upi_668675,AXIS
P03672,card,****7515,AXIS
P03673,card,****5060,AXIS
P03674,wallet,upi_419504,HDFC
P03675,card,****2218,ICICI
P03676,card,****9287,ICICI
P03677,card,****4696,KOTAK
P03678,card,****2624,KOTAK
P03679,wallet,upi_866603,ICICI
P03680,upi,upi_295910,AXIS
P03681,wallet,upi_729236,HDFC
P03682,wallet,upi_600035,SBI
P03683,wallet,upi_901378,HDFC
P03684,upi,upi_605705,AXIS
P03685,upi,upi_199585,HDFC
P03686,upi,upi_892217,SBI
P03687,wallet,upi_275162,HDFC
P03688,wallet,upi_664371,KOTAK
P03689,card,****5364,ICICI
P03690,card,****3087,AXIS
P03691,wallet,upi_566191,AXIS
P03692,card,****8547,KOTAK
P03693,wallet,upi_216044,SBI
P03694,wallet,upi_539352,KOTAK
P03695,wallet,upi_774498,ICICI
P03696,wallet,upi_826431,SBI
P03697,upi,upi_792837,AXIS
P03698,card,****1272,ICICI
P03699,wallet,upi_509772,AXIS
P03700,upi,upi_829736,AXIS
P03701,wallet,upi_503148,ICICI
P03702,wallet,upi_471093,KOTAK
P03703,card,****3266,SBI
P03704,upi,upi_314056,SBI
P03705,wallet,upi_631868,KOTAK
P03706,wallet,upi_270401,SBI
P03707,upi,upi_334373,KOTAK
P03708,upi,upi_803764,AXIS
P03709,wallet,upi_767378,HDFC
P03710,upi,upi_874031,SBI
P03711,card,****1368,AXIS
P03712,upi,upi_757878,AXIS
P03713,card,****7750,AXIS
P03714,wallet,upi_419304,HDFC
P03715,upi,upi_701981,KOTAK
P03716,upi,upi_607962,HDFC
P03717,wallet,upi_104034,KOTAK
P03718,wallet,upi_579497,SBI
P03719,wallet,upi_812733,AXIS
P03720,upi,upi_686311,SBI
P03721,wallet,upi_747817,KOTAK
P03722,upi,upi_525331,SBI
P03723,card,****9340,ICICI
P03724,wallet,upi_940939,KOTAK
P03725,upi,upi_218011,AXIS
P03726,upi,upi_354313,SBI
P03727,upi,upi_644197,SBI
P03728,card,****7531,KOTAK
P03729,wallet,upi_947697,KOTAK
P03730,card,****7239,SBI
P03731,wallet,upi_659629,HDFC
P03732,upi,upi_404103,SBI
P03733,card,****3730,KOTAK
P03734,upi,upi_110394,SBI
P03735,card,****2937,HDFC
P03736,card,****7528,ICICI
P03737,upi,upi_140983,AXIS
P03738,upi,upi_403959,KOTAK
P03739,wallet,upi_164179,HDFC
P03740,wallet,upi_287843,SBI
P03741,wallet,upi_974055,SBI
P03742,upi,upi_645347,HDFC
P03743,card,****1008,KOTAK
P03744,wallet,upi_700974,KOTAK
P03745,card,****1674,SBI
P03746,upi,upi_419942,KOTAK
P03747,wallet,upi_348471,KOTAK
P03748,wallet,upi_872688,AXIS
P03749,upi,upi_973891,HDFC
P03750,wallet,upi_464519,AXIS
P03751,card,****1238,ICICI
P03752,upi,upi_926595,SBI
P03753,card,****1774,HDFC
P03754,card,****1752,SBI
P03755,wallet,upi_509340,AXIS
P03756,card,****6830,ICICI
P03757,card,****6856,AXIS
P03758,upi,upi_201807,KOTAK
P03759,upi,upi_904524,KOTAK
P03760,card,****8180,KOTAK
P03761,wallet,upi_985701,SBI
P03762,upi,upi_570627,KOTAK
P03763,card,****9235,AXIS
P03764,wallet,upi_120453,HDFC
P03765,wallet,upi_595037,ICICI
P03766,upi,upi_773960,HDFC
P03767,card,****2851,ICICI
P03768,upi,upi_490449,HDFC
P03769,card,****4783,SBI
P03770,upi,upi_417735,SBI
P03771,card,****1708,AXIS
P03772,upi,upi_387581,SBI
P03773,upi,upi_685761,AXIS
P03774,upi,upi_272841,SBI
P03775,card,****7190,ICICI
P03776,card,****2914,SBI
P03777,upi,upi_740975,KOTAK
P03778,upi,upi_600890,ICICI
P03779,upi,upi_546137,ICICI
P03780,card,****3962,HDFC
P03781,wallet,upi_108298,SBI
P03782,card,****4530,SBI
P03783,upi,upi_931655,HDFC
P03784,upi,upi_623138,SBI
P03785,upi,upi_507683,SBI
P03786,wallet,upi_402591,SBI
P03787,upi,upi_726301,ICICI
P03788,wallet,upi_558304,SBI
P03789,card,****2579,ICICI
P03790,wallet,upi_336164,SBI
P03791,card,****9013,HDFC
P03792,card,****5709,SBI
P03793,wallet,upi_464587,ICICI
P03794,card,****3723,KOTAK
P03795,card,****1054,ICICI
P03796,upi,upi_233930,ICICI
P03797,card,****2113,AXIS
P03798,card,****3345,AXIS
P03799,upi,upi_264681,AXIS
P03800,upi,upi_662111,KOTAK
P03801,wallet,upi_358348,KOTAK
P03802,upi,upi_682678,SBI
P03803,wallet,upi_807900,SBI
P03804,wallet,upi_440497,ICICI
P03805,card,****6001,ICICI
P03806,wallet,upi_982584,SBI
P03807,card,****6122,HDFC
P03808,upi,upi_221274,KOTAK
P03809,upi,upi_613019,SBI
P03810,wallet,upi_188115,AXIS
P03811,card,****1896,SBI
P03812,card,****9668,HDFC
P03813,upi,upi_423500,KOTAK
P03814,card,****5232,AXIS
P03815,upi,upi_422181,SBI
P03816,upi,upi_341509,SBI
P03817,wallet,upi_325259,SBI
P03818,card,****5875,AXIS
P03819,wallet,upi_867348,SBI
P03820,card,****8557,HDFC
P03821,upi,upi_708783,SBI
P03822,wallet,upi_944919,KOTAK
P03823,upi,upi_309126,SBI
P03824,upi,upi_988568,KOTAK
P03825,card,****1600,SBI
P03826,card,****9000,KOTAK
P03827,wallet,upi_131756,ICICI
P03828,card,****3044,KOTAK
P03829,card,****7902,HDFC
P03830,card,****4293,ICICI
P03831,wallet,upi_646481,KOTAK
P03832,card,****7997,HDFC
P03833,wallet,upi_597480,KOTAK
P03834,wallet,upi_283587,KOTAK
P03835,card,****6777,ICICI
P03836,upi,upi_669696,AXIS
P03837,card,****1157,SBI
P03838,wallet,upi_555915,ICICI
P03839,upi,upi_817510,HDFC
P03840,upi,upi_290357,HDFC
P03841,upi,upi_825100,SBI
P03842,upi,upi_442585,ICICI
P03843,upi,upi_864347,ICICI
P03844,upi,upi_951619,KOTAK
P03845,card,****2663,KOTAK
P03846,wallet,upi_212596,SBI
P03847,upi,upi_818860,AXIS
P03848,card,****5792,SBI
P03849,upi,upi_620685,HDFC
P03850,wallet,upi_602467,AXIS
P03851,wallet,upi_497305,ICICI
P03852,wallet,upi_948373,AXIS
P03853,wallet,upi_168476,SBI
P03854,card,****4439,AXIS
P03855,card,****5209,AXIS
P03856,wallet,upi_932429,AXIS
P03857,upi,upi_458041,HDFC
P03858,wallet,upi_716082,KOTAK
P03859,wallet,upi_928686,HDFC
P03860,wallet,upi_138725,HDFC
P03861,card,****9720,KOTAK
P03862,wallet,upi_456813,AXIS
P03863,card,****1277,KOTAK
P03864,card,****6576,ICICI
P03865,card,****2392,KOTAK
P03866,wallet,upi_529495,KOTAK
P03867,upi,upi_401454,ICICI
P03868,wallet,upi_409129,AXIS
P03869,upi,upi_871880,KOTAK
P03870,wallet,upi_411994,KOTAK
P03871,wallet,upi_744949,AXIS
P03872,wallet,upi_488719,AXIS
P03873,card,****7077,AXIS
P03874,upi,upi_765960,KOTAK
P03875,upi,upi_890871,KOTAK
P03876,card,****9492,HDFC
P03877,wallet,upi_153836,ICICI
P03878,card,****2170,AXIS
P03879,wallet,upi_712165,AXIS
P03880,wallet,upi_664986,KOTAK
P03881,wallet,upi_794759,HDFC
P03882,card,****5902,KOTAK
P03883,wallet,upi_296640,KOTAK
P03884,upi,upi_185930,AXIS
P03885,card,****6376,KOTAK
P03886,wallet,upi_413785,SBI
P03887,upi,upi_950274,HDFC
P03888,upi,upi_933413,ICICI
P03889,upi,upi_620449,ICICI
P03890,wallet,upi_510222,KOTAK
P03891,card,****2359,ICICI
P03892,wallet,upi_328209,HDFC
P03893,card,****9653,KOTAK
P03894,upi,upi_888513,AXIS
P03895,wallet,upi_219618,HDFC
P03896,wallet,upi_357699,KOTAK
P03897,upi,upi_974818,KOTAK
P03898,card,****5507,SBI
P03899,wallet,upi_111908,HDFC
P03900,wallet,upi_933541,KOTAK
P03901,wallet,upi_984694,KOTAK
P03902,wallet,upi_987014,ICICI
P03903,card,****8295,AXIS
P03904,wallet,upi_149276,SBI
P03905,upi,upi_254986,KOTAK
P03906,upi,upi_543504,KOTAK
P03907,card,****4621,SBI
P03908,card,****6129,KOTAK
P03909,wallet,upi_887331,HDFC
P03910,wallet,upi_587251,HDFC
P03911,wallet,upi_433884,ICICI
P03912,card,****7464,HDFC
P03913,wallet,upi_880573,HDFC
P03914,card,****4950,KOTAK
P03915,card,****1170,ICICI
P03916,wallet,upi_231753,KOTAK
P03917,upi,upi_422304,ICICI
P03918,wallet,upi_430457,SBI
P03919,card,****4987,AXIS
P03920,card,****1967,KOTAK
P03921,upi,upi_966492,KOTAK
P03922,card,****9229,HDFC
P03923,card,****5643,SBI
P03924,card,****3222,SBI
P03925,card,****8553,ICICI
P03926,upi,upi_173063,SBI
P03927,wallet,upi_933696,KOTAK
P03928,upi,upi_315630,AXIS
P03929,upi,upi_246654,AXIS
P03930,card,****4555,SBI
P03931,wallet,upi_855629,KOTAK
P03932,upi,upi_695958,ICICI
P03933,card,****6787,ICICI
P03934,wallet,upi_163285,HDFC
P03935,wallet,upi_450081,KOTAK
P03936,upi,upi_887769,AXIS
P03937,card,****7008,SBI
P03938,upi,upi_797994,ICICI
P03939,card,****6477,AXIS
P03940,upi,upi_351038,KOTAK
P03941,upi,upi_695695,ICICI
P03942,upi,upi_463559,HDFC
P03943,card,****7223,SBI
P03944,card,****7437,KOTAK
P03945,card,****3195,KOTAK
P03946,card,****8725,AXIS
P03947,card,****8486,HDFC
P03948,card,****9924,KOTAK
P03949,upi,upi_902904,AXIS
P03950,upi,upi_104913,SBI
P03951,card,****5833,ICICI
P03952,wallet,upi_186200,AXIS
P03953,upi,upi_368880,HDFC
P03954,wallet,upi_816133,AXIS
P03955,card,****1572,HDFC
P03956,wallet,upi_830404,AXIS
P03957,upi,upi_765432,ICICI
P03958,upi,upi_661421,SBI
P03959,upi,upi_968467,SBI
P03960,card,****7116,HDFC
P03961,card,****4095,KOTAK
P03962,wallet,upi_101281,ICICI
P03963,upi,upi_324388,HDFC
P03964,upi,upi_249642,AXIS
P03965,upi,upi_318660,AXIS
P03966,card,****9341,HDFC
P03967,upi,upi_764545,SBI
P03968,wallet,upi_383732,AXIS
P03969,card,****9664,KOTAK
P03970,card,****6193,ICICI
P03971,card,****7746,KOTAK
P03972,card,****7854,AXIS
P03973,upi,upi_372763,KOTAK
P03974,wallet,upi_825672,HDFC
P03975,wallet,upi_282138,ICICI
P03976,wallet,upi_662646,SBI
P03977,wallet,upi_633879,AXIS
P03978,upi,upi_435440,SBI
P03979,card,****4885,SBI
P03980,wallet,upi_884981,AXIS
P03981,card,****9043,HDFC
P03982,upi,upi_378797,ICICI
P03983,card,****7960,KOTAK
P03984,wallet,upi_225638,HDFC
P03985,upi,upi_979905,SBI
P03986,wallet,upi_902859,HDFC
P03987,card,****5998,ICICI
P03988,wallet,upi_628353,KOTAK
P03989,card,****9310,AXIS
P03990,card,****9984,AXIS
P03991,upi,upi_783566,SBI
P03992,wallet,upi_333250,ICICI
P03993,card,****7630,SBI
P03994,upi,upi_571342,HDFC
P03995,upi,upi_198873,ICICI
P03996,wallet,upi_108838,KOTAK
P03997,card,****2846,SBI
P03998,card,****9399,AXIS
P03999,card,****4052,KOTAK
P04000,card,****7486,ICICI
P04001,upi,upi_377356,ICICI
P04002,card,****5292,HDFC
P04003,wallet,upi_988544,ICICI
P04004,card,****2392,KOTAK
P04005,card,****6834,AXIS
P04006,upi,upi_240457,HDFC
P04007,upi,upi_894780,SBI
P04008,card,****1322,HDFC
P04009,wallet,upi_823665,AXIS
P04010,wallet,upi_720301,SBI
P04011,card,****4524,ICICI
P04012,upi,upi_489264,ICICI
P04013,wallet,upi_774492,HDFC
P04014,card,****8908,KOTAK
P04015,upi,upi_203589,ICICI
P04016,card,****5539,KOTAK
P04017,upi,upi_129529,KOTAK
P04018,wallet,upi_871100,KOTAK
P04019,upi,upi_258359,AXIS
P04020,upi,upi_702235,AXIS
P04021,card,****4003,ICICI
P04022,upi,upi_181923,AXIS
P04023,upi,upi_931993,ICICI
P04024,card,****5745,HDFC
P04025,upi,upi_972815,ICICI
P04026,card,****7868,HDFC
P04027,card,****9742,KOTAK
P04028,card,****1580,ICICI
P04029,upi,upi_501155,KOTAK
P04030,upi,upi_204036,AXIS
P04031,card,****1823,AXIS
P04032,card,****3446,KOTAK
P04033,upi,upi_570444,ICICI
P04034,card,****3481,HDFC
P04035,card,****6492,ICICI
P04036,upi,upi_941574,AXIS
P04037,wallet,upi_242126,HDFC
P04038,wallet,upi_477897,ICICI
P04039,upi,upi_670112,KOTAK
P04040,card,****1163,SBI
P04041,upi,upi_598908,KOTAK
P04042,upi,upi_131483,HDFC
P04043,card,****9108,ICICI
P04044,card,****6464,KOTAK
P04045,card,****1425,AXIS
P04046,card,****8560,HDFC
P04047,card,****1567,AXIS
P04048,card,****3625,HDFC
P04049,card,****4345,KOTAK
P04050,upi,upi_693883,HDFC
P04051,wallet,upi_634056,AXIS
P04052,card,****7387,AXIS
P04053,card,****4041,HDFC
P04054,card,****5159,SBI
P04055,wallet,upi_911046,SBI
P04056,wallet,upi_527308,HDFC
P04057,upi,upi_216349,KOTAK
P04058,card,****9964,HDFC
P04059,upi,upi_974758,HDFC
P04060,upi,upi_369311,SBI
P04061,card,****7669,HDFC
P04062,card,****4695,SBI
P04063,upi,upi_998449,ICICI
P04064,card,****6907,ICICI
P04065,card,****7509,HDFC
P04066,card,****6608,ICICI
P04067,card,****5421,HDFC
P04068,card,****1278,KOTAK
P04069,upi,upi_419911,AXIS
P04070,upi,upi_289052,AXIS
P04071,wallet,upi_123701,ICICI
P04072,wallet,upi_291503,AXIS
P04073,wallet,upi_755894,SBI
P04074,upi,upi_198957,ICICI
P04075,card,****8705,AXIS
P04076,card,****8628,KOTAK
P04077,upi,upi_855184,KOTAK
P04078,card,****3194,SBI
P04079,upi,upi_967341,SBI
P04080,wallet,upi_666283,SBI
P04081,card,****7263,HDFC
P04082,card,****2732,HDFC
P04083,wallet,upi_799835,HDFC
P04084,upi,upi_663110,KOTAK
P04085,card,****3797,AXIS
P04086,wallet,upi_524257,SBI
P04087,wallet,upi_736118,KOTAK
P04088,upi,upi_367700,AXIS
P04089,wallet,upi_548748,KOTAK
P04090,wallet,upi_541766,ICICI
P04091,card,****8595,AXIS
P04092,card,****1158,KOTAK
P04093,wallet,upi_382312,SBI
P04094,upi,upi_371390,HDFC
P04095,wallet,upi_885594,ICICI
P04096,upi,upi_960738,KOTAK
P04097,card,****2794,KOTAK
P04098,card,****9039,SBI
P04099,wallet,upi_987484,KOTAK
P04100,card,****2404,AXIS
P04101,upi,upi_145730,HDFC
P04102,upi,upi_699031,KOTAK
P04103,card,****7439,KOTAK
P04104,wallet,upi_755703,ICICI
P04105,card,****6341,ICICI
P04106,upi,upi_666579,SBI
P04107,wallet,upi_558276,SBI
P04108,upi,upi_140970,KOTAK
P04109,card,****2921,ICICI
P04110,wallet,upi_653421,AXIS
P04111,upi,upi_387646,AXIS
P04112,card,****3425,HDFC
P04113,card,****2080,ICICI
P04114,card,****9055,ICICI
P04115,card,****6886,SBI
P04116,card,****4410,ICICI
P04117,card,****1998,HDFC
P04118,card,****9987,KOTAK
P04119,upi,upi_360746,SBI
P04120,wallet,upi_849015,AXIS
P04121,upi,upi_350895,KOTAK
P04122,card,****1079,HDFC
P04123,wallet,upi_646404,KOTAK
P04124,wallet,upi_194352,HDFC
P04125,upi,upi_224896,AXIS
P04126,card,****1379,KOTAK
P04127,card,****7299,KOTAK
P04128,wallet,upi_758270,ICICI
P04129,card,****3275,AXIS
P04130,card,****8483,KOTAK
P04131,wallet,upi_657771,KOTAK
P04132,wallet,upi_582167,KOTAK
P04133,card,****7360,HDFC
P04134,wallet,upi_933782,SBI
P04135,upi,upi_669719,HDFC
P04136,wallet,upi_545914,AXIS
P04137,upi,upi_507380,ICICI
P04138,card,****1830,HDFC
P04139,wallet,upi_955570,KOTAK
P04140,wallet,upi_390801,ICICI
P04141,card,****8119,HDFC
P04142,card,****5002,AXIS
P04143,card,****2574,KOTAK
P04144,card,****6215,HDFC
P04145,wallet,upi_733475,KOTAK
P04146,wallet,upi_487323,SBI
P04147,upi,upi_625597,ICICI
P04148,wallet,upi_943952,SBI
P04149,card,****1297,ICICI
P04150,wallet,upi_372393,HDFC
P04151,card,****6947,ICICI
P04152,upi,upi_899685,ICICI
P04153,upi,upi_532928,AXIS
P04154,card,****8315,SBI
P04155,upi,upi_702673,KOTAK
P04156,wallet,upi_362545,SBI
P04157,wallet,upi_838253,SBI
P04158,upi,upi_552924,AXIS
P04159,card,****1879,HDFC
P04160,card,****3260,SBI
P04161,wallet,upi_856041,HDFC
P04162,card,****9832,HDFC
P04163,wallet,upi_631623,ICICI
P04164,card,****4645,KOTAK
P04165,upi,upi_725437,SBI
P04166,card,****3445,AXIS
P04167,card,****1551,KOTAK
P04168,upi,upi_625123,HDFC
P04169,upi,upi_374810,SBI
P04170,card,****8660,ICICI
P04171,upi,upi_768124,ICICI
P04172,upi,upi_426708,ICICI
P04173,card,****6643,AXIS
P04174,card,****1137,SBI
P04175,card,****3612,KOTAK
P04176,card,****3285,KOTAK
P04177,wallet,upi_448143,HDFC
P04178,wallet,upi_221839,AXIS
P04179,card,****3894,SBI
P04180,upi,upi_691880,HDFC
P04181,upi,upi_797888,AXIS
P04182,card,****1519,HDFC
P04183,upi,upi_730839,ICICI
P04184,card,****1907,SBI
P04185,upi,upi_528236,HDFC
P04186,card,****2396,ICICI
P04187,wallet,upi_354073,KOTAK
P04188,card,****8508,HDFC
P04189,card,****2470,ICICI
P04190,card,****3083,KOTAK
P04191,wallet,upi_757610,AXIS
P04192,card,****6748,HDFC
P04193,card,****1481,SBI
P04194,wallet,upi_850078,SBI
P04195,card,****9155,AXIS
P04196,upi,upi_887931,SBI
P04197,card,****5236,SBI
P04198,upi,upi_860643,HDFC
P04199,upi,upi_786913,ICICI
P04200,card,****8205,AXIS
P04201,card,****5912,AXIS
P04202,card,****2754,KOTAK
P04203,card,****6454,ICICI
P04204,card,****6995,AXIS
P04205,wallet,upi_879638,ICICI
P04206,wallet,upi_424143,AXIS
P04207,card,****5251,ICICI
P04208,upi,upi_685455,AXIS
P04209,card,****9047,AXIS
P04210,wallet,upi_277290,ICICI
P04211,upi,upi_893627,HDFC
P04212,wallet,upi_812390,ICICI
P04213,upi,upi_800635,ICICI
P04214,upi,upi_575071,HDFC
P04215,wallet,upi_511025,AXIS
P04216,wallet,upi_948549,AXIS
P04217,upi,upi_832734,AXIS
P04218,card,****3130,SBI
P04219,card,****8240,AXIS
P04220,wallet,upi_563468,KOTAK
P04221,upi,upi_928487,KOTAK
P04222,upi,upi_596296,AXIS
P04223,card,****3615,KOTAK
P04224,card,****4402,SBI
P04225,card,****1598,AXIS
P04226,card,****9360,SBI
P04227,wallet,upi_693101,AXIS
P04228,upi,upi_252645,ICICI
P04229,card,****6131,SBI
P04230,card,****6039,HDFC
P04231,upi,upi_861327,AXIS
P04232,wallet,upi_890521,AXIS
P04233,wallet,upi_259761,HDFC
P04234,card,****2423,SBI
P04235,wallet,upi_553848,SBI
P04236,wallet,upi_874116,SBI
P04237,card,****6847,SBI
P04238,wallet,upi_923818,ICICI
P04239,card,****7548,SBI
P04240,upi,upi_774043,HDFC
P04241,card,****2656,KOTAK
P04242,upi,upi_911713,ICICI
P04243,wallet,upi_677168,HDFC
P04244,wallet,upi_253880,AXIS
P04245,card,****1041,AXIS
P04246,card,****6025,ICICI
P04247,upi,upi_810062,KOTAK
P04248,upi,upi_624752,KOTAK
P04249,card,****2061,KOTAK
P04250,wallet,upi_390694,KOTAK
P04251,upi,upi_662917,HDFC
P04252,upi,upi_524832,SBI
P04253,card,****6690,HDFC
P04254,card,****1716,ICICI
P04255,card,****3637,SBI
P04256,upi,upi_305597,SBI
P04257,card,****4055,ICICI
P04258,card,****2940,AXIS
P04259,card,****6094,KOTAK
P04260,wallet,upi_653535,AXIS
P04261,card,****4927,AXIS
P04262,card,****2646,KOTAK
P04263,upi,upi_155439,HDFC
P04264,card,****3673,HDFC
P04265,wallet,upi_311439,HDFC
P04266,wallet,upi_568421,KOTAK
P04267,wallet,upi_753155,KOTAK
P04268,card,****2313,HDFC
P04269,upi,upi_134009,HDFC
P04270,card,****5879,AXIS
P04271,card,****4943,HDFC
P04272,wallet,upi_620494,HDFC
P04273,wallet,upi_962596,AXIS
P04274,wallet,upi_681724,AXIS
P04275,card,****2719,AXIS
P04276,card,****6812,KOTAK
P04277,card,****9312,SBI
P04278,card,****5667,AXIS
P04279,wallet,upi_444621,SBI
P04280,card,****2973,HDFC
P04281,card,****8168,SBI
P04282,card,****6532,KOTAK
P04283,card,****2955,HDFC
P04284,upi,upi_274554,KOTAK
P04285,wallet,upi_808832,AXIS
P04286,wallet,upi_880850,HDFC
P04287,upi,upi_244285,AXIS
P04288,wallet,upi_897392,HDFC
P04289,wallet,upi_337709,AXIS
P04290,card,****7807,HDFC
P04291,upi,upi_128825,KOTAK
P04292,wallet,upi_636855,HDFC
P04293,wallet,upi_592811,ICICI
P04294,card,****4322,KOTAK
P04295,wallet,upi_764527,AXIS
P04296,upi,upi_604492,AXIS
P04297,card,****9773,ICICI
P04298,upi,upi_455307,ICICI
P04299,card,****8330,AXIS
P04300,wallet,upi_211193,HDFC
P04301,card,****5698,KOTAK
P04302,card,****9995,SBI
P04303,upi,upi_588135,KOTAK
P04304,card,****1241,ICICI
P04305,wallet,upi_369372,SBI
P04306,card,****3211,ICICI
P04307,upi,upi_295268,ICICI
P04308,card,****7401,KOTAK
P04309,card,****7298,KOTAK
P04310,wallet,upi_900502,AXIS
P04311,wallet,upi_469530,AXIS
P04312,upi,upi_517763,AXIS
P04313,card,****7372,AXIS
P04314,wallet,upi_815798,SBI
P04315,card,****8158,KOTAK
P04316,wallet,upi_224145,ICICI
P04317,wallet,upi_990979,SBI
P04318,wallet,upi_884930,ICICI
P04319,card,****6273,HDFC
P04320,wallet,upi_221047,AXIS
P04321,upi,upi_963451,ICICI
P04322,upi,upi_176231,HDFC
P04323,upi,upi_110114,ICICI
P04324,card,****6963,HDFC
P04325,wallet,upi_648071,SBI
P04326,card,****5621,ICICI
P04327,wallet,upi_884395,HDFC
P04328,wallet,upi_664336,ICICI
P04329,wallet,upi_243606,SBI
P04330,wallet,upi_996825,SBI
P04331,wallet,upi_169162,ICICI
P04332,card,****1167,SBI
P04333,card,****7964,KOTAK
P04334,card,****1253,SBI
P04335,card,****1767,ICICI
P04336,card,****7034,HDFC
P04337,upi,upi_599406,SBI
P04338,wallet,upi_676768,AXIS
P04339,wallet,upi_404927,AXIS
P04340,wallet,upi_932766,ICICI
P04341,card,****6406,ICICI
P04342,upi,upi_676665,HDFC
P04343,card,****1051,SBI
P04344,card,****2941,SBI
P04345,upi,upi_541042,SBI
P04346,card,****9037,KOTAK
P04347,wallet,upi_925478,AXIS
P04348,card,****6243,AXIS
P04349,card,****6520,SBI
P04350,wallet,upi_902075,HDFC
P04351,card,****9945,HDFC
P04352,upi,upi_616611,SBI
P04353,card,****3195,ICICI
P04354,wallet,upi_490191,KOTAK
P04355,upi,upi_631302,HDFC
P04356,upi,upi_479878,SBI
P04357,card,****7166,HDFC
P04358,wallet,upi_951546,KOTAK
P04359,upi,upi_268586,ICICI
P04360,wallet,upi_501974,HDFC
P04361,card,****5843,SBI
P04362,upi,upi_895217,SBI
P04363,upi,upi_543391,AXIS
P04364,upi,upi_248212,HDFC
P04365,upi,upi_167798,AXIS
P04366,card,****1447,AXIS
P04367,card,****2001,KOTAK
P04368,upi,upi_228453,SBI
P04369,upi,upi_944637,SBI
P04370,wallet,upi_604034,KOTAK
P04371,wallet,upi_889198,ICICI
P04372,upi,upi_796862,HDFC
P04373,card,****2600,AXIS
P04374,upi,upi_421803,ICICI
P04375,wallet,upi_116720,ICICI
P04376,upi,upi_410909,HDFC
P04377,upi,upi_627700,SBI
P04378,wallet,upi_581316,ICICI
P04379,upi,upi_152230,ICICI
P04380,wallet,upi_281150,SBI
P04381,upi,upi_908009,AXIS
P04382,wallet,upi_653729,AXIS
P04383,card,****8387,ICICI
P04384,wallet,upi_641269,SBI
P04385,card,****8351,AXIS
P04386,upi,upi_362848,ICICI
P04387,card,****8296,AXIS
P04388,wallet,upi_316923,ICICI
P04389,upi,upi_170881,ICICI
P04390,upi,upi_318361,KOTAK
P04391,upi,upi_599004,AXIS
P04392,wallet,upi_245084,SBI
P04393,wallet,upi_231470,ICICI
P04394,wallet,upi_552185,KOTAK
P04395,upi,upi_736885,HDFC
P04396,upi,upi_804456,HDFC
P04397,upi,upi_642126,KOTAK
P04398,upi,upi_720045,ICICI
P04399,card,****1942,SBI
P04400,upi,upi_915184,ICICI
P04401,upi,upi_106319,SBI
P04402,card,****9598,KOTAK
P04403,card,****8770,ICICI
P04404,wallet,upi_538430,HDFC
P04405,upi,upi_725141,AXIS
P04406,upi,upi_369874,HDFC
P04407,upi,upi_301171,SBI
P04408,upi,upi_572102,HDFC
P04409,wallet,upi_596699,KOTAK
P04410,wallet,upi_585882,AXIS
P04411,wallet,upi_455468,SBI
P04412,upi,upi_266498,AXIS
P04413,card,****1452,ICICI
P04414,wallet,upi_372285,ICICI
P04415,card,****8812,ICICI
P04416,upi,upi_885990,ICICI
P04417,upi,upi_864037,ICICI
P04418,card,****1977,ICICI
P04419,card,****3412,AXIS
P04420,card,****2743,HDFC
P04421,upi,upi_970456,SBI
P04422,wallet,upi_613902,AXIS
P04423,wallet,upi_226554,AXIS
P04424,card,****7929,ICICI
P04425,card,****5825,ICICI
P04426,wallet,upi_669581,SBI
P04427,card,****5734,SBI
P04428,wallet,upi_523780,KOTAK
P04429,wallet,upi_343992,HDFC
P04430,upi,upi_284257,HDFC
P04431,upi,upi_706690,HDFC
P04432,card,****3935,ICICI
P04433,card,****3952,AXIS
P04434,wallet,upi_933317,KOTAK
P04435,card,****2567,SBI
P04436,card,****7512,SBI
P04437,upi,upi_969086,HDFC
P04438,card,****7919,KOTAK
P04439,card,****2170,AXIS
P04440,upi,upi_896365,HDFC
P04441,card,****2317,AXIS
P04442,card,****8301,HDFC
P04443,upi,upi_818537,HDFC
P04444,card,****5771,KOTAK
P04445,card,****4418,ICICI
P04446,upi,upi_975698,AXIS
P04447,card,****5158,SBI
P04448,upi,upi_705628,ICICI
P04449,card,****8218,ICICI
P04450,wallet,upi_392172,AXIS
P04451,upi,upi_353405,KOTAK
P04452,card,****9846,ICICI
P04453,wallet,upi_134090,AXIS
P04454,upi,upi_372744,HDFC
P04455,card,****6731,KOTAK
P04456,wallet,upi_742513,KOTAK
P04457,upi,upi_214007,KOTAK
P04458,card,****4684,ICICI
P04459,upi,upi_834752,ICICI
P04460,upi,upi_288934,KOTAK
P04461,card,****3622,KOTAK
P04462,card,****7350,ICICI
P04463,upi,upi_783899,HDFC
P04464,upi,upi_909924,KOTAK
P04465,upi,upi_162389,ICICI
P04466,upi,upi_853429,AXIS
P04467,upi,upi_514326,SBI
P04468,card,****8432,ICICI
P04469,wallet,upi_775829,SBI
P04470,upi,upi_315386,KOTAK
P04471,upi,upi_377636,KOTAK
P04472,wallet,upi_757039,KOTAK
P04473,upi,upi_124531,AXIS
P04474,wallet,upi_100598,KOTAK
P04475,wallet,upi_555972,SBI
P04476,card,****7859,AXIS
P04477,upi,upi_890141,AXIS
P04478,card,****3779,HDFC
P04479,wallet,upi_110726,HDFC
P04480,wallet,upi_983325,ICICI
P04481,wallet,upi_148714,ICICI
P04482,card,****2273,SBI
P04483,upi,upi_953381,ICICI
P04484,wallet,upi_134156,SBI
P04485,upi,upi_668552,KOTAK
P04486,card,****4689,ICICI
P04487,card,****6709,ICICI
P04488,card,****4379,ICICI
P04489,card,****3748,ICICI
P04490,upi,upi_170501,HDFC
P04491,card,****7131,SBI
P04492,upi,upi_994966,HDFC
P04493,card,****4706,SBI
P04494,upi,upi_444520,HDFC
P04495,card,****7632,KOTAK
P04496,wallet,upi_952659,KOTAK
P04497,wallet,upi_398673,ICICI
P04498,wallet,upi_303047,ICICI
P04499,card,****3657,SBI
P04500,card,****7457,ICICI
P04501,wallet,upi_547484,ICICI
P04502,card,****9804,HDFC
P04503,upi,upi_691743,KOTAK
P04504,wallet,upi_341687,HDFC
P04505,card,****5414,SBI
P04506,card,****3649,KOTAK
P04507,card,****8279,SBI
P04508,wallet,upi_511903,SBI
P04509,wallet,upi_730344,KOTAK
P04510,card,****1924,HDFC
P04511,card,****4976,AXIS
P04512,upi,upi_307710,HDFC
P04513,upi,upi_582120,SBI
P04514,wallet,upi_489750,SBI
P04515,card,****2074,HDFC
P04516,upi,upi_291105,KOTAK
P04517,upi,upi_772050,HDFC
P04518,wallet,upi_313017,AXIS
P04519,upi,upi_752354,HDFC
P04520,wallet,upi_238872,ICICI
P04521,upi,upi_568019,HDFC
P04522,wallet,upi_340207,HDFC
P04523,upi,upi_490465,ICICI
P04524,wallet,upi_520250,ICICI
P04525,upi,upi_996501,SBI
P04526,upi,upi_433973,ICICI
P04527,wallet,upi_994484,KOTAK
P04528,wallet,upi_518006,SBI
P04529,upi,upi_207883,ICICI
P04530,wallet,upi_126638,KOTAK
P04531,upi,upi_226317,AXIS
P04532,card,****1433,HDFC
P04533,wallet,upi_721901,ICICI
P04534,wallet,upi_877861,KOTAK
P04535,upi,upi_430726,ICICI
P04536,upi,upi_164051,ICICI
P04537,card,****2734,HDFC
P04538,upi,upi_824653,ICICI
P04539,upi,upi_471852,HDFC
P04540,upi,upi_198657,SBI
P04541,card,****3286,HDFC
P04542,wallet,upi_770928,HDFC
P04543,upi,upi_349312,HDFC
P04544,wallet,upi_992707,AXIS
P04545,upi,upi_720001,AXIS
P04546,wallet,upi_246441,SBI
P04547,upi,upi_734875,ICICI
P04548,upi,upi_826059,SBI
P04549,card,****3512,HDFC
P04550,wallet,upi_671742,ICICI
P04551,wallet,upi_958404,SBI
P04552,wallet,upi_936653,SBI
P04553,wallet,upi_665917,HDFC
P04554,wallet,upi_289092,HDFC
P04555,upi,upi_909144,KOTAK
P04556,upi,upi_616568,HDFC
P04557,upi,upi_616643,AXIS
P04558,wallet,upi_307905,ICICI
P04559,card,****3787,KOTAK
P04560,wallet,upi_685304,AXIS
P04561,upi,upi_199903,SBI
P04562,wallet,upi_159936,ICICI
P04563,upi,upi_589968,KOTAK
P04564,wallet,upi_403915,AXIS
P04565,upi,upi_160114,KOTAK
P04566,upi,upi_767460,KOTAK
P04567,upi,upi_870955,KOTAK
P04568,wallet,upi_301437,KOTAK
P04569,card,****6253,AXIS
P04570,wallet,upi_932291,AXIS
P04571,card,****7627,ICICI
P04572,card,****9321,SBI
P04573,upi,upi_605681,ICICI
P04574,wallet,upi_712893,ICICI
P04575,upi,upi_419966,ICICI
P04576,wallet,upi_434372,SBI
P04577,card,****7419,ICICI
P04578,wallet,upi_266748,ICICI
P04579,card,****6740,HDFC
P04580,card,****9737,ICICI
P04581,upi,upi_864764,AXIS
P04582,card,****5913,AXIS
P04583,card,****7736,ICICI
P04584,wallet,upi_897420,SBI
P04585,card,****1208,HDFC
P04586,card,****3662,ICICI
P04587,upi,upi_191424,SBI
P04588,wallet,upi_701251,ICICI
P04589,wallet,upi_112000,HDFC
P04590,wallet,upi_836274,AXIS
P04591,upi,upi_278510,AXIS
P04592,card,****3201,AXIS
P04593,upi,upi_100258,SBI
P04594,upi,upi_968253,HDFC
P04595,wallet,upi_478857,AXIS
P04596,card,****4032,HDFC
P04597,upi,upi_976561,SBI
P04598,wallet,upi_141249,HDFC
P04599,wallet,upi_342849,KOTAK
P04600,card,****1817,HDFC
P04601,wallet,upi_330273,ICICI
P04602,upi,upi_900079,ICICI
P04603,wallet,upi_749264,ICICI
P04604,card,****3626,SBI
P04605,upi,upi_198195,HDFC
P04606,wallet,upi_332986,AXIS
P04607,card,****1766,AXIS
P04608,card,****9665,ICICI
P04609,upi,upi_609454,HDFC
P04610,upi,upi_519403,SBI
P04611,upi,upi_216284,AXIS
P04612,card,****8766,AXIS
P04613,card,****7404,SBI
P04614,card,****9613,SBI
P04615,card,****1241,KOTAK
P04616,upi,upi_339357,AXIS
P04617,card,****4274,SBI
P04618,upi,upi_194509,AXIS
P04619,upi,upi_791048,ICICI
P04620,card,****2823,ICICI
P04621,card,****7723,HDFC
P04622,card,****5243,SBI
P04623,wallet,upi_197678,AXIS
P04624,upi,upi_243882,ICICI
P04625,wallet,upi_203957,AXIS
P04626,upi,upi_389429,SBI
P04627,card,****4221,AXIS
P04628,card,****8600,AXIS
P04629,wallet,upi_507226,KOTAK
P04630,upi,upi_599760,AXIS
P04631,card,****7913,ICICI
P04632,upi,upi_733764,SBI
P04633,card,****1737,SBI
P04634,upi,upi_948142,HDFC
P04635,upi,upi_443716,SBI
P04636,card,****9382,KOTAK
P04637,upi,upi_120733,HDFC
P04638,upi,upi_749826,KOTAK
P04639,wallet,upi_297956,ICICI
P04640,upi,upi_831206,ICICI
P04641,card,****3763,SBI
P04642,wallet,upi_329840,AXIS
P04643,upi,upi_379559,SBI
P04644,card,****9129,ICICI
P04645,card,****5401,SBI
P04646,upi,upi_918838,SBI
P04647,card,****9208,AXIS
P04648,wallet,upi_367940,AXIS
P04649,wallet,upi_897814,HDFC
P04650,card,****6880,SBI
P04651,wallet,upi_487682,ICICI
P04652,upi,upi_982970,ICICI
P04653,upi,upi_686585,KOTAK
P04654,card,****5601,AXIS
P04655,card,****4241,KOTAK
P04656,upi,upi_869594,SBI
P04657,card,****1198,HDFC
P04658,wallet,upi_455366,ICICI
P04659,wallet,upi_453596,SBI
P04660,upi,upi_877957,SBI
P04661,card,****2497,AXIS
P04662,wallet,upi_392056,ICICI
P04663,upi,upi_918130,KOTAK
P04664,wallet,upi_116780,HDFC
P04665,wallet,upi_918950,ICICI
P04666,upi,upi_659552,HDFC
P04667,upi,upi_804602,AXIS
P04668,card,****5992,AXIS
P04669,wallet,upi_765941,AXIS
P04670,wallet,upi_198422,SBI
P04671,card,****8464,KOTAK
P04672,wallet,upi_374647,SBI
P04673,card,****8488,HDFC
P04674,upi,upi_863092,AXIS
P04675,card,****9883,AXIS
P04676,wallet,upi_997726,SBI
P04677,upi,upi_368862,AXIS
P04678,upi,upi_237755,AXIS
P04679,card,****7621,KOTAK
P04680,card,****7025,SBI
P04681,wallet,upi_191360,KOTAK
P04682,upi,upi_956137,KOTAK
P04683,wallet,upi_738508,KOTAK
P04684,card,****1979,ICICI
P04685,upi,upi_598469,ICICI
P04686,wallet,upi_984078,HDFC
P04687,card,****9470,SBI
P04688,upi,upi_143001,AXIS
P04689,wallet,upi_982122,KOTAK
P04690,upi,upi_121426,SBI
P04691,card,****6952,AXIS
P04692,upi,upi_134882,SBI
P04693,card,****4733,ICICI
P04694,upi,upi_379979,AXIS
P04695,wallet,upi_633930,ICICI
P04696,card,****1443,AXIS
P04697,upi,upi_775924,AXIS
P04698,wallet,upi_321239,HDFC
P04699,upi,upi_593882,HDFC
P04700,wallet,upi_242228,ICICI
P04701,wallet,upi_292319,AXIS
P04702,upi,upi_999281,AXIS
P04703,wallet,upi_773576,SBI
P04704,card,****1264,KOTAK
P04705,upi,upi_632765,KOTAK
P04706,upi,upi_445083,ICICI
P04707,wallet,upi_896841,SBI
P04708,wallet,upi_726833,HDFC
P04709,upi,upi_593594,ICICI
P04710,wallet,upi_534854,ICICI
P04711,upi,upi_812756,ICICI
P04712,wallet,upi_640055,KOTAK
P04713,wallet,upi_892659,AXIS
P04714,upi,upi_125239,SBI
P04715,wallet,upi_438326,HDFC
P04716,wallet,upi_767733,SBI
P04717,wallet,upi_244756,ICICI
P04718,card,****8461,HDFC
P04719,upi,upi_779384,KOTAK
P04720,upi,upi_902154,HDFC
P04721,wallet,upi_520974,AXIS
P04722,card,****7670,AXIS
P04723,card,****4060,HDFC
P04724,card,****7589,ICICI
P04725,wallet,upi_809011,HDFC
P04726,upi,upi_300967,KOTAK
P04727,wallet,upi_285924,KOTAK
P04728,wallet,upi_183982,KOTAK
P04729,wallet,upi_267497,AXIS
P04730,card,****3521,AXIS
P04731,wallet,upi_438541,ICICI
P04732,card,****8596,HDFC
P04733,upi,upi_873364,HDFC
P04734,wallet,upi_543430,SBI
P04735,wallet,upi_375161,ICICI
P04736,upi,upi_715841,SBI
P04737,card,****1494,ICICI
P04738,wallet,upi_829238,KOTAK
P04739,wallet,upi_820333,ICICI
P04740,card,****4889,SBI
P04741,upi,upi_820463,KOTAK
P04742,wallet,upi_120214,HDFC
P04743,upi,upi_476221,KOTAK
P04744,wallet,upi_538878,AXIS
P04745,card,****7232,KOTAK
P04746,card,****2040,KOTAK
P04747,upi,upi_959335,KOTAK
P04748,upi,upi_299073,HDFC
P04749,upi,upi_371018,KOTAK
P04750,wallet,upi_270295,SBI
P04751,card,****9398,SBI
P04752,wallet,upi_924547,ICICI
P04753,card,****3403,HDFC
P04754,upi,upi_859881,KOTAK
P04755,card,****7787,AXIS
P04756,wallet,upi_105851,AXIS
P04757,wallet,upi_495213,SBI
P04758,wallet,upi_332567,HDFC
P04759,upi,upi_776541,KOTAK
P04760,wallet,upi_892309,HDFC
P04761,card,****7219,SBI
P04762,wallet,upi_857819,ICICI
P04763,wallet,upi_635824,HDFC
P04764,upi,upi_101544,ICICI
P04765,upi,upi_912343,HDFC
P04766,card,****8798,HDFC
P04767,wallet,upi_263657,AXIS
P04768,wallet,upi_412836,HDFC
P04769,upi,upi_150252,ICICI
P04770,card,****9407,KOTAK
P04771,card,****9480,HDFC
P04772,upi,upi_267073,AXIS
P04773,card,****9662,ICICI
P04774,wallet,upi_534759,KOTAK
P04775,card,****5849,SBI
P04776,wallet,upi_442096,HDFC
P04777,wallet,upi_991980,HDFC
P04778,upi,upi_254460,KOTAK
P04779,wallet,upi_791820,KOTAK
P04780,upi,upi_692389,ICICI
P04781,wallet,upi_778267,AXIS
P04782,wallet,upi_388998,HDFC
P04783,card,****7864,KOTAK
P04784,card,****7930,KOTAK
P04785,wallet,upi_217789,KOTAK
P04786,upi,upi_215530,ICICI
P04787,upi,upi_525873,AXIS
P04788,card,****1254,KOTAK
P04789,card,****9689,ICICI
P04790,card,****4933,KOTAK
P04791,card,****8475,HDFC
P04792,wallet,upi_894201,ICICI
P04793,upi,upi_304072,SBI
P04794,upi,upi_382406,ICICI
P04795,upi,upi_942078,KOTAK
P04796,upi,upi_760827,ICICI
P04797,wallet,upi_365375,SBI
P04798,wallet,upi_813521,AXIS
P04799,card,****2330,ICICI
P04800,card,****5837,ICICI
P04801,upi,upi_270190,SBI
P04802,card,****7681,KOTAK
P04803,card,****2474,ICICI
P04804,card,****8512,SBI
P04805,card,****1146,ICICI
P04806,wallet,upi_379193,KOTAK
P04807,upi,upi_524745,HDFC
P04808,card,****7172,AXIS
P04809,card,****3160,SBI
P04810,card,****7151,SBI
P04811,card,****6051,HDFC
P04812,upi,upi_472097,ICICI
P04813,wallet,upi_901215,AXIS
P04814,upi,upi_625580,HDFC
P04815,wallet,upi_658669,AXIS
P04816,upi,upi_916719,SBI
P04817,wallet,upi_117058,ICICI
P04818,upi,upi_967244,SBI
P04819,wallet,upi_673344,ICICI
P04820,card,****6771,KOTAK
P04821,upi,upi_622623,ICICI
P04822,wallet,upi_487384,SBI
P04823,wallet,upi_519499,AXIS
P04824,card,****4237,ICICI
P04825,card,****8010,HDFC
P04826,upi,upi_522819,AXIS
P04827,wallet,upi_913131,KOTAK
P04828,wallet,upi_527559,SBI
P04829,wallet,upi_177269,ICICI
P04830,upi,upi_709722,SBI
P04831,wallet,upi_956263,AXIS
P04832,wallet,upi_282640,ICICI
P04833,wallet,upi_152950,SBI
P04834,card,****9592,AXIS
P04835,card,****3716,AXIS
P04836,wallet,upi_749994,ICICI
P04837,card,****7288,AXIS
P04838,upi,upi_176201,AXIS
P04839,wallet,upi_711746,AXIS
P04840,card,****4098,SBI
P04841,upi,upi_739917,KOTAK
P04842,wallet,upi_789233,ICICI
P04843,wallet,upi_873048,KOTAK
P04844,wallet,upi_674789,ICICI
P04845,card,****6252,KOTAK
P04846,wallet,upi_600652,AXIS
P04847,wallet,upi_639773,AXIS
P04848,wallet,upi_619498,AXIS
P04849,wallet,upi_296388,SBI
P04850,upi,upi_112957,SBI
P04851,card,****5047,SBI
P04852,wallet,upi_281054,HDFC
P04853,wallet,upi_946703,SBI
P04854,wallet,upi_952595,ICICI
P04855,card,****6363,ICICI
P04856,wallet,upi_653522,ICICI
P04857,wallet,upi_188749,ICICI
P04858,card,****7593,HDFC
P04859,card,****1072,HDFC
P04860,upi,upi_411941,HDFC
P04861,wallet,upi_790198,AXIS
P04862,upi,upi_253924,KOTAK
P04863,wallet,upi_883278,HDFC
P04864,upi,upi_877195,ICICI
P04865,card,****5657,KOTAK
P04866,card,****4567,SBI
P04867,card,****1273,ICICI
P04868,wallet,upi_950948,KOTAK
P04869,upi,upi_437009,ICICI
P04870,wallet,upi_984596,KOTAK
P04871,upi,upi_238826,HDFC
P04872,wallet,upi_742669,KOTAK
P04873,upi,upi_775731,SBI
P04874,wallet,upi_502385,SBI
P04875,card,****3218,SBI
P04876,card,****6398,KOTAK
P04877,wallet,upi_780488,ICICI
P04878,card,****9496,ICICI
P04879,card,****6518,ICICI
P04880,card,****8937,AXIS
P04881,upi,upi_738196,HDFC
P04882,wallet,upi_373698,KOTAK
P04883,wallet,upi_520142,ICICI
P04884,wallet,upi_967469,KOTAK
P04885,card,****7062,AXIS
P04886,wallet,upi_238106,HDFC
P04887,card,****8763,SBI
P04888,card,****1045,AXIS
P04889,wallet,upi_528334,AXIS
P04890,card,****9621,AXIS
P04891,wallet,upi_449391,AXIS
P04892,card,****5757,HDFC
P04893,upi,upi_359951,SBI
P04894,upi,upi_370142,HDFC
P04895,wallet,upi_271302,SBI
P04896,card,****2188,ICICI
P04897,upi,upi_792559,KOTAK
P04898,upi,upi_991730,AXIS
P04899,card,****1208,HDFC
P04900,upi,upi_614003,AXIS
P04901,card,****3778,HDFC
P04902,upi,upi_466594,HDFC
P04903,card,****7865,HDFC
P04904,wallet,upi_898800,ICICI
P04905,card,****3402,SBI
P04906,wallet,upi_880361,KOTAK
P04907,wallet,upi_857316,HDFC
P04908,wallet,upi_307907,KOTAK
P04909,upi,upi_302769,ICICI
P04910,upi,upi_142273,ICICI
P04911,upi,upi_867308,ICICI
P04912,upi,upi_993160,SBI
P04913,upi,upi_987754,AXIS
P04914,upi,upi_676664,KOTAK
P04915,card,****5438,AXIS
P04916,upi,upi_126919,AXIS
P04917,wallet,upi_660511,AXIS
P04918,card,****4694,SBI
P04919,card,****1084,AXIS
P04920,upi,upi_436962,HDFC
P04921,wallet,upi_174755,AXIS
P04922,wallet,upi_135773,KOTAK
P04923,upi,upi_194191,AXIS
P04924,wallet,upi_350496,ICICI
P04925,wallet,upi_721899,SBI
P04926,card,****5390,SBI
P04927,upi,upi_301940,SBI
P04928,card,****2202,KOTAK
P04929,upi,upi_633603,HDFC
P04930,upi,upi_463139,KOTAK
P04931,wallet,upi_182893,HDFC
P04932,upi,upi_975736,AXIS
P04933,upi,upi_384424,KOTAK
P04934,upi,upi_801577,SBI
P04935,card,****2916,AXIS
P04936,card,****9059,AXIS
P04937,card,****1828,SBI
P04938,card,****5027,HDFC
P04939,wallet,upi_426612,SBI
P04940,upi,upi_222924,KOTAK
P04941,upi,upi_119267,ICICI
P04942,wallet,upi_926762,KOTAK
P04943,card,****3919,HDFC
P04944,wallet,upi_125305,ICICI
P04945,wallet,upi_501205,AXIS
P04946,card,****1653,ICICI
P04947,wallet,upi_489804,KOTAK
P04948,wallet,upi_518738,SBI
P04949,wallet,upi_827054,HDFC
P04950,wallet,upi_566423,KOTAK
P04951,wallet,upi_113052,ICICI
P04952,upi,upi_437322,ICICI
P04953,wallet,upi_831711,SBI
P04954,card,****7260,SBI
P04955,wallet,upi_558573,KOTAK
P04956,card,****4337,ICICI
P04957,upi,upi_855848,AXIS
P04958,card,****4278,HDFC
P04959,card,****8674,SBI
P04960,upi,upi_991294,HDFC
P04961,wallet,upi_631867,HDFC
P04962,upi,upi_611057,HDFC
P04963,wallet,upi_854800,KOTAK
P04964,wallet,upi_606428,HDFC
P04965,wallet,upi_276357,HDFC
P04966,wallet,upi_850401,HDFC
P04967,wallet,upi_833260,KOTAK
P04968,card,****9861,SBI
P04969,card,****2292,HDFC
P04970,card,****3379,AXIS
P04971,upi,upi_205130,HDFC
P04972,upi,upi_663204,SBI
P04973,wallet,upi_454946,KOTAK
P04974,card,****6618,ICICI
P04975,upi,upi_352674,ICICI
P04976,wallet,upi_225100,HDFC
P04977,wallet,upi_788073,AXIS
P04978,card,****5837,AXIS
P04979,wallet,upi_804890,ICICI
P04980,card,****1296,SBI
P04981,card,****8706,HDFC
P04982,upi,upi_600597,SBI
P04983,upi,upi_845713,SBI
P04984,upi,upi_603576,HDFC
P04985,wallet,upi_811874,ICICI
P04986,wallet,upi_306240,HDFC
P04987,upi,upi_887181,HDFC
P04988,upi,upi_509365,HDFC
P04989,wallet,upi_700094,SBI
P04990,wallet,upi_355727,KOTAK
P04991,upi,upi_541685,AXIS
P04992,upi,upi_528001,ICICI
P04993,upi,upi_288536,ICICI
P04994,upi,upi_837277,KOTAK
P04995,upi,upi_102910,SBI
P04996,card,****1222,ICICI
P04997,wallet,upi_503038,HDFC
P04998,wallet,upi_660590,SBI
P04999,card,****3125,SBI
P05000,upi,upi_952444,KOTAK
P05001,upi,upi_106226,ICICI
P05002,upi,upi_642047,AXIS
P05003,card,****6417,HDFC
P05004,upi,upi_347992,HDFC
P05005,upi,upi_515036,ICICI
P05006,upi,upi_969515,HDFC
P05007,upi,upi_146154,ICICI
P05008,wallet,upi_656690,HDFC
P05009,wallet,upi_764049,AXIS
P05010,upi,upi_978098,HDFC
P05011,wallet,upi_671493,KOTAK
P05012,card,****1179,ICICI
P05013,wallet,upi_145929,KOTAK
P05014,card,****3701,HDFC
P05015,wallet,upi_348782,HDFC
P05016,card,****6977,ICICI
P05017,card,****5297,SBI
P05018,card,****4277,AXIS
P05019,upi,upi_696035,AXIS
P05020,wallet,upi_726477,SBI
P05021,card,****2836,KOTAK
P05022,wallet,upi_964424,ICICI
P05023,upi,upi_143683,HDFC
P05024,wallet,upi_851417,KOTAK
P05025,upi,upi_145086,ICICI
P05026,upi,upi_465761,AXIS
P05027,upi,upi_793723,SBI
P05028,upi,upi_950730,SBI
P05029,wallet,upi_719221,ICICI
P05030,card,****6226,SBI
P05031,wallet,upi_683885,KOTAK
P05032,upi,upi_827172,SBI
P05033,upi,upi_336064,KOTAK
P05034,card,****3037,KOTAK
P05035,card,****2978,KOTAK
P05036,wallet,upi_508199,SBI
P05037,wallet,upi_467411,KOTAK
P05038,card,****5643,SBI
P05039,upi,upi_517476,AXIS
P05040,card,****3750,KOTAK
P05041,wallet,upi_489016,ICICI
P05042,card,****9082,KOTAK
P05043,upi,upi_154875,SBI
P05044,wallet,upi_527191,AXIS
P05045,card,****4845,AXIS
P05046,card,****7881,ICICI
P05047,upi,upi_668077,AXIS
P05048,card,****8334,HDFC
P05049,upi,upi_570715,ICICI
P05050,upi,upi_525831,HDFC
P05051,card,****4223,SBI
P05052,card,****6996,KOTAK
P05053,upi,upi_128493,HDFC
P05054,upi,upi_308716,HDFC
P05055,card,****8228,ICICI
P05056,wallet,upi_861093,HDFC
P05057,upi,upi_621195,HDFC
P05058,upi,upi_543806,HDFC
P05059,upi,upi_652137,AXIS
P05060,wallet,upi_164842,SBI
P05061,card,****3936,SBI
P05062,upi,upi_178699,ICICI
P05063,card,****6347,SBI
P05064,upi,upi_694718,SBI
P05065,card,****7150,SBI
P05066,wallet,upi_881543,SBI
P05067,card,****2590,SBI
P05068,wallet,upi_590249,KOTAK
P05069,card,****6231,AXIS
P05070,card,****2309,KOTAK
P05071,wallet,upi_703538,KOTAK
P05072,upi,upi_555844,SBI
P05073,wallet,upi_524270,KOTAK
P05074,card,****8039,SBI
P05075,upi,upi_229032,KOTAK
P05076,card,****4191,SBI
P05077,wallet,upi_736772,AXIS
P05078,upi,upi_757668,KOTAK
P05079,upi,upi_515223,KOTAK
P05080,card,****7131,AXIS
P05081,card,****4043,ICICI
P05082,wallet,upi_827779,AXIS
P05083,upi,upi_940212,HDFC
P05084,wallet,upi_378249,ICICI
P05085,card,****2642,KOTAK
P05086,card,****3686,HDFC
P05087,wallet,upi_477362,AXIS
P05088,upi,upi_353645,ICICI
P05089,card,****3353,KOTAK
P05090,wallet,upi_602328,ICICI
P05091,wallet,upi_239734,ICICI
P05092,wallet,upi_524539,SBI
P05093,upi,upi_141857,ICICI
P05094,wallet,upi_239850,SBI
P05095,card,****3684,AXIS
P05096,upi,upi_494329,KOTAK
P05097,wallet,upi_784448,ICICI
P05098,upi,upi_273369,AXIS
P05099,upi,upi_348257,KOTAK
P05100,wallet,upi_267199,ICICI
P05101,wallet,upi_660901,SBI
P05102,wallet,upi_247525,HDFC
P05103,card,****4904,ICICI
P05104,card,****2538,SBI
P05105,wallet,upi_100139,HDFC
P05106,upi,upi_746811,ICICI
P05107,card,****3870,KOTAK
P05108,upi,upi_407584,ICICI
P05109,card,****5864,AXIS
P05110,wallet,upi_174031,KOTAK
P05111,wallet,upi_650786,ICICI
P05112,wallet,upi_109534,AXIS
P05113,upi,upi_959704,SBI
P05114,card,****6378,SBI
P05115,wallet,upi_458714,ICICI
P05116,upi,upi_160375,AXIS
P05117,upi,upi_557616,KOTAK
P05118,wallet,upi_738951,KOTAK
P05119,card,****4305,KOTAK
P05120,card,****3036,HDFC
P05121,card,****7444,SBI
P05122,card,****4497,ICICI
P05123,card,****8086,ICICI
P05124,card,****9073,AXIS
P05125,upi,upi_589540,ICICI
P05126,card,****2235,AXIS
P05127,wallet,upi_630822,HDFC
P05128,upi,upi_521327,SBI
P05129,wallet,upi_601368,HDFC
P05130,upi,upi_103616,ICICI
P05131,wallet,upi_479066,HDFC
P05132,card,****7200,HDFC
P05133,upi,upi_744205,SBI
P05134,card,****9248,SBI
P05135,card,****5713,HDFC
P05136,wallet,upi_964122,HDFC
P05137,wallet,upi_595889,SBI
P05138,wallet,upi_156251,ICICI
P05139,upi,upi_383376,HDFC
P05140,wallet,upi_779481,AXIS
P05141,upi,upi_919463,SBI
P05142,wallet,upi_275116,AXIS
P05143,upi,upi_540661,ICICI
P05144,upi,upi_696822,HDFC
P05145,upi,upi_970744,ICICI
P05146,card,****1655,ICICI
P05147,wallet,upi_524503,ICICI
P05148,wallet,upi_794534,SBI
P05149,wallet,upi_988090,AXIS
P05150,upi,upi_531618,HDFC
P05151,upi,upi_701543,AXIS
P05152,upi,upi_430365,KOTAK
P05153,upi,upi_777053,KOTAK
P05154,card,****2711,KOTAK
P05155,card,****8936,KOTAK
P05156,wallet,upi_842462,SBI
P05157,wallet,upi_927948,HDFC
P05158,upi,upi_727826,KOTAK
P05159,upi,upi_136051,KOTAK
P05160,wallet,upi_750348,SBI
P05161,upi,upi_114896,SBI
P05162,wallet,upi_836310,ICICI
P05163,card,****7831,AXIS
P05164,upi,upi_326993,ICICI
P05165,card,****4644,KOTAK
P05166,upi,upi_499513,HDFC
P05167,card,****2652,ICICI
P05168,wallet,upi_674674,KOTAK
P05169,wallet,upi_659590,HDFC
P05170,wallet,upi_209397,SBI
P05171,wallet,upi_402321,KOTAK
P05172,upi,upi_339052,SBI
P05173,card,****1066,HDFC
P05174,card,****8379,AXIS
P05175,wallet,upi_832966,ICICI
P05176,card,****4163,KOTAK
P05177,wallet,upi_837357,SBI
P05178,upi,upi_414752,ICICI
P05179,wallet,upi_269466,SBI
P05180,upi,upi_849870,AXIS
P05181,wallet,upi_628498,AXIS
P05182,card,****9411,KOTAK
P05183,wallet,upi_248209,ICICI
P05184,card,****8376,KOTAK
P05185,wallet,upi_672560,AXIS
P05186,card,****6403,KOTAK
P05187,upi,upi_170666,AXIS
P05188,wallet,upi_151879,AXIS
P05189,wallet,upi_180777,ICICI
P05190,wallet,upi_858473,SBI
P05191,wallet,upi_773640,SBI
P05192,upi,upi_420809,AXIS
P05193,wallet,upi_702883,KOTAK
P05194,wallet,upi_384183,AXIS
P05195,card,****6317,KOTAK
P05196,upi,upi_820055,AXIS
P05197,wallet,upi_382422,KOTAK
P05198,upi,upi_302163,KOTAK
P05199,card,****1060,KOTAK
P05200,upi,upi_261654,ICICI
P05201,upi,upi_943039,HDFC
P05202,card,****9896,HDFC
P05203,wallet,upi_247543,AXIS
P05204,card,****7294,AXIS
P05205,card,****1121,HDFC
P05206,upi,upi_438324,SBI
P05207,upi,upi_868034,AXIS
P05208,wallet,upi_631174,AXIS
P05209,upi,upi_446600,AXIS
P05210,wallet,upi_648131,AXIS
P05211,upi,upi_443700,SBI
P05212,upi,upi_469166,HDFC
P05213,card,****5174,AXIS
P05214,upi,upi_387936,HDFC
P05215,card,****1856,AXIS
P05216,wallet,upi_568095,SBI
P05217,wallet,upi_925120,AXIS
P05218,wallet,upi_997409,ICICI
P05219,upi,upi_816485,HDFC
P05220,upi,upi_174754,AXIS
P05221,upi,upi_470042,SBI
P05222,upi,upi_211685,ICICI
P05223,card,****5205,SBI
P05224,upi,upi_172048,KOTAK
P05225,wallet,upi_741332,AXIS
P05226,upi,upi_105178,ICICI
P05227,card,****4302,KOTAK
P05228,upi,upi_660370,AXIS
P05229,card,****9397,ICICI
P05230,upi,upi_960442,AXIS
P05231,card,****2040,AXIS
P05232,card,****5016,AXIS
P05233,card,****1746,KOTAK
P05234,upi,upi_949231,SBI
P05235,card,****4476,KOTAK
P05236,wallet,upi_531187,HDFC
P05237,card,****1740,SBI
P05238,wallet,upi_150867,KOTAK
P05239,wallet,upi_871630,KOTAK
P05240,card,****1498,KOTAK
P05241,upi,upi_882979,HDFC
P05242,card,****5409,KOTAK
P05243,card,****8098,HDFC
P05244,wallet,upi_598734,KOTAK
P05245,upi,upi_985662,KOTAK
P05246,upi,upi_241483,SBI
P05247,upi,upi_260281,KOTAK
P05248,upi,upi_214835,ICICI
P05249,upi,upi_508148,KOTAK
P05250,upi,upi_652208,HDFC
P05251,upi,upi_433209,HDFC
P05252,upi,upi_314584,SBI
P05253,upi,upi_888311,AXIS
P05254,upi,upi_634185,HDFC
P05255,wallet,upi_437503,AXIS
P05256,wallet,upi_770206,ICICI
P05257,wallet,upi_363417,HDFC
P05258,upi,upi_712869,KOTAK
P05259,card,****3299,AXIS
P05260,card,****3762,KOTAK
P05261,upi,upi_383393,ICICI
P05262,wallet,upi_948027,HDFC
P05263,card,****2474,SBI
P05264,wallet,upi_729632,ICICI
P05265,upi,upi_645872,SBI
P05266,wallet,upi_982409,HDFC
P05267,upi,upi_300498,SBI
P05268,card,****1669,ICICI
P05269,card,****8209,AXIS
P05270,upi,upi_399581,KOTAK
P05271,upi,upi_582634,SBI
P05272,wallet,upi_483044,HDFC
P05273,wallet,upi_423761,HDFC
P05274,wallet,upi_546023,SBI
P05275,wallet,upi_648070,ICICI
P05276,card,****1060,KOTAK
P05277,wallet,upi_891270,ICICI
P05278,wallet,upi_435544,KOTAK
P05279,upi,upi_830156,KOTAK
P05280,upi,upi_211171,KOTAK
P05281,upi,upi_266905,ICICI
P05282,wallet,upi_903684,ICICI
P05283,card,****8034,HDFC
P05284,wallet,upi_774050,SBI
P05285,wallet,upi_675286,AXIS
P05286,wallet,upi_752959,SBI
P05287,card,****8524,AXIS
P05288,upi,upi_406745,KOTAK
P05289,card,****2616,AXIS
P05290,card,****1040,AXIS
P05291,upi,upi_290624,KOTAK
P05292,card,****2416,SBI
P05293,card,****9677,HDFC
P05294,upi,upi_667156,KOTAK
P05295,card,****5831,ICICI
P05296,upi,upi_963322,SBI
P05297,upi,upi_690480,SBI
P05298,upi,upi_753113,KOTAK
P05299,wallet,upi_976583,HDFC
P05300,upi,upi_260183,ICICI
P05301,card,****8539,ICICI
P05302,card,****8762,HDFC
P05303,upi,upi_755017,KOTAK
P05304,wallet,upi_128285,ICICI
P05305,card,****4735,AXIS
P05306,wallet,upi_967722,KOTAK
P05307,card,****1588,AXIS
P05308,upi,upi_963944,SBI
P05309,wallet,upi_668488,AXIS
P05310,card,****5596,AXIS
P05311,upi,upi_709143,SBI
P05312,wallet,upi_372095,HDFC
P05313,wallet,upi_929488,AXIS
P05314,upi,upi_620512,SBI
P05315,upi,upi_312362,KOTAK
P05316,wallet,upi_181153,KOTAK
P05317,wallet,upi_754641,HDFC
P05318,upi,upi_885327,ICICI
P05319,upi,upi_639165,HDFC
P05320,upi,upi_711514,HDFC
P05321,upi,upi_618114,KOTAK
P05322,card,****5956,SBI
P05323,wallet,upi_738084,AXIS
P05324,card,****7635,KOTAK
P05325,card,****9282,SBI
P05326,wallet,upi_636584,AXIS
P05327,upi,upi_315338,KOTAK
P05328,card,****3548,HDFC
P05329,wallet,upi_602253,AXIS
P05330,card,****3472,ICICI
P05331,wallet,upi_518537,HDFC
P05332,card,****2876,KOTAK
P05333,card,****6467,HDFC
P05334,wallet,upi_946494,KOTAK
P05335,card,****3534,KOTAK
P05336,wallet,upi_927443,KOTAK
P05337,wallet,upi_774837,AXIS
P05338,wallet,upi_922228,HDFC
P05339,wallet,upi_904274,ICICI
P05340,card,****9002,HDFC
P05341,upi,upi_506872,KOTAK
P05342,card,****2940,HDFC
P05343,upi,upi_714608,ICICI
P05344,card,****8881,ICICI
P05345,wallet,upi_681788,ICICI
P05346,upi,upi_680155,KOTAK
P05347,card,****4668,SBI
P05348,wallet,upi_636221,AXIS
P05349,wallet,upi_418544,KOTAK
P05350,upi,upi_148465,ICICI
P05351,wallet,upi_431541,HDFC
P05352,upi,upi_614672,SBI
P05353,upi,upi_635856,KOTAK
P05354,upi,upi_643754,ICICI
P05355,card,****6543,SBI
P05356,wallet,upi_567760,HDFC
P05357,upi,upi_563742,ICICI
P05358,wallet,upi_206494,ICICI
P05359,wallet,upi_328610,HDFC
P05360,upi,upi_445264,SBI
P05361,wallet,upi_144782,SBI
P05362,upi,upi_808962,HDFC
P05363,upi,upi_233146,HDFC
P05364,wallet,upi_601681,KOTAK
P05365,wallet,upi_808315,ICICI
P05366,wallet,upi_387150,SBI
P05367,upi,upi_146884,SBI
P05368,upi,upi_633830,KOTAK
P05369,card,****2714,HDFC
P05370,upi,upi_166994,SBI
P05371,upi,upi_153903,HDFC
P05372,card,****4716,SBI
P05373,card,****4251,AXIS
P05374,wallet,upi_565535,HDFC
P05375,upi,upi_758280,AXIS
P05376,wallet,upi_730970,HDFC
P05377,wallet,upi_139294,KOTAK
P05378,wallet,upi_559182,AXIS
P05379,wallet,upi_568093,KOTAK
P05380,card,****3328,ICICI
P05381,wallet,upi_417249,SBI
P05382,upi,upi_547062,KOTAK
P05383,upi,upi_376199,AXIS
P05384,upi,upi_702412,SBI
P05385,card,****4799,AXIS
P05386,wallet,upi_997816,AXIS
P05387,upi,upi_953963,HDFC
P05388,card,****8077,ICICI
P05389,card,****6231,AXIS
P05390,card,****9169,KOTAK
P05391,wallet,upi_318431,HDFC
P05392,upi,upi_710577,AXIS
P05393,upi,upi_575011,ICICI
P05394,wallet,upi_837464,ICICI
P05395,wallet,upi_560515,ICICI
P05396,card,****9340,AXIS
P05397,wallet,upi_911622,ICICI
P05398,wallet,upi_139579,ICICI
P05399,wallet,upi_970177,HDFC
P05400,upi,upi_686374,SBI
P05401,wallet,upi_794040,SBI
P05402,wallet,upi_271628,ICICI
P05403,card,****3868,SBI
P05404,card,****7158,SBI
P05405,card,****6684,SBI
P05406,wallet,upi_359458,KOTAK
P05407,upi,upi_935816,AXIS
P05408,card,****8644,ICICI
P05409,upi,upi_405803,AXIS
P05410,upi,upi_843460,SBI
P05411,upi,upi_285268,HDFC
P05412,upi,upi_879102,KOTAK
P05413,upi,upi_671232,SBI
P05414,wallet,upi_186330,AXIS
P05415,upi,upi_876705,KOTAK
P05416,card,****7958,HDFC
P05417,upi,upi_103080,SBI
P05418,card,****3647,ICICI
P05419,card,****9415,HDFC
P05420,upi,upi_691967,KOTAK
P05421,card,****5696,HDFC
P05422,card,****5912,SBI
P05423,wallet,upi_602805,AXIS
P05424,wallet,upi_161418,KOTAK
P05425,upi,upi_956999,KOTAK
P05426,card,****8976,AXIS
P05427,upi,upi_127085,ICICI
P05428,wallet,upi_949729,ICICI
P05429,wallet,upi_524744,SBI
P05430,wallet,upi_767861,ICICI
P05431,card,****1469,ICICI
P05432,upi,upi_994164,SBI
P05433,wallet,upi_131006,KOTAK
P05434,wallet,upi_777180,KOTAK
P05435,upi,upi_841427,ICICI
P05436,card,****4090,AXIS
P05437,upi,upi_574396,AXIS
P05438,card,****7185,AXIS
P05439,upi,upi_556662,HDFC
P05440,card,****3286,SBI
P05441,wallet,upi_513302,ICICI
P05442,upi,upi_282343,HDFC
P05443,card,****3097,ICICI
P05444,wallet,upi_832900,ICICI
P05445,upi,upi_743530,KOTAK
P05446,wallet,upi_141542,HDFC
P05447,card,****8171,AXIS
P05448,wallet,upi_331428,AXIS
P05449,upi,upi_475477,KOTAK
P05450,wallet,upi_116929,HDFC
P05451,upi,upi_574312,KOTAK
P05452,card,****6364,ICICI
P05453,wallet,upi_419217,SBI
P05454,upi,upi_226141,SBI
P05455,upi,upi_128208,KOTAK
P05456,card,****4461,ICICI
P05457,upi,upi_165711,AXIS
P05458,upi,upi_992827,AXIS
P05459,upi,upi_555376,SBI
P05460,card,****7175,HDFC
P05461,card,****7287,ICICI
P05462,upi,upi_888118,ICICI
P05463,upi,upi_328783,HDFC
P05464,wallet,upi_712951,SBI
P05465,wallet,upi_774072,AXIS
P05466,wallet,upi_764488,SBI
P05467,upi,upi_710950,ICICI
P05468,wallet,upi_291582,AXIS
P05469,wallet,upi_559980,AXIS
P05470,upi,upi_951331,HDFC
P05471,upi,upi_737383,HDFC
P05472,card,****4544,KOTAK
P05473,upi,upi_102600,ICICI
P05474,wallet,upi_940519,SBI
P05475,upi,upi_166632,ICICI
P05476,upi,upi_917351,SBI
P05477,wallet,upi_368244,KOTAK
P05478,upi,upi_604481,ICICI
P05479,card,****9739,KOTAK
P05480,card,****1013,SBI
P05481,upi,upi_891704,ICICI
P05482,card,****2083,SBI
P05483,upi,upi_389399,AXIS
P05484,wallet,upi_874831,HDFC
P05485,upi,upi_819991,AXIS
P05486,upi,upi_708446,ICICI
P05487,card,****6858,HDFC
P05488,card,****5271,KOTAK
P05489,upi,upi_651533,KOTAK
P05490,upi,upi_718288,SBI
P05491,card,****2040,ICICI
P05492,wallet,upi_108469,SBI
P05493,card,****6279,SBI
P05494,card,****8222,AXIS
P05495,wallet,upi_556598,AXIS
P05496,card,****9418,ICICI
P05497,card,****9656,SBI
P05498,wallet,upi_154104,HDFC
P05499,card,****9780,AXIS
P05500,card,****2405,SBI
P05501,card,****2381,SBI
P05502,card,****2063,SBI
P05503,card,****8096,AXIS
P05504,wallet,upi_532592,ICICI
P05505,wallet,upi_208931,HDFC
P05506,upi,upi_937216,KOTAK
P05507,card,****9991,AXIS
P05508,card,****1742,KOTAK
P05509,wallet,upi_525081,KOTAK
P05510,upi,upi_543804,SBI
P05511,card,****6417,AXIS
P05512,card,****7660,KOTAK
P05513,wallet,upi_978552,HDFC
P05514,card,****8009,KOTAK
P05515,wallet,upi_307536,ICICI
P05516,wallet,upi_175604,SBI
P05517,upi,upi_287910,ICICI
P05518,card,****7623,HDFC
P05519,card,****4025,ICICI
P05520,card,****4031,KOTAK
P05521,upi,upi_451525,SBI
P05522,wallet,upi_119783,SBI
P05523,card,****3755,SBI
P05524,wallet,upi_200219,HDFC
P05525,upi,upi_926551,ICICI
P05526,card,****7614,AXIS
P05527,upi,upi_138449,HDFC
P05528,upi,upi_179049,SBI
P05529,upi,upi_874410,KOTAK
P05530,wallet,upi_248549,HDFC
P05531,card,****7583,AXIS
P05532,card,****4371,KOTAK
P05533,card,****3109,ICICI
P05534,card,****5552,HDFC
P05535,card,****6234,ICICI
P05536,wallet,upi_236830,ICICI
P05537,wallet,upi_284655,HDFC
P05538,upi,upi_496131,ICICI
P05539,wallet,upi_128868,HDFC
P05540,wallet,upi_875065,KOTAK
P05541,card,****2237,HDFC
P05542,card,****5194,KOTAK
P05543,upi,upi_319231,ICICI
P05544,wallet,upi_205936,ICICI
P05545,card,****3855,SBI
P05546,card,****9470,AXIS
P05547,card,****4517,ICICI
P05548,card,****5164,SBI
P05549,upi,upi_812271,SBI
P05550,upi,upi_232372,ICICI
P05551,upi,upi_294689,KOTAK
P05552,upi,upi_412896,SBI
P05553,wallet,upi_564223,AXIS
P05554,card,****3838,SBI
P05555,wallet,upi_636869,AXIS
P05556,upi,upi_302717,SBI
P05557,card,****1893,KOTAK
P05558,upi,upi_359540,AXIS
P05559,upi,upi_767583,AXIS
P05560,wallet,upi_960822,ICICI
P05561,upi,upi_794022,KOTAK
P05562,wallet,upi_767917,SBI
P05563,card,****8731,ICICI
P05564,upi,upi_524427,HDFC
P05565,upi,upi_821795,ICICI
P05566,upi,upi_523922,SBI
P05567,upi,upi_690055,HDFC
P05568,upi,upi_611626,AXIS
P05569,card,****7057,ICICI
P05570,wallet,upi_635714,HDFC
P05571,wallet,upi_536790,AXIS
P05572,upi,upi_210337,SBI
P05573,upi,upi_920779,SBI
P05574,card,****5083,AXIS
P05575,wallet,upi_831873,SBI
P05576,card,****5727,AXIS
P05577,upi,upi_901829,AXIS
P05578,upi,upi_854638,SBI
P05579,wallet,upi_344659,SBI
P05580,card,****7680,ICICI
P05581,wallet,upi_903075,KOTAK
P05582,wallet,upi_455555,ICICI
P05583,card,****5745,ICICI
P05584,wallet,upi_891652,AXIS
P05585,upi,upi_721166,ICICI
P05586,upi,upi_208273,SBI
P05587,upi,upi_185769,ICICI
P05588,wallet,upi_579898,AXIS
P05589,card,****9962,ICICI
P05590,upi,upi_384639,ICICI
P05591,wallet,upi_400542,AXIS
P05592,wallet,upi_444481,KOTAK
P05593,wallet,upi_550013,ICICI
P05594,wallet,upi_705815,HDFC
P05595,upi,upi_922914,HDFC
P05596,upi,upi_866224,KOTAK
P05597,card,****5850,KOTAK
P05598,upi,upi_718909,ICICI
P05599,wallet,upi_737973,KOTAK
P05600,wallet,upi_180912,AXIS
P05601,card,****6807,ICICI
P05602,wallet,upi_624385,HDFC
P05603,card,****7449,KOTAK
P05604,wallet,upi_306290,AXIS
P05605,card,****1478,ICICI
P05606,card,****9144,ICICI
P05607,upi,upi_237152,AXIS
P05608,card,****8725,ICICI
P05609,card,****2563,SBI
P05610,wallet,upi_743348,AXIS
P05611,upi,upi_680796,HDFC
P05612,wallet,upi_246735,AXIS
P05613,wallet,upi_388461,KOTAK
P05614,card,****2930,ICICI
P05615,card,****5677,AXIS
P05616,card,****5879,AXIS
P05617,upi,upi_292878,SBI
P05618,wallet,upi_391473,ICICI
P05619,wallet,upi_706236,ICICI
P05620,upi,upi_983370,SBI
P05621,upi,upi_887116,AXIS
P05622,card,****4133,KOTAK
P05623,card,****8536,ICICI
P05624,wallet,upi_713500,KOTAK
P05625,wallet,upi_415175,HDFC
P05626,card,****7478,KOTAK
P05627,upi,upi_630188,HDFC
P05628,wallet,upi_215172,ICICI
P05629,wallet,upi_533703,AXIS
P05630,wallet,upi_406322,KOTAK
P05631,upi,upi_192726,KOTAK
P05632,upi,upi_573429,HDFC
P05633,upi,upi_815053,KOTAK
P05634,card,****4579,SBI
P05635,card,****2817,HDFC
P05636,card,****7383,HDFC
P05637,card,****6732,KOTAK
P05638,card,****2861,AXIS
P05639,wallet,upi_358891,KOTAK
P05640,wallet,upi_385326,KOTAK
P05641,card,****2332,ICICI
P05642,card,****4794,SBI
P05643,upi,upi_325909,AXIS
P05644,wallet,upi_539628,AXIS
P05645,wallet,upi_938973,ICICI
P05646,wallet,upi_386923,KOTAK
P05647,card,****5611,HDFC
P05648,wallet,upi_671993,SBI
P05649,card,****2017,HDFC
P05650,upi,upi_617602,KOTAK
P05651,card,****1617,HDFC
P05652,upi,upi_670848,HDFC
P05653,card,****7561,HDFC
P05654,upi,upi_706435,KOTAK
P05655,wallet,upi_789642,HDFC
P05656,card,****1779,SBI
P05657,wallet,upi_269397,HDFC
P05658,card,****9677,KOTAK
P05659,upi,upi_994661,AXIS
P05660,card,****7622,KOTAK
P05661,card,****2185,KOTAK
P05662,wallet,upi_141476,ICICI
P05663,upi,upi_251392,HDFC
P05664,card,****5224,KOTAK
P05665,wallet,upi_445114,SBI
P05666,wallet,upi_373817,ICICI
P05667,card,****4432,SBI
P05668,card,****2223,AXIS
P05669,card,****8832,KOTAK
P05670,wallet,upi_200839,AXIS
P05671,wallet,upi_204531,ICICI
P05672,wallet,upi_500721,HDFC
P05673,card,****6307,AXIS
P05674,card,****2415,AXIS
P05675,card,****4330,ICICI
P05676,wallet,upi_202509,KOTAK
P05677,wallet,upi_424468,HDFC
P05678,card,****5971,AXIS
P05679,wallet,upi_104517,ICICI
P05680,wallet,upi_682636,HDFC
P05681,upi,upi_196485,HDFC
P05682,card,****9742,AXIS
P05683,wallet,upi_413601,SBI
P05684,card,****8939,HDFC
P05685,wallet,upi_323479,AXIS
P05686,upi,upi_990380,KOTAK
P05687,upi,upi_614703,AXIS
P05688,upi,upi_549527,ICICI
P05689,wallet,upi_175232,ICICI
P05690,wallet,upi_926925,HDFC
P05691,card,****9180,SBI
P05692,wallet,upi_216600,AXIS
P05693,card,****5690,ICICI
P05694,card,****3486,HDFC
P05695,upi,upi_397752,HDFC
P05696,card,****4890,HDFC
P05697,upi,upi_328374,SBI
P05698,card,****7733,KOTAK
P05699,wallet,upi_554392,ICICI
P05700,upi,upi_169656,AXIS
P05701,wallet,upi_365573,SBI
P05702,upi,upi_275343,SBI
P05703,card,****9140,SBI
P05704,card,****1033,ICICI
P05705,wallet,upi_480931,SBI
P05706,upi,upi_855670,HDFC
P05707,wallet,upi_589207,KOTAK
P05708,wallet,upi_726220,KOTAK
P05709,upi,upi_645884,KOTAK
P05710,upi,upi_546608,AXIS
P05711,wallet,upi_396040,KOTAK
P05712,wallet,upi_726927,ICICI
P05713,card,****1501,SBI
P05714,card,****6582,AXIS
P05715,upi,upi_464766,AXIS
P05716,card,****6990,SBI
P05717,wallet,upi_410634,ICICI
P05718,card,****8344,HDFC
P05719,upi,upi_263643,AXIS
P05720,upi,upi_239742,SBI
P05721,upi,upi_484783,HDFC
P05722,upi,upi_501375,HDFC
P05723,upi,upi_123650,HDFC
P05724,card,****5817,SBI
P05725,card,****4645,HDFC
P05726,upi,upi_633981,AXIS
P05727,card,****5270,HDFC
P05728,wallet,upi_636819,AXIS
P05729,card,****1084,HDFC
P05730,wallet,upi_952210,AXIS
P05731,upi,upi_667799,KOTAK
P05732,card,****5455,HDFC
P05733,upi,upi_242161,KOTAK
P05734,card,****1126,AXIS
P05735,upi,upi_276685,ICICI
P05736,wallet,upi_855095,HDFC
P05737,card,****6753,ICICI
P05738,card,****4757,ICICI
P05739,wallet,upi_255276,ICICI
P05740,card,****3539,SBI
P05741,card,****9782,SBI
P05742,upi,upi_442613,ICICI
P05743,wallet,upi_301960,SBI
P05744,wallet,upi_719766,KOTAK
P05745,upi,upi_133501,HDFC
P05746,upi,upi_196751,HDFC
P05747,wallet,upi_887804,KOTAK
P05748,upi,upi_574345,KOTAK
P05749,card,****4738,SBI
P05750,card,****2891,ICICI
P05751,upi,upi_799414,HDFC
P05752,upi,upi_303675,SBI
P05753,upi,upi_252692,ICICI
P05754,wallet,upi_656387,KOTAK
P05755,card,****1125,AXIS
P05756,upi,upi_223375,SBI
P05757,upi,upi_683558,HDFC
P05758,wallet,upi_896048,AXIS
P05759,wallet,upi_351935,HDFC
P05760,card,****9854,HDFC
P05761,card,****1388,SBI
P05762,card,****5713,SBI
P05763,card,****5936,HDFC
P05764,wallet,upi_449088,ICICI
P05765,wallet,upi_897914,HDFC
P05766,wallet,upi_375394,SBI
P05767,upi,upi_682662,AXIS
P05768,upi,upi_401819,ICICI
P05769,wallet,upi_138181,ICICI
P05770,card,****9354,KOTAK
P05771,wallet,upi_334118,HDFC
P05772,upi,upi_332797,SBI
P05773,upi,upi_686411,HDFC
P05774,wallet,upi_338387,AXIS
P05775,wallet,upi_713608,HDFC
P05776,wallet,upi_252996,HDFC
P05777,card,****8284,SBI
P05778,card,****7594,KOTAK
P05779,wallet,upi_114408,SBI
P05780,upi,upi_679390,SBI
P05781,upi,upi_616934,SBI
P05782,wallet,upi_699958,SBI
P05783,wallet,upi_905469,HDFC
P05784,wallet,upi_896456,SBI
P05785,card,****1010,AXIS
P05786,wallet,upi_550809,KOTAK
P05787,wallet,upi_151211,SBI
P05788,upi,upi_260669,KOTAK
P05789,wallet,upi_939912,KOTAK
P05790,upi,upi_115490,AXIS
P05791,card,****1794,AXIS
P05792,upi,upi_540798,AXIS
P05793,card,****4826,AXIS
P05794,upi,upi_489288,AXIS
P05795,card,****2359,AXIS
P05796,upi,upi_250891,AXIS
P05797,upi,upi_197762,ICICI
P05798,upi,upi_796130,KOTAK
P05799,card,****5896,KOTAK
P05800,wallet,upi_161432,ICICI
P05801,upi,upi_330636,HDFC
P05802,wallet,upi_393971,ICICI
P05803,upi,upi_858000,AXIS
P05804,wallet,upi_743595,ICICI
P05805,wallet,upi_742640,AXIS
P05806,upi,upi_382437,SBI
P05807,upi,upi_911463,AXIS
P05808,card,****6293,HDFC
P05809,wallet,upi_395681,ICICI
P05810,card,****3307,SBI
P05811,card,****4483,SBI
P05812,wallet,upi_104999,HDFC
P05813,upi,upi_183903,AXIS
P05814,wallet,upi_232140,SBI
P05815,card,****6423,SBI
P05816,card,****7526,KOTAK
P05817,card,****6367,KOTAK
P05818,upi,upi_430642,AXIS
P05819,upi,upi_986932,KOTAK
P05820,card,****7294,ICICI
P05821,upi,upi_690452,AXIS
P05822,card,****3656,SBI
P05823,card,****7044,AXIS
P05824,card,****4918,ICICI
P05825,card,****3365,KOTAK
P05826,upi,upi_808477,KOTAK
P05827,upi,upi_476267,ICICI
P05828,card,****2352,SBI
P05829,wallet,upi_663945,ICICI
P05830,wallet,upi_505667,ICICI
P05831,card,****5579,HDFC
P05832,card,****8128,AXIS
P05833,card,****2485,AXIS
P05834,card,****2625,AXIS
P05835,upi,upi_264599,KOTAK
P05836,card,****3146,HDFC
P05837,upi,upi_191239,AXIS
P05838,upi,upi_667881,ICICI
P05839,card,****6884,ICICI
P05840,wallet,upi_284646,AXIS
P05841,upi,upi_733469,ICICI
P05842,upi,upi_974735,HDFC
P05843,upi,upi_332040,ICICI
P05844,upi,upi_888030,HDFC
P05845,card,****2984,ICICI
P05846,wallet,upi_264512,KOTAK
P05847,card,****5949,KOTAK
P05848,upi,upi_107958,ICICI
P05849,card,****1738,AXIS
P05850,card,****1798,HDFC
P05851,wallet,upi_350986,ICICI
P05852,card,****7122,KOTAK
P05853,card,****9018,KOTAK
P05854,upi,upi_188869,KOTAK
P05855,card,****1033,HDFC
P05856,wallet,upi_122731,ICICI
P05857,wallet,upi_710027,SBI
P05858,upi,upi_204280,AXIS
P05859,card,****4018,SBI
P05860,upi,upi_850300,SBI
P05861,wallet,upi_616139,HDFC
P05862,wallet,upi_875906,SBI
P05863,upi,upi_728833,SBI
P05864,card,****8364,KOTAK
P05865,wallet,upi_951334,ICICI
P05866,card,****1007,SBI
P05867,upi,upi_862268,ICICI
P05868,card,****4839,HDFC
P05869,upi,upi_782507,AXIS
P05870,upi,upi_919818,KOTAK
P05871,card,****5667,SBI
P05872,upi,upi_403694,AXIS
P05873,wallet,upi_401926,ICICI
P05874,upi,upi_113472,HDFC
P05875,wallet,upi_410072,SBI
P05876,card,****2710,HDFC
P05877,wallet,upi_573285,AXIS
P05878,upi,upi_541157,AXIS
P05879,upi,upi_161250,SBI
P05880,card,****8715,AXIS
P05881,card,****3048,HDFC
P05882,wallet,upi_267899,KOTAK
P05883,card,****6261,AXIS
P05884,wallet,upi_157613,AXIS
P05885,wallet,upi_177782,KOTAK
P05886,card,****3553,ICICI
P05887,card,****2134,HDFC
P05888,upi,upi_601702,KOTAK
P05889,wallet,upi_563259,HDFC
P05890,upi,upi_759763,AXIS
P05891,wallet,upi_548348,ICICI
P05892,upi,upi_358027,ICICI
P05893,card,****4250,AXIS
P05894,card,****9833,SBI
P05895,wallet,upi_262856,HDFC
P05896,card,****7202,KOTAK
P05897,wallet,upi_398302,KOTAK
P05898,upi,upi_534199,ICICI
P05899,upi,upi_187858,HDFC
P05900,upi,upi_986888,ICICI
P05901,wallet,upi_426703,ICICI
P05902,card,****1656,HDFC
P05903,wallet,upi_356734,AXIS
P05904,upi,upi_910453,ICICI
P05905,wallet,upi_888887,KOTAK
P05906,wallet,upi_830742,ICICI
P05907,card,****2198,ICICI
P05908,card,****5254,AXIS
P05909,upi,upi_728556,KOTAK
P05910,upi,upi_498447,KOTAK
P05911,card,****3077,AXIS
P05912,wallet,upi_848269,SBI
P05913,card,****9042,KOTAK
P05914,card,****9141,AXIS
P05915,upi,upi_697819,HDFC
P05916,upi,upi_320525,KOTAK
P05917,card,****1675,HDFC
P05918,card,****5502,HDFC
P05919,upi,upi_942875,SBI
P05920,card,****8011,AXIS
P05921,upi,upi_292926,AXIS
P05922,upi,upi_931537,ICICI
P05923,upi,upi_166703,ICICI
P05924,upi,upi_291971,SBI
P05925,upi,upi_462205,ICICI
P05926,card,****9011,SBI
P05927,wallet,upi_511305,SBI
P05928,upi,upi_743401,AXIS
P05929,upi,upi_372816,KOTAK
P05930,upi,upi_636146,SBI
P05931,wallet,upi_546547,ICICI
P05932,card,****5565,KOTAK
P05933,upi,upi_842557,SBI
P05934,card,****1355,SBI
P05935,upi,upi_755857,ICICI
P05936,upi,upi_106095,AXIS
P05937,wallet,upi_235909,KOTAK
P05938,upi,upi_442874,AXIS
P05939,wallet,upi_450017,HDFC
P05940,card,****1888,AXIS
P05941,card,****8328,AXIS
P05942,wallet,upi_616098,ICICI
P05943,wallet,upi_342656,SBI
P05944,wallet,upi_122843,KOTAK
P05945,upi,upi_712690,ICICI
P05946,upi,upi_818080,SBI
P05947,card,****2195,ICICI
P05948,wallet,upi_215602,SBI
P05949,upi,upi_920595,SBI
P05950,card,****4048,ICICI
P05951,card,****5795,AXIS
P05952,upi,upi_676825,HDFC
P05953,upi,upi_461642,AXIS
P05954,wallet,upi_694791,AXIS
P05955,card,****7120,HDFC
P05956,wallet,upi_405457,HDFC
P05957,upi,upi_125404,ICICI
P05958,card,****9678,ICICI
P05959,card,****5794,AXIS
P05960,wallet,upi_813696,ICICI
P05961,card,****4163,AXIS
P05962,wallet,upi_866652,ICICI
P05963,wallet,upi_158825,KOTAK
P05964,wallet,upi_837316,SBI
P05965,upi,upi_167141,AXIS
P05966,upi,upi_519641,AXIS
P05967,card,****7478,ICICI
P05968,upi,upi_760749,ICICI
P05969,wallet,upi_247455,KOTAK
P05970,upi,upi_310198,HDFC
P05971,card,****2103,ICICI
P05972,card,****1443,HDFC
P05973,wallet,upi_808721,KOTAK
P05974,upi,upi_627831,SBI
P05975,card,****7352,SBI
P05976,wallet,upi_313427,ICICI
P05977,card,****7928,AXIS
P05978,wallet,upi_704249,AXIS
P05979,card,****9347,ICICI
P05980,wallet,upi_666500,KOTAK
P05981,upi,upi_622993,HDFC
P05982,wallet,upi_316893,AXIS
P05983,card,****6497,SBI
P05984,wallet,upi_399934,AXIS
P05985,wallet,upi_239545,HDFC
P05986,wallet,upi_488467,AXIS
P05987,upi,upi_695863,HDFC
P05988,card,****4076,ICICI
P05989,upi,upi_751828,SBI
P05990,card,****4525,SBI
P05991,card,****1014,HDFC
P05992,card,****6436,SBI
P05993,upi,upi_215054,AXIS
P05994,upi,upi_925316,KOTAK
P05995,wallet,upi_824485,HDFC
P05996,wallet,upi_151157,ICICI
P05997,wallet,upi_869390,KOTAK
P05998,wallet,upi_769958,HDFC
P05999,upi,upi_367681,HDFC
P06000,card,****5617,HDFC
P06001,upi,upi_353745,HDFC
P06002,upi,upi_525372,AXIS
P06003,wallet,upi_456442,HDFC
P06004,wallet,upi_323951,SBI
P06005,card,****9559,HDFC
P06006,upi,upi_640070,ICICI
P06007,upi,upi_425367,AXIS
P06008,upi,upi_469375,KOTAK
P06009,card,****4229,HDFC
P06010,wallet,upi_770209,HDFC
P06011,card,****7607,KOTAK
P06012,upi,upi_499961,SBI
P06013,upi,upi_215332,AXIS
P06014,upi,upi_675578,SBI
P06015,card,****2494,KOTAK
P06016,card,****3535,AXIS
P06017,wallet,upi_207696,AXIS
P06018,wallet,upi_652720,KOTAK
P06019,wallet,upi_837446,ICICI
P06020,upi,upi_835813,HDFC
P06021,upi,upi_197946,HDFC
P06022,upi,upi_641020,AXIS
P06023,upi,upi_937637,KOTAK
P06024,upi,upi_218303,HDFC
P06025,wallet,upi_699037,AXIS
P06026,upi,upi_559843,SBI
P06027,wallet,upi_871587,KOTAK
P06028,card,****4263,ICICI
P06029,upi,upi_168863,AXIS
P06030,card,****6256,HDFC
P06031,upi,upi_662361,ICICI
P06032,upi,upi_298800,SBI
P06033,upi,upi_774888,KOTAK
P06034,card,****6697,AXIS
P06035,upi,upi_561092,ICICI
P06036,wallet,upi_487572,ICICI
P06037,upi,upi_351045,ICICI
P06038,wallet,upi_788005,KOTAK
P06039,wallet,upi_271016,SBI
P06040,card,****7355,AXIS
P06041,wallet,upi_248925,HDFC
P06042,upi,upi_914509,AXIS
P06043,upi,upi_686739,HDFC
P06044,card,****6410,KOTAK
P06045,upi,upi_545982,AXIS
P06046,wallet,upi_608430,KOTAK
P06047,card,****1070,ICICI
P06048,card,****3484,KOTAK
P06049,upi,upi_314442,ICICI
P06050,upi,upi_287453,AXIS
P06051,upi,upi_550885,KOTAK
P06052,wallet,upi_950519,ICICI
P06053,upi,upi_432037,HDFC
P06054,wallet,upi_488995,HDFC
P06055,card,****6241,ICICI
P06056,wallet,upi_488619,SBI
P06057,upi,upi_211668,ICICI
P06058,card,****9918,AXIS
P06059,card,****1125,KOTAK
P06060,wallet,upi_594824,ICICI
P06061,wallet,upi_983289,HDFC
P06062,wallet,upi_578863,ICICI
P06063,wallet,upi_849757,ICICI
P06064,upi,upi_931896,AXIS
P06065,upi,upi_578025,HDFC
P06066,card,****9212,SBI
P06067,card,****6227,ICICI
P06068,wallet,upi_868069,AXIS
P06069,wallet,upi_628434,AXIS
P06070,card,****1017,KOTAK
P06071,card,****1141,AXIS
P06072,card,****3399,HDFC
P06073,card,****3319,SBI
P06074,card,****4169,SBI
P06075,wallet,upi_404367,AXIS
P06076,card,****1849,SBI
P06077,wallet,upi_790641,AXIS
P06078,wallet,upi_794382,AXIS
P06079,upi,upi_198498,KOTAK
P06080,wallet,upi_547944,HDFC
P06081,wallet,upi_707779,KOTAK
P06082,wallet,upi_597797,HDFC
P06083,upi,upi_482483,KOTAK
P06084,upi,upi_466862,AXIS
P06085,upi,upi_907052,AXIS
P06086,upi,upi_410373,HDFC
P06087,wallet,upi_739002,AXIS
P06088,wallet,upi_996212,ICICI
P06089,card,****5711,SBI
P06090,card,****1286,KOTAK
P06091,wallet,upi_484455,ICICI
P06092,card,****5612,ICICI
P06093,wallet,upi_498314,SBI
P06094,card,****8518,KOTAK
P06095,card,****3986,ICICI
P06096,card,****2244,SBI
P06097,card,****1217,AXIS
P06098,card,****6928,SBI
P06099,upi,upi_804393,ICICI
P06100,upi,upi_152500,HDFC
P06101,upi,upi_616782,KOTAK
P06102,card,****2353,SBI
P06103,card,****2575,HDFC
P06104,card,****7503,ICICI
P06105,upi,upi_109346,HDFC
P06106,wallet,upi_134284,ICICI
P06107,upi,upi_465585,KOTAK
P06108,wallet,upi_852634,ICICI
P06109,wallet,upi_374364,AXIS
P06110,upi,upi_726915,AXIS
P06111,wallet,upi_995369,ICICI
P06112,card,****6220,SBI
P06113,wallet,upi_624700,ICICI
P06114,upi,upi_615895,HDFC
P06115,wallet,upi_295969,HDFC
P06116,upi,upi_698165,AXIS
P06117,upi,upi_697829,HDFC
P06118,upi,upi_503076,ICICI
P06119,wallet,upi_629905,AXIS
P06120,wallet,upi_506153,SBI
P06121,wallet,upi_972157,ICICI
P06122,card,****1375,ICICI
P06123,card,****9107,ICICI
P06124,wallet,upi_527471,AXIS
P06125,upi,upi_253357,KOTAK
P06126,card,****6085,AXIS
P06127,wallet,upi_449251,SBI
P06128,wallet,upi_274531,AXIS
P06129,wallet,upi_234779,SBI
P06130,card,****1645,HDFC
P06131,wallet,upi_870323,ICICI
P06132,card,****9947,AXIS
P06133,wallet,upi_152040,HDFC
P06134,upi,upi_798917,AXIS
P06135,card,****6236,HDFC
P06136,wallet,upi_125257,KOTAK
P06137,upi,upi_393395,ICICI
P06138,card,****9118,HDFC
P06139,upi,upi_783359,ICICI
P06140,wallet,upi_159789,ICICI
P06141,card,****6247,AXIS
P06142,wallet,upi_327614,AXIS
P06143,wallet,upi_847391,ICICI
P06144,card,****2464,HDFC
P06145,card,****1617,KOTAK
P06146,card,****9623,KOTAK
P06147,wallet,upi_346201,HDFC
P06148,wallet,upi_564904,KOTAK
P06149,card,****1058,SBI
P06150,wallet,upi_147033,ICICI
P06151,wallet,upi_774965,ICICI
P06152,upi,upi_832975,SBI
P06153,card,****6490,KOTAK
P06154,wallet,upi_892721,ICICI
P06155,wallet,upi_816117,HDFC
P06156,wallet,upi_875521,ICICI
P06157,card,****5300,ICICI
P06158,wallet,upi_565024,AXIS
P06159,upi,upi_192820,ICICI
P06160,upi,upi_513042,ICICI
P06161,wallet,upi_773916,HDFC
P06162,wallet,upi_927189,HDFC
P06163,card,****3246,AXIS
P06164,wallet,upi_170023,SBI
P06165,wallet,upi_417823,AXIS
P06166,wallet,upi_368891,AXIS
P06167,card,****6693,ICICI
P06168,card,****2446,HDFC
P06169,upi,upi_813955,KOTAK
P06170,card,****5006,HDFC
P06171,wallet,upi_553666,AXIS
P06172,card,****8337,KOTAK
P06173,wallet,upi_404313,ICICI
P06174,card,****3044,SBI
P06175,card,****7917,KOTAK
P06176,card,****8772,AXIS
P06177,wallet,upi_473270,HDFC
P06178,wallet,upi_208890,AXIS
P06179,upi,upi_547889,AXIS
P06180,wallet,upi_203068,KOTAK
P06181,upi,upi_601970,AXIS
P06182,card,****9696,KOTAK
P06183,card,****7703,ICICI
P06184,upi,upi_671208,KOTAK
P06185,wallet,upi_799157,SBI
P06186,card,****2438,AXIS
P06187,wallet,upi_269308,AXIS
P06188,upi,upi_280247,KOTAK
P06189,card,****4015,AXIS
P06190,upi,upi_556110,AXIS
P06191,wallet,upi_971159,KOTAK
P06192,card,****4190,AXIS
P06193,wallet,upi_516370,HDFC
P06194,upi,upi_956710,SBI
P06195,card,****4068,KOTAK
P06196,wallet,upi_731480,KOTAK
P06197,wallet,upi_100708,AXIS
P06198,upi,upi_708992,KOTAK
P06199,card,****6209,KOTAK
P06200,wallet,upi_211329,ICICI
P06201,upi,upi_457982,KOTAK
P06202,upi,upi_603601,AXIS
P06203,card,****8107,SBI
P06204,wallet,upi_976552,AXIS
P06205,upi,upi_410783,HDFC
P06206,wallet,upi_979340,ICICI
P06207,wallet,upi_487299,KOTAK
P06208,card,****6195,HDFC
P06209,card,****5766,HDFC
P06210,upi,upi_214672,AXIS
P06211,upi,upi_606300,KOTAK
P06212,wallet,upi_297626,KOTAK
P06213,card,****3278,KOTAK
P06214,upi,upi_515741,SBI
P06215,card,****9755,KOTAK
P06216,upi,upi_184178,HDFC
P06217,upi,upi_651112,AXIS
P06218,card,****1918,SBI
P06219,card,****1071,KOTAK
P06220,card,****5290,SBI
P06221,wallet,upi_838203,ICICI
P06222,wallet,upi_568929,KOTAK
P06223,upi,upi_466562,AXIS
P06224,card,****4816,HDFC
P06225,card,****4214,HDFC
P06226,card,****2665,ICICI
P06227,upi,upi_764398,HDFC
P06228,card,****9309,AXIS
P06229,wallet,upi_137883,AXIS
P06230,upi,upi_279217,KOTAK
P06231,card,****7578,KOTAK
P06232,upi,upi_256484,ICICI
P06233,card,****4720,ICICI
P06234,upi,upi_734103,ICICI
P06235,card,****1256,AXIS
P06236,card,****1685,HDFC
P06237,upi,upi_769975,ICICI
P06238,card,****3229,SBI
P06239,card,****7306,AXIS
P06240,card,****5252,KOTAK
P06241,upi,upi_481136,ICICI
P06242,upi,upi_931106,SBI
P06243,card,****6351,AXIS
P06244,wallet,upi_196491,SBI
P06245,upi,upi_510022,KOTAK
P06246,upi,upi_527826,AXIS
P06247,upi,upi_152113,AXIS
P06248,wallet,upi_616892,ICICI
P06249,upi,upi_777318,SBI
P06250,upi,upi_490780,ICICI
P06251,upi,upi_446351,HDFC
P06252,upi,upi_499315,AXIS
P06253,wallet,upi_662518,AXIS
P06254,upi,upi_639086,ICICI
P06255,wallet,upi_883850,SBI
P06256,wallet,upi_307931,SBI
P06257,wallet,upi_877424,ICICI
P06258,wallet,upi_470329,KOTAK
P06259,upi,upi_760583,ICICI
P06260,upi,upi_972546,AXIS
P06261,card,****8113,AXIS
P06262,upi,upi_642727,SBI
P06263,card,****3527,HDFC
P06264,wallet,upi_950818,AXIS
P06265,upi,upi_482644,KOTAK
P06266,upi,upi_104797,KOTAK
P06267,wallet,upi_404850,ICICI
P06268,card,****7693,KOTAK
P06269,wallet,upi_329054,SBI
P06270,upi,upi_355700,AXIS
P06271,wallet,upi_824050,SBI
P06272,wallet,upi_133212,SBI
P06273,card,****6006,SBI
P06274,card,****6917,HDFC
P06275,wallet,upi_283362,KOTAK
P06276,upi,upi_520366,AXIS
P06277,card,****1134,HDFC
P06278,upi,upi_306646,SBI
P06279,card,****4213,KOTAK
P06280,card,****8658,AXIS
P06281,card,****9028,ICICI
P06282,wallet,upi_430020,SBI
P06283,wallet,upi_926769,SBI
P06284,wallet,upi_759434,HDFC
P06285,card,****1468,HDFC
P06286,upi,upi_244396,SBI
P06287,wallet,upi_468222,HDFC
P06288,upi,upi_140319,ICICI
P06289,wallet,upi_831069,HDFC
P06290,upi,upi_460182,HDFC
P06291,wallet,upi_293977,KOTAK
P06292,card,****6106,ICICI
P06293,upi,upi_338001,HDFC
P06294,card,****8602,KOTAK
P06295,upi,upi_909268,ICICI
P06296,card,****9052,KOTAK
P06297,upi,upi_297227,HDFC
P06298,wallet,upi_860095,HDFC
P06299,card,****3330,ICICI
P06300,wallet,upi_469720,KOTAK
P06301,card,****5501,ICICI
P06302,upi,upi_475358,ICICI
P06303,upi,upi_956807,SBI
P06304,card,****8112,AXIS
P06305,card,****6635,HDFC
P06306,wallet,upi_153595,KOTAK
P06307,upi,upi_619999,ICICI
P06308,wallet,upi_301786,KOTAK
P06309,wallet,upi_809778,SBI
P06310,upi,upi_406766,SBI
P06311,card,****5252,AXIS
P06312,card,****2324,KOTAK
P06313,card,****6311,HDFC
P06314,card,****8809,SBI
P06315,upi,upi_969056,SBI
P06316,upi,upi_892512,ICICI
P06317,wallet,upi_575797,HDFC
P06318,upi,upi_242304,AXIS
P06319,card,****9909,HDFC
P06320,upi,upi_577760,ICICI
P06321,card,****8246,SBI
P06322,upi,upi_200105,ICICI
P06323,card,****6201,AXIS
P06324,upi,upi_543734,ICICI
P06325,upi,upi_369828,HDFC
P06326,card,****7951,HDFC
P06327,wallet,upi_370048,KOTAK
P06328,card,****9374,AXIS
P06329,upi,upi_267545,HDFC
P06330,wallet,upi_751623,HDFC
P06331,upi,upi_698757,ICICI
P06332,card,****8069,ICICI
P06333,card,****4848,KOTAK
P06334,wallet,upi_452349,HDFC
P06335,upi,upi_880907,AXIS
P06336,card,****6091,SBI
P06337,card,****6405,KOTAK
P06338,wallet,upi_666076,ICICI
P06339,card,****7861,AXIS
P06340,card,****2637,ICICI
P06341,card,****5594,ICICI
P06342,wallet,upi_683064,KOTAK
P06343,card,****6055,KOTAK
P06344,upi,upi_991508,HDFC
P06345,wallet,upi_405924,ICICI
P06346,card,****3379,SBI
P06347,wallet,upi_955543,ICICI
P06348,upi,upi_412244,SBI
P06349,card,****3371,KOTAK
P06350,card,****4891,HDFC
P06351,card,****5183,ICICI
P06352,upi,upi_479387,SBI
P06353,upi,upi_496987,AXIS
P06354,card,****2047,HDFC
P06355,wallet,upi_447325,SBI
P06356,wallet,upi_125462,SBI
P06357,wallet,upi_371330,ICICI
P06358,card,****9541,ICICI
P06359,wallet,upi_413686,ICICI
P06360,upi,upi_744913,SBI
P06361,card,****2385,HDFC
P06362,wallet,upi_784902,ICICI
P06363,wallet,upi_713685,AXIS
P06364,upi,upi_224468,HDFC
P06365,upi,upi_116567,AXIS
P06366,card,****2879,AXIS
P06367,wallet,upi_232652,AXIS
P06368,upi,upi_948190,HDFC
P06369,upi,upi_324006,ICICI
P06370,wallet,upi_216961,AXIS
P06371,card,****2366,HDFC
P06372,wallet,upi_627873,AXIS
P06373,card,****3549,ICICI
P06374,card,****5033,AXIS
P06375,wallet,upi_179184,SBI
P06376,upi,upi_328412,AXIS
P06377,upi,upi_915806,AXIS
P06378,card,****1440,SBI
P06379,card,****9418,AXIS
P06380,upi,upi_101026,AXIS
P06381,wallet,upi_406202,SBI
P06382,wallet,upi_876454,KOTAK
P06383,wallet,upi_184908,SBI
P06384,card,****1925,SBI
P06385,upi,upi_433233,HDFC
P06386,card,****3909,HDFC
P06387,card,****7181,KOTAK
P06388,card,****9099,KOTAK
P06389,wallet,upi_135877,ICICI
P06390,wallet,upi_424721,SBI
P06391,card,****3786,KOTAK
P06392,upi,upi_627432,AXIS
P06393,upi,upi_898210,AXIS
P06394,card,****4895,HDFC
P06395,upi,upi_108922,KOTAK
P06396,wallet,upi_926989,ICICI
P06397,upi,upi_527910,AXIS
P06398,wallet,upi_464889,SBI
P06399,wallet,upi_172149,KOTAK
P06400,wallet,upi_858751,ICICI
P06401,card,****7946,KOTAK
P06402,wallet,upi_200934,HDFC
P06403,card,****4990,KOTAK
P06404,wallet,upi_238582,AXIS
P06405,card,****2174,HDFC
P06406,upi,upi_204992,ICICI
P06407,card,****5600,AXIS
P06408,card,****2647,KOTAK
P06409,upi,upi_267439,ICICI
P06410,card,****2614,ICICI
P06411,wallet,upi_789474,KOTAK
P06412,card,****6925,ICICI
P06413,card,****1516,KOTAK
P06414,wallet,upi_306555,HDFC
P06415,wallet,upi_505521,KOTAK
P06416,card,****7735,ICICI
P06417,upi,upi_981953,HDFC
P06418,card,****9805,KOTAK
P06419,wallet,upi_799992,HDFC
P06420,wallet,upi_835485,AXIS
P06421,card,****7232,KOTAK
P06422,card,****8632,KOTAK
P06423,wallet,upi_840746,SBI
P06424,wallet,upi_609704,AXIS
P06425,upi,upi_293134,HDFC
P06426,card,****1379,SBI
P06427,card,****2323,SBI
P06428,wallet,upi_852113,HDFC
P06429,card,****8764,HDFC
P06430,upi,upi_219684,AXIS
P06431,card,****5407,KOTAK
P06432,upi,upi_932859,HDFC
P06433,wallet,upi_803900,KOTAK
P06434,wallet,upi_436216,HDFC
P06435,card,****4550,AXIS
P06436,card,****9668,SBI
P06437,card,****2804,KOTAK
P06438,card,****5338,SBI
P06439,upi,upi_372149,SBI
P06440,upi,upi_734921,AXIS
P06441,card,****7478,SBI
P06442,upi,upi_508404,HDFC
P06443,wallet,upi_295102,AXIS
P06444,upi,upi_622732,HDFC
P06445,card,****8195,AXIS
P06446,wallet,upi_817598,HDFC
P06447,wallet,upi_891935,KOTAK
P06448,wallet,upi_535446,ICICI
P06449,upi,upi_352201,KOTAK
P06450,upi,upi_520260,HDFC
P06451,card,****7581,AXIS
P06452,upi,upi_670323,ICICI
P06453,card,****7099,SBI
P06454,upi,upi_317551,AXIS
P06455,card,****4204,KOTAK
P06456,wallet,upi_601038,SBI
P06457,card,****3717,ICICI
P06458,card,****5729,AXIS
P06459,card,****5946,SBI
P06460,upi,upi_499783,ICICI
P06461,upi,upi_544871,ICICI
P06462,wallet,upi_329021,HDFC
P06463,upi,upi_813007,HDFC
P06464,card,****8488,AXIS
P06465,card,****5885,ICICI
P06466,wallet,upi_803534,HDFC
P06467,upi,upi_294583,SBI
P06468,wallet,upi_337779,HDFC
P06469,wallet,upi_516056,KOTAK
P06470,wallet,upi_541972,ICICI
P06471,upi,upi_374655,AXIS
P06472,card,****5100,AXIS
P06473,upi,upi_495426,KOTAK
P06474,wallet,upi_506322,KOTAK
P06475,wallet,upi_606500,HDFC
P06476,card,****7183,KOTAK
P06477,wallet,upi_917270,ICICI
P06478,card,****1463,SBI
P06479,wallet,upi_330570,AXIS
P06480,wallet,upi_732659,ICICI
P06481,upi,upi_864345,ICICI
P06482,wallet,upi_983885,HDFC
P06483,upi,upi_704664,ICICI
P06484,wallet,upi_252008,KOTAK
P06485,card,****3747,AXIS
P06486,card,****7280,SBI
P06487,wallet,upi_333889,SBI
P06488,card,****1715,SBI
P06489,card,****7178,ICICI
P06490,wallet,upi_198763,HDFC
P06491,wallet,upi_573602,ICICI
P06492,card,****9414,ICICI
P06493,upi,upi_603121,HDFC
P06494,wallet,upi_301934,HDFC
P06495,card,****9789,HDFC
P06496,upi,upi_830357,KOTAK
P06497,upi,upi_783675,HDFC
P06498,upi,upi_450922,AXIS
P06499,wallet,upi_742590,KOTAK
P06500,wallet,upi_364287,KOTAK
P06501,upi,upi_398696,KOTAK
P06502,wallet,upi_570596,KOTAK
P06503,wallet,upi_159643,SBI
P06504,card,****3208,HDFC
P06505,upi,upi_230273,HDFC
P06506,upi,upi_672821,AXIS
P06507,upi,upi_537789,SBI
P06508,wallet,upi_873607,HDFC
P06509,wallet,upi_749918,KOTAK
P06510,wallet,upi_206960,HDFC
P06511,upi,upi_180708,AXIS
P06512,card,****6134,AXIS
P06513,card,****2551,AXIS
P06514,card,****2542,ICICI
P06515,wallet,upi_583391,SBI
P06516,upi,upi_570424,ICICI
P06517,wallet,upi_889886,AXIS
P06518,card,****7857,KOTAK
P06519,upi,upi_738375,AXIS
P06520,card,****8995,KOTAK
P06521,wallet,upi_174480,HDFC
P06522,wallet,upi_979944,ICICI
P06523,wallet,upi_994378,KOTAK
P06524,wallet,upi_708973,KOTAK
P06525,card,****7421,KOTAK
P06526,card,****1775,HDFC
P06527,card,****1212,AXIS
P06528,card,****7979,AXIS
P06529,upi,upi_297682,ICICI
P06530,card,****7373,ICICI
P06531,wallet,upi_303916,AXIS
P06532,card,****4966,HDFC
P06533,upi,upi_743742,KOTAK
P06534,upi,upi_380767,KOTAK
P06535,card,****1743,SBI
P06536,wallet,upi_731296,HDFC
P06537,card,****8802,ICICI
P06538,wallet,upi_474611,SBI
P06539,upi,upi_640948,SBI
P06540,wallet,upi_335832,SBI
P06541,wallet,upi_541553,ICICI
P06542,wallet,upi_726735,KOTAK
P06543,wallet,upi_895349,HDFC
P06544,card,****8894,SBI
P06545,wallet,upi_328408,KOTAK
P06546,wallet,upi_261614,ICICI
P06547,upi,upi_914948,SBI
P06548,card,****8175,SBI
P06549,card,****4018,SBI
P06550,wallet,upi_170012,SBI
P06551,upi,upi_541420,ICICI
P06552,card,****3985,ICICI
P06553,upi,upi_950497,HDFC
P06554,card,****9880,AXIS
P06555,card,****5278,SBI
P06556,upi,upi_202412,ICICI
P06557,wallet,upi_910088,KOTAK
P06558,upi,upi_433802,ICICI
P06559,card,****6143,AXIS
P06560,card,****1863,KOTAK
P06561,card,****1142,AXIS
P06562,wallet,upi_519370,KOTAK
P06563,wallet,upi_872672,SBI
P06564,wallet,upi_148382,KOTAK
P06565,upi,upi_829560,SBI
P06566,upi,upi_926550,KOTAK
P06567,wallet,upi_587392,ICICI
P06568,wallet,upi_391048,HDFC
P06569,wallet,upi_885654,KOTAK
P06570,wallet,upi_284383,HDFC
P06571,upi,upi_606939,ICICI
P06572,upi,upi_782466,HDFC
P06573,upi,upi_519912,KOTAK
P06574,card,****2090,ICICI
P06575,card,****8708,ICICI
P06576,upi,upi_574817,HDFC
P06577,upi,upi_826045,ICICI
P06578,card,****8845,ICICI
P06579,wallet,upi_408002,HDFC
P06580,wallet,upi_289015,SBI
P06581,card,****3812,ICICI
P06582,wallet,upi_992321,SBI
P06583,card,****9605,ICICI
P06584,card,****7746,ICICI
P06585,card,****4845,AXIS
P06586,upi,upi_423528,HDFC
P06587,card,****9917,HDFC
P06588,wallet,upi_929321,SBI
P06589,upi,upi_381495,ICICI
P06590,upi,upi_897734,KOTAK
P06591,upi,upi_262845,HDFC
P06592,card,****5579,ICICI
P06593,upi,upi_107678,KOTAK
P06594,upi,upi_560553,AXIS
P06595,upi,upi_835630,HDFC
P06596,card,****9433,AXIS
P06597,wallet,upi_168289,SBI
P06598,upi,upi_387272,HDFC
P06599,wallet,upi_941698,KOTAK
P06600,upi,upi_208055,SBI
P06601,upi,upi_468630,ICICI
P06602,wallet,upi_665341,KOTAK
P06603,wallet,upi_168108,ICICI
P06604,upi,upi_140822,SBI
P06605,upi,upi_971175,ICICI
P06606,upi,upi_979514,SBI
P06607,card,****1914,KOTAK
P06608,card,****7316,HDFC
P06609,wallet,upi_961729,HDFC
P06610,card,****4270,SBI
P06611,upi,upi_435046,KOTAK
P06612,upi,upi_290042,KOTAK
P06613,wallet,upi_283950,HDFC
P06614,wallet,upi_282976,ICICI
P06615,upi,upi_500798,AXIS
P06616,upi,upi_711410,AXIS
P06617,wallet,upi_281685,ICICI
P06618,wallet,upi_463828,ICICI
P06619,card,****9802,AXIS
P06620,card,****5096,HDFC
P06621,card,****9876,ICICI
P06622,wallet,upi_809683,HDFC
P06623,wallet,upi_931572,ICICI
P06624,upi,upi_232976,SBI
P06625,wallet,upi_761573,ICICI
P06626,upi,upi_102307,AXIS
P06627,upi,upi_806056,ICICI
P06628,wallet,upi_880853,ICICI
P06629,upi,upi_530033,ICICI
P06630,card,****5913,KOTAK
P06631,wallet,upi_733872,ICICI
P06632,card,****5216,ICICI
P06633,upi,upi_488945,HDFC
P06634,wallet,upi_652400,AXIS
P06635,upi,upi_742036,SBI
P06636,wallet,upi_139093,KOTAK
P06637,upi,upi_913743,SBI
P06638,upi,upi_284264,SBI
P06639,card,****3893,AXIS
P06640,wallet,upi_240038,KOTAK
P06641,upi,upi_460212,HDFC
P06642,upi,upi_382054,ICICI
P06643,upi,upi_961082,HDFC
P06644,wallet,upi_464271,ICICI
P06645,wallet,upi_764379,KOTAK
P06646,wallet,upi_491347,KOTAK
P06647,upi,upi_602901,HDFC
P06648,card,****7994,KOTAK
P06649,upi,upi_397144,SBI
P06650,card,****6287,KOTAK
P06651,card,****8705,AXIS
P06652,upi,upi_146977,SBI
P06653,upi,upi_230653,KOTAK
P06654,wallet,upi_311192,HDFC
P06655,card,****6574,SBI
P06656,card,****9333,AXIS
P06657,card,****5501,SBI
P06658,wallet,upi_865173,KOTAK
P06659,wallet,upi_521491,AXIS
P06660,wallet,upi_554702,AXIS
P06661,upi,upi_717656,KOTAK
P06662,wallet,upi_707535,SBI
P06663,upi,upi_117197,AXIS
P06664,wallet,upi_211664,AXIS
P06665,wallet,upi_994804,HDFC
P06666,upi,upi_712622,HDFC
P06667,card,****5273,KOTAK
P06668,upi,upi_186020,HDFC
P06669,card,****4520,KOTAK
P06670,upi,upi_934789,AXIS
P06671,card,****6516,AXIS
P06672,upi,upi_969551,SBI
P06673,upi,upi_553126,SBI
P06674,card,****6549,HDFC
P06675,wallet,upi_863333,KOTAK
P06676,upi,upi_120974,HDFC
P06677,upi,upi_615264,SBI
P06678,upi,upi_690322,ICICI
P06679,card,****5654,ICICI
P06680,upi,upi_740361,AXIS
P06681,wallet,upi_642242,SBI
P06682,card,****5558,SBI
P06683,card,****6490,AXIS
P06684,upi,upi_998495,KOTAK
P06685,card,****8937,SBI
P06686,upi,upi_147774,ICICI
P06687,wallet,upi_885792,SBI
P06688,card,****8121,HDFC
P06689,upi,upi_971826,KOTAK
P06690,wallet,upi_275970,SBI
P06691,upi,upi_230413,SBI
P06692,card,****3130,SBI
P06693,card,****4943,KOTAK
P06694,upi,upi_840006,AXIS
P06695,upi,upi_880736,ICICI
P06696,upi,upi_971284,SBI
P06697,wallet,upi_927940,HDFC
P06698,wallet,upi_531250,ICICI
P06699,wallet,upi_778245,SBI
P06700,wallet,upi_356370,AXIS
P06701,wallet,upi_154285,AXIS
P06702,card,****6293,KOTAK
P06703,upi,upi_331457,HDFC
P06704,wallet,upi_980697,HDFC
P06705,card,****2301,ICICI
P06706,upi,upi_675952,KOTAK
P06707,upi,upi_730280,SBI
P06708,card,****4414,HDFC
P06709,upi,upi_773920,KOTAK
P06710,upi,upi_254591,AXIS
P06711,upi,upi_467293,KOTAK
P06712,upi,upi_895855,AXIS
P06713,card,****4542,AXIS
P06714,upi,upi_535110,ICICI
P06715,card,****4183,AXIS
P06716,card,****5157,SBI
P06717,wallet,upi_394921,ICICI
P06718,wallet,upi_724042,SBI
P06719,upi,upi_633379,KOTAK
P06720,upi,upi_883504,ICICI
P06721,card,****2719,KOTAK
P06722,card,****3466,ICICI
P06723,card,****7074,AXIS
P06724,wallet,upi_542162,HDFC
P06725,upi,upi_848750,HDFC
P06726,upi,upi_330519,HDFC
P06727,upi,upi_416096,SBI
P06728,upi,upi_583376,AXIS
P06729,upi,upi_281465,AXIS
P06730,card,****7359,ICICI
P06731,upi,upi_566088,KOTAK
P06732,upi,upi_830459,HDFC
P06733,wallet,upi_744091,KOTAK
P06734,wallet,upi_612108,AXIS
P06735,upi,upi_921618,AXIS
P06736,upi,upi_743066,SBI
P06737,wallet,upi_400788,ICICI
P06738,upi,upi_980081,KOTAK
P06739,wallet,upi_450520,ICICI
P06740,wallet,upi_471344,ICICI
P06741,upi,upi_886331,AXIS
P06742,upi,upi_965942,HDFC
P06743,card,****8802,AXIS
P06744,upi,upi_540288,KOTAK
P06745,upi,upi_395061,HDFC
P06746,upi,upi_257598,HDFC
P06747,upi,upi_541713,AXIS
P06748,upi,upi_184428,SBI
P06749,wallet,upi_566775,SBI
P06750,card,****5883,HDFC
P06751,card,****6195,AXIS
P06752,card,****4407,HDFC
P06753,wallet,upi_716940,HDFC
P06754,card,****1762,KOTAK
P06755,upi,upi_874346,HDFC
P06756,upi,upi_490700,AXIS
P06757,upi,upi_861237,KOTAK
P06758,card,****4967,SBI
P06759,wallet,upi_376186,SBI
P06760,card,****9607,SBI
P06761,wallet,upi_789150,AXIS
P06762,upi,upi_357951,SBI
P06763,card,****4281,ICICI
P06764,upi,upi_550717,HDFC
P06765,wallet,upi_816741,HDFC
P06766,card,****5263,AXIS
P06767,card,****2289,HDFC
P06768,card,****5022,SBI
P06769,wallet,upi_890064,SBI
P06770,upi,upi_181575,HDFC
P06771,wallet,upi_822924,KOTAK
P06772,wallet,upi_695273,KOTAK
P06773,wallet,upi_518489,SBI
P06774,card,****2421,KOTAK
P06775,card,****6214,KOTAK
P06776,card,****8337,SBI
P06777,upi,upi_547097,HDFC
P06778,upi,upi_865634,SBI
P06779,upi,upi_570472,AXIS
P06780,card,****9367,AXIS
P06781,wallet,upi_610510,HDFC
P06782,upi,upi_855548,AXIS
P06783,wallet,upi_711896,AXIS
P06784,upi,upi_803819,AXIS
P06785,wallet,upi_254414,KOTAK
P06786,card,****7109,ICICI
P06787,upi,upi_523746,SBI
P06788,wallet,upi_714640,SBI
P06789,card,****9630,KOTAK
P06790,card,****5525,ICICI
P06791,wallet,upi_343972,ICICI
P06792,card,****3956,KOTAK
P06793,wallet,upi_294967,AXIS
P06794,upi,upi_399654,HDFC
P06795,upi,upi_391755,AXIS
P06796,wallet,upi_353723,KOTAK
P06797,wallet,upi_542846,ICICI
P06798,card,****2099,SBI
P06799,card,****6809,HDFC
P06800,card,****2445,KOTAK
P06801,upi,upi_494365,HDFC
P06802,upi,upi_608091,SBI
P06803,upi,upi_355470,ICICI
P06804,wallet,upi_719478,HDFC
P06805,upi,upi_575825,KOTAK
P06806,upi,upi_275803,SBI
P06807,upi,upi_413767,SBI
P06808,card,****1043,ICICI
P06809,upi,upi_735130,SBI
P06810,upi,upi_208120,HDFC
P06811,wallet,upi_804850,ICICI
P06812,wallet,upi_336904,KOTAK
P06813,upi,upi_776478,ICICI
P06814,upi,upi_186074,KOTAK
P06815,wallet,upi_815085,AXIS
P06816,upi,upi_425156,AXIS
P06817,upi,upi_417137,HDFC
P06818,card,****2477,ICICI
P06819,upi,upi_180063,KOTAK
P06820,wallet,upi_297025,HDFC
P06821,card,****6821,KOTAK
P06822,upi,upi_305096,SBI
P06823,upi,upi_909968,SBI
P06824,wallet,upi_954290,HDFC
P06825,upi,upi_320240,KOTAK
P06826,wallet,upi_913506,KOTAK
P06827,upi,upi_768672,ICICI
P06828,wallet,upi_224704,AXIS
P06829,wallet,upi_731575,SBI
P06830,upi,upi_752862,KOTAK
P06831,card,****9560,SBI
P06832,wallet,upi_810322,HDFC
P06833,card,****7145,SBI
P06834,upi,upi_946883,KOTAK
P06835,card,****7173,AXIS
P06836,upi,upi_894714,KOTAK
P06837,card,****4524,KOTAK
P06838,card,****2590,KOTAK
P06839,card,****6096,KOTAK
P06840,wallet,upi_196154,KOTAK
P06841,wallet,upi_902610,HDFC
P06842,wallet,upi_158182,ICICI
P06843,wallet,upi_168189,SBI
P06844,upi,upi_298263,SBI
P06845,card,****3835,SBI
P06846,card,****2684,KOTAK
P06847,upi,upi_702127,AXIS
P06848,wallet,upi_982045,ICICI
P06849,card,****2664,ICICI
P06850,card,****9437,SBI
P06851,card,****8736,ICICI
P06852,upi,upi_195082,HDFC
P06853,upi,upi_858884,AXIS
P06854,card,****4221,ICICI
P06855,card,****6445,SBI
P06856,upi,upi_305287,HDFC
P06857,card,****6254,ICICI
P06858,card,****4109,HDFC
P06859,upi,upi_411251,HDFC
P06860,upi,upi_562370,KOTAK
P06861,card,****2635,HDFC
P06862,wallet,upi_876367,AXIS
P06863,upi,upi_743732,KOTAK
P06864,upi,upi_795880,SBI
P06865,upi,upi_578799,AXIS
P06866,wallet,upi_980185,AXIS
P06867,card,****6004,SBI
P06868,upi,upi_225492,KOTAK
P06869,wallet,upi_292688,KOTAK
P06870,wallet,upi_203054,ICICI
P06871,upi,upi_743694,KOTAK
P06872,upi,upi_457819,ICICI
P06873,card,****7831,SBI
P06874,wallet,upi_186018,KOTAK
P06875,wallet,upi_942731,HDFC
P06876,card,****7870,HDFC
P06877,wallet,upi_884558,AXIS
P06878,wallet,upi_499020,KOTAK
P06879,card,****1282,HDFC
P06880,wallet,upi_862010,KOTAK
P06881,wallet,upi_238846,ICICI
P06882,wallet,upi_362205,ICICI
P06883,wallet,upi_229496,AXIS
P06884,wallet,upi_248263,AXIS
P06885,wallet,upi_232063,ICICI
P06886,wallet,upi_187785,AXIS
P06887,upi,upi_769029,AXIS
P06888,card,****7242,KOTAK
P06889,wallet,upi_916942,AXIS
P06890,card,****1499,KOTAK
P06891,card,****5439,AXIS
P06892,wallet,upi_938473,HDFC
P06893,wallet,upi_104070,HDFC
P06894,upi,upi_696328,ICICI
P06895,card,****6762,AXIS
P06896,card,****3173,KOTAK
P06897,wallet,upi_578009,HDFC
P06898,wallet,upi_311012,ICICI
P06899,card,****1499,HDFC
P06900,wallet,upi_793117,AXIS
P06901,upi,upi_686003,SBI
P06902,wallet,upi_617310,ICICI
P06903,upi,upi_944168,ICICI
P06904,wallet,upi_585575,HDFC
P06905,card,****6728,HDFC
P06906,upi,upi_450934,ICICI
P06907,wallet,upi_950816,HDFC
P06908,upi,upi_809772,KOTAK
P06909,wallet,upi_124188,ICICI
P06910,wallet,upi_641074,AXIS
P06911,card,****7227,HDFC
P06912,upi,upi_679252,HDFC
P06913,card,****3980,SBI
P06914,card,****7856,SBI
P06915,upi,upi_600281,SBI
P06916,upi,upi_943729,AXIS
P06917,wallet,upi_736472,SBI
P06918,card,****1381,SBI
P06919,card,****9235,KOTAK
P06920,wallet,upi_446535,AXIS
P06921,upi,upi_821221,SBI
P06922,card,****1577,HDFC
P06923,upi,upi_445221,SBI
P06924,upi,upi_944375,ICICI
P06925,card,****9434,KOTAK
P06926,upi,upi_656629,KOTAK
P06927,wallet,upi_564306,AXIS
P06928,upi,upi_546240,KOTAK
P06929,wallet,upi_969885,ICICI
P06930,card,****4375,AXIS
P06931,wallet,upi_155015,AXIS
P06932,wallet,upi_234193,ICICI
P06933,wallet,upi_124148,HDFC
P06934,card,****4170,KOTAK
P06935,upi,upi_109564,SBI
P06936,upi,upi_971060,KOTAK
P06937,upi,upi_797732,AXIS
P06938,card,****1252,ICICI
P06939,wallet,upi_117486,ICICI
P06940,upi,upi_227143,SBI
P06941,wallet,upi_715370,SBI
P06942,wallet,upi_357836,KOTAK
P06943,card,****5748,SBI
P06944,card,****2999,SBI
P06945,upi,upi_948171,KOTAK
P06946,wallet,upi_150100,SBI
P06947,card,****6040,AXIS
P06948,card,****4921,KOTAK
P06949,upi,upi_197492,AXIS
P06950,upi,upi_325499,HDFC
P06951,wallet,upi_447478,ICICI
P06952,card,****7452,AXIS
P06953,card,****5191,KOTAK
P06954,wallet,upi_523637,KOTAK
P06955,wallet,upi_907637,AXIS
P06956,upi,upi_498456,ICICI
P06957,wallet,upi_274901,SBI
P06958,wallet,upi_794605,KOTAK
P06959,wallet,upi_294585,ICICI
P06960,wallet,upi_272752,KOTAK
P06961,card,****2815,KOTAK
P06962,card,****3527,ICICI
P06963,upi,upi_319853,HDFC
P06964,upi,upi_634724,KOTAK
P06965,upi,upi_547840,KOTAK
P06966,wallet,upi_412502,AXIS
P06967,upi,upi_529396,AXIS
P06968,wallet,upi_119369,KOTAK
P06969,upi,upi_392072,SBI
P06970,wallet,upi_329439,AXIS
P06971,upi,upi_869724,SBI
P06972,wallet,upi_441263,KOTAK
P06973,upi,upi_450982,ICICI
P06974,card,****4785,SBI
P06975,wallet,upi_310413,HDFC
P06976,upi,upi_438037,SBI
P06977,wallet,upi_925535,SBI
P06978,wallet,upi_759038,ICICI
P06979,wallet,upi_834024,KOTAK
P06980,upi,upi_387873,KOTAK
P06981,wallet,upi_579570,SBI
P06982,card,****2054,SBI
P06983,wallet,upi_504510,ICICI
P06984,upi,upi_565319,SBI
P06985,card,****2930,KOTAK
P06986,wallet,upi_616968,AXIS
P06987,upi,upi_450900,ICICI
P06988,upi,upi_742911,AXIS
P06989,upi,upi_925366,SBI
P06990,card,****6868,AXIS
P06991,upi,upi_217013,KOTAK
P06992,upi,upi_562002,KOTAK
P06993,wallet,upi_547498,ICICI
P06994,wallet,upi_108321,HDFC
P06995,wallet,upi_316578,SBI
P06996,wallet,upi_628814,ICICI
P06997,card,****2806,AXIS
P06998,card,****1616,HDFC
P06999,wallet,upi_443179,KOTAK
P07000,upi,upi_783889,ICICI
P07001,card,****5600,ICICI
P07002,card,****9590,SBI
P07003,wallet,upi_930346,ICICI
P07004,upi,upi_909808,KOTAK
P07005,card,****8857,AXIS
P07006,upi,upi_680174,HDFC
P07007,wallet,upi_758956,KOTAK
P07008,upi,upi_557067,HDFC
P07009,card,****9292,HDFC
P07010,upi,upi_108500,ICICI
P07011,card,****5915,KOTAK
P07012,card,****2179,SBI
P07013,card,****8186,ICICI
P07014,upi,upi_933157,KOTAK
P07015,upi,upi_519687,AXIS
P07016,card,****6667,SBI
P07017,upi,upi_385805,AXIS
P07018,card,****6653,ICICI
P07019,wallet,upi_261733,AXIS
P07020,card,****8166,AXIS
P07021,upi,upi_884060,AXIS
P07022,wallet,upi_834543,ICICI
P07023,upi,upi_242640,HDFC
P07024,wallet,upi_448921,ICICI
P07025,upi,upi_830609,SBI
P07026,wallet,upi_701238,HDFC
P07027,card,****3509,KOTAK
P07028,upi,upi_528624,AXIS
P07029,wallet,upi_756972,ICICI
P07030,wallet,upi_482133,HDFC
P07031,card,****2400,SBI
P07032,upi,upi_857758,ICICI
P07033,wallet,upi_357844,HDFC
P07034,wallet,upi_621275,AXIS
P07035,upi,upi_435571,KOTAK
P07036,card,****2463,ICICI
P07037,upi,upi_291252,AXIS
P07038,upi,upi_328111,KOTAK
P07039,upi,upi_516981,AXIS
P07040,wallet,upi_636869,SBI
P07041,upi,upi_884742,AXIS
P07042,card,****8304,KOTAK
P07043,wallet,upi_914493,HDFC
P07044,upi,upi_970460,SBI
P07045,card,****2639,KOTAK
P07046,wallet,upi_167815,AXIS
P07047,upi,upi_492843,SBI
P07048,card,****3509,KOTAK
P07049,wallet,upi_821412,SBI
P07050,upi,upi_200639,SBI
P07051,wallet,upi_918678,ICICI
P07052,upi,upi_316015,HDFC
P07053,upi,upi_388979,KOTAK
P07054,wallet,upi_286481,KOTAK
P07055,wallet,upi_896869,ICICI
P07056,wallet,upi_918543,SBI
P07057,wallet,upi_698070,AXIS
P07058,upi,upi_561347,AXIS
P07059,upi,upi_467531,AXIS
P07060,upi,upi_710637,HDFC
P07061,upi,upi_119652,SBI
P07062,upi,upi_417710,KOTAK
P07063,upi,upi_780150,ICICI
P07064,wallet,upi_975922,SBI
P07065,card,****8076,KOTAK
P07066,upi,upi_789168,AXIS
P07067,card,****6509,AXIS
P07068,wallet,upi_283208,ICICI
P07069,wallet,upi_102802,KOTAK
P07070,upi,upi_904972,KOTAK
P07071,card,****8976,AXIS
P07072,wallet,upi_352697,SBI
P07073,card,****6665,ICICI
P07074,upi,upi_722583,AXIS
P07075,upi,upi_231060,HDFC
P07076,wallet,upi_150057,HDFC
P07077,card,****6456,SBI
P07078,upi,upi_576949,ICICI
P07079,upi,upi_744414,SBI
P07080,card,****2175,SBI
P07081,wallet,upi_662623,AXIS
P07082,card,****3833,SBI
P07083,upi,upi_591046,KOTAK
P07084,upi,upi_520783,SBI
P07085,card,****4657,SBI
P07086,upi,upi_779642,AXIS
P07087,upi,upi_199856,AXIS
P07088,wallet,upi_444770,SBI
P07089,upi,upi_324391,KOTAK
P07090,wallet,upi_429330,ICICI
P07091,card,****3368,KOTAK
P07092,upi,upi_490992,SBI
P07093,wallet,upi_118510,KOTAK
P07094,upi,upi_609591,KOTAK
P07095,upi,upi_973321,AXIS
P07096,upi,upi_625950,HDFC
P07097,wallet,upi_528641,AXIS
P07098,card,****3545,KOTAK
P07099,upi,upi_758578,HDFC
P07100,card,****7726,ICICI
P07101,card,****4496,SBI
P07102,upi,upi_101972,SBI
P07103,card,****8618,HDFC
P07104,upi,upi_519899,KOTAK
P07105,upi,upi_764376,HDFC
P07106,upi,upi_864971,AXIS
P07107,wallet,upi_718520,AXIS
P07108,wallet,upi_948672,ICICI
P07109,upi,upi_230532,KOTAK
P07110,upi,upi_848310,SBI
P07111,wallet,upi_456563,HDFC
P07112,wallet,upi_847496,ICICI
P07113,upi,upi_397167,SBI
P07114,wallet,upi_903820,AXIS
P07115,card,****3009,AXIS
P07116,card,****4128,KOTAK
P07117,upi,upi_205668,HDFC
P07118,card,****8538,SBI
P07119,wallet,upi_810729,HDFC
P07120,wallet,upi_987497,HDFC
P07121,card,****8181,HDFC
P07122,upi,upi_582357,KOTAK
P07123,wallet,upi_382811,KOTAK
P07124,card,****9009,KOTAK
P07125,upi,upi_834767,KOTAK
P07126,card,****9667,SBI
P07127,upi,upi_812931,HDFC
P07128,upi,upi_837815,ICICI
P07129,card,****6982,KOTAK
P07130,card,****7950,AXIS
P07131,upi,upi_809734,ICICI
P07132,upi,upi_307557,AXIS
P07133,upi,upi_351818,SBI
P07134,wallet,upi_934229,SBI
P07135,wallet,upi_652796,KOTAK
P07136,upi,upi_147684,AXIS
P07137,card,****8445,ICICI
P07138,card,****9748,KOTAK
P07139,card,****5425,HDFC
P07140,card,****4776,SBI
P07141,card,****4176,KOTAK
P07142,card,****2219,SBI
P07143,card,****1772,KOTAK
P07144,upi,upi_998913,SBI
P07145,card,****9069,SBI
P07146,wallet,upi_337723,AXIS
P07147,upi,upi_992407,ICICI
P07148,upi,upi_603090,KOTAK
P07149,upi,upi_563082,HDFC
P07150,wallet,upi_381049,KOTAK
P07151,card,****4211,HDFC
P07152,wallet,upi_154053,AXIS
P07153,wallet,upi_855935,ICICI
P07154,upi,upi_911785,AXIS
P07155,upi,upi_687957,ICICI
P07156,upi,upi_964406,HDFC
P07157,wallet,upi_282563,SBI
P07158,card,****7800,ICICI
P07159,wallet,upi_593748,KOTAK
P07160,upi,upi_841911,HDFC
P07161,card,****9299,KOTAK
P07162,upi,upi_550011,KOTAK
P07163,card,****2449,ICICI
P07164,wallet,upi_234660,ICICI
P07165,card,****2237,SBI
P07166,wallet,upi_789622,ICICI
P07167,upi,upi_266793,AXIS
P07168,card,****2772,KOTAK
P07169,upi,upi_928079,KOTAK
P07170,wallet,upi_945182,ICICI
P07171,upi,upi_949359,KOTAK
P07172,upi,upi_513468,SBI
P07173,upi,upi_376935,SBI
P07174,upi,upi_490386,ICICI
P07175,card,****7140,SBI
P07176,upi,upi_400322,HDFC
P07177,card,****9532,HDFC
P07178,wallet,upi_658181,SBI
P07179,card,****4503,AXIS
P07180,upi,upi_296692,KOTAK
P07181,card,****6539,ICICI
P07182,card,****4376,KOTAK
P07183,wallet,upi_774725,KOTAK
P07184,card,****4545,AXIS
P07185,wallet,upi_549670,KOTAK
P07186,upi,upi_918227,HDFC
P07187,wallet,upi_916415,SBI
P07188,upi,upi_184170,SBI
P07189,upi,upi_803343,ICICI
P07190,card,****1457,HDFC
P07191,upi,upi_794027,KOTAK
P07192,card,****4249,ICICI
P07193,upi,upi_379930,HDFC
P07194,card,****2823,ICICI
P07195,upi,upi_277192,KOTAK
P07196,card,****7376,HDFC
P07197,card,****1026,KOTAK
P07198,upi,upi_915488,AXIS
P07199,upi,upi_591481,AXIS
P07200,card,****1173,AXIS
P07201,wallet,upi_797315,AXIS
P07202,upi,upi_213673,KOTAK
P07203,card,****8619,AXIS
P07204,card,****7114,HDFC
P07205,upi,upi_541521,AXIS
P07206,wallet,upi_979060,HDFC
P07207,wallet,upi_536245,ICICI
P07208,card,****9175,ICICI
P07209,card,****5619,KOTAK
P07210,wallet,upi_986629,KOTAK
P07211,upi,upi_688161,HDFC
P07212,wallet,upi_414367,HDFC
P07213,wallet,upi_508872,KOTAK
P07214,card,****1732,ICICI
P07215,wallet,upi_269696,AXIS
P07216,upi,upi_786126,SBI
P07217,upi,upi_369172,KOTAK
P07218,upi,upi_589966,SBI
P07219,card,****2365,AXIS
P07220,card,****6290,ICICI
P07221,wallet,upi_814846,HDFC
P07222,upi,upi_922741,SBI
P07223,wallet,upi_134802,KOTAK
P07224,wallet,upi_844127,AXIS
P07225,wallet,upi_116217,ICICI
P07226,upi,upi_237036,SBI
P07227,wallet,upi_220054,KOTAK
P07228,upi,upi_815838,HDFC
P07229,card,****2132,SBI
P07230,wallet,upi_701744,HDFC
P07231,card,****7506,KOTAK
P07232,card,****7410,AXIS
P07233,card,****8575,SBI
P07234,card,****2931,SBI
P07235,card,****2097,KOTAK
P07236,card,****7520,ICICI
P07237,upi,upi_280221,AXIS
P07238,card,****3303,ICICI
P07239,card,****7937,KOTAK
P07240,wallet,upi_893490,HDFC
P07241,wallet,upi_842222,KOTAK
P07242,upi,upi_484657,SBI
P07243,wallet,upi_110972,ICICI
P07244,wallet,upi_343170,ICICI
P07245,upi,upi_671721,ICICI
P07246,wallet,upi_967755,SBI
P07247,card,****2354,HDFC
P07248,upi,upi_479676,AXIS
P07249,card,****6345,HDFC
P07250,upi,upi_426629,SBI
P07251,upi,upi_495713,KOTAK
P07252,card,****6655,HDFC
P07253,card,****3669,HDFC
P07254,upi,upi_149372,HDFC
P07255,card,****9897,ICICI
P07256,card,****2421,KOTAK
P07257,upi,upi_485501,KOTAK
P07258,wallet,upi_711221,AXIS
P07259,wallet,upi_706274,HDFC
P07260,card,****6552,KOTAK
P07261,upi,upi_204822,AXIS
P07262,upi,upi_185402,AXIS
P07263,wallet,upi_128128,ICICI
P07264,card,****6659,AXIS
P07265,wallet,upi_573852,HDFC
P07266,wallet,upi_418205,HDFC
P07267,card,****5155,AXIS
P07268,card,****6406,HDFC
P07269,upi,upi_365677,KOTAK
P07270,card,****6255,ICICI
P07271,card,****8343,AXIS
P07272,wallet,upi_371442,HDFC
P07273,wallet,upi_575576,AXIS
P07274,upi,upi_587365,AXIS
P07275,card,****1153,AXIS
P07276,upi,upi_335343,SBI
P07277,upi,upi_787923,KOTAK
P07278,wallet,upi_577150,ICICI
P07279,card,****8740,ICICI
P07280,card,****4729,ICICI
P07281,card,****5328,KOTAK
P07282,upi,upi_884771,AXIS
P07283,upi,upi_891601,AXIS
P07284,upi,upi_456815,HDFC
P07285,card,****5951,KOTAK
P07286,upi,upi_659236,HDFC
P07287,wallet,upi_418211,AXIS
P07288,wallet,upi_940950,ICICI
P07289,card,****9870,HDFC
P07290,upi,upi_505816,HDFC
P07291,upi,upi_986178,SBI
P07292,card,****8924,HDFC
P07293,upi,upi_723222,KOTAK
P07294,upi,upi_957345,KOTAK
P07295,wallet,upi_413415,AXIS
P07296,upi,upi_972368,HDFC
P07297,card,****2761,HDFC
P07298,upi,upi_704116,AXIS
P07299,upi,upi_421570,AXIS
P07300,upi,upi_404013,SBI
P07301,upi,upi_458005,AXIS
P07302,card,****9384,KOTAK
P07303,upi,upi_259069,ICICI
P07304,upi,upi_816306,KOTAK
P07305,card,****5850,KOTAK
P07306,upi,upi_381399,HDFC
P07307,card,****1170,KOTAK
P07308,wallet,upi_370345,AXIS
P07309,wallet,upi_999962,SBI
P07310,wallet,upi_537111,HDFC
P07311,upi,upi_497364,KOTAK
P07312,wallet,upi_726481,ICICI
P07313,wallet,upi_852697,AXIS
P07314,card,****4579,KOTAK
P07315,card,****7713,KOTAK
P07316,upi,upi_135410,KOTAK
P07317,upi,upi_562115,AXIS
P07318,upi,upi_725101,SBI
P07319,upi,upi_142866,ICICI
P07320,wallet,upi_692446,AXIS
P07321,card,****7164,ICICI
P07322,upi,upi_591190,KOTAK
P07323,card,****8275,HDFC
P07324,wallet,upi_923472,HDFC
P07325,card,****8172,ICICI
P07326,upi,upi_229187,ICICI
P07327,wallet,upi_726077,AXIS
P07328,card,****4070,HDFC
P07329,upi,upi_665852,ICICI
P07330,upi,upi_311514,ICICI
P07331,card,****4155,ICICI
P07332,card,****3344,ICICI
P07333,wallet,upi_718016,ICICI
P07334,upi,upi_393520,AXIS
P07335,card,****7572,HDFC
P07336,upi,upi_693492,SBI
P07337,wallet,upi_337571,HDFC
P07338,upi,upi_741699,SBI
P07339,wallet,upi_236854,ICICI
P07340,upi,upi_558905,KOTAK
P07341,upi,upi_438814,ICICI
P07342,wallet,upi_420361,HDFC
P07343,card,****9287,SBI
P07344,card,****8903,HDFC
P07345,card,****7267,SBI
P07346,upi,upi_656859,KOTAK
P07347,upi,upi_401222,KOTAK
P07348,upi,upi_917755,SBI
P07349,card,****2747,HDFC
P07350,wallet,upi_762439,KOTAK
P07351,card,****5193,ICICI
P07352,upi,upi_467067,SBI
P07353,card,****9673,HDFC
P07354,upi,upi_359607,AXIS
P07355,upi,upi_897056,SBI
P07356,card,****6982,SBI
P07357,card,****8858,KOTAK
P07358,upi,upi_677396,KOTAK
P07359,wallet,upi_568325,KOTAK
P07360,upi,upi_128744,ICICI
P07361,card,****4746,KOTAK
P07362,card,****3765,HDFC
P07363,card,****2231,AXIS
P07364,card,****2524,KOTAK
P07365,wallet,upi_441865,KOTAK
P07366,upi,upi_534850,ICICI
P07367,wallet,upi_913365,KOTAK
P07368,wallet,upi_238116,KOTAK
P07369,upi,upi_693347,KOTAK
P07370,upi,upi_267226,KOTAK
P07371,upi,upi_312842,HDFC
P07372,upi,upi_940369,ICICI
P07373,upi,upi_694945,SBI
P07374,upi,upi_282117,KOTAK
P07375,card,****8764,KOTAK
P07376,upi,upi_424753,SBI
P07377,card,****7997,HDFC
P07378,card,****4189,ICICI
P07379,wallet,upi_683750,KOTAK
P07380,card,****8716,HDFC
P07381,card,****6311,HDFC
P07382,wallet,upi_143334,ICICI
P07383,wallet,upi_611357,SBI
P07384,upi,upi_818038,HDFC
P07385,card,****1347,ICICI
P07386,wallet,upi_266944,HDFC
P07387,card,****9013,SBI
P07388,upi,upi_484380,SBI
P07389,card,****7526,SBI
P07390,wallet,upi_622494,KOTAK
P07391,card,****2116,HDFC
P07392,upi,upi_525502,AXIS
P07393,card,****8642,SBI
P07394,wallet,upi_875654,HDFC
P07395,card,****6824,ICICI
P07396,upi,upi_814023,KOTAK
P07397,upi,upi_365145,SBI
P07398,card,****1832,ICICI
P07399,wallet,upi_517588,HDFC
P07400,upi,upi_660520,SBI
P07401,upi,upi_870645,KOTAK
P07402,card,****4304,HDFC
P07403,wallet,upi_490555,KOTAK
P07404,upi,upi_248644,ICICI
P07405,wallet,upi_682369,ICICI
P07406,upi,upi_660892,HDFC
P07407,upi,upi_151353,HDFC
P07408,upi,upi_451873,AXIS
P07409,wallet,upi_260986,ICICI
P07410,card,****7575,AXIS
P07411,card,****5389,KOTAK
P07412,upi,upi_624463,HDFC
P07413,wallet,upi_765078,AXIS
P07414,card,****2567,SBI
P07415,card,****2750,KOTAK
P07416,upi,upi_620462,KOTAK
P07417,upi,upi_801821,ICICI
P07418,card,****3115,SBI
P07419,card,****3141,HDFC
P07420,card,****3535,KOTAK
P07421,wallet,upi_855887,SBI
P07422,card,****4903,ICICI
P07423,wallet,upi_256651,KOTAK
P07424,upi,upi_982667,HDFC
P07425,upi,upi_703297,ICICI
P07426,upi,upi_713931,SBI
P07427,wallet,upi_269371,KOTAK
P07428,card,****6630,KOTAK
P07429,wallet,upi_490022,SBI
P07430,card,****2266,AXIS
P07431,card,****8268,HDFC
P07432,upi,upi_730762,ICICI
P07433,card,****8645,SBI
P07434,upi,upi_417408,HDFC
P07435,upi,upi_292433,SBI
P07436,wallet,upi_950083,AXIS
P07437,card,****7750,ICICI
P07438,upi,upi_236614,SBI
P07439,wallet,upi_183601,KOTAK
P07440,wallet,upi_349282,HDFC
P07441,card,****5921,KOTAK
P07442,upi,upi_862961,AXIS
P07443,card,****8114,AXIS
P07444,upi,upi_280198,SBI
P07445,upi,upi_300560,SBI
P07446,card,****6613,SBI
P07447,wallet,upi_584903,KOTAK
P07448,upi,upi_272795,KOTAK
P07449,upi,upi_479482,AXIS
P07450,card,****6530,AXIS
P07451,wallet,upi_992767,SBI
P07452,card,****9495,HDFC
P07453,card,****1768,ICICI
P07454,upi,upi_659877,HDFC
P07455,wallet,upi_411247,ICICI
P07456,upi,upi_593774,KOTAK
P07457,upi,upi_153020,HDFC
P07458,wallet,upi_152260,KOTAK
P07459,upi,upi_109944,KOTAK
P07460,card,****7864,SBI
P07461,upi,upi_339132,AXIS
P07462,upi,upi_233635,SBI
P07463,card,****7643,AXIS
P07464,wallet,upi_917056,ICICI
P07465,card,****6996,SBI
P07466,wallet,upi_261260,HDFC
P07467,card,****7759,KOTAK
P07468,card,****1869,KOTAK
P07469,card,****5397,HDFC
P07470,card,****6440,ICICI
P07471,upi,upi_353468,HDFC
P07472,wallet,upi_219169,AXIS
P07473,card,****3986,AXIS
P07474,upi,upi_169031,SBI
P07475,upi,upi_444204,AXIS
P07476,wallet,upi_926235,HDFC
P07477,card,****2077,KOTAK
P07478,upi,upi_231988,KOTAK
P07479,card,****4562,SBI
P07480,wallet,upi_653111,SBI
P07481,upi,upi_940042,SBI
P07482,card,****3587,KOTAK
P07483,wallet,upi_768332,ICICI
P07484,wallet,upi_898987,SBI
P07485,wallet,upi_537524,AXIS
P07486,wallet,upi_604679,AXIS
P07487,card,****6782,ICICI
P07488,wallet,upi_120844,ICICI
P07489,card,****8066,ICICI
P07490,wallet,upi_415825,AXIS
P07491,wallet,upi_917231,ICICI
P07492,upi,upi_440207,HDFC
P07493,card,****4322,ICICI
P07494,wallet,upi_690104,HDFC
P07495,wallet,upi_139778,HDFC
P07496,upi,upi_415216,AXIS
P07497,upi,upi_170835,SBI
P07498,upi,upi_252724,AXIS
P07499,wallet,upi_612638,ICICI
P07500,wallet,upi_839943,SBI
P07501,upi,upi_372428,HDFC
P07502,wallet,upi_397942,ICICI
P07503,wallet,upi_360659,HDFC
P07504,upi,upi_749323,AXIS
P07505,wallet,upi_250584,HDFC
P07506,wallet,upi_553894,AXIS
P07507,upi,upi_950840,SBI
P07508,wallet,upi_335545,KOTAK
P07509,card,****6009,ICICI
P07510,wallet,upi_702478,AXIS
P07511,wallet,upi_120158,SBI
P07512,upi,upi_995139,ICICI
P07513,wallet,upi_915658,KOTAK
P07514,card,****6681,ICICI
P07515,wallet,upi_591582,KOTAK
P07516,wallet,upi_333236,SBI
P07517,upi,upi_307752,ICICI
P07518,wallet,upi_203397,ICICI
P07519,card,****1322,AXIS
P07520,card,****5542,SBI
P07521,card,****4411,HDFC
P07522,card,****4768,AXIS
P07523,upi,upi_206399,ICICI
P07524,card,****5802,AXIS
P07525,upi,upi_122689,KOTAK
P07526,wallet,upi_492490,ICICI
P07527,wallet,upi_958712,AXIS
P07528,card,****1900,ICICI
P07529,card,****6682,HDFC
P07530,upi,upi_176150,AXIS
P07531,card,****3056,ICICI
P07532,card,****6351,HDFC
P07533,card,****8986,HDFC
P07534,upi,upi_473811,SBI
P07535,wallet,upi_622879,HDFC
P07536,wallet,upi_379731,HDFC
P07537,upi,upi_259263,ICICI
P07538,wallet,upi_957546,SBI
P07539,upi,upi_512373,SBI
P07540,card,****2289,KOTAK
P07541,wallet,upi_263860,SBI
P07542,upi,upi_997424,HDFC
P07543,card,****6255,ICICI
P07544,wallet,upi_939683,HDFC
P07545,upi,upi_908132,KOTAK
P07546,card,****2493,ICICI
P07547,wallet,upi_462030,HDFC
P07548,upi,upi_850252,ICICI
P07549,wallet,upi_822032,SBI
P07550,wallet,upi_366263,HDFC
P07551,wallet,upi_847582,AXIS
P07552,card,****6458,AXIS
P07553,upi,upi_475329,AXIS
P07554,card,****7427,AXIS
P07555,card,****3845,KOTAK
P07556,wallet,upi_781149,ICICI
P07557,upi,upi_529475,ICICI
P07558,card,****8054,HDFC
P07559,wallet,upi_530458,ICICI
P07560,card,****9789,SBI
P07561,wallet,upi_553588,ICICI
P07562,upi,upi_237807,HDFC
P07563,card,****8507,AXIS
P07564,card,****6122,HDFC
P07565,upi,upi_261315,HDFC
P07566,upi,upi_736604,KOTAK
P07567,wallet,upi_504134,KOTAK
P07568,upi,upi_800076,AXIS
P07569,wallet,upi_567027,AXIS
P07570,card,****6014,ICICI
P07571,wallet,upi_326253,AXIS
P07572,card,****9276,HDFC
P07573,wallet,upi_902644,KOTAK
P07574,card,****2790,HDFC
P07575,card,****5661,AXIS
P07576,wallet,upi_200712,HDFC
P07577,wallet,upi_327068,KOTAK
P07578,card,****8955,KOTAK
P07579,wallet,upi_625165,KOTAK
P07580,card,****9813,KOTAK
P07581,card,****1626,SBI
P07582,upi,upi_788331,HDFC
P07583,upi,upi_354880,KOTAK
P07584,wallet,upi_219413,AXIS
P07585,wallet,upi_596115,KOTAK
P07586,wallet,upi_469428,HDFC
P07587,wallet,upi_957001,SBI
P07588,upi,upi_724830,HDFC
P07589,upi,upi_758202,HDFC
P07590,wallet,upi_719930,AXIS
P07591,upi,upi_519702,KOTAK
P07592,wallet,upi_895516,ICICI
P07593,upi,upi_601883,ICICI
P07594,wallet,upi_135939,HDFC
P07595,upi,upi_263664,AXIS
P07596,card,****1029,KOTAK
P07597,card,****5757,AXIS
P07598,card,****4164,AXIS
P07599,card,****6762,AXIS
P07600,upi,upi_118604,AXIS
P07601,wallet,upi_334121,HDFC
P07602,wallet,upi_332726,HDFC
P07603,upi,upi_732983,AXIS
P07604,wallet,upi_897164,KOTAK
P07605,wallet,upi_759355,KOTAK
P07606,upi,upi_208255,SBI
P07607,upi,upi_397853,KOTAK
P07608,wallet,upi_314349,AXIS
P07609,upi,upi_183289,SBI
P07610,upi,upi_604161,SBI
P07611,wallet,upi_137034,AXIS
P07612,upi,upi_652447,KOTAK
P07613,wallet,upi_538154,AXIS
P07614,upi,upi_171699,KOTAK
P07615,upi,upi_899918,AXIS
P07616,card,****2376,AXIS
P07617,upi,upi_471535,AXIS
P07618,card,****6752,KOTAK
P07619,upi,upi_960909,AXIS
P07620,card,****5975,ICICI
P07621,card,****9253,HDFC
P07622,wallet,upi_787678,AXIS
P07623,card,****3401,HDFC
P07624,wallet,upi_133944,ICICI
P07625,upi,upi_654965,SBI
P07626,upi,upi_447368,ICICI
P07627,card,****8695,AXIS
P07628,upi,upi_933200,ICICI
P07629,card,****4277,HDFC
P07630,upi,upi_619180,KOTAK
P07631,upi,upi_213524,KOTAK
P07632,card,****7810,HDFC
P07633,upi,upi_396926,KOTAK
P07634,upi,upi_806003,ICICI
P07635,card,****2695,ICICI
P07636,upi,upi_797079,HDFC
P07637,card,****7143,SBI
P07638,upi,upi_436854,HDFC
P07639,wallet,upi_160611,SBI
P07640,upi,upi_718506,HDFC
P07641,wallet,upi_880534,HDFC
P07642,wallet,upi_690961,KOTAK
P07643,wallet,upi_983877,ICICI
P07644,wallet,upi_987762,AXIS
P07645,upi,upi_761753,AXIS
P07646,card,****9526,KOTAK
P07647,upi,upi_241667,SBI
P07648,upi,upi_202127,AXIS
P07649,card,****1216,ICICI
P07650,upi,upi_360812,KOTAK
P07651,card,****1973,HDFC
P07652,card,****2302,SBI
P07653,card,****6126,ICICI
P07654,wallet,upi_422136,KOTAK
P07655,card,****1290,AXIS
P07656,wallet,upi_848546,SBI
P07657,card,****8170,KOTAK
P07658,wallet,upi_775092,AXIS
P07659,upi,upi_384656,AXIS
P07660,upi,upi_260016,KOTAK
P07661,wallet,upi_620650,ICICI
P07662,upi,upi_204622,KOTAK
P07663,wallet,upi_937232,AXIS
P07664,card,****3380,SBI
P07665,card,****8411,SBI
P07666,wallet,upi_523855,HDFC
P07667,card,****3718,ICICI
P07668,card,****1612,ICICI
P07669,card,****5701,HDFC
P07670,upi,upi_500809,AXIS
P07671,upi,upi_994556,HDFC
P07672,card,****6888,HDFC
P07673,wallet,upi_486885,KOTAK
P07674,wallet,upi_872358,HDFC
P07675,upi,upi_207257,KOTAK
P07676,wallet,upi_274065,KOTAK
P07677,card,****6518,HDFC
P07678,upi,upi_522101,AXIS
P07679,card,****9884,HDFC
P07680,card,****4563,KOTAK
P07681,card,****8992,KOTAK
P07682,wallet,upi_408189,SBI
P07683,upi,upi_765725,KOTAK
P07684,card,****7252,ICICI
P07685,upi,upi_186924,SBI
P07686,card,****8760,AXIS
P07687,wallet,upi_438647,KOTAK
P07688,upi,upi_417452,SBI
P07689,card,****1242,ICICI
P07690,card,****5252,KOTAK
P07691,card,****5113,KOTAK
P07692,wallet,upi_977020,AXIS
P07693,card,****2155,ICICI
P07694,upi,upi_346106,AXIS
P07695,card,****5918,SBI
P07696,card,****4708,HDFC
P07697,card,****9732,HDFC
P07698,wallet,upi_259907,AXIS
P07699,wallet,upi_499138,KOTAK
P07700,card,****5318,HDFC
P07701,wallet,upi_899259,ICICI
P07702,wallet,upi_701623,AXIS
P07703,card,****7278,HDFC
P07704,card,****5320,AXIS
P07705,card,****9214,KOTAK
P07706,wallet,upi_230170,HDFC
P07707,wallet,upi_943304,KOTAK
P07708,card,****6166,AXIS
P07709,wallet,upi_809405,KOTAK
P07710,card,****5977,AXIS
P07711,upi,upi_687411,KOTAK
P07712,wallet,upi_914809,ICICI
P07713,upi,upi_166469,HDFC
P07714,card,****5289,HDFC
P07715,upi,upi_197765,ICICI
P07716,card,****9448,HDFC
P07717,card,****2696,SBI
P07718,card,****6600,HDFC
P07719,wallet,upi_838062,ICICI
P07720,card,****6158,HDFC
P07721,upi,upi_715772,HDFC
P07722,upi,upi_426966,AXIS
P07723,card,****9230,SBI
P07724,upi,upi_101429,KOTAK
P07725,wallet,upi_388243,HDFC
P07726,upi,upi_575251,HDFC
P07727,upi,upi_792670,KOTAK
P07728,upi,upi_652145,ICICI
P07729,card,****1356,ICICI
P07730,card,****5303,SBI
P07731,upi,upi_384967,SBI
P07732,upi,upi_231222,ICICI
P07733,upi,upi_444061,AXIS
P07734,wallet,upi_381850,HDFC
P07735,upi,upi_860892,SBI
P07736,card,****4645,ICICI
P07737,upi,upi_378422,SBI
P07738,wallet,upi_757863,KOTAK
P07739,wallet,upi_650777,AXIS
P07740,card,****4762,ICICI
P07741,wallet,upi_211718,ICICI
P07742,upi,upi_884118,KOTAK
P07743,upi,upi_193282,ICICI
P07744,wallet,upi_524170,SBI
P07745,card,****1070,AXIS
P07746,card,****4672,ICICI
P07747,upi,upi_895950,AXIS
P07748,upi,upi_345097,HDFC
P07749,wallet,upi_777279,KOTAK
P07750,card,****6696,AXIS
P07751,upi,upi_353163,HDFC
P07752,wallet,upi_977150,HDFC
P07753,card,****1438,KOTAK
P07754,wallet,upi_525770,SBI
P07755,upi,upi_526774,HDFC
P07756,card,****6277,ICICI
P07757,upi,upi_139271,AXIS
P07758,upi,upi_122353,HDFC
P07759,upi,upi_562225,SBI
P07760,wallet,upi_519436,AXIS
P07761,wallet,upi_414901,KOTAK
P07762,upi,upi_912538,KOTAK
P07763,wallet,upi_719647,SBI
P07764,wallet,upi_364582,KOTAK
P07765,card,****8656,HDFC
P07766,wallet,upi_358428,AXIS
P07767,card,****1415,HDFC
P07768,upi,upi_936692,AXIS
P07769,card,****2176,AXIS
P07770,upi,upi_902390,ICICI
P07771,wallet,upi_603810,SBI
P07772,wallet,upi_424998,KOTAK
P07773,card,****4309,HDFC
P07774,upi,upi_653443,HDFC
P07775,card,****2210,AXIS
P07776,card,****7932,HDFC
P07777,card,****5555,KOTAK
P07778,card,****3788,HDFC
P07779,upi,upi_400536,SBI
P07780,card,****6843,SBI
P07781,wallet,upi_543415,AXIS
P07782,upi,upi_338498,ICICI
P07783,card,****9503,SBI
P07784,wallet,upi_692072,AXIS
P07785,wallet,upi_459077,SBI
P07786,card,****4748,KOTAK
P07787,card,****8865,HDFC
P07788,card,****4836,SBI
P07789,card,****1020,HDFC
P07790,upi,upi_747169,KOTAK
P07791,wallet,upi_288861,AXIS
P07792,wallet,upi_523853,SBI
P07793,card,****7322,HDFC
P07794,wallet,upi_743221,AXIS
P07795,wallet,upi_971861,AXIS
P07796,card,****2700,AXIS
P07797,card,****5971,AXIS
P07798,wallet,upi_262288,SBI
P07799,wallet,upi_619370,ICICI
P07800,card,****6717,KOTAK
P07801,upi,upi_999492,SBI
P07802,wallet,upi_355434,KOTAK
P07803,card,****8850,AXIS
P07804,wallet,upi_575251,HDFC
P07805,upi,upi_835361,HDFC
P07806,card,****5480,KOTAK
P07807,card,****3037,AXIS
P07808,wallet,upi_509486,AXIS
P07809,card,****8052,HDFC
P07810,upi,upi_481511,KOTAK
P07811,wallet,upi_206187,AXIS
P07812,card,****6233,AXIS
P07813,wallet,upi_231381,HDFC
P07814,wallet,upi_227333,AXIS
P07815,card,****6554,HDFC
P07816,upi,upi_831367,KOTAK
P07817,wallet,upi_742101,ICICI
P07818,upi,upi_886552,SBI
P07819,upi,upi_416942,AXIS
P07820,card,****9767,KOTAK
P07821,upi,upi_116332,HDFC
P07822,upi,upi_794809,SBI
P07823,upi,upi_609605,HDFC
P07824,card,****4888,SBI
P07825,wallet,upi_238747,AXIS
P07826,wallet,upi_980728,HDFC
P07827,wallet,upi_667286,AXIS
P07828,upi,upi_883667,KOTAK
P07829,card,****6932,SBI
P07830,card,****1897,SBI
P07831,card,****3844,AXIS
P07832,card,****1116,HDFC
P07833,wallet,upi_184100,HDFC
P07834,wallet,upi_908156,HDFC
P07835,card,****6352,AXIS
P07836,card,****7803,HDFC
P07837,wallet,upi_582002,ICICI
P07838,wallet,upi_370451,SBI
P07839,wallet,upi_753773,KOTAK
P07840,card,****3282,HDFC
P07841,card,****1019,HDFC
P07842,wallet,upi_875806,KOTAK
P07843,wallet,upi_246728,ICICI
P07844,wallet,upi_995163,SBI
P07845,wallet,upi_493706,KOTAK
P07846,wallet,upi_153722,KOTAK
P07847,upi,upi_601294,ICICI
P07848,card,****4572,HDFC
P07849,card,****5320,SBI
P07850,wallet,upi_230934,AXIS
P07851,wallet,upi_588850,ICICI
P07852,wallet,upi_532738,SBI
P07853,upi,upi_859839,AXIS
P07854,card,****3269,ICICI
P07855,card,****9688,KOTAK
P07856,card,****3288,HDFC
P07857,upi,upi_323685,HDFC
P07858,wallet,upi_862561,AXIS
P07859,upi,upi_227469,AXIS
P07860,upi,upi_166197,ICICI
P07861,card,****3548,ICICI
P07862,upi,upi_374515,HDFC
P07863,wallet,upi_758286,AXIS
P07864,wallet,upi_350332,AXIS
P07865,wallet,upi_298468,SBI
P07866,wallet,upi_739095,KOTAK
P07867,card,****7780,AXIS
P07868,upi,upi_387220,HDFC
P07869,card,****3414,ICICI
P07870,wallet,upi_798797,HDFC
P07871,wallet,upi_699329,ICICI
P07872,wallet,upi_288413,SBI
P07873,card,****9743,ICICI
P07874,wallet,upi_944146,AXIS
P07875,upi,upi_206639,ICICI
P07876,upi,upi_731770,ICICI
P07877,upi,upi_711501,SBI
P07878,wallet,upi_986795,KOTAK
P07879,wallet,upi_436465,ICICI
P07880,card,****6128,ICICI
P07881,wallet,upi_534607,SBI
P07882,upi,upi_415919,KOTAK
P07883,upi,upi_897044,ICICI
P07884,wallet,upi_760386,AXIS
P07885,wallet,upi_865089,KOTAK
P07886,upi,upi_631938,HDFC
P07887,card,****2218,SBI
P07888,card,****4617,HDFC
P07889,upi,upi_370012,HDFC
P07890,wallet,upi_841901,KOTAK
P07891,card,****6250,KOTAK
P07892,upi,upi_602165,HDFC
P07893,upi,upi_432675,SBI
P07894,wallet,upi_807594,HDFC
P07895,wallet,upi_507535,ICICI
P07896,upi,upi_656423,AXIS
P07897,wallet,upi_154662,ICICI
P07898,upi,upi_705161,HDFC
P07899,wallet,upi_259324,HDFC
P07900,wallet,upi_865183,SBI
P07901,upi,upi_346814,AXIS
P07902,card,****2904,AXIS
P07903,card,****7501,AXIS
P07904,wallet,upi_123579,ICICI
P07905,card,****4117,SBI
P07906,wallet,upi_411381,HDFC
P07907,wallet,upi_934985,HDFC
P07908,card,****6234,SBI
P07909,wallet,upi_749308,KOTAK
P07910,wallet,upi_613493,AXIS
P07911,card,****8460,KOTAK
P07912,card,****6881,AXIS
P07913,wallet,upi_431189,SBI
P07914,card,****3392,SBI
P07915,wallet,upi_573368,SBI
P07916,wallet,upi_189483,HDFC
P07917,card,****8855,ICICI
P07918,upi,upi_578202,HDFC
P07919,card,****9645,AXIS
P07920,card,****6818,AXIS
P07921,wallet,upi_585507,AXIS
P07922,card,****2694,ICICI
P07923,upi,upi_682600,SBI
P07924,wallet,upi_991459,ICICI
P07925,card,****4407,HDFC
P07926,card,****9897,HDFC
P07927,upi,upi_517252,ICICI
P07928,card,****9325,ICICI
P07929,wallet,upi_274198,SBI
P07930,wallet,upi_685754,ICICI
P07931,wallet,upi_588990,ICICI
P07932,card,****2812,HDFC
P07933,upi,upi_816126,KOTAK
P07934,wallet,upi_312570,HDFC
P07935,card,****8231,ICICI
P07936,wallet,upi_547489,SBI
P07937,upi,upi_671231,SBI
P07938,card,****4012,HDFC
P07939,upi,upi_240230,HDFC
P07940,card,****8359,HDFC
P07941,wallet,upi_409253,ICICI
P07942,wallet,upi_592789,SBI
P07943,wallet,upi_172723,AXIS
P07944,wallet,upi_851273,ICICI
P07945,upi,upi_742852,AXIS
P07946,card,****7480,SBI
P07947,card,****3572,KOTAK
P07948,wallet,upi_866154,SBI
P07949,upi,upi_448144,HDFC
P07950,wallet,upi_843833,HDFC
P07951,card,****6954,HDFC
P07952,card,****9409,HDFC
P07953,wallet,upi_418321,KOTAK
P07954,upi,upi_844494,ICICI
P07955,card,****8033,ICICI
P07956,card,****1780,HDFC
P07957,card,****7854,HDFC
P07958,upi,upi_241180,ICICI
P07959,card,****6279,HDFC
P07960,card,****9666,ICICI
P07961,card,****4119,SBI
P07962,wallet,upi_249260,SBI
P07963,card,****8485,SBI
P07964,card,****2879,AXIS
P07965,wallet,upi_248421,KOTAK
P07966,card,****2832,AXIS
P07967,wallet,upi_515650,ICICI
P07968,card,****7914,AXIS
P07969,wallet,upi_504233,KOTAK
P07970,upi,upi_862192,SBI
P07971,card,****5075,ICICI
P07972,card,****5165,SBI
P07973,upi,upi_364997,HDFC
P07974,card,****7382,HDFC
P07975,upi,upi_509955,SBI
P07976,wallet,upi_586861,HDFC
P07977,card,****9955,SBI
P07978,upi,upi_927094,SBI
P07979,wallet,upi_128803,HDFC
P07980,upi,upi_864273,HDFC
P07981,upi,upi_526997,SBI
P07982,card,****7764,ICICI
P07983,wallet,upi_103767,KOTAK
P07984,card,****5845,HDFC
P07985,card,****6876,HDFC
P07986,upi,upi_957857,HDFC
P07987,wallet,upi_739463,AXIS
P07988,wallet,upi_700986,AXIS
P07989,card,****4197,HDFC
P07990,upi,upi_977089,ICICI
P07991,wallet,upi_447515,SBI
P07992,card,****5006,ICICI
P07993,card,****1786,SBI
P07994,wallet,upi_978133,KOTAK
P07995,card,****8471,AXIS
P07996,wallet,upi_418935,ICICI
P07997,upi,upi_384178,HDFC
P07998,wallet,upi_992163,SBI
P07999,upi,upi_524245,ICICI
P08000,upi,upi_882397,ICICI
P08001,wallet,upi_481820,HDFC
P08002,card,****2424,HDFC
P08003,upi,upi_914002,ICICI
P08004,upi,upi_434853,KOTAK
P08005,wallet,upi_556552,ICICI
P08006,upi,upi_566953,KOTAK
P08007,wallet,upi_664451,ICICI
P08008,upi,upi_142338,ICICI
P08009,card,****8293,SBI
P08010,wallet,upi_716102,HDFC
P08011,card,****1325,SBI
P08012,upi,upi_941316,KOTAK
P08013,wallet,upi_107332,KOTAK
P08014,upi,upi_223451,KOTAK
P08015,upi,upi_170681,SBI
P08016,card,****3917,KOTAK
P08017,card,****7028,SBI
P08018,wallet,upi_905481,SBI
P08019,wallet,upi_866338,SBI
P08020,wallet,upi_289841,HDFC
P08021,upi,upi_872226,SBI
P08022,wallet,upi_526524,AXIS
P08023,upi,upi_566529,AXIS
P08024,wallet,upi_736765,HDFC
P08025,card,****4086,AXIS
P08026,wallet,upi_936219,KOTAK
P08027,card,****1300,SBI
P08028,upi,upi_590456,AXIS
P08029,card,****8244,SBI
P08030,upi,upi_904314,HDFC
P08031,card,****7374,HDFC
P08032,wallet,upi_697674,SBI
P08033,wallet,upi_698149,AXIS
P08034,card,****2786,SBI
P08035,wallet,upi_276042,ICICI
P08036,card,****4360,ICICI
P08037,upi,upi_843775,KOTAK
P08038,wallet,upi_914588,AXIS
P08039,card,****1127,KOTAK
P08040,card,****5461,AXIS
P08041,upi,upi_813827,HDFC
P08042,card,****9316,KOTAK
P08043,wallet,upi_715211,KOTAK
P08044,wallet,upi_338321,HDFC
P08045,wallet,upi_619928,SBI
P08046,upi,upi_210968,HDFC
P08047,wallet,upi_358386,KOTAK
P08048,wallet,upi_891781,AXIS
P08049,wallet,upi_986718,KOTAK
P08050,card,****8643,HDFC
P08051,wallet,upi_444310,AXIS
P08052,card,****4609,ICICI
P08053,wallet,upi_809633,AXIS
P08054,wallet,upi_667282,KOTAK
P08055,wallet,upi_469901,ICICI
P08056,wallet,upi_483249,KOTAK
P08057,wallet,upi_636977,AXIS
P08058,wallet,upi_783630,HDFC
P08059,wallet,upi_910515,SBI
P08060,card,****8658,AXIS
P08061,wallet,upi_354502,HDFC
P08062,wallet,upi_696087,HDFC
P08063,wallet,upi_104270,AXIS
P08064,card,****9133,KOTAK
P08065,upi,upi_745373,KOTAK
P08066,wallet,upi_990925,SBI
P08067,upi,upi_427819,AXIS
P08068,wallet,upi_773783,SBI
P08069,upi,upi_390564,HDFC
P08070,card,****8403,AXIS
P08071,wallet,upi_968576,ICICI
P08072,wallet,upi_546738,ICICI
P08073,upi,upi_771350,SBI
P08074,upi,upi_785970,ICICI
P08075,upi,upi_905927,AXIS
P08076,upi,upi_695638,HDFC
P08077,wallet,upi_509992,HDFC
P08078,wallet,upi_371702,ICICI
P08079,upi,upi_707900,KOTAK
P08080,card,****9449,SBI
P08081,wallet,upi_767765,KOTAK
P08082,wallet,upi_156822,AXIS
P08083,wallet,upi_838242,KOTAK
P08084,upi,upi_481549,KOTAK
P08085,upi,upi_572320,KOTAK
P08086,card,****9140,SBI
P08087,upi,upi_798344,KOTAK
P08088,card,****7199,AXIS
P08089,wallet,upi_424460,ICICI
P08090,upi,upi_810085,HDFC
P08091,upi,upi_981861,ICICI
P08092,card,****8255,HDFC
P08093,wallet,upi_981010,AXIS
P08094,upi,upi_506773,HDFC
P08095,wallet,upi_767755,ICICI
P08096,upi,upi_789531,HDFC
P08097,wallet,upi_756846,HDFC
P08098,upi,upi_632530,KOTAK
P08099,card,****7355,KOTAK
P08100,card,****3434,ICICI
P08101,card,****9209,SBI
P08102,upi,upi_114317,ICICI
P08103,card,****7697,KOTAK
P08104,wallet,upi_733355,SBI
P08105,card,****6456,HDFC
P08106,wallet,upi_296384,ICICI
P08107,card,****3264,AXIS
P08108,upi,upi_305067,ICICI
P08109,upi,upi_349448,SBI
P08110,wallet,upi_803564,SBI
P08111,card,****5665,KOTAK
P08112,upi,upi_263446,SBI
P08113,wallet,upi_823488,HDFC
P08114,card,****3288,ICICI
P08115,card,****5388,AXIS
P08116,upi,upi_178471,SBI
P08117,upi,upi_930693,KOTAK
P08118,upi,upi_135001,KOTAK
P08119,card,****6848,SBI
P08120,upi,upi_461419,AXIS
P08121,card,****3437,HDFC
P08122,card,****7735,HDFC
P08123,upi,upi_363692,HDFC
P08124,card,****7850,SBI
P08125,upi,upi_931486,SBI
P08126,wallet,upi_387409,AXIS
P08127,upi,upi_216556,ICICI
P08128,card,****5084,KOTAK
P08129,card,****3416,AXIS
P08130,wallet,upi_867997,HDFC
P08131,upi,upi_440711,HDFC
P08132,upi,upi_870643,AXIS
P08133,card,****3520,ICICI
P08134,card,****9864,ICICI
P08135,wallet,upi_844577,HDFC
P08136,upi,upi_504963,SBI
P08137,upi,upi_539611,KOTAK
P08138,wallet,upi_469833,ICICI
P08139,wallet,upi_104583,SBI
P08140,upi,upi_487676,SBI
P08141,upi,upi_708837,SBI
P08142,card,****3065,AXIS
P08143,card,****6453,AXIS
P08144,card,****9187,AXIS
P08145,upi,upi_905474,KOTAK
P08146,wallet,upi_940968,SBI
P08147,card,****4802,ICICI
P08148,upi,upi_529855,ICICI
P08149,wallet,upi_858303,KOTAK
P08150,card,****5306,AXIS
P08151,card,****1478,KOTAK
P08152,card,****5000,AXIS
P08153,wallet,upi_495344,ICICI
P08154,upi,upi_690144,HDFC
P08155,card,****4010,ICICI
P08156,card,****8276,SBI
P08157,upi,upi_809397,HDFC
P08158,upi,upi_209244,AXIS
P08159,wallet,upi_138929,AXIS
P08160,wallet,upi_584680,HDFC
P08161,wallet,upi_170396,SBI
P08162,wallet,upi_213051,ICICI
P08163,card,****1914,ICICI
P08164,wallet,upi_989552,ICICI
P08165,upi,upi_424365,KOTAK
P08166,card,****8489,AXIS
P08167,wallet,upi_598727,ICICI
P08168,card,****7265,ICICI
P08169,wallet,upi_177474,KOTAK
P08170,wallet,upi_303043,ICICI
P08171,wallet,upi_957627,ICICI
P08172,wallet,upi_870380,HDFC
P08173,wallet,upi_725233,ICICI
P08174,wallet,upi_496282,KOTAK
P08175,card,****2842,HDFC
P08176,upi,upi_335228,HDFC
P08177,upi,upi_189170,ICICI
P08178,card,****7846,HDFC
P08179,card,****3063,ICICI
P08180,wallet,upi_344500,AXIS
P08181,upi,upi_884961,SBI
P08182,card,****8438,HDFC
P08183,upi,upi_399968,KOTAK
P08184,wallet,upi_439896,AXIS
P08185,wallet,upi_667776,KOTAK
P08186,upi,upi_927626,ICICI
P08187,wallet,upi_252351,HDFC
P08188,upi,upi_302915,ICICI
P08189,card,****9495,HDFC
P08190,card,****3742,AXIS
P08191,wallet,upi_680288,HDFC
P08192,upi,upi_371252,AXIS
P08193,wallet,upi_539443,SBI
P08194,wallet,upi_707744,SBI
P08195,card,****5435,AXIS
P08196,upi,upi_113779,KOTAK
P08197,upi,upi_958231,HDFC
P08198,wallet,upi_547308,SBI
P08199,upi,upi_263191,SBI
P08200,upi,upi_285476,SBI
P08201,upi,upi_328085,AXIS
P08202,wallet,upi_588401,SBI
P08203,upi,upi_618854,KOTAK
P08204,wallet,upi_373543,HDFC
P08205,upi,upi_103778,KOTAK
P08206,upi,upi_536809,SBI
P08207,upi,upi_590841,AXIS
P08208,card,****8110,HDFC
P08209,card,****9420,KOTAK
P08210,wallet,upi_575802,ICICI
P08211,wallet,upi_421194,ICICI
P08212,upi,upi_647831,HDFC
P08213,wallet,upi_242953,KOTAK
P08214,card,****7570,HDFC
P08215,wallet,upi_775179,AXIS
P08216,upi,upi_225332,AXIS
P08217,card,****1021,SBI
P08218,card,****9072,HDFC
P08219,wallet,upi_641008,AXIS
P08220,card,****6483,AXIS
P08221,wallet,upi_852075,AXIS
P08222,wallet,upi_640342,HDFC
P08223,card,****2216,AXIS
P08224,upi,upi_420459,AXIS
P08225,wallet,upi_978825,SBI
P08226,wallet,upi_167217,ICICI
P08227,upi,upi_710935,KOTAK
P08228,card,****3018,ICICI
P08229,upi,upi_240022,KOTAK
P08230,wallet,upi_478497,ICICI
P08231,upi,upi_804906,SBI
P08232,card,****7535,HDFC
P08233,card,****2402,KOTAK
P08234,wallet,upi_813989,SBI
P08235,wallet,upi_120678,KOTAK
P08236,upi,upi_102897,HDFC
P08237,upi,upi_101231,KOTAK
P08238,wallet,upi_818437,AXIS
P08239,upi,upi_207763,SBI
P08240,card,****1645,AXIS
P08241,upi,upi_780383,HDFC
P08242,wallet,upi_157476,AXIS
P08243,upi,upi_161043,SBI
P08244,card,****4685,AXIS
P08245,wallet,upi_707105,SBI
P08246,wallet,upi_564135,KOTAK
P08247,upi,upi_575017,ICICI
P08248,wallet,upi_407936,AXIS
P08249,card,****1879,SBI
P08250,card,****2500,HDFC
P08251,wallet,upi_100528,HDFC
P08252,wallet,upi_591763,HDFC
P08253,card,****9132,KOTAK
P08254,wallet,upi_479711,HDFC
P08255,wallet,upi_285189,HDFC
P08256,upi,upi_150400,ICICI
P08257,upi,upi_797432,SBI
P08258,wallet,upi_596558,ICICI
P08259,wallet,upi_899645,ICICI
P08260,wallet,upi_815839,KOTAK
P08261,card,****1536,HDFC
P08262,card,****3820,KOTAK
P08263,upi,upi_482179,KOTAK
P08264,wallet,upi_596365,SBI
P08265,wallet,upi_583091,SBI
P08266,wallet,upi_341243,KOTAK
P08267,upi,upi_436898,KOTAK
P08268,wallet,upi_573227,SBI
P08269,upi,upi_971803,ICICI
P08270,upi,upi_258699,AXIS
P08271,wallet,upi_811145,KOTAK
P08272,wallet,upi_370443,ICICI
P08273,card,****5608,HDFC
P08274,upi,upi_398019,HDFC
P08275,upi,upi_916379,ICICI
P08276,upi,upi_405891,HDFC
P08277,wallet,upi_992115,SBI
P08278,card,****4074,ICICI
P08279,upi,upi_918913,KOTAK
P08280,card,****8276,AXIS
P08281,upi,upi_877580,KOTAK
P08282,wallet,upi_737455,AXIS
P08283,upi,upi_659492,HDFC
P08284,wallet,upi_808899,AXIS
P08285,card,****9686,SBI
P08286,upi,upi_620517,HDFC
P08287,upi,upi_415808,KOTAK
P08288,wallet,upi_148681,SBI
P08289,wallet,upi_412763,KOTAK
P08290,wallet,upi_509977,KOTAK
P08291,wallet,upi_182670,SBI
P08292,upi,upi_716804,KOTAK
P08293,card,****9446,HDFC
P08294,card,****6528,KOTAK
P08295,upi,upi_279217,SBI
P08296,wallet,upi_147325,SBI
P08297,upi,upi_367902,SBI
P08298,upi,upi_128111,KOTAK
P08299,wallet,upi_705614,KOTAK
P08300,upi,upi_319256,ICICI
P08301,upi,upi_492047,ICICI
P08302,upi,upi_252417,AXIS
P08303,wallet,upi_719878,HDFC
P08304,card,****2909,HDFC
P08305,wallet,upi_159510,KOTAK
P08306,upi,upi_939574,HDFC
P08307,wallet,upi_362443,AXIS
P08308,wallet,upi_544901,KOTAK
P08309,wallet,upi_680809,SBI
P08310,wallet,upi_333174,ICICI
P08311,card,****4977,SBI
P08312,wallet,upi_532065,HDFC
P08313,wallet,upi_798360,ICICI
P08314,card,****8437,ICICI
P08315,wallet,upi_388356,KOTAK
P08316,card,****1653,ICICI
P08317,card,****7858,SBI
P08318,card,****6671,KOTAK
P08319,upi,upi_794888,ICICI
P08320,card,****6487,SBI
P08321,upi,upi_673202,ICICI
P08322,wallet,upi_642157,AXIS
P08323,wallet,upi_206928,KOTAK
P08324,card,****2052,SBI
P08325,upi,upi_816270,SBI
P08326,wallet,upi_864248,KOTAK
P08327,upi,upi_568562,SBI
P08328,upi,upi_105158,SBI
P08329,card,****5061,AXIS
P08330,card,****8893,KOTAK
P08331,upi,upi_815331,AXIS
P08332,card,****2320,SBI
P08333,upi,upi_182336,AXIS
P08334,card,****9176,SBI
P08335,wallet,upi_149722,SBI
P08336,upi,upi_939500,ICICI
P08337,wallet,upi_972603,ICICI
P08338,upi,upi_567679,AXIS
P08339,wallet,upi_627902,KOTAK
P08340,wallet,upi_748711,AXIS
P08341,wallet,upi_668074,KOTAK
P08342,upi,upi_593498,SBI
P08343,upi,upi_392322,SBI
P08344,wallet,upi_370514,AXIS
P08345,upi,upi_172636,ICICI
P08346,upi,upi_104478,HDFC
P08347,wallet,upi_242808,KOTAK
P08348,wallet,upi_323376,AXIS
P08349,card,****6378,KOTAK
P08350,upi,upi_290835,AXIS
P08351,upi,upi_795717,HDFC
P08352,wallet,upi_709670,ICICI
P08353,upi,upi_495184,ICICI
P08354,wallet,upi_732092,HDFC
P08355,card,****3509,SBI
P08356,wallet,upi_400252,SBI
P08357,upi,upi_733384,ICICI
P08358,upi,upi_853681,SBI
P08359,upi,upi_224600,HDFC
P08360,upi,upi_529485,KOTAK
P08361,upi,upi_242714,ICICI
P08362,wallet,upi_351650,HDFC
P08363,upi,upi_129593,AXIS
P08364,upi,upi_743080,SBI
P08365,wallet,upi_131725,SBI
P08366,card,****2673,AXIS
P08367,card,****3151,ICICI
P08368,upi,upi_766543,SBI
P08369,card,****5064,HDFC
P08370,card,****8208,ICICI
P08371,wallet,upi_850228,AXIS
P08372,card,****9796,AXIS
P08373,wallet,upi_780211,ICICI
P08374,upi,upi_412739,AXIS
P08375,upi,upi_538692,ICICI
P08376,card,****2722,ICICI
P08377,wallet,upi_180213,ICICI
P08378,wallet,upi_832460,HDFC
P08379,upi,upi_670981,ICICI
P08380,wallet,upi_611988,KOTAK
P08381,card,****7473,AXIS
P08382,card,****6225,SBI
P08383,upi,upi_752825,KOTAK
P08384,upi,upi_638548,AXIS
P08385,upi,upi_342899,SBI
P08386,upi,upi_441944,SBI
P08387,card,****9566,HDFC
P08388,card,****9556,ICICI
P08389,upi,upi_246286,HDFC
P08390,card,****9573,KOTAK
P08391,upi,upi_553814,KOTAK
P08392,card,****6178,KOTAK
P08393,upi,upi_509063,KOTAK
P08394,wallet,upi_735144,KOTAK
P08395,upi,upi_284133,KOTAK
P08396,wallet,upi_263912,KOTAK
P08397,upi,upi_570818,HDFC
P08398,upi,upi_261601,HDFC
P08399,card,****2298,ICICI
P08400,wallet,upi_275701,KOTAK
P08401,wallet,upi_682471,AXIS
P08402,card,****3745,ICICI
P08403,wallet,upi_267082,HDFC
P08404,card,****8087,AXIS
P08405,wallet,upi_557681,SBI
P08406,card,****8250,AXIS
P08407,wallet,upi_508104,ICICI
P08408,upi,upi_667886,SBI
P08409,card,****8720,ICICI
P08410,wallet,upi_585247,AXIS
P08411,card,****4984,ICICI
P08412,card,****9287,AXIS
P08413,upi,upi_688291,ICICI
P08414,upi,upi_558889,HDFC
P08415,wallet,upi_107605,AXIS
P08416,card,****9797,ICICI
P08417,card,****5357,SBI
P08418,wallet,upi_838441,SBI
P08419,upi,upi_354508,SBI
P08420,upi,upi_281911,ICICI
P08421,wallet,upi_235334,AXIS
P08422,upi,upi_775614,HDFC
P08423,card,****5172,SBI
P08424,card,****6564,KOTAK
P08425,upi,upi_839999,KOTAK
P08426,upi,upi_328929,HDFC
P08427,card,****8574,ICICI
P08428,wallet,upi_766924,ICICI
P08429,card,****6642,AXIS
P08430,card,****6114,ICICI
P08431,upi,upi_143787,ICICI
P08432,upi,upi_458804,SBI
P08433,upi,upi_530487,KOTAK
P08434,wallet,upi_861733,ICICI
P08435,wallet,upi_934418,AXIS
P08436,upi,upi_780776,HDFC
P08437,upi,upi_209325,HDFC
P08438,upi,upi_599831,KOTAK
P08439,wallet,upi_995283,HDFC
P08440,upi,upi_927027,KOTAK
P08441,upi,upi_768605,SBI
P08442,upi,upi_776251,AXIS
P08443,card,****9644,AXIS
P08444,upi,upi_498578,KOTAK
P08445,card,****5866,SBI
P08446,wallet,upi_803807,SBI
P08447,wallet,upi_803729,AXIS
P08448,upi,upi_882353,ICICI
P08449,card,****4070,ICICI
P08450,wallet,upi_989340,HDFC
P08451,wallet,upi_270954,SBI
P08452,wallet,upi_731544,SBI
P08453,upi,upi_660630,AXIS
P08454,wallet,upi_558965,HDFC
P08455,card,****7934,ICICI
P08456,card,****5288,SBI
P08457,wallet,upi_981123,KOTAK
P08458,wallet,upi_982762,SBI
P08459,card,****7909,SBI
P08460,card,****8998,AXIS
P08461,card,****6292,ICICI
P08462,card,****2394,ICICI
P08463,wallet,upi_149491,ICICI
P08464,card,****9382,HDFC
P08465,wallet,upi_223027,ICICI
P08466,wallet,upi_629063,AXIS
P08467,card,****7159,ICICI
P08468,wallet,upi_334719,ICICI
P08469,upi,upi_544909,KOTAK
P08470,wallet,upi_155932,SBI
P08471,wallet,upi_912710,HDFC
P08472,card,****9861,HDFC
P08473,card,****6996,ICICI
P08474,card,****8488,SBI
P08475,card,****6342,AXIS
P08476,upi,upi_122204,ICICI
P08477,wallet,upi_787799,AXIS
P08478,upi,upi_273749,KOTAK
P08479,upi,upi_174320,SBI
P08480,upi,upi_483584,KOTAK
P08481,upi,upi_792112,KOTAK
P08482,upi,upi_585155,KOTAK
P08483,wallet,upi_410184,SBI
P08484,upi,upi_457172,KOTAK
P08485,upi,upi_741314,KOTAK
P08486,upi,upi_485712,HDFC
P08487,upi,upi_439958,ICICI
P08488,wallet,upi_759757,AXIS
P08489,card,****2359,AXIS
P08490,card,****5921,KOTAK
P08491,upi,upi_980637,SBI
P08492,card,****4674,KOTAK
P08493,upi,upi_268247,SBI
P08494,card,****7012,ICICI
P08495,card,****8424,KOTAK
P08496,wallet,upi_624941,ICICI
P08497,card,****7461,SBI
P08498,card,****2099,KOTAK
P08499,wallet,upi_844243,ICICI
P08500,card,****5904,SBI
P08501,upi,upi_409745,SBI
P08502,upi,upi_256172,HDFC
P08503,card,****1661,ICICI
P08504,upi,upi_761310,AXIS
P08505,wallet,upi_374807,AXIS
P08506,card,****1421,KOTAK
P08507,wallet,upi_912237,KOTAK
P08508,card,****5918,HDFC
P08509,card,****6937,ICICI
P08510,card,****2500,ICICI
P08511,wallet,upi_398333,SBI
P08512,card,****3832,KOTAK
P08513,card,****8151,ICICI
P08514,upi,upi_775267,HDFC
P08515,wallet,upi_362683,HDFC
P08516,card,****2450,KOTAK
P08517,card,****6926,ICICI
P08518,upi,upi_601424,KOTAK
P08519,upi,upi_711314,KOTAK
P08520,card,****1440,SBI
P08521,upi,upi_737305,SBI
P08522,card,****3233,ICICI
P08523,card,****6323,SBI
P08524,upi,upi_108557,HDFC
P08525,wallet,upi_723214,HDFC
P08526,card,****4341,SBI
P08527,wallet,upi_865314,ICICI
P08528,upi,upi_939956,KOTAK
P08529,wallet,upi_484711,AXIS
P08530,card,****4311,ICICI
P08531,wallet,upi_904401,KOTAK
P08532,upi,upi_825514,ICICI
P08533,upi,upi_548286,KOTAK
P08534,upi,upi_191419,ICICI
P08535,upi,upi_350836,SBI
P08536,card,****2900,HDFC
P08537,card,****1424,ICICI
P08538,wallet,upi_190505,ICICI
P08539,wallet,upi_187643,ICICI
P08540,card,****2511,SBI
P08541,wallet,upi_420146,KOTAK
P08542,card,****3666,KOTAK
P08543,wallet,upi_731601,HDFC
P08544,wallet,upi_671511,KOTAK
P08545,wallet,upi_173647,KOTAK
P08546,upi,upi_810333,AXIS
P08547,upi,upi_948895,SBI
P08548,card,****4084,HDFC
P08549,wallet,upi_212923,KOTAK
P08550,wallet,upi_137853,KOTAK
P08551,card,****2148,ICICI
P08552,card,****6258,AXIS
P08553,wallet,upi_862377,ICICI
P08554,card,****8246,ICICI
P08555,card,****8062,AXIS
P08556,upi,upi_156449,SBI
P08557,wallet,upi_829570,HDFC
P08558,upi,upi_189208,HDFC
P08559,wallet,upi_328227,KOTAK
P08560,wallet,upi_196722,KOTAK
P08561,card,****9293,AXIS
P08562,upi,upi_137502,SBI
P08563,card,****2835,ICICI
P08564,wallet,upi_315948,ICICI
P08565,card,****5079,SBI
P08566,upi,upi_721211,SBI
P08567,upi,upi_129167,AXIS
P08568,card,****5195,KOTAK
P08569,upi,upi_907347,AXIS
P08570,upi,upi_160850,AXIS
P08571,upi,upi_463596,ICICI
P08572,upi,upi_841853,AXIS
P08573,card,****4704,HDFC
P08574,upi,upi_892621,ICICI
P08575,card,****7461,HDFC
P08576,card,****9150,KOTAK
P08577,wallet,upi_180561,HDFC
P08578,wallet,upi_994200,HDFC
P08579,upi,upi_907973,AXIS
P08580,card,****4079,KOTAK
P08581,wallet,upi_497531,ICICI
P08582,card,****7955,AXIS
P08583,upi,upi_123813,HDFC
P08584,upi,upi_722652,KOTAK
P08585,upi,upi_522150,KOTAK
P08586,upi,upi_516508,KOTAK
P08587,card,****3243,ICICI
P08588,card,****8556,HDFC
P08589,card,****9079,HDFC
P08590,wallet,upi_814276,SBI
P08591,wallet,upi_958565,HDFC
P08592,card,****9117,HDFC
P08593,upi,upi_787828,HDFC
P08594,wallet,upi_541299,ICICI
P08595,card,****3991,ICICI
P08596,upi,upi_325960,HDFC
P08597,upi,upi_454046,KOTAK
P08598,upi,upi_407392,SBI
P08599,wallet,upi_668025,KOTAK
P08600,wallet,upi_302058,KOTAK
P08601,wallet,upi_279410,ICICI
P08602,upi,upi_451329,KOTAK
P08603,wallet,upi_105456,KOTAK
P08604,upi,upi_295563,ICICI
P08605,wallet,upi_992252,SBI
P08606,wallet,upi_979196,ICICI
P08607,wallet,upi_491993,KOTAK
P08608,upi,upi_878771,SBI
P08609,upi,upi_431732,HDFC
P08610,card,****2873,KOTAK
P08611,upi,upi_919695,HDFC
P08612,card,****6092,KOTAK
P08613,card,****4853,AXIS
P08614,upi,upi_669021,KOTAK
P08615,card,****9975,AXIS
P08616,card,****7494,KOTAK
P08617,wallet,upi_301859,ICICI
P08618,card,****9714,HDFC
P08619,card,****5228,ICICI
P08620,upi,upi_367739,AXIS
P08621,upi,upi_644087,SBI
P08622,upi,upi_541546,SBI
P08623,wallet,upi_551650,AXIS
P08624,wallet,upi_378657,HDFC
P08625,upi,upi_342103,AXIS
P08626,card,****3134,HDFC
P08627,upi,upi_339059,HDFC
P08628,upi,upi_449088,SBI
P08629,card,****8246,AXIS
P08630,upi,upi_139129,HDFC
P08631,upi,upi_475757,KOTAK
P08632,upi,upi_105107,KOTAK
P08633,card,****2817,SBI
P08634,upi,upi_938077,HDFC
P08635,upi,upi_560757,ICICI
P08636,wallet,upi_218216,SBI
P08637,wallet,upi_324579,AXIS
P08638,card,****2190,AXIS
P08639,wallet,upi_499726,HDFC
P08640,card,****6028,AXIS
P08641,card,****4248,AXIS
P08642,card,****2463,KOTAK
P08643,wallet,upi_274468,AXIS
P08644,wallet,upi_884693,HDFC
P08645,upi,upi_458293,SBI
P08646,wallet,upi_761224,SBI
P08647,upi,upi_467666,SBI
P08648,card,****7524,KOTAK
P08649,card,****7222,KOTAK
P08650,upi,upi_990548,ICICI
P08651,upi,upi_574037,HDFC
P08652,upi,upi_946153,HDFC
P08653,card,****5752,SBI
P08654,wallet,upi_819308,SBI
P08655,upi,upi_454379,KOTAK
P08656,upi,upi_807334,AXIS
P08657,upi,upi_130054,HDFC
P08658,card,****1113,HDFC
P08659,card,****7777,ICICI
P08660,card,****9135,ICICI
P08661,card,****9563,AXIS
P08662,wallet,upi_594483,SBI
P08663,wallet,upi_231814,HDFC
P08664,wallet,upi_998881,AXIS
P08665,wallet,upi_941924,ICICI
P08666,upi,upi_936598,KOTAK
P08667,card,****9766,SBI
P08668,wallet,upi_924289,HDFC
P08669,wallet,upi_440623,AXIS
P08670,card,****4173,SBI
P08671,card,****2393,AXIS
P08672,wallet,upi_478233,HDFC
P08673,wallet,upi_219015,HDFC
P08674,card,****7747,SBI
P08675,card,****4941,SBI
P08676,wallet,upi_758888,SBI
P08677,wallet,upi_385223,ICICI
P08678,wallet,upi_596879,AXIS
P08679,card,****1255,AXIS
P08680,card,****8979,KOTAK
P08681,upi,upi_847139,KOTAK
P08682,upi,upi_844304,HDFC
P08683,upi,upi_950710,ICICI
P08684,wallet,upi_472663,SBI
P08685,upi,upi_742836,AXIS
P08686,upi,upi_704061,SBI
P08687,upi,upi_244900,HDFC
P08688,wallet,upi_888081,AXIS
P08689,wallet,upi_832077,SBI
P08690,upi,upi_236766,AXIS
P08691,upi,upi_276743,KOTAK
P08692,card,****1196,HDFC
P08693,upi,upi_878552,HDFC
P08694,wallet,upi_568534,ICICI
P08695,upi,upi_420898,AXIS
P08696,wallet,upi_794434,SBI
P08697,wallet,upi_887754,SBI
P08698,wallet,upi_293068,ICICI
P08699,upi,upi_806905,HDFC
P08700,upi,upi_846165,ICICI
P08701,wallet,upi_339026,ICICI
P08702,upi,upi_392026,KOTAK
P08703,wallet,upi_610041,HDFC
P08704,wallet,upi_816718,HDFC
P08705,card,****2482,AXIS
P08706,card,****8620,KOTAK
P08707,card,****3055,KOTAK
P08708,upi,upi_767164,SBI
P08709,upi,upi_524710,HDFC
P08710,wallet,upi_874306,ICICI
P08711,card,****5433,KOTAK
P08712,upi,upi_686612,SBI
P08713,card,****5725,ICICI
P08714,wallet,upi_839889,ICICI
P08715,upi,upi_848298,SBI
P08716,card,****9877,ICICI
P08717,wallet,upi_323627,AXIS
P08718,card,****9763,AXIS
P08719,wallet,upi_476648,AXIS
P08720,wallet,upi_615839,KOTAK
P08721,wallet,upi_230751,ICICI
P08722,card,****3269,AXIS
P08723,upi,upi_496736,SBI
P08724,wallet,upi_578512,AXIS
P08725,card,****2356,SBI
P08726,wallet,upi_687588,ICICI
P08727,wallet,upi_864357,HDFC
P08728,wallet,upi_591513,HDFC
P08729,wallet,upi_647084,KOTAK
P08730,upi,upi_176529,HDFC
P08731,upi,upi_863071,KOTAK
P08732,card,****2900,AXIS
P08733,card,****2246,SBI
P08734,upi,upi_370317,SBI
P08735,upi,upi_847177,HDFC
P08736,card,****9271,ICICI
P08737,card,****8495,SBI
P08738,upi,upi_280839,SBI
P08739,upi,upi_323226,KOTAK
P08740,wallet,upi_999655,SBI
P08741,wallet,upi_293697,ICICI
P08742,upi,upi_856665,AXIS
P08743,upi,upi_686749,AXIS
P08744,upi,upi_104961,HDFC
P08745,upi,upi_687535,KOTAK
P08746,card,****3408,SBI
P08747,card,****3827,SBI
P08748,card,****3569,HDFC
P08749,wallet,upi_862392,KOTAK
P08750,card,****3677,ICICI
P08751,upi,upi_606536,KOTAK
P08752,wallet,upi_163336,KOTAK
P08753,upi,upi_798188,AXIS
P08754,upi,upi_863376,HDFC
P08755,card,****9866,AXIS
P08756,upi,upi_853846,ICICI
P08757,wallet,upi_325451,KOTAK
P08758,wallet,upi_478543,AXIS
P08759,card,****7715,SBI
P08760,upi,upi_894800,KOTAK
P08761,card,****2776,HDFC
P08762,card,****4095,AXIS
P08763,card,****1346,AXIS
P08764,card,****5029,AXIS
P08765,wallet,upi_914441,HDFC
P08766,wallet,upi_762190,KOTAK
P08767,wallet,upi_537166,AXIS
P08768,wallet,upi_335715,ICICI
P08769,card,****9170,HDFC
P08770,wallet,upi_639858,ICICI
P08771,upi,upi_629118,SBI
P08772,wallet,upi_262058,AXIS
P08773,upi,upi_857634,SBI
P08774,wallet,upi_561644,AXIS
P08775,wallet,upi_284551,KOTAK
P08776,upi,upi_464498,HDFC
P08777,upi,upi_937228,SBI
P08778,wallet,upi_382089,SBI
P08779,upi,upi_432044,AXIS
P08780,card,****7997,AXIS
P08781,upi,upi_477959,SBI
P08782,card,****9353,ICICI
P08783,wallet,upi_207964,AXIS
P08784,wallet,upi_384632,AXIS
P08785,upi,upi_705442,SBI
P08786,card,****1661,ICICI
P08787,upi,upi_450061,ICICI
P08788,card,****1999,ICICI
P08789,upi,upi_288273,AXIS
P08790,wallet,upi_336735,HDFC
P08791,card,****3048,AXIS
P08792,wallet,upi_368109,SBI
P08793,card,****7082,AXIS
P08794,card,****4957,HDFC
P08795,wallet,upi_850515,HDFC
P08796,upi,upi_890087,SBI
P08797,card,****7243,ICICI
P08798,upi,upi_190745,AXIS
P08799,wallet,upi_459482,ICICI
P08800,wallet,upi_255698,SBI
P08801,upi,upi_519128,AXIS
P08802,upi,upi_228106,ICICI
P08803,upi,upi_842486,KOTAK
P08804,card,****8900,KOTAK
P08805,wallet,upi_125924,HDFC
P08806,wallet,upi_937343,SBI
P08807,card,****7544,AXIS
P08808,wallet,upi_319011,ICICI
P08809,card,****9070,AXIS
P08810,card,****4556,SBI
P08811,card,****3448,KOTAK
P08812,upi,upi_831016,AXIS
P08813,card,****9513,ICICI
P08814,upi,upi_246604,ICICI
P08815,upi,upi_806917,ICICI
P08816,card,****6521,KOTAK
P08817,card,****2671,HDFC
P08818,card,****4758,AXIS
P08819,wallet,upi_832913,HDFC
P08820,card,****9900,KOTAK
P08821,upi,upi_249500,ICICI
P08822,upi,upi_135682,ICICI
P08823,wallet,upi_567424,HDFC
P08824,upi,upi_307108,ICICI
P08825,card,****4221,HDFC
P08826,wallet,upi_757189,KOTAK
P08827,wallet,upi_320769,KOTAK
P08828,upi,upi_484968,AXIS
P08829,wallet,upi_903254,HDFC
P08830,card,****6899,AXIS
P08831,wallet,upi_756342,HDFC
P08832,upi,upi_587315,ICICI
P08833,upi,upi_205935,KOTAK
P08834,wallet,upi_939853,SBI
P08835,wallet,upi_810443,HDFC
P08836,upi,upi_541415,KOTAK
P08837,wallet,upi_504375,KOTAK
P08838,card,****7326,SBI
P08839,upi,upi_985156,SBI
P08840,upi,upi_417143,ICICI
P08841,card,****7023,AXIS
P08842,wallet,upi_830572,KOTAK
P08843,card,****8595,KOTAK
P08844,wallet,upi_264985,AXIS
P08845,upi,upi_131580,SBI
P08846,card,****3383,AXIS
P08847,card,****8023,KOTAK
P08848,wallet,upi_480276,KOTAK
P08849,card,****5310,ICICI
P08850,wallet,upi_683105,ICICI
P08851,wallet,upi_941785,KOTAK
P08852,card,****4620,KOTAK
P08853,upi,upi_743415,KOTAK
P08854,upi,upi_809821,KOTAK
P08855,card,****4460,HDFC
P08856,wallet,upi_490379,HDFC
P08857,card,****3703,HDFC
P08858,wallet,upi_634573,SBI
P08859,wallet,upi_964314,AXIS
P08860,upi,upi_936625,SBI
P08861,card,****1489,ICICI
P08862,upi,upi_112250,AXIS
P08863,upi,upi_555503,KOTAK
P08864,upi,upi_768882,HDFC
P08865,upi,upi_777623,AXIS
P08866,card,****5876,AXIS
P08867,upi,upi_593912,HDFC
P08868,upi,upi_969099,KOTAK
P08869,wallet,upi_811500,KOTAK
P08870,upi,upi_358592,ICICI
P08871,wallet,upi_711922,SBI
P08872,wallet,upi_745543,HDFC
P08873,wallet,upi_101016,ICICI
P08874,wallet,upi_451219,ICICI
P08875,upi,upi_253759,AXIS
P08876,upi,upi_277100,ICICI
P08877,card,****6328,SBI
P08878,wallet,upi_896259,AXIS
P08879,card,****8237,SBI
P08880,card,****7793,ICICI
P08881,wallet,upi_733043,SBI
P08882,wallet,upi_453178,KOTAK
P08883,upi,upi_107573,ICICI
P08884,wallet,upi_690224,SBI
P08885,upi,upi_926147,SBI
P08886,upi,upi_479892,AXIS
P08887,wallet,upi_784634,SBI
P08888,card,****2220,AXIS
P08889,card,****9413,AXIS
P08890,card,****1513,HDFC
P08891,card,****2491,HDFC
P08892,wallet,upi_253586,AXIS
P08893,card,****7228,AXIS
P08894,card,****3748,SBI
P08895,wallet,upi_509491,AXIS
P08896,card,****4045,ICICI
P08897,wallet,upi_314439,SBI
P08898,wallet,upi_573974,SBI
P08899,wallet,upi_324213,KOTAK
P08900,card,****7980,AXIS
P08901,card,****2573,KOTAK
P08902,card,****1546,KOTAK
P08903,card,****5953,KOTAK
P08904,wallet,upi_551717,AXIS
P08905,wallet,upi_862584,HDFC
P08906,wallet,upi_563853,ICICI
P08907,wallet,upi_261744,AXIS
P08908,upi,upi_418983,AXIS
P08909,wallet,upi_698757,ICICI
P08910,wallet,upi_591812,KOTAK
P08911,upi,upi_743865,SBI
P08912,wallet,upi_392964,HDFC
P08913,upi,upi_551669,HDFC
P08914,wallet,upi_803484,HDFC
P08915,wallet,upi_307437,AXIS
P08916,card,****7796,SBI
P08917,wallet,upi_788843,SBI
P08918,wallet,upi_686392,HDFC
P08919,card,****5678,SBI
P08920,upi,upi_954180,ICICI
P08921,wallet,upi_385107,AXIS
P08922,upi,upi_702562,SBI
P08923,upi,upi_617742,ICICI
P08924,wallet,upi_345166,KOTAK
P08925,upi,upi_905425,KOTAK
P08926,card,****6334,ICICI
P08927,wallet,upi_700414,HDFC
P08928,wallet,upi_447870,AXIS
P08929,upi,upi_461518,HDFC
P08930,wallet,upi_300679,AXIS
P08931,wallet,upi_937652,SBI
P08932,wallet,upi_571188,AXIS
P08933,card,****9661,KOTAK
P08934,wallet,upi_347872,AXIS
P08935,upi,upi_357437,SBI
P08936,upi,upi_145504,KOTAK
P08937,upi,upi_632793,SBI
P08938,wallet,upi_324732,KOTAK
P08939,card,****7472,ICICI
P08940,wallet,upi_439078,HDFC
P08941,card,****4927,HDFC
P08942,wallet,upi_698368,KOTAK
P08943,wallet,upi_508875,SBI
P08944,upi,upi_941183,KOTAK
P08945,wallet,upi_273434,SBI
P08946,card,****5885,ICICI
P08947,upi,upi_363334,KOTAK
P08948,upi,upi_723760,SBI
P08949,card,****2836,ICICI
P08950,card,****6827,AXIS
P08951,card,****4852,KOTAK
P08952,upi,upi_166582,HDFC
P08953,wallet,upi_672419,HDFC
P08954,card,****6408,SBI
P08955,upi,upi_752107,SBI
P08956,upi,upi_547916,HDFC
P08957,upi,upi_715939,HDFC
P08958,card,****8814,AXIS
P08959,upi,upi_562732,SBI
P08960,upi,upi_551215,KOTAK
P08961,card,****2342,AXIS
P08962,card,****4051,ICICI
P08963,card,****6538,HDFC
P08964,card,****7636,SBI
P08965,upi,upi_678026,AXIS
P08966,wallet,upi_627128,HDFC
P08967,wallet,upi_690378,HDFC
P08968,card,****5959,HDFC
P08969,upi,upi_646448,KOTAK
P08970,card,****4520,ICICI
P08971,upi,upi_237386,KOTAK
P08972,upi,upi_849363,AXIS
P08973,card,****2645,ICICI
P08974,wallet,upi_429038,SBI
P08975,wallet,upi_100339,HDFC
P08976,card,****6549,AXIS
P08977,card,****9497,HDFC
P08978,card,****1510,HDFC
P08979,card,****5821,SBI
P08980,upi,upi_199275,KOTAK
P08981,card,****7140,KOTAK
P08982,card,****7304,HDFC
P08983,wallet,upi_409543,KOTAK
P08984,wallet,upi_908164,KOTAK
P08985,card,****4107,AXIS
P08986,wallet,upi_922513,SBI
P08987,card,****6836,SBI
P08988,card,****2554,KOTAK
P08989,card,****7746,KOTAK
P08990,upi,upi_185442,KOTAK
P08991,upi,upi_933569,AXIS
P08992,card,****8913,HDFC
P08993,wallet,upi_112025,SBI
P08994,wallet,upi_254773,KOTAK
P08995,card,****3669,KOTAK
P08996,wallet,upi_919371,SBI
P08997,card,****9034,HDFC
P08998,wallet,upi_543090,HDFC
P08999,card,****4604,ICICI
P09000,card,****2216,ICICI
P09001,upi,upi_704490,SBI
P09002,card,****3208,HDFC
P09003,wallet,upi_909153,SBI
P09004,card,****1854,ICICI
P09005,upi,upi_809070,HDFC
P09006,upi,upi_620121,SBI
P09007,wallet,upi_682663,SBI
P09008,upi,upi_262004,AXIS
P09009,upi,upi_667176,HDFC
P09010,upi,upi_518829,HDFC
P09011,card,****3970,AXIS
P09012,wallet,upi_237686,HDFC
P09013,wallet,upi_340703,HDFC
P09014,upi,upi_720661,SBI
P09015,card,****8034,SBI
P09016,upi,upi_806503,HDFC
P09017,card,****2804,HDFC
P09018,wallet,upi_552588,HDFC
P09019,wallet,upi_166555,KOTAK
P09020,card,****2989,ICICI
P09021,wallet,upi_844966,ICICI
P09022,wallet,upi_744435,KOTAK
P09023,card,****4205,HDFC
P09024,card,****6317,SBI
P09025,wallet,upi_881755,KOTAK
P09026,upi,upi_709022,ICICI
P09027,card,****8031,ICICI
P09028,card,****2884,SBI
P09029,wallet,upi_457400,KOTAK
P09030,upi,upi_681929,KOTAK
P09031,wallet,upi_734704,HDFC
P09032,card,****7339,HDFC
P09033,wallet,upi_899864,AXIS
P09034,wallet,upi_150753,SBI
P09035,upi,upi_132339,SBI
P09036,card,****2459,HDFC
P09037,card,****1802,ICICI
P09038,upi,upi_106171,KOTAK
P09039,card,****7634,SBI
P09040,card,****1218,SBI
P09041,upi,upi_883444,AXIS
P09042,card,****9865,HDFC
P09043,wallet,upi_740873,AXIS
P09044,card,****5205,HDFC
P09045,wallet,upi_981621,ICICI
P09046,upi,upi_545489,KOTAK
P09047,upi,upi_376417,SBI
P09048,wallet,upi_469514,HDFC
P09049,upi,upi_112116,KOTAK
P09050,wallet,upi_950977,SBI
P09051,wallet,upi_136418,AXIS
P09052,card,****8483,SBI
P09053,upi,upi_517726,AXIS
P09054,wallet,upi_684583,ICICI
P09055,wallet,upi_748269,KOTAK
P09056,upi,upi_699259,HDFC
P09057,upi,upi_370418,ICICI
P09058,wallet,upi_387498,HDFC
P09059,upi,upi_250025,KOTAK
P09060,wallet,upi_116857,SBI
P09061,wallet,upi_476529,AXIS
P09062,wallet,upi_564584,AXIS
P09063,card,****6180,ICICI
P09064,wallet,upi_898066,KOTAK
P09065,upi,upi_576199,AXIS
P09066,upi,upi_734199,HDFC
P09067,wallet,upi_945594,SBI
P09068,card,****1735,HDFC
P09069,upi,upi_998294,SBI
P09070,upi,upi_245735,KOTAK
P09071,wallet,upi_520326,HDFC
P09072,upi,upi_407749,AXIS
P09073,wallet,upi_435721,KOTAK
P09074,card,****3207,AXIS
P09075,card,****8307,AXIS
P09076,card,****2981,AXIS
P09077,upi,upi_243765,KOTAK
P09078,upi,upi_556535,HDFC
P09079,card,****6053,KOTAK
P09080,wallet,upi_233666,SBI
P09081,upi,upi_675030,KOTAK
P09082,wallet,upi_924286,AXIS
P09083,upi,upi_782063,HDFC
P09084,card,****7485,SBI
P09085,upi,upi_265047,AXIS
P09086,wallet,upi_614925,SBI
P09087,card,****3590,HDFC
P09088,upi,upi_961782,AXIS
P09089,card,****4379,HDFC
P09090,wallet,upi_254683,SBI
P09091,card,****5481,ICICI
P09092,card,****6573,ICICI
P09093,upi,upi_968015,AXIS
P09094,card,****1011,KOTAK
P09095,upi,upi_881320,KOTAK
P09096,wallet,upi_423904,KOTAK
P09097,upi,upi_165555,AXIS
P09098,card,****2769,SBI
P09099,card,****6562,ICICI
P09100,card,****6897,ICICI
P09101,upi,upi_308895,HDFC
P09102,card,****2950,KOTAK
P09103,upi,upi_489511,AXIS
P09104,card,****6396,KOTAK
P09105,wallet,upi_341104,SBI
P09106,wallet,upi_256671,ICICI
P09107,card,****3078,HDFC
P09108,card,****2395,ICICI
P09109,wallet,upi_384025,SBI
P09110,wallet,upi_337209,HDFC
P09111,upi,upi_832272,HDFC
P09112,upi,upi_132473,KOTAK
P09113,upi,upi_636864,ICICI
P09114,upi,upi_828410,ICICI
P09115,wallet,upi_983771,AXIS
P09116,upi,upi_720485,KOTAK
P09117,card,****5976,HDFC
P09118,card,****2583,HDFC
P09119,upi,upi_656692,ICICI
P09120,card,****2519,ICICI
P09121,upi,upi_752957,KOTAK
P09122,wallet,upi_882070,KOTAK
P09123,card,****9228,HDFC
P09124,wallet,upi_116245,HDFC
P09125,wallet,upi_694397,AXIS
P09126,card,****6091,ICICI
P09127,upi,upi_460504,AXIS
P09128,wallet,upi_909874,KOTAK
P09129,upi,upi_950152,ICICI
P09130,wallet,upi_448647,SBI
P09131,wallet,upi_596470,AXIS
P09132,upi,upi_914011,SBI
P09133,card,****7832,ICICI
P09134,wallet,upi_415105,KOTAK
P09135,wallet,upi_659086,ICICI
P09136,card,****9093,ICICI
P09137,upi,upi_425914,SBI
P09138,wallet,upi_294698,ICICI
P09139,wallet,upi_437567,ICICI
P09140,upi,upi_222426,HDFC
P09141,upi,upi_651956,KOTAK
P09142,card,****1413,SBI
P09143,card,****5088,SBI
P09144,upi,upi_483279,ICICI
P09145,wallet,upi_871979,KOTAK
P09146,card,****9368,AXIS
P09147,card,****1116,SBI
P09148,upi,upi_515980,AXIS
P09149,upi,upi_498134,AXIS
P09150,wallet,upi_146410,KOTAK
P09151,card,****9852,KOTAK
P09152,upi,upi_413763,SBI
P09153,wallet,upi_830120,KOTAK
P09154,upi,upi_182869,ICICI
P09155,card,****8743,SBI
P09156,card,****2183,ICICI
P09157,wallet,upi_508971,KOTAK
P09158,upi,upi_733525,ICICI
P09159,card,****7085,ICICI
P09160,upi,upi_234631,HDFC
P09161,wallet,upi_786649,HDFC
P09162,upi,upi_982268,SBI
P09163,wallet,upi_186192,SBI
P09164,upi,upi_330548,HDFC
P09165,wallet,upi_958824,HDFC
P09166,card,****7351,HDFC
P09167,upi,upi_400056,SBI
P09168,card,****7257,SBI
P09169,upi,upi_842210,AXIS
P09170,upi,upi_384395,ICICI
P09171,card,****2132,KOTAK
P09172,wallet,upi_991503,AXIS
P09173,card,****3006,SBI
P09174,card,****4720,ICICI
P09175,upi,upi_923647,KOTAK
P09176,upi,upi_272624,KOTAK
P09177,upi,upi_982901,KOTAK
P09178,upi,upi_129874,HDFC
P09179,card,****1748,ICICI
P09180,wallet,upi_417240,ICICI
P09181,upi,upi_416174,KOTAK
P09182,wallet,upi_620444,SBI
P09183,wallet,upi_845998,KOTAK
P09184,wallet,upi_473235,KOTAK
P09185,wallet,upi_533434,HDFC
P09186,wallet,upi_656461,KOTAK
P09187,wallet,upi_196804,AXIS
P09188,wallet,upi_523069,HDFC
P09189,wallet,upi_948295,ICICI
P09190,card,****7002,KOTAK
P09191,wallet,upi_260900,AXIS
P09192,wallet,upi_367520,ICICI
P09193,upi,upi_558337,ICICI
P09194,wallet,upi_233760,AXIS
P09195,upi,upi_711709,HDFC
P09196,card,****4512,HDFC
P09197,card,****3742,ICICI
P09198,card,****6267,SBI
P09199,wallet,upi_142946,AXIS
P09200,card,****5748,AXIS
P09201,card,****2927,SBI
P09202,wallet,upi_873644,KOTAK
P09203,card,****7493,KOTAK
P09204,upi,upi_424695,AXIS
P09205,upi,upi_858180,AXIS
P09206,upi,upi_106687,AXIS
P09207,card,****4623,AXIS
P09208,upi,upi_531101,SBI
P09209,upi,upi_113129,HDFC
P09210,wallet,upi_571105,AXIS
P09211,wallet,upi_246013,ICICI
P09212,wallet,upi_993910,ICICI
P09213,card,****3965,KOTAK
P09214,card,****2981,KOTAK
P09215,card,****9248,AXIS
P09216,wallet,upi_273049,AXIS
P09217,wallet,upi_928517,SBI
P09218,upi,upi_240156,AXIS
P09219,upi,upi_842722,ICICI
P09220,wallet,upi_315996,ICICI
P09221,card,****5904,SBI
P09222,wallet,upi_714706,AXIS
P09223,wallet,upi_274168,HDFC
P09224,upi,upi_520360,AXIS
P09225,card,****5475,KOTAK
P09226,upi,upi_342863,HDFC
P09227,card,****4315,SBI
P09228,wallet,upi_377478,ICICI
P09229,upi,upi_646361,SBI
P09230,wallet,upi_689741,HDFC
P09231,card,****9533,SBI
P09232,upi,upi_468557,HDFC
P09233,card,****5282,ICICI
P09234,card,****1476,AXIS
P09235,wallet,upi_346456,AXIS
P09236,wallet,upi_815348,HDFC
P09237,upi,upi_893921,HDFC
P09238,upi,upi_686270,ICICI
P09239,upi,upi_364681,KOTAK
P09240,card,****2362,AXIS
P09241,wallet,upi_454471,KOTAK
P09242,upi,upi_478986,KOTAK
P09243,wallet,upi_844226,SBI
P09244,wallet,upi_370542,ICICI
P09245,card,****5042,AXIS
P09246,wallet,upi_891366,ICICI
P09247,card,****4417,AXIS
P09248,card,****7453,SBI
P09249,wallet,upi_620664,ICICI
P09250,upi,upi_519167,AXIS
P09251,upi,upi_644910,AXIS
P09252,upi,upi_611826,SBI
P09253,wallet,upi_319781,SBI
P09254,wallet,upi_545797,HDFC
P09255,card,****6056,HDFC
P09256,upi,upi_369314,KOTAK
P09257,card,****6669,ICICI
P09258,wallet,upi_124627,KOTAK
P09259,wallet,upi_670865,SBI
P09260,card,****8083,AXIS
P09261,card,****4145,ICICI
P09262,wallet,upi_736414,HDFC
P09263,wallet,upi_950826,AXIS
P09264,upi,upi_220566,SBI
P09265,card,****1543,HDFC
P09266,card,****2343,ICICI
P09267,wallet,upi_211424,SBI
P09268,upi,upi_651225,HDFC
P09269,upi,upi_396808,ICICI
P09270,wallet,upi_308467,AXIS
P09271,upi,upi_623649,KOTAK
P09272,card,****2222,SBI
P09273,wallet,upi_733034,HDFC
P09274,card,****1041,KOTAK
P09275,upi,upi_201972,AXIS
P09276,upi,upi_965618,AXIS
P09277,wallet,upi_735017,HDFC
P09278,upi,upi_980012,KOTAK
P09279,wallet,upi_193913,SBI
P09280,upi,upi_335061,KOTAK
P09281,wallet,upi_128061,AXIS
P09282,upi,upi_742878,KOTAK
P09283,upi,upi_584221,ICICI
P09284,upi,upi_574051,ICICI
P09285,card,****7461,HDFC
P09286,card,****3969,ICICI
P09287,upi,upi_290006,AXIS
P09288,upi,upi_334588,ICICI
P09289,card,****6961,KOTAK
P09290,upi,upi_695186,KOTAK
P09291,upi,upi_265917,SBI
P09292,upi,upi_750588,AXIS
P09293,card,****6964,SBI
P09294,wallet,upi_565495,KOTAK
P09295,card,****3571,AXIS
P09296,upi,upi_107458,HDFC
P09297,card,****6499,SBI
P09298,wallet,upi_748624,HDFC
P09299,upi,upi_808761,AXIS
P09300,card,****3996,AXIS
P09301,card,****7946,KOTAK
P09302,upi,upi_526037,KOTAK
P09303,wallet,upi_821273,KOTAK
P09304,wallet,upi_820022,KOTAK
P09305,upi,upi_890966,HDFC
P09306,card,****9581,SBI
P09307,wallet,upi_734336,AXIS
P09308,card,****6681,KOTAK
P09309,upi,upi_602109,KOTAK
P09310,upi,upi_969560,ICICI
P09311,wallet,upi_303997,AXIS
P09312,upi,upi_384732,AXIS
P09313,card,****3756,AXIS
P09314,card,****3463,AXIS
P09315,upi,upi_980444,AXIS
P09316,wallet,upi_544907,SBI
P09317,wallet,upi_512832,SBI
P09318,wallet,upi_451040,KOTAK
P09319,upi,upi_787679,AXIS
P09320,upi,upi_749090,SBI
P09321,wallet,upi_763762,SBI
P09322,upi,upi_880750,HDFC
P09323,upi,upi_470758,ICICI
P09324,upi,upi_995136,AXIS
P09325,upi,upi_435246,HDFC
P09326,wallet,upi_769543,ICICI
P09327,upi,upi_124660,SBI
P09328,card,****8252,AXIS
P09329,card,****1091,KOTAK
P09330,wallet,upi_386149,KOTAK
P09331,wallet,upi_517714,SBI
P09332,card,****5238,SBI
P09333,card,****4883,AXIS
P09334,upi,upi_393242,KOTAK
P09335,card,****8897,KOTAK
P09336,card,****7137,ICICI
P09337,wallet,upi_326400,ICICI
P09338,wallet,upi_659601,SBI
P09339,upi,upi_708536,ICICI
P09340,card,****2980,ICICI
P09341,upi,upi_730021,AXIS
P09342,upi,upi_876295,KOTAK
P09343,card,****5533,HDFC
P09344,upi,upi_332166,AXIS
P09345,card,****1907,SBI
P09346,card,****6763,HDFC
P09347,wallet,upi_505089,ICICI
P09348,card,****5219,HDFC
P09349,upi,upi_208380,HDFC
P09350,wallet,upi_248008,AXIS
P09351,upi,upi_641616,ICICI
P09352,wallet,upi_573909,KOTAK
P09353,upi,upi_315980,ICICI
P09354,upi,upi_513734,AXIS
P09355,upi,upi_779182,AXIS
P09356,upi,upi_825254,AXIS
P09357,upi,upi_881783,HDFC
P09358,card,****4578,ICICI
P09359,upi,upi_306114,KOTAK
P09360,wallet,upi_597588,SBI
P09361,card,****6499,KOTAK
P09362,card,****1879,KOTAK
P09363,upi,upi_957904,HDFC
P09364,card,****2454,HDFC
P09365,card,****9015,AXIS
P09366,card,****8912,KOTAK
P09367,card,****6372,HDFC
P09368,upi,upi_413555,KOTAK
P09369,upi,upi_720651,AXIS
P09370,upi,upi_693264,AXIS
P09371,card,****9492,ICICI
P09372,card,****1355,AXIS
P09373,card,****5318,SBI
P09374,card,****6266,AXIS
P09375,wallet,upi_489236,SBI
P09376,wallet,upi_596037,KOTAK
P09377,wallet,upi_320592,SBI
P09378,card,****6635,ICICI
P09379,upi,upi_133244,ICICI
P09380,upi,upi_130401,AXIS
P09381,wallet,upi_593219,SBI
P09382,upi,upi_892951,AXIS
P09383,card,****8878,HDFC
P09384,wallet,upi_987240,KOTAK
P09385,wallet,upi_225567,ICICI
P09386,wallet,upi_291190,ICICI
P09387,wallet,upi_518514,HDFC
P09388,card,****2798,ICICI
P09389,card,****9060,AXIS
P09390,upi,upi_481593,KOTAK
P09391,wallet,upi_716824,KOTAK
P09392,upi,upi_804823,HDFC
P09393,wallet,upi_872191,ICICI
P09394,card,****9162,AXIS
P09395,wallet,upi_567554,HDFC
P09396,upi,upi_827107,KOTAK
P09397,card,****9016,KOTAK
P09398,card,****1735,AXIS
P09399,wallet,upi_481016,HDFC
P09400,card,****8001,SBI
P09401,card,****9125,HDFC
P09402,upi,upi_653344,ICICI
P09403,wallet,upi_813797,SBI
P09404,upi,upi_656697,SBI
P09405,wallet,upi_305812,HDFC
P09406,card,****5166,KOTAK
P09407,upi,upi_584903,ICICI
P09408,upi,upi_444523,SBI
P09409,wallet,upi_811347,HDFC
P09410,upi,upi_375062,KOTAK
P09411,card,****8851,ICICI
P09412,wallet,upi_160561,KOTAK
P09413,card,****4098,HDFC
P09414,upi,upi_680996,KOTAK
P09415,card,****7389,SBI
P09416,card,****2355,AXIS
P09417,upi,upi_880356,KOTAK
P09418,upi,upi_882355,KOTAK
P09419,wallet,upi_968881,SBI
P09420,upi,upi_380128,HDFC
P09421,wallet,upi_689266,KOTAK
P09422,upi,upi_878498,KOTAK
P09423,card,****1392,ICICI
P09424,card,****1551,AXIS
P09425,wallet,upi_489800,AXIS
P09426,card,****6607,ICICI
P09427,upi,upi_749397,KOTAK
P09428,card,****3034,SBI
P09429,card,****4386,HDFC
P09430,card,****7589,AXIS
P09431,card,****4587,HDFC
P09432,wallet,upi_962475,ICICI
P09433,card,****6869,AXIS
P09434,upi,upi_377597,HDFC
P09435,card,****1480,AXIS
P09436,wallet,upi_773885,KOTAK
P09437,card,****6787,SBI
P09438,card,****3949,AXIS
P09439,card,****3676,HDFC
P09440,card,****3391,KOTAK
P09441,upi,upi_325445,HDFC
P09442,wallet,upi_442211,HDFC
P09443,card,****5787,ICICI
P09444,card,****2284,KOTAK
P09445,card,****1638,AXIS
P09446,wallet,upi_232451,HDFC
P09447,upi,upi_654010,HDFC
P09448,wallet,upi_134112,KOTAK
P09449,card,****1916,SBI
P09450,upi,upi_656465,SBI
P09451,wallet,upi_570063,ICICI
P09452,wallet,upi_476350,AXIS
P09453,upi,upi_729148,AXIS
P09454,card,****9608,ICICI
P09455,upi,upi_971395,SBI
P09456,wallet,upi_812936,SBI
P09457,card,****9622,HDFC
P09458,upi,upi_999700,HDFC
P09459,wallet,upi_264431,AXIS
P09460,card,****4076,KOTAK
P09461,card,****8153,SBI
P09462,card,****6816,HDFC
P09463,wallet,upi_459971,ICICI
P09464,upi,upi_482866,AXIS
P09465,wallet,upi_539146,KOTAK
P09466,wallet,upi_793510,HDFC
P09467,upi,upi_454888,KOTAK
P09468,card,****4992,HDFC
P09469,wallet,upi_229953,KOTAK
P09470,upi,upi_863290,KOTAK
P09471,upi,upi_986011,SBI
P09472,upi,upi_877772,KOTAK
P09473,upi,upi_506512,HDFC
P09474,wallet,upi_938029,SBI
P09475,card,****5819,KOTAK
P09476,wallet,upi_395409,KOTAK
P09477,wallet,upi_220721,SBI
P09478,wallet,upi_131928,KOTAK
P09479,wallet,upi_242847,SBI
P09480,upi,upi_527003,SBI
P09481,card,****4888,SBI
P09482,card,****8268,AXIS
P09483,wallet,upi_478653,SBI
P09484,upi,upi_730544,ICICI
P09485,upi,upi_448799,KOTAK
P09486,wallet,upi_181582,HDFC
P09487,wallet,upi_893386,ICICI
P09488,wallet,upi_259953,AXIS
P09489,upi,upi_913657,SBI
P09490,upi,upi_568742,AXIS
P09491,wallet,upi_620778,AXIS
P09492,upi,upi_490179,KOTAK
P09493,card,****7061,SBI
P09494,wallet,upi_223178,ICICI
P09495,card,****9426,AXIS
P09496,card,****5726,KOTAK
P09497,card,****8905,KOTAK
P09498,upi,upi_745602,HDFC
P09499,card,****9084,HDFC
P09500,wallet,upi_398868,SBI
P09501,upi,upi_728983,SBI
P09502,wallet,upi_972549,SBI
P09503,wallet,upi_821408,AXIS
P09504,upi,upi_378031,HDFC
P09505,upi,upi_547082,ICICI
P09506,card,****6585,AXIS
P09507,wallet,upi_986523,AXIS
P09508,card,****3523,SBI
P09509,upi,upi_714594,ICICI
P09510,upi,upi_131323,ICICI
P09511,upi,upi_551858,AXIS
P09512,upi,upi_754379,HDFC
P09513,upi,upi_415753,HDFC
P09514,card,****3507,AXIS
P09515,card,****8908,AXIS
P09516,upi,upi_306930,HDFC
P09517,upi,upi_956724,SBI
P09518,card,****4308,SBI
P09519,card,****9133,HDFC
P09520,card,****6553,SBI
P09521,upi,upi_452730,KOTAK
P09522,card,****5747,SBI
P09523,upi,upi_752724,SBI
P09524,upi,upi_556278,ICICI
P09525,card,****7946,KOTAK
P09526,wallet,upi_325118,ICICI
P09527,upi,upi_932917,AXIS
P09528,wallet,upi_901415,AXIS
P09529,upi,upi_633698,HDFC
P09530,wallet,upi_960222,KOTAK
P09531,upi,upi_895478,HDFC
P09532,upi,upi_942565,KOTAK
P09533,card,****1491,KOTAK
P09534,upi,upi_896007,HDFC
P09535,upi,upi_310683,HDFC
P09536,upi,upi_193107,SBI
P09537,upi,upi_813548,AXIS
P09538,wallet,upi_436655,ICICI
P09539,card,****8484,KOTAK
P09540,card,****4654,AXIS
P09541,wallet,upi_502354,HDFC
P09542,wallet,upi_814761,ICICI
P09543,card,****7885,HDFC
P09544,wallet,upi_703721,KOTAK
P09545,wallet,upi_672859,SBI
P09546,wallet,upi_812210,HDFC
P09547,card,****1547,SBI
P09548,upi,upi_928433,KOTAK
P09549,card,****2282,HDFC
P09550,card,****7052,ICICI
P09551,card,****1716,ICICI
P09552,upi,upi_398881,HDFC
P09553,card,****4110,ICICI
P09554,wallet,upi_327680,KOTAK
P09555,upi,upi_354797,AXIS
P09556,wallet,upi_144632,ICICI
P09557,card,****4869,KOTAK
P09558,wallet,upi_767189,AXIS
P09559,wallet,upi_277796,HDFC
P09560,wallet,upi_658152,KOTAK
P09561,card,****9654,SBI
P09562,upi,upi_571643,KOTAK
P09563,card,****7753,AXIS
P09564,upi,upi_523814,ICICI
P09565,wallet,upi_386228,ICICI
P09566,wallet,upi_108285,KOTAK
P09567,card,****5898,KOTAK
P09568,wallet,upi_197208,ICICI
P09569,upi,upi_295399,AXIS
P09570,upi,upi_406291,AXIS
P09571,upi,upi_256132,AXIS
P09572,upi,upi_388163,HDFC
P09573,upi,upi_585595,KOTAK
P09574,card,****3727,AXIS
P09575,wallet,upi_960284,AXIS
P09576,upi,upi_351257,AXIS
P09577,wallet,upi_923022,SBI
P09578,wallet,upi_197438,KOTAK
P09579,upi,upi_565176,SBI
P09580,upi,upi_738985,KOTAK
P09581,card,****6097,AXIS
P09582,wallet,upi_567522,HDFC
P09583,upi,upi_369739,AXIS
P09584,wallet,upi_327778,KOTAK
P09585,wallet,upi_837293,SBI
P09586,card,****2504,SBI
P09587,upi,upi_947339,AXIS
P09588,upi,upi_426057,ICICI
P09589,card,****5573,HDFC
P09590,card,****7207,KOTAK
P09591,card,****7144,SBI
P09592,wallet,upi_507477,AXIS
P09593,upi,upi_800104,KOTAK
P09594,card,****2994,KOTAK
P09595,card,****3279,KOTAK
P09596,card,****4981,ICICI
P09597,upi,upi_502347,KOTAK
P09598,upi,upi_244043,ICICI
P09599,card,****4711,AXIS
P09600,card,****4774,AXIS
P09601,wallet,upi_685102,SBI
P09602,card,****7337,HDFC
P09603,card,****9432,AXIS
P09604,upi,upi_415413,KOTAK
P09605,upi,upi_619855,KOTAK
P09606,card,****1843,SBI
P09607,upi,upi_443784,KOTAK
P09608,upi,upi_819832,SBI
P09609,wallet,upi_913231,AXIS
P09610,wallet,upi_518795,SBI
P09611,upi,upi_626821,AXIS
P09612,wallet,upi_809887,HDFC
P09613,card,****6776,SBI
P09614,card,****3158,AXIS
P09615,wallet,upi_884975,AXIS
P09616,wallet,upi_544962,SBI
P09617,wallet,upi_367856,KOTAK
P09618,upi,upi_325271,AXIS
P09619,card,****3713,AXIS
P09620,card,****7023,AXIS
P09621,card,****5183,AXIS
P09622,upi,upi_302252,SBI
P09623,upi,upi_286197,HDFC
P09624,card,****5781,ICICI
P09625,card,****9357,AXIS
P09626,upi,upi_362206,AXIS
P09627,wallet,upi_204597,SBI
P09628,card,****1830,ICICI
P09629,upi,upi_186845,KOTAK
P09630,card,****9645,SBI
P09631,wallet,upi_789330,HDFC
P09632,upi,upi_528708,SBI
P09633,wallet,upi_206201,ICICI
P09634,card,****6187,KOTAK
P09635,upi,upi_152074,KOTAK
P09636,card,****5310,ICICI
P09637,card,****4044,KOTAK
P09638,wallet,upi_598905,AXIS
P09639,upi,upi_844717,ICICI
P09640,card,****9027,KOTAK
P09641,wallet,upi_851477,HDFC
P09642,upi,upi_235116,ICICI
P09643,card,****9977,HDFC
P09644,card,****7589,HDFC
P09645,wallet,upi_939280,KOTAK
P09646,wallet,upi_181181,AXIS
P09647,card,****1625,SBI
P09648,card,****3079,KOTAK
P09649,card,****9662,SBI
P09650,upi,upi_581430,SBI
P09651,wallet,upi_972292,AXIS
P09652,upi,upi_748161,KOTAK
P09653,card,****6468,ICICI
P09654,upi,upi_119865,ICICI
P09655,upi,upi_746364,KOTAK
P09656,upi,upi_200330,HDFC
P09657,upi,upi_326040,SBI
P09658,wallet,upi_961542,ICICI
P09659,card,****6113,HDFC
P09660,wallet,upi_607489,AXIS
P09661,wallet,upi_878056,SBI
P09662,card,****4618,HDFC
P09663,upi,upi_180541,HDFC
P09664,wallet,upi_887659,ICICI
P09665,card,****2781,AXIS
P09666,wallet,upi_716220,AXIS
P09667,upi,upi_455626,ICICI
P09668,upi,upi_215585,SBI
P09669,upi,upi_350826,ICICI
P09670,card,****5643,ICICI
P09671,card,****3068,AXIS
P09672,upi,upi_361001,HDFC
P09673,card,****7779,AXIS
P09674,upi,upi_468459,AXIS
P09675,card,****3875,ICICI
P09676,card,****7581,HDFC
P09677,upi,upi_473086,SBI
P09678,wallet,upi_123247,AXIS
P09679,card,****5104,AXIS
P09680,upi,upi_447872,SBI
P09681,card,****7897,AXIS
P09682,card,****1887,ICICI
P09683,upi,upi_759613,AXIS
P09684,wallet,upi_160233,ICICI
P09685,upi,upi_859193,SBI
P09686,card,****1126,HDFC
P09687,upi,upi_884677,AXIS
P09688,wallet,upi_611105,HDFC
P09689,upi,upi_707175,HDFC
P09690,upi,upi_584819,HDFC
P09691,card,****3913,HDFC
P09692,wallet,upi_647933,HDFC
P09693,upi,upi_575676,KOTAK
P09694,card,****3952,ICICI
P09695,upi,upi_938271,ICICI
P09696,wallet,upi_942491,ICICI
P09697,wallet,upi_342584,HDFC
P09698,wallet,upi_488576,SBI
P09699,wallet,upi_395568,KOTAK
P09700,wallet,upi_435200,HDFC
P09701,upi,upi_446918,AXIS
P09702,card,****8247,KOTAK
P09703,upi,upi_297494,ICICI
P09704,card,****9650,ICICI
P09705,card,****3423,SBI
P09706,card,****7487,SBI
P09707,upi,upi_886302,KOTAK
P09708,upi,upi_758589,SBI
P09709,wallet,upi_215730,KOTAK
P09710,card,****3337,HDFC
P09711,upi,upi_172167,HDFC
P09712,upi,upi_844588,SBI
P09713,wallet,upi_628927,HDFC
P09714,upi,upi_203312,HDFC
P09715,wallet,upi_332110,ICICI
P09716,upi,upi_510360,SBI
P09717,wallet,upi_359850,ICICI
P09718,upi,upi_312947,ICICI
P09719,card,****6172,AXIS
P09720,wallet,upi_909758,SBI
P09721,wallet,upi_417356,ICICI
P09722,upi,upi_834587,HDFC
P09723,card,****9851,SBI
P09724,card,****7645,SBI
P09725,card,****8386,AXIS
P09726,card,****3403,HDFC
P09727,upi,upi_111244,SBI
P09728,upi,upi_164474,HDFC
P09729,card,****6587,KOTAK
P09730,card,****4669,ICICI
P09731,wallet,upi_959576,KOTAK
P09732,wallet,upi_593565,HDFC
P09733,upi,upi_773126,KOTAK
P09734,upi,upi_499174,KOTAK
P09735,card,****8438,AXIS
P09736,wallet,upi_566039,SBI
P09737,card,****6809,KOTAK
P09738,card,****9086,ICICI
P09739,wallet,upi_911839,KOTAK
P09740,card,****1500,HDFC
P09741,card,****6687,SBI
P09742,wallet,upi_188040,AXIS
P09743,wallet,upi_906436,KOTAK
P09744,card,****5052,HDFC
P09745,upi,upi_717462,ICICI
P09746,upi,upi_401489,AXIS
P09747,card,****9505,KOTAK
P09748,wallet,upi_956289,SBI
P09749,wallet,upi_414549,HDFC
P09750,upi,upi_467405,SBI
P09751,upi,upi_968257,ICICI
P09752,wallet,upi_450275,KOTAK
P09753,card,****7039,AXIS
P09754,card,****9150,AXIS
P09755,upi,upi_107032,KOTAK
P09756,upi,upi_510997,ICICI
P09757,card,****8683,KOTAK
P09758,wallet,upi_435898,AXIS
P09759,card,****3986,AXIS
P09760,card,****3623,AXIS
P09761,card,****3108,AXIS
P09762,wallet,upi_958870,HDFC
P09763,card,****8145,KOTAK
P09764,card,****2925,HDFC
P09765,wallet,upi_926222,ICICI
P09766,upi,upi_979165,HDFC
P09767,wallet,upi_780896,HDFC
P09768,wallet,upi_391858,KOTAK
P09769,card,****2101,AXIS
P09770,card,****1802,ICICI
P09771,card,****9185,AXIS
P09772,wallet,upi_276253,KOTAK
P09773,card,****6647,KOTAK
P09774,upi,upi_587524,AXIS
P09775,upi,upi_923021,HDFC
P09776,card,****5547,KOTAK
P09777,upi,upi_240647,AXIS
P09778,wallet,upi_235729,HDFC
P09779,card,****6502,AXIS
P09780,wallet,upi_787905,KOTAK
P09781,upi,upi_420768,AXIS
P09782,card,****9042,AXIS
P09783,card,****6209,KOTAK
P09784,upi,upi_509304,KOTAK
P09785,wallet,upi_217512,KOTAK
P09786,card,****3446,HDFC
P09787,upi,upi_955590,HDFC
P09788,card,****7035,AXIS
P09789,card,****8529,SBI
P09790,wallet,upi_656423,KOTAK
P09791,card,****6762,HDFC
P09792,card,****9126,SBI
P09793,card,****7953,AXIS
P09794,wallet,upi_378589,KOTAK
P09795,upi,upi_770000,AXIS
P09796,card,****6949,KOTAK
P09797,card,****3141,HDFC
P09798,upi,upi_862250,AXIS
P09799,upi,upi_634345,AXIS
P09800,upi,upi_623371,AXIS
P09801,wallet,upi_350355,SBI
P09802,wallet,upi_753211,SBI
P09803,wallet,upi_676786,SBI
P09804,card,****9798,ICICI
P09805,upi,upi_505409,KOTAK
P09806,wallet,upi_718926,AXIS
P09807,card,****3907,SBI
P09808,card,****1591,HDFC
P09809,wallet,upi_309869,HDFC
P09810,wallet,upi_498423,SBI
P09811,upi,upi_771520,KOTAK
P09812,card,****3436,AXIS
P09813,upi,upi_217373,KOTAK
P09814,card,****7885,KOTAK
P09815,wallet,upi_298337,ICICI
P09816,upi,upi_350583,HDFC
P09817,card,****2250,ICICI
P09818,wallet,upi_601628,KOTAK
P09819,card,****1648,SBI
P09820,wallet,upi_512420,KOTAK
P09821,card,****9447,AXIS
P09822,upi,upi_343419,ICICI
P09823,upi,upi_984057,SBI
P09824,card,****7939,ICICI
P09825,card,****3224,KOTAK
P09826,wallet,upi_390209,KOTAK
P09827,upi,upi_365899,AXIS
P09828,wallet,upi_229908,HDFC
P09829,card,****3582,AXIS
P09830,wallet,upi_996001,KOTAK
P09831,card,****5757,SBI
P09832,card,****8406,ICICI
P09833,wallet,upi_273227,ICICI
P09834,card,****4621,HDFC
P09835,upi,upi_776110,AXIS
P09836,wallet,upi_552462,SBI
P09837,card,****5002,KOTAK
P09838,wallet,upi_390353,AXIS
P09839,upi,upi_977131,HDFC
P09840,upi,upi_441475,AXIS
P09841,wallet,upi_792234,AXIS
P09842,wallet,upi_605954,KOTAK
P09843,card,****8515,SBI
P09844,card,****2215,ICICI
P09845,wallet,upi_415902,ICICI
P09846,upi,upi_771863,SBI
P09847,card,****6730,ICICI
P09848,wallet,upi_829460,HDFC
P09849,card,****6413,AXIS
P09850,upi,upi_133195,KOTAK
P09851,card,****8527,ICICI
P09852,card,****5451,KOTAK
P09853,card,****4081,AXIS
P09854,wallet,upi_835921,SBI
P09855,upi,upi_774918,SBI
P09856,upi,upi_295510,KOTAK
P09857,upi,upi_306652,ICICI
P09858,wallet,upi_205297,AXIS
P09859,wallet,upi_495908,AXIS
P09860,card,****9533,KOTAK
P09861,upi,upi_440276,HDFC
P09862,upi,upi_700446,SBI
P09863,card,****5466,SBI
P09864,card,****1990,HDFC
P09865,card,****5912,ICICI
P09866,upi,upi_917387,KOTAK
P09867,upi,upi_373093,KOTAK
P09868,card,****6714,SBI
P09869,wallet,upi_257552,HDFC
P09870,card,****2749,KOTAK
P09871,card,****9272,KOTAK
P09872,wallet,upi_744824,AXIS
P09873,wallet,upi_752687,HDFC
P09874,card,****3549,KOTAK
P09875,card,****7057,AXIS
P09876,upi,upi_320344,KOTAK
P09877,upi,upi_935269,KOTAK
P09878,wallet,upi_181331,HDFC
P09879,card,****6323,AXIS
P09880,card,****4090,SBI
P09881,upi,upi_487376,AXIS
P09882,card,****2515,AXIS
P09883,upi,upi_982442,ICICI
P09884,upi,upi_296478,SBI
P09885,upi,upi_439040,SBI
P09886,upi,upi_270568,HDFC
P09887,card,****3022,ICICI
P09888,upi,upi_843491,SBI
P09889,upi,upi_753245,ICICI
P09890,card,****5095,KOTAK
P09891,upi,upi_104158,AXIS
P09892,card,****8287,ICICI
P09893,wallet,upi_409438,ICICI
P09894,upi,upi_503619,AXIS
P09895,card,****6579,SBI
P09896,upi,upi_818463,HDFC
P09897,wallet,upi_794148,HDFC
P09898,upi,upi_153187,ICICI
P09899,wallet,upi_651015,HDFC
P09900,card,****8233,KOTAK
P09901,upi,upi_213619,AXIS
P09902,card,****6526,ICICI
P09903,card,****5255,HDFC
P09904,wallet,upi_285934,HDFC
P09905,card,****3710,SBI
P09906,wallet,upi_211876,AXIS
P09907,upi,upi_518759,HDFC
P09908,upi,upi_639592,HDFC
P09909,wallet,upi_453826,AXIS
P09910,upi,upi_796734,HDFC
P09911,wallet,upi_867486,SBI
P09912,upi,upi_227765,ICICI
P09913,card,****4228,AXIS
P09914,upi,upi_477127,HDFC
P09915,card,****9485,SBI
P09916,wallet,upi_938991,HDFC
P09917,upi,upi_552035,SBI
P09918,wallet,upi_222235,AXIS
P09919,wallet,upi_742383,HDFC
P09920,wallet,upi_491339,AXIS
P09921,wallet,upi_278714,KOTAK
P09922,card,****6393,ICICI
P09923,wallet,upi_942000,SBI
P09924,wallet,upi_286941,ICICI
P09925,card,****2902,HDFC
P09926,wallet,upi_396894,ICICI
P09927,wallet,upi_711211,KOTAK
P09928,upi,upi_628248,HDFC
P09929,upi,upi_215509,SBI
P09930,card,****2377,ICICI
P09931,wallet,upi_479392,AXIS
P09932,wallet,upi_709307,ICICI
P09933,wallet,upi_226874,SBI
P09934,card,****7753,SBI
P09935,card,****1093,HDFC
P09936,card,****1500,HDFC
P09937,upi,upi_416639,HDFC
P09938,card,****1846,KOTAK
P09939,wallet,upi_778011,SBI
P09940,wallet,upi_422147,AXIS
P09941,wallet,upi_627639,KOTAK
P09942,wallet,upi_509997,AXIS
P09943,upi,upi_754564,SBI
P09944,wallet,upi_177702,KOTAK
P09945,card,****8591,ICICI
P09946,wallet,upi_230678,ICICI
P09947,wallet,upi_504315,AXIS
P09948,wallet,upi_442830,KOTAK
P09949,card,****7821,SBI
P09950,upi,upi_827553,KOTAK
P09951,card,****6134,ICICI
P09952,card,****2862,KOTAK
P09953,wallet,upi_126672,HDFC
P09954,card,****4124,HDFC
P09955,wallet,upi_429929,ICICI
P09956,card,****2676,SBI
P09957,upi,upi_969082,KOTAK
P09958,card,****4863,SBI
P09959,card,****9898,SBI
P09960,wallet,upi_112970,ICICI
P09961,card,****5125,AXIS
P09962,card,****7439,AXIS
P09963,card,****4976,ICICI
P09964,card,****3284,SBI
P09965,card,****5147,ICICI
P09966,card,****9796,AXIS
P09967,upi,upi_938694,HDFC
P09968,upi,upi_597116,AXIS
P09969,card,****6094,ICICI
P09970,wallet,upi_867286,ICICI
P09971,wallet,upi_765301,KOTAK
P09972,wallet,upi_617465,AXIS
P09973,wallet,upi_514333,AXIS
P09974,upi,upi_154325,KOTAK
P09975,wallet,upi_623456,AXIS
P09976,card,****2229,HDFC
P09977,upi,upi_781877,SBI
P09978,card,****5785,HDFC
P09979,card,****4950,ICICI
P09980,wallet,upi_137534,SBI
P09981,card,****1305,KOTAK
P09982,wallet,upi_616996,ICICI
P09983,upi,upi_937055,AXIS
P09984,card,****6646,SBI
P09985,card,****8082,SBI
P09986,upi,upi_167875,AXIS
P09987,wallet,upi_950209,KOTAK
P09988,wallet,upi_803502,ICICI
P09989,wallet,upi_286522,AXIS
P09990,upi,upi_889007,ICICI
P09991,wallet,upi_677668,SBI
P09992,wallet,upi_294280,ICICI
P09993,wallet,upi_789506,HDFC
P09994,wallet,upi_277481,KOTAK
P09995,wallet,upi_299988,AXIS
P09996,wallet,upi_301016,ICICI
P09997,upi,upi_675962,AXIS
P09998,wallet,upi_122378,AXIS
P09999,wallet,upi_141661,SBI
P10000,card,****4805,SBI
