refund_id,txn_id,requested_at,reason_code,approved
RF0000002,T0000002,2026-02-14 07:48:00,customer_request,True
RF0000017,T0000017,2026-03-02 10:30:00,customer_request,True
RF0000049,T0000049,2026-04-19 22:46:00,other,True
RF0000064,T0000064,2026-01-28 15:18:00,duplicate,True
RF0000084,T0000084,2026-08-01 12:14:00,customer_request,True
RF0000086,T0000086,2026-03-22 00:37:00,duplicate,True
RF0000094,T0000094,2026-06-01 19:25:00,customer_request,True
RF0000099,T0000099,2026-05-30 14:46:00,other,True
RF0000105,T0000105,2026-07-27 23:45:00,duplicate,True
RF0000107,T0000107,2026-07-26 10:51:00,product_issue,True
RF0000115,T0000115,2026-07-11 12:12:00,duplicate,True
RF0000121,T0000121,2026-07-24 08:49:00,customer_request,True
RF0000129,T0000129,2026-07-01 07:07:00,duplicate,True
RF0000157,T0000157,2026-05-24 15:11:00,customer_request,True
RF0000175,T0000175,2026-01-15 03:27:00,product_issue,True
RF0000178,T0000178,2026-06-23 05:10:00,other,True
RF0000193,T0000193,2026-06-28 01:07:00,other,True
RF0000196,T0000196,2026-01-15 20:38:00,customer_request,True
RF0000200,T0000200,2026-02-20 01:40:00,product_issue,True
RF0000202,T0000202,2026-06-19 21:57:00,customer_request,True
RF0000210,T0000210,2026-01-26 19:28:00,customer_request,True
RF0000216,T0000216,2026-03-25 19:24:00,duplicate,True
RF0000243,T0000243,2026-02-24 05:03:00,other,True
RF0000265,T0000265,2026-05-14 18:17:00,product_issue,True
RF0000274,T0000274,2026-03-27 23:41:00,product_issue,True
RF0000277,T0000277,2026-07-14 20:00:00,duplicate,True
RF0000287,T0000287,2026-01-29 19:08:00,customer_request,True
RF0000288,T0000288,2026-02-19 20:52:00,duplicate,True
RF0000290,T0000290,2026-06-18 15:01:00,product_issue,True
RF0000301,T0000301,2026-06-23 13:58:00,duplicate,True
RF0000309,T0000309,2026-03-16 02:56:00,product_issue,True
RF0000317,T0000317,2026-02-22 22:34:00,other,True
RF0000323,T0000323,2026-04-02 22:16:00,duplicate,True
RF0000338,T0000338,2026-07-14 20:12:00,duplicate,True
RF0000348,T0000348,2026-06-29 17:51:00,customer_request,True
RF0000383,T0000383,2026-03-12 17:54:00,duplicate,True
RF0000390,T0000390,2026-04-17 13:27:00,customer_request,True
RF0000401,T0000401,2026-07-21 07:55:00,product_issue,True
RF0000411,T0000411,2026-04-20 01:15:00,customer_request,True
RF0000418,T0000418,2026-05-08 07:57:00,product_issue,True
RF0000423,T0000423,2026-03-25 10:47:00,product_issue,True
RF0000440,T0000440,2026-03-07 13:35:00,other,True
RF0000443,T0000443,2026-05-02 03:33:00,customer_request,True
RF0000447,T0000447,2026-07-23 22:12:00,customer_request,True
RF0000456,T0000456,2026-03-16 09:39:00,product_issue,True
RF0000457,T0000457,2026-05-11 12:30:00,product_issue,True
RF0000491,T0000491,2026-04-08 00:54:00,other,True
RF0000530,T0000530,2026-06-22 22:25:00,product_issue,True
RF0000533,T0000533,2026-03-01 19:54:00,product_issue,True
RF0000547,T0000547,2026-07-03 17:11:00,product_issue,True
RF0000564,T0000564,2026-07-31 15:35:00,product_issue,True
RF0000567,T0000567,2026-03-22 10:07:00,duplicate,True
RF0000590,T0000590,2026-04-20 03:40:00,product_issue,True
RF0000607,T0000607,2026-07-13 12:33:00,customer_request,True
RF0000611,T0000611,2026-04-16 05:47:00,product_issue,True
RF0000624,T0000624,2026-05-10 18:47:00,customer_request,True
RF0000626,T0000626,2026-02-17 23:15:00,customer_request,True
RF0000630,T0000630,2026-01-19 08:05:00,product_issue,True
RF0000633,T0000633,2026-02-10 19:01:00,product_issue,True
RF0000663,T0000663,2026-04-30 11:11:00,other,True
RF0000668,T0000668,2026-01-07 12:40:00,product_issue,True
RF0000670,T0000670,2026-01-05 10:30:00,customer_request,True
RF0000673,T0000673,2026-02-11 05:36:00,duplicate,True
RF0000678,T0000678,2026-07-25 05:58:00,product_issue,True
RF0000685,T0000685,2026-05-09 09:47:00,other,True
RF0000688,T0000688,2026-05-03 05:16:00,product_issue,True
RF0000692,T0000692,2026-06-05 11:28:00,product_issue,True
RF0000693,T0000693,2026-01-13 06:05:00,product_issue,True
RF0000694,T0000694,2026-06-26 14:38:00,duplicate,True
RF0000707,T0000707,2026-03-13 21:09:00,customer_request,True
RF0000717,T0000717,2026-02-21 13:37:00,duplicate,True
RF0000729,T0000729,2026-02-26 00:59:00,duplicate,True
RF0000732,T0000732,2026-01-18 05:00:00,other,True
RF0000744,T0000744,2026-07-13 16:07:00,customer_request,True
RF0000747,T0000747,2026-04-18 02:27:00,duplicate,True
RF0000753,T0000753,2026-05-23 09:55:00,duplicate,True
RF0000772,T0000772,2026-03-06 16:56:00,duplicate,True
RF0000773,T0000773,2026-07-20 19:42:00,customer_request,True
RF0000776,T0000776,2026-03-30 10:15:00,duplicate,True
RF0000793,T0000793,2026-05-05 00:09:00,customer_request,True
RF0000794,T0000794,2026-04-08 12:46:00,duplicate,True
RF0000800,T0000800,2026-07-09 08:14:00,product_issue,True
RF0000804,T0000804,2026-07-19 10:19:00,other,True
RF0000813,T0000813,2026-01-04 03:43:00,duplicate,True
RF0000841,T0000841,2026-06-14 02:10:00,other,True
RF0000850,T0000850,2026-03-31 10:06:00,customer_request,True
RF0000851,T0000851,2026-02-05 10:19:00,customer_request,True
RF0000865,T0000865,2026-06-01 18:37:00,customer_request,True
RF0000872,T0000872,2026-07-27 02:33:00,other,True
RF0000880,T0000880,2026-03-27 02:39:00,customer_request,True
RF0000908,T0000908,2026-04-04 08:49:00,customer_request,True
RF0000924,T0000924,2026-04-22 13:22:00,other,True
RF0000928,T0000928,2026-02-06 23:00:00,other,True
RF0000929,T0000929,2026-03-06 09:14:00,duplicate,True
RF0000932,T0000932,2026-01-05 20:25:00,duplicate,True
RF0000935,T0000935,2026-04-12 20:10:00,other,True
RF0000937,T0000937,2026-03-23 05:32:00,customer_request,True
RF0000943,T0000943,2026-04-14 05:45:00,other,True
RF0000950,T0000950,2026-06-10 19:44:00,duplicate,True
RF0000968,T0000968,2026-01-14 01:12:00,other,True
RF0000969,T0000969,2026-04-05 19:50:00,customer_request,True
RF0000971,T0000971,2026-01-21 06:47:00,product_issue,True
RF0000999,T0000999,2026-01-12 14:07:00,duplicate,True
RF0001025,T0001025,2026-04-25 19:24:00,product_issue,True
RF0001034,T0001034,2026-04-10 16:07:00,other,True
RF0001041,T0001041,2026-06-28 06:53:00,product_issue,True
RF0001049,T0001049,2026-04-07 04:25:00,duplicate,True
RF0001070,T0001070,2026-06-19 15:10:00,product_issue,True
RF0001099,T0001099,2026-01-06 17:46:00,duplicate,True
RF0001108,T0001108,2026-06-17 19:36:00,duplicate,True
RF0001113,T0001113,2026-05-17 05:40:00,duplicate,True
RF0001115,T0001115,2026-01-26 16:05:00,customer_request,True
RF0001127,T0001127,2026-05-10 09:56:00,duplicate,True
RF0001132,T0001132,2026-03-04 03:04:00,customer_request,True
RF0001135,T0001135,2026-01-07 19:08:00,duplicate,True
RF0001137,T0001137,2026-01-31 14:57:00,duplicate,True
RF0001143,T0001143,2026-02-10 05:25:00,product_issue,True
RF0001148,T0001148,2026-05-08 13:01:00,duplicate,True
RF0001183,T0001183,2026-03-12 10:00:00,product_issue,True
RF0001185,T0001185,2026-01-30 23:36:00,other,True
RF0001192,T0001192,2026-05-22 20:31:00,duplicate,True
RF0001216,T0001216,2026-06-14 15:01:00,duplicate,True
RF0001224,T0001224,2026-05-19 06:19:00,duplicate,True
RF0001227,T0001227,2026-03-20 17:27:00,customer_request,True
RF0001239,T0001239,2026-03-23 19:13:00,other,True
RF0001243,T0001243,2026-04-26 03:46:00,customer_request,True
RF0001246,T0001246,2026-04-23 18:04:00,product_issue,True
RF0001261,T0001261,2026-07-21 16:08:00,other,True
RF0001264,T0001264,2026-06-05 05:18:00,duplicate,True
RF0001279,T0001279,2026-07-19 11:04:00,product_issue,True
RF0001282,T0001282,2026-02-28 23:10:00,duplicate,True
RF0001306,T0001306,2026-03-19 07:08:00,duplicate,True
RF0001317,T0001317,2026-05-26 21:26:00,customer_request,True
RF0001320,T0001320,2026-06-10 22:15:00,other,True
RF0001326,T0001326,2026-07-13 02:50:00,customer_request,True
RF0001335,T0001335,2026-01-27 00:44:00,customer_request,True
RF0001339,T0001339,2026-05-16 11:30:00,product_issue,True
RF0001341,T0001341,2026-04-25 19:20:00,other,True
RF0001350,T0001350,2026-07-08 18:49:00,duplicate,True
RF0001359,T0001359,2026-07-18 11:10:00,other,True
RF0001363,T0001363,2026-05-17 20:57:00,duplicate,True
RF0001370,T0001370,2026-05-27 11:22:00,duplicate,True
RF0001376,T0001376,2026-03-10 13:23:00,customer_request,True
RF0001380,T0001380,2026-06-24 11:24:00,duplicate,True
RF0001382,T0001382,2026-04-30 21:49:00,duplicate,True
RF0001389,T0001389,2026-07-28 09:48:00,product_issue,True
RF0001406,T0001406,2026-03-14 14:26:00,customer_request,True
RF0001418,T0001418,2026-05-25 02:21:00,customer_request,True
RF0001433,T0001433,2026-01-21 18:52:00,customer_request,True
RF0001440,T0001440,2026-07-14 15:19:00,duplicate,True
RF0001442,T0001442,2026-05-24 08:32:00,customer_request,True
RF0001459,T0001459,2026-07-16 18:56:00,customer_request,True
RF0001467,T0001467,2026-02-05 10:00:00,product_issue,True
RF0001471,T0001471,2026-07-27 18:14:00,duplicate,True
RF0001472,T0001472,2026-05-25 02:00:00,product_issue,True
RF0001488,T0001488,2026-07-20 16:36:00,customer_request,True
RF0001530,T0001530,2026-06-25 09:07:00,other,True
RF0001560,T0001560,2026-02-04 21:36:00,customer_request,True
RF0001595,T0001595,2026-07-27 12:13:00,duplicate,True
RF0001597,T0001597,2026-05-18 04:37:00,customer_request,True
RF0001611,T0001611,2026-07-20 14:37:00,product_issue,True
RF0001615,T0001615,2026-06-08 03:10:00,other,True
RF0001634,T0001634,2026-06-27 00:22:00,customer_request,True
RF0001645,T0001645,2026-01-30 17:21:00,product_issue,True
RF0001646,T0001646,2026-06-10 11:06:00,other,True
RF0001667,T0001667,2026-05-18 17:20:00,duplicate,True
RF0001676,T0001676,2026-03-11 14:22:00,other,True
RF0001678,T0001678,2026-04-12 05:26:00,duplicate,True
RF0001690,T0001690,2026-01-31 02:19:00,other,True
RF0001708,T0001708,2026-06-12 02:01:00,customer_request,True
RF0001715,T0001715,2026-07-12 00:26:00,duplicate,True
RF0001717,T0001717,2026-06-15 14:37:00,product_issue,True
RF0001738,T0001738,2026-02-16 12:46:00,duplicate,True
RF0001744,T0001744,2026-03-16 00:25:00,customer_request,True
RF0001756,T0001756,2026-03-22 23:12:00,duplicate,True
RF0001760,T0001760,2026-02-04 18:34:00,customer_request,True
RF0001765,T0001765,2026-07-02 19:36:00,product_issue,True
RF0001793,T0001793,2026-02-27 12:30:00,duplicate,True
RF0001814,T0001814,2026-03-21 05:55:00,other,True
RF0001816,T0001816,2026-03-14 12:59:00,duplicate,True
RF0001817,T0001817,2026-03-27 23:18:00,customer_request,True
RF0001827,T0001827,2026-03-09 15:15:00,product_issue,True
RF0001849,T0001849,2026-07-12 12:11:00,customer_request,True
RF0001853,T0001853,2026-03-30 13:31:00,duplicate,True
RF0001865,T0001865,2026-06-26 22:28:00,other,True
RF0001871,T0001871,2026-05-26 00:37:00,customer_request,True
RF0001879,T0001879,2026-02-01 19:12:00,product_issue,True
RF0001891,T0001891,2026-03-06 15:30:00,other,True
RF0001892,T0001892,2026-01-09 01:00:00,customer_request,True
RF0001915,T0001915,2026-02-13 03:31:00,product_issue,True
RF0001917,T0001917,2026-02-19 19:19:00,duplicate,True
RF0001921,T0001921,2026-06-21 12:29:00,other,True
RF0001936,T0001936,2026-04-01 06:46:00,duplicate,True
RF0001946,T0001946,2026-04-21 16:14:00,duplicate,True
RF0001994,T0001994,2026-05-12 13:49:00,customer_request,True
RF0002002,T0002002,2026-04-17 09:41:00,customer_request,True
RF0002006,T0002006,2026-01-19 06:43:00,other,True
RF0002020,T0002020,2026-06-09 03:48:00,duplicate,True
RF0002023,T0002023,2026-03-29 00:27:00,customer_request,True
RF0002060,T0002060,2026-07-07 21:03:00,customer_request,True
RF0002073,T0002073,2026-06-27 22:41:00,duplicate,True
RF0002093,T0002093,2026-05-05 02:31:00,product_issue,True
RF0002099,T0002099,2026-07-26 23:49:00,duplicate,True
RF0002104,T0002104,2026-02-01 09:44:00,customer_request,True
RF0002120,T0002120,2026-04-14 17:53:00,customer_request,True
RF0002126,T0002126,2026-02-10 04:20:00,duplicate,True
RF0002131,T0002131,2026-02-02 07:41:00,product_issue,True
RF0002140,T0002140,2026-01-19 17:20:00,product_issue,True
RF0002162,T0002162,2026-02-12 10:01:00,customer_request,True
RF0002171,T0002171,2026-02-17 02:00:00,product_issue,True
RF0002177,T0002177,2026-01-27 05:40:00,customer_request,True
RF0002179,T0002179,2026-06-01 17:01:00,duplicate,True
RF0002189,T0002189,2026-07-09 07:13:00,product_issue,True
RF0002190,T0002190,2026-01-05 04:21:00,product_issue,True
RF0002192,T0002192,2026-01-16 17:11:00,customer_request,True
RF0002206,T0002206,2026-06-14 03:02:00,customer_request,True
RF0002213,T0002213,2026-01-09 13:47:00,other,True
RF0002218,T0002218,2026-04-26 23:03:00,product_issue,True
RF0002241,T0002241,2026-07-20 23:59:00,other,True
RF0002256,T0002256,2026-01-04 22:19:00,other,True
RF0002258,T0002258,2026-07-28 12:06:00,product_issue,True
RF0002274,T0002274,2026-01-28 01:09:00,other,True
RF0002287,T0002287,2026-07-30 11:14:00,product_issue,True
RF0002294,T0002294,2026-05-20 03:59:00,duplicate,True
RF0002295,T0002295,2026-02-26 23:40:00,product_issue,True
RF0002296,T0002296,2026-04-16 01:44:00,other,True
RF0002299,T0002299,2026-03-23 11:43:00,product_issue,True
RF0002307,T0002307,2026-05-19 21:57:00,customer_request,True
RF0002323,T0002323,2026-04-22 17:39:00,other,True
RF0002354,T0002354,2026-04-05 04:48:00,duplicate,True
RF0002378,T0002378,2026-01-30 03:52:00,customer_request,True
RF0002410,T0002410,2026-02-06 14:41:00,customer_request,True
RF0002450,T0002450,2026-06-03 09:02:00,duplicate,True
RF0002454,T0002454,2026-06-15 15:44:00,other,True
RF0002456,T0002456,2026-04-10 07:36:00,customer_request,True
RF0002489,T0002489,2026-07-24 06:15:00,product_issue,True
RF0002497,T0002497,2026-06-01 03:56:00,other,True
RF0002518,T0002518,2026-04-10 16:03:00,other,True
RF0002522,T0002522,2026-05-09 23:14:00,product_issue,True
RF0002523,T0002523,2026-05-29 05:41:00,other,True
RF0002532,T0002532,2026-05-07 12:31:00,customer_request,True
RF0002545,T0002545,2026-06-07 07:28:00,customer_request,True
RF0002548,T0002548,2026-06-14 22:50:00,product_issue,True
RF0002549,T0002549,2026-04-09 15:50:00,product_issue,True
RF0002569,T0002569,2026-03-19 19:01:00,product_issue,True
RF0002579,T0002579,2026-07-28 08:09:00,duplicate,True
RF0002587,T0002587,2026-07-15 20:27:00,product_issue,True
RF0002604,T0002604,2026-07-31 01:13:00,customer_request,True
RF0002618,T0002618,2026-04-18 09:32:00,product_issue,True
RF0002621,T0002621,2026-06-12 22:09:00,product_issue,True
RF0002627,T0002627,2026-06-20 22:05:00,customer_request,True
RF0002658,T0002658,2026-01-26 04:29:00,product_issue,True
RF0002673,T0002673,2026-01-09 04:01:00,duplicate,True
RF0002675,T0002675,2026-05-23 22:52:00,duplicate,True
RF0002689,T0002689,2026-04-22 15:43:00,other,True
RF0002691,T0002691,2026-06-24 07:27:00,duplicate,True
RF0002711,T0002711,2026-05-12 19:09:00,product_issue,True
RF0002726,T0002726,2026-03-10 11:52:00,duplicate,True
RF0002770,T0002770,2026-02-13 07:28:00,customer_request,True
RF0002783,T0002783,2026-01-28 02:34:00,other,True
RF0002786,T0002786,2026-07-16 19:42:00,product_issue,True
RF0002798,T0002798,2026-05-02 23:05:00,other,True
RF0002807,T0002807,2026-06-07 07:35:00,duplicate,True
RF0002849,T0002849,2026-04-09 03:18:00,product_issue,True
RF0002862,T0002862,2026-02-25 18:47:00,duplicate,True
RF0002866,T0002866,2026-06-21 05:49:00,customer_request,True
RF0002873,T0002873,2026-07-31 21:35:00,other,True
RF0002877,T0002877,2026-07-30 00:16:00,other,True
RF0002883,T0002883,2026-05-15 08:51:00,duplicate,True
RF0002886,T0002886,2026-04-25 03:47:00,customer_request,True
RF0002903,T0002903,2026-02-05 04:10:00,duplicate,True
RF0002938,T0002938,2026-02-02 09:24:00,other,True
RF0002943,T0002943,2026-06-07 02:26:00,product_issue,True
RF0002947,T0002947,2026-05-05 03:35:00,product_issue,True
RF0002953,T0002953,2026-07-09 11:50:00,duplicate,True
RF0002956,T0002956,2026-03-15 10:40:00,other,True
RF0002962,T0002962,2026-06-16 10:37:00,other,True
RF0002964,T0002964,2026-02-13 08:47:00,duplicate,True
RF0002984,T0002984,2026-03-25 20:50:00,customer_request,True
RF0003000,T0003000,2026-05-30 21:26:00,duplicate,True
RF0003004,T0003004,2026-02-16 23:09:00,customer_request,True
RF0003007,T0003007,2026-01-04 10:16:00,duplicate,True
RF0003010,T0003010,2026-03-18 22:01:00,customer_request,True
RF0003017,T0003017,2026-04-10 22:16:00,duplicate,True
RF0003023,T0003023,2026-04-27 12:21:00,duplicate,True
RF0003027,T0003027,2026-06-10 08:31:00,customer_request,True
RF0003039,T0003039,2026-01-11 20:48:00,product_issue,True
RF0003042,T0003042,2026-03-28 23:40:00,customer_request,True
RF0003058,T0003058,2026-06-23 07:10:00,customer_request,True
RF0003059,T0003059,2026-01-25 17:45:00,other,True
RF0003067,T0003067,2026-06-10 10:12:00,duplicate,True
RF0003088,T0003088,2026-01-15 12:26:00,duplicate,True
RF0003108,T0003108,2026-02-14 00:17:00,product_issue,True
RF0003117,T0003117,2026-07-04 07:39:00,customer_request,True
RF0003132,T0003132,2026-06-06 01:27:00,other,True
RF0003166,T0003166,2026-01-29 03:24:00,other,True
RF0003186,T0003186,2026-02-16 06:11:00,other,True
RF0003187,T0003187,2026-05-04 11:27:00,duplicate,True
RF0003189,T0003189,2026-04-14 05:53:00,other,True
RF0003196,T0003196,2026-02-19 21:06:00,duplicate,True
RF0003218,T0003218,2026-05-14 04:48:00,duplicate,True
RF0003223,T0003223,2026-04-14 21:10:00,other,True
RF0003224,T0003224,2026-03-18 00:36:00,product_issue,True
RF0003228,T0003228,2026-06-12 20:47:00,customer_request,True
RF0003234,T0003234,2026-05-16 13:43:00,customer_request,True
RF0003242,T0003242,2026-03-18 15:17:00,other,True
RF0003251,T0003251,2026-01-02 16:43:00,duplicate,True
RF0003258,T0003258,2026-06-21 03:25:00,other,True
RF0003262,T0003262,2026-04-29 02:18:00,customer_request,True
RF0003274,T0003274,2026-04-19 06:48:00,other,True
RF0003305,T0003305,2026-01-26 11:53:00,customer_request,True
RF0003309,T0003309,2026-05-03 16:12:00,duplicate,True
RF0003312,T0003312,2026-06-27 04:45:00,customer_request,True
RF0003332,T0003332,2026-07-15 03:14:00,other,True
RF0003349,T0003349,2026-06-06 03:50:00,customer_request,True
RF0003356,T0003356,2026-01-24 14:28:00,duplicate,True
RF0003357,T0003357,2026-04-16 05:31:00,duplicate,True
RF0003364,T0003364,2026-05-22 23:07:00,product_issue,True
RF0003371,T0003371,2026-07-13 19:38:00,product_issue,True
RF0003373,T0003373,2026-07-18 01:56:00,duplicate,True
RF0003374,T0003374,2026-02-24 10:15:00,customer_request,True
RF0003389,T0003389,2026-05-10 07:29:00,customer_request,True
RF0003392,T0003392,2026-01-22 06:33:00,customer_request,True
RF0003405,T0003405,2026-02-16 17:28:00,customer_request,True
RF0003407,T0003407,2026-03-13 21:05:00,duplicate,True
RF0003416,T0003416,2026-02-05 10:03:00,duplicate,True
RF0003418,T0003418,2026-04-26 14:25:00,other,True
RF0003421,T0003421,2026-02-14 05:17:00,duplicate,True
RF0003422,T0003422,2026-02-21 13:59:00,duplicate,True
RF0003429,T0003429,2026-06-19 18:14:00,product_issue,True
RF0003442,T0003442,2026-03-15 14:06:00,customer_request,True
RF0003451,T0003451,2026-03-22 06:41:00,product_issue,True
RF0003463,T0003463,2026-04-08 23:08:00,other,True
RF0003481,T0003481,2026-06-26 10:41:00,customer_request,True
RF0003500,T0003500,2026-05-18 19:06:00,duplicate,True
RF0003502,T0003502,2026-01-28 06:48:00,customer_request,True
RF0003518,T0003518,2026-04-01 01:42:00,product_issue,True
RF0003545,T0003545,2026-06-09 11:33:00,product_issue,True
RF0003571,T0003571,2026-05-06 22:29:00,duplicate,True
RF0003585,T0003585,2026-07-20 05:51:00,duplicate,True
RF0003599,T0003599,2026-07-04 23:36:00,other,True
RF0003606,T0003606,2026-05-03 08:40:00,customer_request,True
RF0003609,T0003609,2026-03-17 19:39:00,product_issue,True
RF0003611,T0003611,2026-01-13 08:27:00,other,True
RF0003621,T0003621,2026-03-04 09:13:00,other,True
RF0003635,T0003635,2026-07-24 05:23:00,customer_request,True
RF0003636,T0003636,2026-02-13 05:24:00,duplicate,True
RF0003671,T0003671,2026-06-21 18:45:00,duplicate,True
RF0003677,T0003677,2026-07-30 11:07:00,customer_request,True
RF0003694,T0003694,2026-05-14 10:05:00,other,True
RF0003705,T0003705,2026-05-07 13:27:00,duplicate,True
RF0003724,T0003724,2026-05-21 21:19:00,other,True
RF0003731,T0003731,2026-04-09 09:18:00,customer_request,True
RF0003738,T0003738,2026-01-22 14:26:00,customer_request,True
RF0003749,T0003749,2026-01-17 17:46:00,customer_request,True
RF0003773,T0003773,2026-02-17 03:50:00,other,True
RF0003780,T0003780,2026-02-05 04:24:00,duplicate,True
RF0003781,T0003781,2026-05-22 05:10:00,customer_request,True
RF0003811,T0003811,2026-05-08 03:09:00,customer_request,True
RF0003814,T0003814,2026-07-22 09:41:00,customer_request,True
RF0003831,T0003831,2026-03-28 17:53:00,customer_request,True
RF0003865,T0003865,2026-05-11 05:20:00,other,True
RF0003866,T0003866,2026-05-18 22:21:00,duplicate,True
RF0003869,T0003869,2026-05-05 18:25:00,product_issue,True
RF0003883,T0003883,2026-04-23 19:54:00,other,True
RF0003904,T0003904,2026-07-11 17:18:00,other,True
RF0003920,T0003920,2026-04-07 06:39:00,customer_request,True
RF0003923,T0003923,2026-02-22 19:49:00,customer_request,True
RF0003925,T0003925,2026-03-15 10:44:00,other,True
RF0003932,T0003932,2026-02-05 01:04:00,product_issue,True
RF0003950,T0003950,2026-01-28 05:49:00,customer_request,True
RF0003966,T0003966,2026-01-21 10:39:00,duplicate,True
RF0003967,T0003967,2026-05-18 13:56:00,other,True
RF0003969,T0003969,2026-03-27 00:33:00,duplicate,True
RF0003974,T0003974,2026-04-04 05:55:00,duplicate,True
RF0003980,T0003980,2026-04-26 01:28:00,duplicate,True
RF0003984,T0003984,2026-03-31 16:56:00,product_issue,True
RF0003988,T0003988,2026-01-04 12:32:00,duplicate,True
RF0003993,T0003993,2026-05-14 01:35:00,other,True
RF0003999,T0003999,2026-04-02 09:03:00,customer_request,True
RF0004007,T0004007,2026-06-11 09:52:00,duplicate,True
RF0004015,T0004015,2026-05-02 09:10:00,product_issue,True
RF0004017,T0004017,2026-03-03 03:23:00,product_issue,True
RF0004027,T0004027,2026-06-24 06:46:00,product_issue,True
RF0004030,T0004030,2026-03-28 05:04:00,product_issue,True
RF0004046,T0004046,2026-02-24 06:53:00,duplicate,True
RF0004052,T0004052,2026-03-11 19:04:00,duplicate,True
RF0004069,T0004069,2026-03-22 21:59:00,customer_request,True
RF0004091,T0004091,2026-05-18 17:08:00,customer_request,True
RF0004093,T0004093,2026-01-18 09:17:00,other,True
RF0004094,T0004094,2026-02-15 16:38:00,customer_request,True
RF0004132,T0004132,2026-01-19 14:41:00,product_issue,True
RF0004135,T0004135,2026-03-18 18:24:00,product_issue,True
RF0004136,T0004136,2026-05-14 13:09:00,product_issue,True
RF0004142,T0004142,2026-03-31 13:45:00,other,True
RF0004143,T0004143,2026-01-26 21:50:00,customer_request,True
RF0004148,T0004148,2026-04-09 07:33:00,customer_request,True
RF0004151,T0004151,2026-02-09 21:30:00,duplicate,True
RF0004157,T0004157,2026-01-04 14:04:00,other,True
RF0004160,T0004160,2026-05-24 06:12:00,duplicate,True
RF0004165,T0004165,2026-03-15 00:58:00,product_issue,True
RF0004170,T0004170,2026-07-01 15:20:00,other,True
RF0004175,T0004175,2026-04-05 15:37:00,duplicate,True
RF0004176,T0004176,2026-03-13 07:35:00,duplicate,True
RF0004177,T0004177,2026-02-27 04:05:00,other,True
RF0004185,T0004185,2026-05-07 18:53:00,duplicate,True
RF0004195,T0004195,2026-05-08 11:13:00,customer_request,True
RF0004217,T0004217,2026-06-06 20:35:00,customer_request,True
RF0004223,T0004223,2026-04-09 14:54:00,duplicate,True
RF0004229,T0004229,2026-02-19 10:50:00,other,True
RF0004270,T0004270,2026-03-20 16:14:00,product_issue,True
RF0004272,T0004272,2026-04-07 01:11:00,product_issue,True
RF0004282,T0004282,2026-04-09 10:33:00,product_issue,True
RF0004288,T0004288,2026-03-12 19:37:00,customer_request,True
RF0004302,T0004302,2026-03-05 10:59:00,product_issue,True
RF0004305,T0004305,2026-01-24 10:23:00,duplicate,True
RF0004325,T0004325,2026-04-10 11:45:00,duplicate,True
RF0004327,T0004327,2026-03-28 07:48:00,product_issue,True
RF0004331,T0004331,2026-04-27 19:49:00,other,True
RF0004332,T0004332,2026-01-09 19:27:00,product_issue,True
RF0004349,T0004349,2026-03-11 21:11:00,duplicate,True
RF0004358,T0004358,2026-03-15 12:43:00,other,True
RF0004361,T0004361,2026-02-19 06:37:00,duplicate,True
RF0004363,T0004363,2026-03-01 02:50:00,customer_request,True
RF0004401,T0004401,2026-05-30 16:46:00,duplicate,True
RF0004403,T0004403,2026-03-04 09:02:00,customer_request,True
RF0004416,T0004416,2026-05-02 07:11:00,other,True
RF0004417,T0004417,2026-05-21 03:02:00,other,True
RF0004420,T0004420,2026-04-11 18:51:00,customer_request,True
RF0004433,T0004433,2026-07-22 13:16:00,product_issue,True
RF0004443,T0004443,2026-04-12 02:48:00,duplicate,True
RF0004458,T0004458,2026-02-08 03:13:00,product_issue,True
RF0004475,T0004475,2026-02-07 21:26:00,duplicate,True
RF0004484,T0004484,2026-06-01 20:32:00,customer_request,True
RF0004501,T0004501,2026-07-07 16:00:00,duplicate,True
RF0004506,T0004506,2026-05-13 16:16:00,customer_request,True
RF0004512,T0004512,2026-06-15 10:15:00,other,True
RF0004514,T0004514,2026-06-09 01:09:00,product_issue,True
RF0004517,T0004517,2026-04-29 06:54:00,product_issue,True
RF0004524,T0004524,2026-02-02 22:41:00,other,True
RF0004527,T0004527,2026-05-27 12:32:00,duplicate,True
RF0004545,T0004545,2026-02-18 07:11:00,product_issue,True
RF0004546,T0004546,2026-07-26 09:24:00,product_issue,True
RF0004551,T0004551,2026-04-28 19:52:00,other,True
RF0004559,T0004559,2026-04-06 21:12:00,duplicate,True
RF0004562,T0004562,2026-05-27 05:15:00,customer_request,True
RF0004617,T0004617,2026-07-17 13:33:00,duplicate,True
RF0004639,T0004639,2026-04-16 19:33:00,customer_request,True
RF0004641,T0004641,2026-04-17 02:13:00,product_issue,True
RF0004647,T0004647,2026-02-14 11:37:00,product_issue,True
RF0004660,T0004660,2026-06-19 16:40:00,other,True
RF0004672,T0004672,2026-04-10 17:45:00,product_issue,True
RF0004683,T0004683,2026-03-02 04:51:00,duplicate,True
RF0004689,T0004689,2026-03-30 07:53:00,customer_request,True
RF0004692,T0004692,2026-06-08 22:21:00,duplicate,True
RF0004701,T0004701,2026-07-09 03:47:00,customer_request,True
RF0004722,T0004722,2026-03-28 11:03:00,customer_request,True
RF0004725,T0004725,2026-01-08 20:36:00,product_issue,True
RF0004739,T0004739,2026-05-22 22:23:00,duplicate,True
RF0004741,T0004741,2026-02-19 06:34:00,customer_request,True
RF0004752,T0004752,2026-06-27 22:26:00,customer_request,True
RF0004765,T0004765,2026-02-28 20:07:00,other,True
RF0004775,T0004775,2026-06-22 20:06:00,other,True
RF0004776,T0004776,2026-06-11 01:55:00,duplicate,True
RF0004797,T0004797,2026-03-05 22:42:00,customer_request,True
RF0004812,T0004812,2026-02-06 21:05:00,duplicate,True
RF0004830,T0004830,2026-05-25 11:49:00,other,True
RF0004839,T0004839,2026-06-15 02:26:00,other,True
RF0004856,T0004856,2026-03-10 07:54:00,other,True
RF0004867,T0004867,2026-01-20 19:04:00,product_issue,True
RF0004871,T0004871,2026-05-08 05:21:00,duplicate,True
RF0004873,T0004873,2026-06-13 16:27:00,product_issue,True
RF0004878,T0004878,2026-05-19 21:25:00,customer_request,True
RF0004881,T0004881,2026-02-14 11:40:00,duplicate,True
RF0004900,T0004900,2026-02-27 04:05:00,product_issue,True
RF0004912,T0004912,2026-02-13 03:06:00,product_issue,True
RF0004914,T0004914,2026-02-09 09:06:00,other,True
RF0004918,T0004918,2026-02-05 14:23:00,product_issue,True
RF0004943,T0004943,2026-06-05 12:51:00,product_issue,True
RF0004950,T0004950,2026-02-03 10:24:00,other,True
RF0004987,T0004987,2026-02-06 21:16:00,other,True
RF0005000,T0005000,2026-01-28 01:58:00,other,True
RF0005004,T0005004,2026-03-30 19:45:00,other,True
RF0005009,T0005009,2026-06-13 01:56:00,product_issue,True
RF0005017,T0005017,2026-01-11 01:50:00,product_issue,True
RF0005033,T0005033,2026-02-17 17:28:00,other,True
RF0005041,T0005041,2026-01-08 13:25:00,product_issue,True
RF0005048,T0005048,2026-06-14 07:41:00,product_issue,True
RF0005051,T0005051,2026-06-20 15:47:00,other,True
RF0005057,T0005057,2026-03-16 12:20:00,duplicate,True
RF0005060,T0005060,2026-02-26 21:47:00,customer_request,True
RF0005070,T0005070,2026-02-13 15:59:00,duplicate,True
RF0005110,T0005110,2026-07-24 17:24:00,other,True
RF0005117,T0005117,2026-05-05 15:19:00,other,True
RF0005124,T0005124,2026-07-01 05:08:00,duplicate,True
RF0005146,T0005146,2026-06-27 14:18:00,product_issue,True
RF0005148,T0005148,2026-01-14 00:34:00,other,True
RF0005155,T0005155,2026-06-16 19:43:00,customer_request,True
RF0005187,T0005187,2026-06-28 07:08:00,other,True
RF0005191,T0005191,2026-02-20 16:05:00,other,True
RF0005214,T0005214,2026-06-20 06:37:00,customer_request,True
RF0005216,T0005216,2026-04-12 23:55:00,customer_request,True
RF0005222,T0005222,2026-08-01 02:34:00,other,True
RF0005229,T0005229,2026-05-19 16:35:00,other,True
RF0005242,T0005242,2026-01-18 00:12:00,duplicate,True
RF0005266,T0005266,2026-02-24 07:24:00,customer_request,True
RF0005309,T0005309,2026-06-19 05:38:00,duplicate,True
RF0005317,T0005317,2026-04-07 11:34:00,product_issue,True
RF0005324,T0005324,2026-05-04 04:54:00,other,True
RF0005328,T0005328,2026-02-10 05:29:00,product_issue,True
RF0005330,T0005330,2026-07-26 18:02:00,customer_request,True
RF0005341,T0005341,2026-06-07 15:07:00,customer_request,True
RF0005368,T0005368,2026-06-03 02:42:00,other,True
RF0005382,T0005382,2026-05-02 18:37:00,customer_request,True
RF0005417,T0005417,2026-03-15 07:20:00,duplicate,True
RF0005424,T0005424,2026-03-29 12:30:00,customer_request,True
RF0005431,T0005431,2026-01-23 04:58:00,duplicate,True
RF0005440,T0005440,2026-05-17 14:59:00,product_issue,True
RF0005457,T0005457,2026-06-08 00:52:00,duplicate,True
RF0005479,T0005479,2026-05-25 01:20:00,product_issue,True
RF0005486,T0005486,2026-07-12 19:07:00,duplicate,True
RF0005487,T0005487,2026-04-01 19:55:00,other,True
RF0005494,T0005494,2026-04-11 21:27:00,duplicate,True
RF0005506,T0005506,2026-05-08 23:45:00,other,True
RF0005526,T0005526,2026-03-23 08:38:00,other,True
RF0005532,T0005532,2026-06-17 23:57:00,other,True
RF0005544,T0005544,2026-03-02 21:04:00,duplicate,True
RF0005548,T0005548,2026-06-17 11:02:00,other,True
RF0005565,T0005565,2026-01-18 06:14:00,product_issue,True
RF0005591,T0005591,2026-05-03 13:18:00,customer_request,True
RF0005592,T0005592,2026-02-25 14:02:00,duplicate,True
RF0005605,T0005605,2026-06-23 21:34:00,other,True
RF0005615,T0005615,2026-02-20 16:04:00,customer_request,True
RF0005627,T0005627,2026-07-29 00:25:00,other,True
RF0005630,T0005630,2026-05-23 22:25:00,customer_request,True
RF0005634,T0005634,2026-07-24 18:42:00,other,True
RF0005635,T0005635,2026-07-17 05:46:00,duplicate,True
RF0005642,T0005642,2026-05-23 16:07:00,product_issue,True
RF0005653,T0005653,2026-05-20 08:45:00,other,True
RF0005660,T0005660,2026-01-22 02:59:00,customer_request,True
RF0005664,T0005664,2026-02-06 01:07:00,customer_request,True
RF0005669,T0005669,2026-05-09 15:15:00,other,True
RF0005672,T0005672,2026-06-29 03:03:00,other,True
RF0005690,T0005690,2026-05-02 23:38:00,customer_request,True
RF0005696,T0005696,2026-06-06 01:13:00,product_issue,True
RF0005699,T0005699,2026-01-28 11:33:00,customer_request,True
RF0005709,T0005709,2026-01-10 20:43:00,product_issue,True
RF0005726,T0005726,2026-05-23 16:23:00,duplicate,True
RF0005731,T0005731,2026-02-16 20:41:00,duplicate,True
RF0005752,T0005752,2026-05-03 00:48:00,duplicate,True
RF0005761,T0005761,2026-06-13 10:36:00,other,True
RF0005767,T0005767,2026-06-25 00:20:00,customer_request,True
RF0005774,T0005774,2026-01-20 20:59:00,duplicate,True
RF0005786,T0005786,2026-03-18 08:54:00,duplicate,True
RF0005790,T0005790,2026-07-01 15:25:00,other,True
RF0005791,T0005791,2026-06-04 14:09:00,other,True
RF0005792,T0005792,2026-05-02 07:20:00,product_issue,True
RF0005794,T0005794,2026-01-24 04:16:00,other,True
RF0005815,T0005815,2026-06-09 23:29:00,customer_request,True
RF0005822,T0005822,2026-02-05 12:32:00,customer_request,True
RF0005825,T0005825,2026-06-27 05:50:00,duplicate,True
RF0005827,T0005827,2026-06-03 00:52:00,product_issue,True
RF0005831,T0005831,2026-05-07 12:47:00,product_issue,True
RF0005836,T0005836,2026-04-19 23:43:00,product_issue,True
RF0005842,T0005842,2026-03-28 06:17:00,customer_request,True
RF0005844,T0005844,2026-08-01 12:20:00,customer_request,True
RF0005852,T0005852,2026-02-07 15:16:00,product_issue,True
RF0005867,T0005867,2026-07-18 14:12:00,product_issue,True
RF0005869,T0005869,2026-06-01 11:36:00,customer_request,True
RF0005889,T0005889,2026-02-14 23:38:00,customer_request,True
RF0005892,T0005892,2026-07-15 20:25:00,product_issue,True
RF0005896,T0005896,2026-04-06 18:58:00,other,True
RF0005919,T0005919,2026-07-24 22:46:00,customer_request,True
RF0005920,T0005920,2026-02-13 21:15:00,customer_request,True
RF0005921,T0005921,2026-05-13 02:36:00,duplicate,True
RF0005959,T0005959,2026-05-25 03:21:00,duplicate,True
RF0005961,T0005961,2026-03-29 19:20:00,product_issue,True
RF0005972,T0005972,2026-06-06 08:49:00,other,True
RF0005974,T0005974,2026-01-23 12:12:00,customer_request,True
RF0005981,T0005981,2026-07-27 12:33:00,other,True
RF0005984,T0005984,2026-06-28 13:30:00,product_issue,True
RF0005995,T0005995,2026-04-11 02:29:00,product_issue,True
RF0005996,T0005996,2026-07-31 00:45:00,other,True
RF0005997,T0005997,2026-07-25 18:41:00,customer_request,True
RF0006006,T0006006,2026-06-07 17:14:00,other,True
RF0006010,T0006010,2026-06-12 09:12:00,customer_request,True
RF0006013,T0006013,2026-06-05 17:16:00,other,True
RF0006043,T0006043,2026-05-27 06:32:00,customer_request,True
RF0006045,T0006045,2026-05-09 04:08:00,product_issue,True
RF0006057,T0006057,2026-06-03 17:56:00,other,True
RF0006083,T0006083,2026-03-21 22:34:00,duplicate,True
RF0006091,T0006091,2026-03-01 09:48:00,product_issue,True
RF0006097,T0006097,2026-03-04 11:58:00,duplicate,True
RF0006122,T0006122,2026-01-07 10:17:00,product_issue,True
RF0006125,T0006125,2026-07-19 18:10:00,other,True
RF0006126,T0006126,2026-06-05 09:19:00,duplicate,True
RF0006132,T0006132,2026-07-15 21:51:00,duplicate,True
RF0006133,T0006133,2026-02-02 21:39:00,other,True
RF0006143,T0006143,2026-02-13 23:16:00,other,True
RF0006146,T0006146,2026-03-02 17:39:00,customer_request,True
RF0006159,T0006159,2026-02-28 23:51:00,other,True
RF0006166,T0006166,2026-03-05 17:33:00,product_issue,True
RF0006178,T0006178,2026-02-27 22:42:00,customer_request,True
RF0006180,T0006180,2026-07-27 14:02:00,duplicate,True
RF0006181,T0006181,2026-05-01 09:40:00,customer_request,True
RF0006193,T0006193,2026-01-16 05:11:00,product_issue,True
RF0006210,T0006210,2026-01-15 09:05:00,customer_request,True
RF0006212,T0006212,2026-05-11 02:59:00,duplicate,True
RF0006217,T0006217,2026-02-27 16:13:00,product_issue,True
RF0006240,T0006240,2026-04-23 15:24:00,product_issue,True
RF0006251,T0006251,2026-03-01 15:19:00,other,True
RF0006267,T0006267,2026-01-08 03:29:00,customer_request,True
RF0006270,T0006270,2026-06-20 11:00:00,other,True
RF0006274,T0006274,2026-04-02 12:09:00,product_issue,True
RF0006275,T0006275,2026-01-05 15:27:00,product_issue,True
RF0006277,T0006277,2026-02-02 15:20:00,duplicate,True
RF0006293,T0006293,2026-02-25 00:48:00,product_issue,True
RF0006307,T0006307,2026-01-08 21:17:00,customer_request,True
RF0006310,T0006310,2026-02-09 08:34:00,duplicate,True
RF0006311,T0006311,2026-04-10 06:45:00,customer_request,True
RF0006342,T0006342,2026-06-04 07:03:00,customer_request,True
RF0006343,T0006343,2026-02-23 09:49:00,product_issue,True
RF0006360,T0006360,2026-04-23 13:04:00,product_issue,True
RF0006368,T0006368,2026-02-08 04:12:00,other,True
RF0006376,T0006376,2026-06-06 16:40:00,other,True
RF0006386,T0006386,2026-02-19 09:32:00,duplicate,True
RF0006407,T0006407,2026-07-22 08:23:00,duplicate,True
RF0006411,T0006411,2026-06-01 18:45:00,other,True
RF0006416,T0006416,2026-06-27 04:03:00,other,True
RF0006422,T0006422,2026-04-21 18:02:00,duplicate,True
RF0006434,T0006434,2026-03-24 11:05:00,product_issue,True
RF0006474,T0006474,2026-06-21 17:50:00,duplicate,True
RF0006479,T0006479,2026-06-14 09:48:00,product_issue,True
RF0006483,T0006483,2026-01-19 22:01:00,product_issue,True
RF0006487,T0006487,2026-04-11 08:31:00,other,True
RF0006494,T0006494,2026-01-08 16:45:00,duplicate,True
RF0006495,T0006495,2026-04-03 08:51:00,other,True
RF0006504,T0006504,2026-05-31 21:21:00,customer_request,True
RF0006520,T0006520,2026-01-13 20:37:00,duplicate,True
RF0006521,T0006521,2026-01-11 13:55:00,duplicate,True
RF0006523,T0006523,2026-04-20 12:15:00,duplicate,True
RF0006529,T0006529,2026-02-24 10:45:00,customer_request,True
RF0006536,T0006536,2026-04-17 05:20:00,other,True
RF0006544,T0006544,2026-04-16 11:24:00,customer_request,True
RF0006562,T0006562,2026-05-28 06:42:00,duplicate,True
RF0006591,T0006591,2026-03-05 03:40:00,customer_request,True
RF0006603,T0006603,2026-03-01 21:33:00,other,True
RF0006608,T0006608,2026-06-06 15:28:00,customer_request,True
RF0006614,T0006614,2026-07-02 11:03:00,other,True
RF0006619,T0006619,2026-02-08 13:45:00,duplicate,True
RF0006633,T0006633,2026-03-26 09:49:00,customer_request,True
RF0006641,T0006641,2026-07-22 12:32:00,product_issue,True
RF0006673,T0006673,2026-02-08 05:22:00,customer_request,True
RF0006674,T0006674,2026-04-02 23:35:00,product_issue,True
RF0006679,T0006679,2026-06-13 15:29:00,other,True
RF0006688,T0006688,2026-06-17 10:20:00,duplicate,True
RF0006700,T0006700,2026-07-23 18:39:00,duplicate,True
RF0006716,T0006716,2026-01-16 22:06:00,duplicate,True
RF0006721,T0006721,2026-05-24 06:53:00,customer_request,True
RF0006734,T0006734,2026-04-22 11:23:00,customer_request,True
RF0006740,T0006740,2026-01-05 08:07:00,product_issue,True
RF0006746,T0006746,2026-04-02 12:57:00,duplicate,True
RF0006754,T0006754,2026-02-09 15:39:00,duplicate,True
RF0006760,T0006760,2026-05-31 18:59:00,customer_request,True
RF0006767,T0006767,2026-02-12 06:53:00,duplicate,True
RF0006773,T0006773,2026-07-06 07:24:00,product_issue,True
RF0006803,T0006803,2026-04-04 13:22:00,customer_request,True
RF0006806,T0006806,2026-05-25 04:09:00,duplicate,True
RF0006810,T0006810,2026-07-01 21:06:00,product_issue,True
RF0006818,T0006818,2026-01-01 17:55:00,other,True
RF0006825,T0006825,2026-01-28 05:57:00,duplicate,True
RF0006826,T0006826,2026-04-25 19:08:00,product_issue,True
RF0006828,T0006828,2026-07-03 19:52:00,product_issue,True
RF0006844,T0006844,2026-02-16 14:03:00,product_issue,True
RF0006855,T0006855,2026-07-15 00:48:00,product_issue,True
RF0006869,T0006869,2026-04-04 15:46:00,other,True
RF0006870,T0006870,2026-04-12 10:58:00,duplicate,True
RF0006879,T0006879,2026-04-07 04:12:00,duplicate,True
RF0006882,T0006882,2026-04-23 23:16:00,duplicate,True
RF0006897,T0006897,2026-02-18 08:06:00,duplicate,True
RF0006903,T0006903,2026-02-05 22:42:00,duplicate,True
RF0006918,T0006918,2026-02-27 20:30:00,other,True
RF0006940,T0006940,2026-03-14 11:54:00,duplicate,True
RF0006962,T0006962,2026-02-10 16:09:00,customer_request,True
RF0006975,T0006975,2026-02-22 00:06:00,duplicate,True
RF0006980,T0006980,2026-03-08 04:36:00,other,True
RF0006982,T0006982,2026-01-17 17:46:00,other,True
RF0006992,T0006992,2026-06-07 16:50:00,other,True
RF0007015,T0007015,2026-04-06 13:08:00,product_issue,True
RF0007018,T0007018,2026-05-14 18:57:00,duplicate,True
RF0007021,T0007021,2026-01-20 03:42:00,duplicate,True
RF0007029,T0007029,2026-05-21 19:19:00,duplicate,True
RF0007032,T0007032,2026-07-22 02:45:00,duplicate,True
RF0007038,T0007038,2026-03-11 01:04:00,product_issue,True
RF0007050,T0007050,2026-06-29 16:45:00,duplicate,True
RF0007074,T0007074,2026-04-16 17:03:00,customer_request,True
RF0007080,T0007080,2026-03-30 15:32:00,duplicate,True
RF0007082,T0007082,2026-01-16 12:30:00,customer_request,True
RF0007103,T0007103,2026-02-17 09:26:00,other,True
RF0007134,T0007134,2026-01-03 05:32:00,other,True
RF0007135,T0007135,2026-03-28 04:40:00,product_issue,True
RF0007147,T0007147,2026-03-30 12:56:00,customer_request,True
RF0007168,T0007168,2026-03-18 07:36:00,customer_request,True
RF0007179,T0007179,2026-07-04 09:17:00,customer_request,True
RF0007180,T0007180,2026-07-16 05:07:00,product_issue,True
RF0007182,T0007182,2026-06-07 21:45:00,customer_request,True
RF0007185,T0007185,2026-03-12 22:25:00,product_issue,True
RF0007186,T0007186,2026-07-14 22:39:00,duplicate,True
RF0007193,T0007193,2026-02-21 06:20:00,duplicate,True
RF0007194,T0007194,2026-05-18 06:23:00,customer_request,True
RF0007199,T0007199,2026-07-16 09:13:00,customer_request,True
RF0007211,T0007211,2026-07-09 13:43:00,other,True
RF0007232,T0007232,2026-05-01 21:40:00,other,True
RF0007247,T0007247,2026-05-25 07:25:00,product_issue,True
RF0007255,T0007255,2026-05-17 14:23:00,customer_request,True
RF0007278,T0007278,2026-07-04 22:16:00,other,True
RF0007294,T0007294,2026-02-17 14:41:00,other,True
RF0007314,T0007314,2026-04-18 06:06:00,duplicate,True
RF0007330,T0007330,2026-06-14 13:29:00,other,True
RF0007334,T0007334,2026-04-16 23:41:00,product_issue,True
RF0007338,T0007338,2026-05-13 17:44:00,customer_request,True
RF0007343,T0007343,2026-07-01 11:16:00,duplicate,True
RF0007372,T0007372,2026-01-06 14:08:00,product_issue,True
RF0007374,T0007374,2026-07-02 00:34:00,duplicate,True
RF0007386,T0007386,2026-03-09 12:27:00,other,True
RF0007403,T0007403,2026-07-14 15:55:00,product_issue,True
RF0007413,T0007413,2026-02-09 11:54:00,other,True
RF0007415,T0007415,2026-01-09 05:12:00,duplicate,True
RF0007418,T0007418,2026-01-23 06:20:00,customer_request,True
RF0007421,T0007421,2026-05-07 07:16:00,duplicate,True
RF0007444,T0007444,2026-02-23 09:02:00,duplicate,True
RF0007446,T0007446,2026-06-12 17:21:00,duplicate,True
RF0007447,T0007447,2026-07-01 08:13:00,customer_request,True
RF0007448,T0007448,2026-04-02 13:48:00,other,True
RF0007449,T0007449,2026-04-21 11:09:00,duplicate,True
RF0007454,T0007454,2026-03-19 03:28:00,other,True
RF0007459,T0007459,2026-01-05 07:31:00,customer_request,True
RF0007467,T0007467,2026-07-17 18:08:00,duplicate,True
RF0007484,T0007484,2026-02-16 01:03:00,customer_request,True
RF0007486,T0007486,2026-03-03 00:00:00,product_issue,True
RF0007487,T0007487,2026-06-28 08:28:00,other,True
RF0007492,T0007492,2026-02-06 17:42:00,product_issue,True
RF0007506,T0007506,2026-04-03 00:44:00,customer_request,True
RF0007507,T0007507,2026-01-20 12:51:00,other,True
RF0007510,T0007510,2026-07-04 04:28:00,other,True
RF0007512,T0007512,2026-01-21 23:48:00,duplicate,True
RF0007514,T0007514,2026-04-05 10:00:00,duplicate,True
RF0007521,T0007521,2026-06-01 22:08:00,customer_request,True
RF0007528,T0007528,2026-05-29 20:09:00,product_issue,True
RF0007532,T0007532,2026-05-12 13:44:00,other,True
RF0007537,T0007537,2026-01-04 10:29:00,duplicate,True
RF0007556,T0007556,2026-05-25 06:06:00,other,True
RF0007569,T0007569,2026-05-23 01:21:00,duplicate,True
RF0007601,T0007601,2026-02-25 03:16:00,customer_request,True
RF0007607,T0007607,2026-01-24 20:36:00,other,True
RF0007623,T0007623,2026-04-21 20:35:00,duplicate,True
RF0007650,T0007650,2026-05-10 10:07:00,product_issue,True
RF0007651,T0007651,2026-07-12 08:28:00,duplicate,True
RF0007652,T0007652,2026-05-01 03:12:00,other,True
RF0007653,T0007653,2026-06-07 05:07:00,customer_request,True
RF0007655,T0007655,2026-01-31 17:38:00,product_issue,True
RF0007691,T0007691,2026-03-21 10:34:00,product_issue,True
RF0007712,T0007712,2026-03-07 16:27:00,customer_request,True
RF0007720,T0007720,2026-01-28 03:53:00,duplicate,True
RF0007737,T0007737,2026-01-29 06:30:00,other,True
RF0007753,T0007753,2026-04-10 01:31:00,product_issue,True
RF0007754,T0007754,2026-05-19 00:02:00,duplicate,True
RF0007762,T0007762,2026-01-15 16:25:00,duplicate,True
RF0007767,T0007767,2026-02-10 01:06:00,customer_request,True
RF0007797,T0007797,2026-01-17 09:04:00,product_issue,True
RF0007807,T0007807,2026-05-03 04:09:00,customer_request,True
RF0007837,T0007837,2026-06-25 13:53:00,product_issue,True
RF0007846,T0007846,2026-03-05 05:08:00,product_issue,True
RF0007858,T0007858,2026-03-18 12:28:00,other,True
RF0007859,T0007859,2026-07-31 07:57:00,customer_request,True
RF0007865,T0007865,2026-06-03 23:30:00,product_issue,True
RF0007886,T0007886,2026-05-19 10:48:00,duplicate,True
RF0007917,T0007917,2026-06-10 05:03:00,product_issue,True
RF0007927,T0007927,2026-03-19 10:57:00,duplicate,True
RF0007940,T0007940,2026-07-04 07:22:00,product_issue,True
RF0007941,T0007941,2026-03-23 08:45:00,customer_request,True
RF0007965,T0007965,2026-03-21 17:58:00,other,True
RF0007967,T0007967,2026-03-25 13:27:00,product_issue,True
RF0007972,T0007972,2026-05-24 03:36:00,other,True
RF0007976,T0007976,2026-07-31 07:47:00,product_issue,True
RF0007991,T0007991,2026-05-26 01:50:00,other,True
RF0008030,T0008030,2026-05-08 06:22:00,product_issue,True
RF0008043,T0008043,2026-06-26 02:44:00,product_issue,True
RF0008079,T0008079,2026-02-23 03:21:00,other,True
RF0008144,T0008144,2026-01-18 14:40:00,customer_request,True
RF0008153,T0008153,2026-06-01 14:52:00,customer_request,True
RF0008175,T0008175,2026-04-24 03:41:00,other,True
RF0008185,T0008185,2026-03-20 08:44:00,product_issue,True
RF0008187,T0008187,2026-04-24 03:13:00,duplicate,True
RF0008188,T0008188,2026-02-09 03:25:00,other,True
RF0008192,T0008192,2026-02-28 12:15:00,customer_request,True
RF0008206,T0008206,2026-05-04 15:19:00,duplicate,True
RF0008208,T0008208,2026-07-23 08:56:00,duplicate,True
RF0008216,T0008216,2026-03-23 21:26:00,product_issue,True
RF0008219,T0008219,2026-04-24 18:24:00,other,True
RF0008230,T0008230,2026-03-23 04:43:00,duplicate,True
RF0008242,T0008242,2026-03-26 21:23:00,other,True
RF0008249,T0008249,2026-06-09 17:36:00,customer_request,True
RF0008255,T0008255,2026-03-05 12:42:00,product_issue,True
RF0008261,T0008261,2026-04-17 02:20:00,duplicate,True
RF0008263,T0008263,2026-01-02 16:50:00,product_issue,True
RF0008284,T0008284,2026-06-14 11:37:00,customer_request,True
RF0008289,T0008289,2026-05-25 07:38:00,other,True
RF0008292,T0008292,2026-04-18 15:20:00,other,True
RF0008334,T0008334,2026-06-07 22:58:00,other,True
RF0008342,T0008342,2026-03-01 04:44:00,product_issue,True
RF0008350,T0008350,2026-03-12 11:42:00,customer_request,True
RF0008355,T0008355,2026-02-22 03:57:00,customer_request,True
RF0008356,T0008356,2026-04-04 11:57:00,other,True
RF0008362,T0008362,2026-05-10 01:17:00,product_issue,True
RF0008371,T0008371,2026-01-26 08:49:00,other,True
RF0008378,T0008378,2026-04-17 08:45:00,customer_request,True
RF0008407,T0008407,2026-03-24 09:50:00,customer_request,True
RF0008419,T0008419,2026-01-26 02:53:00,duplicate,True
RF0008453,T0008453,2026-01-11 19:00:00,customer_request,True
RF0008458,T0008458,2026-02-12 18:04:00,other,True
RF0008482,T0008482,2026-03-08 09:06:00,other,True
RF0008487,T0008487,2026-04-26 13:22:00,product_issue,True
RF0008492,T0008492,2026-05-14 04:14:00,customer_request,True
RF0008493,T0008493,2026-04-03 14:43:00,duplicate,True
RF0008503,T0008503,2026-07-11 17:00:00,other,True
RF0008513,T0008513,2026-02-15 17:57:00,other,True
RF0008522,T0008522,2026-03-13 12:34:00,product_issue,True
RF0008530,T0008530,2026-04-13 14:26:00,customer_request,True
RF0008541,T0008541,2026-07-29 16:15:00,duplicate,True
RF0008561,T0008561,2026-06-27 07:06:00,product_issue,True
RF0008578,T0008578,2026-05-16 03:32:00,customer_request,True
RF0008584,T0008584,2026-06-09 19:30:00,other,True
RF0008593,T0008593,2026-01-21 15:37:00,other,True
RF0008597,T0008597,2026-06-29 17:33:00,customer_request,True
RF0008600,T0008600,2026-04-17 14:22:00,duplicate,True
RF0008603,T0008603,2026-04-08 17:59:00,other,True
RF0008605,T0008605,2026-07-01 03:57:00,duplicate,True
RF0008610,T0008610,2026-07-28 12:26:00,duplicate,True
RF0008637,T0008637,2026-07-24 23:15:00,duplicate,True
RF0008639,T0008639,2026-05-14 06:12:00,duplicate,True
RF0008640,T0008640,2026-01-18 03:54:00,product_issue,True
RF0008645,T0008645,2026-02-03 12:28:00,duplicate,True
RF0008646,T0008646,2026-04-13 04:04:00,other,True
RF0008668,T0008668,2026-03-02 06:00:00,other,True
RF0008676,T0008676,2026-02-27 07:36:00,product_issue,True
RF0008682,T0008682,2026-05-03 03:26:00,other,True
RF0008691,T0008691,2026-06-23 20:05:00,duplicate,True
RF0008704,T0008704,2026-02-17 15:46:00,customer_request,True
RF0008717,T0008717,2026-06-06 10:20:00,other,True
RF0008722,T0008722,2026-07-21 08:01:00,duplicate,True
RF0008724,T0008724,2026-07-31 19:54:00,product_issue,True
RF0008733,T0008733,2026-05-08 21:35:00,product_issue,True
RF0008739,T0008739,2026-06-18 23:02:00,customer_request,True
RF0008748,T0008748,2026-06-28 23:20:00,customer_request,True
RF0008755,T0008755,2026-02-27 14:09:00,duplicate,True
RF0008765,T0008765,2026-04-10 01:04:00,other,True
RF0008776,T0008776,2026-06-21 15:13:00,customer_request,True
RF0008786,T0008786,2026-04-28 07:40:00,product_issue,True
RF0008799,T0008799,2026-07-25 06:34:00,customer_request,True
RF0008800,T0008800,2026-01-23 14:53:00,other,True
RF0008806,T0008806,2026-02-02 03:09:00,other,True
RF0008828,T0008828,2026-02-24 11:18:00,product_issue,True
RF0008835,T0008835,2026-05-24 04:18:00,customer_request,True
RF0008843,T0008843,2026-03-09 01:13:00,customer_request,True
RF0008848,T0008848,2026-07-13 10:45:00,duplicate,True
RF0008850,T0008850,2026-03-09 11:37:00,duplicate,True
RF0008858,T0008858,2026-05-21 23:21:00,duplicate,True
RF0008860,T0008860,2026-05-11 11:50:00,duplicate,True
RF0008867,T0008867,2026-04-16 14:25:00,product_issue,True
RF0008868,T0008868,2026-01-28 00:07:00,customer_request,True
RF0008878,T0008878,2026-03-02 15:38:00,product_issue,True
RF0008901,T0008901,2026-02-08 07:53:00,customer_request,True
RF0008904,T0008904,2026-04-16 10:26:00,other,True
RF0008935,T0008935,2026-05-25 11:43:00,other,True
RF0008937,T0008937,2026-05-22 08:37:00,product_issue,True
RF0008941,T0008941,2026-07-08 22:01:00,duplicate,True
RF0008947,T0008947,2026-01-07 09:16:00,duplicate,True
RF0008979,T0008979,2026-07-08 17:32:00,product_issue,True
RF0008980,T0008980,2026-01-20 22:16:00,other,True
RF0008982,T0008982,2026-04-28 04:47:00,product_issue,True
RF0008990,T0008990,2026-03-07 20:31:00,product_issue,True
RF0008995,T0008995,2026-01-13 03:21:00,duplicate,True
RF0008996,T0008996,2026-02-01 22:31:00,customer_request,True
RF0009025,T0009025,2026-03-21 15:41:00,duplicate,True
RF0009041,T0009041,2026-01-02 20:30:00,product_issue,True
RF0009044,T0009044,2026-03-01 14:45:00,duplicate,True
RF0009048,T0009048,2026-03-16 07:29:00,customer_request,True
RF0009056,T0009056,2026-06-24 11:11:00,other,True
RF0009064,T0009064,2026-05-20 14:55:00,duplicate,True
RF0009102,T0009102,2026-05-29 19:07:00,duplicate,True
RF0009132,T0009132,2026-02-08 16:25:00,customer_request,True
RF0009137,T0009137,2026-04-24 05:06:00,product_issue,True
RF0009142,T0009142,2026-01-17 11:06:00,other,True
RF0009162,T0009162,2026-05-02 08:19:00,duplicate,True
RF0009169,T0009169,2026-06-21 06:10:00,other,True
RF0009195,T0009195,2026-06-30 01:08:00,other,True
RF0009211,T0009211,2026-02-15 06:03:00,duplicate,True
RF0009214,T0009214,2026-04-30 06:07:00,product_issue,True
RF0009219,T0009219,2026-04-08 18:30:00,customer_request,True
RF0009223,T0009223,2026-05-14 15:57:00,duplicate,True
RF0009225,T0009225,2026-06-21 21:14:00,customer_request,True
RF0009242,T0009242,2026-07-03 04:11:00,product_issue,True
RF0009250,T0009250,2026-04-16 00:18:00,product_issue,True
RF0009264,T0009264,2026-04-05 11:45:00,product_issue,True
RF0009281,T0009281,2026-04-04 04:47:00,other,True
RF0009294,T0009294,2026-03-26 07:41:00,duplicate,True
RF0009296,T0009296,2026-03-17 18:03:00,duplicate,True
RF0009299,T0009299,2026-03-18 17:40:00,duplicate,True
RF0009310,T0009310,2026-06-11 08:09:00,duplicate,True
RF0009322,T0009322,2026-07-29 14:06:00,other,True
RF0009326,T0009326,2026-02-27 21:22:00,other,True
RF0009351,T0009351,2026-02-21 21:26:00,customer_request,True
RF0009366,T0009366,2026-06-01 00:20:00,duplicate,True
RF0009374,T0009374,2026-03-31 09:58:00,other,True
RF0009393,T0009393,2026-03-11 18:30:00,duplicate,True
RF0009398,T0009398,2026-01-30 23:04:00,customer_request,True
RF0009399,T0009399,2026-07-11 20:49:00,other,True
RF0009414,T0009414,2026-03-28 17:24:00,other,True
RF0009415,T0009415,2026-04-13 14:09:00,duplicate,True
RF0009422,T0009422,2026-01-08 19:27:00,customer_request,True
RF0009425,T0009425,2026-02-26 18:48:00,duplicate,True
RF0009431,T0009431,2026-05-08 11:50:00,product_issue,True
RF0009439,T0009439,2026-04-17 09:04:00,other,True
RF0009446,T0009446,2026-04-18 22:20:00,customer_request,True
RF0009483,T0009483,2026-04-28 03:18:00,product_issue,True
RF0009486,T0009486,2026-02-09 06:52:00,other,True
RF0009506,T0009506,2026-06-20 19:51:00,other,True
RF0009510,T0009510,2026-01-10 04:32:00,duplicate,True
RF0009514,T0009514,2026-07-15 21:48:00,duplicate,True
RF0009515,T0009515,2026-03-02 07:15:00,product_issue,True
RF0009516,T0009516,2026-06-13 02:10:00,customer_request,True
RF0009518,T0009518,2026-07-09 17:16:00,duplicate,True
RF0009521,T0009521,2026-07-26 19:58:00,product_issue,True
RF0009525,T0009525,2026-01-26 20:02:00,product_issue,True
RF0009533,T0009533,2026-07-03 02:47:00,customer_request,True
RF0009541,T0009541,2026-07-23 05:13:00,customer_request,True
RF0009543,T0009543,2026-04-21 22:47:00,other,True
RF0009546,T0009546,2026-02-16 06:47:00,customer_request,True
RF0009554,T0009554,2026-02-27 10:05:00,customer_request,True
RF0009558,T0009558,2026-05-24 23:06:00,other,True
RF0009583,T0009583,2026-04-08 05:36:00,other,True
RF0009597,T0009597,2026-01-07 07:49:00,product_issue,True
RF0009603,T0009603,2026-01-15 14:12:00,product_issue,True
RF0009608,T0009608,2026-05-30 19:55:00,duplicate,True
RF0009615,T0009615,2026-06-07 20:34:00,duplicate,True
RF0009621,T0009621,2026-05-12 23:56:00,product_issue,True
RF0009623,T0009623,2026-02-19 14:38:00,product_issue,True
RF0009631,T0009631,2026-02-04 03:18:00,other,True
RF0009638,T0009638,2026-01-25 07:08:00,duplicate,True
RF0009656,T0009656,2026-01-04 02:53:00,customer_request,True
RF0009670,T0009670,2026-03-18 09:43:00,customer_request,True
RF0009671,T0009671,2026-05-28 07:47:00,product_issue,True
RF0009672,T0009672,2026-04-03 19:27:00,product_issue,True
RF0009689,T0009689,2026-05-04 12:35:00,customer_request,True
RF0009695,T0009695,2026-05-05 03:31:00,duplicate,True
RF0009717,T0009717,2026-04-20 01:00:00,other,True
RF0009730,T0009730,2026-05-24 15:26:00,customer_request,True
RF0009741,T0009741,2026-03-31 11:39:00,duplicate,True
RF0009746,T0009746,2026-06-28 17:21:00,product_issue,True
RF0009748,T0009748,2026-01-16 09:27:00,duplicate,True
RF0009759,T0009759,2026-07-30 10:18:00,other,True
RF0009781,T0009781,2026-02-07 00:59:00,duplicate,True
RF0009798,T0009798,2026-06-07 20:20:00,product_issue,True
RF0009812,T0009812,2026-06-11 11:22:00,duplicate,True
RF0009819,T0009819,2026-01-27 11:56:00,customer_request,True
RF0009821,T0009821,2026-05-01 19:20:00,product_issue,True
RF0009835,T0009835,2026-02-26 13:22:00,product_issue,True
RF0009844,T0009844,2026-01-19 07:39:00,product_issue,True
RF0009854,T0009854,2026-04-02 18:33:00,product_issue,True
RF0009866,T0009866,2026-06-22 06:41:00,duplicate,True
RF0009869,T0009869,2026-04-15 10:36:00,product_issue,True
RF0009884,T0009884,2026-06-04 12:38:00,product_issue,True
RF0009906,T0009906,2026-04-09 17:16:00,product_issue,True
RF0009921,T0009921,2026-02-03 21:41:00,customer_request,True
RF0009929,T0009929,2026-01-24 23:06:00,customer_request,True
RF0009931,T0009931,2026-02-04 04:21:00,duplicate,True
RF0009940,T0009940,2026-01-22 19:19:00,other,True
RF0009950,T0009950,2026-06-18 06:09:00,duplicate,True
RF0009952,T0009952,2026-06-24 03:13:00,customer_request,True
RF0009956,T0009956,2026-06-10 05:38:00,customer_request,True
RF0009981,T0009981,2026-06-03 23:43:00,product_issue,True
RF0009988,T0009988,2026-03-15 05:24:00,other,True
RF0010028,T0010028,2026-02-03 06:23:00,other,True
RF0010040,T0010040,2026-03-10 03:15:00,customer_request,True
RF0010067,T0010067,2026-02-04 01:40:00,product_issue,True
RF0010077,T0010077,2026-06-17 12:41:00,other,True
RF0010088,T0010088,2026-02-19 18:28:00,duplicate,True
RF0010125,T0010125,2026-03-24 10:22:00,customer_request,True
RF0010134,T0010134,2026-02-26 07:26:00,duplicate,True
RF0010146,T0010146,2026-06-15 20:17:00,product_issue,True
RF0010152,T0010152,2026-07-06 05:51:00,product_issue,True
RF0010154,T0010154,2026-04-30 16:45:00,product_issue,True
RF0010159,T0010159,2026-05-24 17:42:00,product_issue,True
RF0010184,T0010184,2026-01-20 01:34:00,customer_request,True
RF0010195,T0010195,2026-03-20 10:39:00,duplicate,True
RF0010204,T0010204,2026-06-05 14:30:00,product_issue,True
RF0010209,T0010209,2026-01-04 13:14:00,product_issue,True
RF0010213,T0010213,2026-03-31 22:02:00,product_issue,True
RF0010220,T0010220,2026-07-15 05:50:00,product_issue,True
RF0010254,T0010254,2026-06-27 14:38:00,customer_request,True
RF0010263,T0010263,2026-03-13 22:00:00,customer_request,True
RF0010268,T0010268,2026-06-19 18:36:00,customer_request,True
RF0010269,T0010269,2026-03-22 07:47:00,duplicate,True
RF0010275,T0010275,2026-03-01 17:28:00,product_issue,True
RF0010283,T0010283,2026-05-09 05:27:00,product_issue,True
RF0010286,T0010286,2026-05-13 19:35:00,duplicate,True
RF0010302,T0010302,2026-05-30 14:43:00,duplicate,True
RF0010306,T0010306,2026-05-18 21:26:00,duplicate,True
RF0010309,T0010309,2026-06-20 18:19:00,other,True
RF0010312,T0010312,2026-06-06 16:36:00,duplicate,True
RF0010334,T0010334,2026-02-23 04:17:00,product_issue,True
RF0010335,T0010335,2026-05-25 00:02:00,product_issue,True
RF0010340,T0010340,2026-07-17 11:05:00,other,True
RF0010341,T0010341,2026-05-10 22:19:00,other,True
RF0010343,T0010343,2026-02-11 09:00:00,duplicate,True
RF0010344,T0010344,2026-01-21 11:50:00,customer_request,True
RF0010349,T0010349,2026-05-29 17:09:00,other,True
RF0010361,T0010361,2026-04-12 19:29:00,duplicate,True
RF0010378,T0010378,2026-03-21 02:35:00,duplicate,True
RF0010380,T0010380,2026-01-21 21:29:00,product_issue,True
RF0010383,T0010383,2026-01-28 22:22:00,duplicate,True
RF0010385,T0010385,2026-07-21 14:20:00,product_issue,True
RF0010390,T0010390,2026-04-03 09:55:00,other,True
RF0010405,T0010405,2026-03-07 01:50:00,other,True
RF0010425,T0010425,2026-05-09 01:32:00,duplicate,True
RF0010434,T0010434,2026-03-07 05:31:00,product_issue,True
RF0010441,T0010441,2026-07-22 21:34:00,duplicate,True
RF0010454,T0010454,2026-02-26 17:52:00,customer_request,True
RF0010455,T0010455,2026-08-01 17:02:00,product_issue,True
RF0010467,T0010467,2026-03-19 15:05:00,other,True
RF0010471,T0010471,2026-06-26 02:32:00,other,True
RF0010478,T0010478,2026-03-27 13:07:00,other,True
RF0010489,T0010489,2026-03-09 08:23:00,duplicate,True
RF0010517,T0010517,2026-01-21 04:42:00,product_issue,True
RF0010522,T0010522,2026-02-09 19:59:00,other,True
RF0010536,T0010536,2026-01-20 23:39:00,customer_request,True
RF0010544,T0010544,2026-04-01 12:22:00,customer_request,True
RF0010586,T0010586,2026-06-17 14:19:00,other,True
RF0010589,T0010589,2026-02-01 17:44:00,product_issue,True
RF0010591,T0010591,2026-06-12 07:01:00,product_issue,True
RF0010594,T0010594,2026-04-04 15:10:00,product_issue,True
RF0010602,T0010602,2026-04-23 00:31:00,other,True
RF0010606,T0010606,2026-02-17 04:45:00,customer_request,True
RF0010611,T0010611,2026-05-02 10:36:00,other,True
RF0010616,T0010616,2026-04-09 17:34:00,customer_request,True
RF0010625,T0010625,2026-05-18 09:44:00,product_issue,True
RF0010633,T0010633,2026-07-07 13:14:00,customer_request,True
RF0010664,T0010664,2026-06-25 14:06:00,customer_request,True
RF0010670,T0010670,2026-03-11 18:04:00,duplicate,True
RF0010695,T0010695,2026-06-12 12:26:00,duplicate,True
RF0010698,T0010698,2026-05-24 23:25:00,duplicate,True
RF0010724,T0010724,2026-06-18 15:27:00,other,True
RF0010727,T0010727,2026-02-03 17:26:00,duplicate,True
RF0010731,T0010731,2026-06-30 22:24:00,other,True
RF0010745,T0010745,2026-06-22 19:02:00,product_issue,True
RF0010747,T0010747,2026-01-04 09:15:00,duplicate,True
RF0010759,T0010759,2026-02-16 08:41:00,other,True
RF0010767,T0010767,2026-04-25 02:22:00,product_issue,True
RF0010768,T0010768,2026-03-06 07:15:00,customer_request,True
RF0010775,T0010775,2026-06-25 01:02:00,other,True
RF0010784,T0010784,2026-03-31 18:27:00,duplicate,True
RF0010798,T0010798,2026-03-23 19:03:00,duplicate,True
RF0010814,T0010814,2026-01-29 06:03:00,duplicate,True
RF0010830,T0010830,2026-07-02 20:27:00,customer_request,True
RF0010835,T0010835,2026-01-16 02:45:00,product_issue,True
RF0010837,T0010837,2026-06-12 17:16:00,duplicate,True
RF0010844,T0010844,2026-02-12 16:41:00,product_issue,True
RF0010869,T0010869,2026-07-29 10:59:00,product_issue,True
RF0010872,T0010872,2026-04-11 19:22:00,product_issue,True
RF0010873,T0010873,2026-02-26 12:33:00,duplicate,True
RF0010880,T0010880,2026-06-23 10:22:00,other,True
RF0010885,T0010885,2026-05-12 08:17:00,product_issue,True
RF0010890,T0010890,2026-04-26 03:40:00,other,True
RF0010895,T0010895,2026-06-21 19:05:00,duplicate,True
RF0010921,T0010921,2026-05-16 15:01:00,customer_request,True
RF0010938,T0010938,2026-05-14 15:12:00,duplicate,True
RF0010947,T0010947,2026-05-26 21:58:00,product_issue,True
RF0010948,T0010948,2026-02-17 15:29:00,product_issue,True
RF0010953,T0010953,2026-04-09 07:03:00,customer_request,True
RF0010967,T0010967,2026-02-13 20:42:00,customer_request,True
RF0010968,T0010968,2026-07-18 16:04:00,duplicate,True
RF0010977,T0010977,2026-03-19 09:00:00,other,True
RF0010978,T0010978,2026-06-20 15:36:00,product_issue,True
RF0010989,T0010989,2026-01-27 15:45:00,customer_request,True
RF0011016,T0011016,2026-05-08 06:05:00,product_issue,True
RF0011040,T0011040,2026-05-05 21:33:00,duplicate,True
RF0011062,T0011062,2026-01-30 09:10:00,product_issue,True
RF0011075,T0011075,2026-03-01 15:49:00,other,True
RF0011091,T0011091,2026-06-17 09:51:00,other,True
RF0011093,T0011093,2026-02-08 01:00:00,duplicate,True
RF0011094,T0011094,2026-01-12 17:15:00,other,True
RF0011102,T0011102,2026-05-12 08:19:00,other,True
RF0011106,T0011106,2026-07-03 05:48:00,product_issue,True
RF0011117,T0011117,2026-05-21 06:25:00,duplicate,True
RF0011125,T0011125,2026-01-24 03:51:00,customer_request,True
RF0011127,T0011127,2026-06-22 14:53:00,customer_request,True
RF0011129,T0011129,2026-04-26 00:44:00,other,True
RF0011133,T0011133,2026-05-20 08:40:00,product_issue,True
RF0011136,T0011136,2026-03-28 17:40:00,other,True
RF0011144,T0011144,2026-01-07 05:55:00,product_issue,True
RF0011150,T0011150,2026-04-27 21:01:00,customer_request,True
RF0011156,T0011156,2026-01-17 16:06:00,other,True
RF0011169,T0011169,2026-01-14 04:29:00,duplicate,True
RF0011179,T0011179,2026-02-23 21:41:00,product_issue,True
RF0011182,T0011182,2026-01-05 22:15:00,customer_request,True
RF0011191,T0011191,2026-05-09 22:06:00,customer_request,True
RF0011218,T0011218,2026-04-12 18:59:00,customer_request,True
RF0011226,T0011226,2026-06-30 04:56:00,other,True
RF0011227,T0011227,2026-03-03 08:39:00,customer_request,True
RF0011240,T0011240,2026-02-03 02:49:00,product_issue,True
RF0011245,T0011245,2026-03-17 08:31:00,customer_request,True
RF0011251,T0011251,2026-01-18 13:16:00,product_issue,True
RF0011258,T0011258,2026-04-07 19:34:00,customer_request,True
RF0011262,T0011262,2026-02-23 18:51:00,duplicate,True
RF0011285,T0011285,2026-07-19 06:50:00,customer_request,True
RF0011293,T0011293,2026-05-16 23:29:00,product_issue,True
RF0011301,T0011301,2026-05-02 13:08:00,duplicate,True
RF0011313,T0011313,2026-06-14 20:27:00,duplicate,True
RF0011315,T0011315,2026-07-31 12:48:00,customer_request,True
RF0011320,T0011320,2026-05-07 20:54:00,other,True
RF0011332,T0011332,2026-03-11 23:53:00,other,True
RF0011338,T0011338,2026-05-17 00:51:00,product_issue,True
RF0011372,T0011372,2026-03-15 00:53:00,product_issue,True
RF0011383,T0011383,2026-01-12 21:51:00,duplicate,True
RF0011385,T0011385,2026-01-25 11:22:00,product_issue,True
RF0011393,T0011393,2026-06-12 01:31:00,customer_request,True
RF0011397,T0011397,2026-05-16 06:51:00,other,True
RF0011399,T0011399,2026-03-14 07:52:00,customer_request,True
RF0011406,T0011406,2026-05-23 18:57:00,duplicate,True
RF0011422,T0011422,2026-05-15 22:51:00,customer_request,True
RF0011425,T0011425,2026-02-26 11:22:00,product_issue,True
RF0011431,T0011431,2026-06-14 05:57:00,duplicate,True
RF0011451,T0011451,2026-05-05 02:21:00,customer_request,True
RF0011464,T0011464,2026-05-29 21:34:00,other,True
RF0011466,T0011466,2026-04-03 20:05:00,duplicate,True
RF0011481,T0011481,2026-02-13 03:52:00,other,True
RF0011485,T0011485,2026-01-14 01:37:00,customer_request,True
RF0011487,T0011487,2026-01-02 17:21:00,duplicate,True
RF0011504,T0011504,2026-05-07 08:47:00,product_issue,True
RF0011512,T0011512,2026-02-22 14:34:00,product_issue,True
RF0011514,T0011514,2026-08-02 00:52:00,duplicate,True
RF0011527,T0011527,2026-07-06 23:00:00,product_issue,True
RF0011536,T0011536,2026-03-25 14:28:00,duplicate,True
RF0011554,T0011554,2026-05-17 03:34:00,product_issue,True
RF0011563,T0011563,2026-04-04 14:34:00,other,True
RF0011582,T0011582,2026-05-03 11:34:00,product_issue,True
RF0011584,T0011584,2026-03-21 16:35:00,other,True
RF0011591,T0011591,2026-04-02 18:24:00,customer_request,True
RF0011594,T0011594,2026-04-11 23:35:00,other,True
RF0011596,T0011596,2026-01-29 03:58:00,other,True
RF0011608,T0011608,2026-04-12 00:43:00,other,True
RF0011616,T0011616,2026-02-23 16:47:00,other,True
RF0011629,T0011629,2026-05-28 16:33:00,duplicate,True
RF0011636,T0011636,2026-02-09 14:16:00,customer_request,True
RF0011638,T0011638,2026-01-24 11:42:00,product_issue,True
RF0011646,T0011646,2026-02-05 08:10:00,customer_request,True
RF0011654,T0011654,2026-06-11 15:42:00,product_issue,True
RF0011673,T0011673,2026-04-20 00:13:00,customer_request,True
RF0011674,T0011674,2026-05-19 09:15:00,product_issue,True
RF0011676,T0011676,2026-07-30 06:41:00,customer_request,True
RF0011681,T0011681,2026-07-02 11:16:00,customer_request,True
RF0011697,T0011697,2026-05-16 14:48:00,product_issue,True
RF0011715,T0011715,2026-01-30 17:48:00,customer_request,True
RF0011718,T0011718,2026-01-13 09:15:00,duplicate,True
RF0011720,T0011720,2026-07-20 22:28:00,other,True
RF0011727,T0011727,2026-07-16 04:29:00,other,True
RF0011738,T0011738,2026-05-29 01:32:00,duplicate,True
RF0011752,T0011752,2026-07-11 06:23:00,customer_request,True
RF0011764,T0011764,2026-01-10 20:45:00,product_issue,True
RF0011777,T0011777,2026-05-28 03:39:00,duplicate,True
RF0011802,T0011802,2026-07-12 03:11:00,other,True
RF0011811,T0011811,2026-01-31 01:45:00,product_issue,True
RF0011820,T0011820,2026-07-20 02:24:00,customer_request,True
RF0011828,T0011828,2026-04-08 11:19:00,duplicate,True
RF0011846,T0011846,2026-01-27 10:14:00,product_issue,True
RF0011875,T0011875,2026-05-17 20:04:00,customer_request,True
RF0011877,T0011877,2026-04-16 08:30:00,customer_request,True
RF0011886,T0011886,2026-03-13 16:37:00,customer_request,True
RF0011898,T0011898,2026-04-05 08:15:00,product_issue,True
RF0011904,T0011904,2026-06-05 02:25:00,other,True
RF0011926,T0011926,2026-06-03 01:15:00,product_issue,True
RF0011948,T0011948,2026-07-25 21:31:00,customer_request,True
RF0011961,T0011961,2026-04-30 23:46:00,customer_request,True
RF0011966,T0011966,2026-07-30 03:05:00,product_issue,True
RF0011988,T0011988,2026-06-26 09:43:00,product_issue,True
RF0012004,T0012004,2026-03-18 12:05:00,product_issue,True
RF0012040,T0012040,2026-03-04 08:34:00,product_issue,True
RF0012047,T0012047,2026-03-31 20:51:00,customer_request,True
RF0012060,T0012060,2026-02-18 01:57:00,duplicate,True
RF0012063,T0012063,2026-07-31 07:33:00,product_issue,True
RF0012067,T0012067,2026-02-25 02:05:00,customer_request,True
RF0012068,T0012068,2026-01-22 02:38:00,duplicate,True
RF0012073,T0012073,2026-02-16 17:46:00,other,True
RF0012075,T0012075,2026-02-14 06:20:00,duplicate,True
RF0012077,T0012077,2026-05-13 16:21:00,product_issue,True
RF0012082,T0012082,2026-01-29 06:41:00,duplicate,True
RF0012088,T0012088,2026-07-07 18:14:00,other,True
RF0012102,T0012102,2026-07-29 18:38:00,customer_request,True
RF0012103,T0012103,2026-06-10 08:41:00,other,True
RF0012106,T0012106,2026-02-23 09:25:00,other,True
RF0012115,T0012115,2026-07-12 07:44:00,other,True
RF0012140,T0012140,2026-05-29 13:42:00,other,True
RF0012145,T0012145,2026-04-18 00:47:00,duplicate,True
RF0012148,T0012148,2026-01-25 03:39:00,duplicate,True
RF0012157,T0012157,2026-05-01 08:52:00,other,True
RF0012161,T0012161,2026-02-15 05:08:00,customer_request,True
RF0012168,T0012168,2026-04-27 01:57:00,other,True
RF0012174,T0012174,2026-01-22 23:10:00,duplicate,True
RF0012181,T0012181,2026-01-02 07:43:00,product_issue,True
RF0012184,T0012184,2026-04-24 22:44:00,product_issue,True
RF0012186,T0012186,2026-07-07 12:04:00,product_issue,True
RF0012188,T0012188,2026-07-11 16:49:00,customer_request,True
RF0012206,T0012206,2026-06-20 09:19:00,other,True
RF0012220,T0012220,2026-07-08 02:36:00,customer_request,True
RF0012224,T0012224,2026-06-12 04:27:00,duplicate,True
RF0012244,T0012244,2026-04-26 20:18:00,other,True
RF0012251,T0012251,2026-03-27 16:37:00,other,True
RF0012261,T0012261,2026-01-02 21:59:00,product_issue,True
RF0012263,T0012263,2026-02-11 04:56:00,duplicate,True
RF0012269,T0012269,2026-01-18 21:29:00,product_issue,True
RF0012271,T0012271,2026-04-29 13:13:00,product_issue,True
RF0012339,T0012339,2026-06-08 18:25:00,other,True
RF0012341,T0012341,2026-04-23 05:50:00,duplicate,True
RF0012381,T0012381,2026-03-18 21:56:00,duplicate,True
RF0012384,T0012384,2026-03-11 11:20:00,customer_request,True
RF0012390,T0012390,2026-07-10 14:37:00,other,True
RF0012413,T0012413,2026-01-24 11:18:00,other,True
RF0012424,T0012424,2026-05-28 22:57:00,product_issue,True
RF0012431,T0012431,2026-02-04 10:38:00,customer_request,True
RF0012432,T0012432,2026-05-27 08:32:00,customer_request,True
RF0012435,T0012435,2026-02-02 14:32:00,other,True
RF0012444,T0012444,2026-01-26 09:58:00,customer_request,True
RF0012446,T0012446,2026-04-08 05:22:00,customer_request,True
RF0012449,T0012449,2026-05-01 04:15:00,duplicate,True
RF0012450,T0012450,2026-06-07 12:49:00,product_issue,True
RF0012455,T0012455,2026-03-03 04:36:00,customer_request,True
RF0012459,T0012459,2026-02-07 18:14:00,duplicate,True
RF0012470,T0012470,2026-01-03 12:03:00,customer_request,True
RF0012473,T0012473,2026-04-11 14:15:00,duplicate,True
RF0012477,T0012477,2026-03-01 10:36:00,customer_request,True
RF0012481,T0012481,2026-01-11 21:52:00,other,True
RF0012504,T0012504,2026-01-31 18:14:00,other,True
RF0012528,T0012528,2026-02-07 02:49:00,product_issue,True
RF0012552,T0012552,2026-03-30 07:09:00,duplicate,True
RF0012554,T0012554,2026-03-20 19:52:00,product_issue,True
RF0012566,T0012566,2026-05-21 18:29:00,product_issue,True
RF0012578,T0012578,2026-03-28 23:38:00,product_issue,True
RF0012591,T0012591,2026-01-04 13:13:00,customer_request,True
RF0012595,T0012595,2026-03-03 13:13:00,customer_request,True
RF0012642,T0012642,2026-05-19 15:52:00,duplicate,True
RF0012650,T0012650,2026-03-03 06:33:00,customer_request,True
RF0012653,T0012653,2026-07-06 18:11:00,product_issue,True
RF0012660,T0012660,2026-02-15 08:00:00,product_issue,True
RF0012687,T0012687,2026-05-06 04:51:00,other,True
RF0012697,T0012697,2026-06-20 19:40:00,customer_request,True
RF0012710,T0012710,2026-01-28 01:31:00,customer_request,True
RF0012713,T0012713,2026-01-09 21:14:00,customer_request,True
RF0012721,T0012721,2026-01-21 15:54:00,duplicate,True
RF0012731,T0012731,2026-06-21 19:55:00,customer_request,True
RF0012754,T0012754,2026-01-10 09:47:00,duplicate,True
RF0012755,T0012755,2026-01-13 18:54:00,duplicate,True
RF0012766,T0012766,2026-02-22 18:52:00,product_issue,True
RF0012776,T0012776,2026-07-26 13:11:00,other,True
RF0012799,T0012799,2026-02-23 04:17:00,other,True
RF0012804,T0012804,2026-03-09 03:22:00,product_issue,True
RF0012811,T0012811,2026-03-15 17:53:00,product_issue,True
RF0012812,T0012812,2026-05-04 11:55:00,product_issue,True
RF0012814,T0012814,2026-02-04 08:45:00,product_issue,True
RF0012823,T0012823,2026-05-28 14:41:00,customer_request,True
RF0012827,T0012827,2026-02-19 23:21:00,product_issue,True
RF0012833,T0012833,2026-02-08 15:10:00,other,True
RF0012839,T0012839,2026-03-25 17:29:00,product_issue,True
RF0012857,T0012857,2026-02-20 21:49:00,other,True
RF0012875,T0012875,2026-05-25 06:04:00,product_issue,True
RF0012899,T0012899,2026-01-09 02:57:00,customer_request,True
RF0012901,T0012901,2026-06-29 19:22:00,other,True
RF0012903,T0012903,2026-04-06 11:56:00,customer_request,True
RF0012906,T0012906,2026-03-03 12:29:00,customer_request,True
RF0012918,T0012918,2026-06-12 17:04:00,other,True
RF0012926,T0012926,2026-03-05 15:04:00,other,True
RF0012934,T0012934,2026-06-09 07:28:00,other,True
RF0012935,T0012935,2026-01-23 15:17:00,other,True
RF0012948,T0012948,2026-02-10 07:01:00,product_issue,True
RF0012955,T0012955,2026-02-21 23:26:00,customer_request,True
RF0012985,T0012985,2026-01-12 13:35:00,customer_request,True
RF0012986,T0012986,2026-06-03 23:09:00,customer_request,True
RF0012991,T0012991,2026-05-07 17:11:00,product_issue,True
RF0012993,T0012993,2026-01-13 07:49:00,duplicate,True
RF0012998,T0012998,2026-03-23 23:53:00,customer_request,True
RF0012999,T0012999,2026-04-14 02:08:00,other,True
RF0013009,T0013009,2026-04-10 08:22:00,product_issue,True
RF0013015,T0013015,2026-05-07 05:25:00,customer_request,True
RF0013021,T0013021,2026-02-01 10:46:00,other,True
RF0013022,T0013022,2026-07-26 14:39:00,product_issue,True
RF0013032,T0013032,2026-01-07 09:54:00,customer_request,True
RF0013033,T0013033,2026-02-03 20:20:00,product_issue,True
RF0013037,T0013037,2026-01-26 02:35:00,product_issue,True
RF0013045,T0013045,2026-02-16 14:48:00,other,True
RF0013055,T0013055,2026-04-30 09:44:00,duplicate,True
RF0013056,T0013056,2026-06-07 22:14:00,product_issue,True
RF0013057,T0013057,2026-02-15 13:10:00,other,True
RF0013064,T0013064,2026-07-25 03:15:00,product_issue,True
RF0013066,T0013066,2026-04-02 06:07:00,other,True
RF0013069,T0013069,2026-05-31 02:00:00,customer_request,True
RF0013077,T0013077,2026-07-02 09:10:00,product_issue,True
RF0013086,T0013086,2026-06-01 08:55:00,customer_request,True
RF0013093,T0013093,2026-07-26 06:45:00,customer_request,True
RF0013098,T0013098,2026-05-02 00:24:00,product_issue,True
RF0013111,T0013111,2026-04-05 13:37:00,product_issue,True
RF0013119,T0013119,2026-01-31 13:45:00,other,True
RF0013131,T0013131,2026-01-06 07:23:00,duplicate,True
RF0013134,T0013134,2026-02-13 00:14:00,duplicate,True
RF0013137,T0013137,2026-05-09 20:58:00,product_issue,True
RF0013139,T0013139,2026-03-26 05:39:00,duplicate,True
RF0013155,T0013155,2026-06-27 15:34:00,duplicate,True
RF0013159,T0013159,2026-04-29 23:06:00,customer_request,True
RF0013167,T0013167,2026-02-12 22:19:00,duplicate,True
RF0013171,T0013171,2026-03-08 21:51:00,customer_request,True
RF0013208,T0013208,2026-04-21 14:20:00,product_issue,True
RF0013217,T0013217,2026-06-13 01:11:00,other,True
RF0013220,T0013220,2026-06-18 19:56:00,duplicate,True
RF0013224,T0013224,2026-01-22 18:17:00,other,True
RF0013243,T0013243,2026-06-04 12:33:00,other,True
RF0013249,T0013249,2026-07-03 14:43:00,customer_request,True
RF0013250,T0013250,2026-04-04 06:50:00,customer_request,True
RF0013263,T0013263,2026-03-10 13:47:00,duplicate,True
RF0013265,T0013265,2026-02-21 12:16:00,customer_request,True
RF0013269,T0013269,2026-04-18 23:18:00,duplicate,True
RF0013272,T0013272,2026-01-26 17:26:00,duplicate,True
RF0013301,T0013301,2026-04-28 01:25:00,duplicate,True
RF0013308,T0013308,2026-06-10 10:24:00,product_issue,True
RF0013337,T0013337,2026-03-23 00:39:00,customer_request,True
RF0013338,T0013338,2026-05-05 22:30:00,customer_request,True
RF0013339,T0013339,2026-05-06 03:55:00,product_issue,True
RF0013345,T0013345,2026-06-24 11:11:00,duplicate,True
RF0013358,T0013358,2026-01-24 03:50:00,other,True
RF0013359,T0013359,2026-06-23 17:11:00,customer_request,True
RF0013362,T0013362,2026-03-30 23:35:00,other,True
RF0013364,T0013364,2026-06-16 22:27:00,customer_request,True
RF0013383,T0013383,2026-02-22 17:02:00,customer_request,True
RF0013390,T0013390,2026-05-28 04:10:00,product_issue,True
RF0013404,T0013404,2026-01-06 00:06:00,other,True
RF0013439,T0013439,2026-01-18 08:05:00,duplicate,True
RF0013441,T0013441,2026-05-23 06:45:00,other,True
RF0013442,T0013442,2026-03-17 10:11:00,product_issue,True
RF0013443,T0013443,2026-02-27 13:58:00,product_issue,True
RF0013502,T0013502,2026-03-13 18:09:00,product_issue,True
RF0013508,T0013508,2026-04-19 00:48:00,product_issue,True
RF0013529,T0013529,2026-07-27 21:10:00,duplicate,True
RF0013544,T0013544,2026-03-01 10:45:00,other,True
RF0013554,T0013554,2026-04-04 20:11:00,product_issue,True
RF0013556,T0013556,2026-04-30 05:59:00,other,True
RF0013563,T0013563,2026-05-09 11:07:00,duplicate,True
RF0013565,T0013565,2026-07-05 04:16:00,other,True
RF0013570,T0013570,2026-03-23 20:41:00,product_issue,True
RF0013587,T0013587,2026-04-04 16:34:00,customer_request,True
RF0013589,T0013589,2026-05-31 12:52:00,duplicate,True
RF0013602,T0013602,2026-05-24 08:52:00,duplicate,True
RF0013615,T0013615,2026-06-30 22:16:00,product_issue,True
RF0013621,T0013621,2026-02-04 22:48:00,duplicate,True
RF0013625,T0013625,2026-01-29 02:13:00,product_issue,True
RF0013630,T0013630,2026-01-20 08:23:00,other,True
RF0013653,T0013653,2026-02-06 11:34:00,other,True
RF0013670,T0013670,2026-02-19 03:51:00,product_issue,True
RF0013671,T0013671,2026-05-04 19:20:00,other,True
RF0013683,T0013683,2026-05-20 02:51:00,other,True
RF0013691,T0013691,2026-01-06 11:40:00,duplicate,True
RF0013693,T0013693,2026-03-31 10:26:00,product_issue,True
RF0013704,T0013704,2026-05-30 22:40:00,duplicate,True
RF0013734,T0013734,2026-06-05 23:45:00,duplicate,True
RF0013741,T0013741,2026-02-05 02:49:00,other,True
RF0013746,T0013746,2026-06-13 10:26:00,other,True
RF0013750,T0013750,2026-05-19 19:59:00,duplicate,True
RF0013782,T0013782,2026-04-23 01:19:00,customer_request,True
RF0013784,T0013784,2026-05-23 17:40:00,product_issue,True
RF0013787,T0013787,2026-03-19 09:19:00,other,True
RF0013795,T0013795,2026-03-17 23:25:00,product_issue,True
RF0013832,T0013832,2026-05-26 03:49:00,product_issue,True
RF0013835,T0013835,2026-04-23 12:48:00,other,True
RF0013847,T0013847,2026-03-14 05:17:00,product_issue,True
RF0013851,T0013851,2026-04-27 17:23:00,product_issue,True
RF0013871,T0013871,2026-05-25 00:44:00,duplicate,True
RF0013916,T0013916,2026-03-13 21:46:00,customer_request,True
RF0013963,T0013963,2026-02-22 12:16:00,other,True
RF0014010,T0014010,2026-06-17 20:00:00,duplicate,True
RF0014016,T0014016,2026-02-25 08:59:00,product_issue,True
RF0014025,T0014025,2026-06-24 09:50:00,other,True
RF0014028,T0014028,2026-01-12 22:08:00,product_issue,True
RF0014030,T0014030,2026-07-06 01:48:00,customer_request,True
RF0014033,T0014033,2026-01-09 13:42:00,product_issue,True
RF0014034,T0014034,2026-05-24 18:09:00,customer_request,True
RF0014040,T0014040,2026-02-13 05:54:00,product_issue,True
RF0014050,T0014050,2026-01-04 10:14:00,product_issue,True
RF0014060,T0014060,2026-03-13 17:39:00,product_issue,True
RF0014087,T0014087,2026-07-28 03:07:00,duplicate,True
RF0014136,T0014136,2026-01-20 05:45:00,product_issue,True
RF0014165,T0014165,2026-02-27 03:35:00,other,True
RF0014182,T0014182,2026-03-08 03:04:00,customer_request,True
RF0014185,T0014185,2026-07-11 09:31:00,customer_request,True
RF0014187,T0014187,2026-05-28 07:31:00,customer_request,True
RF0014188,T0014188,2026-05-31 04:06:00,customer_request,True
RF0014196,T0014196,2026-07-16 18:46:00,other,True
RF0014199,T0014199,2026-03-11 00:50:00,other,True
RF0014209,T0014209,2026-05-11 10:49:00,product_issue,True
RF0014218,T0014218,2026-04-16 06:04:00,product_issue,True
RF0014219,T0014219,2026-04-28 07:34:00,customer_request,True
RF0014236,T0014236,2026-07-19 14:42:00,other,True
RF0014246,T0014246,2026-08-01 07:38:00,customer_request,True
RF0014254,T0014254,2026-01-11 19:27:00,other,True
RF0014265,T0014265,2026-07-07 11:39:00,duplicate,True
RF0014281,T0014281,2026-01-25 00:48:00,product_issue,True
RF0014301,T0014301,2026-02-01 01:55:00,other,True
RF0014308,T0014308,2026-04-16 21:44:00,other,True
RF0014327,T0014327,2026-04-17 00:49:00,product_issue,True
RF0014353,T0014353,2026-05-29 11:59:00,product_issue,True
RF0014357,T0014357,2026-03-21 04:00:00,customer_request,True
RF0014371,T0014371,2026-04-30 22:28:00,product_issue,True
RF0014373,T0014373,2026-03-12 09:03:00,duplicate,True
RF0014376,T0014376,2026-05-30 14:44:00,customer_request,True
RF0014377,T0014377,2026-03-19 21:04:00,duplicate,True
RF0014383,T0014383,2026-01-19 19:08:00,other,True
RF0014384,T0014384,2026-01-04 18:15:00,duplicate,True
RF0014388,T0014388,2026-03-08 00:20:00,other,True
RF0014393,T0014393,2026-05-06 13:53:00,other,True
RF0014401,T0014401,2026-03-16 16:33:00,customer_request,True
RF0014408,T0014408,2026-02-07 05:38:00,duplicate,True
RF0014409,T0014409,2026-04-24 21:22:00,customer_request,True
RF0014415,T0014415,2026-01-09 08:54:00,other,True
RF0014450,T0014450,2026-04-12 16:42:00,other,True
RF0014469,T0014469,2026-02-22 05:21:00,customer_request,True
RF0014480,T0014480,2026-01-11 20:20:00,customer_request,True
RF0014523,T0014523,2026-05-22 17:09:00,customer_request,True
RF0014524,T0014524,2026-02-08 12:37:00,customer_request,True
RF0014526,T0014526,2026-01-12 20:20:00,duplicate,True
RF0014542,T0014542,2026-02-13 09:43:00,other,True
RF0014549,T0014549,2026-07-08 11:55:00,other,True
RF0014558,T0014558,2026-04-24 17:08:00,product_issue,True
RF0014559,T0014559,2026-07-31 03:28:00,other,True
RF0014567,T0014567,2026-06-26 11:27:00,other,True
RF0014582,T0014582,2026-05-29 04:18:00,customer_request,True
RF0014597,T0014597,2026-07-03 17:09:00,other,True
RF0014609,T0014609,2026-02-12 21:44:00,customer_request,True
RF0014629,T0014629,2026-01-18 15:34:00,customer_request,True
RF0014647,T0014647,2026-03-16 22:47:00,product_issue,True
RF0014656,T0014656,2026-07-15 21:27:00,duplicate,True
RF0014664,T0014664,2026-05-08 10:43:00,customer_request,True
RF0014675,T0014675,2026-01-15 12:18:00,customer_request,True
RF0014676,T0014676,2026-01-07 18:41:00,product_issue,True
RF0014701,T0014701,2026-07-02 06:57:00,duplicate,True
RF0014706,T0014706,2026-02-24 21:33:00,customer_request,True
RF0014725,T0014725,2026-07-17 17:50:00,product_issue,True
RF0014737,T0014737,2026-04-19 18:40:00,other,True
RF0014738,T0014738,2026-04-13 23:45:00,product_issue,True
RF0014751,T0014751,2026-06-12 12:08:00,other,True
RF0014753,T0014753,2026-06-29 16:05:00,other,True
RF0014758,T0014758,2026-01-09 04:44:00,customer_request,True
RF0014764,T0014764,2026-07-07 11:13:00,customer_request,True
RF0014779,T0014779,2026-05-07 00:56:00,customer_request,True
RF0014782,T0014782,2026-01-17 00:23:00,other,True
RF0014783,T0014783,2026-01-19 18:49:00,duplicate,True
RF0014789,T0014789,2026-03-05 00:13:00,duplicate,True
RF0014794,T0014794,2026-07-13 12:27:00,customer_request,True
RF0014799,T0014799,2026-01-05 21:10:00,other,True
RF0014828,T0014828,2026-02-04 11:32:00,product_issue,True
RF0014830,T0014830,2026-05-19 19:08:00,product_issue,True
RF0014831,T0014831,2026-04-14 22:11:00,customer_request,True
RF0014832,T0014832,2026-03-04 18:53:00,other,True
RF0014837,T0014837,2026-05-10 00:56:00,duplicate,True
RF0014846,T0014846,2026-01-13 13:56:00,customer_request,True
RF0014855,T0014855,2026-04-03 15:44:00,product_issue,True
RF0014865,T0014865,2026-06-05 02:26:00,product_issue,True
RF0014870,T0014870,2026-05-17 18:33:00,duplicate,True
RF0014892,T0014892,2026-03-13 19:36:00,other,True
RF0014935,T0014935,2026-05-02 05:27:00,customer_request,True
RF0014938,T0014938,2026-06-18 05:38:00,other,True
RF0014941,T0014941,2026-01-21 21:18:00,duplicate,True
RF0014953,T0014953,2026-03-09 15:18:00,customer_request,True
RF0014973,T0014973,2026-06-10 23:33:00,duplicate,True
RF0014975,T0014975,2026-05-08 09:16:00,customer_request,True
RF0014986,T0014986,2026-06-19 09:26:00,product_issue,True
RF0015002,T0015002,2026-05-14 12:18:00,duplicate,True
RF0015033,T0015033,2026-06-14 05:41:00,duplicate,True
RF0015047,T0015047,2026-02-27 23:53:00,product_issue,True
RF0015051,T0015051,2026-03-06 20:14:00,duplicate,True
RF0015052,T0015052,2026-04-30 12:51:00,other,True
RF0015055,T0015055,2026-01-07 02:20:00,duplicate,True
RF0015084,T0015084,2026-03-13 13:00:00,duplicate,True
RF0015091,T0015091,2026-05-15 12:05:00,customer_request,True
RF0015096,T0015096,2026-07-31 04:01:00,other,True
RF0015100,T0015100,2026-02-07 10:17:00,other,True
RF0015105,T0015105,2026-04-04 14:05:00,duplicate,True
RF0015137,T0015137,2026-04-26 03:28:00,other,True
RF0015167,T0015167,2026-05-24 16:21:00,duplicate,True
RF0015172,T0015172,2026-01-27 02:10:00,duplicate,True
RF0015177,T0015177,2026-01-10 20:09:00,product_issue,True
RF0015189,T0015189,2026-01-22 04:23:00,customer_request,True
RF0015196,T0015196,2026-04-21 00:13:00,other,True
RF0015205,T0015205,2026-05-01 04:06:00,product_issue,True
RF0015207,T0015207,2026-07-04 20:04:00,customer_request,True
RF0015223,T0015223,2026-05-22 14:52:00,other,True
RF0015260,T0015260,2026-07-28 11:57:00,other,True
RF0015261,T0015261,2026-05-02 09:06:00,product_issue,True
RF0015278,T0015278,2026-04-23 16:01:00,duplicate,True
RF0015284,T0015284,2026-05-03 08:26:00,other,True
RF0015288,T0015288,2026-06-27 15:07:00,other,True
RF0015307,T0015307,2026-01-29 19:17:00,customer_request,True
RF0015318,T0015318,2026-04-23 19:08:00,customer_request,True
RF0015321,T0015321,2026-06-15 19:17:00,duplicate,True
RF0015340,T0015340,2026-03-01 22:12:00,other,True
RF0015359,T0015359,2026-04-13 17:41:00,product_issue,True
RF0015366,T0015366,2026-05-15 20:12:00,product_issue,True
RF0015376,T0015376,2026-01-15 20:41:00,customer_request,True
RF0015389,T0015389,2026-06-27 23:08:00,product_issue,True
RF0015397,T0015397,2026-06-14 19:11:00,product_issue,True
RF0015423,T0015423,2026-04-13 22:20:00,duplicate,True
RF0015427,T0015427,2026-01-13 15:59:00,customer_request,True
RF0015442,T0015442,2026-05-05 19:44:00,product_issue,True
RF0015448,T0015448,2026-03-07 03:48:00,duplicate,True
RF0015453,T0015453,2026-05-16 05:53:00,customer_request,True
RF0015464,T0015464,2026-04-12 21:26:00,customer_request,True
RF0015475,T0015475,2026-06-12 00:46:00,customer_request,True
RF0015487,T0015487,2026-02-03 16:19:00,duplicate,True
RF0015491,T0015491,2026-05-18 22:18:00,duplicate,True
RF0015493,T0015493,2026-02-17 23:33:00,duplicate,True
RF0015499,T0015499,2026-07-22 23:18:00,customer_request,True
RF0015525,T0015525,2026-06-26 15:47:00,customer_request,True
RF0015544,T0015544,2026-07-25 08:37:00,product_issue,True
RF0015547,T0015547,2026-04-02 18:35:00,customer_request,True
RF0015564,T0015564,2026-04-14 23:14:00,other,True
RF0015592,T0015592,2026-02-23 18:09:00,duplicate,True
RF0015593,T0015593,2026-02-13 15:15:00,customer_request,True
RF0015616,T0015616,2026-05-25 19:38:00,product_issue,True
RF0015626,T0015626,2026-06-07 07:23:00,duplicate,True
RF0015629,T0015629,2026-03-20 03:21:00,product_issue,True
RF0015631,T0015631,2026-02-22 03:58:00,product_issue,True
RF0015670,T0015670,2026-02-28 20:49:00,other,True
RF0015685,T0015685,2026-03-15 23:55:00,product_issue,True
RF0015686,T0015686,2026-07-12 02:58:00,product_issue,True
RF0015707,T0015707,2026-01-14 04:19:00,other,True
RF0015732,T0015732,2026-05-22 08:31:00,customer_request,True
RF0015736,T0015736,2026-05-17 12:04:00,other,True
RF0015740,T0015740,2026-04-21 18:04:00,product_issue,True
RF0015741,T0015741,2026-02-22 07:17:00,duplicate,True
RF0015748,T0015748,2026-04-20 08:59:00,duplicate,True
RF0015750,T0015750,2026-01-07 23:49:00,customer_request,True
RF0015756,T0015756,2026-04-22 18:57:00,customer_request,True
RF0015757,T0015757,2026-07-15 22:02:00,product_issue,True
RF0015761,T0015761,2026-07-04 17:36:00,duplicate,True
RF0015784,T0015784,2026-03-09 19:10:00,duplicate,True
RF0015796,T0015796,2026-03-06 14:35:00,product_issue,True
RF0015811,T0015811,2026-03-19 03:16:00,other,True
RF0015817,T0015817,2026-04-02 01:50:00,product_issue,True
RF0015820,T0015820,2026-07-04 04:07:00,product_issue,True
RF0015871,T0015871,2026-06-12 02:50:00,duplicate,True
RF0015876,T0015876,2026-02-07 13:56:00,other,True
RF0015880,T0015880,2026-01-21 23:42:00,other,True
RF0015890,T0015890,2026-03-11 10:53:00,customer_request,True
RF0015901,T0015901,2026-05-25 08:31:00,product_issue,True
RF0015905,T0015905,2026-06-29 00:11:00,duplicate,True
RF0015909,T0015909,2026-05-18 07:58:00,product_issue,True
RF0015922,T0015922,2026-03-31 03:26:00,product_issue,True
RF0015927,T0015927,2026-06-13 01:27:00,product_issue,True
RF0015931,T0015931,2026-05-07 14:25:00,product_issue,True
RF0015941,T0015941,2026-02-18 12:44:00,customer_request,True
RF0015943,T0015943,2026-04-25 04:50:00,other,True
RF0015948,T0015948,2026-06-22 16:39:00,other,True
RF0015952,T0015952,2026-05-15 15:05:00,other,True
RF0015955,T0015955,2026-05-26 00:52:00,duplicate,True
RF0015959,T0015959,2026-03-02 10:42:00,customer_request,True
RF0015977,T0015977,2026-05-07 00:30:00,duplicate,True
RF0015981,T0015981,2026-03-07 00:39:00,product_issue,True
RF0015982,T0015982,2026-04-13 17:05:00,other,True
RF0016017,T0016017,2026-07-31 11:34:00,duplicate,True
RF0016041,T0016041,2026-02-19 04:14:00,product_issue,True
RF0016047,T0016047,2026-01-23 21:48:00,customer_request,True
RF0016048,T0016048,2026-01-02 18:10:00,duplicate,True
RF0016055,T0016055,2026-02-20 15:27:00,customer_request,True
RF0016108,T0016108,2026-03-23 05:25:00,duplicate,True
RF0016115,T0016115,2026-03-08 00:50:00,other,True
RF0016118,T0016118,2026-07-31 13:54:00,duplicate,True
RF0016121,T0016121,2026-03-25 04:27:00,duplicate,True
RF0016135,T0016135,2026-06-22 07:46:00,customer_request,True
RF0016151,T0016151,2026-02-05 12:38:00,customer_request,True
RF0016157,T0016157,2026-04-11 15:51:00,other,True
RF0016163,T0016163,2026-07-02 00:16:00,customer_request,True
RF0016164,T0016164,2026-05-09 01:34:00,duplicate,True
RF0016165,T0016165,2026-07-10 19:38:00,duplicate,True
RF0016167,T0016167,2026-05-08 08:11:00,duplicate,True
RF0016192,T0016192,2026-03-04 09:34:00,duplicate,True
RF0016194,T0016194,2026-05-20 17:52:00,duplicate,True
RF0016196,T0016196,2026-06-23 23:24:00,product_issue,True
RF0016209,T0016209,2026-03-09 11:22:00,other,True
RF0016216,T0016216,2026-01-16 06:18:00,duplicate,True
RF0016217,T0016217,2026-07-12 20:07:00,other,True
RF0016218,T0016218,2026-02-13 04:31:00,product_issue,True
RF0016219,T0016219,2026-02-19 00:52:00,product_issue,True
RF0016224,T0016224,2026-03-05 10:14:00,duplicate,True
RF0016249,T0016249,2026-05-24 10:03:00,product_issue,True
RF0016284,T0016284,2026-03-18 13:01:00,other,True
RF0016285,T0016285,2026-06-16 11:41:00,product_issue,True
RF0016292,T0016292,2026-06-19 06:52:00,other,True
RF0016301,T0016301,2026-02-06 17:58:00,duplicate,True
RF0016315,T0016315,2026-06-29 08:51:00,duplicate,True
RF0016321,T0016321,2026-02-06 00:04:00,customer_request,True
RF0016335,T0016335,2026-07-31 07:01:00,other,True
RF0016372,T0016372,2026-04-15 09:36:00,product_issue,True
RF0016408,T0016408,2026-05-09 08:21:00,duplicate,True
RF0016410,T0016410,2026-03-03 05:25:00,duplicate,True
RF0016429,T0016429,2026-03-06 09:58:00,customer_request,True
RF0016443,T0016443,2026-05-15 20:51:00,customer_request,True
RF0016456,T0016456,2026-01-15 08:48:00,customer_request,True
RF0016463,T0016463,2026-07-26 07:09:00,other,True
RF0016466,T0016466,2026-07-25 00:08:00,other,True
RF0016468,T0016468,2026-03-16 19:02:00,customer_request,True
RF0016482,T0016482,2026-07-17 01:25:00,customer_request,True
RF0016484,T0016484,2026-06-17 18:29:00,product_issue,True
RF0016487,T0016487,2026-07-14 01:01:00,other,True
RF0016492,T0016492,2026-02-04 14:54:00,customer_request,True
RF0016498,T0016498,2026-02-05 16:42:00,product_issue,True
RF0016515,T0016515,2026-02-27 10:19:00,other,True
RF0016522,T0016522,2026-06-23 23:23:00,other,True
RF0016538,T0016538,2026-07-08 23:08:00,other,True
RF0016550,T0016550,2026-01-28 23:41:00,other,True
RF0016552,T0016552,2026-06-25 05:41:00,product_issue,True
RF0016559,T0016559,2026-04-26 16:37:00,customer_request,True
RF0016561,T0016561,2026-07-03 15:11:00,duplicate,True
RF0016572,T0016572,2026-05-31 14:24:00,product_issue,True
RF0016587,T0016587,2026-01-03 00:12:00,customer_request,True
RF0016602,T0016602,2026-06-07 16:44:00,duplicate,True
RF0016618,T0016618,2026-07-20 15:27:00,duplicate,True
RF0016627,T0016627,2026-05-19 21:31:00,other,True
RF0016629,T0016629,2026-07-18 03:16:00,other,True
RF0016631,T0016631,2026-03-01 02:36:00,other,True
RF0016633,T0016633,2026-04-29 00:32:00,customer_request,True
RF0016634,T0016634,2026-05-16 12:44:00,other,True
RF0016635,T0016635,2026-01-14 07:36:00,customer_request,True
RF0016638,T0016638,2026-03-09 09:19:00,product_issue,True
RF0016653,T0016653,2026-05-31 15:34:00,duplicate,True
RF0016655,T0016655,2026-06-28 10:39:00,duplicate,True
RF0016661,T0016661,2026-06-25 06:00:00,other,True
RF0016673,T0016673,2026-01-27 23:06:00,customer_request,True
RF0016675,T0016675,2026-05-24 18:33:00,customer_request,True
RF0016682,T0016682,2026-05-21 12:29:00,duplicate,True
RF0016685,T0016685,2026-01-11 02:50:00,other,True
RF0016702,T0016702,2026-06-25 15:28:00,product_issue,True
RF0016708,T0016708,2026-05-01 12:01:00,customer_request,True
RF0016711,T0016711,2026-07-26 11:45:00,customer_request,True
RF0016712,T0016712,2026-02-04 08:28:00,duplicate,True
RF0016715,T0016715,2026-07-21 01:45:00,other,True
RF0016726,T0016726,2026-07-08 09:42:00,customer_request,True
RF0016730,T0016730,2026-01-23 15:00:00,duplicate,True
RF0016748,T0016748,2026-07-28 13:50:00,other,True
RF0016753,T0016753,2026-01-23 10:00:00,duplicate,True
RF0016763,T0016763,2026-03-03 06:00:00,other,True
RF0016771,T0016771,2026-02-17 15:51:00,duplicate,True
RF0016779,T0016779,2026-07-29 12:16:00,other,True
RF0016783,T0016783,2026-03-05 02:08:00,product_issue,True
RF0016813,T0016813,2026-03-18 17:21:00,product_issue,True
RF0016820,T0016820,2026-06-17 23:39:00,duplicate,True
RF0016822,T0016822,2026-02-07 23:31:00,duplicate,True
RF0016827,T0016827,2026-03-19 10:42:00,customer_request,True
RF0016832,T0016832,2026-02-05 14:59:00,duplicate,True
RF0016854,T0016854,2026-02-27 04:42:00,duplicate,True
RF0016874,T0016874,2026-06-24 21:57:00,customer_request,True
RF0016876,T0016876,2026-03-14 04:58:00,product_issue,True
RF0016884,T0016884,2026-05-23 06:25:00,duplicate,True
RF0016905,T0016905,2026-05-30 10:33:00,product_issue,True
RF0016911,T0016911,2026-01-09 22:44:00,customer_request,True
RF0016914,T0016914,2026-04-03 20:07:00,duplicate,True
RF0016916,T0016916,2026-05-30 08:50:00,duplicate,True
RF0016920,T0016920,2026-06-15 16:04:00,duplicate,True
RF0016940,T0016940,2026-07-11 19:30:00,other,True
RF0016958,T0016958,2026-05-26 16:29:00,duplicate,True
RF0016965,T0016965,2026-07-29 15:42:00,duplicate,True
RF0016971,T0016971,2026-07-06 15:13:00,customer_request,True
RF0016994,T0016994,2026-06-16 01:52:00,duplicate,True
RF0017015,T0017015,2026-01-16 18:25:00,customer_request,True
RF0017018,T0017018,2026-07-03 02:24:00,customer_request,True
RF0017020,T0017020,2026-05-17 19:19:00,duplicate,True
RF0017026,T0017026,2026-05-17 20:52:00,other,True
RF0017032,T0017032,2026-05-16 07:44:00,product_issue,True
RF0017045,T0017045,2026-05-15 06:05:00,duplicate,True
RF0017074,T0017074,2026-05-31 22:15:00,product_issue,True
RF0017075,T0017075,2026-05-06 12:15:00,other,True
RF0017082,T0017082,2026-07-23 21:47:00,duplicate,True
RF0017087,T0017087,2026-04-22 14:14:00,customer_request,True
RF0017098,T0017098,2026-03-28 05:45:00,duplicate,True
RF0017112,T0017112,2026-06-08 21:56:00,customer_request,True
RF0017130,T0017130,2026-03-24 19:14:00,duplicate,True
RF0017131,T0017131,2026-05-03 11:43:00,duplicate,True
RF0017137,T0017137,2026-05-08 16:31:00,product_issue,True
RF0017149,T0017149,2026-07-03 07:56:00,other,True
RF0017163,T0017163,2026-01-17 09:51:00,customer_request,True
RF0017168,T0017168,2026-06-11 06:52:00,customer_request,True
RF0017170,T0017170,2026-04-27 03:43:00,other,True
RF0017196,T0017196,2026-04-08 04:47:00,customer_request,True
RF0017212,T0017212,2026-03-16 13:31:00,other,True
RF0017223,T0017223,2026-03-23 00:35:00,duplicate,True
RF0017242,T0017242,2026-05-14 09:26:00,customer_request,True
RF0017266,T0017266,2026-01-30 17:22:00,other,True
RF0017271,T0017271,2026-02-02 15:47:00,other,True
RF0017279,T0017279,2026-07-10 16:45:00,product_issue,True
RF0017288,T0017288,2026-02-05 15:52:00,duplicate,True
RF0017297,T0017297,2026-05-30 15:20:00,duplicate,True
RF0017311,T0017311,2026-05-31 08:31:00,customer_request,True
RF0017339,T0017339,2026-03-06 16:05:00,product_issue,True
RF0017343,T0017343,2026-03-01 09:47:00,customer_request,True
RF0017345,T0017345,2026-04-02 17:56:00,duplicate,True
RF0017347,T0017347,2026-03-21 19:10:00,other,True
RF0017359,T0017359,2026-01-03 00:06:00,product_issue,True
RF0017385,T0017385,2026-07-12 21:51:00,product_issue,True
RF0017398,T0017398,2026-03-16 05:55:00,other,True
RF0017402,T0017402,2026-02-07 06:27:00,customer_request,True
RF0017410,T0017410,2026-03-30 20:32:00,customer_request,True
RF0017413,T0017413,2026-07-04 05:00:00,product_issue,True
RF0017418,T0017418,2026-06-23 08:07:00,other,True
RF0017419,T0017419,2026-05-18 03:30:00,product_issue,True
RF0017424,T0017424,2026-05-12 05:30:00,product_issue,True
RF0017428,T0017428,2026-03-01 16:52:00,other,True
RF0017436,T0017436,2026-04-11 08:50:00,customer_request,True
RF0017463,T0017463,2026-04-16 22:41:00,duplicate,True
RF0017508,T0017508,2026-07-05 18:57:00,customer_request,True
RF0017528,T0017528,2026-04-26 23:48:00,duplicate,True
RF0017531,T0017531,2026-02-11 17:17:00,customer_request,True
RF0017537,T0017537,2026-07-26 13:42:00,customer_request,True
RF0017543,T0017543,2026-06-14 00:36:00,product_issue,True
RF0017545,T0017545,2026-06-10 01:17:00,duplicate,True
RF0017547,T0017547,2026-05-01 22:02:00,product_issue,True
RF0017559,T0017559,2026-01-23 03:46:00,other,True
RF0017563,T0017563,2026-05-15 03:51:00,customer_request,True
RF0017567,T0017567,2026-02-18 03:26:00,customer_request,True
RF0017574,T0017574,2026-03-14 22:49:00,duplicate,True
RF0017594,T0017594,2026-05-24 04:58:00,customer_request,True
RF0017607,T0017607,2026-03-30 20:44:00,other,True
RF0017610,T0017610,2026-06-16 08:02:00,other,True
RF0017612,T0017612,2026-03-16 17:14:00,duplicate,True
RF0017618,T0017618,2026-06-08 13:40:00,duplicate,True
RF0017663,T0017663,2026-06-06 08:31:00,duplicate,True
RF0017679,T0017679,2026-06-15 14:24:00,other,True
RF0017701,T0017701,2026-02-17 12:04:00,duplicate,True
RF0017706,T0017706,2026-02-25 16:21:00,other,True
RF0017709,T0017709,2026-06-26 18:02:00,duplicate,True
RF0017727,T0017727,2026-06-22 06:15:00,customer_request,True
RF0017733,T0017733,2026-06-17 13:59:00,duplicate,True
RF0017740,T0017740,2026-07-25 19:30:00,duplicate,True
RF0017741,T0017741,2026-01-31 16:48:00,duplicate,True
RF0017747,T0017747,2026-01-09 14:41:00,other,True
RF0017765,T0017765,2026-01-06 01:30:00,product_issue,True
RF0017772,T0017772,2026-07-17 02:38:00,other,True
RF0017777,T0017777,2026-01-26 19:59:00,customer_request,True
RF0017784,T0017784,2026-06-04 04:24:00,product_issue,True
RF0017808,T0017808,2026-05-30 17:44:00,customer_request,True
RF0017809,T0017809,2026-02-10 00:41:00,other,True
RF0017828,T0017828,2026-04-18 18:27:00,duplicate,True
RF0017831,T0017831,2026-04-21 23:36:00,customer_request,True
RF0017832,T0017832,2026-05-19 18:24:00,duplicate,True
RF0017836,T0017836,2026-04-25 11:30:00,product_issue,True
RF0017851,T0017851,2026-05-27 09:23:00,other,True
RF0017854,T0017854,2026-02-21 05:42:00,duplicate,True
RF0017864,T0017864,2026-05-17 16:02:00,other,True
RF0017871,T0017871,2026-01-24 01:11:00,product_issue,True
RF0017883,T0017883,2026-01-28 14:13:00,customer_request,True
RF0017912,T0017912,2026-05-29 19:08:00,customer_request,True
RF0017936,T0017936,2026-07-10 21:39:00,customer_request,True
RF0017941,T0017941,2026-04-06 11:43:00,other,True
RF0017949,T0017949,2026-07-15 22:37:00,duplicate,True
RF0017951,T0017951,2026-03-12 05:03:00,product_issue,True
RF0017961,T0017961,2026-07-22 14:42:00,product_issue,True
RF0017973,T0017973,2026-03-11 04:10:00,product_issue,True
RF0017983,T0017983,2026-04-22 14:06:00,customer_request,True
RF0017989,T0017989,2026-05-14 23:00:00,product_issue,True
RF0017996,T0017996,2026-07-14 15:34:00,duplicate,True
RF0018010,T0018010,2026-02-22 19:52:00,other,True
RF0018040,T0018040,2026-03-05 16:00:00,duplicate,True
RF0018062,T0018062,2026-07-20 06:05:00,product_issue,True
RF0018081,T0018081,2026-04-12 01:10:00,customer_request,True
RF0018089,T0018089,2026-07-02 02:09:00,duplicate,True
RF0018097,T0018097,2026-06-03 01:33:00,customer_request,True
RF0018101,T0018101,2026-03-13 07:59:00,product_issue,True
RF0018109,T0018109,2026-01-04 19:41:00,customer_request,True
RF0018115,T0018115,2026-01-04 04:26:00,duplicate,True
RF0018117,T0018117,2026-05-25 10:51:00,product_issue,True
RF0018123,T0018123,2026-04-08 18:09:00,other,True
RF0018127,T0018127,2026-04-03 14:51:00,product_issue,True
RF0018129,T0018129,2026-01-04 09:56:00,duplicate,True
RF0018146,T0018146,2026-03-05 15:53:00,customer_request,True
RF0018148,T0018148,2026-04-07 01:26:00,customer_request,True
RF0018150,T0018150,2026-04-30 22:04:00,other,True
RF0018168,T0018168,2026-05-12 09:08:00,other,True
RF0018180,T0018180,2026-04-05 19:41:00,duplicate,True
RF0018213,T0018213,2026-01-08 18:30:00,product_issue,True
RF0018218,T0018218,2026-07-29 04:53:00,customer_request,True
RF0018236,T0018236,2026-03-26 02:03:00,other,True
RF0018245,T0018245,2026-04-13 05:20:00,other,True
RF0018255,T0018255,2026-03-15 09:10:00,duplicate,True
RF0018276,T0018276,2026-05-20 05:01:00,duplicate,True
RF0018284,T0018284,2026-01-14 10:13:00,duplicate,True
RF0018286,T0018286,2026-04-09 23:32:00,duplicate,True
RF0018299,T0018299,2026-06-12 21:44:00,product_issue,True
RF0018302,T0018302,2026-02-16 19:33:00,customer_request,True
RF0018313,T0018313,2026-03-16 07:24:00,duplicate,True
RF0018326,T0018326,2026-02-05 13:52:00,product_issue,True
RF0018328,T0018328,2026-01-28 01:48:00,product_issue,True
RF0018329,T0018329,2026-05-07 22:14:00,customer_request,True
RF0018332,T0018332,2026-02-26 12:12:00,product_issue,True
RF0018338,T0018338,2026-07-08 09:07:00,product_issue,True
RF0018342,T0018342,2026-01-03 23:33:00,other,True
RF0018354,T0018354,2026-01-12 23:39:00,other,True
RF0018366,T0018366,2026-01-25 01:38:00,other,True
RF0018369,T0018369,2026-03-04 06:14:00,customer_request,True
RF0018383,T0018383,2026-04-13 17:17:00,product_issue,True
RF0018391,T0018391,2026-06-06 18:13:00,product_issue,True
RF0018406,T0018406,2026-03-15 23:37:00,duplicate,True
RF0018411,T0018411,2026-06-11 21:00:00,product_issue,True
RF0018420,T0018420,2026-06-14 07:00:00,duplicate,True
RF0018426,T0018426,2026-03-05 15:28:00,product_issue,True
RF0018436,T0018436,2026-05-19 18:21:00,other,True
RF0018448,T0018448,2026-01-28 03:55:00,duplicate,True
RF0018449,T0018449,2026-06-25 10:34:00,product_issue,True
RF0018453,T0018453,2026-01-02 22:17:00,duplicate,True
RF0018479,T0018479,2026-04-26 03:20:00,customer_request,True
RF0018484,T0018484,2026-06-12 00:20:00,duplicate,True
RF0018487,T0018487,2026-03-05 01:08:00,other,True
RF0018499,T0018499,2026-01-13 15:05:00,product_issue,True
RF0018514,T0018514,2026-07-14 01:28:00,product_issue,True
RF0018517,T0018517,2026-05-18 10:52:00,duplicate,True
RF0018519,T0018519,2026-07-18 22:33:00,other,True
RF0018529,T0018529,2026-04-08 13:35:00,product_issue,True
RF0018540,T0018540,2026-05-18 22:09:00,other,True
RF0018544,T0018544,2026-01-27 17:02:00,other,True
RF0018547,T0018547,2026-03-24 22:43:00,customer_request,True
RF0018558,T0018558,2026-03-17 21:25:00,duplicate,True
RF0018560,T0018560,2026-06-18 15:05:00,product_issue,True
RF0018568,T0018568,2026-01-21 13:36:00,customer_request,True
RF0018580,T0018580,2026-04-26 23:41:00,other,True
RF0018585,T0018585,2026-04-12 20:05:00,product_issue,True
RF0018588,T0018588,2026-04-07 15:19:00,product_issue,True
RF0018594,T0018594,2026-01-08 07:39:00,duplicate,True
RF0018600,T0018600,2026-04-30 13:46:00,customer_request,True
RF0018615,T0018615,2026-06-09 19:22:00,duplicate,True
RF0018627,T0018627,2026-05-13 01:24:00,other,True
RF0018644,T0018644,2026-06-27 05:50:00,product_issue,True
RF0018648,T0018648,2026-01-15 08:44:00,customer_request,True
RF0018650,T0018650,2026-07-26 13:50:00,other,True
RF0018651,T0018651,2026-03-25 00:23:00,other,True
RF0018654,T0018654,2026-02-20 07:41:00,duplicate,True
RF0018666,T0018666,2026-02-27 21:37:00,product_issue,True
RF0018679,T0018679,2026-01-19 17:09:00,product_issue,True
RF0018687,T0018687,2026-07-15 10:24:00,product_issue,True
RF0018720,T0018720,2026-05-30 17:44:00,product_issue,True
RF0018729,T0018729,2026-06-26 11:50:00,other,True
RF0018741,T0018741,2026-03-08 01:38:00,product_issue,True
RF0018743,T0018743,2026-05-27 21:13:00,customer_request,True
RF0018745,T0018745,2026-06-30 21:58:00,product_issue,True
RF0018754,T0018754,2026-07-18 04:22:00,customer_request,True
RF0018760,T0018760,2026-07-25 09:45:00,other,True
RF0018764,T0018764,2026-07-14 01:01:00,other,True
RF0018795,T0018795,2026-03-08 16:21:00,product_issue,True
RF0018798,T0018798,2026-07-17 00:30:00,duplicate,True
RF0018845,T0018845,2026-01-31 04:42:00,customer_request,True
RF0018851,T0018851,2026-04-04 12:14:00,product_issue,True
RF0018866,T0018866,2026-03-21 14:50:00,duplicate,True
RF0018872,T0018872,2026-06-09 15:42:00,customer_request,True
RF0018879,T0018879,2026-03-27 06:07:00,customer_request,True
RF0018883,T0018883,2026-07-31 14:24:00,other,True
RF0018887,T0018887,2026-03-23 11:43:00,other,True
RF0018916,T0018916,2026-04-09 12:07:00,other,True
RF0018929,T0018929,2026-04-26 21:19:00,product_issue,True
RF0018931,T0018931,2026-02-07 04:38:00,duplicate,True
RF0018933,T0018933,2026-05-25 03:59:00,duplicate,True
RF0018935,T0018935,2026-05-05 08:28:00,customer_request,True
RF0018936,T0018936,2026-03-10 09:38:00,product_issue,True
RF0018949,T0018949,2026-03-20 02:22:00,customer_request,True
RF0018961,T0018961,2026-05-29 01:41:00,duplicate,True
RF0018966,T0018966,2026-01-08 16:12:00,customer_request,True
RF0018968,T0018968,2026-04-05 18:53:00,duplicate,True
RF0018984,T0018984,2026-07-20 09:04:00,customer_request,True
RF0018985,T0018985,2026-04-10 00:00:00,duplicate,True
RF0018988,T0018988,2026-05-20 18:52:00,other,True
RF0018995,T0018995,2026-03-16 23:17:00,customer_request,True
RF0019000,T0019000,2026-07-17 17:44:00,product_issue,True
RF0019054,T0019054,2026-03-19 08:55:00,product_issue,True
RF0019066,T0019066,2026-02-20 05:07:00,duplicate,True
RF0019069,T0019069,2026-06-07 16:21:00,other,True
RF0019098,T0019098,2026-05-01 16:38:00,other,True
RF0019121,T0019121,2026-02-09 21:39:00,customer_request,True
RF0019138,T0019138,2026-06-04 02:16:00,duplicate,True
RF0019147,T0019147,2026-06-07 08:23:00,duplicate,True
RF0019194,T0019194,2026-02-07 23:00:00,other,True
RF0019206,T0019206,2026-03-27 06:11:00,duplicate,True
RF0019217,T0019217,2026-05-08 02:10:00,other,True
RF0019241,T0019241,2026-02-14 01:04:00,other,True
RF0019245,T0019245,2026-04-04 00:51:00,duplicate,True
RF0019247,T0019247,2026-05-23 20:38:00,duplicate,True
RF0019250,T0019250,2026-02-13 14:42:00,duplicate,True
RF0019253,T0019253,2026-04-21 11:44:00,other,True
RF0019257,T0019257,2026-03-23 02:12:00,customer_request,True
RF0019266,T0019266,2026-01-04 18:58:00,customer_request,True
RF0019278,T0019278,2026-07-09 13:43:00,product_issue,True
RF0019318,T0019318,2026-07-06 00:10:00,product_issue,True
RF0019324,T0019324,2026-03-27 22:47:00,customer_request,True
RF0019352,T0019352,2026-04-07 21:55:00,product_issue,True
RF0019354,T0019354,2026-06-24 10:40:00,product_issue,True
RF0019365,T0019365,2026-03-22 13:45:00,duplicate,True
RF0019367,T0019367,2026-06-24 03:58:00,other,True
RF0019383,T0019383,2026-06-30 11:41:00,other,True
RF0019386,T0019386,2026-06-16 08:53:00,customer_request,True
RF0019391,T0019391,2026-01-15 12:54:00,other,True
RF0019400,T0019400,2026-07-07 10:43:00,duplicate,True
RF0019408,T0019408,2026-07-03 20:11:00,product_issue,True
RF0019415,T0019415,2026-03-03 21:48:00,customer_request,True
RF0019420,T0019420,2026-05-20 09:35:00,product_issue,True
RF0019443,T0019443,2026-04-18 06:51:00,other,True
RF0019451,T0019451,2026-01-11 11:34:00,customer_request,True
RF0019461,T0019461,2026-01-10 10:50:00,product_issue,True
RF0019467,T0019467,2026-02-13 22:32:00,product_issue,True
RF0019487,T0019487,2026-02-03 09:13:00,customer_request,True
RF0019491,T0019491,2026-04-06 17:50:00,duplicate,True
RF0019495,T0019495,2026-03-31 17:59:00,customer_request,True
RF0019505,T0019505,2026-04-13 11:55:00,product_issue,True
RF0019525,T0019525,2026-01-03 13:24:00,customer_request,True
RF0019531,T0019531,2026-03-15 22:14:00,duplicate,True
RF0019532,T0019532,2026-02-12 13:59:00,duplicate,True
RF0019551,T0019551,2026-01-14 20:35:00,product_issue,True
RF0019563,T0019563,2026-06-05 16:25:00,customer_request,True
RF0019586,T0019586,2026-04-19 01:25:00,product_issue,True
RF0019602,T0019602,2026-07-07 17:07:00,other,True
RF0019619,T0019619,2026-03-04 05:36:00,product_issue,True
RF0019626,T0019626,2026-03-28 10:21:00,other,True
RF0019640,T0019640,2026-06-15 04:09:00,customer_request,True
RF0019655,T0019655,2026-05-22 01:36:00,other,True
RF0019673,T0019673,2026-04-09 06:08:00,other,True
RF0019680,T0019680,2026-07-23 01:34:00,customer_request,True
RF0019681,T0019681,2026-04-02 12:13:00,duplicate,True
RF0019682,T0019682,2026-07-11 08:20:00,customer_request,True
RF0019690,T0019690,2026-04-29 08:57:00,customer_request,True
RF0019695,T0019695,2026-07-27 08:48:00,other,True
RF0019700,T0019700,2026-01-19 00:21:00,product_issue,True
RF0019707,T0019707,2026-06-30 10:42:00,duplicate,True
RF0019713,T0019713,2026-01-26 15:51:00,customer_request,True
RF0019725,T0019725,2026-05-13 04:25:00,product_issue,True
RF0019746,T0019746,2026-04-03 10:26:00,duplicate,True
RF0019748,T0019748,2026-03-21 12:54:00,other,True
RF0019754,T0019754,2026-04-02 23:58:00,duplicate,True
RF0019760,T0019760,2026-03-13 12:10:00,product_issue,True
RF0019769,T0019769,2026-03-12 03:15:00,duplicate,True
RF0019800,T0019800,2026-01-28 15:18:00,customer_request,True
RF0019812,T0019812,2026-05-26 19:40:00,other,True
RF0019816,T0019816,2026-03-31 15:07:00,product_issue,True
RF0019826,T0019826,2026-02-07 13:11:00,other,True
RF0019829,T0019829,2026-06-21 17:27:00,other,True
RF0019831,T0019831,2026-02-01 13:15:00,customer_request,True
RF0019851,T0019851,2026-06-29 01:02:00,duplicate,True
RF0019862,T0019862,2026-02-15 22:30:00,duplicate,True
RF0019869,T0019869,2026-05-01 14:41:00,other,True
RF0019879,T0019879,2026-04-13 16:42:00,duplicate,True
RF0019894,T0019894,2026-04-23 05:47:00,product_issue,True
RF0019907,T0019907,2026-02-05 14:16:00,duplicate,True
RF0019910,T0019910,2026-05-12 02:19:00,duplicate,True
RF0019930,T0019930,2026-05-18 06:37:00,product_issue,True
RF0019936,T0019936,2026-02-03 10:10:00,duplicate,True
RF0019937,T0019937,2026-08-02 08:54:00,other,True
RF0019946,T0019946,2026-04-06 21:28:00,product_issue,True
RF0019963,T0019963,2026-02-18 14:37:00,other,True
RF0019969,T0019969,2026-07-25 17:48:00,customer_request,True
RF0019980,T0019980,2026-05-24 03:27:00,customer_request,True
RF0019989,T0019989,2026-04-03 17:20:00,duplicate,True
RF0019990,T0019990,2026-03-22 12:12:00,other,True
RF0019991,T0019991,2026-01-19 05:34:00,product_issue,True
RF0020019,T0020019,2026-07-25 01:10:00,product_issue,True
RF0020024,T0020024,2026-04-30 13:11:00,duplicate,True
RF0020025,T0020025,2026-05-26 13:35:00,product_issue,True
RF0020057,T0020057,2026-05-31 22:13:00,customer_request,True
RF0020064,T0020064,2026-06-25 16:42:00,other,True
RF0020066,T0020066,2026-06-05 11:21:00,customer_request,True
RF0020076,T0020076,2026-04-19 18:45:00,product_issue,True
RF0020091,T0020091,2026-06-22 14:25:00,product_issue,True
RF0020098,T0020098,2026-02-28 20:01:00,product_issue,True
RF0020104,T0020104,2026-03-02 09:23:00,customer_request,True
RF0020113,T0020113,2026-03-06 07:25:00,product_issue,True
RF0020116,T0020116,2026-04-15 07:48:00,customer_request,True
RF0020133,T0020133,2026-05-17 16:31:00,duplicate,True
RF0020153,T0020153,2026-06-28 22:05:00,other,True
RF0020157,T0020157,2026-05-17 09:20:00,product_issue,True
RF0020161,T0020161,2026-05-10 08:20:00,customer_request,True
RF0020177,T0020177,2026-04-23 17:16:00,other,True
RF0020191,T0020191,2026-03-02 00:25:00,product_issue,True
RF0020211,T0020211,2026-06-26 03:33:00,product_issue,True
RF0020213,T0020213,2026-04-30 16:48:00,customer_request,True
RF0020217,T0020217,2026-04-03 06:17:00,product_issue,True
RF0020220,T0020220,2026-02-02 16:07:00,customer_request,True
RF0020236,T0020236,2026-07-03 12:09:00,customer_request,True
RF0020245,T0020245,2026-07-20 19:09:00,duplicate,True
RF0020250,T0020250,2026-04-22 16:57:00,duplicate,True
RF0020281,T0020281,2026-07-02 07:20:00,other,True
RF0020291,T0020291,2026-04-27 01:00:00,product_issue,True
RF0020295,T0020295,2026-07-18 11:02:00,product_issue,True
RF0020305,T0020305,2026-03-12 07:21:00,other,True
RF0020317,T0020317,2026-07-08 12:56:00,product_issue,True
RF0020324,T0020324,2026-04-21 16:55:00,customer_request,True
RF0020331,T0020331,2026-07-29 09:06:00,other,True
RF0020333,T0020333,2026-03-16 17:52:00,customer_request,True
RF0020335,T0020335,2026-06-07 05:13:00,customer_request,True
RF0020359,T0020359,2026-01-26 22:53:00,customer_request,True
RF0020366,T0020366,2026-07-12 01:34:00,other,True
RF0020375,T0020375,2026-05-17 11:57:00,product_issue,True
RF0020406,T0020406,2026-04-03 12:31:00,product_issue,True
RF0020411,T0020411,2026-04-14 01:17:00,other,True
RF0020413,T0020413,2026-05-30 11:56:00,customer_request,True
RF0020414,T0020414,2026-06-03 14:47:00,duplicate,True
RF0020415,T0020415,2026-02-09 20:07:00,product_issue,True
RF0020419,T0020419,2026-07-22 20:10:00,product_issue,True
RF0020431,T0020431,2026-03-15 01:54:00,product_issue,True
RF0020436,T0020436,2026-01-19 02:43:00,duplicate,True
RF0020444,T0020444,2026-04-12 09:20:00,customer_request,True
RF0020462,T0020462,2026-02-07 01:34:00,duplicate,True
RF0020493,T0020493,2026-05-30 15:10:00,product_issue,True
RF0020495,T0020495,2026-07-04 06:03:00,product_issue,True
RF0020528,T0020528,2026-03-08 09:00:00,product_issue,True
RF0020536,T0020536,2026-07-10 16:23:00,duplicate,True
RF0020562,T0020562,2026-06-17 16:05:00,duplicate,True
RF0020565,T0020565,2026-03-12 03:33:00,product_issue,True
RF0020580,T0020580,2026-03-28 16:35:00,product_issue,True
RF0020583,T0020583,2026-02-01 10:07:00,duplicate,True
RF0020586,T0020586,2026-03-06 14:35:00,other,True
RF0020629,T0020629,2026-02-23 00:26:00,duplicate,True
RF0020633,T0020633,2026-02-08 18:54:00,customer_request,True
RF0020644,T0020644,2026-05-24 12:14:00,customer_request,True
RF0020648,T0020648,2026-07-21 01:11:00,customer_request,True
RF0020657,T0020657,2026-01-19 18:34:00,customer_request,True
RF0020675,T0020675,2026-03-04 13:57:00,duplicate,True
RF0020676,T0020676,2026-07-23 18:30:00,other,True
RF0020678,T0020678,2026-04-23 18:36:00,product_issue,True
RF0020684,T0020684,2026-04-22 12:59:00,duplicate,True
RF0020706,T0020706,2026-04-23 14:11:00,product_issue,True
RF0020709,T0020709,2026-04-23 12:08:00,other,True
RF0020722,T0020722,2026-05-26 12:55:00,duplicate,True
RF0020735,T0020735,2026-03-24 02:05:00,duplicate,True
RF0020788,T0020788,2026-02-13 04:05:00,duplicate,True
RF0020792,T0020792,2026-06-08 18:13:00,duplicate,True
RF0020793,T0020793,2026-03-06 01:35:00,other,True
RF0020829,T0020829,2026-02-20 07:29:00,customer_request,True
RF0020831,T0020831,2026-03-16 21:17:00,customer_request,True
RF0020843,T0020843,2026-02-08 17:44:00,customer_request,True
RF0020849,T0020849,2026-05-21 03:13:00,product_issue,True
RF0020855,T0020855,2026-04-18 09:00:00,other,True
RF0020860,T0020860,2026-07-26 18:51:00,duplicate,True
RF0020861,T0020861,2026-01-19 19:11:00,other,True
RF0020865,T0020865,2026-07-14 21:19:00,duplicate,True
RF0020867,T0020867,2026-04-20 10:39:00,product_issue,True
RF0020890,T0020890,2026-06-07 15:41:00,customer_request,True
RF0020891,T0020891,2026-05-11 07:50:00,other,True
RF0020909,T0020909,2026-04-10 20:12:00,customer_request,True
RF0020938,T0020938,2026-05-19 13:06:00,customer_request,True
RF0020939,T0020939,2026-04-26 03:58:00,customer_request,True
RF0020996,T0020996,2026-04-08 08:31:00,product_issue,True
RF0021000,T0021000,2026-01-28 23:46:00,duplicate,True
RF0021024,T0021024,2026-02-04 22:16:00,other,True
RF0021026,T0021026,2026-03-01 19:44:00,customer_request,True
RF0021029,T0021029,2026-02-06 11:03:00,other,True
RF0021034,T0021034,2026-02-18 14:52:00,duplicate,True
RF0021035,T0021035,2026-08-01 07:50:00,customer_request,True
RF0021044,T0021044,2026-04-28 00:45:00,product_issue,True
RF0021047,T0021047,2026-05-10 06:06:00,customer_request,True
RF0021065,T0021065,2026-06-03 01:27:00,other,True
RF0021067,T0021067,2026-06-03 09:29:00,customer_request,True
RF0021071,T0021071,2026-06-08 08:21:00,customer_request,True
RF0021097,T0021097,2026-03-22 12:58:00,product_issue,True
RF0021103,T0021103,2026-04-15 06:17:00,customer_request,True
RF0021106,T0021106,2026-02-20 12:05:00,product_issue,True
RF0021116,T0021116,2026-04-15 04:04:00,duplicate,True
RF0021120,T0021120,2026-04-27 01:43:00,customer_request,True
RF0021122,T0021122,2026-07-21 14:17:00,duplicate,True
RF0021132,T0021132,2026-02-06 08:16:00,other,True
RF0021151,T0021151,2026-07-17 10:53:00,customer_request,True
RF0021154,T0021154,2026-03-19 03:35:00,other,True
RF0021158,T0021158,2026-03-12 15:55:00,product_issue,True
RF0021163,T0021163,2026-04-30 17:29:00,customer_request,True
RF0021174,T0021174,2026-07-29 07:36:00,duplicate,True
RF0021179,T0021179,2026-04-30 13:07:00,other,True
RF0021181,T0021181,2026-02-05 00:35:00,duplicate,True
RF0021186,T0021186,2026-03-05 07:11:00,product_issue,True
RF0021196,T0021196,2026-01-22 15:54:00,product_issue,True
RF0021197,T0021197,2026-01-05 06:13:00,other,True
RF0021201,T0021201,2026-01-25 13:47:00,duplicate,True
RF0021233,T0021233,2026-01-26 04:22:00,duplicate,True
RF0021235,T0021235,2026-05-17 17:38:00,duplicate,True
RF0021239,T0021239,2026-05-31 16:21:00,customer_request,True
RF0021242,T0021242,2026-02-22 16:00:00,customer_request,True
RF0021245,T0021245,2026-04-07 18:55:00,customer_request,True
RF0021247,T0021247,2026-01-09 11:37:00,customer_request,True
RF0021253,T0021253,2026-04-19 23:23:00,other,True
RF0021260,T0021260,2026-02-19 06:34:00,customer_request,True
RF0021262,T0021262,2026-04-04 03:10:00,product_issue,True
RF0021276,T0021276,2026-03-03 03:38:00,duplicate,True
RF0021285,T0021285,2026-05-04 18:00:00,other,True
RF0021291,T0021291,2026-07-11 06:22:00,other,True
RF0021304,T0021304,2026-05-09 09:19:00,duplicate,True
RF0021320,T0021320,2026-06-15 06:37:00,other,True
RF0021340,T0021340,2026-05-21 21:08:00,customer_request,True
RF0021341,T0021341,2026-01-07 17:37:00,product_issue,True
RF0021345,T0021345,2026-04-02 05:54:00,duplicate,True
RF0021350,T0021350,2026-04-14 21:46:00,other,True
RF0021355,T0021355,2026-05-07 06:23:00,customer_request,True
RF0021360,T0021360,2026-05-16 03:36:00,duplicate,True
RF0021362,T0021362,2026-02-26 03:18:00,other,True
RF0021379,T0021379,2026-01-19 07:12:00,duplicate,True
RF0021382,T0021382,2026-02-11 08:20:00,product_issue,True
RF0021390,T0021390,2026-04-25 14:27:00,customer_request,True
RF0021401,T0021401,2026-06-07 20:44:00,other,True
RF0021403,T0021403,2026-03-23 16:07:00,customer_request,True
RF0021415,T0021415,2026-02-05 23:55:00,product_issue,True
RF0021453,T0021453,2026-03-14 01:15:00,customer_request,True
RF0021454,T0021454,2026-02-22 12:58:00,product_issue,True
RF0021473,T0021473,2026-06-18 02:56:00,other,True
RF0021475,T0021475,2026-02-09 08:29:00,other,True
RF0021486,T0021486,2026-06-30 20:34:00,duplicate,True
RF0021497,T0021497,2026-04-15 18:01:00,product_issue,True
RF0021499,T0021499,2026-01-18 11:52:00,duplicate,True
RF0021501,T0021501,2026-05-03 23:11:00,product_issue,True
RF0021504,T0021504,2026-02-07 04:20:00,other,True
RF0021512,T0021512,2026-05-06 01:25:00,customer_request,True
RF0021523,T0021523,2026-04-28 05:03:00,duplicate,True
RF0021543,T0021543,2026-04-27 06:20:00,other,True
RF0021567,T0021567,2026-07-14 07:10:00,other,True
RF0021571,T0021571,2026-05-28 18:31:00,other,True
RF0021576,T0021576,2026-03-26 18:24:00,customer_request,True
RF0021579,T0021579,2026-02-04 20:51:00,customer_request,True
RF0021580,T0021580,2026-03-08 14:59:00,product_issue,True
RF0021584,T0021584,2026-07-03 18:58:00,product_issue,True
RF0021591,T0021591,2026-04-23 10:06:00,other,True
RF0021592,T0021592,2026-03-04 11:04:00,product_issue,True
RF0021593,T0021593,2026-05-01 19:58:00,other,True
RF0021595,T0021595,2026-01-06 01:29:00,customer_request,True
RF0021596,T0021596,2026-06-05 16:58:00,product_issue,True
RF0021609,T0021609,2026-01-10 20:28:00,other,True
RF0021626,T0021626,2026-07-28 17:54:00,product_issue,True
RF0021641,T0021641,2026-05-02 11:09:00,other,True
RF0021646,T0021646,2026-05-16 12:44:00,customer_request,True
RF0021655,T0021655,2026-02-02 10:35:00,other,True
RF0021661,T0021661,2026-02-05 04:39:00,other,True
RF0021668,T0021668,2026-06-15 21:12:00,other,True
RF0021683,T0021683,2026-01-28 20:38:00,other,True
RF0021691,T0021691,2026-05-16 02:57:00,product_issue,True
RF0021701,T0021701,2026-06-16 23:56:00,customer_request,True
RF0021740,T0021740,2026-07-15 03:13:00,customer_request,True
RF0021753,T0021753,2026-03-28 20:55:00,product_issue,True
RF0021759,T0021759,2026-06-27 23:23:00,duplicate,True
RF0021764,T0021764,2026-07-17 18:55:00,other,True
RF0021786,T0021786,2026-06-18 21:23:00,other,True
RF0021791,T0021791,2026-06-09 02:20:00,product_issue,True
RF0021820,T0021820,2026-03-09 01:18:00,duplicate,True
RF0021861,T0021861,2026-07-06 22:46:00,other,True
RF0021878,T0021878,2026-02-22 03:28:00,product_issue,True
RF0021891,T0021891,2026-04-24 02:48:00,duplicate,True
RF0021903,T0021903,2026-02-19 14:32:00,product_issue,True
RF0021905,T0021905,2026-01-21 17:11:00,customer_request,True
RF0021916,T0021916,2026-02-04 17:59:00,customer_request,True
RF0021936,T0021936,2026-02-23 13:20:00,customer_request,True
RF0021970,T0021970,2026-04-08 22:37:00,customer_request,True
RF0021983,T0021983,2026-07-20 08:36:00,customer_request,True
RF0022006,T0022006,2026-02-24 04:06:00,duplicate,True
RF0022036,T0022036,2026-05-12 16:43:00,duplicate,True
RF0022054,T0022054,2026-07-24 01:57:00,product_issue,True
RF0022061,T0022061,2026-05-10 02:50:00,product_issue,True
RF0022071,T0022071,2026-02-13 03:26:00,other,True
RF0022081,T0022081,2026-04-20 22:30:00,product_issue,True
RF0022096,T0022096,2026-06-19 16:37:00,duplicate,True
RF0022098,T0022098,2026-01-24 18:46:00,other,True
RF0022103,T0022103,2026-03-07 22:25:00,other,True
RF0022108,T0022108,2026-05-20 14:32:00,other,True
RF0022111,T0022111,2026-03-12 02:09:00,other,True
RF0022116,T0022116,2026-01-05 10:11:00,customer_request,True
RF0022119,T0022119,2026-07-22 09:18:00,other,True
RF0022122,T0022122,2026-02-16 03:38:00,customer_request,True
RF0022150,T0022150,2026-06-02 13:53:00,duplicate,True
RF0022154,T0022154,2026-02-24 16:18:00,other,True
RF0022171,T0022171,2026-03-24 12:46:00,other,True
RF0022192,T0022192,2026-01-21 10:28:00,product_issue,True
RF0022201,T0022201,2026-02-09 12:01:00,duplicate,True
RF0022211,T0022211,2026-03-05 19:01:00,product_issue,True
RF0022218,T0022218,2026-04-25 23:22:00,other,True
RF0022239,T0022239,2026-02-21 02:10:00,product_issue,True
RF0022250,T0022250,2026-03-04 23:57:00,customer_request,True
RF0022251,T0022251,2026-03-13 19:46:00,other,True
RF0022256,T0022256,2026-06-01 07:46:00,product_issue,True
RF0022278,T0022278,2026-06-15 22:18:00,product_issue,True
RF0022280,T0022280,2026-04-17 16:30:00,other,True
RF0022281,T0022281,2026-07-02 19:09:00,customer_request,True
RF0022291,T0022291,2026-07-16 19:29:00,other,True
RF0022303,T0022303,2026-06-08 09:57:00,product_issue,True
RF0022307,T0022307,2026-07-19 21:17:00,other,True
RF0022315,T0022315,2026-06-24 16:45:00,product_issue,True
RF0022316,T0022316,2026-04-10 06:18:00,customer_request,True
RF0022322,T0022322,2026-01-16 04:09:00,customer_request,True
RF0022333,T0022333,2026-05-21 19:10:00,product_issue,True
RF0022335,T0022335,2026-03-28 00:04:00,customer_request,True
RF0022357,T0022357,2026-02-16 15:07:00,customer_request,True
RF0022366,T0022366,2026-05-21 21:00:00,duplicate,True
RF0022375,T0022375,2026-02-15 14:57:00,product_issue,True
RF0022413,T0022413,2026-07-24 19:40:00,duplicate,True
RF0022426,T0022426,2026-06-19 14:01:00,customer_request,True
RF0022430,T0022430,2026-04-07 01:56:00,product_issue,True
RF0022433,T0022433,2026-04-27 04:35:00,duplicate,True
RF0022436,T0022436,2026-03-22 10:56:00,customer_request,True
RF0022440,T0022440,2026-03-15 05:03:00,other,True
RF0022461,T0022461,2026-07-26 10:51:00,other,True
RF0022484,T0022484,2026-03-23 06:40:00,duplicate,True
RF0022491,T0022491,2026-06-14 01:41:00,other,True
RF0022535,T0022535,2026-03-22 21:46:00,duplicate,True
RF0022550,T0022550,2026-05-19 19:57:00,product_issue,True
RF0022551,T0022551,2026-04-15 09:05:00,other,True
RF0022556,T0022556,2026-01-14 21:46:00,other,True
RF0022557,T0022557,2026-06-01 13:58:00,customer_request,True
RF0022576,T0022576,2026-06-18 13:44:00,duplicate,True
RF0022595,T0022595,2026-03-11 06:34:00,product_issue,True
RF0022606,T0022606,2026-07-03 03:39:00,customer_request,True
RF0022608,T0022608,2026-03-08 10:03:00,other,True
RF0022611,T0022611,2026-05-14 23:09:00,duplicate,True
RF0022619,T0022619,2026-07-04 23:58:00,other,True
RF0022625,T0022625,2026-06-13 10:06:00,duplicate,True
RF0022634,T0022634,2026-03-20 08:09:00,product_issue,True
RF0022654,T0022654,2026-02-15 23:26:00,duplicate,True
RF0022660,T0022660,2026-05-21 08:19:00,duplicate,True
RF0022663,T0022663,2026-06-28 15:57:00,duplicate,True
RF0022669,T0022669,2026-02-13 00:20:00,duplicate,True
RF0022671,T0022671,2026-02-24 18:20:00,duplicate,True
RF0022677,T0022677,2026-06-01 00:50:00,duplicate,True
RF0022684,T0022684,2026-05-13 06:35:00,other,True
RF0022696,T0022696,2026-06-08 18:19:00,other,True
RF0022699,T0022699,2026-06-17 12:47:00,customer_request,True
RF0022701,T0022701,2026-07-23 14:16:00,customer_request,True
RF0022707,T0022707,2026-07-29 21:43:00,duplicate,True
RF0022731,T0022731,2026-01-16 07:19:00,product_issue,True
RF0022732,T0022732,2026-07-15 20:21:00,duplicate,True
RF0022738,T0022738,2026-03-02 11:53:00,other,True
RF0022739,T0022739,2026-04-25 07:29:00,customer_request,True
RF0022742,T0022742,2026-05-30 23:14:00,customer_request,True
RF0022748,T0022748,2026-07-19 11:33:00,product_issue,True
RF0022759,T0022759,2026-05-28 10:08:00,other,True
RF0022770,T0022770,2026-03-25 06:09:00,duplicate,True
RF0022778,T0022778,2026-02-10 17:50:00,product_issue,True
RF0022783,T0022783,2026-02-02 11:04:00,duplicate,True
RF0022784,T0022784,2026-04-05 01:38:00,customer_request,True
RF0022793,T0022793,2026-07-02 16:25:00,product_issue,True
RF0022795,T0022795,2026-02-14 22:59:00,customer_request,True
RF0022809,T0022809,2026-07-07 07:34:00,product_issue,True
RF0022819,T0022819,2026-03-12 02:34:00,duplicate,True
RF0022831,T0022831,2026-03-13 15:08:00,duplicate,True
RF0022866,T0022866,2026-04-19 17:50:00,duplicate,True
RF0022870,T0022870,2026-02-01 10:01:00,other,True
RF0022885,T0022885,2026-02-07 14:37:00,other,True
RF0022893,T0022893,2026-04-25 12:48:00,duplicate,True
RF0022899,T0022899,2026-04-22 19:37:00,customer_request,True
RF0022904,T0022904,2026-04-17 12:02:00,product_issue,True
RF0022905,T0022905,2026-01-28 15:35:00,other,True
RF0022909,T0022909,2026-02-20 17:53:00,customer_request,True
RF0022914,T0022914,2026-04-16 03:36:00,duplicate,True
RF0022916,T0022916,2026-04-27 08:25:00,duplicate,True
RF0022930,T0022930,2026-07-11 11:29:00,customer_request,True
RF0022955,T0022955,2026-04-10 07:36:00,product_issue,True
RF0022960,T0022960,2026-04-11 16:56:00,duplicate,True
RF0022983,T0022983,2026-01-21 16:50:00,duplicate,True
RF0022986,T0022986,2026-07-12 08:14:00,duplicate,True
RF0022987,T0022987,2026-01-22 00:38:00,duplicate,True
RF0022988,T0022988,2026-02-25 14:59:00,duplicate,True
RF0023002,T0023002,2026-01-15 21:51:00,duplicate,True
RF0023017,T0023017,2026-06-18 23:06:00,duplicate,True
RF0023024,T0023024,2026-06-24 14:19:00,other,True
RF0023040,T0023040,2026-03-19 22:21:00,customer_request,True
RF0023042,T0023042,2026-02-08 23:52:00,other,True
RF0023065,T0023065,2026-01-18 14:02:00,duplicate,True
RF0023073,T0023073,2026-03-26 11:14:00,product_issue,True
RF0023076,T0023076,2026-02-12 23:37:00,duplicate,True
RF0023078,T0023078,2026-06-03 09:40:00,product_issue,True
RF0023094,T0023094,2026-03-20 13:23:00,product_issue,True
RF0023110,T0023110,2026-06-27 06:36:00,duplicate,True
RF0023125,T0023125,2026-05-19 15:23:00,other,True
RF0023128,T0023128,2026-06-10 21:24:00,duplicate,True
RF0023136,T0023136,2026-07-28 21:57:00,other,True
RF0023156,T0023156,2026-04-05 11:52:00,other,True
RF0023177,T0023177,2026-04-26 02:54:00,other,True
RF0023180,T0023180,2026-02-01 13:00:00,duplicate,True
RF0023183,T0023183,2026-02-10 12:33:00,duplicate,True
RF0023185,T0023185,2026-07-07 03:01:00,product_issue,True
RF0023191,T0023191,2026-03-31 19:51:00,duplicate,True
RF0023227,T0023227,2026-06-07 12:29:00,customer_request,True
RF0023229,T0023229,2026-04-20 14:53:00,customer_request,True
RF0023234,T0023234,2026-06-16 22:45:00,other,True
RF0023260,T0023260,2026-05-31 02:43:00,product_issue,True
RF0023275,T0023275,2026-03-18 12:09:00,product_issue,True
RF0023277,T0023277,2026-01-25 18:43:00,duplicate,True
RF0023279,T0023279,2026-04-20 05:23:00,product_issue,True
RF0023297,T0023297,2026-02-26 07:55:00,other,True
RF0023319,T0023319,2026-03-03 13:02:00,duplicate,True
RF0023321,T0023321,2026-05-19 11:27:00,duplicate,True
RF0023328,T0023328,2026-03-06 16:01:00,product_issue,True
RF0023335,T0023335,2026-07-19 05:28:00,duplicate,True
RF0023344,T0023344,2026-01-09 07:33:00,customer_request,True
RF0023360,T0023360,2026-05-02 11:00:00,product_issue,True
RF0023363,T0023363,2026-07-07 10:08:00,product_issue,True
RF0023370,T0023370,2026-06-22 20:23:00,customer_request,True
RF0023374,T0023374,2026-05-23 19:15:00,other,True
RF0023387,T0023387,2026-07-17 02:33:00,other,True
RF0023395,T0023395,2026-04-02 00:41:00,customer_request,True
RF0023402,T0023402,2026-05-29 13:59:00,customer_request,True
RF0023409,T0023409,2026-01-16 21:28:00,product_issue,True
RF0023427,T0023427,2026-03-05 07:33:00,customer_request,True
RF0023452,T0023452,2026-04-21 14:05:00,customer_request,True
RF0023461,T0023461,2026-02-18 06:34:00,customer_request,True
RF0023467,T0023467,2026-05-23 03:20:00,other,True
RF0023483,T0023483,2026-01-16 11:30:00,other,True
RF0023486,T0023486,2026-03-10 09:54:00,other,True
RF0023488,T0023488,2026-05-17 00:48:00,customer_request,True
RF0023490,T0023490,2026-06-09 22:47:00,duplicate,True
RF0023505,T0023505,2026-04-05 12:09:00,other,True
RF0023533,T0023533,2026-02-23 00:19:00,product_issue,True
RF0023543,T0023543,2026-04-25 03:11:00,customer_request,True
RF0023561,T0023561,2026-04-19 19:06:00,other,True
RF0023590,T0023590,2026-01-19 18:47:00,customer_request,True
RF0023591,T0023591,2026-02-08 12:45:00,duplicate,True
RF0023619,T0023619,2026-07-05 08:27:00,other,True
RF0023622,T0023622,2026-05-13 18:02:00,duplicate,True
RF0023636,T0023636,2026-03-31 18:32:00,duplicate,True
RF0023647,T0023647,2026-01-14 18:21:00,product_issue,True
RF0023676,T0023676,2026-06-29 06:37:00,customer_request,True
RF0023691,T0023691,2026-03-28 01:36:00,duplicate,True
RF0023721,T0023721,2026-01-28 09:11:00,product_issue,True
RF0023727,T0023727,2026-03-18 11:55:00,customer_request,True
RF0023774,T0023774,2026-02-10 16:28:00,duplicate,True
RF0023776,T0023776,2026-04-26 14:29:00,customer_request,True
RF0023778,T0023778,2026-07-07 03:29:00,customer_request,True
RF0023794,T0023794,2026-01-16 21:39:00,other,True
RF0023804,T0023804,2026-02-21 03:06:00,duplicate,True
RF0023806,T0023806,2026-03-08 01:57:00,product_issue,True
RF0023817,T0023817,2026-04-01 03:13:00,product_issue,True
RF0023828,T0023828,2026-03-26 00:46:00,duplicate,True
RF0023830,T0023830,2026-01-16 03:57:00,other,True
RF0023846,T0023846,2026-01-16 00:31:00,duplicate,True
RF0023848,T0023848,2026-03-19 22:08:00,product_issue,True
RF0023849,T0023849,2026-04-23 21:54:00,other,True
RF0023862,T0023862,2026-01-04 07:37:00,customer_request,True
RF0023873,T0023873,2026-04-05 10:07:00,other,True
RF0023881,T0023881,2026-04-13 07:02:00,other,True
RF0023899,T0023899,2026-05-09 01:11:00,other,True
RF0023900,T0023900,2026-05-31 12:33:00,other,True
RF0023902,T0023902,2026-01-31 04:19:00,product_issue,True
RF0023919,T0023919,2026-06-23 21:45:00,duplicate,True
RF0023931,T0023931,2026-01-23 06:02:00,product_issue,True
RF0023944,T0023944,2026-05-11 12:26:00,duplicate,True
RF0023945,T0023945,2026-01-12 22:52:00,customer_request,True
RF0023961,T0023961,2026-04-20 05:46:00,duplicate,True
RF0023963,T0023963,2026-03-20 03:03:00,other,True
RF0023972,T0023972,2026-02-27 06:18:00,customer_request,True
RF0023974,T0023974,2026-06-17 05:58:00,customer_request,True
RF0023981,T0023981,2026-03-16 13:25:00,customer_request,True
RF0023995,T0023995,2026-01-12 04:08:00,product_issue,True
RF0023996,T0023996,2026-04-08 22:19:00,other,True
RF0024003,T0024003,2026-06-07 03:33:00,product_issue,True
RF0024006,T0024006,2026-01-22 13:06:00,other,True
RF0024010,T0024010,2026-04-10 00:42:00,duplicate,True
RF0024013,T0024013,2026-07-22 13:52:00,other,True
RF0024040,T0024040,2026-03-12 03:23:00,duplicate,True
RF0024043,T0024043,2026-05-20 08:15:00,customer_request,True
RF0024048,T0024048,2026-02-11 19:14:00,customer_request,True
RF0024049,T0024049,2026-05-30 16:49:00,customer_request,True
RF0024056,T0024056,2026-07-11 06:34:00,other,True
RF0024058,T0024058,2026-06-02 17:38:00,product_issue,True
RF0024068,T0024068,2026-06-30 08:26:00,other,True
RF0024096,T0024096,2026-02-23 17:53:00,customer_request,True
RF0024110,T0024110,2026-04-28 19:19:00,other,True
RF0024128,T0024128,2026-07-13 19:58:00,duplicate,True
RF0024132,T0024132,2026-01-11 04:38:00,product_issue,True
RF0024134,T0024134,2026-06-13 23:47:00,customer_request,True
RF0024140,T0024140,2026-02-15 20:03:00,other,True
RF0024157,T0024157,2026-05-06 08:15:00,other,True
RF0024172,T0024172,2026-03-29 22:48:00,duplicate,True
RF0024173,T0024173,2026-03-01 05:10:00,other,True
RF0024179,T0024179,2026-07-15 21:58:00,duplicate,True
RF0024187,T0024187,2026-03-27 05:51:00,other,True
RF0024192,T0024192,2026-05-07 02:43:00,product_issue,True
RF0024193,T0024193,2026-06-07 22:18:00,product_issue,True
RF0024213,T0024213,2026-05-30 10:56:00,customer_request,True
RF0024215,T0024215,2026-02-11 08:56:00,other,True
RF0024226,T0024226,2026-04-05 04:38:00,customer_request,True
RF0024227,T0024227,2026-03-20 15:56:00,other,True
RF0024231,T0024231,2026-07-27 10:20:00,other,True
RF0024233,T0024233,2026-07-20 21:46:00,customer_request,True
RF0024241,T0024241,2026-03-19 21:57:00,product_issue,True
RF0024244,T0024244,2026-07-20 20:04:00,customer_request,True
RF0024272,T0024272,2026-06-03 16:44:00,product_issue,True
RF0024290,T0024290,2026-03-04 04:24:00,duplicate,True
RF0024320,T0024320,2026-04-09 08:44:00,customer_request,True
RF0024324,T0024324,2026-03-12 16:40:00,duplicate,True
RF0024325,T0024325,2026-06-10 07:45:00,duplicate,True
RF0024330,T0024330,2026-02-17 06:43:00,customer_request,True
RF0024339,T0024339,2026-04-30 07:24:00,other,True
RF0024342,T0024342,2026-06-28 20:20:00,customer_request,True
RF0024349,T0024349,2026-05-19 20:55:00,customer_request,True
RF0024350,T0024350,2026-03-01 05:38:00,other,True
RF0024356,T0024356,2026-07-13 12:49:00,customer_request,True
RF0024358,T0024358,2026-01-12 10:51:00,other,True
RF0024366,T0024366,2026-05-23 13:01:00,other,True
RF0024370,T0024370,2026-05-05 10:54:00,customer_request,True
RF0024380,T0024380,2026-01-05 11:39:00,product_issue,True
RF0024381,T0024381,2026-02-01 10:48:00,product_issue,True
RF0024412,T0024412,2026-05-17 10:00:00,duplicate,True
RF0024416,T0024416,2026-01-12 01:05:00,other,True
RF0024426,T0024426,2026-05-03 20:58:00,other,True
RF0024453,T0024453,2026-07-29 07:13:00,product_issue,True
RF0024455,T0024455,2026-04-03 16:12:00,product_issue,True
RF0024468,T0024468,2026-07-22 05:07:00,duplicate,True
RF0024478,T0024478,2026-06-13 13:31:00,product_issue,True
RF0024480,T0024480,2026-02-23 21:33:00,other,True
RF0024491,T0024491,2026-03-24 10:59:00,other,True
RF0024493,T0024493,2026-01-10 07:13:00,product_issue,True
RF0024494,T0024494,2026-07-22 12:33:00,other,True
RF0024495,T0024495,2026-02-11 23:41:00,duplicate,True
RF0024501,T0024501,2026-01-08 01:49:00,customer_request,True
RF0024513,T0024513,2026-07-14 22:43:00,customer_request,True
RF0024518,T0024518,2026-04-07 05:24:00,customer_request,True
RF0024527,T0024527,2026-06-20 08:53:00,product_issue,True
RF0024535,T0024535,2026-03-08 01:12:00,product_issue,True
RF0024536,T0024536,2026-01-03 23:13:00,other,True
RF0024554,T0024554,2026-01-10 07:44:00,customer_request,True
RF0024555,T0024555,2026-01-09 15:30:00,duplicate,True
RF0024558,T0024558,2026-06-20 17:33:00,duplicate,True
RF0024570,T0024570,2026-01-08 13:36:00,customer_request,True
RF0024572,T0024572,2026-06-03 13:00:00,duplicate,True
RF0024589,T0024589,2026-06-24 13:14:00,customer_request,True
RF0024604,T0024604,2026-06-09 15:55:00,customer_request,True
RF0024606,T0024606,2026-06-23 20:29:00,product_issue,True
RF0024611,T0024611,2026-07-31 20:22:00,other,True
RF0024624,T0024624,2026-04-19 19:04:00,duplicate,True
RF0024635,T0024635,2026-01-28 12:22:00,duplicate,True
RF0024651,T0024651,2026-03-02 03:14:00,customer_request,True
RF0024670,T0024670,2026-02-27 22:22:00,product_issue,True
RF0024676,T0024676,2026-07-18 11:05:00,duplicate,True
RF0024679,T0024679,2026-04-27 19:15:00,other,True
RF0024706,T0024706,2026-03-05 17:28:00,duplicate,True
RF0024721,T0024721,2026-02-23 06:31:00,other,True
RF0024734,T0024734,2026-02-02 19:04:00,customer_request,True
RF0024739,T0024739,2026-03-11 13:20:00,product_issue,True
RF0024742,T0024742,2026-06-04 12:16:00,product_issue,True
RF0024745,T0024745,2026-02-23 09:47:00,duplicate,True
RF0024749,T0024749,2026-03-11 06:55:00,customer_request,True
RF0024754,T0024754,2026-01-12 22:42:00,duplicate,True
RF0024757,T0024757,2026-03-23 01:37:00,product_issue,True
RF0024773,T0024773,2026-05-26 18:44:00,other,True
RF0024794,T0024794,2026-06-21 06:43:00,duplicate,True
RF0024853,T0024853,2026-05-13 04:40:00,other,True
RF0024854,T0024854,2026-06-15 16:54:00,product_issue,True
RF0024857,T0024857,2026-05-26 20:39:00,duplicate,True
RF0024861,T0024861,2026-05-25 02:10:00,duplicate,True
RF0024867,T0024867,2026-01-19 22:43:00,product_issue,True
RF0024886,T0024886,2026-07-15 23:33:00,duplicate,True
RF0024889,T0024889,2026-03-21 06:02:00,customer_request,True
RF0024901,T0024901,2026-06-12 08:22:00,customer_request,True
RF0024908,T0024908,2026-02-11 13:14:00,customer_request,True
RF0024913,T0024913,2026-06-24 13:55:00,customer_request,True
RF0024917,T0024917,2026-07-11 00:29:00,other,True
RF0024934,T0024934,2026-01-11 18:38:00,customer_request,True
RF0024937,T0024937,2026-04-15 10:04:00,other,True
RF0024957,T0024957,2026-06-22 05:19:00,product_issue,True
RF0024991,T0024991,2026-04-13 23:13:00,other,True
RF0025015,T0025015,2026-02-12 10:57:00,duplicate,True
RF0025024,T0025024,2026-07-22 01:30:00,customer_request,True
RF0025025,T0025025,2026-02-11 17:37:00,duplicate,True
RF0025030,T0025030,2026-01-15 02:24:00,duplicate,True
RF0025042,T0025042,2026-04-03 17:59:00,customer_request,True
RF0025044,T0025044,2026-07-08 03:30:00,other,True
RF0025047,T0025047,2026-04-24 03:15:00,customer_request,True
RF0025048,T0025048,2026-02-23 04:36:00,customer_request,True
RF0025055,T0025055,2026-02-18 07:00:00,customer_request,True
RF0025058,T0025058,2026-02-05 14:27:00,other,True
RF0025072,T0025072,2026-03-16 17:51:00,product_issue,True
RF0025094,T0025094,2026-02-10 05:48:00,customer_request,True
RF0025103,T0025103,2026-04-13 19:49:00,duplicate,True
RF0025115,T0025115,2026-01-17 22:19:00,duplicate,True
RF0025126,T0025126,2026-02-15 15:38:00,product_issue,True
RF0025128,T0025128,2026-05-06 22:03:00,customer_request,True
RF0025131,T0025131,2026-07-06 20:36:00,other,True
RF0025142,T0025142,2026-03-20 01:47:00,customer_request,True
RF0025143,T0025143,2026-02-19 18:13:00,customer_request,True
RF0025152,T0025152,2026-05-15 02:00:00,duplicate,True
RF0025155,T0025155,2026-05-27 20:19:00,duplicate,True
RF0025178,T0025178,2026-05-10 05:44:00,customer_request,True
RF0025182,T0025182,2026-07-22 17:04:00,product_issue,True
RF0025187,T0025187,2026-07-14 10:44:00,product_issue,True
RF0025200,T0025200,2026-03-07 05:40:00,duplicate,True
RF0025217,T0025217,2026-07-22 20:33:00,customer_request,True
RF0025221,T0025221,2026-03-13 08:36:00,other,True
RF0025230,T0025230,2026-03-08 01:19:00,duplicate,True
RF0025248,T0025248,2026-02-22 04:32:00,other,True
RF0025249,T0025249,2026-01-11 05:18:00,duplicate,True
RF0025256,T0025256,2026-06-07 07:41:00,customer_request,True
RF0025258,T0025258,2026-05-28 06:35:00,other,True
RF0025259,T0025259,2026-07-31 08:37:00,duplicate,True
RF0025270,T0025270,2026-02-06 06:00:00,other,True
RF0025292,T0025292,2026-02-21 11:31:00,duplicate,True
RF0025298,T0025298,2026-01-24 23:49:00,customer_request,True
RF0025301,T0025301,2026-01-29 12:11:00,customer_request,True
RF0025309,T0025309,2026-07-26 20:34:00,product_issue,True
RF0025312,T0025312,2026-04-21 11:04:00,other,True
RF0025326,T0025326,2026-06-03 17:24:00,other,True
RF0025328,T0025328,2026-07-15 14:07:00,other,True
RF0025329,T0025329,2026-01-17 02:38:00,other,True
RF0025332,T0025332,2026-04-20 15:54:00,other,True
RF0025334,T0025334,2026-07-21 08:26:00,other,True
RF0025341,T0025341,2026-06-17 15:26:00,customer_request,True
RF0025355,T0025355,2026-06-10 21:22:00,duplicate,True
RF0025368,T0025368,2026-01-04 22:38:00,other,True
RF0025371,T0025371,2026-04-13 07:09:00,customer_request,True
RF0025376,T0025376,2026-06-24 05:54:00,product_issue,True
RF0025378,T0025378,2026-02-16 04:06:00,other,True
RF0025381,T0025381,2026-07-28 14:37:00,customer_request,True
RF0025385,T0025385,2026-01-24 20:36:00,other,True
RF0025392,T0025392,2026-05-18 00:14:00,customer_request,True
RF0025396,T0025396,2026-05-30 08:04:00,duplicate,True
RF0025397,T0025397,2026-07-03 06:19:00,product_issue,True
RF0025400,T0025400,2026-03-07 16:24:00,customer_request,True
RF0025406,T0025406,2026-02-07 05:06:00,product_issue,True
RF0025412,T0025412,2026-03-14 03:48:00,duplicate,True
RF0025422,T0025422,2026-04-03 14:06:00,product_issue,True
RF0025425,T0025425,2026-06-21 06:09:00,product_issue,True
RF0025429,T0025429,2026-03-22 00:26:00,other,True
RF0025433,T0025433,2026-06-09 23:45:00,duplicate,True
RF0025450,T0025450,2026-06-15 01:28:00,other,True
RF0025452,T0025452,2026-04-22 23:02:00,customer_request,True
RF0025455,T0025455,2026-07-06 08:10:00,other,True
RF0025465,T0025465,2026-01-30 07:14:00,duplicate,True
RF0025479,T0025479,2026-06-10 03:52:00,product_issue,True
RF0025482,T0025482,2026-02-23 08:07:00,duplicate,True
RF0025490,T0025490,2026-03-23 01:16:00,product_issue,True
RF0025493,T0025493,2026-05-27 05:14:00,customer_request,True
RF0025497,T0025497,2026-07-11 09:16:00,other,True
RF0025499,T0025499,2026-02-25 12:39:00,duplicate,True
RF0025512,T0025512,2026-03-26 13:22:00,customer_request,True
RF0025514,T0025514,2026-07-15 15:49:00,customer_request,True
RF0025525,T0025525,2026-05-30 00:03:00,product_issue,True
RF0025534,T0025534,2026-05-09 14:59:00,product_issue,True
RF0025550,T0025550,2026-03-25 17:35:00,product_issue,True
RF0025551,T0025551,2026-05-11 06:39:00,duplicate,True
RF0025559,T0025559,2026-06-02 05:24:00,duplicate,True
RF0025568,T0025568,2026-07-25 18:51:00,duplicate,True
RF0025572,T0025572,2026-01-17 09:27:00,product_issue,True
RF0025575,T0025575,2026-03-05 00:39:00,duplicate,True
RF0025594,T0025594,2026-06-17 10:04:00,customer_request,True
RF0025598,T0025598,2026-05-17 11:59:00,product_issue,True
RF0025608,T0025608,2026-04-01 22:08:00,product_issue,True
RF0025614,T0025614,2026-03-27 09:26:00,duplicate,True
RF0025624,T0025624,2026-02-03 22:39:00,other,True
RF0025673,T0025673,2026-04-12 10:38:00,other,True
RF0025682,T0025682,2026-05-06 13:12:00,product_issue,True
RF0025696,T0025696,2026-01-03 05:49:00,other,True
RF0025697,T0025697,2026-06-04 22:59:00,duplicate,True
RF0025702,T0025702,2026-05-11 10:56:00,other,True
RF0025704,T0025704,2026-01-26 05:51:00,duplicate,True
RF0025731,T0025731,2026-04-25 11:43:00,other,True
RF0025732,T0025732,2026-04-09 18:16:00,duplicate,True
RF0025737,T0025737,2026-07-29 17:59:00,product_issue,True
RF0025739,T0025739,2026-04-28 19:24:00,duplicate,True
RF0025740,T0025740,2026-07-06 19:31:00,product_issue,True
RF0025753,T0025753,2026-02-11 01:33:00,other,True
RF0025768,T0025768,2026-05-06 10:29:00,duplicate,True
RF0025790,T0025790,2026-07-14 12:13:00,duplicate,True
RF0025798,T0025798,2026-02-17 14:54:00,customer_request,True
RF0025804,T0025804,2026-03-18 03:49:00,customer_request,True
RF0025833,T0025833,2026-06-11 05:23:00,product_issue,True
RF0025835,T0025835,2026-06-09 07:08:00,other,True
RF0025848,T0025848,2026-04-01 16:55:00,duplicate,True
RF0025851,T0025851,2026-07-09 03:59:00,product_issue,True
RF0025859,T0025859,2026-07-05 00:46:00,customer_request,True
RF0025872,T0025872,2026-01-04 03:01:00,product_issue,True
RF0025873,T0025873,2026-06-23 23:53:00,product_issue,True
RF0025885,T0025885,2026-01-05 00:30:00,customer_request,True
RF0025905,T0025905,2026-01-09 11:52:00,product_issue,True
RF0025926,T0025926,2026-04-02 21:21:00,product_issue,True
RF0025958,T0025958,2026-02-24 18:17:00,other,True
RF0025959,T0025959,2026-02-13 18:08:00,duplicate,True
RF0025963,T0025963,2026-05-08 06:26:00,duplicate,True
RF0025976,T0025976,2026-04-10 04:34:00,product_issue,True
RF0025990,T0025990,2026-06-12 00:29:00,duplicate,True
RF0025995,T0025995,2026-03-08 10:12:00,customer_request,True
RF0026008,T0026008,2026-07-01 09:37:00,product_issue,True
RF0026023,T0026023,2026-02-08 18:06:00,customer_request,True
RF0026033,T0026033,2026-06-11 21:38:00,customer_request,True
RF0026039,T0026039,2026-01-05 09:43:00,product_issue,True
RF0026040,T0026040,2026-06-24 23:18:00,product_issue,True
RF0026056,T0026056,2026-01-28 20:42:00,duplicate,True
RF0026060,T0026060,2026-02-05 02:58:00,duplicate,True
RF0026075,T0026075,2026-03-01 17:58:00,customer_request,True
RF0026078,T0026078,2026-03-14 23:19:00,duplicate,True
RF0026090,T0026090,2026-03-16 11:23:00,customer_request,True
RF0026143,T0026143,2026-01-06 19:17:00,customer_request,True
RF0026146,T0026146,2026-02-18 04:29:00,customer_request,True
RF0026165,T0026165,2026-07-15 01:33:00,customer_request,True
RF0026170,T0026170,2026-05-30 02:25:00,customer_request,True
RF0026176,T0026176,2026-02-10 06:44:00,other,True
RF0026189,T0026189,2026-05-20 15:56:00,product_issue,True
RF0026209,T0026209,2026-02-14 19:11:00,product_issue,True
RF0026218,T0026218,2026-03-09 20:57:00,duplicate,True
RF0026238,T0026238,2026-06-02 05:19:00,product_issue,True
RF0026245,T0026245,2026-05-24 17:12:00,other,True
RF0026282,T0026282,2026-03-07 22:14:00,customer_request,True
RF0026284,T0026284,2026-04-29 01:19:00,product_issue,True
RF0026289,T0026289,2026-06-14 06:12:00,customer_request,True
RF0026302,T0026302,2026-02-27 22:21:00,duplicate,True
RF0026340,T0026340,2026-04-14 16:47:00,product_issue,True
RF0026346,T0026346,2026-05-17 17:09:00,duplicate,True
RF0026359,T0026359,2026-01-10 08:13:00,customer_request,True
RF0026361,T0026361,2026-06-22 21:15:00,other,True
RF0026364,T0026364,2026-02-20 14:36:00,customer_request,True
RF0026367,T0026367,2026-06-04 15:47:00,product_issue,True
RF0026382,T0026382,2026-06-02 20:59:00,product_issue,True
RF0026384,T0026384,2026-06-14 06:38:00,product_issue,True
RF0026385,T0026385,2026-04-25 09:19:00,customer_request,True
RF0026420,T0026420,2026-04-20 02:25:00,other,True
RF0026422,T0026422,2026-07-25 19:09:00,duplicate,True
RF0026425,T0026425,2026-06-29 09:07:00,product_issue,True
RF0026430,T0026430,2026-04-12 17:24:00,product_issue,True
RF0026433,T0026433,2026-05-16 07:40:00,customer_request,True
RF0026449,T0026449,2026-03-03 11:45:00,other,True
RF0026453,T0026453,2026-03-26 07:05:00,customer_request,True
RF0026457,T0026457,2026-07-31 04:10:00,duplicate,True
RF0026461,T0026461,2026-01-19 08:50:00,other,True
RF0026465,T0026465,2026-06-28 03:12:00,duplicate,True
RF0026477,T0026477,2026-05-09 02:47:00,customer_request,True
RF0026494,T0026494,2026-04-06 16:47:00,customer_request,True
RF0026506,T0026506,2026-05-13 20:35:00,other,True
RF0026530,T0026530,2026-02-13 03:23:00,customer_request,True
RF0026542,T0026542,2026-05-17 16:11:00,other,True
RF0026553,T0026553,2026-07-25 15:53:00,product_issue,True
RF0026563,T0026563,2026-06-01 18:43:00,product_issue,True
RF0026564,T0026564,2026-02-23 02:42:00,customer_request,True
RF0026570,T0026570,2026-06-21 07:42:00,product_issue,True
RF0026577,T0026577,2026-02-25 03:16:00,product_issue,True
RF0026579,T0026579,2026-04-29 22:07:00,duplicate,True
RF0026589,T0026589,2026-05-06 03:57:00,customer_request,True
RF0026595,T0026595,2026-05-20 17:28:00,duplicate,True
RF0026631,T0026631,2026-02-09 21:52:00,other,True
RF0026647,T0026647,2026-04-01 04:07:00,other,True
RF0026659,T0026659,2026-07-19 00:39:00,other,True
RF0026689,T0026689,2026-05-30 00:32:00,other,True
RF0026706,T0026706,2026-01-09 08:11:00,product_issue,True
RF0026709,T0026709,2026-06-16 08:30:00,other,True
RF0026730,T0026730,2026-03-21 09:34:00,other,True
RF0026738,T0026738,2026-02-06 00:05:00,customer_request,True
RF0026769,T0026769,2026-01-19 01:00:00,duplicate,True
RF0026770,T0026770,2026-06-05 17:22:00,customer_request,True
RF0026774,T0026774,2026-07-18 06:53:00,duplicate,True
RF0026779,T0026779,2026-07-04 09:45:00,duplicate,True
RF0026790,T0026790,2026-05-07 14:56:00,product_issue,True
RF0026791,T0026791,2026-06-01 09:38:00,other,True
RF0026792,T0026792,2026-07-28 06:47:00,other,True
RF0026801,T0026801,2026-04-15 12:51:00,customer_request,True
RF0026804,T0026804,2026-05-31 07:43:00,customer_request,True
RF0026826,T0026826,2026-06-03 01:06:00,customer_request,True
RF0026832,T0026832,2026-02-09 04:21:00,product_issue,True
RF0026836,T0026836,2026-07-17 11:30:00,product_issue,True
RF0026853,T0026853,2026-04-20 22:21:00,other,True
RF0026857,T0026857,2026-04-29 16:14:00,other,True
RF0026870,T0026870,2026-04-27 05:21:00,customer_request,True
RF0026871,T0026871,2026-02-21 14:57:00,customer_request,True
RF0026872,T0026872,2026-06-20 08:35:00,other,True
RF0026878,T0026878,2026-06-10 06:01:00,other,True
RF0026905,T0026905,2026-05-13 03:47:00,customer_request,True
RF0026927,T0026927,2026-01-16 21:39:00,product_issue,True
RF0026933,T0026933,2026-02-12 04:06:00,other,True
RF0026937,T0026937,2026-05-20 19:26:00,other,True
RF0026940,T0026940,2026-03-30 11:14:00,product_issue,True
RF0026960,T0026960,2026-02-07 09:01:00,customer_request,True
RF0026963,T0026963,2026-07-20 10:00:00,customer_request,True
RF0026967,T0026967,2026-06-03 03:52:00,duplicate,True
RF0026977,T0026977,2026-05-09 13:02:00,other,True
RF0027041,T0027041,2026-05-15 16:55:00,duplicate,True
RF0027054,T0027054,2026-07-18 00:05:00,product_issue,True
RF0027057,T0027057,2026-03-05 09:25:00,other,True
RF0027077,T0027077,2026-06-02 19:49:00,duplicate,True
RF0027111,T0027111,2026-07-16 00:09:00,duplicate,True
RF0027128,T0027128,2026-06-20 20:36:00,customer_request,True
RF0027136,T0027136,2026-01-06 12:35:00,customer_request,True
RF0027163,T0027163,2026-01-18 09:10:00,other,True
RF0027168,T0027168,2026-02-24 21:11:00,other,True
RF0027169,T0027169,2026-01-03 19:20:00,duplicate,True
RF0027185,T0027185,2026-07-02 01:59:00,other,True
RF0027189,T0027189,2026-03-12 10:18:00,other,True
RF0027193,T0027193,2026-01-08 23:01:00,customer_request,True
RF0027198,T0027198,2026-04-16 00:35:00,other,True
RF0027201,T0027201,2026-02-26 12:57:00,customer_request,True
RF0027204,T0027204,2026-07-18 01:51:00,product_issue,True
RF0027205,T0027205,2026-06-12 23:49:00,duplicate,True
RF0027207,T0027207,2026-05-14 04:50:00,duplicate,True
RF0027212,T0027212,2026-05-17 05:41:00,other,True
RF0027214,T0027214,2026-06-29 18:40:00,customer_request,True
RF0027228,T0027228,2026-04-21 19:50:00,customer_request,True
RF0027242,T0027242,2026-03-06 08:56:00,customer_request,True
RF0027248,T0027248,2026-05-14 15:51:00,customer_request,True
RF0027251,T0027251,2026-03-12 08:11:00,customer_request,True
RF0027255,T0027255,2026-06-09 21:22:00,duplicate,True
RF0027270,T0027270,2026-04-10 16:30:00,duplicate,True
RF0027285,T0027285,2026-04-08 14:34:00,other,True
RF0027288,T0027288,2026-03-20 04:34:00,other,True
RF0027291,T0027291,2026-06-12 12:09:00,other,True
RF0027293,T0027293,2026-05-10 04:31:00,product_issue,True
RF0027294,T0027294,2026-05-29 16:41:00,customer_request,True
RF0027303,T0027303,2026-05-13 05:43:00,other,True
RF0027328,T0027328,2026-05-11 22:49:00,duplicate,True
RF0027336,T0027336,2026-03-06 05:26:00,customer_request,True
RF0027351,T0027351,2026-05-13 14:46:00,duplicate,True
RF0027356,T0027356,2026-03-19 04:59:00,duplicate,True
RF0027361,T0027361,2026-03-09 18:02:00,product_issue,True
RF0027376,T0027376,2026-03-04 00:54:00,product_issue,True
RF0027383,T0027383,2026-01-07 05:41:00,other,True
RF0027402,T0027402,2026-01-20 02:42:00,product_issue,True
RF0027405,T0027405,2026-05-03 08:39:00,duplicate,True
RF0027408,T0027408,2026-06-18 05:43:00,customer_request,True
RF0027413,T0027413,2026-04-18 03:49:00,duplicate,True
RF0027427,T0027427,2026-07-07 20:42:00,product_issue,True
RF0027438,T0027438,2026-06-11 09:51:00,duplicate,True
RF0027443,T0027443,2026-05-05 10:44:00,product_issue,True
RF0027456,T0027456,2026-06-01 07:32:00,product_issue,True
RF0027466,T0027466,2026-05-28 10:06:00,other,True
RF0027470,T0027470,2026-05-16 07:54:00,duplicate,True
RF0027480,T0027480,2026-05-08 16:51:00,duplicate,True
RF0027483,T0027483,2026-07-29 18:08:00,customer_request,True
RF0027490,T0027490,2026-02-03 07:26:00,duplicate,True
RF0027491,T0027491,2026-03-07 16:38:00,product_issue,True
RF0027494,T0027494,2026-05-03 02:04:00,customer_request,True
RF0027502,T0027502,2026-04-15 00:45:00,product_issue,True
RF0027505,T0027505,2026-03-30 16:09:00,other,True
RF0027528,T0027528,2026-01-16 10:48:00,other,True
RF0027546,T0027546,2026-02-10 16:29:00,customer_request,True
RF0027556,T0027556,2026-07-06 10:24:00,duplicate,True
RF0027559,T0027559,2026-04-21 21:04:00,other,True
RF0027563,T0027563,2026-07-02 22:25:00,other,True
RF0027568,T0027568,2026-04-02 04:44:00,customer_request,True
RF0027572,T0027572,2026-07-08 19:07:00,other,True
RF0027589,T0027589,2026-07-15 22:06:00,customer_request,True
RF0027590,T0027590,2026-03-20 19:05:00,duplicate,True
RF0027599,T0027599,2026-04-21 04:31:00,customer_request,True
RF0027602,T0027602,2026-02-05 03:58:00,product_issue,True
RF0027607,T0027607,2026-06-30 03:46:00,product_issue,True
RF0027613,T0027613,2026-06-20 21:51:00,customer_request,True
RF0027615,T0027615,2026-06-26 02:54:00,other,True
RF0027617,T0027617,2026-02-16 02:27:00,duplicate,True
RF0027642,T0027642,2026-02-28 16:57:00,customer_request,True
RF0027655,T0027655,2026-04-03 22:31:00,duplicate,True
RF0027663,T0027663,2026-03-12 19:00:00,duplicate,True
RF0027678,T0027678,2026-02-01 17:59:00,duplicate,True
RF0027689,T0027689,2026-03-03 01:49:00,product_issue,True
RF0027727,T0027727,2026-06-15 09:19:00,other,True
RF0027729,T0027729,2026-02-18 09:03:00,product_issue,True
RF0027734,T0027734,2026-05-02 08:55:00,duplicate,True
RF0027736,T0027736,2026-01-26 08:37:00,duplicate,True
RF0027750,T0027750,2026-02-13 16:08:00,customer_request,True
RF0027757,T0027757,2026-07-14 11:01:00,other,True
RF0027763,T0027763,2026-05-24 08:53:00,product_issue,True
RF0027779,T0027779,2026-03-12 09:00:00,duplicate,True
RF0027781,T0027781,2026-04-10 22:13:00,customer_request,True
RF0027795,T0027795,2026-01-09 21:54:00,customer_request,True
RF0027811,T0027811,2026-05-24 13:05:00,customer_request,True
RF0027815,T0027815,2026-02-14 17:33:00,product_issue,True
RF0027818,T0027818,2026-05-29 00:24:00,other,True
RF0027822,T0027822,2026-01-12 19:33:00,duplicate,True
RF0027838,T0027838,2026-01-09 13:49:00,duplicate,True
RF0027843,T0027843,2026-07-27 02:22:00,customer_request,True
RF0027846,T0027846,2026-04-16 21:20:00,product_issue,True
RF0027848,T0027848,2026-05-21 00:35:00,customer_request,True
RF0027858,T0027858,2026-04-21 13:04:00,other,True
RF0027873,T0027873,2026-02-04 03:36:00,product_issue,True
RF0027894,T0027894,2026-03-26 03:03:00,duplicate,True
RF0027916,T0027916,2026-06-02 10:14:00,product_issue,True
RF0027932,T0027932,2026-05-01 00:18:00,duplicate,True
RF0027968,T0027968,2026-01-11 01:15:00,customer_request,True
RF0027978,T0027978,2026-02-21 08:40:00,customer_request,True
RF0027981,T0027981,2026-04-09 13:17:00,product_issue,True
RF0027982,T0027982,2026-05-28 04:15:00,product_issue,True
RF0027991,T0027991,2026-07-23 19:12:00,other,True
RF0027997,T0027997,2026-01-30 22:02:00,customer_request,True
RF0028008,T0028008,2026-04-29 11:04:00,customer_request,True
RF0028011,T0028011,2026-02-12 10:59:00,product_issue,True
RF0028018,T0028018,2026-04-02 09:57:00,other,True
RF0028029,T0028029,2026-03-24 08:12:00,other,True
RF0028057,T0028057,2026-03-26 02:28:00,product_issue,True
RF0028066,T0028066,2026-01-31 06:14:00,product_issue,True
RF0028082,T0028082,2026-03-27 15:28:00,product_issue,True
RF0028091,T0028091,2026-05-24 11:01:00,other,True
RF0028094,T0028094,2026-05-21 23:44:00,other,True
RF0028123,T0028123,2026-06-25 02:48:00,customer_request,True
RF0028142,T0028142,2026-04-25 10:53:00,duplicate,True
RF0028148,T0028148,2026-03-07 19:02:00,other,True
RF0028157,T0028157,2026-02-02 15:49:00,other,True
RF0028158,T0028158,2026-03-23 20:01:00,duplicate,True
RF0028160,T0028160,2026-05-08 03:38:00,other,True
RF0028161,T0028161,2026-01-04 19:02:00,customer_request,True
RF0028176,T0028176,2026-05-31 09:10:00,duplicate,True
RF0028207,T0028207,2026-07-07 22:48:00,other,True
RF0028231,T0028231,2026-06-02 15:48:00,duplicate,True
RF0028248,T0028248,2026-04-09 13:43:00,duplicate,True
RF0028269,T0028269,2026-05-10 09:09:00,product_issue,True
RF0028278,T0028278,2026-03-17 09:08:00,duplicate,True
RF0028286,T0028286,2026-06-08 17:12:00,duplicate,True
RF0028302,T0028302,2026-02-17 14:21:00,duplicate,True
RF0028306,T0028306,2026-04-24 09:17:00,other,True
RF0028321,T0028321,2026-06-15 06:24:00,customer_request,True
RF0028334,T0028334,2026-06-17 19:53:00,product_issue,True
RF0028345,T0028345,2026-05-12 16:41:00,duplicate,True
RF0028348,T0028348,2026-01-20 06:03:00,other,True
RF0028371,T0028371,2026-02-16 06:22:00,other,True
RF0028375,T0028375,2026-01-28 11:36:00,product_issue,True
RF0028384,T0028384,2026-06-24 05:45:00,duplicate,True
RF0028390,T0028390,2026-02-13 07:36:00,other,True
RF0028399,T0028399,2026-04-27 18:09:00,customer_request,True
RF0028403,T0028403,2026-02-16 23:05:00,duplicate,True
RF0028405,T0028405,2026-01-24 13:58:00,customer_request,True
RF0028412,T0028412,2026-04-06 08:26:00,other,True
RF0028414,T0028414,2026-01-05 14:26:00,duplicate,True
RF0028420,T0028420,2026-05-29 06:30:00,product_issue,True
RF0028421,T0028421,2026-04-03 17:50:00,product_issue,True
RF0028422,T0028422,2026-06-02 09:31:00,product_issue,True
RF0028430,T0028430,2026-04-12 05:20:00,other,True
RF0028450,T0028450,2026-02-22 21:52:00,customer_request,True
RF0028452,T0028452,2026-06-04 16:31:00,customer_request,True
RF0028454,T0028454,2026-03-12 04:40:00,customer_request,True
RF0028459,T0028459,2026-07-31 05:49:00,other,True
RF0028471,T0028471,2026-01-24 03:34:00,duplicate,True
RF0028503,T0028503,2026-01-28 20:33:00,customer_request,True
RF0028514,T0028514,2026-07-22 01:07:00,customer_request,True
RF0028519,T0028519,2026-03-25 21:55:00,customer_request,True
RF0028528,T0028528,2026-02-17 23:04:00,other,True
RF0028533,T0028533,2026-03-02 05:59:00,product_issue,True
RF0028549,T0028549,2026-04-21 03:46:00,duplicate,True
RF0028593,T0028593,2026-03-28 05:30:00,other,True
RF0028596,T0028596,2026-01-24 17:11:00,other,True
RF0028602,T0028602,2026-03-23 02:47:00,duplicate,True
RF0028610,T0028610,2026-03-12 12:50:00,product_issue,True
RF0028621,T0028621,2026-05-19 08:25:00,customer_request,True
RF0028634,T0028634,2026-03-03 14:23:00,duplicate,True
RF0028642,T0028642,2026-01-25 03:26:00,product_issue,True
RF0028647,T0028647,2026-04-26 08:19:00,customer_request,True
RF0028653,T0028653,2026-07-15 20:35:00,product_issue,True
RF0028664,T0028664,2026-01-08 18:43:00,other,True
RF0028671,T0028671,2026-02-01 15:36:00,other,True
RF0028683,T0028683,2026-01-25 07:04:00,other,True
RF0028691,T0028691,2026-03-04 02:44:00,duplicate,True
RF0028703,T0028703,2026-06-29 20:52:00,duplicate,True
RF0028715,T0028715,2026-05-07 21:00:00,duplicate,True
RF0028720,T0028720,2026-04-04 21:23:00,product_issue,True
RF0028734,T0028734,2026-03-30 16:28:00,customer_request,True
RF0028752,T0028752,2026-01-30 13:04:00,product_issue,True
RF0028764,T0028764,2026-01-14 18:24:00,customer_request,True
RF0028775,T0028775,2026-01-05 02:59:00,duplicate,True
RF0028776,T0028776,2026-06-01 21:46:00,other,True
RF0028786,T0028786,2026-02-13 11:58:00,duplicate,True
RF0028790,T0028790,2026-05-02 09:00:00,other,True
RF0028795,T0028795,2026-03-04 02:17:00,product_issue,True
RF0028804,T0028804,2026-07-11 05:23:00,other,True
RF0028805,T0028805,2026-03-29 06:48:00,other,True
RF0028809,T0028809,2026-04-30 12:16:00,duplicate,True
RF0028816,T0028816,2026-03-19 19:02:00,customer_request,True
RF0028822,T0028822,2026-03-13 23:24:00,other,True
RF0028826,T0028826,2026-06-27 20:10:00,product_issue,True
RF0028849,T0028849,2026-04-14 22:39:00,other,True
RF0028857,T0028857,2026-02-24 16:40:00,duplicate,True
RF0028887,T0028887,2026-07-12 13:51:00,other,True
RF0028888,T0028888,2026-07-24 03:28:00,other,True
RF0028903,T0028903,2026-04-28 14:54:00,customer_request,True
RF0028905,T0028905,2026-02-03 20:41:00,customer_request,True
RF0028928,T0028928,2026-03-13 06:05:00,customer_request,True
RF0028935,T0028935,2026-05-28 04:35:00,duplicate,True
RF0028944,T0028944,2026-03-29 00:42:00,other,True
RF0028953,T0028953,2026-07-20 04:48:00,customer_request,True
RF0028960,T0028960,2026-03-08 19:44:00,product_issue,True
RF0028976,T0028976,2026-03-30 12:15:00,customer_request,True
RF0028990,T0028990,2026-03-22 20:23:00,customer_request,True
RF0028992,T0028992,2026-04-28 23:56:00,product_issue,True
RF0028994,T0028994,2026-02-01 00:35:00,product_issue,True
RF0029017,T0029017,2026-05-01 23:42:00,duplicate,True
RF0029018,T0029018,2026-04-23 22:20:00,other,True
RF0029027,T0029027,2026-06-28 22:45:00,customer_request,True
RF0029031,T0029031,2026-02-17 18:30:00,customer_request,True
RF0029041,T0029041,2026-07-31 06:04:00,other,True
RF0029049,T0029049,2026-05-02 03:31:00,duplicate,True
RF0029054,T0029054,2026-02-04 08:47:00,customer_request,True
RF0029069,T0029069,2026-02-28 01:19:00,other,True
RF0029075,T0029075,2026-05-10 06:13:00,product_issue,True
RF0029084,T0029084,2026-02-23 12:51:00,customer_request,True
RF0029087,T0029087,2026-03-13 10:50:00,other,True
RF0029088,T0029088,2026-02-12 13:49:00,duplicate,True
RF0029103,T0029103,2026-04-26 22:17:00,product_issue,True
RF0029104,T0029104,2026-04-25 22:15:00,customer_request,True
RF0029115,T0029115,2026-04-22 05:59:00,product_issue,True
RF0029129,T0029129,2026-03-22 22:54:00,duplicate,True
RF0029142,T0029142,2026-05-12 18:03:00,duplicate,True
RF0029143,T0029143,2026-07-16 13:02:00,duplicate,True
RF0029166,T0029166,2026-01-14 16:08:00,other,True
RF0029192,T0029192,2026-07-30 21:48:00,product_issue,True
RF0029197,T0029197,2026-04-13 11:01:00,customer_request,True
RF0029200,T0029200,2026-04-28 10:57:00,customer_request,True
RF0029214,T0029214,2026-03-03 19:55:00,customer_request,True
RF0029220,T0029220,2026-06-08 11:45:00,duplicate,True
RF0029228,T0029228,2026-04-07 08:21:00,product_issue,True
RF0029229,T0029229,2026-05-26 08:11:00,product_issue,True
RF0029233,T0029233,2026-07-20 06:37:00,product_issue,True
RF0029234,T0029234,2026-01-11 19:44:00,duplicate,True
RF0029248,T0029248,2026-02-27 20:29:00,other,True
RF0029283,T0029283,2026-07-06 00:02:00,duplicate,True
RF0029286,T0029286,2026-02-09 13:49:00,other,True
RF0029288,T0029288,2026-01-27 11:14:00,duplicate,True
RF0029326,T0029326,2026-03-23 19:57:00,product_issue,True
RF0029332,T0029332,2026-06-04 17:49:00,duplicate,True
RF0029340,T0029340,2026-02-04 15:24:00,duplicate,True
RF0029375,T0029375,2026-07-14 16:04:00,customer_request,True
RF0029376,T0029376,2026-07-21 09:12:00,customer_request,True
RF0029390,T0029390,2026-05-01 09:02:00,product_issue,True
RF0029407,T0029407,2026-07-07 12:56:00,other,True
RF0029408,T0029408,2026-03-14 08:07:00,customer_request,True
RF0029429,T0029429,2026-04-07 10:17:00,product_issue,True
RF0029438,T0029438,2026-04-14 21:51:00,customer_request,True
RF0029453,T0029453,2026-04-26 13:44:00,product_issue,True
RF0029457,T0029457,2026-03-17 21:26:00,customer_request,True
RF0029488,T0029488,2026-06-26 15:00:00,other,True
RF0029491,T0029491,2026-02-01 03:15:00,customer_request,True
RF0029493,T0029493,2026-05-10 05:31:00,other,True
RF0029500,T0029500,2026-07-22 10:01:00,duplicate,True
RF0029502,T0029502,2026-03-10 12:12:00,customer_request,True
RF0029507,T0029507,2026-02-07 17:51:00,other,True
RF0029518,T0029518,2026-06-26 04:59:00,duplicate,True
RF0029522,T0029522,2026-03-13 23:03:00,other,True
RF0029527,T0029527,2026-06-16 11:53:00,duplicate,True
RF0029539,T0029539,2026-03-22 20:40:00,customer_request,True
RF0029541,T0029541,2026-03-13 09:01:00,product_issue,True
RF0029545,T0029545,2026-03-04 13:28:00,customer_request,True
RF0029556,T0029556,2026-04-22 00:07:00,customer_request,True
RF0029571,T0029571,2026-07-10 01:13:00,duplicate,True
RF0029574,T0029574,2026-07-26 18:20:00,other,True
RF0029584,T0029584,2026-05-11 09:19:00,customer_request,True
RF0029590,T0029590,2026-04-07 16:39:00,duplicate,True
RF0029591,T0029591,2026-03-30 18:50:00,customer_request,True
RF0029604,T0029604,2026-01-29 08:30:00,duplicate,True
RF0029611,T0029611,2026-07-09 11:50:00,customer_request,True
RF0029615,T0029615,2026-02-10 18:51:00,product_issue,True
RF0029642,T0029642,2026-03-17 22:10:00,customer_request,True
RF0029643,T0029643,2026-05-09 03:27:00,duplicate,True
RF0029655,T0029655,2026-05-14 11:48:00,customer_request,True
RF0029657,T0029657,2026-04-14 23:49:00,customer_request,True
RF0029671,T0029671,2026-07-24 17:18:00,product_issue,True
RF0029675,T0029675,2026-01-27 13:42:00,customer_request,True
RF0029678,T0029678,2026-05-28 22:11:00,other,True
RF0029708,T0029708,2026-07-10 18:44:00,other,True
RF0029710,T0029710,2026-06-04 05:36:00,product_issue,True
RF0029716,T0029716,2026-03-05 08:43:00,duplicate,True
RF0029731,T0029731,2026-06-03 21:09:00,duplicate,True
RF0029736,T0029736,2026-03-01 23:33:00,duplicate,True
RF0029747,T0029747,2026-05-23 07:37:00,other,True
RF0029752,T0029752,2026-02-15 13:03:00,duplicate,True
RF0029755,T0029755,2026-06-12 18:35:00,other,True
RF0029769,T0029769,2026-05-12 19:32:00,other,True
RF0029779,T0029779,2026-02-18 23:02:00,customer_request,True
RF0029786,T0029786,2026-04-10 13:31:00,other,True
RF0029787,T0029787,2026-05-03 14:33:00,other,True
RF0029796,T0029796,2026-01-04 08:45:00,customer_request,True
RF0029798,T0029798,2026-05-28 03:13:00,duplicate,True
RF0029799,T0029799,2026-06-13 06:17:00,customer_request,True
RF0029807,T0029807,2026-06-12 05:30:00,duplicate,True
RF0029813,T0029813,2026-02-19 18:41:00,other,True
RF0029824,T0029824,2026-04-29 13:10:00,customer_request,True
RF0029838,T0029838,2026-02-10 12:24:00,duplicate,True
RF0029840,T0029840,2026-07-19 02:02:00,customer_request,True
RF0029846,T0029846,2026-06-25 01:46:00,other,True
RF0029851,T0029851,2026-05-09 23:51:00,other,True
RF0029853,T0029853,2026-05-28 05:47:00,duplicate,True
RF0029864,T0029864,2026-07-03 04:59:00,customer_request,True
RF0029865,T0029865,2026-05-03 13:18:00,duplicate,True
RF0029874,T0029874,2026-01-29 07:20:00,customer_request,True
RF0029880,T0029880,2026-07-17 20:12:00,other,True
RF0029887,T0029887,2026-07-04 15:53:00,product_issue,True
RF0029912,T0029912,2026-06-08 09:21:00,product_issue,True
RF0029917,T0029917,2026-01-22 23:19:00,duplicate,True
RF0029929,T0029929,2026-06-24 00:09:00,duplicate,True
RF0029939,T0029939,2026-05-12 03:00:00,product_issue,True
RF0029952,T0029952,2026-07-23 22:25:00,other,True
RF0029969,T0029969,2026-04-19 15:40:00,other,True
RF0029984,T0029984,2026-02-12 01:46:00,other,True
RF0030016,T0030016,2026-03-05 23:28:00,product_issue,True
RF0030021,T0030021,2026-05-26 09:49:00,duplicate,True
RF0030029,T0030029,2026-05-04 05:57:00,other,True
RF0030040,T0030040,2026-02-11 23:28:00,product_issue,True
RF0030049,T0030049,2026-05-29 04:42:00,duplicate,True
RF0030050,T0030050,2026-03-11 04:29:00,product_issue,True
RF0030075,T0030075,2026-06-08 06:45:00,duplicate,True
RF0030078,T0030078,2026-07-10 22:13:00,duplicate,True
RF0030104,T0030104,2026-02-26 13:19:00,duplicate,True
RF0030132,T0030132,2026-03-03 23:00:00,duplicate,True
RF0030154,T0030154,2026-03-20 14:27:00,duplicate,True
RF0030170,T0030170,2026-05-27 13:12:00,customer_request,True
RF0030172,T0030172,2026-02-19 16:36:00,duplicate,True
RF0030174,T0030174,2026-06-23 15:50:00,customer_request,True
RF0030177,T0030177,2026-03-09 16:46:00,product_issue,True
RF0030191,T0030191,2026-06-09 01:12:00,product_issue,True
RF0030204,T0030204,2026-05-30 01:13:00,duplicate,True
RF0030206,T0030206,2026-04-30 07:28:00,product_issue,True
RF0030215,T0030215,2026-01-18 23:17:00,product_issue,True
RF0030239,T0030239,2026-04-02 12:29:00,customer_request,True
RF0030243,T0030243,2026-02-12 22:41:00,duplicate,True
RF0030251,T0030251,2026-05-30 06:30:00,other,True
RF0030253,T0030253,2026-05-17 02:56:00,duplicate,True
RF0030257,T0030257,2026-06-23 03:42:00,duplicate,True
RF0030282,T0030282,2026-02-22 14:33:00,other,True
RF0030294,T0030294,2026-04-14 20:59:00,product_issue,True
RF0030301,T0030301,2026-01-17 07:32:00,duplicate,True
RF0030304,T0030304,2026-07-04 06:49:00,customer_request,True
RF0030309,T0030309,2026-07-17 21:44:00,duplicate,True
RF0030317,T0030317,2026-02-12 00:04:00,other,True
RF0030325,T0030325,2026-05-18 06:45:00,customer_request,True
RF0030345,T0030345,2026-07-27 15:40:00,customer_request,True
RF0030379,T0030379,2026-08-01 07:10:00,product_issue,True
RF0030394,T0030394,2026-04-30 23:55:00,customer_request,True
RF0030406,T0030406,2026-07-16 17:36:00,product_issue,True
RF0030435,T0030435,2026-01-22 21:14:00,other,True
RF0030447,T0030447,2026-04-27 22:26:00,other,True
RF0030457,T0030457,2026-06-26 00:46:00,duplicate,True
RF0030467,T0030467,2026-02-18 19:58:00,product_issue,True
RF0030471,T0030471,2026-05-14 21:21:00,customer_request,True
RF0030475,T0030475,2026-04-27 16:57:00,other,True
RF0030484,T0030484,2026-06-11 15:40:00,other,True
RF0030496,T0030496,2026-01-05 13:52:00,customer_request,True
RF0030514,T0030514,2026-07-17 00:15:00,other,True
RF0030523,T0030523,2026-07-15 14:35:00,duplicate,True
RF0030529,T0030529,2026-01-06 10:08:00,duplicate,True
RF0030546,T0030546,2026-06-05 06:39:00,customer_request,True
RF0030571,T0030571,2026-07-02 15:34:00,customer_request,True
RF0030574,T0030574,2026-01-02 01:22:00,customer_request,True
RF0030583,T0030583,2026-01-15 04:03:00,product_issue,True
RF0030590,T0030590,2026-01-06 19:47:00,product_issue,True
RF0030596,T0030596,2026-02-12 22:14:00,customer_request,True
RF0030605,T0030605,2026-06-04 13:58:00,customer_request,True
RF0030610,T0030610,2026-01-21 21:10:00,customer_request,True
RF0030619,T0030619,2026-04-13 22:21:00,duplicate,True
RF0030620,T0030620,2026-06-01 06:29:00,customer_request,True
RF0030630,T0030630,2026-04-09 03:47:00,product_issue,True
RF0030653,T0030653,2026-03-25 20:31:00,customer_request,True
RF0030676,T0030676,2026-05-29 15:35:00,customer_request,True
RF0030705,T0030705,2026-04-08 02:57:00,other,True
RF0030721,T0030721,2026-07-13 05:51:00,product_issue,True
RF0030764,T0030764,2026-01-04 04:52:00,product_issue,True
RF0030781,T0030781,2026-05-03 17:55:00,product_issue,True
RF0030789,T0030789,2026-06-25 19:21:00,customer_request,True
RF0030792,T0030792,2026-02-06 05:41:00,customer_request,True
RF0030796,T0030796,2026-02-22 13:24:00,customer_request,True
RF0030800,T0030800,2026-07-05 06:03:00,other,True
RF0030830,T0030830,2026-02-04 01:45:00,customer_request,True
RF0030845,T0030845,2026-04-22 01:12:00,duplicate,True
RF0030861,T0030861,2026-03-21 15:48:00,duplicate,True
RF0030867,T0030867,2026-06-04 04:36:00,duplicate,True
RF0030874,T0030874,2026-04-24 22:11:00,duplicate,True
RF0030882,T0030882,2026-07-19 20:03:00,customer_request,True
RF0030897,T0030897,2026-03-10 17:09:00,product_issue,True
RF0030901,T0030901,2026-06-29 14:32:00,customer_request,True
RF0030916,T0030916,2026-06-30 10:38:00,duplicate,True
RF0030920,T0030920,2026-06-27 21:26:00,duplicate,True
RF0030931,T0030931,2026-04-10 15:39:00,product_issue,True
RF0030933,T0030933,2026-05-28 17:23:00,customer_request,True
RF0030935,T0030935,2026-03-23 05:40:00,customer_request,True
RF0030946,T0030946,2026-06-27 06:23:00,customer_request,True
RF0030947,T0030947,2026-04-01 10:21:00,other,True
RF0030952,T0030952,2026-04-29 14:02:00,customer_request,True
RF0030954,T0030954,2026-06-29 19:11:00,duplicate,True
RF0030966,T0030966,2026-03-05 04:10:00,other,True
RF0030986,T0030986,2026-06-28 22:07:00,other,True
RF0030997,T0030997,2026-03-21 14:49:00,product_issue,True
RF0031000,T0031000,2026-06-16 19:12:00,duplicate,True
RF0031026,T0031026,2026-05-23 09:00:00,other,True
RF0031029,T0031029,2026-02-10 01:42:00,product_issue,True
RF0031046,T0031046,2026-04-28 08:47:00,product_issue,True
RF0031053,T0031053,2026-04-20 15:24:00,product_issue,True
RF0031060,T0031060,2026-07-25 03:24:00,product_issue,True
RF0031072,T0031072,2026-07-10 15:24:00,duplicate,True
RF0031096,T0031096,2026-01-12 02:26:00,customer_request,True
RF0031121,T0031121,2026-05-10 16:50:00,customer_request,True
RF0031148,T0031148,2026-02-03 17:37:00,customer_request,True
RF0031151,T0031151,2026-07-27 11:30:00,other,True
RF0031157,T0031157,2026-04-10 16:21:00,customer_request,True
RF0031160,T0031160,2026-04-15 14:58:00,duplicate,True
RF0031164,T0031164,2026-02-02 08:08:00,duplicate,True
RF0031165,T0031165,2026-05-01 05:46:00,product_issue,True
RF0031172,T0031172,2026-06-13 23:21:00,customer_request,True
RF0031173,T0031173,2026-02-27 07:14:00,other,True
RF0031195,T0031195,2026-02-06 05:22:00,other,True
RF0031199,T0031199,2026-07-16 15:22:00,product_issue,True
RF0031211,T0031211,2026-07-17 15:13:00,product_issue,True
RF0031216,T0031216,2026-01-30 21:24:00,other,True
RF0031218,T0031218,2026-03-03 08:52:00,product_issue,True
RF0031227,T0031227,2026-06-30 12:07:00,customer_request,True
RF0031236,T0031236,2026-05-27 07:31:00,other,True
RF0031239,T0031239,2026-03-01 13:59:00,other,True
RF0031253,T0031253,2026-06-09 12:03:00,duplicate,True
RF0031254,T0031254,2026-05-11 04:24:00,other,True
RF0031260,T0031260,2026-03-07 13:52:00,product_issue,True
RF0031267,T0031267,2026-05-13 20:08:00,customer_request,True
RF0031268,T0031268,2026-06-07 10:06:00,customer_request,True
RF0031281,T0031281,2026-05-09 07:06:00,duplicate,True
RF0031297,T0031297,2026-07-28 14:31:00,other,True
RF0031319,T0031319,2026-01-28 15:42:00,customer_request,True
RF0031332,T0031332,2026-04-11 08:21:00,customer_request,True
RF0031389,T0031389,2026-03-17 02:01:00,customer_request,True
RF0031427,T0031427,2026-03-11 00:08:00,customer_request,True
RF0031433,T0031433,2026-05-03 07:38:00,product_issue,True
RF0031443,T0031443,2026-07-19 23:45:00,product_issue,True
RF0031449,T0031449,2026-07-25 09:55:00,customer_request,True
RF0031462,T0031462,2026-07-02 17:38:00,customer_request,True
RF0031492,T0031492,2026-05-06 10:36:00,product_issue,True
RF0031509,T0031509,2026-07-21 17:39:00,other,True
RF0031517,T0031517,2026-05-10 15:19:00,duplicate,True
RF0031539,T0031539,2026-04-29 12:51:00,duplicate,True
RF0031579,T0031579,2026-05-07 17:17:00,duplicate,True
RF0031581,T0031581,2026-03-24 00:44:00,duplicate,True
RF0031589,T0031589,2026-03-27 13:06:00,product_issue,True
RF0031593,T0031593,2026-03-04 16:13:00,other,True
RF0031595,T0031595,2026-04-20 09:18:00,duplicate,True
RF0031600,T0031600,2026-06-12 08:35:00,product_issue,True
RF0031611,T0031611,2026-04-30 04:06:00,customer_request,True
RF0031626,T0031626,2026-05-30 11:16:00,product_issue,True
RF0031637,T0031637,2026-04-23 08:17:00,product_issue,True
RF0031638,T0031638,2026-03-14 09:58:00,customer_request,True
RF0031646,T0031646,2026-08-02 00:50:00,duplicate,True
RF0031651,T0031651,2026-05-01 19:15:00,other,True
RF0031661,T0031661,2026-06-24 03:51:00,customer_request,True
RF0031662,T0031662,2026-07-16 08:58:00,product_issue,True
RF0031669,T0031669,2026-07-06 11:44:00,other,True
RF0031676,T0031676,2026-02-15 09:17:00,duplicate,True
RF0031706,T0031706,2026-06-19 06:30:00,duplicate,True
RF0031716,T0031716,2026-07-06 20:11:00,product_issue,True
RF0031727,T0031727,2026-03-10 06:10:00,duplicate,True
RF0031735,T0031735,2026-03-06 04:57:00,duplicate,True
RF0031736,T0031736,2026-01-22 15:25:00,duplicate,True
RF0031759,T0031759,2026-04-28 20:44:00,product_issue,True
RF0031762,T0031762,2026-02-11 23:12:00,product_issue,True
RF0031765,T0031765,2026-01-13 02:37:00,customer_request,True
RF0031788,T0031788,2026-01-19 15:48:00,customer_request,True
RF0031794,T0031794,2026-05-08 20:34:00,other,True
RF0031802,T0031802,2026-03-19 08:06:00,product_issue,True
RF0031829,T0031829,2026-05-17 23:39:00,duplicate,True
RF0031862,T0031862,2026-05-23 05:40:00,product_issue,True
RF0031864,T0031864,2026-07-08 22:02:00,customer_request,True
RF0031876,T0031876,2026-03-29 06:27:00,duplicate,True
RF0031887,T0031887,2026-07-10 13:53:00,customer_request,True
RF0031893,T0031893,2026-03-31 11:29:00,duplicate,True
RF0031897,T0031897,2026-02-02 23:16:00,duplicate,True
RF0031914,T0031914,2026-06-17 14:21:00,customer_request,True
RF0031924,T0031924,2026-01-29 13:19:00,customer_request,True
RF0031936,T0031936,2026-06-06 09:45:00,other,True
RF0031958,T0031958,2026-02-13 17:44:00,duplicate,True
RF0031959,T0031959,2026-07-28 03:53:00,product_issue,True
RF0032019,T0032019,2026-04-23 09:34:00,other,True
RF0032030,T0032030,2026-04-30 22:18:00,duplicate,True
RF0032072,T0032072,2026-03-12 16:22:00,customer_request,True
RF0032074,T0032074,2026-07-15 03:23:00,other,True
RF0032079,T0032079,2026-07-04 20:16:00,customer_request,True
RF0032099,T0032099,2026-07-17 12:59:00,customer_request,True
RF0032101,T0032101,2026-06-13 15:17:00,customer_request,True
RF0032108,T0032108,2026-02-22 16:42:00,customer_request,True
RF0032116,T0032116,2026-07-09 20:17:00,customer_request,True
RF0032141,T0032141,2026-07-11 01:46:00,duplicate,True
RF0032142,T0032142,2026-06-21 21:56:00,duplicate,True
RF0032147,T0032147,2026-07-29 01:34:00,other,True
RF0032151,T0032151,2026-03-05 12:30:00,duplicate,True
RF0032153,T0032153,2026-04-08 12:43:00,other,True
RF0032179,T0032179,2026-06-13 11:33:00,product_issue,True
RF0032185,T0032185,2026-07-02 03:24:00,other,True
RF0032200,T0032200,2026-01-15 04:44:00,duplicate,True
RF0032210,T0032210,2026-02-16 19:58:00,customer_request,True
RF0032214,T0032214,2026-01-15 02:46:00,product_issue,True
RF0032219,T0032219,2026-05-30 20:21:00,other,True
RF0032223,T0032223,2026-02-12 01:07:00,customer_request,True
RF0032230,T0032230,2026-07-04 19:39:00,duplicate,True
RF0032236,T0032236,2026-04-30 10:15:00,duplicate,True
RF0032261,T0032261,2026-07-23 20:52:00,duplicate,True
RF0032265,T0032265,2026-03-17 15:53:00,other,True
RF0032295,T0032295,2026-03-10 16:36:00,product_issue,True
RF0032315,T0032315,2026-05-10 14:08:00,customer_request,True
RF0032327,T0032327,2026-05-29 01:43:00,duplicate,True
RF0032334,T0032334,2026-01-14 07:15:00,other,True
RF0032339,T0032339,2026-05-07 21:43:00,product_issue,True
RF0032357,T0032357,2026-02-20 15:22:00,other,True
RF0032362,T0032362,2026-04-10 02:33:00,customer_request,True
RF0032369,T0032369,2026-07-24 19:24:00,duplicate,True
RF0032380,T0032380,2026-05-25 21:34:00,customer_request,True
RF0032395,T0032395,2026-05-11 13:39:00,customer_request,True
RF0032403,T0032403,2026-01-22 21:06:00,customer_request,True
RF0032412,T0032412,2026-01-03 20:15:00,customer_request,True
RF0032425,T0032425,2026-06-09 18:55:00,customer_request,True
RF0032458,T0032458,2026-07-02 18:22:00,product_issue,True
RF0032464,T0032464,2026-02-05 12:47:00,product_issue,True
RF0032467,T0032467,2026-07-08 03:44:00,product_issue,True
RF0032485,T0032485,2026-01-19 04:48:00,other,True
RF0032522,T0032522,2026-03-17 01:33:00,customer_request,True
RF0032534,T0032534,2026-03-03 09:37:00,duplicate,True
RF0032537,T0032537,2026-01-14 21:41:00,customer_request,True
RF0032548,T0032548,2026-06-11 16:23:00,duplicate,True
RF0032569,T0032569,2026-04-20 15:27:00,product_issue,True
RF0032575,T0032575,2026-06-06 18:45:00,duplicate,True
RF0032588,T0032588,2026-03-10 16:41:00,customer_request,True
RF0032591,T0032591,2026-05-02 20:44:00,customer_request,True
RF0032602,T0032602,2026-02-20 01:39:00,other,True
RF0032606,T0032606,2026-05-18 00:40:00,customer_request,True
RF0032610,T0032610,2026-07-24 21:39:00,other,True
RF0032627,T0032627,2026-02-27 14:04:00,duplicate,True
RF0032631,T0032631,2026-04-28 14:36:00,product_issue,True
RF0032636,T0032636,2026-07-08 21:59:00,duplicate,True
RF0032676,T0032676,2026-05-16 15:16:00,customer_request,True
RF0032682,T0032682,2026-07-28 20:03:00,customer_request,True
RF0032704,T0032704,2026-02-07 04:38:00,other,True
RF0032721,T0032721,2026-05-07 08:42:00,product_issue,True
RF0032728,T0032728,2026-02-02 17:14:00,duplicate,True
RF0032734,T0032734,2026-06-12 18:44:00,other,True
RF0032737,T0032737,2026-04-23 02:20:00,duplicate,True
RF0032748,T0032748,2026-04-14 19:54:00,customer_request,True
RF0032749,T0032749,2026-03-31 05:39:00,product_issue,True
RF0032754,T0032754,2026-02-12 01:34:00,duplicate,True
RF0032760,T0032760,2026-02-16 13:19:00,duplicate,True
RF0032769,T0032769,2026-05-01 04:21:00,product_issue,True
RF0032780,T0032780,2026-03-26 09:12:00,duplicate,True
RF0032786,T0032786,2026-06-21 20:43:00,customer_request,True
RF0032798,T0032798,2026-07-04 10:30:00,duplicate,True
RF0032800,T0032800,2026-06-21 06:09:00,duplicate,True
RF0032816,T0032816,2026-06-02 21:00:00,customer_request,True
RF0032820,T0032820,2026-07-26 21:47:00,other,True
RF0032821,T0032821,2026-04-19 02:03:00,duplicate,True
RF0032827,T0032827,2026-07-13 13:01:00,product_issue,True
RF0032831,T0032831,2026-01-19 10:31:00,other,True
RF0032836,T0032836,2026-07-11 14:37:00,customer_request,True
RF0032840,T0032840,2026-03-21 14:03:00,customer_request,True
RF0032854,T0032854,2026-05-04 23:35:00,other,True
RF0032857,T0032857,2026-04-28 20:07:00,duplicate,True
RF0032883,T0032883,2026-04-03 17:20:00,customer_request,True
RF0032902,T0032902,2026-03-30 03:31:00,product_issue,True
RF0032904,T0032904,2026-07-24 01:58:00,other,True
RF0032905,T0032905,2026-06-01 12:21:00,customer_request,True
RF0032909,T0032909,2026-06-10 10:34:00,other,True
RF0032925,T0032925,2026-04-08 03:31:00,product_issue,True
RF0032930,T0032930,2026-06-26 08:26:00,customer_request,True
RF0032938,T0032938,2026-06-16 06:36:00,other,True
RF0032954,T0032954,2026-02-21 11:06:00,customer_request,True
RF0033002,T0033002,2026-02-19 21:06:00,customer_request,True
RF0033005,T0033005,2026-07-16 00:39:00,other,True
RF0033018,T0033018,2026-03-25 21:28:00,other,True
RF0033019,T0033019,2026-02-18 00:13:00,customer_request,True
RF0033020,T0033020,2026-04-02 10:45:00,product_issue,True
RF0033022,T0033022,2026-05-12 05:49:00,customer_request,True
RF0033024,T0033024,2026-03-25 19:30:00,product_issue,True
RF0033036,T0033036,2026-04-28 16:21:00,customer_request,True
RF0033050,T0033050,2026-06-10 04:58:00,customer_request,True
RF0033063,T0033063,2026-04-25 01:52:00,customer_request,True
RF0033085,T0033085,2026-01-31 20:13:00,other,True
RF0033114,T0033114,2026-01-08 12:33:00,duplicate,True
RF0033160,T0033160,2026-05-04 01:58:00,duplicate,True
RF0033188,T0033188,2026-08-02 05:54:00,customer_request,True
RF0033193,T0033193,2026-05-22 01:08:00,customer_request,True
RF0033214,T0033214,2026-06-24 00:57:00,other,True
RF0033215,T0033215,2026-06-26 20:01:00,product_issue,True
RF0033222,T0033222,2026-03-11 23:14:00,customer_request,True
RF0033227,T0033227,2026-02-08 08:58:00,product_issue,True
RF0033239,T0033239,2026-05-21 05:30:00,other,True
RF0033248,T0033248,2026-07-29 03:49:00,other,True
RF0033253,T0033253,2026-02-08 09:08:00,product_issue,True
RF0033267,T0033267,2026-03-18 14:50:00,duplicate,True
RF0033271,T0033271,2026-07-12 23:49:00,duplicate,True
RF0033286,T0033286,2026-03-25 01:53:00,duplicate,True
RF0033294,T0033294,2026-07-26 07:47:00,duplicate,True
RF0033326,T0033326,2026-01-02 03:39:00,other,True
RF0033329,T0033329,2026-07-26 06:06:00,other,True
RF0033357,T0033357,2026-02-12 06:22:00,duplicate,True
RF0033389,T0033389,2026-06-20 16:32:00,product_issue,True
RF0033393,T0033393,2026-02-08 11:09:00,customer_request,True
RF0033407,T0033407,2026-02-10 17:37:00,duplicate,True
RF0033410,T0033410,2026-07-12 01:31:00,other,True
RF0033416,T0033416,2026-01-11 19:52:00,product_issue,True
RF0033454,T0033454,2026-06-15 20:32:00,customer_request,True
RF0033455,T0033455,2026-01-03 20:16:00,other,True
RF0033459,T0033459,2026-03-31 09:25:00,product_issue,True
RF0033462,T0033462,2026-05-03 20:42:00,other,True
RF0033486,T0033486,2026-05-05 10:19:00,other,True
RF0033491,T0033491,2026-04-22 02:57:00,product_issue,True
RF0033493,T0033493,2026-04-22 02:09:00,other,True
RF0033508,T0033508,2026-04-22 18:58:00,duplicate,True
RF0033512,T0033512,2026-07-19 15:29:00,other,True
RF0033524,T0033524,2026-06-14 03:01:00,product_issue,True
RF0033538,T0033538,2026-03-08 09:43:00,other,True
RF0033554,T0033554,2026-05-08 22:30:00,customer_request,True
RF0033560,T0033560,2026-03-19 05:22:00,other,True
RF0033568,T0033568,2026-06-29 06:32:00,other,True
RF0033586,T0033586,2026-05-14 06:04:00,duplicate,True
RF0033588,T0033588,2026-04-19 16:53:00,other,True
RF0033598,T0033598,2026-03-07 10:23:00,customer_request,True
RF0033604,T0033604,2026-02-05 02:38:00,duplicate,True
RF0033612,T0033612,2026-01-08 12:58:00,product_issue,True
RF0033618,T0033618,2026-05-17 18:02:00,duplicate,True
RF0033623,T0033623,2026-05-27 17:20:00,product_issue,True
RF0033631,T0033631,2026-06-12 17:23:00,other,True
RF0033679,T0033679,2026-06-26 18:55:00,other,True
RF0033688,T0033688,2026-07-18 13:44:00,customer_request,True
RF0033696,T0033696,2026-05-18 14:50:00,customer_request,True
RF0033697,T0033697,2026-07-31 00:51:00,customer_request,True
RF0033700,T0033700,2026-07-20 20:28:00,duplicate,True
RF0033701,T0033701,2026-03-18 16:00:00,other,True
RF0033703,T0033703,2026-01-18 00:46:00,product_issue,True
RF0033712,T0033712,2026-06-17 04:56:00,product_issue,True
RF0033722,T0033722,2026-01-26 21:12:00,product_issue,True
RF0033738,T0033738,2026-02-12 06:01:00,duplicate,True
RF0033756,T0033756,2026-02-21 22:40:00,other,True
RF0033757,T0033757,2026-01-06 05:04:00,duplicate,True
RF0033772,T0033772,2026-07-01 02:58:00,duplicate,True
RF0033778,T0033778,2026-06-28 00:02:00,duplicate,True
RF0033783,T0033783,2026-07-19 12:44:00,other,True
RF0033784,T0033784,2026-06-23 02:45:00,product_issue,True
RF0033801,T0033801,2026-06-27 06:46:00,product_issue,True
RF0033802,T0033802,2026-03-27 12:18:00,duplicate,True
RF0033829,T0033829,2026-07-31 06:23:00,duplicate,True
RF0033847,T0033847,2026-07-05 08:04:00,other,True
RF0033852,T0033852,2026-06-03 12:45:00,other,True
RF0033859,T0033859,2026-02-10 06:44:00,customer_request,True
RF0033863,T0033863,2026-05-22 09:01:00,customer_request,True
RF0033884,T0033884,2026-07-03 18:06:00,duplicate,True
RF0033887,T0033887,2026-05-28 22:07:00,product_issue,True
RF0033892,T0033892,2026-05-06 02:52:00,customer_request,True
RF0033900,T0033900,2026-06-27 21:06:00,product_issue,True
RF0033903,T0033903,2026-06-15 16:03:00,other,True
RF0033909,T0033909,2026-03-29 09:54:00,duplicate,True
RF0033928,T0033928,2026-07-16 17:46:00,customer_request,True
RF0033933,T0033933,2026-03-06 05:09:00,product_issue,True
RF0033937,T0033937,2026-03-25 00:15:00,other,True
RF0033944,T0033944,2026-06-06 05:23:00,product_issue,True
RF0033956,T0033956,2026-06-12 22:01:00,duplicate,True
RF0033961,T0033961,2026-02-12 16:25:00,product_issue,True
RF0033965,T0033965,2026-05-11 02:50:00,product_issue,True
RF0033970,T0033970,2026-01-28 20:44:00,other,True
RF0033980,T0033980,2026-05-19 11:55:00,duplicate,True
RF0033983,T0033983,2026-01-14 16:59:00,customer_request,True
RF0033984,T0033984,2026-03-24 11:01:00,other,True
RF0033989,T0033989,2026-03-27 13:00:00,product_issue,True
RF0034038,T0034038,2026-04-22 09:17:00,product_issue,True
RF0034047,T0034047,2026-03-16 18:32:00,product_issue,True
RF0034059,T0034059,2026-05-19 18:48:00,product_issue,True
RF0034076,T0034076,2026-02-28 04:06:00,other,True
RF0034085,T0034085,2026-07-09 16:14:00,other,True
RF0034088,T0034088,2026-07-16 08:53:00,other,True
RF0034095,T0034095,2026-03-11 20:55:00,other,True
RF0034110,T0034110,2026-01-16 21:42:00,other,True
RF0034114,T0034114,2026-07-05 09:26:00,product_issue,True
RF0034120,T0034120,2026-06-05 18:56:00,other,True
RF0034123,T0034123,2026-02-07 09:36:00,duplicate,True
RF0034128,T0034128,2026-06-26 18:29:00,other,True
RF0034141,T0034141,2026-07-11 20:12:00,product_issue,True
RF0034142,T0034142,2026-03-10 13:40:00,other,True
RF0034152,T0034152,2026-05-02 02:01:00,customer_request,True
RF0034164,T0034164,2026-06-10 13:51:00,other,True
RF0034165,T0034165,2026-07-14 14:09:00,customer_request,True
RF0034167,T0034167,2026-05-05 18:51:00,other,True
RF0034169,T0034169,2026-05-11 04:02:00,customer_request,True
RF0034171,T0034171,2026-01-04 21:09:00,customer_request,True
RF0034181,T0034181,2026-05-26 05:11:00,duplicate,True
RF0034212,T0034212,2026-06-28 13:57:00,product_issue,True
RF0034216,T0034216,2026-06-09 04:06:00,other,True
RF0034226,T0034226,2026-02-22 04:20:00,other,True
RF0034237,T0034237,2026-05-19 06:22:00,customer_request,True
RF0034245,T0034245,2026-05-19 18:59:00,duplicate,True
RF0034261,T0034261,2026-04-30 17:20:00,duplicate,True
RF0034267,T0034267,2026-07-17 02:37:00,customer_request,True
RF0034276,T0034276,2026-07-27 11:16:00,duplicate,True
RF0034288,T0034288,2026-07-28 08:09:00,duplicate,True
RF0034328,T0034328,2026-01-25 12:14:00,other,True
RF0034345,T0034345,2026-02-04 08:28:00,product_issue,True
RF0034360,T0034360,2026-01-31 22:59:00,other,True
RF0034363,T0034363,2026-03-05 01:40:00,duplicate,True
RF0034389,T0034389,2026-05-14 10:07:00,other,True
RF0034395,T0034395,2026-03-20 18:13:00,product_issue,True
RF0034412,T0034412,2026-04-28 02:24:00,duplicate,True
RF0034421,T0034421,2026-06-10 00:10:00,customer_request,True
RF0034438,T0034438,2026-03-06 17:02:00,duplicate,True
RF0034451,T0034451,2026-05-04 04:09:00,product_issue,True
RF0034461,T0034461,2026-02-01 16:56:00,customer_request,True
RF0034470,T0034470,2026-03-01 17:59:00,other,True
RF0034493,T0034493,2026-02-10 20:25:00,other,True
RF0034523,T0034523,2026-04-15 14:19:00,duplicate,True
RF0034529,T0034529,2026-04-25 17:15:00,other,True
RF0034575,T0034575,2026-06-20 21:05:00,duplicate,True
RF0034578,T0034578,2026-03-21 04:29:00,other,True
RF0034612,T0034612,2026-05-16 00:53:00,product_issue,True
RF0034613,T0034613,2026-02-10 12:53:00,customer_request,True
RF0034615,T0034615,2026-03-25 23:43:00,other,True
RF0034616,T0034616,2026-03-27 01:26:00,customer_request,True
RF0034637,T0034637,2026-02-16 22:50:00,duplicate,True
RF0034640,T0034640,2026-02-12 16:27:00,duplicate,True
RF0034653,T0034653,2026-02-03 14:16:00,other,True
RF0034659,T0034659,2026-02-14 20:31:00,product_issue,True
RF0034666,T0034666,2026-02-20 23:34:00,customer_request,True
RF0034669,T0034669,2026-04-26 23:20:00,product_issue,True
RF0034682,T0034682,2026-04-14 13:54:00,duplicate,True
RF0034691,T0034691,2026-01-30 00:49:00,product_issue,True
RF0034693,T0034693,2026-05-22 02:02:00,duplicate,True
RF0034704,T0034704,2026-02-01 04:35:00,customer_request,True
RF0034717,T0034717,2026-05-01 07:32:00,duplicate,True
RF0034721,T0034721,2026-03-10 06:02:00,duplicate,True
RF0034736,T0034736,2026-04-01 17:30:00,duplicate,True
RF0034749,T0034749,2026-04-18 15:42:00,product_issue,True
RF0034758,T0034758,2026-01-24 02:39:00,other,True
RF0034759,T0034759,2026-03-28 04:36:00,customer_request,True
RF0034763,T0034763,2026-03-04 14:25:00,customer_request,True
RF0034768,T0034768,2026-02-25 02:57:00,customer_request,True
RF0034790,T0034790,2026-06-07 02:50:00,duplicate,True
RF0034793,T0034793,2026-06-04 16:52:00,duplicate,True
RF0034797,T0034797,2026-05-07 18:07:00,customer_request,True
RF0034806,T0034806,2026-07-20 06:06:00,duplicate,True
RF0034811,T0034811,2026-04-18 22:36:00,product_issue,True
RF0034812,T0034812,2026-05-04 11:44:00,customer_request,True
RF0034822,T0034822,2026-02-25 12:04:00,product_issue,True
RF0034826,T0034826,2026-01-30 01:40:00,duplicate,True
RF0034829,T0034829,2026-01-02 20:41:00,customer_request,True
RF0034837,T0034837,2026-03-28 07:42:00,product_issue,True
RF0034853,T0034853,2026-04-18 02:31:00,product_issue,True
RF0034860,T0034860,2026-06-26 08:00:00,customer_request,True
RF0034866,T0034866,2026-07-17 10:00:00,duplicate,True
RF0034868,T0034868,2026-02-07 03:23:00,customer_request,True
RF0034877,T0034877,2026-03-31 13:19:00,duplicate,True
RF0034879,T0034879,2026-02-09 09:12:00,other,True
RF0034892,T0034892,2026-06-10 10:35:00,customer_request,True
RF0034898,T0034898,2026-04-25 11:05:00,other,True
RF0034902,T0034902,2026-06-08 09:17:00,duplicate,True
RF0034903,T0034903,2026-05-18 17:48:00,product_issue,True
RF0034910,T0034910,2026-07-17 01:15:00,duplicate,True
RF0034940,T0034940,2026-03-06 06:15:00,other,True
RF0034945,T0034945,2026-04-05 07:00:00,product_issue,True
RF0034959,T0034959,2026-02-05 01:02:00,customer_request,True
RF0034970,T0034970,2026-06-25 17:14:00,customer_request,True
RF0034977,T0034977,2026-04-30 15:31:00,product_issue,True
RF0034982,T0034982,2026-02-06 00:26:00,other,True
RF0034983,T0034983,2026-05-02 23:42:00,other,True
RF0035022,T0035022,2026-02-25 20:24:00,duplicate,True
RF0035029,T0035029,2026-07-13 22:42:00,customer_request,True
RF0035036,T0035036,2026-02-02 19:44:00,customer_request,True
RF0035037,T0035037,2026-05-22 02:45:00,customer_request,True
RF0035042,T0035042,2026-03-26 00:27:00,customer_request,True
RF0035044,T0035044,2026-03-20 00:14:00,customer_request,True
RF0035049,T0035049,2026-05-24 11:10:00,other,True
RF0035051,T0035051,2026-04-19 09:51:00,duplicate,True
RF0035079,T0035079,2026-01-18 14:41:00,product_issue,True
RF0035085,T0035085,2026-01-04 03:28:00,other,True
RF0035086,T0035086,2026-03-09 05:53:00,product_issue,True
RF0035090,T0035090,2026-05-29 02:10:00,product_issue,True
RF0035103,T0035103,2026-03-28 10:47:00,other,True
RF0035106,T0035106,2026-07-14 12:31:00,other,True
RF0035108,T0035108,2026-06-14 19:20:00,product_issue,True
RF0035115,T0035115,2026-06-07 18:27:00,other,True
RF0035118,T0035118,2026-05-23 08:06:00,customer_request,True
RF0035126,T0035126,2026-03-12 16:37:00,other,True
RF0035145,T0035145,2026-03-03 16:15:00,product_issue,True
RF0035146,T0035146,2026-05-06 03:24:00,customer_request,True
RF0035157,T0035157,2026-05-31 21:45:00,other,True
RF0035163,T0035163,2026-02-04 17:15:00,duplicate,True
RF0035179,T0035179,2026-01-06 18:25:00,product_issue,True
RF0035188,T0035188,2026-03-17 06:04:00,customer_request,True
RF0035203,T0035203,2026-02-20 08:33:00,other,True
RF0035214,T0035214,2026-03-19 01:56:00,other,True
RF0035242,T0035242,2026-03-10 07:11:00,other,True
RF0035252,T0035252,2026-07-26 16:37:00,other,True
RF0035257,T0035257,2026-06-13 19:49:00,customer_request,True
RF0035274,T0035274,2026-06-21 06:59:00,product_issue,True
RF0035280,T0035280,2026-04-24 04:09:00,product_issue,True
RF0035311,T0035311,2026-06-17 08:32:00,duplicate,True
RF0035345,T0035345,2026-07-31 10:59:00,customer_request,True
RF0035362,T0035362,2026-05-24 02:21:00,other,True
RF0035373,T0035373,2026-07-18 13:12:00,duplicate,True
RF0035376,T0035376,2026-03-15 12:59:00,other,True
RF0035384,T0035384,2026-05-03 00:36:00,customer_request,True
RF0035385,T0035385,2026-06-14 04:33:00,product_issue,True
RF0035391,T0035391,2026-06-13 16:03:00,duplicate,True
RF0035415,T0035415,2026-01-29 07:27:00,duplicate,True
RF0035418,T0035418,2026-05-20 09:54:00,product_issue,True
RF0035421,T0035421,2026-06-05 02:41:00,other,True
RF0035422,T0035422,2026-05-05 07:07:00,duplicate,True
RF0035438,T0035438,2026-01-14 13:52:00,duplicate,True
RF0035452,T0035452,2026-07-24 15:00:00,other,True
RF0035456,T0035456,2026-07-13 08:53:00,other,True
RF0035457,T0035457,2026-04-16 06:50:00,other,True
RF0035461,T0035461,2026-05-09 03:50:00,product_issue,True
RF0035464,T0035464,2026-01-26 16:13:00,customer_request,True
RF0035472,T0035472,2026-07-08 14:32:00,other,True
RF0035486,T0035486,2026-07-06 18:34:00,other,True
RF0035496,T0035496,2026-04-18 23:51:00,duplicate,True
RF0035511,T0035511,2026-01-15 18:19:00,product_issue,True
RF0035519,T0035519,2026-02-15 00:56:00,duplicate,True
RF0035527,T0035527,2026-06-30 09:45:00,duplicate,True
RF0035564,T0035564,2026-03-20 04:34:00,other,True
RF0035599,T0035599,2026-04-01 09:49:00,duplicate,True
RF0035600,T0035600,2026-05-31 21:44:00,product_issue,True
RF0035604,T0035604,2026-02-23 14:36:00,other,True
RF0035607,T0035607,2026-05-02 13:07:00,duplicate,True
RF0035611,T0035611,2026-01-09 07:40:00,other,True
RF0035612,T0035612,2026-03-31 08:01:00,customer_request,True
RF0035619,T0035619,2026-03-15 16:14:00,product_issue,True
RF0035625,T0035625,2026-07-02 06:47:00,customer_request,True
RF0035647,T0035647,2026-06-02 22:02:00,product_issue,True
RF0035662,T0035662,2026-05-25 04:48:00,duplicate,True
RF0035663,T0035663,2026-05-30 19:26:00,product_issue,True
RF0035684,T0035684,2026-03-28 08:17:00,other,True
RF0035691,T0035691,2026-06-03 19:06:00,product_issue,True
RF0035706,T0035706,2026-07-25 02:55:00,duplicate,True
RF0035712,T0035712,2026-03-21 22:30:00,product_issue,True
RF0035713,T0035713,2026-02-02 17:11:00,customer_request,True
RF0035718,T0035718,2026-04-15 05:31:00,duplicate,True
RF0035741,T0035741,2026-02-19 05:50:00,duplicate,True
RF0035755,T0035755,2026-06-05 17:43:00,customer_request,True
RF0035765,T0035765,2026-07-23 06:09:00,product_issue,True
RF0035768,T0035768,2026-02-22 23:28:00,product_issue,True
RF0035783,T0035783,2026-03-25 02:09:00,customer_request,True
RF0035787,T0035787,2026-06-04 11:56:00,other,True
RF0035807,T0035807,2026-06-17 08:02:00,customer_request,True
RF0035823,T0035823,2026-07-08 07:21:00,other,True
RF0035833,T0035833,2026-07-11 02:21:00,other,True
RF0035850,T0035850,2026-03-29 04:14:00,product_issue,True
RF0035853,T0035853,2026-05-30 06:24:00,product_issue,True
RF0035855,T0035855,2026-07-07 14:31:00,duplicate,True
RF0035857,T0035857,2026-04-14 23:30:00,customer_request,True
RF0035862,T0035862,2026-01-08 13:00:00,duplicate,True
RF0035865,T0035865,2026-02-28 12:43:00,other,True
RF0035872,T0035872,2026-05-29 04:23:00,other,True
RF0035889,T0035889,2026-07-27 08:17:00,product_issue,True
RF0035907,T0035907,2026-07-26 02:25:00,customer_request,True
RF0035914,T0035914,2026-06-02 05:55:00,customer_request,True
RF0035917,T0035917,2026-06-19 17:47:00,other,True
RF0035928,T0035928,2026-06-03 05:02:00,product_issue,True
RF0035942,T0035942,2026-02-02 10:32:00,customer_request,True
RF0035945,T0035945,2026-02-11 00:33:00,duplicate,True
RF0035975,T0035975,2026-02-15 06:50:00,customer_request,True
RF0035977,T0035977,2026-07-04 07:20:00,duplicate,True
RF0035986,T0035986,2026-06-17 10:12:00,other,True
RF0036005,T0036005,2026-04-08 13:05:00,other,True
RF0036015,T0036015,2026-04-21 21:16:00,product_issue,True
RF0036032,T0036032,2026-02-28 20:06:00,other,True
RF0036062,T0036062,2026-05-21 23:16:00,product_issue,True
RF0036063,T0036063,2026-06-03 10:57:00,duplicate,True
RF0036075,T0036075,2026-06-22 23:20:00,duplicate,True
RF0036096,T0036096,2026-01-20 00:22:00,duplicate,True
RF0036111,T0036111,2026-03-19 07:47:00,duplicate,True
RF0036115,T0036115,2026-06-22 14:06:00,duplicate,True
RF0036119,T0036119,2026-06-13 01:53:00,customer_request,True
RF0036128,T0036128,2026-03-01 21:06:00,product_issue,True
RF0036129,T0036129,2026-07-29 23:44:00,customer_request,True
RF0036144,T0036144,2026-03-19 03:28:00,customer_request,True
RF0036147,T0036147,2026-01-08 07:54:00,other,True
RF0036153,T0036153,2026-06-02 14:18:00,product_issue,True
RF0036161,T0036161,2026-04-14 00:59:00,other,True
RF0036174,T0036174,2026-03-22 05:35:00,other,True
RF0036189,T0036189,2026-03-05 16:22:00,other,True
RF0036199,T0036199,2026-05-10 01:36:00,customer_request,True
RF0036212,T0036212,2026-03-14 16:43:00,product_issue,True
RF0036227,T0036227,2026-03-26 21:35:00,other,True
RF0036243,T0036243,2026-03-27 11:08:00,customer_request,True
RF0036247,T0036247,2026-03-14 07:19:00,duplicate,True
RF0036261,T0036261,2026-03-11 11:41:00,other,True
RF0036280,T0036280,2026-07-07 09:03:00,customer_request,True
RF0036293,T0036293,2026-06-19 03:44:00,duplicate,True
RF0036300,T0036300,2026-04-29 06:07:00,duplicate,True
RF0036310,T0036310,2026-05-11 05:41:00,product_issue,True
RF0036317,T0036317,2026-07-01 14:13:00,customer_request,True
RF0036323,T0036323,2026-01-11 14:34:00,product_issue,True
RF0036332,T0036332,2026-03-31 05:23:00,customer_request,True
RF0036336,T0036336,2026-06-24 05:58:00,duplicate,True
RF0036338,T0036338,2026-06-27 12:30:00,other,True
RF0036364,T0036364,2026-04-12 17:46:00,other,True
RF0036405,T0036405,2026-04-24 23:00:00,customer_request,True
RF0036414,T0036414,2026-05-07 17:28:00,duplicate,True
RF0036416,T0036416,2026-05-02 17:53:00,other,True
RF0036426,T0036426,2026-06-10 11:48:00,other,True
RF0036445,T0036445,2026-06-25 01:14:00,duplicate,True
RF0036454,T0036454,2026-01-13 05:27:00,customer_request,True
RF0036457,T0036457,2026-03-11 01:24:00,duplicate,True
RF0036474,T0036474,2026-03-21 00:21:00,duplicate,True
RF0036498,T0036498,2026-02-22 14:11:00,other,True
RF0036500,T0036500,2026-02-11 22:57:00,duplicate,True
RF0036514,T0036514,2026-05-21 20:06:00,customer_request,True
RF0036519,T0036519,2026-07-13 11:28:00,other,True
RF0036535,T0036535,2026-06-06 16:12:00,product_issue,True
RF0036536,T0036536,2026-06-02 23:55:00,duplicate,True
RF0036538,T0036538,2026-01-07 10:01:00,other,True
RF0036544,T0036544,2026-06-13 15:19:00,duplicate,True
RF0036552,T0036552,2026-05-15 07:23:00,customer_request,True
RF0036565,T0036565,2026-01-31 06:29:00,duplicate,True
RF0036571,T0036571,2026-03-06 07:25:00,other,True
RF0036577,T0036577,2026-01-02 07:03:00,product_issue,True
RF0036579,T0036579,2026-04-22 22:48:00,duplicate,True
RF0036601,T0036601,2026-05-19 08:13:00,other,True
RF0036604,T0036604,2026-01-16 22:11:00,customer_request,True
RF0036618,T0036618,2026-05-22 18:12:00,customer_request,True
RF0036634,T0036634,2026-03-12 12:19:00,product_issue,True
RF0036642,T0036642,2026-07-28 22:02:00,other,True
RF0036645,T0036645,2026-02-24 06:06:00,customer_request,True
RF0036653,T0036653,2026-07-25 05:40:00,product_issue,True
RF0036692,T0036692,2026-05-19 09:33:00,customer_request,True
RF0036705,T0036705,2026-06-22 15:12:00,customer_request,True
RF0036709,T0036709,2026-05-01 00:51:00,product_issue,True
RF0036710,T0036710,2026-03-10 00:51:00,duplicate,True
RF0036711,T0036711,2026-04-27 02:26:00,customer_request,True
RF0036727,T0036727,2026-06-09 16:40:00,other,True
RF0036730,T0036730,2026-03-02 15:35:00,product_issue,True
RF0036750,T0036750,2026-06-05 03:26:00,customer_request,True
RF0036778,T0036778,2026-05-30 00:47:00,duplicate,True
RF0036791,T0036791,2026-05-12 19:47:00,customer_request,True
RF0036805,T0036805,2026-03-08 20:23:00,product_issue,True
RF0036811,T0036811,2026-03-18 22:01:00,duplicate,True
RF0036814,T0036814,2026-06-17 13:11:00,product_issue,True
RF0036817,T0036817,2026-01-17 09:08:00,other,True
RF0036836,T0036836,2026-03-09 18:03:00,other,True
RF0036837,T0036837,2026-06-28 03:27:00,customer_request,True
RF0036848,T0036848,2026-04-06 06:45:00,customer_request,True
RF0036850,T0036850,2026-02-07 10:03:00,product_issue,True
RF0036858,T0036858,2026-02-04 07:32:00,product_issue,True
RF0036872,T0036872,2026-04-28 08:27:00,customer_request,True
RF0036875,T0036875,2026-07-21 12:34:00,product_issue,True
RF0036884,T0036884,2026-07-31 03:28:00,product_issue,True
RF0036901,T0036901,2026-04-18 23:01:00,other,True
RF0036913,T0036913,2026-07-17 12:24:00,customer_request,True
RF0036916,T0036916,2026-06-13 07:05:00,other,True
RF0036932,T0036932,2026-01-23 10:15:00,other,True
RF0036951,T0036951,2026-02-10 22:26:00,duplicate,True
RF0036970,T0036970,2026-05-03 16:30:00,customer_request,True
RF0036972,T0036972,2026-06-20 11:57:00,other,True
RF0036976,T0036976,2026-06-25 14:30:00,product_issue,True
RF0036989,T0036989,2026-02-07 23:02:00,duplicate,True
RF0036991,T0036991,2026-04-17 03:56:00,duplicate,True
RF0037003,T0037003,2026-02-05 23:59:00,duplicate,True
RF0037014,T0037014,2026-02-09 00:53:00,other,True
RF0037023,T0037023,2026-04-01 02:45:00,product_issue,True
RF0037028,T0037028,2026-02-23 08:13:00,customer_request,True
RF0037049,T0037049,2026-05-26 01:21:00,customer_request,True
RF0037060,T0037060,2026-05-05 14:10:00,duplicate,True
RF0037070,T0037070,2026-04-14 22:40:00,customer_request,True
RF0037075,T0037075,2026-07-05 10:36:00,customer_request,True
RF0037082,T0037082,2026-01-06 20:28:00,other,True
RF0037112,T0037112,2026-03-23 04:35:00,other,True
RF0037134,T0037134,2026-07-08 18:55:00,duplicate,True
RF0037152,T0037152,2026-02-12 03:05:00,other,True
RF0037160,T0037160,2026-06-05 09:55:00,customer_request,True
RF0037165,T0037165,2026-05-04 16:44:00,other,True
RF0037166,T0037166,2026-04-01 00:53:00,other,True
RF0037173,T0037173,2026-05-14 22:53:00,product_issue,True
RF0037177,T0037177,2026-01-21 03:06:00,product_issue,True
RF0037186,T0037186,2026-01-13 15:53:00,duplicate,True
RF0037191,T0037191,2026-07-02 04:23:00,customer_request,True
RF0037211,T0037211,2026-02-18 04:21:00,product_issue,True
RF0037213,T0037213,2026-05-09 07:07:00,other,True
RF0037215,T0037215,2026-01-11 07:27:00,customer_request,True
RF0037221,T0037221,2026-01-19 09:18:00,other,True
RF0037236,T0037236,2026-03-01 18:32:00,other,True
RF0037237,T0037237,2026-01-22 17:15:00,other,True
RF0037238,T0037238,2026-03-07 02:33:00,other,True
RF0037245,T0037245,2026-01-22 10:23:00,duplicate,True
RF0037253,T0037253,2026-07-24 05:42:00,other,True
RF0037254,T0037254,2026-02-17 04:58:00,other,True
RF0037273,T0037273,2026-05-21 00:39:00,duplicate,True
RF0037281,T0037281,2026-03-21 07:16:00,duplicate,True
RF0037291,T0037291,2026-06-04 03:46:00,other,True
RF0037307,T0037307,2026-01-27 14:25:00,duplicate,True
RF0037308,T0037308,2026-05-19 13:34:00,other,True
RF0037324,T0037324,2026-02-13 01:21:00,other,True
RF0037326,T0037326,2026-05-23 14:01:00,customer_request,True
RF0037342,T0037342,2026-04-07 14:36:00,duplicate,True
RF0037345,T0037345,2026-03-27 09:21:00,customer_request,True
RF0037351,T0037351,2026-01-17 12:53:00,product_issue,True
RF0037357,T0037357,2026-04-13 22:15:00,duplicate,True
RF0037361,T0037361,2026-04-05 07:00:00,product_issue,True
RF0037362,T0037362,2026-03-22 21:05:00,duplicate,True
RF0037363,T0037363,2026-03-11 13:12:00,customer_request,True
RF0037379,T0037379,2026-05-20 14:53:00,duplicate,True
RF0037380,T0037380,2026-06-03 11:16:00,other,True
RF0037383,T0037383,2026-01-08 20:36:00,other,True
RF0037414,T0037414,2026-01-16 04:05:00,product_issue,True
RF0037421,T0037421,2026-02-14 04:55:00,customer_request,True
RF0037428,T0037428,2026-04-03 18:14:00,product_issue,True
RF0037440,T0037440,2026-05-10 09:46:00,customer_request,True
RF0037448,T0037448,2026-01-07 11:07:00,product_issue,True
RF0037454,T0037454,2026-05-18 01:17:00,customer_request,True
RF0037469,T0037469,2026-04-25 09:35:00,other,True
RF0037478,T0037478,2026-06-27 04:39:00,duplicate,True
RF0037485,T0037485,2026-02-08 19:05:00,other,True
RF0037502,T0037502,2026-05-15 17:31:00,product_issue,True
RF0037539,T0037539,2026-01-29 16:04:00,duplicate,True
RF0037552,T0037552,2026-05-18 23:33:00,product_issue,True
RF0037557,T0037557,2026-02-16 17:22:00,duplicate,True
RF0037558,T0037558,2026-05-27 17:42:00,duplicate,True
RF0037560,T0037560,2026-02-07 02:31:00,duplicate,True
RF0037572,T0037572,2026-01-23 06:31:00,duplicate,True
RF0037605,T0037605,2026-07-24 09:57:00,duplicate,True
RF0037608,T0037608,2026-06-06 00:24:00,duplicate,True
RF0037609,T0037609,2026-04-05 04:29:00,duplicate,True
RF0037612,T0037612,2026-07-21 12:53:00,customer_request,True
RF0037617,T0037617,2026-01-14 00:39:00,duplicate,True
RF0037620,T0037620,2026-06-01 21:18:00,other,True
RF0037622,T0037622,2026-01-07 19:44:00,product_issue,True
RF0037629,T0037629,2026-02-01 06:27:00,duplicate,True
RF0037638,T0037638,2026-01-18 03:08:00,customer_request,True
RF0037663,T0037663,2026-06-02 03:03:00,duplicate,True
RF0037678,T0037678,2026-04-23 08:50:00,other,True
RF0037682,T0037682,2026-07-20 13:32:00,duplicate,True
RF0037686,T0037686,2026-06-26 12:01:00,other,True
RF0037687,T0037687,2026-07-24 05:50:00,product_issue,True
RF0037691,T0037691,2026-02-08 15:31:00,duplicate,True
RF0037692,T0037692,2026-01-21 20:18:00,other,True
RF0037703,T0037703,2026-04-07 20:04:00,duplicate,True
RF0037708,T0037708,2026-03-09 09:50:00,duplicate,True
RF0037712,T0037712,2026-06-04 02:36:00,other,True
RF0037717,T0037717,2026-02-24 15:30:00,customer_request,True
RF0037719,T0037719,2026-04-13 15:41:00,customer_request,True
RF0037722,T0037722,2026-07-27 12:30:00,duplicate,True
RF0037725,T0037725,2026-01-15 08:36:00,duplicate,True
RF0037743,T0037743,2026-04-10 05:41:00,customer_request,True
RF0037751,T0037751,2026-06-20 14:33:00,other,True
RF0037763,T0037763,2026-05-07 11:24:00,customer_request,True
RF0037774,T0037774,2026-04-15 23:17:00,duplicate,True
RF0037776,T0037776,2026-06-20 00:28:00,other,True
RF0037808,T0037808,2026-01-24 15:45:00,customer_request,True
RF0037818,T0037818,2026-04-18 16:04:00,customer_request,True
RF0037824,T0037824,2026-07-24 07:49:00,other,True
RF0037831,T0037831,2026-06-03 13:29:00,other,True
RF0037837,T0037837,2026-05-08 07:00:00,customer_request,True
RF0037853,T0037853,2026-05-17 20:18:00,other,True
RF0037857,T0037857,2026-07-11 17:57:00,customer_request,True
RF0037863,T0037863,2026-05-18 21:16:00,other,True
RF0037878,T0037878,2026-07-09 21:55:00,other,True
RF0037919,T0037919,2026-06-28 05:14:00,product_issue,True
RF0037930,T0037930,2026-05-19 00:33:00,customer_request,True
RF0037964,T0037964,2026-05-16 08:17:00,customer_request,True
RF0037987,T0037987,2026-02-20 19:51:00,product_issue,True
RF0038021,T0038021,2026-06-03 00:17:00,customer_request,True
RF0038034,T0038034,2026-05-24 01:00:00,other,True
RF0038037,T0038037,2026-02-20 04:03:00,customer_request,True
RF0038045,T0038045,2026-06-15 16:49:00,customer_request,True
RF0038088,T0038088,2026-06-11 01:14:00,product_issue,True
RF0038089,T0038089,2026-06-21 03:03:00,product_issue,True
RF0038092,T0038092,2026-03-18 01:21:00,duplicate,True
RF0038131,T0038131,2026-07-25 17:10:00,customer_request,True
RF0038132,T0038132,2026-07-16 09:34:00,other,True
RF0038140,T0038140,2026-03-24 14:08:00,other,True
RF0038141,T0038141,2026-04-29 17:46:00,customer_request,True
RF0038163,T0038163,2026-04-22 22:55:00,duplicate,True
RF0038170,T0038170,2026-01-17 18:14:00,duplicate,True
RF0038171,T0038171,2026-04-22 06:13:00,other,True
RF0038172,T0038172,2026-03-21 23:19:00,customer_request,True
RF0038181,T0038181,2026-02-04 20:10:00,other,True
RF0038197,T0038197,2026-04-19 03:03:00,product_issue,True
RF0038199,T0038199,2026-01-23 22:47:00,other,True
RF0038205,T0038205,2026-01-17 17:46:00,product_issue,True
RF0038218,T0038218,2026-04-18 08:23:00,customer_request,True
RF0038225,T0038225,2026-05-30 14:43:00,customer_request,True
RF0038237,T0038237,2026-04-04 07:39:00,other,True
RF0038244,T0038244,2026-04-22 12:33:00,other,True
RF0038260,T0038260,2026-01-08 19:33:00,duplicate,True
RF0038264,T0038264,2026-01-06 23:12:00,other,True
RF0038268,T0038268,2026-04-25 10:44:00,customer_request,True
RF0038296,T0038296,2026-05-12 09:40:00,duplicate,True
RF0038305,T0038305,2026-04-09 09:38:00,product_issue,True
RF0038315,T0038315,2026-07-12 17:58:00,product_issue,True
RF0038334,T0038334,2026-07-29 18:30:00,duplicate,True
RF0038345,T0038345,2026-01-15 04:36:00,other,True
RF0038348,T0038348,2026-03-01 12:21:00,customer_request,True
RF0038355,T0038355,2026-07-14 02:28:00,duplicate,True
RF0038356,T0038356,2026-06-11 14:56:00,product_issue,True
RF0038357,T0038357,2026-05-15 08:42:00,customer_request,True
RF0038421,T0038421,2026-04-15 00:06:00,product_issue,True
RF0038426,T0038426,2026-04-18 00:21:00,other,True
RF0038429,T0038429,2026-06-22 16:56:00,product_issue,True
RF0038430,T0038430,2026-07-10 02:56:00,customer_request,True
RF0038433,T0038433,2026-01-07 11:34:00,product_issue,True
RF0038446,T0038446,2026-03-19 08:47:00,other,True
RF0038457,T0038457,2026-02-28 16:11:00,product_issue,True
RF0038459,T0038459,2026-02-17 16:58:00,duplicate,True
RF0038464,T0038464,2026-01-15 19:34:00,duplicate,True
RF0038465,T0038465,2026-05-12 23:16:00,product_issue,True
RF0038474,T0038474,2026-01-03 05:41:00,customer_request,True
RF0038478,T0038478,2026-03-29 08:20:00,customer_request,True
RF0038496,T0038496,2026-07-13 12:46:00,duplicate,True
RF0038501,T0038501,2026-02-23 01:27:00,other,True
RF0038513,T0038513,2026-01-14 04:39:00,product_issue,True
RF0038528,T0038528,2026-07-15 05:12:00,product_issue,True
RF0038530,T0038530,2026-05-28 16:54:00,product_issue,True
RF0038531,T0038531,2026-01-04 14:40:00,product_issue,True
RF0038534,T0038534,2026-06-28 15:12:00,other,True
RF0038541,T0038541,2026-01-14 14:35:00,duplicate,True
RF0038542,T0038542,2026-04-23 02:47:00,other,True
RF0038558,T0038558,2026-07-23 16:47:00,product_issue,True
RF0038562,T0038562,2026-06-01 19:46:00,other,True
RF0038565,T0038565,2026-05-30 07:51:00,duplicate,True
RF0038568,T0038568,2026-01-05 15:44:00,customer_request,True
RF0038571,T0038571,2026-01-31 07:36:00,duplicate,True
RF0038572,T0038572,2026-06-09 16:00:00,duplicate,True
RF0038617,T0038617,2026-06-20 05:35:00,customer_request,True
RF0038648,T0038648,2026-07-27 11:31:00,other,True
RF0038664,T0038664,2026-02-15 04:55:00,customer_request,True
RF0038668,T0038668,2026-03-02 00:04:00,product_issue,True
RF0038682,T0038682,2026-05-31 21:52:00,other,True
RF0038738,T0038738,2026-05-23 02:19:00,other,True
RF0038750,T0038750,2026-07-11 22:53:00,duplicate,True
RF0038751,T0038751,2026-01-10 06:29:00,product_issue,True
RF0038759,T0038759,2026-05-05 00:48:00,product_issue,True
RF0038761,T0038761,2026-01-06 13:40:00,duplicate,True
RF0038762,T0038762,2026-02-05 17:09:00,customer_request,True
RF0038765,T0038765,2026-05-02 16:00:00,customer_request,True
RF0038768,T0038768,2026-07-04 07:56:00,duplicate,True
RF0038775,T0038775,2026-07-12 09:35:00,other,True
RF0038788,T0038788,2026-04-18 02:25:00,duplicate,True
RF0038799,T0038799,2026-07-05 21:07:00,other,True
RF0038800,T0038800,2026-07-05 21:43:00,product_issue,True
RF0038841,T0038841,2026-02-08 13:32:00,customer_request,True
RF0038846,T0038846,2026-02-06 04:57:00,customer_request,True
RF0038849,T0038849,2026-02-21 16:47:00,duplicate,True
RF0038854,T0038854,2026-02-12 21:22:00,customer_request,True
RF0038871,T0038871,2026-01-26 18:22:00,duplicate,True
RF0038872,T0038872,2026-08-02 02:30:00,customer_request,True
RF0038877,T0038877,2026-06-26 18:21:00,customer_request,True
RF0038884,T0038884,2026-04-07 15:48:00,duplicate,True
RF0038894,T0038894,2026-05-27 15:54:00,product_issue,True
RF0038903,T0038903,2026-01-17 12:03:00,duplicate,True
RF0038904,T0038904,2026-07-05 04:16:00,duplicate,True
RF0038906,T0038906,2026-01-15 14:41:00,other,True
RF0038907,T0038907,2026-07-27 10:53:00,customer_request,True
RF0038921,T0038921,2026-04-11 19:56:00,product_issue,True
RF0038922,T0038922,2026-05-24 00:18:00,product_issue,True
RF0038926,T0038926,2026-05-25 00:33:00,product_issue,True
RF0038950,T0038950,2026-04-09 04:20:00,customer_request,True
RF0038963,T0038963,2026-05-25 06:23:00,customer_request,True
RF0038972,T0038972,2026-02-25 18:39:00,duplicate,True
RF0038985,T0038985,2026-03-17 08:53:00,other,True
RF0038986,T0038986,2026-03-22 16:23:00,other,True
RF0038996,T0038996,2026-02-09 07:46:00,product_issue,True
RF0039020,T0039020,2026-01-21 00:44:00,customer_request,True
RF0039023,T0039023,2026-03-03 13:33:00,duplicate,True
RF0039030,T0039030,2026-04-15 15:13:00,duplicate,True
RF0039034,T0039034,2026-03-09 16:49:00,duplicate,True
RF0039055,T0039055,2026-07-23 22:22:00,customer_request,True
RF0039063,T0039063,2026-05-28 02:56:00,product_issue,True
RF0039084,T0039084,2026-06-14 16:18:00,product_issue,True
RF0039086,T0039086,2026-06-18 11:38:00,product_issue,True
RF0039134,T0039134,2026-03-21 08:03:00,duplicate,True
RF0039135,T0039135,2026-03-14 15:00:00,product_issue,True
RF0039156,T0039156,2026-07-31 19:37:00,other,True
RF0039164,T0039164,2026-04-22 01:30:00,duplicate,True
RF0039169,T0039169,2026-03-31 16:52:00,other,True
RF0039173,T0039173,2026-03-07 19:47:00,other,True
RF0039175,T0039175,2026-03-01 17:08:00,customer_request,True
RF0039186,T0039186,2026-05-14 11:05:00,duplicate,True
RF0039193,T0039193,2026-03-21 22:35:00,customer_request,True
RF0039200,T0039200,2026-07-20 16:25:00,duplicate,True
RF0039206,T0039206,2026-06-20 16:52:00,customer_request,True
RF0039208,T0039208,2026-03-08 22:33:00,other,True
RF0039218,T0039218,2026-01-19 16:11:00,other,True
RF0039241,T0039241,2026-07-14 01:42:00,other,True
RF0039260,T0039260,2026-05-15 14:56:00,product_issue,True
RF0039262,T0039262,2026-03-07 05:46:00,product_issue,True
RF0039299,T0039299,2026-04-06 05:18:00,customer_request,True
RF0039316,T0039316,2026-01-14 17:05:00,product_issue,True
RF0039320,T0039320,2026-01-10 05:29:00,product_issue,True
RF0039329,T0039329,2026-03-07 18:34:00,duplicate,True
RF0039332,T0039332,2026-01-10 07:46:00,product_issue,True
RF0039334,T0039334,2026-04-21 15:02:00,duplicate,True
RF0039335,T0039335,2026-06-01 06:07:00,other,True
RF0039393,T0039393,2026-02-15 03:34:00,duplicate,True
RF0039408,T0039408,2026-06-27 08:16:00,product_issue,True
RF0039414,T0039414,2026-03-13 16:50:00,customer_request,True
RF0039443,T0039443,2026-07-13 22:38:00,customer_request,True
RF0039462,T0039462,2026-06-23 02:43:00,customer_request,True
RF0039465,T0039465,2026-05-14 17:36:00,other,True
RF0039467,T0039467,2026-02-12 21:40:00,product_issue,True
RF0039478,T0039478,2026-01-26 22:13:00,duplicate,True
RF0039501,T0039501,2026-01-30 02:26:00,duplicate,True
RF0039510,T0039510,2026-07-23 23:07:00,other,True
RF0039515,T0039515,2026-05-28 00:14:00,customer_request,True
RF0039518,T0039518,2026-06-08 08:55:00,other,True
RF0039539,T0039539,2026-03-19 11:17:00,customer_request,True
RF0039543,T0039543,2026-01-26 11:08:00,other,True
RF0039547,T0039547,2026-06-04 19:23:00,duplicate,True
RF0039548,T0039548,2026-02-05 06:33:00,product_issue,True
RF0039559,T0039559,2026-06-21 12:00:00,customer_request,True
RF0039563,T0039563,2026-05-15 10:37:00,product_issue,True
RF0039573,T0039573,2026-05-26 10:58:00,duplicate,True
RF0039582,T0039582,2026-06-05 05:06:00,duplicate,True
RF0039591,T0039591,2026-01-23 12:35:00,other,True
RF0039601,T0039601,2026-01-09 16:26:00,product_issue,True
RF0039604,T0039604,2026-05-13 09:55:00,other,True
RF0039626,T0039626,2026-04-21 22:44:00,duplicate,True
RF0039629,T0039629,2026-07-22 00:57:00,duplicate,True
RF0039638,T0039638,2026-02-04 09:43:00,other,True
RF0039648,T0039648,2026-05-31 09:59:00,product_issue,True
RF0039654,T0039654,2026-02-14 08:08:00,product_issue,True
RF0039664,T0039664,2026-04-17 00:04:00,duplicate,True
RF0039670,T0039670,2026-03-26 21:57:00,product_issue,True
RF0039675,T0039675,2026-04-23 00:53:00,product_issue,True
RF0039679,T0039679,2026-03-07 09:13:00,other,True
RF0039680,T0039680,2026-03-14 15:11:00,other,True
RF0039699,T0039699,2026-02-06 22:02:00,duplicate,True
RF0039700,T0039700,2026-02-04 14:31:00,duplicate,True
RF0039722,T0039722,2026-01-19 17:48:00,other,True
RF0039729,T0039729,2026-03-18 02:43:00,customer_request,True
RF0039730,T0039730,2026-01-26 15:00:00,customer_request,True
RF0039748,T0039748,2026-05-16 19:34:00,duplicate,True
RF0039749,T0039749,2026-03-27 03:35:00,other,True
RF0039750,T0039750,2026-04-02 05:49:00,other,True
RF0039776,T0039776,2026-06-07 14:03:00,other,True
RF0039804,T0039804,2026-06-28 18:11:00,duplicate,True
RF0039806,T0039806,2026-07-13 04:31:00,customer_request,True
RF0039810,T0039810,2026-03-20 20:12:00,duplicate,True
RF0039816,T0039816,2026-01-06 03:47:00,other,True
RF0039843,T0039843,2026-07-26 16:27:00,duplicate,True
RF0039861,T0039861,2026-04-14 11:31:00,customer_request,True
RF0039875,T0039875,2026-01-31 19:29:00,customer_request,True
RF0039882,T0039882,2026-05-23 21:28:00,product_issue,True
RF0039926,T0039926,2026-06-27 12:38:00,product_issue,True
RF0039933,T0039933,2026-06-18 23:56:00,product_issue,True
RF0039938,T0039938,2026-07-07 13:53:00,product_issue,True
RF0039939,T0039939,2026-02-05 02:46:00,other,True
RF0039943,T0039943,2026-01-31 23:05:00,duplicate,True
RF0039946,T0039946,2026-01-30 08:35:00,other,True
RF0039960,T0039960,2026-07-31 23:41:00,other,True
RF0039969,T0039969,2026-06-27 10:24:00,customer_request,True
RF0039983,T0039983,2026-06-29 00:32:00,other,True
RF0039985,T0039985,2026-01-06 16:54:00,duplicate,True
RF0039986,T0039986,2026-05-16 09:31:00,duplicate,True
RF0039990,T0039990,2026-03-08 04:48:00,duplicate,True
RF0039992,T0039992,2026-04-30 17:17:00,other,True
RF0039998,T0039998,2026-05-02 09:23:00,other,True
RF0040006,T0040006,2026-06-20 23:32:00,product_issue,True
RF0040008,T0040008,2026-01-15 19:17:00,product_issue,True
RF0040034,T0040034,2026-01-10 11:00:00,customer_request,True
RF0040047,T0040047,2026-06-27 10:25:00,customer_request,True
RF0040049,T0040049,2026-06-07 20:10:00,customer_request,True
RF0040052,T0040052,2026-01-02 05:10:00,duplicate,True
RF0040063,T0040063,2026-06-07 09:25:00,other,True
RF0040076,T0040076,2026-07-25 07:44:00,product_issue,True
RF0040096,T0040096,2026-07-16 06:12:00,customer_request,True
RF0040104,T0040104,2026-05-24 01:27:00,duplicate,True
RF0040110,T0040110,2026-02-09 06:26:00,product_issue,True
RF0040119,T0040119,2026-01-08 22:44:00,duplicate,True
RF0040132,T0040132,2026-01-19 03:54:00,product_issue,True
RF0040142,T0040142,2026-03-15 15:16:00,duplicate,True
RF0040144,T0040144,2026-05-28 22:28:00,customer_request,True
RF0040146,T0040146,2026-03-27 11:25:00,customer_request,True
RF0040159,T0040159,2026-04-25 14:59:00,product_issue,True
RF0040177,T0040177,2026-01-20 10:51:00,duplicate,True
RF0040180,T0040180,2026-04-19 12:11:00,customer_request,True
RF0040186,T0040186,2026-06-05 22:38:00,customer_request,True
RF0040199,T0040199,2026-07-20 22:25:00,product_issue,True
RF0040204,T0040204,2026-07-23 19:58:00,duplicate,True
RF0040205,T0040205,2026-07-10 08:00:00,product_issue,True
RF0040229,T0040229,2026-03-11 16:32:00,duplicate,True
RF0040233,T0040233,2026-07-27 16:17:00,other,True
RF0040245,T0040245,2026-04-22 00:43:00,customer_request,True
RF0040250,T0040250,2026-04-05 15:40:00,duplicate,True
RF0040256,T0040256,2026-07-14 19:27:00,other,True
RF0040264,T0040264,2026-06-02 21:12:00,customer_request,True
RF0040275,T0040275,2026-05-04 19:41:00,customer_request,True
RF0040278,T0040278,2026-05-08 23:23:00,other,True
RF0040285,T0040285,2026-05-30 23:05:00,customer_request,True
RF0040286,T0040286,2026-03-05 00:28:00,other,True
RF0040289,T0040289,2026-05-25 15:38:00,customer_request,True
RF0040315,T0040315,2026-05-04 11:36:00,other,True
RF0040327,T0040327,2026-06-20 07:27:00,customer_request,True
RF0040329,T0040329,2026-05-04 05:32:00,other,True
RF0040341,T0040341,2026-07-01 19:26:00,customer_request,True
RF0040361,T0040361,2026-07-14 09:12:00,customer_request,True
RF0040383,T0040383,2026-01-08 20:22:00,other,True
RF0040410,T0040410,2026-03-24 08:41:00,other,True
RF0040411,T0040411,2026-06-29 09:33:00,product_issue,True
RF0040416,T0040416,2026-02-17 06:13:00,customer_request,True
RF0040427,T0040427,2026-05-11 15:16:00,customer_request,True
RF0040434,T0040434,2026-07-27 01:51:00,product_issue,True
RF0040439,T0040439,2026-05-25 21:01:00,product_issue,True
RF0040465,T0040465,2026-06-25 08:59:00,other,True
RF0040470,T0040470,2026-05-28 01:56:00,product_issue,True
RF0040508,T0040508,2026-01-15 14:08:00,duplicate,True
RF0040520,T0040520,2026-01-17 17:33:00,customer_request,True
RF0040526,T0040526,2026-03-19 08:56:00,other,True
RF0040547,T0040547,2026-06-26 01:18:00,duplicate,True
RF0040559,T0040559,2026-02-04 03:02:00,other,True
RF0040568,T0040568,2026-01-07 03:40:00,duplicate,True
RF0040584,T0040584,2026-01-02 15:23:00,product_issue,True
RF0040585,T0040585,2026-04-24 14:46:00,other,True
RF0040586,T0040586,2026-01-06 09:11:00,product_issue,True
RF0040587,T0040587,2026-07-27 13:54:00,product_issue,True
RF0040599,T0040599,2026-02-26 23:43:00,duplicate,True
RF0040600,T0040600,2026-03-06 13:18:00,other,True
RF0040619,T0040619,2026-02-23 08:33:00,duplicate,True
RF0040624,T0040624,2026-04-22 00:33:00,customer_request,True
RF0040628,T0040628,2026-03-31 15:41:00,other,True
RF0040646,T0040646,2026-06-04 18:51:00,customer_request,True
RF0040648,T0040648,2026-05-12 01:39:00,product_issue,True
RF0040653,T0040653,2026-07-10 15:27:00,other,True
RF0040673,T0040673,2026-01-12 14:09:00,product_issue,True
RF0040693,T0040693,2026-02-04 02:33:00,customer_request,True
RF0040696,T0040696,2026-06-03 07:51:00,product_issue,True
RF0040709,T0040709,2026-07-14 02:07:00,customer_request,True
RF0040730,T0040730,2026-07-01 18:36:00,product_issue,True
RF0040732,T0040732,2026-03-16 13:46:00,customer_request,True
RF0040735,T0040735,2026-06-03 06:57:00,product_issue,True
RF0040753,T0040753,2026-06-26 12:14:00,customer_request,True
RF0040755,T0040755,2026-01-13 03:42:00,customer_request,True
RF0040757,T0040757,2026-02-22 03:30:00,product_issue,True
RF0040794,T0040794,2026-01-28 10:19:00,duplicate,True
RF0040803,T0040803,2026-03-28 00:45:00,product_issue,True
RF0040810,T0040810,2026-05-23 23:26:00,duplicate,True
RF0040812,T0040812,2026-07-30 18:59:00,duplicate,True
RF0040813,T0040813,2026-03-03 18:15:00,product_issue,True
RF0040829,T0040829,2026-03-25 23:53:00,product_issue,True
RF0040832,T0040832,2026-03-04 18:57:00,duplicate,True
RF0040834,T0040834,2026-05-14 00:08:00,other,True
RF0040841,T0040841,2026-03-27 11:26:00,customer_request,True
RF0040843,T0040843,2026-05-11 12:21:00,other,True
RF0040847,T0040847,2026-06-26 00:41:00,other,True
RF0040852,T0040852,2026-05-23 02:46:00,other,True
RF0040855,T0040855,2026-02-22 11:03:00,other,True
RF0040858,T0040858,2026-06-28 14:58:00,other,True
RF0040860,T0040860,2026-03-24 03:48:00,product_issue,True
RF0040861,T0040861,2026-06-20 18:51:00,customer_request,True
RF0040868,T0040868,2026-04-17 19:25:00,product_issue,True
RF0040884,T0040884,2026-03-22 12:50:00,other,True
RF0040886,T0040886,2026-07-09 20:31:00,other,True
RF0040901,T0040901,2026-05-30 08:55:00,duplicate,True
RF0040906,T0040906,2026-05-18 18:00:00,duplicate,True
RF0040942,T0040942,2026-04-28 13:57:00,duplicate,True
RF0040956,T0040956,2026-01-29 10:03:00,duplicate,True
RF0040959,T0040959,2026-03-18 17:05:00,customer_request,True
RF0040961,T0040961,2026-04-19 16:51:00,customer_request,True
RF0040977,T0040977,2026-07-13 03:39:00,duplicate,True
RF0040991,T0040991,2026-02-04 16:00:00,customer_request,True
RF0040992,T0040992,2026-01-13 04:40:00,other,True
RF0041012,T0041012,2026-07-28 09:07:00,other,True
RF0041018,T0041018,2026-07-12 08:49:00,other,True
RF0041022,T0041022,2026-05-31 02:48:00,duplicate,True
RF0041033,T0041033,2026-02-16 00:00:00,other,True
RF0041034,T0041034,2026-04-07 16:58:00,other,True
RF0041035,T0041035,2026-05-20 04:31:00,duplicate,True
RF0041039,T0041039,2026-01-26 05:35:00,customer_request,True
RF0041044,T0041044,2026-02-24 02:59:00,duplicate,True
RF0041048,T0041048,2026-07-03 13:25:00,other,True
RF0041063,T0041063,2026-02-09 05:09:00,product_issue,True
RF0041078,T0041078,2026-04-10 05:19:00,product_issue,True
RF0041100,T0041100,2026-02-20 23:38:00,product_issue,True
RF0041110,T0041110,2026-05-21 19:53:00,duplicate,True
RF0041113,T0041113,2026-04-16 10:06:00,product_issue,True
RF0041119,T0041119,2026-04-23 00:32:00,product_issue,True
RF0041136,T0041136,2026-06-27 12:27:00,other,True
RF0041150,T0041150,2026-07-07 12:43:00,product_issue,True
RF0041152,T0041152,2026-01-12 21:56:00,customer_request,True
RF0041156,T0041156,2026-01-13 08:09:00,other,True
RF0041164,T0041164,2026-01-08 05:16:00,duplicate,True
RF0041174,T0041174,2026-06-21 03:36:00,product_issue,True
RF0041179,T0041179,2026-08-01 15:41:00,product_issue,True
RF0041182,T0041182,2026-06-03 14:12:00,other,True
RF0041204,T0041204,2026-05-06 04:13:00,customer_request,True
RF0041218,T0041218,2026-03-27 06:30:00,product_issue,True
RF0041221,T0041221,2026-07-02 01:44:00,product_issue,True
RF0041234,T0041234,2026-07-28 23:48:00,other,True
RF0041246,T0041246,2026-04-19 12:06:00,product_issue,True
RF0041253,T0041253,2026-05-15 17:22:00,other,True
RF0041261,T0041261,2026-03-29 07:57:00,product_issue,True
RF0041266,T0041266,2026-07-07 05:37:00,duplicate,True
RF0041268,T0041268,2026-03-14 06:34:00,duplicate,True
RF0041276,T0041276,2026-06-12 01:23:00,duplicate,True
RF0041295,T0041295,2026-07-13 22:31:00,duplicate,True
RF0041312,T0041312,2026-05-31 02:36:00,other,True
RF0041325,T0041325,2026-01-13 10:36:00,product_issue,True
RF0041346,T0041346,2026-06-24 16:40:00,product_issue,True
RF0041355,T0041355,2026-02-21 18:10:00,product_issue,True
RF0041371,T0041371,2026-02-15 15:44:00,product_issue,True
RF0041382,T0041382,2026-02-16 04:43:00,duplicate,True
RF0041390,T0041390,2026-03-30 11:04:00,customer_request,True
RF0041403,T0041403,2026-06-28 10:07:00,duplicate,True
RF0041410,T0041410,2026-02-03 03:40:00,customer_request,True
RF0041413,T0041413,2026-03-05 12:36:00,duplicate,True
RF0041421,T0041421,2026-03-18 11:40:00,customer_request,True
RF0041443,T0041443,2026-01-20 00:35:00,customer_request,True
RF0041457,T0041457,2026-02-02 18:55:00,other,True
RF0041466,T0041466,2026-06-02 21:59:00,duplicate,True
RF0041470,T0041470,2026-08-02 11:24:00,product_issue,True
RF0041475,T0041475,2026-07-20 01:37:00,other,True
RF0041505,T0041505,2026-07-20 06:42:00,duplicate,True
RF0041520,T0041520,2026-02-18 05:49:00,customer_request,True
RF0041538,T0041538,2026-01-06 07:30:00,customer_request,True
RF0041572,T0041572,2026-04-20 19:10:00,product_issue,True
RF0041580,T0041580,2026-03-20 05:42:00,product_issue,True
RF0041582,T0041582,2026-06-20 00:12:00,customer_request,True
RF0041589,T0041589,2026-01-26 04:33:00,duplicate,True
RF0041599,T0041599,2026-03-13 05:15:00,other,True
RF0041601,T0041601,2026-04-16 13:52:00,duplicate,True
RF0041604,T0041604,2026-01-06 08:55:00,duplicate,True
RF0041628,T0041628,2026-04-05 03:04:00,other,True
RF0041643,T0041643,2026-05-13 11:36:00,product_issue,True
RF0041663,T0041663,2026-02-16 05:15:00,duplicate,True
RF0041668,T0041668,2026-03-20 03:06:00,other,True
RF0041669,T0041669,2026-02-12 11:16:00,other,True
RF0041680,T0041680,2026-03-31 18:52:00,other,True
RF0041683,T0041683,2026-03-02 16:06:00,other,True
RF0041695,T0041695,2026-01-16 11:06:00,other,True
RF0041697,T0041697,2026-05-23 23:54:00,duplicate,True
RF0041699,T0041699,2026-05-08 05:52:00,product_issue,True
RF0041733,T0041733,2026-06-20 18:41:00,customer_request,True
RF0041744,T0041744,2026-02-05 01:02:00,customer_request,True
RF0041748,T0041748,2026-07-07 15:37:00,other,True
RF0041781,T0041781,2026-07-13 07:28:00,customer_request,True
RF0041798,T0041798,2026-05-08 06:05:00,other,True
RF0041805,T0041805,2026-02-26 07:15:00,customer_request,True
RF0041808,T0041808,2026-06-04 22:44:00,duplicate,True
RF0041814,T0041814,2026-07-05 01:44:00,duplicate,True
RF0041816,T0041816,2026-07-28 13:43:00,product_issue,True
RF0041826,T0041826,2026-06-23 19:44:00,other,True
RF0041829,T0041829,2026-01-23 17:26:00,product_issue,True
RF0041835,T0041835,2026-07-08 11:20:00,other,True
RF0041856,T0041856,2026-03-15 08:53:00,customer_request,True
RF0041857,T0041857,2026-04-15 20:34:00,duplicate,True
RF0041859,T0041859,2026-05-21 18:20:00,product_issue,True
RF0041860,T0041860,2026-04-09 13:44:00,product_issue,True
RF0041862,T0041862,2026-02-02 08:13:00,other,True
RF0041865,T0041865,2026-03-17 13:52:00,duplicate,True
RF0041884,T0041884,2026-03-14 20:30:00,duplicate,True
RF0041891,T0041891,2026-07-14 02:39:00,duplicate,True
RF0041895,T0041895,2026-07-21 01:11:00,product_issue,True
RF0041900,T0041900,2026-07-19 04:04:00,product_issue,True
RF0041903,T0041903,2026-05-31 00:54:00,product_issue,True
RF0041922,T0041922,2026-04-20 16:04:00,product_issue,True
RF0041930,T0041930,2026-02-07 00:42:00,customer_request,True
RF0041933,T0041933,2026-01-16 02:37:00,customer_request,True
RF0041934,T0041934,2026-05-16 05:34:00,other,True
RF0041936,T0041936,2026-05-15 18:33:00,customer_request,True
RF0041943,T0041943,2026-04-07 02:26:00,duplicate,True
RF0041969,T0041969,2026-01-04 17:14:00,product_issue,True
RF0041996,T0041996,2026-02-09 17:37:00,duplicate,True
RF0042007,T0042007,2026-02-19 08:33:00,duplicate,True
RF0042017,T0042017,2026-07-04 02:32:00,product_issue,True
RF0042028,T0042028,2026-06-29 08:58:00,duplicate,True
RF0042033,T0042033,2026-04-13 05:57:00,duplicate,True
RF0042040,T0042040,2026-07-25 16:53:00,duplicate,True
RF0042108,T0042108,2026-06-08 15:25:00,other,True
RF0042124,T0042124,2026-04-06 05:30:00,duplicate,True
RF0042154,T0042154,2026-03-18 06:40:00,product_issue,True
RF0042165,T0042165,2026-02-07 08:44:00,customer_request,True
RF0042168,T0042168,2026-04-09 15:09:00,customer_request,True
RF0042177,T0042177,2026-07-08 00:16:00,other,True
RF0042197,T0042197,2026-06-29 07:47:00,product_issue,True
RF0042228,T0042228,2026-06-06 23:56:00,duplicate,True
RF0042249,T0042249,2026-04-08 05:28:00,other,True
RF0042257,T0042257,2026-03-07 21:53:00,product_issue,True
RF0042288,T0042288,2026-01-08 23:43:00,product_issue,True
RF0042293,T0042293,2026-03-02 19:02:00,product_issue,True
RF0042296,T0042296,2026-05-18 12:08:00,product_issue,True
RF0042325,T0042325,2026-05-22 11:22:00,customer_request,True
RF0042333,T0042333,2026-06-14 14:16:00,customer_request,True
RF0042368,T0042368,2026-04-04 03:02:00,duplicate,True
RF0042370,T0042370,2026-05-06 18:47:00,other,True
RF0042381,T0042381,2026-02-02 12:37:00,customer_request,True
RF0042388,T0042388,2026-05-28 16:58:00,other,True
RF0042421,T0042421,2026-04-10 16:29:00,product_issue,True
RF0042432,T0042432,2026-01-09 13:22:00,customer_request,True
RF0042436,T0042436,2026-02-27 08:20:00,customer_request,True
RF0042442,T0042442,2026-04-08 14:36:00,duplicate,True
RF0042443,T0042443,2026-04-10 13:32:00,product_issue,True
RF0042501,T0042501,2026-01-03 04:24:00,duplicate,True
RF0042503,T0042503,2026-05-27 11:56:00,product_issue,True
RF0042517,T0042517,2026-02-13 20:45:00,customer_request,True
RF0042523,T0042523,2026-04-23 00:28:00,product_issue,True
RF0042526,T0042526,2026-05-26 08:02:00,duplicate,True
RF0042530,T0042530,2026-02-23 16:22:00,other,True
RF0042531,T0042531,2026-03-13 13:51:00,duplicate,True
RF0042566,T0042566,2026-03-29 20:02:00,other,True
RF0042569,T0042569,2026-05-22 05:24:00,product_issue,True
RF0042572,T0042572,2026-01-05 14:15:00,customer_request,True
RF0042589,T0042589,2026-05-21 03:27:00,other,True
RF0042599,T0042599,2026-03-13 21:02:00,customer_request,True
RF0042615,T0042615,2026-07-01 03:57:00,other,True
RF0042630,T0042630,2026-01-07 17:21:00,customer_request,True
RF0042635,T0042635,2026-04-02 06:24:00,other,True
RF0042653,T0042653,2026-02-26 11:00:00,product_issue,True
RF0042729,T0042729,2026-06-03 01:57:00,other,True
RF0042730,T0042730,2026-06-14 13:07:00,product_issue,True
RF0042734,T0042734,2026-03-18 23:18:00,product_issue,True
RF0042738,T0042738,2026-03-29 00:59:00,duplicate,True
RF0042743,T0042743,2026-03-01 15:43:00,product_issue,True
RF0042744,T0042744,2026-01-22 22:28:00,duplicate,True
RF0042746,T0042746,2026-01-30 10:00:00,customer_request,True
RF0042751,T0042751,2026-06-30 00:38:00,product_issue,True
RF0042775,T0042775,2026-06-30 13:37:00,customer_request,True
RF0042776,T0042776,2026-05-20 08:04:00,other,True
RF0042780,T0042780,2026-07-03 10:28:00,product_issue,True
RF0042788,T0042788,2026-04-07 05:29:00,customer_request,True
RF0042790,T0042790,2026-05-21 15:33:00,customer_request,True
RF0042853,T0042853,2026-07-08 01:20:00,product_issue,True
RF0042866,T0042866,2026-07-08 20:36:00,customer_request,True
RF0042882,T0042882,2026-02-20 08:28:00,customer_request,True
RF0042905,T0042905,2026-06-06 17:24:00,product_issue,True
RF0042906,T0042906,2026-05-03 13:49:00,other,True
RF0042912,T0042912,2026-02-21 14:46:00,duplicate,True
RF0042915,T0042915,2026-06-29 21:05:00,other,True
RF0042934,T0042934,2026-02-22 14:32:00,other,True
RF0042937,T0042937,2026-04-07 18:51:00,duplicate,True
RF0042953,T0042953,2026-07-27 21:30:00,customer_request,True
RF0042955,T0042955,2026-01-18 07:06:00,duplicate,True
RF0042960,T0042960,2026-06-10 12:46:00,product_issue,True
RF0042967,T0042967,2026-04-24 23:43:00,other,True
RF0042985,T0042985,2026-01-31 04:15:00,duplicate,True
RF0042997,T0042997,2026-01-30 05:45:00,product_issue,True
RF0043000,T0043000,2026-04-19 01:40:00,customer_request,True
RF0043006,T0043006,2026-04-29 00:00:00,product_issue,True
RF0043012,T0043012,2026-03-21 18:02:00,customer_request,True
RF0043033,T0043033,2026-07-19 11:19:00,customer_request,True
RF0043034,T0043034,2026-01-23 01:40:00,customer_request,True
RF0043036,T0043036,2026-07-11 12:10:00,duplicate,True
RF0043049,T0043049,2026-04-09 20:11:00,product_issue,True
RF0043069,T0043069,2026-01-19 22:15:00,duplicate,True
RF0043071,T0043071,2026-06-07 07:01:00,other,True
RF0043074,T0043074,2026-02-20 13:25:00,duplicate,True
RF0043076,T0043076,2026-07-28 20:42:00,other,True
RF0043081,T0043081,2026-05-06 03:09:00,customer_request,True
RF0043088,T0043088,2026-05-20 14:59:00,product_issue,True
RF0043092,T0043092,2026-01-21 22:12:00,other,True
RF0043095,T0043095,2026-03-03 03:14:00,duplicate,True
RF0043102,T0043102,2026-06-13 22:54:00,product_issue,True
RF0043104,T0043104,2026-03-24 09:16:00,duplicate,True
RF0043131,T0043131,2026-02-11 19:59:00,product_issue,True
RF0043134,T0043134,2026-03-23 15:21:00,product_issue,True
RF0043137,T0043137,2026-05-30 00:53:00,product_issue,True
RF0043154,T0043154,2026-07-17 15:56:00,other,True
RF0043159,T0043159,2026-04-07 20:56:00,product_issue,True
RF0043163,T0043163,2026-05-07 04:17:00,product_issue,True
RF0043173,T0043173,2026-04-13 01:33:00,other,True
RF0043175,T0043175,2026-04-04 02:57:00,other,True
RF0043176,T0043176,2026-05-19 03:27:00,customer_request,True
RF0043186,T0043186,2026-03-13 22:52:00,duplicate,True
RF0043187,T0043187,2026-01-23 04:46:00,customer_request,True
RF0043192,T0043192,2026-06-13 16:15:00,duplicate,True
RF0043197,T0043197,2026-03-23 14:00:00,other,True
RF0043218,T0043218,2026-07-21 19:04:00,other,True
RF0043220,T0043220,2026-02-12 17:15:00,other,True
RF0043224,T0043224,2026-05-01 13:24:00,duplicate,True
RF0043229,T0043229,2026-07-04 11:46:00,duplicate,True
RF0043234,T0043234,2026-05-26 23:22:00,other,True
RF0043239,T0043239,2026-02-24 01:37:00,duplicate,True
RF0043262,T0043262,2026-01-29 01:05:00,duplicate,True
RF0043277,T0043277,2026-03-03 19:09:00,customer_request,True
RF0043284,T0043284,2026-01-10 01:34:00,customer_request,True
RF0043287,T0043287,2026-06-13 01:31:00,customer_request,True
RF0043290,T0043290,2026-07-21 02:10:00,product_issue,True
RF0043295,T0043295,2026-06-12 11:00:00,other,True
RF0043296,T0043296,2026-01-18 01:14:00,other,True
RF0043305,T0043305,2026-02-19 07:51:00,product_issue,True
RF0043352,T0043352,2026-04-26 19:54:00,product_issue,True
RF0043364,T0043364,2026-07-02 15:25:00,customer_request,True
RF0043368,T0043368,2026-06-21 20:17:00,other,True
RF0043371,T0043371,2026-02-14 04:09:00,duplicate,True
RF0043375,T0043375,2026-05-11 17:23:00,product_issue,True
RF0043378,T0043378,2026-01-19 07:35:00,other,True
RF0043390,T0043390,2026-02-04 07:36:00,customer_request,True
RF0043391,T0043391,2026-01-06 17:01:00,other,True
RF0043404,T0043404,2026-06-26 06:55:00,duplicate,True
RF0043409,T0043409,2026-04-09 20:35:00,other,True
RF0043423,T0043423,2026-07-21 18:33:00,duplicate,True
RF0043426,T0043426,2026-05-21 03:35:00,other,True
RF0043430,T0043430,2026-03-29 08:28:00,other,True
RF0043434,T0043434,2026-02-23 22:16:00,product_issue,True
RF0043439,T0043439,2026-01-05 21:15:00,other,True
RF0043444,T0043444,2026-04-16 19:34:00,customer_request,True
RF0043459,T0043459,2026-03-27 20:47:00,duplicate,True
RF0043469,T0043469,2026-04-17 10:33:00,other,True
RF0043470,T0043470,2026-05-03 09:42:00,product_issue,True
RF0043492,T0043492,2026-03-10 06:12:00,product_issue,True
RF0043507,T0043507,2026-04-06 23:23:00,product_issue,True
RF0043513,T0043513,2026-02-03 15:04:00,customer_request,True
RF0043514,T0043514,2026-03-13 04:18:00,duplicate,True
RF0043518,T0043518,2026-03-17 22:42:00,customer_request,True
RF0043529,T0043529,2026-02-20 10:34:00,other,True
RF0043541,T0043541,2026-06-21 07:48:00,product_issue,True
RF0043570,T0043570,2026-04-21 18:41:00,product_issue,True
RF0043571,T0043571,2026-05-23 13:57:00,other,True
RF0043578,T0043578,2026-05-14 14:57:00,duplicate,True
RF0043581,T0043581,2026-02-07 14:51:00,customer_request,True
RF0043598,T0043598,2026-05-09 11:24:00,product_issue,True
RF0043634,T0043634,2026-02-14 00:28:00,product_issue,True
RF0043643,T0043643,2026-02-02 15:22:00,other,True
RF0043649,T0043649,2026-04-08 16:31:00,other,True
RF0043655,T0043655,2026-03-10 11:31:00,duplicate,True
RF0043665,T0043665,2026-04-02 02:22:00,customer_request,True
RF0043692,T0043692,2026-02-08 08:34:00,duplicate,True
RF0043693,T0043693,2026-02-21 01:24:00,customer_request,True
RF0043718,T0043718,2026-02-27 03:40:00,duplicate,True
RF0043744,T0043744,2026-04-30 23:17:00,duplicate,True
RF0043753,T0043753,2026-01-06 22:07:00,product_issue,True
RF0043759,T0043759,2026-02-28 08:52:00,customer_request,True
RF0043761,T0043761,2026-04-05 07:53:00,duplicate,True
RF0043768,T0043768,2026-05-19 03:44:00,other,True
RF0043770,T0043770,2026-06-19 01:25:00,customer_request,True
RF0043791,T0043791,2026-05-20 00:25:00,duplicate,True
RF0043796,T0043796,2026-07-24 13:57:00,customer_request,True
RF0043819,T0043819,2026-07-14 07:31:00,duplicate,True
RF0043821,T0043821,2026-04-08 08:26:00,customer_request,True
RF0043831,T0043831,2026-04-01 15:45:00,duplicate,True
RF0043846,T0043846,2026-05-21 15:26:00,duplicate,True
RF0043858,T0043858,2026-08-01 04:37:00,customer_request,True
RF0043862,T0043862,2026-05-25 22:24:00,other,True
RF0043863,T0043863,2026-07-11 14:25:00,duplicate,True
RF0043889,T0043889,2026-03-14 17:26:00,duplicate,True
RF0043919,T0043919,2026-02-23 04:04:00,customer_request,True
RF0043922,T0043922,2026-06-09 10:06:00,duplicate,True
RF0043933,T0043933,2026-04-15 17:06:00,customer_request,True
RF0043939,T0043939,2026-06-21 07:09:00,product_issue,True
RF0043940,T0043940,2026-05-13 21:51:00,product_issue,True
RF0043959,T0043959,2026-04-19 04:40:00,product_issue,True
RF0043962,T0043962,2026-06-18 00:43:00,duplicate,True
RF0043968,T0043968,2026-02-16 18:25:00,product_issue,True
RF0043991,T0043991,2026-03-28 13:41:00,duplicate,True
RF0044004,T0044004,2026-03-01 20:39:00,customer_request,True
RF0044018,T0044018,2026-05-17 00:56:00,other,True
RF0044022,T0044022,2026-04-15 07:50:00,customer_request,True
RF0044023,T0044023,2026-03-29 21:25:00,other,True
RF0044033,T0044033,2026-02-11 07:40:00,product_issue,True
RF0044051,T0044051,2026-03-08 15:55:00,customer_request,True
RF0044059,T0044059,2026-03-03 06:38:00,duplicate,True
RF0044086,T0044086,2026-07-04 18:56:00,duplicate,True
RF0044112,T0044112,2026-07-04 10:53:00,product_issue,True
RF0044125,T0044125,2026-03-14 09:42:00,customer_request,True
RF0044150,T0044150,2026-06-12 19:14:00,product_issue,True
RF0044173,T0044173,2026-02-21 08:48:00,other,True
RF0044178,T0044178,2026-06-17 13:46:00,product_issue,True
RF0044190,T0044190,2026-02-17 13:50:00,product_issue,True
RF0044204,T0044204,2026-05-24 23:20:00,customer_request,True
RF0044205,T0044205,2026-04-25 18:47:00,product_issue,True
RF0044218,T0044218,2026-01-15 13:24:00,duplicate,True
RF0044234,T0044234,2026-03-26 23:23:00,other,True
RF0044243,T0044243,2026-04-23 22:49:00,other,True
RF0044255,T0044255,2026-01-28 14:31:00,product_issue,True
RF0044256,T0044256,2026-05-24 04:48:00,other,True
RF0044284,T0044284,2026-02-20 20:03:00,duplicate,True
RF0044286,T0044286,2026-05-25 23:59:00,product_issue,True
RF0044292,T0044292,2026-07-17 11:39:00,other,True
RF0044294,T0044294,2026-04-25 13:23:00,duplicate,True
RF0044298,T0044298,2026-06-05 12:52:00,customer_request,True
RF0044301,T0044301,2026-05-02 06:28:00,customer_request,True
RF0044312,T0044312,2026-03-17 06:22:00,product_issue,True
RF0044313,T0044313,2026-03-18 03:57:00,duplicate,True
RF0044334,T0044334,2026-06-19 21:28:00,other,True
RF0044349,T0044349,2026-01-02 10:39:00,product_issue,True
RF0044353,T0044353,2026-03-22 04:08:00,product_issue,True
RF0044358,T0044358,2026-05-11 00:09:00,other,True
RF0044365,T0044365,2026-06-14 19:24:00,other,True
RF0044403,T0044403,2026-07-17 15:20:00,customer_request,True
RF0044406,T0044406,2026-04-16 06:34:00,duplicate,True
RF0044421,T0044421,2026-07-17 10:31:00,product_issue,True
RF0044427,T0044427,2026-07-22 12:56:00,customer_request,True
RF0044436,T0044436,2026-06-23 09:29:00,duplicate,True
RF0044438,T0044438,2026-05-25 20:30:00,customer_request,True
RF0044451,T0044451,2026-07-21 09:26:00,other,True
RF0044457,T0044457,2026-04-23 22:51:00,duplicate,True
RF0044463,T0044463,2026-03-01 13:43:00,product_issue,True
RF0044476,T0044476,2026-05-03 07:54:00,other,True
RF0044486,T0044486,2026-05-14 15:32:00,other,True
RF0044487,T0044487,2026-05-25 20:29:00,other,True
RF0044492,T0044492,2026-07-23 06:56:00,customer_request,True
RF0044494,T0044494,2026-05-25 01:55:00,customer_request,True
RF0044496,T0044496,2026-07-12 19:26:00,product_issue,True
RF0044507,T0044507,2026-01-25 00:12:00,other,True
RF0044510,T0044510,2026-02-26 14:09:00,other,True
RF0044579,T0044579,2026-04-03 20:21:00,other,True
RF0044583,T0044583,2026-02-10 13:49:00,duplicate,True
RF0044587,T0044587,2026-01-31 08:51:00,other,True
RF0044596,T0044596,2026-06-17 09:00:00,duplicate,True
RF0044600,T0044600,2026-05-20 06:48:00,product_issue,True
RF0044643,T0044643,2026-03-25 17:28:00,duplicate,True
RF0044650,T0044650,2026-06-07 14:28:00,product_issue,True
RF0044658,T0044658,2026-01-03 15:17:00,product_issue,True
RF0044661,T0044661,2026-01-23 00:36:00,product_issue,True
RF0044666,T0044666,2026-07-10 06:11:00,duplicate,True
RF0044677,T0044677,2026-03-02 05:02:00,customer_request,True
RF0044678,T0044678,2026-06-03 02:25:00,customer_request,True
RF0044700,T0044700,2026-02-25 03:40:00,product_issue,True
RF0044739,T0044739,2026-02-27 19:08:00,product_issue,True
RF0044745,T0044745,2026-05-17 05:13:00,product_issue,True
RF0044747,T0044747,2026-06-21 02:53:00,product_issue,True
RF0044751,T0044751,2026-01-29 08:54:00,other,True
RF0044753,T0044753,2026-01-04 11:35:00,customer_request,True
RF0044755,T0044755,2026-03-27 17:33:00,other,True
RF0044766,T0044766,2026-03-31 15:11:00,other,True
RF0044776,T0044776,2026-01-19 22:18:00,customer_request,True
RF0044778,T0044778,2026-04-01 21:16:00,other,True
RF0044791,T0044791,2026-06-06 19:05:00,other,True
RF0044793,T0044793,2026-07-25 04:56:00,customer_request,True
RF0044795,T0044795,2026-06-09 17:25:00,duplicate,True
RF0044796,T0044796,2026-03-07 00:46:00,duplicate,True
RF0044801,T0044801,2026-04-27 15:03:00,customer_request,True
RF0044802,T0044802,2026-05-08 10:07:00,product_issue,True
RF0044812,T0044812,2026-02-15 16:12:00,duplicate,True
RF0044822,T0044822,2026-06-03 02:34:00,duplicate,True
RF0044831,T0044831,2026-05-12 15:12:00,product_issue,True
RF0044832,T0044832,2026-05-04 14:30:00,other,True
RF0044838,T0044838,2026-02-04 19:33:00,other,True
RF0044842,T0044842,2026-03-24 01:13:00,customer_request,True
RF0044857,T0044857,2026-02-01 21:02:00,other,True
RF0044858,T0044858,2026-04-17 23:04:00,duplicate,True
RF0044870,T0044870,2026-06-18 18:14:00,product_issue,True
RF0044879,T0044879,2026-07-09 17:59:00,product_issue,True
RF0044885,T0044885,2026-03-23 00:31:00,other,True
RF0044891,T0044891,2026-07-27 10:09:00,duplicate,True
RF0044923,T0044923,2026-04-12 10:30:00,other,True
RF0044926,T0044926,2026-07-07 04:42:00,duplicate,True
RF0044938,T0044938,2026-02-06 01:54:00,customer_request,True
RF0044963,T0044963,2026-02-12 11:45:00,customer_request,True
RF0044968,T0044968,2026-07-24 05:40:00,other,True
RF0044976,T0044976,2026-02-28 02:58:00,customer_request,True
RF0044981,T0044981,2026-03-26 02:30:00,other,True
RF0044990,T0044990,2026-04-17 10:22:00,customer_request,True
RF0044996,T0044996,2026-06-11 03:12:00,other,True
RF0045066,T0045066,2026-06-02 08:17:00,product_issue,True
RF0045073,T0045073,2026-02-04 09:50:00,other,True
RF0045083,T0045083,2026-06-06 02:14:00,product_issue,True
RF0045091,T0045091,2026-04-30 03:52:00,product_issue,True
RF0045094,T0045094,2026-05-08 15:46:00,duplicate,True
RF0045127,T0045127,2026-03-12 15:44:00,customer_request,True
RF0045132,T0045132,2026-07-19 01:30:00,duplicate,True
RF0045137,T0045137,2026-02-21 17:45:00,duplicate,True
RF0045140,T0045140,2026-05-29 01:33:00,other,True
RF0045150,T0045150,2026-06-03 18:16:00,duplicate,True
RF0045160,T0045160,2026-07-21 21:09:00,product_issue,True
RF0045169,T0045169,2026-07-17 01:59:00,customer_request,True
RF0045188,T0045188,2026-02-22 10:12:00,product_issue,True
RF0045195,T0045195,2026-03-06 20:56:00,product_issue,True
RF0045197,T0045197,2026-02-23 14:30:00,duplicate,True
RF0045206,T0045206,2026-04-03 06:14:00,duplicate,True
RF0045215,T0045215,2026-06-24 15:13:00,other,True
RF0045222,T0045222,2026-04-05 18:06:00,customer_request,True
RF0045223,T0045223,2026-06-28 08:41:00,other,True
RF0045234,T0045234,2026-05-01 18:37:00,customer_request,True
RF0045237,T0045237,2026-06-10 22:19:00,customer_request,True
RF0045240,T0045240,2026-07-14 08:28:00,other,True
RF0045251,T0045251,2026-03-28 10:17:00,duplicate,True
RF0045278,T0045278,2026-03-26 06:07:00,other,True
RF0045285,T0045285,2026-01-17 10:22:00,other,True
RF0045286,T0045286,2026-03-16 01:12:00,other,True
RF0045289,T0045289,2026-03-27 16:30:00,duplicate,True
RF0045293,T0045293,2026-04-16 05:08:00,product_issue,True
RF0045313,T0045313,2026-03-27 18:23:00,customer_request,True
RF0045315,T0045315,2026-04-08 17:54:00,customer_request,True
RF0045317,T0045317,2026-04-15 09:22:00,customer_request,True
RF0045318,T0045318,2026-02-21 19:16:00,other,True
RF0045323,T0045323,2026-04-24 23:53:00,product_issue,True
RF0045327,T0045327,2026-03-09 14:15:00,other,True
RF0045341,T0045341,2026-07-08 17:34:00,duplicate,True
RF0045342,T0045342,2026-03-22 00:17:00,customer_request,True
RF0045345,T0045345,2026-05-22 15:56:00,customer_request,True
RF0045362,T0045362,2026-02-21 18:43:00,duplicate,True
RF0045368,T0045368,2026-06-05 02:10:00,duplicate,True
RF0045383,T0045383,2026-07-12 07:44:00,product_issue,True
RF0045391,T0045391,2026-03-29 08:06:00,other,True
RF0045414,T0045414,2026-04-09 13:38:00,other,True
RF0045428,T0045428,2026-06-09 14:31:00,other,True
RF0045436,T0045436,2026-05-31 07:43:00,customer_request,True
RF0045448,T0045448,2026-05-21 15:21:00,other,True
RF0045458,T0045458,2026-07-07 15:05:00,product_issue,True
RF0045465,T0045465,2026-02-01 20:47:00,customer_request,True
RF0045467,T0045467,2026-05-20 20:16:00,other,True
RF0045478,T0045478,2026-01-17 12:37:00,product_issue,True
RF0045481,T0045481,2026-07-11 03:03:00,duplicate,True
RF0045483,T0045483,2026-02-07 05:59:00,other,True
RF0045487,T0045487,2026-02-15 10:24:00,product_issue,True
RF0045492,T0045492,2026-04-29 21:44:00,duplicate,True
RF0045501,T0045501,2026-05-16 11:54:00,customer_request,True
RF0045505,T0045505,2026-05-15 13:58:00,customer_request,True
RF0045507,T0045507,2026-05-11 23:30:00,other,True
RF0045510,T0045510,2026-03-14 09:02:00,product_issue,True
RF0045536,T0045536,2026-04-21 05:10:00,product_issue,True
RF0045542,T0045542,2026-05-21 12:46:00,customer_request,True
RF0045558,T0045558,2026-06-26 15:32:00,duplicate,True
RF0045576,T0045576,2026-06-23 04:13:00,product_issue,True
RF0045583,T0045583,2026-06-27 19:59:00,duplicate,True
RF0045591,T0045591,2026-04-15 02:38:00,customer_request,True
RF0045593,T0045593,2026-03-05 06:04:00,product_issue,True
RF0045607,T0045607,2026-03-07 20:21:00,customer_request,True
RF0045615,T0045615,2026-01-31 13:11:00,product_issue,True
RF0045645,T0045645,2026-02-01 10:13:00,product_issue,True
RF0045678,T0045678,2026-06-14 21:01:00,other,True
RF0045682,T0045682,2026-07-26 16:35:00,product_issue,True
RF0045693,T0045693,2026-02-27 16:15:00,other,True
RF0045726,T0045726,2026-04-21 19:11:00,product_issue,True
RF0045734,T0045734,2026-02-23 22:56:00,customer_request,True
RF0045735,T0045735,2026-07-30 01:43:00,other,True
RF0045741,T0045741,2026-07-06 07:05:00,duplicate,True
RF0045742,T0045742,2026-03-08 12:05:00,product_issue,True
RF0045748,T0045748,2026-04-23 10:43:00,other,True
RF0045760,T0045760,2026-06-12 04:53:00,duplicate,True
RF0045766,T0045766,2026-07-06 05:50:00,duplicate,True
RF0045781,T0045781,2026-01-04 02:27:00,duplicate,True
RF0045783,T0045783,2026-07-22 21:23:00,product_issue,True
RF0045787,T0045787,2026-03-01 13:40:00,product_issue,True
RF0045791,T0045791,2026-04-10 08:53:00,other,True
RF0045797,T0045797,2026-05-26 13:48:00,product_issue,True
RF0045805,T0045805,2026-06-20 13:04:00,other,True
RF0045817,T0045817,2026-03-08 21:24:00,product_issue,True
RF0045825,T0045825,2026-02-06 11:51:00,duplicate,True
RF0045828,T0045828,2026-02-13 08:50:00,product_issue,True
RF0045839,T0045839,2026-02-19 22:25:00,other,True
RF0045840,T0045840,2026-01-06 22:50:00,duplicate,True
RF0045841,T0045841,2026-07-23 04:33:00,other,True
RF0045843,T0045843,2026-07-30 00:21:00,duplicate,True
RF0045877,T0045877,2026-07-31 21:40:00,product_issue,True
RF0045883,T0045883,2026-04-08 10:06:00,other,True
RF0045889,T0045889,2026-01-28 06:11:00,customer_request,True
RF0045912,T0045912,2026-07-14 19:32:00,other,True
RF0045915,T0045915,2026-06-21 03:47:00,other,True
RF0045918,T0045918,2026-02-15 13:25:00,other,True
RF0045928,T0045928,2026-04-22 12:58:00,product_issue,True
RF0045933,T0045933,2026-01-03 20:10:00,duplicate,True
RF0045934,T0045934,2026-05-02 06:49:00,customer_request,True
RF0045936,T0045936,2026-05-14 15:20:00,customer_request,True
RF0045940,T0045940,2026-01-07 03:33:00,other,True
RF0045942,T0045942,2026-02-07 08:08:00,duplicate,True
RF0045950,T0045950,2026-06-06 05:41:00,duplicate,True
RF0045951,T0045951,2026-01-27 11:23:00,customer_request,True
RF0045972,T0045972,2026-03-17 02:01:00,other,True
RF0046003,T0046003,2026-07-11 17:24:00,duplicate,True
RF0046051,T0046051,2026-01-13 07:40:00,product_issue,True
RF0046066,T0046066,2026-02-24 05:18:00,other,True
RF0046084,T0046084,2026-06-08 16:36:00,duplicate,True
RF0046090,T0046090,2026-01-22 08:52:00,duplicate,True
RF0046092,T0046092,2026-06-13 05:18:00,product_issue,True
RF0046093,T0046093,2026-03-16 05:28:00,other,True
RF0046094,T0046094,2026-01-29 04:16:00,other,True
RF0046129,T0046129,2026-06-23 02:46:00,customer_request,True
RF0046136,T0046136,2026-05-17 11:18:00,other,True
RF0046142,T0046142,2026-06-09 20:33:00,other,True
RF0046154,T0046154,2026-04-30 21:26:00,duplicate,True
RF0046167,T0046167,2026-06-21 12:11:00,other,True
RF0046175,T0046175,2026-05-31 14:26:00,other,True
RF0046180,T0046180,2026-07-03 15:58:00,other,True
RF0046185,T0046185,2026-05-17 15:28:00,other,True
RF0046188,T0046188,2026-01-06 16:53:00,other,True
RF0046190,T0046190,2026-07-13 09:19:00,other,True
RF0046195,T0046195,2026-01-24 01:05:00,customer_request,True
RF0046199,T0046199,2026-01-30 00:03:00,other,True
RF0046211,T0046211,2026-07-20 14:20:00,customer_request,True
RF0046221,T0046221,2026-02-26 18:46:00,duplicate,True
RF0046278,T0046278,2026-05-31 06:56:00,other,True
RF0046283,T0046283,2026-07-22 16:44:00,other,True
RF0046312,T0046312,2026-02-01 22:16:00,duplicate,True
RF0046318,T0046318,2026-05-28 21:59:00,customer_request,True
RF0046327,T0046327,2026-04-18 12:01:00,customer_request,True
RF0046329,T0046329,2026-06-10 00:02:00,other,True
RF0046338,T0046338,2026-06-28 03:45:00,customer_request,True
RF0046344,T0046344,2026-06-10 14:57:00,other,True
RF0046373,T0046373,2026-05-07 04:03:00,customer_request,True
RF0046374,T0046374,2026-05-27 05:07:00,other,True
RF0046392,T0046392,2026-04-01 03:38:00,duplicate,True
RF0046402,T0046402,2026-04-19 12:00:00,product_issue,True
RF0046405,T0046405,2026-06-17 04:06:00,product_issue,True
RF0046406,T0046406,2026-02-21 19:55:00,customer_request,True
RF0046412,T0046412,2026-07-09 07:08:00,other,True
RF0046427,T0046427,2026-05-09 07:53:00,customer_request,True
RF0046442,T0046442,2026-07-13 23:50:00,customer_request,True
RF0046452,T0046452,2026-02-24 09:06:00,other,True
RF0046461,T0046461,2026-03-20 09:33:00,customer_request,True
RF0046462,T0046462,2026-01-12 04:22:00,customer_request,True
RF0046463,T0046463,2026-02-12 01:41:00,duplicate,True
RF0046469,T0046469,2026-02-02 18:39:00,duplicate,True
RF0046475,T0046475,2026-04-02 05:00:00,other,True
RF0046477,T0046477,2026-07-26 12:16:00,customer_request,True
RF0046481,T0046481,2026-05-06 03:00:00,customer_request,True
RF0046486,T0046486,2026-05-27 16:33:00,customer_request,True
RF0046499,T0046499,2026-05-17 14:02:00,other,True
RF0046500,T0046500,2026-02-03 15:01:00,customer_request,True
RF0046503,T0046503,2026-03-21 16:09:00,product_issue,True
RF0046539,T0046539,2026-05-09 07:48:00,product_issue,True
RF0046569,T0046569,2026-05-20 12:39:00,product_issue,True
RF0046574,T0046574,2026-01-11 15:54:00,other,True
RF0046591,T0046591,2026-05-26 15:46:00,customer_request,True
RF0046599,T0046599,2026-03-25 12:01:00,other,True
RF0046603,T0046603,2026-02-01 03:48:00,product_issue,True
RF0046607,T0046607,2026-07-16 09:19:00,other,True
RF0046622,T0046622,2026-06-24 09:37:00,other,True
RF0046634,T0046634,2026-03-10 12:17:00,duplicate,True
RF0046644,T0046644,2026-01-04 12:57:00,duplicate,True
RF0046653,T0046653,2026-01-31 12:03:00,other,True
RF0046665,T0046665,2026-06-20 15:41:00,duplicate,True
RF0046682,T0046682,2026-07-21 07:14:00,customer_request,True
RF0046684,T0046684,2026-02-07 01:38:00,duplicate,True
RF0046693,T0046693,2026-01-07 01:03:00,other,True
RF0046724,T0046724,2026-07-12 16:35:00,duplicate,True
RF0046726,T0046726,2026-07-10 07:16:00,product_issue,True
RF0046742,T0046742,2026-02-06 02:03:00,duplicate,True
RF0046743,T0046743,2026-03-21 14:46:00,customer_request,True
RF0046771,T0046771,2026-02-15 05:01:00,customer_request,True
RF0046774,T0046774,2026-07-03 00:11:00,other,True
RF0046777,T0046777,2026-03-07 19:57:00,duplicate,True
RF0046788,T0046788,2026-05-17 16:05:00,duplicate,True
RF0046826,T0046826,2026-03-25 09:13:00,product_issue,True
RF0046836,T0046836,2026-07-02 02:30:00,product_issue,True
RF0046838,T0046838,2026-05-23 05:54:00,other,True
RF0046854,T0046854,2026-02-02 13:38:00,other,True
RF0046866,T0046866,2026-01-26 01:44:00,product_issue,True
RF0046879,T0046879,2026-03-18 13:29:00,product_issue,True
RF0046896,T0046896,2026-05-09 15:04:00,product_issue,True
RF0046920,T0046920,2026-05-23 19:21:00,customer_request,True
RF0046921,T0046921,2026-07-28 03:24:00,customer_request,True
RF0046926,T0046926,2026-02-20 01:32:00,product_issue,True
RF0046934,T0046934,2026-01-18 12:54:00,other,True
RF0046935,T0046935,2026-01-04 05:24:00,other,True
RF0046936,T0046936,2026-07-08 02:45:00,product_issue,True
RF0046958,T0046958,2026-04-13 16:05:00,other,True
RF0046960,T0046960,2026-06-04 14:31:00,customer_request,True
RF0046963,T0046963,2026-01-14 17:45:00,customer_request,True
RF0046966,T0046966,2026-02-17 16:14:00,other,True
RF0046971,T0046971,2026-04-05 08:19:00,duplicate,True
RF0046973,T0046973,2026-05-27 13:02:00,duplicate,True
RF0046978,T0046978,2026-06-07 07:14:00,product_issue,True
RF0046984,T0046984,2026-06-28 08:22:00,customer_request,True
RF0047003,T0047003,2026-04-09 02:19:00,product_issue,True
RF0047020,T0047020,2026-07-31 09:38:00,customer_request,True
RF0047041,T0047041,2026-02-06 02:17:00,duplicate,True
RF0047048,T0047048,2026-05-10 17:33:00,other,True
RF0047073,T0047073,2026-05-10 13:57:00,duplicate,True
RF0047076,T0047076,2026-01-20 03:59:00,product_issue,True
RF0047082,T0047082,2026-02-22 21:12:00,duplicate,True
RF0047086,T0047086,2026-07-27 02:21:00,customer_request,True
RF0047095,T0047095,2026-03-31 21:17:00,other,True
RF0047097,T0047097,2026-03-12 10:38:00,duplicate,True
RF0047126,T0047126,2026-04-18 02:56:00,product_issue,True
RF0047134,T0047134,2026-05-09 12:48:00,customer_request,True
RF0047136,T0047136,2026-06-02 09:26:00,customer_request,True
RF0047141,T0047141,2026-06-02 11:35:00,other,True
RF0047145,T0047145,2026-03-17 13:23:00,duplicate,True
RF0047167,T0047167,2026-03-13 04:14:00,duplicate,True
RF0047170,T0047170,2026-02-01 01:06:00,customer_request,True
RF0047173,T0047173,2026-01-11 04:01:00,product_issue,True
RF0047184,T0047184,2026-05-15 00:40:00,duplicate,True
RF0047191,T0047191,2026-02-06 23:33:00,customer_request,True
RF0047197,T0047197,2026-01-12 15:37:00,customer_request,True
RF0047215,T0047215,2026-01-16 17:40:00,other,True
RF0047221,T0047221,2026-04-27 14:55:00,duplicate,True
RF0047222,T0047222,2026-05-10 11:51:00,customer_request,True
RF0047231,T0047231,2026-01-29 02:08:00,product_issue,True
RF0047243,T0047243,2026-01-16 10:14:00,duplicate,True
RF0047247,T0047247,2026-02-09 09:07:00,duplicate,True
RF0047255,T0047255,2026-07-01 09:38:00,duplicate,True
RF0047257,T0047257,2026-01-26 13:35:00,product_issue,True
RF0047265,T0047265,2026-05-12 08:14:00,duplicate,True
RF0047269,T0047269,2026-01-22 08:25:00,customer_request,True
RF0047272,T0047272,2026-05-28 21:12:00,customer_request,True
RF0047278,T0047278,2026-01-22 06:34:00,other,True
RF0047286,T0047286,2026-05-19 10:16:00,customer_request,True
RF0047301,T0047301,2026-05-15 06:49:00,product_issue,True
RF0047305,T0047305,2026-03-05 02:59:00,customer_request,True
RF0047307,T0047307,2026-05-22 15:06:00,product_issue,True
RF0047309,T0047309,2026-05-22 05:55:00,product_issue,True
RF0047331,T0047331,2026-01-25 20:39:00,duplicate,True
RF0047336,T0047336,2026-05-20 09:05:00,other,True
RF0047341,T0047341,2026-06-25 23:51:00,other,True
RF0047349,T0047349,2026-06-08 00:15:00,product_issue,True
RF0047361,T0047361,2026-01-09 23:34:00,customer_request,True
RF0047373,T0047373,2026-06-10 01:38:00,product_issue,True
RF0047376,T0047376,2026-07-24 14:19:00,product_issue,True
RF0047406,T0047406,2026-04-22 19:44:00,duplicate,True
RF0047425,T0047425,2026-01-31 02:16:00,customer_request,True
RF0047430,T0047430,2026-03-30 16:24:00,customer_request,True
RF0047450,T0047450,2026-05-08 23:26:00,product_issue,True
RF0047477,T0047477,2026-03-19 01:26:00,product_issue,True
RF0047483,T0047483,2026-01-19 03:32:00,product_issue,True
RF0047490,T0047490,2026-05-20 09:23:00,customer_request,True
RF0047504,T0047504,2026-06-26 19:22:00,product_issue,True
RF0047505,T0047505,2026-01-03 09:41:00,duplicate,True
RF0047512,T0047512,2026-03-07 16:03:00,duplicate,True
RF0047513,T0047513,2026-07-25 15:48:00,other,True
RF0047520,T0047520,2026-03-04 13:59:00,duplicate,True
RF0047523,T0047523,2026-06-11 09:13:00,other,True
RF0047541,T0047541,2026-03-25 20:44:00,duplicate,True
RF0047545,T0047545,2026-04-19 14:30:00,product_issue,True
RF0047572,T0047572,2026-06-03 23:28:00,customer_request,True
RF0047588,T0047588,2026-06-26 01:22:00,duplicate,True
RF0047602,T0047602,2026-04-17 21:24:00,duplicate,True
RF0047607,T0047607,2026-04-14 06:08:00,other,True
RF0047615,T0047615,2026-05-19 07:46:00,duplicate,True
RF0047633,T0047633,2026-04-10 16:39:00,other,True
RF0047651,T0047651,2026-03-10 12:33:00,other,True
RF0047662,T0047662,2026-04-28 20:59:00,other,True
RF0047678,T0047678,2026-01-22 02:01:00,customer_request,True
RF0047696,T0047696,2026-01-22 05:35:00,product_issue,True
RF0047705,T0047705,2026-02-09 11:04:00,product_issue,True
RF0047721,T0047721,2026-07-19 04:22:00,duplicate,True
RF0047722,T0047722,2026-06-05 23:56:00,customer_request,True
RF0047728,T0047728,2026-02-25 18:19:00,duplicate,True
RF0047731,T0047731,2026-03-23 21:34:00,duplicate,True
RF0047737,T0047737,2026-02-10 15:20:00,other,True
RF0047742,T0047742,2026-02-14 08:17:00,other,True
RF0047743,T0047743,2026-01-03 02:00:00,other,True
RF0047785,T0047785,2026-07-21 21:43:00,other,True
RF0047790,T0047790,2026-06-01 08:40:00,customer_request,True
RF0047795,T0047795,2026-04-12 22:09:00,other,True
RF0047802,T0047802,2026-02-08 17:46:00,duplicate,True
RF0047805,T0047805,2026-02-14 15:51:00,other,True
RF0047822,T0047822,2026-05-14 18:43:00,other,True
RF0047835,T0047835,2026-06-07 07:59:00,product_issue,True
RF0047855,T0047855,2026-01-28 15:08:00,duplicate,True
RF0047869,T0047869,2026-06-22 23:03:00,duplicate,True
RF0047881,T0047881,2026-03-03 20:32:00,customer_request,True
RF0047884,T0047884,2026-03-06 17:48:00,customer_request,True
RF0047895,T0047895,2026-03-19 02:23:00,other,True
RF0047900,T0047900,2026-07-14 05:22:00,other,True
RF0047914,T0047914,2026-06-18 03:16:00,other,True
RF0047923,T0047923,2026-01-24 00:35:00,customer_request,True
RF0047962,T0047962,2026-07-05 12:14:00,product_issue,True
RF0047973,T0047973,2026-07-12 05:07:00,other,True
RF0047987,T0047987,2026-07-27 20:48:00,product_issue,True
RF0048006,T0048006,2026-01-04 20:00:00,other,True
RF0048010,T0048010,2026-06-25 05:02:00,duplicate,True
RF0048011,T0048011,2026-06-19 01:06:00,other,True
RF0048015,T0048015,2026-06-01 18:04:00,product_issue,True
RF0048029,T0048029,2026-03-16 09:17:00,other,True
RF0048034,T0048034,2026-02-28 02:16:00,customer_request,True
RF0048058,T0048058,2026-02-08 11:57:00,other,True
RF0048067,T0048067,2026-05-07 11:37:00,product_issue,True
RF0048068,T0048068,2026-03-22 19:48:00,customer_request,True
RF0048073,T0048073,2026-02-13 19:59:00,other,True
RF0048080,T0048080,2026-01-24 13:59:00,customer_request,True
RF0048091,T0048091,2026-07-16 17:08:00,customer_request,True
RF0048112,T0048112,2026-06-07 22:51:00,customer_request,True
RF0048135,T0048135,2026-01-18 10:15:00,duplicate,True
RF0048142,T0048142,2026-05-05 08:19:00,duplicate,True
RF0048145,T0048145,2026-06-28 23:06:00,product_issue,True
RF0048155,T0048155,2026-07-27 18:21:00,other,True
RF0048170,T0048170,2026-06-19 05:22:00,customer_request,True
RF0048185,T0048185,2026-05-23 03:12:00,product_issue,True
RF0048188,T0048188,2026-06-04 08:21:00,product_issue,True
RF0048191,T0048191,2026-04-12 10:53:00,customer_request,True
RF0048204,T0048204,2026-04-16 13:30:00,customer_request,True
RF0048216,T0048216,2026-01-08 17:47:00,duplicate,True
RF0048230,T0048230,2026-07-21 04:18:00,duplicate,True
RF0048236,T0048236,2026-01-29 02:26:00,duplicate,True
RF0048249,T0048249,2026-02-13 13:11:00,duplicate,True
RF0048257,T0048257,2026-07-20 14:30:00,duplicate,True
RF0048279,T0048279,2026-02-14 05:44:00,other,True
RF0048281,T0048281,2026-04-19 22:33:00,product_issue,True
RF0048293,T0048293,2026-05-27 17:32:00,customer_request,True
RF0048304,T0048304,2026-02-01 10:03:00,product_issue,True
RF0048309,T0048309,2026-05-12 14:37:00,other,True
RF0048317,T0048317,2026-02-06 05:53:00,customer_request,True
RF0048326,T0048326,2026-04-20 07:20:00,other,True
RF0048333,T0048333,2026-04-22 14:30:00,other,True
RF0048344,T0048344,2026-05-27 22:37:00,other,True
RF0048354,T0048354,2026-03-23 04:42:00,duplicate,True
RF0048361,T0048361,2026-05-20 18:06:00,customer_request,True
RF0048364,T0048364,2026-01-30 12:33:00,duplicate,True
RF0048365,T0048365,2026-05-28 02:39:00,customer_request,True
RF0048372,T0048372,2026-07-21 15:49:00,duplicate,True
RF0048378,T0048378,2026-05-31 13:51:00,product_issue,True
RF0048383,T0048383,2026-01-28 04:19:00,duplicate,True
RF0048399,T0048399,2026-05-17 10:57:00,product_issue,True
RF0048406,T0048406,2026-03-19 16:13:00,duplicate,True
RF0048414,T0048414,2026-07-18 18:52:00,duplicate,True
RF0048440,T0048440,2026-05-30 17:12:00,other,True
RF0048467,T0048467,2026-04-05 04:30:00,other,True
RF0048476,T0048476,2026-07-29 23:37:00,customer_request,True
RF0048482,T0048482,2026-04-09 12:53:00,duplicate,True
RF0048490,T0048490,2026-06-04 23:14:00,customer_request,True
RF0048495,T0048495,2026-06-25 08:30:00,other,True
RF0048504,T0048504,2026-07-07 08:34:00,customer_request,True
RF0048508,T0048508,2026-07-08 03:53:00,product_issue,True
RF0048527,T0048527,2026-06-05 04:04:00,duplicate,True
RF0048530,T0048530,2026-02-27 07:58:00,customer_request,True
RF0048532,T0048532,2026-06-27 09:08:00,duplicate,True
RF0048534,T0048534,2026-03-13 06:06:00,other,True
RF0048550,T0048550,2026-05-14 19:56:00,duplicate,True
RF0048563,T0048563,2026-07-17 12:58:00,product_issue,True
RF0048580,T0048580,2026-03-25 15:39:00,product_issue,True
RF0048581,T0048581,2026-05-09 10:06:00,duplicate,True
RF0048583,T0048583,2026-01-23 23:18:00,product_issue,True
RF0048585,T0048585,2026-02-24 21:08:00,duplicate,True
RF0048587,T0048587,2026-06-04 16:43:00,duplicate,True
RF0048598,T0048598,2026-04-12 00:57:00,customer_request,True
RF0048600,T0048600,2026-03-11 03:14:00,duplicate,True
RF0048607,T0048607,2026-04-11 17:30:00,duplicate,True
RF0048639,T0048639,2026-02-11 11:01:00,duplicate,True
RF0048641,T0048641,2026-05-26 10:26:00,duplicate,True
RF0048642,T0048642,2026-07-21 03:37:00,duplicate,True
RF0048648,T0048648,2026-06-03 19:10:00,customer_request,True
RF0048663,T0048663,2026-03-12 23:29:00,product_issue,True
RF0048683,T0048683,2026-03-15 03:42:00,product_issue,True
RF0048699,T0048699,2026-04-03 15:10:00,product_issue,True
RF0048701,T0048701,2026-03-30 11:14:00,duplicate,True
RF0048716,T0048716,2026-03-24 01:59:00,customer_request,True
RF0048717,T0048717,2026-01-03 00:44:00,product_issue,True
RF0048720,T0048720,2026-03-28 11:54:00,other,True
RF0048722,T0048722,2026-03-31 09:50:00,other,True
RF0048723,T0048723,2026-06-03 10:46:00,other,True
RF0048729,T0048729,2026-04-28 03:57:00,customer_request,True
RF0048730,T0048730,2026-01-29 05:40:00,duplicate,True
RF0048740,T0048740,2026-03-17 03:42:00,other,True
RF0048759,T0048759,2026-01-07 23:02:00,other,True
RF0048761,T0048761,2026-01-15 15:21:00,product_issue,True
RF0048770,T0048770,2026-06-08 19:47:00,product_issue,True
RF0048777,T0048777,2026-04-08 04:37:00,duplicate,True
RF0048778,T0048778,2026-06-15 09:02:00,other,True
RF0048799,T0048799,2026-02-13 01:17:00,customer_request,True
RF0048819,T0048819,2026-04-11 08:16:00,other,True
RF0048823,T0048823,2026-03-27 10:53:00,product_issue,True
RF0048839,T0048839,2026-06-02 15:28:00,other,True
RF0048848,T0048848,2026-05-13 11:56:00,duplicate,True
RF0048853,T0048853,2026-04-06 05:29:00,customer_request,True
RF0048871,T0048871,2026-01-29 04:02:00,other,True
RF0048894,T0048894,2026-05-01 14:45:00,customer_request,True
RF0048898,T0048898,2026-02-15 09:31:00,product_issue,True
RF0048930,T0048930,2026-06-21 07:26:00,other,True
RF0048944,T0048944,2026-02-27 11:49:00,customer_request,True
RF0048956,T0048956,2026-04-19 08:03:00,product_issue,True
RF0048967,T0048967,2026-01-13 15:27:00,other,True
RF0048977,T0048977,2026-02-08 09:43:00,product_issue,True
RF0048979,T0048979,2026-03-27 09:45:00,duplicate,True
RF0048981,T0048981,2026-03-07 05:52:00,customer_request,True
RF0048989,T0048989,2026-04-24 03:54:00,duplicate,True
RF0048997,T0048997,2026-07-23 22:14:00,duplicate,True
RF0049011,T0049011,2026-03-15 09:00:00,product_issue,True
RF0049030,T0049030,2026-04-07 00:57:00,customer_request,True
RF0049039,T0049039,2026-03-01 16:48:00,duplicate,True
RF0049040,T0049040,2026-03-10 14:59:00,customer_request,True
RF0049064,T0049064,2026-01-19 08:12:00,customer_request,True
RF0049088,T0049088,2026-03-25 10:08:00,other,True
RF0049098,T0049098,2026-05-31 08:49:00,customer_request,True
RF0049105,T0049105,2026-06-12 08:58:00,product_issue,True
RF0049110,T0049110,2026-04-21 19:06:00,product_issue,True
RF0049113,T0049113,2026-05-05 03:37:00,customer_request,True
RF0049147,T0049147,2026-05-13 09:20:00,product_issue,True
RF0049157,T0049157,2026-07-02 00:45:00,customer_request,True
RF0049168,T0049168,2026-07-29 07:48:00,other,True
RF0049169,T0049169,2026-04-20 21:59:00,customer_request,True
RF0049189,T0049189,2026-02-27 18:53:00,product_issue,True
RF0049192,T0049192,2026-07-15 22:52:00,product_issue,True
RF0049215,T0049215,2026-07-04 06:44:00,product_issue,True
RF0049222,T0049222,2026-03-16 11:18:00,duplicate,True
RF0049260,T0049260,2026-04-11 06:03:00,other,True
RF0049274,T0049274,2026-02-08 18:09:00,customer_request,True
RF0049277,T0049277,2026-01-29 07:49:00,duplicate,True
RF0049279,T0049279,2026-01-29 02:37:00,customer_request,True
RF0049285,T0049285,2026-04-29 03:04:00,customer_request,True
RF0049288,T0049288,2026-01-02 03:26:00,duplicate,True
RF0049289,T0049289,2026-07-10 18:49:00,other,True
RF0049293,T0049293,2026-06-25 12:20:00,duplicate,True
RF0049304,T0049304,2026-04-04 17:46:00,duplicate,True
RF0049307,T0049307,2026-06-03 06:36:00,duplicate,True
RF0049323,T0049323,2026-03-20 03:35:00,customer_request,True
RF0049326,T0049326,2026-06-21 17:55:00,product_issue,True
RF0049337,T0049337,2026-02-26 21:47:00,other,True
RF0049362,T0049362,2026-05-02 06:44:00,other,True
RF0049368,T0049368,2026-02-13 05:02:00,customer_request,True
RF0049372,T0049372,2026-01-06 02:54:00,customer_request,True
RF0049380,T0049380,2026-06-21 17:25:00,product_issue,True
RF0049389,T0049389,2026-04-11 08:01:00,other,True
RF0049409,T0049409,2026-04-26 11:39:00,other,True
RF0049416,T0049416,2026-05-28 12:44:00,customer_request,True
RF0049425,T0049425,2026-02-28 23:01:00,duplicate,True
RF0049426,T0049426,2026-02-01 12:22:00,other,True
RF0049442,T0049442,2026-03-16 23:13:00,product_issue,True
RF0049454,T0049454,2026-06-01 10:38:00,product_issue,True
RF0049455,T0049455,2026-07-12 22:24:00,other,True
RF0049470,T0049470,2026-04-16 20:04:00,product_issue,True
RF0049492,T0049492,2026-05-19 02:58:00,other,True
RF0049529,T0049529,2026-06-22 18:42:00,product_issue,True
RF0049551,T0049551,2026-04-30 18:52:00,other,True
RF0049567,T0049567,2026-06-28 13:25:00,customer_request,True
RF0049571,T0049571,2026-05-31 06:53:00,product_issue,True
RF0049592,T0049592,2026-03-03 08:28:00,product_issue,True
RF0049601,T0049601,2026-06-07 01:25:00,duplicate,True
RF0049606,T0049606,2026-07-13 22:56:00,duplicate,True
RF0049612,T0049612,2026-06-27 01:51:00,duplicate,True
RF0049621,T0049621,2026-05-15 19:29:00,other,True
RF0049628,T0049628,2026-03-30 09:28:00,customer_request,True
RF0049638,T0049638,2026-06-08 18:34:00,customer_request,True
RF0049647,T0049647,2026-05-19 13:24:00,customer_request,True
RF0049718,T0049718,2026-02-09 14:39:00,product_issue,True
RF0049720,T0049720,2026-01-02 15:40:00,duplicate,True
RF0049726,T0049726,2026-03-23 02:08:00,duplicate,True
RF0049761,T0049761,2026-06-08 06:19:00,product_issue,True
RF0049772,T0049772,2026-05-10 01:06:00,product_issue,True
RF0049775,T0049775,2026-04-25 11:07:00,other,True
RF0049776,T0049776,2026-07-16 07:54:00,other,True
RF0049797,T0049797,2026-06-12 13:58:00,other,True
RF0049807,T0049807,2026-02-03 12:47:00,customer_request,True
RF0049810,T0049810,2026-05-06 21:19:00,other,True
RF0049813,T0049813,2026-03-25 12:38:00,customer_request,True
RF0049822,T0049822,2026-07-30 09:26:00,duplicate,True
RF0049828,T0049828,2026-01-06 18:59:00,product_issue,True
RF0049835,T0049835,2026-01-10 16:29:00,other,True
RF0049850,T0049850,2026-04-08 16:10:00,customer_request,True
RF0049852,T0049852,2026-05-19 11:12:00,product_issue,True
RF0049858,T0049858,2026-06-30 11:43:00,other,True
RF0049868,T0049868,2026-04-20 12:45:00,product_issue,True
RF0049874,T0049874,2026-02-03 10:15:00,product_issue,True
RF0049885,T0049885,2026-03-25 17:10:00,other,True
RF0049899,T0049899,2026-03-15 19:18:00,other,True
RF0049918,T0049918,2026-07-10 04:29:00,product_issue,True
RF0049932,T0049932,2026-02-02 12:18:00,duplicate,True
RF0049943,T0049943,2026-04-23 13:34:00,customer_request,True
RF0049955,T0049955,2026-04-19 12:59:00,customer_request,True
RF0049982,T0049982,2026-02-19 17:37:00,duplicate,True
RF0049999,T0049999,2026-08-01 11:26:00,duplicate,True
RF0050001,T0050001,2026-04-09 21:51:00,other,True
RF0050003,T0050003,2026-01-28 07:57:00,product_issue,True
RF0050014,T0050014,2026-04-08 06:19:00,product_issue,True
RF0050028,T0050028,2026-03-05 03:22:00,product_issue,True
RF0050041,T0050041,2026-03-01 19:41:00,duplicate,True
RF0050055,T0050055,2026-04-17 21:24:00,product_issue,True
RF0050062,T0050062,2026-01-04 04:20:00,product_issue,True
RF0050063,T0050063,2026-07-29 05:01:00,other,True
RF0050068,T0050068,2026-06-26 10:25:00,other,True
RF0050074,T0050074,2026-07-12 08:18:00,customer_request,True
RF0050075,T0050075,2026-03-14 16:20:00,duplicate,True
RF0050078,T0050078,2026-05-15 00:57:00,duplicate,True
RF0050084,T0050084,2026-03-27 16:20:00,other,True
RF0050089,T0050089,2026-06-19 06:35:00,product_issue,True
RF0050096,T0050096,2026-02-28 22:23:00,other,True
RF0050100,T0050100,2026-02-07 11:43:00,product_issue,True
RF0050101,T0050101,2026-03-20 06:17:00,other,True
RF0050114,T0050114,2026-03-27 01:59:00,other,True
RF0050126,T0050126,2026-06-30 00:26:00,other,True
RF0050137,T0050137,2026-02-21 01:30:00,other,True
RF0050139,T0050139,2026-04-01 02:32:00,other,True
RF0050148,T0050148,2026-06-19 23:01:00,other,True
RF0050165,T0050165,2026-05-15 14:29:00,other,True
RF0050174,T0050174,2026-03-07 06:39:00,other,True
RF0050183,T0050183,2026-03-27 20:32:00,customer_request,True
RF0050265,T0050265,2026-04-29 08:52:00,duplicate,True
RF0050279,T0050279,2026-05-08 18:34:00,customer_request,True
RF0050285,T0050285,2026-07-30 06:57:00,other,True
RF0050286,T0050286,2026-01-08 17:03:00,customer_request,True
RF0050308,T0050308,2026-06-30 03:54:00,product_issue,True
RF0050319,T0050319,2026-06-22 09:25:00,customer_request,True
RF0050328,T0050328,2026-03-04 14:15:00,customer_request,True
RF0050336,T0050336,2026-04-09 14:19:00,product_issue,True
RF0050347,T0050347,2026-06-26 01:00:00,product_issue,True
RF0050373,T0050373,2026-01-26 19:37:00,other,True
RF0050394,T0050394,2026-04-30 00:01:00,customer_request,True
RF0050402,T0050402,2026-01-14 05:56:00,other,True
RF0050408,T0050408,2026-03-07 10:00:00,duplicate,True
RF0050413,T0050413,2026-01-27 11:38:00,other,True
RF0050419,T0050419,2026-06-19 00:41:00,product_issue,True
RF0050427,T0050427,2026-06-28 15:49:00,duplicate,True
RF0050433,T0050433,2026-02-09 18:56:00,other,True
RF0050466,T0050466,2026-06-14 13:53:00,product_issue,True
RF0050477,T0050477,2026-01-10 17:01:00,product_issue,True
RF0050503,T0050503,2026-02-03 11:10:00,duplicate,True
RF0050504,T0050504,2026-07-19 15:02:00,other,True
RF0050526,T0050526,2026-06-15 10:27:00,other,True
RF0050541,T0050541,2026-03-04 03:35:00,other,True
RF0050553,T0050553,2026-06-19 18:36:00,other,True
RF0050555,T0050555,2026-02-23 23:16:00,duplicate,True
RF0050564,T0050564,2026-06-14 02:17:00,other,True
RF0050624,T0050624,2026-03-22 09:52:00,customer_request,True
RF0050629,T0050629,2026-02-20 19:14:00,duplicate,True
RF0050635,T0050635,2026-01-02 21:59:00,product_issue,True
RF0050641,T0050641,2026-01-21 12:18:00,product_issue,True
RF0050650,T0050650,2026-07-19 02:14:00,customer_request,True
RF0050653,T0050653,2026-02-07 21:41:00,duplicate,True
RF0050657,T0050657,2026-05-10 08:38:00,other,True
RF0050666,T0050666,2026-02-07 20:55:00,duplicate,True
RF0050672,T0050672,2026-01-08 22:16:00,customer_request,True
RF0050676,T0050676,2026-05-10 08:59:00,other,True
RF0050690,T0050690,2026-03-16 11:32:00,other,True
RF0050700,T0050700,2026-05-11 14:21:00,duplicate,True
RF0050702,T0050702,2026-07-03 20:15:00,customer_request,True
RF0050706,T0050706,2026-03-22 13:58:00,duplicate,True
RF0050710,T0050710,2026-04-10 05:22:00,duplicate,True
RF0050721,T0050721,2026-05-21 18:40:00,duplicate,True
RF0050730,T0050730,2026-01-28 05:50:00,customer_request,True
RF0050733,T0050733,2026-01-23 03:24:00,product_issue,True
RF0050734,T0050734,2026-04-12 16:30:00,customer_request,True
RF0050754,T0050754,2026-01-17 05:02:00,other,True
RF0050759,T0050759,2026-05-24 02:55:00,other,True
RF0050760,T0050760,2026-02-12 01:44:00,customer_request,True
RF0050764,T0050764,2026-02-28 00:20:00,duplicate,True
RF0050783,T0050783,2026-06-20 21:52:00,duplicate,True
RF0050795,T0050795,2026-03-23 05:35:00,other,True
RF0050824,T0050824,2026-02-09 13:50:00,product_issue,True
RF0050829,T0050829,2026-07-20 03:14:00,product_issue,True
RF0050847,T0050847,2026-07-22 16:01:00,customer_request,True
RF0050851,T0050851,2026-01-23 13:39:00,duplicate,True
RF0050865,T0050865,2026-03-29 01:17:00,duplicate,True
RF0050904,T0050904,2026-05-18 18:39:00,customer_request,True
RF0050918,T0050918,2026-04-15 07:28:00,duplicate,True
RF0050925,T0050925,2026-02-19 10:06:00,product_issue,True
RF0050947,T0050947,2026-02-28 16:21:00,other,True
RF0050951,T0050951,2026-06-16 03:07:00,duplicate,True
RF0050958,T0050958,2026-03-09 03:25:00,product_issue,True
RF0050960,T0050960,2026-04-23 11:08:00,customer_request,True
RF0050963,T0050963,2026-06-19 16:44:00,customer_request,True
RF0050970,T0050970,2026-07-07 08:22:00,product_issue,True
RF0050971,T0050971,2026-03-15 12:34:00,product_issue,True
RF0050972,T0050972,2026-06-22 17:11:00,customer_request,True
RF0050979,T0050979,2026-06-21 05:42:00,duplicate,True
RF0050985,T0050985,2026-05-05 20:07:00,other,True
RF0050988,T0050988,2026-05-30 05:43:00,customer_request,True
RF0050999,T0050999,2026-03-07 05:25:00,product_issue,True
RF0051004,T0051004,2026-04-14 09:01:00,product_issue,True
RF0051009,T0051009,2026-03-17 23:56:00,duplicate,True
RF0051029,T0051029,2026-05-12 21:29:00,other,True
RF0051045,T0051045,2026-05-25 12:41:00,other,True
RF0051066,T0051066,2026-06-13 13:28:00,customer_request,True
RF0051077,T0051077,2026-01-21 04:30:00,customer_request,True
RF0051082,T0051082,2026-02-19 01:49:00,product_issue,True
RF0051099,T0051099,2026-01-24 19:08:00,duplicate,True
RF0051104,T0051104,2026-02-12 02:16:00,product_issue,True
RF0051113,T0051113,2026-06-23 14:18:00,customer_request,True
RF0051134,T0051134,2026-06-07 21:55:00,other,True
RF0051138,T0051138,2026-05-19 01:19:00,product_issue,True
RF0051143,T0051143,2026-07-09 06:31:00,duplicate,True
RF0051147,T0051147,2026-05-23 23:32:00,product_issue,True
RF0051168,T0051168,2026-05-01 20:12:00,duplicate,True
RF0051182,T0051182,2026-07-23 17:44:00,product_issue,True
RF0051212,T0051212,2026-05-27 16:35:00,customer_request,True
RF0051220,T0051220,2026-04-23 21:26:00,customer_request,True
RF0051275,T0051275,2026-02-01 03:41:00,product_issue,True
RF0051300,T0051300,2026-04-19 22:22:00,customer_request,True
RF0051311,T0051311,2026-03-20 16:12:00,duplicate,True
RF0051312,T0051312,2026-01-14 16:49:00,duplicate,True
RF0051314,T0051314,2026-01-18 19:19:00,other,True
RF0051316,T0051316,2026-01-31 01:31:00,other,True
RF0051327,T0051327,2026-03-22 09:47:00,customer_request,True
RF0051330,T0051330,2026-04-09 08:27:00,customer_request,True
RF0051335,T0051335,2026-04-22 18:33:00,product_issue,True
RF0051339,T0051339,2026-04-14 03:35:00,duplicate,True
RF0051341,T0051341,2026-05-22 05:36:00,product_issue,True
RF0051343,T0051343,2026-03-22 08:43:00,product_issue,True
RF0051344,T0051344,2026-03-16 16:31:00,customer_request,True
RF0051349,T0051349,2026-02-06 03:19:00,other,True
RF0051358,T0051358,2026-05-29 08:20:00,product_issue,True
RF0051365,T0051365,2026-02-25 16:17:00,product_issue,True
RF0051372,T0051372,2026-06-14 20:56:00,duplicate,True
RF0051382,T0051382,2026-01-17 06:28:00,product_issue,True
RF0051387,T0051387,2026-06-07 01:47:00,customer_request,True
RF0051392,T0051392,2026-06-04 09:07:00,other,True
RF0051394,T0051394,2026-05-12 10:02:00,product_issue,True
RF0051395,T0051395,2026-03-07 21:07:00,customer_request,True
RF0051399,T0051399,2026-04-19 20:01:00,customer_request,True
RF0051412,T0051412,2026-01-18 10:12:00,duplicate,True
RF0051433,T0051433,2026-06-27 02:57:00,duplicate,True
RF0051434,T0051434,2026-06-04 04:07:00,other,True
RF0051446,T0051446,2026-02-05 12:15:00,product_issue,True
RF0051449,T0051449,2026-03-09 02:52:00,product_issue,True
RF0051453,T0051453,2026-07-25 01:26:00,customer_request,True
RF0051458,T0051458,2026-02-20 10:29:00,customer_request,True
RF0051490,T0051490,2026-01-23 02:30:00,other,True
RF0051498,T0051498,2026-05-02 19:27:00,duplicate,True
RF0051518,T0051518,2026-03-15 14:14:00,product_issue,True
RF0051528,T0051528,2026-02-28 12:54:00,product_issue,True
RF0051535,T0051535,2026-05-08 10:33:00,other,True
RF0051539,T0051539,2026-03-05 01:54:00,product_issue,True
RF0051545,T0051545,2026-01-22 02:47:00,duplicate,True
RF0051569,T0051569,2026-06-13 11:09:00,other,True
RF0051589,T0051589,2026-05-08 05:34:00,customer_request,True
RF0051595,T0051595,2026-06-16 13:08:00,duplicate,True
RF0051598,T0051598,2026-01-22 11:25:00,product_issue,True
RF0051600,T0051600,2026-04-29 00:37:00,customer_request,True
RF0051607,T0051607,2026-01-30 09:16:00,other,True
RF0051618,T0051618,2026-07-02 19:44:00,product_issue,True
RF0051624,T0051624,2026-06-01 00:12:00,product_issue,True
RF0051638,T0051638,2026-06-22 03:20:00,product_issue,True
RF0051645,T0051645,2026-01-28 19:53:00,product_issue,True
RF0051650,T0051650,2026-06-03 04:58:00,product_issue,True
RF0051653,T0051653,2026-03-12 20:05:00,product_issue,True
RF0051682,T0051682,2026-05-25 13:07:00,customer_request,True
RF0051689,T0051689,2026-01-20 10:06:00,duplicate,True
RF0051716,T0051716,2026-05-31 05:49:00,product_issue,True
RF0051720,T0051720,2026-06-19 02:23:00,duplicate,True
RF0051721,T0051721,2026-07-05 14:04:00,product_issue,True
RF0051760,T0051760,2026-01-25 09:20:00,other,True
RF0051764,T0051764,2026-05-23 02:15:00,duplicate,True
RF0051777,T0051777,2026-05-14 15:48:00,duplicate,True
RF0051793,T0051793,2026-07-29 21:43:00,customer_request,True
RF0051796,T0051796,2026-02-21 01:39:00,customer_request,True
RF0051812,T0051812,2026-05-03 01:32:00,duplicate,True
RF0051816,T0051816,2026-06-15 10:06:00,customer_request,True
RF0051819,T0051819,2026-01-24 00:49:00,duplicate,True
RF0051824,T0051824,2026-07-06 23:24:00,customer_request,True
RF0051834,T0051834,2026-04-01 03:19:00,other,True
RF0051837,T0051837,2026-05-14 03:33:00,duplicate,True
RF0051849,T0051849,2026-07-08 20:08:00,product_issue,True
RF0051855,T0051855,2026-04-18 07:33:00,product_issue,True
RF0051861,T0051861,2026-03-02 07:05:00,customer_request,True
RF0051864,T0051864,2026-03-14 22:00:00,product_issue,True
RF0051870,T0051870,2026-04-09 21:58:00,product_issue,True
RF0051877,T0051877,2026-04-21 22:06:00,customer_request,True
RF0051885,T0051885,2026-03-10 11:18:00,product_issue,True
RF0051895,T0051895,2026-01-25 10:10:00,duplicate,True
RF0051913,T0051913,2026-02-09 10:21:00,customer_request,True
RF0051914,T0051914,2026-06-02 14:05:00,product_issue,True
RF0051920,T0051920,2026-06-15 06:30:00,duplicate,True
RF0051925,T0051925,2026-06-23 13:20:00,duplicate,True
RF0051926,T0051926,2026-06-09 08:45:00,customer_request,True
RF0051929,T0051929,2026-04-25 19:41:00,customer_request,True
RF0051931,T0051931,2026-03-24 06:30:00,customer_request,True
RF0051933,T0051933,2026-01-05 05:59:00,duplicate,True
RF0051967,T0051967,2026-06-05 04:33:00,customer_request,True
RF0051983,T0051983,2026-01-30 05:03:00,duplicate,True
RF0052002,T0052002,2026-06-18 13:09:00,customer_request,True
RF0052004,T0052004,2026-06-10 20:30:00,duplicate,True
RF0052009,T0052009,2026-02-05 07:40:00,product_issue,True
RF0052017,T0052017,2026-06-17 05:13:00,product_issue,True
RF0052019,T0052019,2026-05-04 20:23:00,other,True
RF0052032,T0052032,2026-02-17 16:11:00,other,True
RF0052033,T0052033,2026-04-20 07:19:00,customer_request,True
RF0052035,T0052035,2026-03-22 01:00:00,product_issue,True
RF0052044,T0052044,2026-02-11 03:32:00,other,True
RF0052045,T0052045,2026-06-09 06:13:00,other,True
RF0052061,T0052061,2026-07-06 10:24:00,duplicate,True
RF0052067,T0052067,2026-05-04 01:58:00,other,True
RF0052072,T0052072,2026-02-15 13:26:00,customer_request,True
RF0052085,T0052085,2026-07-21 05:19:00,product_issue,True
RF0052091,T0052091,2026-02-14 22:11:00,duplicate,True
RF0052092,T0052092,2026-05-14 02:03:00,duplicate,True
RF0052100,T0052100,2026-01-28 13:42:00,customer_request,True
RF0052103,T0052103,2026-06-09 10:09:00,duplicate,True
RF0052119,T0052119,2026-06-12 13:28:00,product_issue,True
RF0052139,T0052139,2026-03-04 10:46:00,customer_request,True
RF0052145,T0052145,2026-05-14 20:47:00,product_issue,True
RF0052162,T0052162,2026-05-23 03:26:00,product_issue,True
RF0052183,T0052183,2026-05-11 15:39:00,product_issue,True
RF0052194,T0052194,2026-04-03 12:52:00,customer_request,True
RF0052199,T0052199,2026-03-08 16:27:00,duplicate,True
RF0052202,T0052202,2026-01-24 11:25:00,product_issue,True
RF0052206,T0052206,2026-06-20 20:21:00,product_issue,True
RF0052210,T0052210,2026-05-11 21:09:00,product_issue,True
RF0052211,T0052211,2026-07-22 01:37:00,other,True
RF0052212,T0052212,2026-04-24 17:00:00,product_issue,True
RF0052222,T0052222,2026-05-31 06:09:00,duplicate,True
RF0052225,T0052225,2026-04-24 10:12:00,other,True
RF0052237,T0052237,2026-01-27 12:12:00,other,True
RF0052241,T0052241,2026-04-14 18:25:00,other,True
RF0052257,T0052257,2026-06-07 01:31:00,product_issue,True
RF0052263,T0052263,2026-01-09 23:36:00,customer_request,True
RF0052270,T0052270,2026-07-12 15:47:00,duplicate,True
RF0052275,T0052275,2026-01-10 19:20:00,product_issue,True
RF0052285,T0052285,2026-03-24 16:19:00,duplicate,True
RF0052288,T0052288,2026-04-05 16:53:00,duplicate,True
RF0052292,T0052292,2026-07-21 10:06:00,customer_request,True
RF0052301,T0052301,2026-06-28 08:44:00,customer_request,True
RF0052307,T0052307,2026-05-06 00:37:00,customer_request,True
RF0052322,T0052322,2026-02-26 02:11:00,other,True
RF0052338,T0052338,2026-06-13 18:23:00,customer_request,True
RF0052348,T0052348,2026-01-27 06:44:00,product_issue,True
RF0052352,T0052352,2026-06-18 03:34:00,duplicate,True
RF0052355,T0052355,2026-04-27 16:25:00,duplicate,True
RF0052363,T0052363,2026-03-14 14:02:00,product_issue,True
RF0052374,T0052374,2026-04-19 07:15:00,product_issue,True
RF0052381,T0052381,2026-03-13 11:34:00,other,True
RF0052391,T0052391,2026-02-22 06:37:00,duplicate,True
RF0052415,T0052415,2026-03-14 18:19:00,customer_request,True
RF0052422,T0052422,2026-06-30 16:36:00,customer_request,True
RF0052425,T0052425,2026-03-26 11:23:00,customer_request,True
RF0052457,T0052457,2026-06-13 15:35:00,customer_request,True
RF0052461,T0052461,2026-01-21 18:08:00,duplicate,True
RF0052465,T0052465,2026-02-22 19:13:00,other,True
RF0052470,T0052470,2026-03-07 21:44:00,duplicate,True
RF0052471,T0052471,2026-06-26 11:34:00,customer_request,True
RF0052473,T0052473,2026-07-14 06:57:00,duplicate,True
RF0052512,T0052512,2026-05-19 07:46:00,customer_request,True
RF0052516,T0052516,2026-05-19 06:20:00,product_issue,True
RF0052520,T0052520,2026-03-17 15:15:00,duplicate,True
RF0052522,T0052522,2026-07-19 05:40:00,other,True
RF0052530,T0052530,2026-01-08 00:14:00,product_issue,True
RF0052536,T0052536,2026-03-03 12:17:00,customer_request,True
RF0052538,T0052538,2026-06-27 20:29:00,customer_request,True
RF0052540,T0052540,2026-05-09 15:40:00,product_issue,True
RF0052552,T0052552,2026-04-05 09:30:00,customer_request,True
RF0052558,T0052558,2026-05-11 09:05:00,product_issue,True
RF0052559,T0052559,2026-06-28 21:05:00,customer_request,True
RF0052589,T0052589,2026-05-19 21:45:00,product_issue,True
RF0052593,T0052593,2026-01-03 15:31:00,product_issue,True
RF0052594,T0052594,2026-06-08 01:41:00,product_issue,True
RF0052604,T0052604,2026-07-13 20:17:00,customer_request,True
RF0052607,T0052607,2026-08-01 03:14:00,duplicate,True
RF0052642,T0052642,2026-04-06 02:57:00,product_issue,True
RF0052648,T0052648,2026-02-18 12:35:00,customer_request,True
RF0052670,T0052670,2026-05-13 20:02:00,customer_request,True
RF0052679,T0052679,2026-06-09 11:35:00,other,True
RF0052690,T0052690,2026-01-06 20:07:00,duplicate,True
RF0052723,T0052723,2026-06-12 02:18:00,other,True
RF0052727,T0052727,2026-03-20 00:10:00,customer_request,True
RF0052737,T0052737,2026-07-21 03:54:00,duplicate,True
RF0052740,T0052740,2026-04-12 19:38:00,customer_request,True
RF0052763,T0052763,2026-03-18 23:51:00,other,True
RF0052770,T0052770,2026-06-28 12:31:00,product_issue,True
RF0052772,T0052772,2026-06-12 16:32:00,product_issue,True
RF0052782,T0052782,2026-06-24 20:41:00,customer_request,True
RF0052792,T0052792,2026-04-04 19:12:00,customer_request,True
RF0052795,T0052795,2026-05-19 22:59:00,customer_request,True
RF0052835,T0052835,2026-04-19 20:14:00,product_issue,True
RF0052840,T0052840,2026-06-06 12:48:00,customer_request,True
RF0052845,T0052845,2026-07-25 08:21:00,product_issue,True
RF0052847,T0052847,2026-01-22 18:12:00,customer_request,True
RF0052857,T0052857,2026-02-08 04:44:00,duplicate,True
RF0052870,T0052870,2026-03-29 20:24:00,duplicate,True
RF0052878,T0052878,2026-02-27 16:32:00,duplicate,True
RF0052880,T0052880,2026-04-18 15:28:00,customer_request,True
RF0052882,T0052882,2026-06-21 07:34:00,other,True
RF0052883,T0052883,2026-03-09 01:32:00,product_issue,True
RF0052909,T0052909,2026-02-19 05:43:00,duplicate,True
RF0052914,T0052914,2026-01-24 21:54:00,duplicate,True
RF0052926,T0052926,2026-07-18 07:03:00,duplicate,True
RF0052932,T0052932,2026-05-04 15:38:00,customer_request,True
RF0052945,T0052945,2026-03-10 18:45:00,customer_request,True
RF0052982,T0052982,2026-04-12 19:02:00,other,True
RF0052983,T0052983,2026-05-25 08:23:00,product_issue,True
RF0052993,T0052993,2026-01-05 23:01:00,duplicate,True
RF0053010,T0053010,2026-07-31 11:03:00,customer_request,True
RF0053018,T0053018,2026-02-10 13:12:00,duplicate,True
RF0053021,T0053021,2026-05-06 15:47:00,product_issue,True
RF0053036,T0053036,2026-07-15 14:11:00,other,True
RF0053051,T0053051,2026-05-08 01:22:00,product_issue,True
RF0053053,T0053053,2026-06-13 18:39:00,duplicate,True
RF0053072,T0053072,2026-02-27 22:56:00,duplicate,True
RF0053081,T0053081,2026-02-14 01:27:00,product_issue,True
RF0053087,T0053087,2026-06-17 02:15:00,other,True
RF0053096,T0053096,2026-03-14 14:14:00,customer_request,True
RF0053098,T0053098,2026-07-10 04:59:00,customer_request,True
RF0053103,T0053103,2026-07-10 20:02:00,other,True
RF0053119,T0053119,2026-03-07 23:30:00,product_issue,True
RF0053131,T0053131,2026-04-18 17:59:00,duplicate,True
RF0053134,T0053134,2026-07-09 12:51:00,product_issue,True
RF0053137,T0053137,2026-04-01 13:46:00,duplicate,True
RF0053140,T0053140,2026-06-11 01:38:00,customer_request,True
RF0053148,T0053148,2026-06-05 01:32:00,duplicate,True
RF0053150,T0053150,2026-07-12 15:45:00,other,True
RF0053153,T0053153,2026-06-29 23:41:00,duplicate,True
RF0053168,T0053168,2026-07-17 10:37:00,other,True
RF0053169,T0053169,2026-01-27 11:29:00,other,True
RF0053184,T0053184,2026-04-01 17:02:00,customer_request,True
RF0053191,T0053191,2026-04-23 16:41:00,customer_request,True
RF0053192,T0053192,2026-05-22 00:12:00,other,True
RF0053201,T0053201,2026-05-03 08:23:00,duplicate,True
RF0053227,T0053227,2026-01-20 18:21:00,customer_request,True
RF0053230,T0053230,2026-01-20 11:48:00,duplicate,True
RF0053232,T0053232,2026-05-08 10:54:00,product_issue,True
RF0053255,T0053255,2026-08-01 09:00:00,other,True
RF0053256,T0053256,2026-01-06 17:00:00,customer_request,True
RF0053265,T0053265,2026-04-13 10:33:00,duplicate,True
RF0053271,T0053271,2026-03-27 12:56:00,product_issue,True
RF0053273,T0053273,2026-07-27 18:32:00,customer_request,True
RF0053290,T0053290,2026-06-01 13:02:00,duplicate,True
RF0053291,T0053291,2026-04-22 08:16:00,product_issue,True
RF0053293,T0053293,2026-06-20 14:00:00,duplicate,True
RF0053299,T0053299,2026-02-26 03:37:00,product_issue,True
RF0053301,T0053301,2026-06-25 06:30:00,customer_request,True
RF0053302,T0053302,2026-07-27 01:40:00,product_issue,True
RF0053307,T0053307,2026-03-01 05:45:00,customer_request,True
RF0053310,T0053310,2026-02-23 05:59:00,other,True
RF0053338,T0053338,2026-03-31 10:55:00,other,True
RF0053353,T0053353,2026-05-01 19:29:00,other,True
RF0053371,T0053371,2026-03-08 09:55:00,product_issue,True
RF0053405,T0053405,2026-03-03 06:34:00,product_issue,True
RF0053417,T0053417,2026-04-08 03:13:00,duplicate,True
RF0053434,T0053434,2026-07-06 04:14:00,customer_request,True
RF0053460,T0053460,2026-07-23 09:47:00,customer_request,True
RF0053467,T0053467,2026-02-06 20:42:00,other,True
RF0053471,T0053471,2026-06-10 07:48:00,customer_request,True
RF0053483,T0053483,2026-02-10 12:34:00,other,True
RF0053491,T0053491,2026-05-02 04:40:00,other,True
RF0053540,T0053540,2026-07-10 23:43:00,duplicate,True
RF0053550,T0053550,2026-01-16 17:44:00,product_issue,True
RF0053561,T0053561,2026-04-24 15:47:00,customer_request,True
RF0053566,T0053566,2026-02-25 20:16:00,other,True
RF0053575,T0053575,2026-02-26 05:12:00,customer_request,True
RF0053586,T0053586,2026-02-15 12:47:00,other,True
RF0053593,T0053593,2026-07-22 11:49:00,duplicate,True
RF0053603,T0053603,2026-02-16 07:16:00,product_issue,True
RF0053606,T0053606,2026-07-02 10:44:00,customer_request,True
RF0053609,T0053609,2026-01-26 08:07:00,product_issue,True
RF0053611,T0053611,2026-03-22 03:50:00,customer_request,True
RF0053618,T0053618,2026-06-01 20:14:00,duplicate,True
RF0053620,T0053620,2026-01-26 00:20:00,duplicate,True
RF0053632,T0053632,2026-07-25 09:35:00,product_issue,True
RF0053639,T0053639,2026-02-27 00:36:00,customer_request,True
RF0053650,T0053650,2026-04-29 14:15:00,duplicate,True
RF0053682,T0053682,2026-02-20 18:19:00,other,True
RF0053691,T0053691,2026-06-03 22:24:00,customer_request,True
RF0053692,T0053692,2026-04-30 10:36:00,product_issue,True
RF0053695,T0053695,2026-05-08 10:45:00,customer_request,True
RF0053706,T0053706,2026-04-27 18:22:00,product_issue,True
RF0053707,T0053707,2026-02-18 10:17:00,other,True
RF0053724,T0053724,2026-06-26 04:03:00,customer_request,True
RF0053727,T0053727,2026-04-07 14:33:00,product_issue,True
RF0053741,T0053741,2026-04-22 01:32:00,other,True
RF0053766,T0053766,2026-01-08 01:49:00,duplicate,True
RF0053774,T0053774,2026-02-09 13:26:00,customer_request,True
RF0053775,T0053775,2026-03-20 21:49:00,duplicate,True
RF0053777,T0053777,2026-05-20 07:50:00,product_issue,True
RF0053801,T0053801,2026-07-10 11:50:00,customer_request,True
RF0053802,T0053802,2026-07-03 22:18:00,customer_request,True
RF0053811,T0053811,2026-03-03 01:28:00,other,True
RF0053818,T0053818,2026-07-26 14:47:00,customer_request,True
RF0053826,T0053826,2026-05-20 10:05:00,customer_request,True
RF0053836,T0053836,2026-05-11 18:30:00,duplicate,True
RF0053842,T0053842,2026-05-29 13:14:00,other,True
RF0053891,T0053891,2026-07-22 02:02:00,product_issue,True
RF0053896,T0053896,2026-06-02 18:07:00,customer_request,True
RF0053920,T0053920,2026-01-05 00:07:00,product_issue,True
RF0053929,T0053929,2026-07-29 23:05:00,other,True
RF0053951,T0053951,2026-05-08 18:21:00,other,True
RF0053953,T0053953,2026-04-15 04:53:00,other,True
RF0053954,T0053954,2026-06-04 11:07:00,customer_request,True
RF0053968,T0053968,2026-03-07 10:54:00,product_issue,True
RF0053976,T0053976,2026-04-13 06:53:00,duplicate,True
RF0053988,T0053988,2026-07-01 14:32:00,other,True
RF0053991,T0053991,2026-05-29 00:19:00,customer_request,True
RF0053998,T0053998,2026-03-21 11:41:00,customer_request,True
RF0054000,T0054000,2026-06-26 13:27:00,other,True
RF0054024,T0054024,2026-07-16 09:04:00,other,True
RF0054026,T0054026,2026-06-01 06:40:00,other,True
RF0054028,T0054028,2026-02-22 03:37:00,customer_request,True
RF0054046,T0054046,2026-01-05 23:34:00,duplicate,True
RF0054047,T0054047,2026-06-16 05:58:00,product_issue,True
RF0054057,T0054057,2026-05-30 17:26:00,product_issue,True
RF0054060,T0054060,2026-06-13 20:56:00,product_issue,True
RF0054067,T0054067,2026-01-06 09:43:00,duplicate,True
RF0054072,T0054072,2026-03-26 03:32:00,duplicate,True
RF0054101,T0054101,2026-06-27 21:53:00,other,True
RF0054104,T0054104,2026-03-20 18:43:00,customer_request,True
RF0054134,T0054134,2026-03-12 00:37:00,duplicate,True
RF0054146,T0054146,2026-05-18 03:18:00,customer_request,True
RF0054153,T0054153,2026-02-03 22:19:00,product_issue,True
RF0054166,T0054166,2026-03-02 16:33:00,duplicate,True
RF0054172,T0054172,2026-05-22 12:43:00,customer_request,True
RF0054184,T0054184,2026-03-31 22:22:00,other,True
RF0054196,T0054196,2026-01-05 12:32:00,other,True
RF0054198,T0054198,2026-02-13 12:42:00,customer_request,True
RF0054221,T0054221,2026-06-26 14:09:00,product_issue,True
RF0054227,T0054227,2026-01-23 07:24:00,product_issue,True
RF0054228,T0054228,2026-03-01 04:39:00,other,True
RF0054242,T0054242,2026-04-26 13:57:00,product_issue,True
RF0054246,T0054246,2026-03-03 01:09:00,product_issue,True
RF0054247,T0054247,2026-05-07 04:59:00,customer_request,True
RF0054248,T0054248,2026-04-04 16:34:00,product_issue,True
RF0054249,T0054249,2026-03-11 13:43:00,customer_request,True
RF0054255,T0054255,2026-02-22 16:59:00,duplicate,True
RF0054259,T0054259,2026-03-18 19:56:00,duplicate,True
RF0054260,T0054260,2026-07-12 15:13:00,duplicate,True
RF0054276,T0054276,2026-05-07 10:28:00,customer_request,True
RF0054289,T0054289,2026-07-19 18:55:00,customer_request,True
RF0054295,T0054295,2026-07-09 13:52:00,customer_request,True
RF0054300,T0054300,2026-04-04 08:30:00,customer_request,True
RF0054313,T0054313,2026-04-10 19:23:00,customer_request,True
RF0054323,T0054323,2026-02-20 23:46:00,customer_request,True
RF0054345,T0054345,2026-03-04 20:22:00,product_issue,True
RF0054347,T0054347,2026-06-12 16:47:00,other,True
RF0054362,T0054362,2026-02-17 05:12:00,other,True
RF0054364,T0054364,2026-01-29 11:32:00,duplicate,True
RF0054377,T0054377,2026-04-16 16:47:00,other,True
RF0054383,T0054383,2026-02-02 09:16:00,duplicate,True
RF0054386,T0054386,2026-06-12 12:01:00,customer_request,True
RF0054398,T0054398,2026-03-21 04:28:00,product_issue,True
RF0054404,T0054404,2026-05-28 00:48:00,customer_request,True
RF0054424,T0054424,2026-01-13 13:31:00,duplicate,True
RF0054428,T0054428,2026-03-15 15:14:00,duplicate,True
RF0054437,T0054437,2026-02-17 11:36:00,product_issue,True
RF0054442,T0054442,2026-04-07 07:51:00,duplicate,True
RF0054446,T0054446,2026-06-02 23:33:00,customer_request,True
RF0054476,T0054476,2026-06-09 01:11:00,product_issue,True
RF0054485,T0054485,2026-07-22 11:28:00,other,True
RF0054495,T0054495,2026-06-03 07:00:00,customer_request,True
RF0054499,T0054499,2026-02-04 14:46:00,product_issue,True
RF0054505,T0054505,2026-01-22 08:52:00,customer_request,True
RF0054520,T0054520,2026-04-08 11:52:00,other,True
RF0054522,T0054522,2026-02-15 16:46:00,customer_request,True
RF0054530,T0054530,2026-01-14 18:24:00,product_issue,True
RF0054532,T0054532,2026-01-04 22:46:00,other,True
RF0054539,T0054539,2026-05-18 12:36:00,other,True
RF0054548,T0054548,2026-01-10 15:41:00,other,True
RF0054551,T0054551,2026-01-03 14:17:00,customer_request,True
RF0054553,T0054553,2026-03-08 14:23:00,other,True
RF0054560,T0054560,2026-07-13 18:17:00,customer_request,True
RF0054592,T0054592,2026-06-16 16:47:00,customer_request,True
RF0054596,T0054596,2026-06-27 19:10:00,duplicate,True
RF0054603,T0054603,2026-01-29 17:11:00,other,True
RF0054605,T0054605,2026-06-05 16:04:00,customer_request,True
RF0054626,T0054626,2026-07-03 00:08:00,customer_request,True
RF0054629,T0054629,2026-01-13 00:51:00,other,True
RF0054645,T0054645,2026-03-15 04:28:00,customer_request,True
RF0054651,T0054651,2026-05-25 18:33:00,customer_request,True
RF0054687,T0054687,2026-06-30 02:34:00,customer_request,True
RF0054691,T0054691,2026-03-08 03:32:00,customer_request,True
RF0054705,T0054705,2026-06-06 12:58:00,duplicate,True
RF0054731,T0054731,2026-04-20 09:02:00,other,True
RF0054757,T0054757,2026-07-12 17:28:00,product_issue,True
RF0054759,T0054759,2026-02-04 06:33:00,customer_request,True
RF0054771,T0054771,2026-06-11 16:39:00,duplicate,True
RF0054773,T0054773,2026-03-03 18:34:00,duplicate,True
RF0054781,T0054781,2026-03-20 13:03:00,customer_request,True
RF0054783,T0054783,2026-06-20 07:01:00,product_issue,True
RF0054795,T0054795,2026-03-28 08:49:00,other,True
RF0054797,T0054797,2026-07-04 04:15:00,product_issue,True
RF0054799,T0054799,2026-01-18 13:01:00,product_issue,True
RF0054808,T0054808,2026-01-14 09:42:00,customer_request,True
RF0054814,T0054814,2026-05-20 21:53:00,duplicate,True
RF0054824,T0054824,2026-02-10 01:48:00,product_issue,True
RF0054834,T0054834,2026-03-02 16:29:00,duplicate,True
RF0054858,T0054858,2026-03-11 17:50:00,customer_request,True
RF0054864,T0054864,2026-04-09 17:08:00,duplicate,True
RF0054873,T0054873,2026-03-29 08:00:00,customer_request,True
RF0054876,T0054876,2026-04-12 06:45:00,other,True
RF0054885,T0054885,2026-03-30 08:35:00,duplicate,True
RF0054896,T0054896,2026-01-16 16:02:00,customer_request,True
RF0054897,T0054897,2026-01-20 08:29:00,other,True
RF0054901,T0054901,2026-06-26 13:57:00,customer_request,True
RF0054916,T0054916,2026-06-01 12:13:00,other,True
RF0054919,T0054919,2026-07-20 12:25:00,duplicate,True
RF0054920,T0054920,2026-04-26 08:29:00,product_issue,True
RF0054929,T0054929,2026-07-20 14:32:00,other,True
RF0054956,T0054956,2026-03-16 22:01:00,duplicate,True
RF0054983,T0054983,2026-02-25 00:29:00,product_issue,True
RF0054984,T0054984,2026-05-18 05:38:00,customer_request,True
RF0054989,T0054989,2026-03-08 09:44:00,customer_request,True
RF0054990,T0054990,2026-03-13 19:00:00,duplicate,True
RF0055002,T0055002,2026-05-22 06:30:00,duplicate,True
RF0055009,T0055009,2026-06-11 23:51:00,duplicate,True
RF0055019,T0055019,2026-01-12 09:47:00,duplicate,True
RF0055033,T0055033,2026-07-01 22:42:00,product_issue,True
RF0055043,T0055043,2026-01-12 16:53:00,product_issue,True
RF0055082,T0055082,2026-04-22 09:48:00,customer_request,True
RF0055091,T0055091,2026-06-10 11:58:00,other,True
RF0055096,T0055096,2026-07-12 07:03:00,product_issue,True
RF0055103,T0055103,2026-08-02 14:59:00,other,True
RF0055108,T0055108,2026-01-10 21:49:00,product_issue,True
RF0055123,T0055123,2026-08-02 01:26:00,duplicate,True
RF0055124,T0055124,2026-03-14 18:08:00,duplicate,True
RF0055138,T0055138,2026-05-05 08:00:00,other,True
RF0055140,T0055140,2026-02-11 17:29:00,duplicate,True
RF0055148,T0055148,2026-04-24 15:28:00,product_issue,True
RF0055169,T0055169,2026-04-04 12:11:00,duplicate,True
RF0055175,T0055175,2026-06-23 17:49:00,duplicate,True
RF0055177,T0055177,2026-01-30 06:39:00,other,True
RF0055181,T0055181,2026-02-12 23:52:00,customer_request,True
RF0055190,T0055190,2026-03-17 16:11:00,duplicate,True
RF0055194,T0055194,2026-06-11 23:42:00,customer_request,True
RF0055198,T0055198,2026-03-27 01:47:00,other,True
RF0055209,T0055209,2026-06-11 09:29:00,other,True
RF0055214,T0055214,2026-01-04 18:24:00,product_issue,True
RF0055247,T0055247,2026-01-17 14:35:00,duplicate,True
RF0055253,T0055253,2026-02-25 07:20:00,duplicate,True
RF0055268,T0055268,2026-04-18 23:17:00,product_issue,True
RF0055277,T0055277,2026-05-03 15:45:00,customer_request,True
RF0055294,T0055294,2026-01-31 22:03:00,product_issue,True
RF0055319,T0055319,2026-04-21 01:46:00,duplicate,True
RF0055320,T0055320,2026-03-01 02:25:00,duplicate,True
RF0055321,T0055321,2026-05-02 12:02:00,customer_request,True
RF0055323,T0055323,2026-01-14 01:01:00,other,True
RF0055354,T0055354,2026-05-13 17:04:00,product_issue,True
RF0055355,T0055355,2026-06-04 13:58:00,duplicate,True
RF0055360,T0055360,2026-03-23 19:57:00,customer_request,True
RF0055361,T0055361,2026-02-13 19:27:00,product_issue,True
RF0055369,T0055369,2026-02-13 02:48:00,other,True
RF0055388,T0055388,2026-04-13 06:46:00,customer_request,True
RF0055403,T0055403,2026-02-17 06:07:00,customer_request,True
RF0055415,T0055415,2026-05-30 14:19:00,duplicate,True
RF0055420,T0055420,2026-02-16 19:20:00,customer_request,True
RF0055463,T0055463,2026-05-19 03:39:00,other,True
RF0055477,T0055477,2026-02-08 11:36:00,duplicate,True
RF0055488,T0055488,2026-04-14 17:23:00,product_issue,True
RF0055490,T0055490,2026-07-13 11:13:00,customer_request,True
RF0055494,T0055494,2026-05-23 12:49:00,duplicate,True
RF0055514,T0055514,2026-02-24 16:11:00,product_issue,True
RF0055525,T0055525,2026-03-06 03:15:00,other,True
RF0055532,T0055532,2026-02-04 15:07:00,product_issue,True
RF0055564,T0055564,2026-07-24 07:21:00,other,True
RF0055575,T0055575,2026-05-30 07:36:00,other,True
RF0055586,T0055586,2026-06-22 22:15:00,duplicate,True
RF0055609,T0055609,2026-04-23 23:25:00,duplicate,True
RF0055620,T0055620,2026-02-08 12:53:00,other,True
RF0055626,T0055626,2026-03-07 18:12:00,customer_request,True
RF0055630,T0055630,2026-07-09 21:00:00,duplicate,True
RF0055635,T0055635,2026-07-24 16:09:00,product_issue,True
RF0055641,T0055641,2026-02-04 03:28:00,other,True
RF0055642,T0055642,2026-05-05 06:50:00,product_issue,True
RF0055643,T0055643,2026-07-23 18:06:00,other,True
RF0055647,T0055647,2026-03-13 22:52:00,other,True
RF0055676,T0055676,2026-06-21 01:12:00,duplicate,True
RF0055677,T0055677,2026-04-20 16:58:00,duplicate,True
RF0055679,T0055679,2026-05-28 10:48:00,customer_request,True
RF0055689,T0055689,2026-04-20 14:08:00,duplicate,True
RF0055696,T0055696,2026-06-30 19:27:00,duplicate,True
RF0055709,T0055709,2026-06-14 17:27:00,other,True
RF0055722,T0055722,2026-02-18 06:02:00,product_issue,True
RF0055731,T0055731,2026-02-01 07:08:00,customer_request,True
RF0055733,T0055733,2026-07-28 02:26:00,customer_request,True
RF0055758,T0055758,2026-01-08 23:43:00,other,True
RF0055775,T0055775,2026-06-29 18:32:00,other,True
RF0055780,T0055780,2026-04-01 02:38:00,other,True
RF0055793,T0055793,2026-03-08 02:17:00,duplicate,True
RF0055817,T0055817,2026-03-27 23:46:00,duplicate,True
RF0055821,T0055821,2026-05-10 01:09:00,product_issue,True
RF0055829,T0055829,2026-07-25 19:01:00,duplicate,True
RF0055836,T0055836,2026-01-27 13:09:00,customer_request,True
RF0055846,T0055846,2026-05-11 16:35:00,product_issue,True
RF0055875,T0055875,2026-05-08 14:57:00,customer_request,True
RF0055888,T0055888,2026-04-27 22:11:00,customer_request,True
RF0055890,T0055890,2026-04-21 15:53:00,customer_request,True
RF0055892,T0055892,2026-02-22 00:25:00,other,True
RF0055897,T0055897,2026-03-09 17:44:00,duplicate,True
RF0055901,T0055901,2026-05-08 09:22:00,product_issue,True
RF0055902,T0055902,2026-03-21 21:32:00,product_issue,True
RF0055905,T0055905,2026-04-13 02:20:00,other,True
RF0055916,T0055916,2026-07-17 13:57:00,duplicate,True
RF0055922,T0055922,2026-05-21 23:35:00,product_issue,True
RF0055925,T0055925,2026-06-05 08:37:00,duplicate,True
RF0055929,T0055929,2026-01-04 12:29:00,customer_request,True
RF0055952,T0055952,2026-05-23 23:27:00,customer_request,True
RF0055957,T0055957,2026-04-16 01:56:00,other,True
RF0055990,T0055990,2026-07-12 17:18:00,other,True
RF0056000,T0056000,2026-03-25 02:49:00,product_issue,True
RF0056003,T0056003,2026-06-12 02:22:00,customer_request,True
RF0056018,T0056018,2026-07-21 09:48:00,product_issue,True
RF0056023,T0056023,2026-07-19 03:33:00,customer_request,True
RF0056024,T0056024,2026-06-06 16:16:00,duplicate,True
RF0056044,T0056044,2026-02-12 00:53:00,duplicate,True
RF0056071,T0056071,2026-01-06 11:15:00,product_issue,True
RF0056091,T0056091,2026-03-29 13:11:00,duplicate,True
RF0056101,T0056101,2026-04-15 14:48:00,customer_request,True
RF0056103,T0056103,2026-03-06 01:31:00,duplicate,True
RF0056104,T0056104,2026-01-20 12:00:00,product_issue,True
RF0056113,T0056113,2026-06-30 22:14:00,customer_request,True
RF0056117,T0056117,2026-03-10 15:11:00,customer_request,True
RF0056118,T0056118,2026-02-12 01:11:00,product_issue,True
RF0056142,T0056142,2026-06-15 05:39:00,product_issue,True
RF0056150,T0056150,2026-07-18 19:38:00,product_issue,True
RF0056154,T0056154,2026-01-29 03:36:00,customer_request,True
RF0056156,T0056156,2026-05-13 02:34:00,other,True
RF0056165,T0056165,2026-01-03 15:55:00,other,True
RF0056166,T0056166,2026-07-18 15:46:00,customer_request,True
RF0056244,T0056244,2026-03-29 16:49:00,other,True
RF0056251,T0056251,2026-07-11 20:36:00,product_issue,True
RF0056258,T0056258,2026-05-19 01:54:00,other,True
RF0056261,T0056261,2026-06-15 10:32:00,duplicate,True
RF0056273,T0056273,2026-05-04 17:11:00,customer_request,True
RF0056289,T0056289,2026-06-11 12:57:00,product_issue,True
RF0056305,T0056305,2026-01-09 15:13:00,product_issue,True
RF0056313,T0056313,2026-07-22 20:23:00,duplicate,True
RF0056317,T0056317,2026-04-21 06:37:00,customer_request,True
RF0056319,T0056319,2026-01-13 03:33:00,duplicate,True
RF0056344,T0056344,2026-06-10 03:18:00,product_issue,True
RF0056359,T0056359,2026-01-09 06:50:00,duplicate,True
RF0056360,T0056360,2026-06-25 01:54:00,product_issue,True
RF0056369,T0056369,2026-05-20 12:10:00,duplicate,True
RF0056392,T0056392,2026-02-15 06:55:00,customer_request,True
RF0056397,T0056397,2026-04-09 07:57:00,customer_request,True
RF0056410,T0056410,2026-04-14 20:04:00,customer_request,True
RF0056438,T0056438,2026-07-02 00:34:00,duplicate,True
RF0056456,T0056456,2026-04-13 09:26:00,customer_request,True
RF0056458,T0056458,2026-04-04 02:19:00,customer_request,True
RF0056462,T0056462,2026-04-17 13:44:00,product_issue,True
RF0056463,T0056463,2026-02-23 07:19:00,other,True
RF0056486,T0056486,2026-02-12 21:11:00,customer_request,True
RF0056487,T0056487,2026-05-28 14:08:00,other,True
RF0056490,T0056490,2026-04-09 20:58:00,customer_request,True
RF0056506,T0056506,2026-06-15 06:48:00,product_issue,True
RF0056516,T0056516,2026-01-04 11:45:00,duplicate,True
RF0056532,T0056532,2026-05-12 09:47:00,customer_request,True
RF0056562,T0056562,2026-07-08 10:25:00,duplicate,True
RF0056567,T0056567,2026-05-01 14:59:00,customer_request,True
RF0056584,T0056584,2026-05-15 20:57:00,other,True
RF0056585,T0056585,2026-04-25 15:29:00,other,True
RF0056593,T0056593,2026-03-15 23:31:00,product_issue,True
RF0056595,T0056595,2026-01-26 23:20:00,duplicate,True
RF0056606,T0056606,2026-03-05 21:52:00,customer_request,True
RF0056610,T0056610,2026-04-21 06:53:00,product_issue,True
RF0056615,T0056615,2026-07-16 21:12:00,product_issue,True
RF0056620,T0056620,2026-07-26 05:45:00,product_issue,True
RF0056648,T0056648,2026-01-08 12:27:00,other,True
RF0056658,T0056658,2026-02-05 23:48:00,duplicate,True
RF0056661,T0056661,2026-04-30 10:39:00,customer_request,True
RF0056681,T0056681,2026-06-01 11:46:00,other,True
RF0056692,T0056692,2026-05-08 14:00:00,duplicate,True
RF0056699,T0056699,2026-07-29 12:33:00,duplicate,True
RF0056703,T0056703,2026-03-08 17:39:00,product_issue,True
RF0056704,T0056704,2026-01-21 14:07:00,other,True
RF0056709,T0056709,2026-05-27 12:16:00,other,True
RF0056728,T0056728,2026-03-07 01:41:00,customer_request,True
RF0056733,T0056733,2026-07-12 12:20:00,customer_request,True
RF0056736,T0056736,2026-04-09 12:04:00,other,True
RF0056763,T0056763,2026-02-15 19:08:00,customer_request,True
RF0056796,T0056796,2026-02-22 22:39:00,duplicate,True
RF0056806,T0056806,2026-05-30 12:37:00,duplicate,True
RF0056870,T0056870,2026-06-12 14:33:00,customer_request,True
RF0056887,T0056887,2026-02-01 10:32:00,other,True
RF0056904,T0056904,2026-02-03 22:14:00,other,True
RF0056939,T0056939,2026-01-16 06:11:00,customer_request,True
RF0056955,T0056955,2026-06-07 08:48:00,customer_request,True
RF0056960,T0056960,2026-07-14 06:24:00,duplicate,True
RF0056976,T0056976,2026-07-17 11:25:00,duplicate,True
RF0057001,T0057001,2026-03-21 10:24:00,duplicate,True
RF0057003,T0057003,2026-06-16 12:43:00,customer_request,True
RF0057008,T0057008,2026-02-13 19:03:00,other,True
RF0057010,T0057010,2026-03-19 15:00:00,other,True
RF0057011,T0057011,2026-03-03 18:53:00,duplicate,True
RF0057044,T0057044,2026-03-25 19:58:00,duplicate,True
RF0057051,T0057051,2026-01-22 05:55:00,other,True
RF0057054,T0057054,2026-03-05 04:06:00,other,True
RF0057077,T0057077,2026-02-11 22:06:00,duplicate,True
RF0057078,T0057078,2026-07-08 00:56:00,other,True
RF0057083,T0057083,2026-03-31 04:29:00,other,True
RF0057086,T0057086,2026-06-08 15:18:00,customer_request,True
RF0057090,T0057090,2026-04-02 08:19:00,duplicate,True
RF0057095,T0057095,2026-07-12 11:00:00,customer_request,True
RF0057100,T0057100,2026-05-28 09:03:00,other,True
RF0057102,T0057102,2026-04-23 11:06:00,product_issue,True
RF0057135,T0057135,2026-07-29 03:01:00,customer_request,True
RF0057139,T0057139,2026-06-09 22:03:00,product_issue,True
RF0057144,T0057144,2026-02-03 23:21:00,product_issue,True
RF0057145,T0057145,2026-03-07 10:30:00,customer_request,True
RF0057146,T0057146,2026-05-27 13:08:00,other,True
RF0057158,T0057158,2026-04-02 06:59:00,customer_request,True
RF0057159,T0057159,2026-07-13 02:27:00,duplicate,True
RF0057195,T0057195,2026-07-23 14:52:00,product_issue,True
RF0057211,T0057211,2026-05-10 21:31:00,other,True
RF0057215,T0057215,2026-07-09 01:41:00,customer_request,True
RF0057235,T0057235,2026-07-14 21:31:00,other,True
RF0057241,T0057241,2026-04-14 19:42:00,other,True
RF0057243,T0057243,2026-05-16 16:35:00,duplicate,True
RF0057262,T0057262,2026-03-17 07:41:00,customer_request,True
RF0057267,T0057267,2026-05-27 23:09:00,other,True
RF0057270,T0057270,2026-03-16 07:22:00,duplicate,True
RF0057275,T0057275,2026-03-28 14:26:00,customer_request,True
RF0057310,T0057310,2026-03-28 14:19:00,customer_request,True
RF0057331,T0057331,2026-01-14 13:32:00,other,True
RF0057346,T0057346,2026-05-16 06:44:00,customer_request,True
RF0057351,T0057351,2026-01-04 12:13:00,other,True
RF0057352,T0057352,2026-03-17 18:28:00,product_issue,True
RF0057388,T0057388,2026-06-28 11:03:00,duplicate,True
RF0057395,T0057395,2026-06-26 15:08:00,other,True
RF0057400,T0057400,2026-07-12 17:27:00,other,True
RF0057403,T0057403,2026-04-08 13:54:00,other,True
RF0057413,T0057413,2026-01-24 21:01:00,duplicate,True
RF0057416,T0057416,2026-02-12 19:43:00,product_issue,True
RF0057425,T0057425,2026-02-10 06:34:00,product_issue,True
RF0057447,T0057447,2026-03-09 22:02:00,duplicate,True
RF0057453,T0057453,2026-06-18 18:20:00,other,True
RF0057462,T0057462,2026-06-06 02:23:00,duplicate,True
RF0057464,T0057464,2026-05-21 18:20:00,customer_request,True
RF0057482,T0057482,2026-07-22 20:07:00,other,True
RF0057484,T0057484,2026-02-11 01:28:00,customer_request,True
RF0057494,T0057494,2026-05-22 04:46:00,other,True
RF0057502,T0057502,2026-01-21 06:42:00,other,True
RF0057504,T0057504,2026-05-25 19:52:00,duplicate,True
RF0057506,T0057506,2026-06-28 06:45:00,product_issue,True
RF0057508,T0057508,2026-05-24 04:54:00,duplicate,True
RF0057519,T0057519,2026-04-21 02:52:00,customer_request,True
RF0057528,T0057528,2026-02-05 08:26:00,duplicate,True
RF0057533,T0057533,2026-06-21 09:06:00,customer_request,True
RF0057538,T0057538,2026-06-15 18:01:00,other,True
RF0057556,T0057556,2026-03-09 22:06:00,duplicate,True
RF0057561,T0057561,2026-03-21 21:22:00,customer_request,True
RF0057567,T0057567,2026-04-12 18:02:00,other,True
RF0057580,T0057580,2026-03-15 12:14:00,product_issue,True
RF0057582,T0057582,2026-06-18 13:36:00,product_issue,True
RF0057584,T0057584,2026-04-27 18:39:00,product_issue,True
RF0057592,T0057592,2026-07-28 14:38:00,duplicate,True
RF0057617,T0057617,2026-07-30 19:39:00,product_issue,True
RF0057625,T0057625,2026-03-20 06:17:00,duplicate,True
RF0057640,T0057640,2026-01-24 14:47:00,duplicate,True
RF0057651,T0057651,2026-01-20 16:11:00,customer_request,True
RF0057655,T0057655,2026-02-21 18:58:00,customer_request,True
RF0057671,T0057671,2026-06-26 02:47:00,product_issue,True
RF0057679,T0057679,2026-07-09 23:57:00,customer_request,True
RF0057689,T0057689,2026-02-06 23:44:00,customer_request,True
RF0057692,T0057692,2026-04-05 19:43:00,duplicate,True
RF0057699,T0057699,2026-06-25 20:55:00,duplicate,True
RF0057710,T0057710,2026-05-01 03:19:00,duplicate,True
RF0057711,T0057711,2026-04-07 17:14:00,product_issue,True
RF0057722,T0057722,2026-05-28 14:50:00,product_issue,True
RF0057732,T0057732,2026-05-03 23:37:00,other,True
RF0057750,T0057750,2026-06-01 20:40:00,customer_request,True
RF0057762,T0057762,2026-03-03 12:14:00,duplicate,True
RF0057765,T0057765,2026-02-05 13:57:00,product_issue,True
RF0057769,T0057769,2026-05-13 05:01:00,duplicate,True
RF0057772,T0057772,2026-07-12 07:07:00,customer_request,True
RF0057782,T0057782,2026-05-02 14:05:00,product_issue,True
RF0057800,T0057800,2026-02-14 11:04:00,duplicate,True
RF0057803,T0057803,2026-07-04 08:15:00,product_issue,True
RF0057806,T0057806,2026-01-19 16:40:00,customer_request,True
RF0057814,T0057814,2026-04-02 06:23:00,other,True
RF0057838,T0057838,2026-02-13 05:34:00,product_issue,True
RF0057865,T0057865,2026-07-23 21:54:00,product_issue,True
RF0057868,T0057868,2026-01-31 23:29:00,other,True
RF0057885,T0057885,2026-04-12 12:42:00,other,True
RF0057891,T0057891,2026-03-13 02:58:00,product_issue,True
RF0057892,T0057892,2026-07-24 19:34:00,duplicate,True
RF0057898,T0057898,2026-04-19 23:01:00,product_issue,True
RF0057912,T0057912,2026-03-05 15:53:00,product_issue,True
RF0057921,T0057921,2026-01-27 14:45:00,product_issue,True
RF0057926,T0057926,2026-07-07 11:10:00,product_issue,True
RF0057933,T0057933,2026-04-08 20:56:00,duplicate,True
RF0057968,T0057968,2026-06-29 15:25:00,product_issue,True
RF0057996,T0057996,2026-02-28 05:56:00,customer_request,True
RF0058000,T0058000,2026-02-07 22:05:00,other,True
RF0058010,T0058010,2026-01-03 13:44:00,duplicate,True
RF0058014,T0058014,2026-06-01 11:27:00,customer_request,True
RF0058019,T0058019,2026-07-14 21:37:00,product_issue,True
RF0058031,T0058031,2026-05-17 17:22:00,duplicate,True
RF0058047,T0058047,2026-05-16 17:27:00,duplicate,True
RF0058050,T0058050,2026-04-21 09:03:00,product_issue,True
RF0058052,T0058052,2026-04-04 19:57:00,customer_request,True
RF0058063,T0058063,2026-06-06 14:03:00,duplicate,True
RF0058070,T0058070,2026-02-14 14:54:00,product_issue,True
RF0058073,T0058073,2026-05-24 05:57:00,product_issue,True
RF0058085,T0058085,2026-01-05 15:05:00,duplicate,True
RF0058088,T0058088,2026-06-11 19:33:00,duplicate,True
RF0058096,T0058096,2026-04-20 20:23:00,product_issue,True
RF0058111,T0058111,2026-03-27 10:31:00,customer_request,True
RF0058112,T0058112,2026-04-04 01:42:00,duplicate,True
RF0058123,T0058123,2026-07-07 22:42:00,other,True
RF0058131,T0058131,2026-04-03 23:43:00,customer_request,True
RF0058132,T0058132,2026-04-10 22:47:00,customer_request,True
RF0058142,T0058142,2026-04-04 10:56:00,duplicate,True
RF0058145,T0058145,2026-01-06 13:12:00,other,True
RF0058152,T0058152,2026-01-31 13:38:00,duplicate,True
RF0058155,T0058155,2026-07-27 14:47:00,other,True
RF0058170,T0058170,2026-04-12 05:53:00,duplicate,True
RF0058178,T0058178,2026-01-07 07:57:00,duplicate,True
RF0058179,T0058179,2026-06-29 01:10:00,product_issue,True
RF0058182,T0058182,2026-04-23 08:14:00,customer_request,True
RF0058184,T0058184,2026-01-09 18:23:00,other,True
RF0058187,T0058187,2026-05-11 13:04:00,customer_request,True
RF0058191,T0058191,2026-01-23 10:57:00,duplicate,True
RF0058199,T0058199,2026-04-12 06:19:00,duplicate,True
RF0058214,T0058214,2026-05-19 03:18:00,duplicate,True
RF0058226,T0058226,2026-01-16 19:28:00,other,True
RF0058229,T0058229,2026-04-17 21:18:00,product_issue,True
RF0058235,T0058235,2026-02-27 00:13:00,customer_request,True
RF0058242,T0058242,2026-03-04 21:02:00,customer_request,True
RF0058243,T0058243,2026-05-05 11:14:00,customer_request,True
RF0058248,T0058248,2026-07-08 20:32:00,customer_request,True
RF0058259,T0058259,2026-02-19 04:01:00,duplicate,True
RF0058265,T0058265,2026-06-02 14:29:00,customer_request,True
RF0058277,T0058277,2026-02-17 01:30:00,product_issue,True
RF0058293,T0058293,2026-05-08 13:48:00,duplicate,True
RF0058302,T0058302,2026-02-02 00:22:00,duplicate,True
RF0058319,T0058319,2026-06-11 00:29:00,product_issue,True
RF0058320,T0058320,2026-02-08 17:19:00,product_issue,True
RF0058322,T0058322,2026-05-01 22:32:00,product_issue,True
RF0058323,T0058323,2026-05-14 19:00:00,other,True
RF0058326,T0058326,2026-06-04 09:01:00,other,True
RF0058335,T0058335,2026-06-01 22:27:00,duplicate,True
RF0058341,T0058341,2026-02-17 06:06:00,customer_request,True
RF0058353,T0058353,2026-04-30 06:59:00,product_issue,True
RF0058354,T0058354,2026-05-30 12:50:00,other,True
RF0058356,T0058356,2026-07-08 10:23:00,other,True
RF0058364,T0058364,2026-03-19 09:45:00,other,True
RF0058366,T0058366,2026-01-30 02:10:00,duplicate,True
RF0058382,T0058382,2026-03-11 04:23:00,customer_request,True
RF0058395,T0058395,2026-05-11 07:08:00,duplicate,True
RF0058417,T0058417,2026-02-16 06:35:00,other,True
RF0058420,T0058420,2026-05-26 12:04:00,product_issue,True
RF0058424,T0058424,2026-02-17 15:41:00,customer_request,True
RF0058441,T0058441,2026-06-03 09:06:00,product_issue,True
RF0058464,T0058464,2026-05-10 21:28:00,duplicate,True
RF0058481,T0058481,2026-07-26 09:28:00,duplicate,True
RF0058509,T0058509,2026-07-27 17:35:00,product_issue,True
RF0058529,T0058529,2026-02-22 20:32:00,product_issue,True
RF0058543,T0058543,2026-06-22 01:02:00,duplicate,True
RF0058572,T0058572,2026-05-16 04:33:00,customer_request,True
RF0058582,T0058582,2026-02-11 02:18:00,customer_request,True
RF0058596,T0058596,2026-06-13 12:12:00,product_issue,True
RF0058617,T0058617,2026-02-08 22:27:00,product_issue,True
RF0058620,T0058620,2026-05-06 10:33:00,other,True
RF0058621,T0058621,2026-06-14 02:39:00,duplicate,True
RF0058625,T0058625,2026-01-12 19:33:00,customer_request,True
RF0058627,T0058627,2026-07-17 17:40:00,product_issue,True
RF0058633,T0058633,2026-03-16 12:10:00,other,True
RF0058634,T0058634,2026-01-24 00:17:00,other,True
RF0058641,T0058641,2026-04-13 20:25:00,customer_request,True
RF0058651,T0058651,2026-02-14 08:09:00,duplicate,True
RF0058655,T0058655,2026-06-27 02:04:00,customer_request,True
RF0058669,T0058669,2026-01-15 23:46:00,customer_request,True
RF0058685,T0058685,2026-03-18 04:47:00,duplicate,True
RF0058701,T0058701,2026-05-25 05:06:00,other,True
RF0058702,T0058702,2026-06-29 10:17:00,duplicate,True
RF0058704,T0058704,2026-03-10 21:05:00,duplicate,True
RF0058723,T0058723,2026-04-10 21:40:00,customer_request,True
RF0058729,T0058729,2026-03-29 16:35:00,customer_request,True
RF0058730,T0058730,2026-03-15 22:37:00,other,True
RF0058731,T0058731,2026-04-20 11:53:00,duplicate,True
RF0058737,T0058737,2026-07-26 19:20:00,product_issue,True
RF0058740,T0058740,2026-04-06 08:05:00,product_issue,True
RF0058767,T0058767,2026-02-01 13:03:00,duplicate,True
RF0058789,T0058789,2026-04-23 20:18:00,other,True
RF0058792,T0058792,2026-01-12 06:51:00,customer_request,True
RF0058805,T0058805,2026-06-03 01:57:00,product_issue,True
RF0058810,T0058810,2026-05-21 06:20:00,product_issue,True
RF0058849,T0058849,2026-03-29 04:58:00,customer_request,True
RF0058857,T0058857,2026-03-08 13:14:00,customer_request,True
RF0058860,T0058860,2026-02-20 11:03:00,product_issue,True
RF0058871,T0058871,2026-02-23 23:08:00,product_issue,True
RF0058886,T0058886,2026-01-10 19:07:00,duplicate,True
RF0058889,T0058889,2026-03-17 11:37:00,product_issue,True
RF0058898,T0058898,2026-06-03 12:21:00,duplicate,True
RF0058900,T0058900,2026-02-17 02:10:00,duplicate,True
RF0058909,T0058909,2026-02-07 18:00:00,duplicate,True
RF0058924,T0058924,2026-05-02 13:40:00,customer_request,True
RF0058930,T0058930,2026-04-17 00:07:00,duplicate,True
RF0058932,T0058932,2026-05-23 19:14:00,product_issue,True
RF0058933,T0058933,2026-07-23 03:58:00,product_issue,True
RF0058935,T0058935,2026-01-06 17:33:00,other,True
RF0058945,T0058945,2026-07-03 01:38:00,customer_request,True
RF0058947,T0058947,2026-01-24 00:18:00,customer_request,True
RF0058960,T0058960,2026-03-27 17:43:00,product_issue,True
RF0058970,T0058970,2026-03-28 14:03:00,product_issue,True
RF0058989,T0058989,2026-02-24 07:03:00,customer_request,True
RF0058992,T0058992,2026-07-16 22:40:00,product_issue,True
RF0059005,T0059005,2026-01-19 11:08:00,duplicate,True
RF0059031,T0059031,2026-01-17 18:18:00,duplicate,True
RF0059034,T0059034,2026-07-25 22:10:00,duplicate,True
RF0059043,T0059043,2026-07-24 02:30:00,other,True
RF0059063,T0059063,2026-07-19 23:50:00,duplicate,True
RF0059067,T0059067,2026-05-14 19:07:00,customer_request,True
RF0059074,T0059074,2026-02-22 10:38:00,other,True
RF0059078,T0059078,2026-01-19 17:09:00,product_issue,True
RF0059086,T0059086,2026-01-25 08:28:00,product_issue,True
RF0059087,T0059087,2026-04-15 20:04:00,duplicate,True
RF0059100,T0059100,2026-04-20 07:27:00,product_issue,True
RF0059125,T0059125,2026-04-23 08:05:00,product_issue,True
RF0059128,T0059128,2026-03-31 23:10:00,customer_request,True
RF0059134,T0059134,2026-03-25 12:24:00,customer_request,True
RF0059155,T0059155,2026-05-13 14:02:00,product_issue,True
RF0059163,T0059163,2026-03-07 10:53:00,product_issue,True
RF0059176,T0059176,2026-06-21 17:35:00,other,True
RF0059190,T0059190,2026-01-27 19:58:00,duplicate,True
RF0059193,T0059193,2026-02-15 03:20:00,other,True
RF0059194,T0059194,2026-06-08 20:44:00,duplicate,True
RF0059195,T0059195,2026-02-23 03:59:00,duplicate,True
RF0059206,T0059206,2026-07-23 01:12:00,customer_request,True
RF0059207,T0059207,2026-02-15 21:31:00,product_issue,True
RF0059212,T0059212,2026-06-16 01:40:00,customer_request,True
RF0059214,T0059214,2026-06-19 23:43:00,product_issue,True
RF0059225,T0059225,2026-04-18 18:48:00,duplicate,True
RF0059227,T0059227,2026-07-17 23:15:00,duplicate,True
RF0059228,T0059228,2026-01-18 11:25:00,other,True
RF0059246,T0059246,2026-01-22 01:57:00,customer_request,True
RF0059269,T0059269,2026-01-10 14:51:00,duplicate,True
RF0059270,T0059270,2026-03-05 02:03:00,product_issue,True
RF0059281,T0059281,2026-03-27 13:59:00,other,True
RF0059288,T0059288,2026-01-10 04:26:00,product_issue,True
RF0059289,T0059289,2026-03-05 09:45:00,other,True
RF0059343,T0059343,2026-02-22 01:02:00,duplicate,True
RF0059350,T0059350,2026-05-20 20:49:00,other,True
RF0059363,T0059363,2026-03-30 11:20:00,customer_request,True
RF0059366,T0059366,2026-05-30 02:41:00,product_issue,True
RF0059387,T0059387,2026-05-04 07:17:00,other,True
RF0059396,T0059396,2026-04-05 21:50:00,product_issue,True
RF0059400,T0059400,2026-07-23 11:32:00,duplicate,True
RF0059403,T0059403,2026-02-19 14:49:00,product_issue,True
RF0059405,T0059405,2026-05-27 02:45:00,product_issue,True
RF0059411,T0059411,2026-01-22 13:35:00,duplicate,True
RF0059421,T0059421,2026-02-24 20:28:00,product_issue,True
RF0059427,T0059427,2026-02-12 15:59:00,customer_request,True
RF0059449,T0059449,2026-05-12 02:23:00,other,True
RF0059452,T0059452,2026-01-24 11:04:00,duplicate,True
RF0059453,T0059453,2026-06-23 15:30:00,product_issue,True
RF0059463,T0059463,2026-01-24 12:18:00,customer_request,True
RF0059511,T0059511,2026-06-25 06:37:00,other,True
RF0059524,T0059524,2026-02-12 20:16:00,other,True
RF0059525,T0059525,2026-06-26 17:24:00,duplicate,True
RF0059543,T0059543,2026-04-05 15:30:00,product_issue,True
RF0059552,T0059552,2026-05-06 20:57:00,product_issue,True
RF0059563,T0059563,2026-03-23 14:14:00,customer_request,True
RF0059566,T0059566,2026-02-12 15:38:00,customer_request,True
RF0059570,T0059570,2026-02-18 16:32:00,other,True
RF0059580,T0059580,2026-05-15 03:40:00,duplicate,True
RF0059591,T0059591,2026-01-04 17:55:00,other,True
RF0059637,T0059637,2026-01-02 04:18:00,product_issue,True
RF0059663,T0059663,2026-03-12 17:25:00,customer_request,True
RF0059689,T0059689,2026-03-28 08:38:00,customer_request,True
RF0059708,T0059708,2026-03-11 17:41:00,other,True
RF0059709,T0059709,2026-02-07 14:35:00,duplicate,True
RF0059718,T0059718,2026-01-04 06:34:00,product_issue,True
RF0059727,T0059727,2026-04-12 00:23:00,product_issue,True
RF0059739,T0059739,2026-03-07 14:34:00,product_issue,True
RF0059744,T0059744,2026-03-13 10:59:00,product_issue,True
RF0059756,T0059756,2026-06-01 08:02:00,customer_request,True
RF0059761,T0059761,2026-07-09 10:47:00,product_issue,True
RF0059767,T0059767,2026-02-09 15:19:00,duplicate,True
RF0059781,T0059781,2026-03-22 07:17:00,duplicate,True
RF0059786,T0059786,2026-06-29 11:39:00,other,True
RF0059787,T0059787,2026-03-04 09:39:00,customer_request,True
RF0059789,T0059789,2026-03-24 02:13:00,other,True
RF0059801,T0059801,2026-04-20 12:54:00,duplicate,True
RF0059814,T0059814,2026-02-19 00:37:00,other,True
RF0059825,T0059825,2026-02-13 01:36:00,customer_request,True
RF0059836,T0059836,2026-07-09 18:02:00,other,True
RF0059840,T0059840,2026-02-03 18:13:00,duplicate,True
RF0059878,T0059878,2026-03-29 04:15:00,duplicate,True
RF0059879,T0059879,2026-02-06 20:57:00,customer_request,True
RF0059882,T0059882,2026-04-23 08:30:00,duplicate,True
RF0059894,T0059894,2026-04-01 01:35:00,duplicate,True
RF0059902,T0059902,2026-02-22 07:56:00,customer_request,True
RF0059918,T0059918,2026-04-05 07:43:00,other,True
RF0059923,T0059923,2026-01-31 08:09:00,duplicate,True
RF0059936,T0059936,2026-06-19 07:57:00,other,True
RF0059959,T0059959,2026-03-23 05:43:00,other,True
RF0059970,T0059970,2026-05-29 06:12:00,duplicate,True
RF0059978,T0059978,2026-04-30 22:12:00,product_issue,True
RF0059981,T0059981,2026-05-20 13:25:00,product_issue,True
RF0059995,T0059995,2026-03-26 16:59:00,product_issue,True
RF0060006,T0060006,2026-01-19 13:35:00,duplicate,True
RF0060007,T0060007,2026-04-25 04:47:00,other,True
RF0060023,T0060023,2026-04-14 16:55:00,customer_request,True
RF0060027,T0060027,2026-03-09 17:41:00,product_issue,True
RF0060050,T0060050,2026-07-03 14:29:00,duplicate,True
RF0060064,T0060064,2026-01-31 02:24:00,duplicate,True
RF0060069,T0060069,2026-01-25 08:20:00,other,True
RF0060111,T0060111,2026-02-21 17:12:00,other,True
RF0060119,T0060119,2026-04-28 02:03:00,duplicate,True
RF0060131,T0060131,2026-01-19 13:05:00,product_issue,True
RF0060161,T0060161,2026-03-28 00:14:00,customer_request,True
RF0060164,T0060164,2026-05-26 02:52:00,customer_request,True
RF0060170,T0060170,2026-05-10 02:32:00,customer_request,True
RF0060171,T0060171,2026-04-27 18:02:00,duplicate,True
RF0060174,T0060174,2026-02-06 11:15:00,customer_request,True
RF0060180,T0060180,2026-02-26 22:07:00,duplicate,True
RF0060188,T0060188,2026-05-16 17:07:00,customer_request,True
RF0060216,T0060216,2026-02-06 15:19:00,customer_request,True
RF0060218,T0060218,2026-04-10 05:42:00,customer_request,True
RF0060248,T0060248,2026-04-25 05:26:00,customer_request,True
RF0060279,T0060279,2026-05-22 18:05:00,customer_request,True
RF0060286,T0060286,2026-02-09 17:30:00,product_issue,True
RF0060319,T0060319,2026-01-07 13:34:00,customer_request,True
RF0060320,T0060320,2026-06-16 17:53:00,duplicate,True
RF0060327,T0060327,2026-04-28 16:21:00,product_issue,True
RF0060332,T0060332,2026-02-28 06:42:00,product_issue,True
RF0060337,T0060337,2026-06-30 19:22:00,other,True
RF0060365,T0060365,2026-02-12 23:31:00,product_issue,True
RF0060371,T0060371,2026-01-30 18:18:00,duplicate,True
RF0060380,T0060380,2026-07-14 01:14:00,customer_request,True
RF0060389,T0060389,2026-05-27 00:30:00,other,True
RF0060390,T0060390,2026-03-19 21:12:00,duplicate,True
RF0060397,T0060397,2026-06-07 05:37:00,duplicate,True
RF0060410,T0060410,2026-03-09 06:50:00,product_issue,True
RF0060420,T0060420,2026-04-04 18:39:00,product_issue,True
RF0060451,T0060451,2026-02-05 23:35:00,customer_request,True
RF0060459,T0060459,2026-01-24 21:39:00,customer_request,True
RF0060463,T0060463,2026-03-06 13:41:00,customer_request,True
RF0060489,T0060489,2026-04-21 03:18:00,other,True
RF0060493,T0060493,2026-05-10 21:09:00,duplicate,True
RF0060501,T0060501,2026-06-27 12:33:00,duplicate,True
RF0060520,T0060520,2026-03-18 10:13:00,duplicate,True
RF0060531,T0060531,2026-03-10 17:21:00,duplicate,True
RF0060536,T0060536,2026-01-02 21:32:00,customer_request,True
RF0060568,T0060568,2026-05-10 00:44:00,customer_request,True
RF0060569,T0060569,2026-07-27 21:43:00,other,True
RF0060573,T0060573,2026-01-10 17:58:00,customer_request,True
RF0060583,T0060583,2026-06-15 06:41:00,product_issue,True
RF0060591,T0060591,2026-05-29 16:53:00,product_issue,True
RF0060603,T0060603,2026-03-08 20:01:00,other,True
RF0060605,T0060605,2026-01-06 03:59:00,product_issue,True
RF0060608,T0060608,2026-01-12 14:39:00,duplicate,True
RF0060651,T0060651,2026-03-23 17:09:00,other,True
RF0060659,T0060659,2026-07-14 17:53:00,customer_request,True
RF0060680,T0060680,2026-04-25 14:22:00,product_issue,True
RF0060691,T0060691,2026-06-05 02:24:00,product_issue,True
RF0060702,T0060702,2026-03-30 04:25:00,customer_request,True
RF0060707,T0060707,2026-07-30 19:05:00,duplicate,True
RF0060715,T0060715,2026-05-21 05:15:00,other,True
RF0060719,T0060719,2026-02-19 03:28:00,customer_request,True
RF0060740,T0060740,2026-06-05 16:55:00,product_issue,True
RF0060747,T0060747,2026-07-30 04:31:00,product_issue,True
RF0060766,T0060766,2026-05-08 12:35:00,product_issue,True
RF0060773,T0060773,2026-02-05 12:15:00,duplicate,True
RF0060785,T0060785,2026-03-24 07:02:00,product_issue,True
RF0060794,T0060794,2026-05-19 15:56:00,duplicate,True
RF0060804,T0060804,2026-07-14 15:15:00,product_issue,True
RF0060814,T0060814,2026-07-13 23:11:00,duplicate,True
RF0060817,T0060817,2026-01-14 09:01:00,product_issue,True
RF0060878,T0060878,2026-06-14 11:46:00,product_issue,True
RF0060904,T0060904,2026-01-30 22:59:00,product_issue,True
RF0060913,T0060913,2026-05-24 08:20:00,other,True
RF0060915,T0060915,2026-07-25 14:00:00,product_issue,True
RF0060922,T0060922,2026-02-09 22:51:00,other,True
RF0060924,T0060924,2026-01-22 19:26:00,product_issue,True
RF0060928,T0060928,2026-01-22 09:39:00,other,True
RF0060947,T0060947,2026-05-03 16:32:00,customer_request,True
RF0060954,T0060954,2026-05-08 02:23:00,customer_request,True
RF0060969,T0060969,2026-06-03 20:45:00,product_issue,True
RF0060984,T0060984,2026-02-09 03:02:00,customer_request,True
RF0061024,T0061024,2026-06-01 04:07:00,other,True
RF0061027,T0061027,2026-03-06 09:19:00,customer_request,True
RF0061040,T0061040,2026-06-07 03:49:00,duplicate,True
RF0061044,T0061044,2026-01-26 06:51:00,customer_request,True
RF0061056,T0061056,2026-01-07 01:29:00,customer_request,True
RF0061064,T0061064,2026-04-14 20:01:00,customer_request,True
RF0061073,T0061073,2026-02-02 11:53:00,duplicate,True
RF0061079,T0061079,2026-07-30 07:08:00,other,True
RF0061086,T0061086,2026-05-21 22:02:00,other,True
RF0061087,T0061087,2026-07-21 18:20:00,product_issue,True
RF0061097,T0061097,2026-04-12 02:03:00,customer_request,True
RF0061110,T0061110,2026-06-27 00:39:00,product_issue,True
RF0061115,T0061115,2026-05-04 03:03:00,duplicate,True
RF0061134,T0061134,2026-01-28 16:18:00,other,True
RF0061162,T0061162,2026-04-29 11:43:00,other,True
RF0061175,T0061175,2026-06-29 07:58:00,other,True
RF0061177,T0061177,2026-07-05 13:23:00,duplicate,True
RF0061191,T0061191,2026-07-18 17:59:00,product_issue,True
RF0061202,T0061202,2026-06-07 11:48:00,customer_request,True
RF0061223,T0061223,2026-01-15 06:07:00,customer_request,True
RF0061226,T0061226,2026-02-04 08:31:00,customer_request,True
RF0061227,T0061227,2026-02-11 04:54:00,duplicate,True
RF0061229,T0061229,2026-03-11 03:11:00,product_issue,True
RF0061232,T0061232,2026-03-04 00:16:00,other,True
RF0061239,T0061239,2026-05-27 19:09:00,other,True
RF0061262,T0061262,2026-05-08 14:50:00,customer_request,True
RF0061276,T0061276,2026-06-08 23:04:00,product_issue,True
RF0061280,T0061280,2026-04-18 11:12:00,other,True
RF0061293,T0061293,2026-05-17 19:41:00,customer_request,True
RF0061295,T0061295,2026-07-13 23:46:00,product_issue,True
RF0061296,T0061296,2026-05-22 05:32:00,product_issue,True
RF0061302,T0061302,2026-05-18 20:27:00,product_issue,True
RF0061303,T0061303,2026-07-03 12:50:00,other,True
RF0061305,T0061305,2026-04-27 23:16:00,other,True
RF0061306,T0061306,2026-03-31 17:23:00,product_issue,True
RF0061316,T0061316,2026-04-01 09:16:00,duplicate,True
RF0061327,T0061327,2026-05-16 18:38:00,duplicate,True
RF0061334,T0061334,2026-06-29 02:59:00,customer_request,True
RF0061338,T0061338,2026-04-06 12:13:00,product_issue,True
RF0061340,T0061340,2026-06-12 05:19:00,customer_request,True
RF0061354,T0061354,2026-05-20 03:54:00,other,True
RF0061363,T0061363,2026-07-15 14:09:00,other,True
RF0061370,T0061370,2026-07-10 07:12:00,other,True
RF0061372,T0061372,2026-07-30 02:25:00,duplicate,True
RF0061389,T0061389,2026-02-15 11:45:00,other,True
RF0061393,T0061393,2026-07-11 05:41:00,duplicate,True
RF0061401,T0061401,2026-02-14 18:56:00,duplicate,True
RF0061409,T0061409,2026-02-27 05:39:00,other,True
RF0061422,T0061422,2026-07-05 02:31:00,product_issue,True
RF0061446,T0061446,2026-02-23 10:02:00,duplicate,True
RF0061459,T0061459,2026-02-11 02:02:00,customer_request,True
RF0061460,T0061460,2026-04-09 13:34:00,other,True
RF0061466,T0061466,2026-03-28 02:22:00,other,True
RF0061493,T0061493,2026-06-29 04:36:00,other,True
RF0061499,T0061499,2026-03-19 19:36:00,duplicate,True
RF0061516,T0061516,2026-06-09 07:15:00,product_issue,True
RF0061527,T0061527,2026-02-02 12:58:00,product_issue,True
RF0061544,T0061544,2026-04-02 18:06:00,duplicate,True
RF0061561,T0061561,2026-01-21 17:40:00,product_issue,True
RF0061562,T0061562,2026-06-22 04:16:00,duplicate,True
RF0061565,T0061565,2026-04-01 07:01:00,other,True
RF0061570,T0061570,2026-05-22 23:58:00,duplicate,True
RF0061616,T0061616,2026-01-21 12:49:00,product_issue,True
RF0061621,T0061621,2026-01-23 20:24:00,other,True
RF0061627,T0061627,2026-03-15 20:20:00,customer_request,True
RF0061630,T0061630,2026-05-01 02:01:00,product_issue,True
RF0061634,T0061634,2026-01-19 05:47:00,duplicate,True
RF0061647,T0061647,2026-01-11 15:49:00,product_issue,True
RF0061668,T0061668,2026-04-20 16:43:00,other,True
RF0061677,T0061677,2026-06-12 04:27:00,product_issue,True
RF0061686,T0061686,2026-03-04 19:30:00,duplicate,True
RF0061690,T0061690,2026-02-15 05:16:00,duplicate,True
RF0061691,T0061691,2026-04-12 10:29:00,duplicate,True
RF0061702,T0061702,2026-05-20 18:14:00,other,True
RF0061707,T0061707,2026-01-14 22:58:00,other,True
RF0061719,T0061719,2026-04-05 21:27:00,product_issue,True
RF0061725,T0061725,2026-02-11 16:06:00,product_issue,True
RF0061762,T0061762,2026-03-24 01:12:00,duplicate,True
RF0061771,T0061771,2026-05-25 17:53:00,duplicate,True
RF0061775,T0061775,2026-02-05 01:22:00,duplicate,True
RF0061789,T0061789,2026-05-21 00:06:00,duplicate,True
RF0061794,T0061794,2026-06-16 05:33:00,product_issue,True
RF0061803,T0061803,2026-04-30 11:11:00,other,True
RF0061811,T0061811,2026-04-23 13:19:00,duplicate,True
RF0061826,T0061826,2026-02-10 20:26:00,duplicate,True
RF0061833,T0061833,2026-01-27 20:05:00,product_issue,True
RF0061838,T0061838,2026-06-11 06:26:00,customer_request,True
RF0061853,T0061853,2026-04-01 13:54:00,other,True
RF0061861,T0061861,2026-01-26 10:44:00,other,True
RF0061862,T0061862,2026-01-01 16:49:00,other,True
RF0061864,T0061864,2026-05-12 13:07:00,product_issue,True
RF0061891,T0061891,2026-02-21 18:30:00,other,True
RF0061892,T0061892,2026-06-23 08:39:00,product_issue,True
RF0061896,T0061896,2026-04-01 23:00:00,product_issue,True
RF0061901,T0061901,2026-04-02 19:14:00,duplicate,True
RF0061908,T0061908,2026-06-10 00:23:00,product_issue,True
RF0061909,T0061909,2026-01-13 17:46:00,customer_request,True
RF0061911,T0061911,2026-03-11 19:32:00,other,True
RF0061923,T0061923,2026-07-05 09:56:00,product_issue,True
RF0061939,T0061939,2026-07-02 12:30:00,product_issue,True
RF0061958,T0061958,2026-01-06 21:53:00,other,True
RF0061962,T0061962,2026-04-21 06:37:00,other,True
RF0061978,T0061978,2026-07-09 06:06:00,customer_request,True
RF0061986,T0061986,2026-07-23 12:14:00,duplicate,True
RF0062004,T0062004,2026-04-07 19:50:00,other,True
RF0062016,T0062016,2026-07-06 00:11:00,customer_request,True
RF0062031,T0062031,2026-06-27 13:25:00,duplicate,True
RF0062039,T0062039,2026-07-06 03:25:00,product_issue,True
RF0062041,T0062041,2026-01-23 09:49:00,other,True
RF0062044,T0062044,2026-01-04 07:42:00,customer_request,True
RF0062056,T0062056,2026-03-15 07:08:00,other,True
RF0062058,T0062058,2026-05-08 17:55:00,customer_request,True
RF0062062,T0062062,2026-07-04 23:12:00,duplicate,True
RF0062072,T0062072,2026-04-26 11:05:00,duplicate,True
RF0062076,T0062076,2026-03-15 07:00:00,other,True
RF0062084,T0062084,2026-01-05 10:15:00,duplicate,True
RF0062105,T0062105,2026-04-26 10:49:00,other,True
RF0062107,T0062107,2026-03-08 19:40:00,duplicate,True
RF0062115,T0062115,2026-03-10 04:18:00,other,True
RF0062139,T0062139,2026-03-19 08:33:00,duplicate,True
RF0062142,T0062142,2026-06-06 06:21:00,other,True
RF0062151,T0062151,2026-02-09 04:39:00,duplicate,True
RF0062155,T0062155,2026-05-11 11:38:00,duplicate,True
RF0062165,T0062165,2026-07-30 05:44:00,other,True
RF0062174,T0062174,2026-01-16 23:00:00,other,True
RF0062175,T0062175,2026-01-24 09:25:00,other,True
RF0062193,T0062193,2026-02-08 14:13:00,other,True
RF0062204,T0062204,2026-03-31 07:35:00,product_issue,True
RF0062212,T0062212,2026-06-07 02:24:00,duplicate,True
RF0062215,T0062215,2026-01-04 06:45:00,product_issue,True
RF0062223,T0062223,2026-04-16 09:57:00,duplicate,True
RF0062224,T0062224,2026-03-28 14:45:00,other,True
RF0062265,T0062265,2026-01-17 06:21:00,duplicate,True
RF0062288,T0062288,2026-06-20 23:32:00,other,True
RF0062292,T0062292,2026-03-07 14:11:00,other,True
RF0062297,T0062297,2026-07-13 14:39:00,duplicate,True
RF0062314,T0062314,2026-02-16 21:38:00,duplicate,True
RF0062367,T0062367,2026-07-07 02:58:00,product_issue,True
RF0062368,T0062368,2026-07-16 04:58:00,customer_request,True
RF0062382,T0062382,2026-04-15 19:19:00,duplicate,True
RF0062391,T0062391,2026-03-08 04:51:00,duplicate,True
RF0062394,T0062394,2026-07-31 00:19:00,duplicate,True
RF0062395,T0062395,2026-04-14 03:55:00,other,True
RF0062405,T0062405,2026-03-14 13:26:00,other,True
RF0062409,T0062409,2026-04-26 06:11:00,customer_request,True
RF0062416,T0062416,2026-06-12 08:05:00,other,True
RF0062422,T0062422,2026-06-19 16:36:00,other,True
RF0062436,T0062436,2026-02-26 20:22:00,other,True
RF0062456,T0062456,2026-02-20 04:33:00,duplicate,True
RF0062463,T0062463,2026-05-31 20:49:00,customer_request,True
RF0062468,T0062468,2026-02-21 02:07:00,other,True
RF0062470,T0062470,2026-01-19 04:29:00,duplicate,True
RF0062477,T0062477,2026-03-11 21:50:00,other,True
RF0062478,T0062478,2026-07-23 17:58:00,duplicate,True
RF0062479,T0062479,2026-04-15 11:03:00,other,True
RF0062480,T0062480,2026-02-20 14:17:00,duplicate,True
RF0062489,T0062489,2026-01-21 19:02:00,customer_request,True
RF0062517,T0062517,2026-07-04 18:46:00,customer_request,True
RF0062544,T0062544,2026-03-01 20:03:00,other,True
RF0062547,T0062547,2026-02-16 08:51:00,duplicate,True
RF0062549,T0062549,2026-06-18 14:29:00,other,True
RF0062558,T0062558,2026-03-16 07:31:00,product_issue,True
RF0062560,T0062560,2026-01-26 06:29:00,product_issue,True
RF0062581,T0062581,2026-02-20 10:10:00,product_issue,True
RF0062585,T0062585,2026-04-15 14:29:00,product_issue,True
RF0062586,T0062586,2026-04-16 01:42:00,customer_request,True
RF0062588,T0062588,2026-02-01 10:41:00,duplicate,True
RF0062597,T0062597,2026-07-09 22:02:00,other,True
RF0062602,T0062602,2026-05-28 20:00:00,customer_request,True
RF0062607,T0062607,2026-02-03 19:23:00,customer_request,True
RF0062608,T0062608,2026-03-31 15:43:00,other,True
RF0062610,T0062610,2026-02-10 22:13:00,product_issue,True
RF0062616,T0062616,2026-04-20 21:19:00,product_issue,True
RF0062623,T0062623,2026-05-07 11:51:00,customer_request,True
RF0062629,T0062629,2026-01-21 06:34:00,duplicate,True
RF0062635,T0062635,2026-02-12 16:57:00,product_issue,True
RF0062644,T0062644,2026-07-04 00:17:00,product_issue,True
RF0062674,T0062674,2026-01-20 05:49:00,duplicate,True
RF0062678,T0062678,2026-02-24 09:46:00,customer_request,True
RF0062694,T0062694,2026-04-13 11:03:00,customer_request,True
RF0062704,T0062704,2026-01-14 09:48:00,duplicate,True
RF0062712,T0062712,2026-06-23 12:20:00,product_issue,True
RF0062727,T0062727,2026-01-20 01:01:00,duplicate,True
RF0062728,T0062728,2026-04-13 19:48:00,duplicate,True
RF0062730,T0062730,2026-03-10 10:03:00,other,True
RF0062733,T0062733,2026-04-02 20:30:00,other,True
RF0062736,T0062736,2026-05-23 00:51:00,customer_request,True
RF0062751,T0062751,2026-05-01 07:44:00,other,True
RF0062753,T0062753,2026-04-30 16:44:00,duplicate,True
RF0062760,T0062760,2026-06-13 04:58:00,product_issue,True
RF0062765,T0062765,2026-02-13 15:08:00,other,True
RF0062769,T0062769,2026-07-15 07:57:00,product_issue,True
RF0062781,T0062781,2026-03-20 10:39:00,duplicate,True
RF0062798,T0062798,2026-07-26 07:58:00,other,True
RF0062802,T0062802,2026-05-06 09:50:00,product_issue,True
RF0062833,T0062833,2026-04-05 19:00:00,other,True
RF0062858,T0062858,2026-05-31 11:08:00,customer_request,True
RF0062863,T0062863,2026-03-27 06:45:00,duplicate,True
RF0062868,T0062868,2026-01-29 02:21:00,other,True
RF0062871,T0062871,2026-04-26 21:46:00,customer_request,True
RF0062889,T0062889,2026-07-21 06:15:00,product_issue,True
RF0062890,T0062890,2026-02-02 09:18:00,product_issue,True
RF0062891,T0062891,2026-07-21 03:39:00,duplicate,True
RF0062900,T0062900,2026-02-18 10:49:00,other,True
RF0062919,T0062919,2026-06-19 17:20:00,duplicate,True
RF0062921,T0062921,2026-03-19 12:57:00,duplicate,True
RF0062942,T0062942,2026-05-11 15:34:00,duplicate,True
RF0062947,T0062947,2026-07-09 16:21:00,duplicate,True
RF0062959,T0062959,2026-06-16 11:52:00,customer_request,True
RF0062960,T0062960,2026-02-19 20:29:00,product_issue,True
RF0062978,T0062978,2026-02-07 23:04:00,duplicate,True
RF0063024,T0063024,2026-07-17 13:20:00,customer_request,True
RF0063025,T0063025,2026-07-03 19:50:00,product_issue,True
RF0063029,T0063029,2026-04-24 10:03:00,duplicate,True
RF0063034,T0063034,2026-01-16 23:41:00,customer_request,True
RF0063038,T0063038,2026-06-02 12:51:00,customer_request,True
RF0063043,T0063043,2026-06-21 08:14:00,product_issue,True
RF0063049,T0063049,2026-03-17 15:27:00,product_issue,True
RF0063055,T0063055,2026-04-18 11:05:00,customer_request,True
RF0063065,T0063065,2026-01-03 23:39:00,product_issue,True
RF0063068,T0063068,2026-01-19 04:41:00,customer_request,True
RF0063073,T0063073,2026-07-23 10:55:00,customer_request,True
RF0063091,T0063091,2026-07-04 15:40:00,customer_request,True
RF0063094,T0063094,2026-03-06 20:50:00,product_issue,True
RF0063099,T0063099,2026-01-08 05:27:00,other,True
RF0063111,T0063111,2026-01-10 04:07:00,customer_request,True
RF0063113,T0063113,2026-03-27 11:56:00,customer_request,True
RF0063121,T0063121,2026-05-25 15:17:00,product_issue,True
RF0063131,T0063131,2026-06-27 17:03:00,duplicate,True
RF0063132,T0063132,2026-03-05 20:03:00,customer_request,True
RF0063140,T0063140,2026-04-22 09:34:00,customer_request,True
RF0063153,T0063153,2026-03-18 00:46:00,duplicate,True
RF0063162,T0063162,2026-08-02 07:03:00,customer_request,True
RF0063171,T0063171,2026-07-04 22:22:00,product_issue,True
RF0063172,T0063172,2026-02-22 09:50:00,product_issue,True
RF0063174,T0063174,2026-05-22 02:32:00,duplicate,True
RF0063187,T0063187,2026-01-19 21:51:00,duplicate,True
RF0063201,T0063201,2026-07-01 09:49:00,customer_request,True
RF0063209,T0063209,2026-06-09 08:58:00,duplicate,True
RF0063211,T0063211,2026-07-17 04:09:00,duplicate,True
RF0063217,T0063217,2026-03-25 19:41:00,customer_request,True
RF0063222,T0063222,2026-04-10 11:14:00,duplicate,True
RF0063223,T0063223,2026-06-19 19:30:00,duplicate,True
RF0063251,T0063251,2026-04-03 23:49:00,other,True
RF0063260,T0063260,2026-05-11 19:28:00,product_issue,True
RF0063261,T0063261,2026-06-09 04:19:00,customer_request,True
RF0063286,T0063286,2026-06-28 05:00:00,customer_request,True
RF0063288,T0063288,2026-06-14 09:16:00,other,True
RF0063300,T0063300,2026-02-07 06:12:00,other,True
RF0063302,T0063302,2026-01-30 20:11:00,duplicate,True
RF0063307,T0063307,2026-07-09 23:48:00,other,True
RF0063310,T0063310,2026-03-27 23:19:00,duplicate,True
RF0063314,T0063314,2026-04-14 17:20:00,other,True
RF0063320,T0063320,2026-04-02 06:38:00,customer_request,True
RF0063322,T0063322,2026-01-09 19:38:00,other,True
RF0063335,T0063335,2026-07-24 16:39:00,other,True
RF0063341,T0063341,2026-02-26 17:16:00,product_issue,True
RF0063342,T0063342,2026-01-19 20:27:00,customer_request,True
RF0063345,T0063345,2026-01-30 14:22:00,customer_request,True
RF0063366,T0063366,2026-06-13 07:07:00,product_issue,True
RF0063390,T0063390,2026-05-19 17:08:00,duplicate,True
RF0063400,T0063400,2026-07-26 16:53:00,other,True
RF0063409,T0063409,2026-03-23 09:28:00,product_issue,True
RF0063415,T0063415,2026-02-06 10:36:00,product_issue,True
RF0063441,T0063441,2026-05-29 10:54:00,product_issue,True
RF0063450,T0063450,2026-03-07 00:22:00,customer_request,True
RF0063455,T0063455,2026-02-19 17:32:00,duplicate,True
RF0063458,T0063458,2026-02-28 14:12:00,duplicate,True
RF0063461,T0063461,2026-06-06 07:58:00,duplicate,True
RF0063463,T0063463,2026-07-11 02:50:00,duplicate,True
RF0063478,T0063478,2026-05-03 15:00:00,product_issue,True
RF0063479,T0063479,2026-05-26 13:55:00,product_issue,True
RF0063482,T0063482,2026-03-19 10:31:00,other,True
RF0063486,T0063486,2026-03-25 05:41:00,other,True
RF0063492,T0063492,2026-07-31 14:11:00,duplicate,True
RF0063501,T0063501,2026-03-02 21:40:00,customer_request,True
RF0063504,T0063504,2026-02-20 09:12:00,product_issue,True
RF0063505,T0063505,2026-03-04 15:58:00,customer_request,True
RF0063508,T0063508,2026-04-25 15:20:00,other,True
RF0063509,T0063509,2026-03-16 10:14:00,customer_request,True
RF0063524,T0063524,2026-05-26 16:10:00,duplicate,True
RF0063526,T0063526,2026-03-06 21:25:00,customer_request,True
RF0063531,T0063531,2026-05-09 04:46:00,duplicate,True
RF0063534,T0063534,2026-04-17 21:22:00,customer_request,True
RF0063537,T0063537,2026-04-09 22:12:00,other,True
RF0063566,T0063566,2026-05-25 18:58:00,other,True
RF0063601,T0063601,2026-01-02 18:35:00,product_issue,True
RF0063611,T0063611,2026-04-13 09:24:00,customer_request,True
RF0063623,T0063623,2026-05-13 17:32:00,product_issue,True
RF0063632,T0063632,2026-06-17 10:52:00,customer_request,True
RF0063637,T0063637,2026-07-08 21:36:00,customer_request,True
RF0063640,T0063640,2026-07-15 14:22:00,other,True
RF0063644,T0063644,2026-04-01 05:29:00,customer_request,True
RF0063656,T0063656,2026-03-23 20:40:00,product_issue,True
RF0063665,T0063665,2026-06-30 23:17:00,product_issue,True
RF0063677,T0063677,2026-03-18 07:42:00,other,True
RF0063686,T0063686,2026-06-21 22:08:00,duplicate,True
RF0063693,T0063693,2026-02-10 03:01:00,duplicate,True
RF0063695,T0063695,2026-06-28 15:56:00,product_issue,True
RF0063700,T0063700,2026-06-02 03:30:00,customer_request,True
RF0063703,T0063703,2026-06-07 06:02:00,customer_request,True
RF0063704,T0063704,2026-07-15 19:10:00,duplicate,True
RF0063706,T0063706,2026-02-09 18:26:00,other,True
RF0063710,T0063710,2026-01-30 09:41:00,customer_request,True
RF0063713,T0063713,2026-04-07 00:58:00,duplicate,True
RF0063720,T0063720,2026-05-30 08:43:00,customer_request,True
RF0063724,T0063724,2026-06-23 20:19:00,customer_request,True
RF0063734,T0063734,2026-01-07 21:52:00,product_issue,True
RF0063744,T0063744,2026-06-18 15:21:00,customer_request,True
RF0063755,T0063755,2026-03-21 18:22:00,other,True
RF0063758,T0063758,2026-03-03 03:38:00,duplicate,True
RF0063765,T0063765,2026-04-23 00:02:00,duplicate,True
RF0063767,T0063767,2026-01-18 17:20:00,customer_request,True
RF0063786,T0063786,2026-02-19 18:44:00,product_issue,True
RF0063794,T0063794,2026-07-14 14:03:00,customer_request,True
RF0063802,T0063802,2026-04-30 06:35:00,other,True
RF0063814,T0063814,2026-06-08 21:06:00,product_issue,True
RF0063816,T0063816,2026-01-15 21:26:00,duplicate,True
RF0063823,T0063823,2026-02-02 18:24:00,other,True
RF0063868,T0063868,2026-03-03 08:06:00,duplicate,True
RF0063879,T0063879,2026-03-08 20:46:00,customer_request,True
RF0063885,T0063885,2026-04-17 04:35:00,duplicate,True
RF0063896,T0063896,2026-06-29 10:36:00,duplicate,True
RF0063930,T0063930,2026-01-16 13:36:00,other,True
RF0063946,T0063946,2026-07-21 06:19:00,other,True
RF0063968,T0063968,2026-01-17 01:34:00,customer_request,True
RF0063975,T0063975,2026-03-25 20:39:00,other,True
RF0063976,T0063976,2026-07-17 16:36:00,product_issue,True
RF0063990,T0063990,2026-01-08 04:28:00,duplicate,True
RF0063994,T0063994,2026-05-10 10:15:00,other,True
RF0064003,T0064003,2026-01-11 11:35:00,duplicate,True
RF0064027,T0064027,2026-01-03 22:42:00,customer_request,True
RF0064032,T0064032,2026-04-26 12:55:00,duplicate,True
RF0064033,T0064033,2026-01-20 00:10:00,product_issue,True
RF0064063,T0064063,2026-02-24 21:58:00,other,True
RF0064079,T0064079,2026-03-25 17:28:00,duplicate,True
RF0064081,T0064081,2026-07-15 08:36:00,duplicate,True
RF0064086,T0064086,2026-06-25 06:38:00,duplicate,True
RF0064103,T0064103,2026-05-13 16:35:00,duplicate,True
RF0064105,T0064105,2026-04-20 16:16:00,duplicate,True
RF0064121,T0064121,2026-05-29 05:44:00,other,True
RF0064139,T0064139,2026-01-31 01:36:00,customer_request,True
RF0064141,T0064141,2026-06-15 15:57:00,customer_request,True
RF0064152,T0064152,2026-02-02 04:26:00,product_issue,True
RF0064153,T0064153,2026-08-01 21:24:00,customer_request,True
RF0064191,T0064191,2026-03-04 04:05:00,other,True
RF0064208,T0064208,2026-02-08 17:51:00,product_issue,True
RF0064234,T0064234,2026-06-24 14:39:00,customer_request,True
RF0064244,T0064244,2026-04-07 18:22:00,customer_request,True
RF0064270,T0064270,2026-04-13 12:29:00,product_issue,True
RF0064274,T0064274,2026-03-17 19:54:00,duplicate,True
RF0064279,T0064279,2026-01-07 00:34:00,other,True
RF0064287,T0064287,2026-02-07 10:38:00,customer_request,True
RF0064319,T0064319,2026-06-18 06:33:00,customer_request,True
RF0064335,T0064335,2026-07-26 12:07:00,other,True
RF0064336,T0064336,2026-02-08 18:26:00,product_issue,True
RF0064343,T0064343,2026-02-10 18:06:00,other,True
RF0064355,T0064355,2026-01-14 23:07:00,product_issue,True
RF0064356,T0064356,2026-01-18 02:21:00,customer_request,True
RF0064360,T0064360,2026-07-01 10:01:00,duplicate,True
RF0064362,T0064362,2026-03-24 17:36:00,customer_request,True
RF0064368,T0064368,2026-02-03 12:05:00,product_issue,True
RF0064383,T0064383,2026-06-11 16:30:00,duplicate,True
RF0064387,T0064387,2026-04-08 10:16:00,product_issue,True
RF0064395,T0064395,2026-07-15 17:35:00,duplicate,True
RF0064431,T0064431,2026-03-17 20:18:00,product_issue,True
RF0064449,T0064449,2026-04-14 15:19:00,other,True
RF0064454,T0064454,2026-06-14 23:32:00,duplicate,True
RF0064466,T0064466,2026-02-27 23:06:00,customer_request,True
RF0064504,T0064504,2026-02-02 07:45:00,duplicate,True
RF0064509,T0064509,2026-03-05 02:33:00,product_issue,True
RF0064510,T0064510,2026-04-15 16:49:00,product_issue,True
RF0064527,T0064527,2026-06-29 02:02:00,duplicate,True
RF0064561,T0064561,2026-03-07 03:44:00,other,True
RF0064579,T0064579,2026-03-18 19:02:00,customer_request,True
RF0064582,T0064582,2026-03-11 03:03:00,duplicate,True
RF0064599,T0064599,2026-03-17 06:44:00,other,True
RF0064617,T0064617,2026-02-27 15:25:00,customer_request,True
RF0064627,T0064627,2026-05-14 17:44:00,product_issue,True
RF0064647,T0064647,2026-02-06 13:03:00,product_issue,True
RF0064659,T0064659,2026-03-17 02:08:00,other,True
RF0064661,T0064661,2026-02-15 01:51:00,customer_request,True
RF0064681,T0064681,2026-06-24 23:44:00,product_issue,True
RF0064692,T0064692,2026-07-11 03:51:00,duplicate,True
RF0064705,T0064705,2026-03-15 11:17:00,duplicate,True
RF0064710,T0064710,2026-04-05 08:52:00,duplicate,True
RF0064723,T0064723,2026-03-02 16:08:00,product_issue,True
RF0064729,T0064729,2026-04-07 06:33:00,duplicate,True
RF0064731,T0064731,2026-03-03 17:52:00,duplicate,True
RF0064739,T0064739,2026-03-19 15:22:00,customer_request,True
RF0064754,T0064754,2026-07-30 19:11:00,customer_request,True
RF0064782,T0064782,2026-03-25 04:54:00,product_issue,True
RF0064805,T0064805,2026-03-23 07:58:00,product_issue,True
RF0064825,T0064825,2026-03-20 17:43:00,duplicate,True
RF0064835,T0064835,2026-05-08 12:58:00,product_issue,True
RF0064839,T0064839,2026-04-17 14:47:00,other,True
RF0064878,T0064878,2026-06-20 14:17:00,product_issue,True
RF0064890,T0064890,2026-04-16 19:39:00,duplicate,True
RF0064892,T0064892,2026-03-14 21:34:00,product_issue,True
RF0064897,T0064897,2026-03-10 21:18:00,other,True
RF0064898,T0064898,2026-05-05 08:45:00,other,True
RF0064904,T0064904,2026-03-31 07:06:00,customer_request,True
RF0064915,T0064915,2026-04-02 17:00:00,customer_request,True
RF0064954,T0064954,2026-01-28 14:05:00,customer_request,True
RF0064957,T0064957,2026-07-17 03:52:00,other,True
RF0064968,T0064968,2026-03-31 07:11:00,customer_request,True
RF0064979,T0064979,2026-06-14 15:43:00,product_issue,True
RF0064990,T0064990,2026-05-02 01:09:00,customer_request,True
RF0064991,T0064991,2026-06-08 02:31:00,customer_request,True
RF0065001,T0065001,2026-03-04 08:50:00,other,True
RF0065009,T0065009,2026-04-07 15:38:00,product_issue,True
RF0065035,T0065035,2026-05-12 16:57:00,other,True
RF0065043,T0065043,2026-04-17 22:56:00,customer_request,True
RF0065066,T0065066,2026-02-11 09:05:00,product_issue,True
RF0065073,T0065073,2026-06-16 08:40:00,customer_request,True
RF0065090,T0065090,2026-07-11 01:15:00,other,True
RF0065098,T0065098,2026-06-25 03:57:00,customer_request,True
RF0065102,T0065102,2026-01-22 14:11:00,customer_request,True
RF0065108,T0065108,2026-03-15 23:18:00,customer_request,True
RF0065113,T0065113,2026-06-28 00:24:00,customer_request,True
RF0065131,T0065131,2026-03-23 12:27:00,other,True
RF0065141,T0065141,2026-04-24 05:16:00,product_issue,True
RF0065170,T0065170,2026-07-05 19:55:00,customer_request,True
RF0065202,T0065202,2026-06-03 02:46:00,product_issue,True
RF0065204,T0065204,2026-06-21 09:41:00,other,True
RF0065219,T0065219,2026-06-14 17:39:00,other,True
RF0065231,T0065231,2026-06-04 21:11:00,customer_request,True
RF0065246,T0065246,2026-03-30 14:09:00,other,True
RF0065272,T0065272,2026-04-20 04:19:00,duplicate,True
RF0065276,T0065276,2026-05-03 19:36:00,product_issue,True
RF0065277,T0065277,2026-01-30 03:32:00,customer_request,True
RF0065292,T0065292,2026-02-14 03:52:00,other,True
RF0065294,T0065294,2026-03-09 18:20:00,product_issue,True
RF0065301,T0065301,2026-04-04 02:31:00,duplicate,True
RF0065310,T0065310,2026-01-02 21:16:00,duplicate,True
RF0065319,T0065319,2026-04-20 04:41:00,product_issue,True
RF0065331,T0065331,2026-02-21 18:16:00,customer_request,True
RF0065333,T0065333,2026-03-04 13:06:00,other,True
RF0065335,T0065335,2026-01-26 02:06:00,other,True
RF0065336,T0065336,2026-03-10 22:19:00,customer_request,True
RF0065339,T0065339,2026-05-09 04:22:00,duplicate,True
RF0065344,T0065344,2026-07-20 23:17:00,product_issue,True
RF0065347,T0065347,2026-01-04 14:18:00,product_issue,True
RF0065386,T0065386,2026-06-30 10:29:00,other,True
RF0065399,T0065399,2026-05-07 21:25:00,duplicate,True
RF0065409,T0065409,2026-03-11 14:49:00,customer_request,True
RF0065411,T0065411,2026-03-04 02:28:00,duplicate,True
RF0065427,T0065427,2026-01-06 22:33:00,other,True
RF0065434,T0065434,2026-01-30 12:55:00,duplicate,True
RF0065435,T0065435,2026-06-15 03:50:00,duplicate,True
RF0065445,T0065445,2026-07-12 09:10:00,product_issue,True
RF0065449,T0065449,2026-02-10 19:23:00,other,True
RF0065451,T0065451,2026-02-08 00:37:00,other,True
RF0065460,T0065460,2026-06-22 14:41:00,duplicate,True
RF0065461,T0065461,2026-03-14 21:21:00,duplicate,True
RF0065466,T0065466,2026-06-23 08:39:00,customer_request,True
RF0065467,T0065467,2026-04-13 03:13:00,customer_request,True
RF0065468,T0065468,2026-04-23 10:11:00,customer_request,True
RF0065477,T0065477,2026-01-30 03:51:00,customer_request,True
RF0065481,T0065481,2026-01-24 00:43:00,other,True
RF0065483,T0065483,2026-06-10 08:05:00,other,True
RF0065491,T0065491,2026-04-26 22:40:00,product_issue,True
RF0065498,T0065498,2026-06-26 15:12:00,product_issue,True
RF0065500,T0065500,2026-01-16 18:54:00,other,True
RF0065505,T0065505,2026-01-28 15:41:00,customer_request,True
RF0065514,T0065514,2026-03-14 06:53:00,other,True
RF0065524,T0065524,2026-03-10 03:18:00,duplicate,True
RF0065543,T0065543,2026-07-22 05:36:00,product_issue,True
RF0065561,T0065561,2026-03-10 09:21:00,duplicate,True
RF0065570,T0065570,2026-01-13 07:50:00,other,True
RF0065572,T0065572,2026-02-01 18:27:00,product_issue,True
RF0065581,T0065581,2026-04-01 01:25:00,other,True
RF0065588,T0065588,2026-01-13 17:23:00,product_issue,True
RF0065591,T0065591,2026-01-06 23:25:00,product_issue,True
RF0065606,T0065606,2026-05-22 10:41:00,other,True
RF0065609,T0065609,2026-07-29 23:28:00,other,True
RF0065614,T0065614,2026-07-22 06:08:00,customer_request,True
RF0065631,T0065631,2026-02-18 12:49:00,duplicate,True
RF0065641,T0065641,2026-06-16 11:40:00,product_issue,True
RF0065648,T0065648,2026-06-29 17:02:00,other,True
RF0065675,T0065675,2026-07-26 04:53:00,customer_request,True
RF0065688,T0065688,2026-02-20 03:58:00,product_issue,True
RF0065722,T0065722,2026-02-14 16:24:00,product_issue,True
RF0065725,T0065725,2026-07-02 05:46:00,product_issue,True
RF0065728,T0065728,2026-04-20 18:49:00,customer_request,True
RF0065737,T0065737,2026-04-09 12:53:00,duplicate,True
RF0065753,T0065753,2026-03-17 23:20:00,other,True
RF0065761,T0065761,2026-04-26 21:14:00,customer_request,True
RF0065762,T0065762,2026-02-08 22:16:00,customer_request,True
RF0065783,T0065783,2026-01-13 22:43:00,duplicate,True
RF0065787,T0065787,2026-01-28 14:42:00,customer_request,True
RF0065813,T0065813,2026-01-24 09:40:00,duplicate,True
RF0065819,T0065819,2026-03-09 00:59:00,duplicate,True
RF0065842,T0065842,2026-05-15 02:57:00,product_issue,True
RF0065861,T0065861,2026-02-14 06:05:00,customer_request,True
RF0065871,T0065871,2026-05-13 15:43:00,duplicate,True
RF0065875,T0065875,2026-05-01 08:20:00,duplicate,True
RF0065882,T0065882,2026-06-18 18:32:00,product_issue,True
RF0065889,T0065889,2026-01-31 19:09:00,customer_request,True
RF0065902,T0065902,2026-07-01 23:40:00,other,True
RF0065909,T0065909,2026-02-09 07:03:00,duplicate,True
RF0065923,T0065923,2026-06-28 23:32:00,other,True
RF0065950,T0065950,2026-04-11 00:18:00,other,True
RF0065953,T0065953,2026-07-08 14:44:00,customer_request,True
RF0065954,T0065954,2026-04-05 12:25:00,customer_request,True
RF0065962,T0065962,2026-07-15 22:55:00,customer_request,True
RF0065964,T0065964,2026-05-11 03:50:00,product_issue,True
RF0065969,T0065969,2026-07-17 15:43:00,product_issue,True
RF0065993,T0065993,2026-03-16 19:42:00,product_issue,True
RF0065999,T0065999,2026-02-03 09:40:00,product_issue,True
RF0066064,T0066064,2026-07-30 12:46:00,other,True
RF0066078,T0066078,2026-05-10 11:53:00,customer_request,True
RF0066091,T0066091,2026-06-16 07:25:00,other,True
RF0066093,T0066093,2026-03-20 05:37:00,duplicate,True
RF0066095,T0066095,2026-04-23 14:47:00,duplicate,True
RF0066099,T0066099,2026-06-06 16:52:00,product_issue,True
RF0066106,T0066106,2026-06-28 02:42:00,customer_request,True
RF0066111,T0066111,2026-07-01 20:07:00,duplicate,True
RF0066136,T0066136,2026-05-29 18:41:00,customer_request,True
RF0066146,T0066146,2026-02-18 21:13:00,duplicate,True
RF0066150,T0066150,2026-06-19 09:56:00,other,True
RF0066160,T0066160,2026-07-02 16:04:00,other,True
RF0066162,T0066162,2026-02-17 08:55:00,duplicate,True
RF0066169,T0066169,2026-03-02 14:12:00,customer_request,True
RF0066172,T0066172,2026-04-09 16:15:00,duplicate,True
RF0066175,T0066175,2026-05-01 02:40:00,duplicate,True
RF0066182,T0066182,2026-06-06 22:42:00,customer_request,True
RF0066185,T0066185,2026-04-17 19:45:00,customer_request,True
RF0066205,T0066205,2026-02-09 12:27:00,customer_request,True
RF0066228,T0066228,2026-05-03 17:02:00,product_issue,True
RF0066231,T0066231,2026-02-19 19:22:00,duplicate,True
RF0066251,T0066251,2026-02-13 15:11:00,other,True
RF0066255,T0066255,2026-05-28 00:47:00,other,True
RF0066257,T0066257,2026-01-04 13:47:00,customer_request,True
RF0066268,T0066268,2026-03-16 12:44:00,other,True
RF0066278,T0066278,2026-05-11 02:23:00,product_issue,True
RF0066291,T0066291,2026-03-12 17:55:00,other,True
RF0066297,T0066297,2026-04-22 02:54:00,duplicate,True
RF0066321,T0066321,2026-07-06 23:23:00,other,True
RF0066327,T0066327,2026-07-04 13:48:00,customer_request,True
RF0066332,T0066332,2026-03-12 09:50:00,product_issue,True
RF0066334,T0066334,2026-06-04 14:35:00,duplicate,True
RF0066344,T0066344,2026-02-05 07:47:00,product_issue,True
RF0066352,T0066352,2026-06-11 00:28:00,customer_request,True
RF0066357,T0066357,2026-03-31 20:36:00,product_issue,True
RF0066358,T0066358,2026-05-10 14:41:00,other,True
RF0066362,T0066362,2026-03-26 03:01:00,duplicate,True
RF0066370,T0066370,2026-03-16 22:46:00,customer_request,True
RF0066376,T0066376,2026-02-11 08:23:00,other,True
RF0066380,T0066380,2026-02-15 04:02:00,other,True
RF0066406,T0066406,2026-03-06 15:12:00,product_issue,True
RF0066419,T0066419,2026-07-16 06:54:00,other,True
RF0066428,T0066428,2026-07-13 08:51:00,other,True
RF0066433,T0066433,2026-02-07 00:58:00,other,True
RF0066442,T0066442,2026-04-19 17:08:00,customer_request,True
RF0066450,T0066450,2026-03-14 18:21:00,duplicate,True
RF0066456,T0066456,2026-05-24 13:35:00,duplicate,True
RF0066475,T0066475,2026-06-25 04:52:00,duplicate,True
RF0066478,T0066478,2026-06-27 05:09:00,duplicate,True
RF0066486,T0066486,2026-01-10 05:50:00,duplicate,True
RF0066504,T0066504,2026-07-18 20:07:00,duplicate,True
RF0066538,T0066538,2026-04-28 17:15:00,product_issue,True
RF0066542,T0066542,2026-06-29 15:03:00,duplicate,True
RF0066548,T0066548,2026-01-27 01:48:00,duplicate,True
RF0066551,T0066551,2026-06-21 18:10:00,duplicate,True
RF0066553,T0066553,2026-05-20 11:18:00,duplicate,True
RF0066555,T0066555,2026-02-20 16:08:00,other,True
RF0066570,T0066570,2026-03-06 12:09:00,customer_request,True
RF0066575,T0066575,2026-03-12 18:39:00,customer_request,True
RF0066607,T0066607,2026-03-29 07:26:00,customer_request,True
RF0066613,T0066613,2026-01-30 18:20:00,customer_request,True
RF0066616,T0066616,2026-02-06 10:00:00,duplicate,True
RF0066619,T0066619,2026-07-08 21:45:00,duplicate,True
RF0066631,T0066631,2026-05-07 00:13:00,customer_request,True
RF0066640,T0066640,2026-04-29 22:47:00,product_issue,True
RF0066672,T0066672,2026-02-14 03:45:00,customer_request,True
RF0066676,T0066676,2026-07-29 01:41:00,other,True
RF0066682,T0066682,2026-02-17 09:53:00,customer_request,True
RF0066689,T0066689,2026-01-20 13:31:00,duplicate,True
RF0066691,T0066691,2026-01-04 19:25:00,product_issue,True
RF0066715,T0066715,2026-04-08 06:25:00,customer_request,True
RF0066718,T0066718,2026-06-10 08:01:00,duplicate,True
RF0066721,T0066721,2026-04-14 08:30:00,duplicate,True
RF0066723,T0066723,2026-02-11 16:55:00,duplicate,True
RF0066735,T0066735,2026-07-31 06:49:00,product_issue,True
RF0066757,T0066757,2026-01-03 12:09:00,customer_request,True
RF0066758,T0066758,2026-03-15 18:46:00,customer_request,True
RF0066759,T0066759,2026-02-26 14:09:00,duplicate,True
RF0066784,T0066784,2026-03-16 06:33:00,other,True
RF0066787,T0066787,2026-06-22 02:20:00,other,True
RF0066805,T0066805,2026-03-05 09:40:00,duplicate,True
RF0066807,T0066807,2026-06-15 06:51:00,customer_request,True
RF0066821,T0066821,2026-04-30 00:23:00,customer_request,True
RF0066832,T0066832,2026-07-02 21:21:00,other,True
RF0066864,T0066864,2026-06-17 23:54:00,product_issue,True
RF0066871,T0066871,2026-01-25 05:01:00,duplicate,True
RF0066881,T0066881,2026-05-15 09:20:00,duplicate,True
RF0066888,T0066888,2026-06-22 20:20:00,duplicate,True
RF0066893,T0066893,2026-05-02 19:51:00,customer_request,True
RF0066899,T0066899,2026-06-09 10:26:00,duplicate,True
RF0066905,T0066905,2026-01-26 17:15:00,duplicate,True
RF0066955,T0066955,2026-02-01 14:31:00,product_issue,True
RF0066956,T0066956,2026-06-29 07:25:00,other,True
RF0066959,T0066959,2026-06-04 07:38:00,duplicate,True
RF0066961,T0066961,2026-03-08 23:16:00,other,True
RF0066971,T0066971,2026-03-13 02:44:00,product_issue,True
RF0066973,T0066973,2026-03-20 09:23:00,duplicate,True
RF0066980,T0066980,2026-03-22 05:20:00,customer_request,True
RF0067001,T0067001,2026-02-11 07:06:00,other,True
RF0067007,T0067007,2026-06-12 18:36:00,other,True
RF0067022,T0067022,2026-06-09 09:07:00,customer_request,True
RF0067035,T0067035,2026-05-25 20:02:00,customer_request,True
RF0067041,T0067041,2026-01-19 10:46:00,other,True
RF0067053,T0067053,2026-06-23 22:23:00,duplicate,True
RF0067054,T0067054,2026-06-05 01:03:00,other,True
RF0067068,T0067068,2026-03-21 17:38:00,other,True
RF0067095,T0067095,2026-03-17 17:08:00,customer_request,True
RF0067097,T0067097,2026-02-25 09:46:00,duplicate,True
RF0067101,T0067101,2026-07-11 10:02:00,duplicate,True
RF0067126,T0067126,2026-01-30 18:03:00,duplicate,True
RF0067130,T0067130,2026-07-27 11:50:00,duplicate,True
RF0067149,T0067149,2026-04-07 10:33:00,other,True
RF0067178,T0067178,2026-03-19 06:04:00,duplicate,True
RF0067192,T0067192,2026-06-14 05:57:00,product_issue,True
RF0067195,T0067195,2026-07-23 10:54:00,duplicate,True
RF0067199,T0067199,2026-04-14 04:37:00,duplicate,True
RF0067209,T0067209,2026-02-07 15:46:00,duplicate,True
RF0067222,T0067222,2026-01-08 18:00:00,product_issue,True
RF0067244,T0067244,2026-02-24 23:52:00,other,True
RF0067246,T0067246,2026-05-08 05:12:00,other,True
RF0067262,T0067262,2026-05-08 15:08:00,product_issue,True
RF0067264,T0067264,2026-02-25 04:45:00,customer_request,True
RF0067271,T0067271,2026-01-05 20:58:00,duplicate,True
RF0067275,T0067275,2026-05-10 21:27:00,product_issue,True
RF0067280,T0067280,2026-02-26 20:08:00,other,True
RF0067311,T0067311,2026-05-12 13:01:00,customer_request,True
RF0067323,T0067323,2026-06-27 12:34:00,duplicate,True
RF0067347,T0067347,2026-01-11 05:02:00,customer_request,True
RF0067375,T0067375,2026-02-20 15:26:00,product_issue,True
RF0067385,T0067385,2026-01-06 07:36:00,duplicate,True
RF0067393,T0067393,2026-01-23 18:49:00,product_issue,True
RF0067400,T0067400,2026-04-24 15:19:00,customer_request,True
RF0067411,T0067411,2026-04-25 04:28:00,customer_request,True
RF0067421,T0067421,2026-03-26 05:40:00,customer_request,True
RF0067435,T0067435,2026-01-11 15:40:00,product_issue,True
RF0067437,T0067437,2026-06-06 03:35:00,product_issue,True
RF0067439,T0067439,2026-01-30 03:16:00,duplicate,True
RF0067441,T0067441,2026-07-17 18:05:00,duplicate,True
RF0067444,T0067444,2026-04-17 22:23:00,other,True
RF0067449,T0067449,2026-01-18 21:27:00,product_issue,True
RF0067453,T0067453,2026-06-08 07:35:00,customer_request,True
RF0067458,T0067458,2026-02-20 15:58:00,other,True
RF0067469,T0067469,2026-07-30 14:53:00,other,True
RF0067488,T0067488,2026-05-09 12:11:00,product_issue,True
RF0067501,T0067501,2026-06-13 22:08:00,duplicate,True
RF0067507,T0067507,2026-05-27 23:04:00,customer_request,True
RF0067508,T0067508,2026-07-25 00:51:00,duplicate,True
RF0067532,T0067532,2026-03-25 06:34:00,other,True
RF0067547,T0067547,2026-07-08 20:11:00,other,True
RF0067548,T0067548,2026-05-16 12:25:00,customer_request,True
RF0067569,T0067569,2026-05-03 06:45:00,other,True
RF0067573,T0067573,2026-01-26 05:00:00,customer_request,True
RF0067576,T0067576,2026-07-27 04:42:00,other,True
RF0067577,T0067577,2026-07-13 22:29:00,duplicate,True
RF0067579,T0067579,2026-07-01 07:28:00,product_issue,True
RF0067580,T0067580,2026-06-27 10:23:00,customer_request,True
RF0067582,T0067582,2026-06-22 22:46:00,other,True
RF0067597,T0067597,2026-02-19 12:25:00,product_issue,True
RF0067599,T0067599,2026-05-03 07:31:00,product_issue,True
RF0067607,T0067607,2026-06-13 15:14:00,duplicate,True
RF0067615,T0067615,2026-05-30 21:03:00,product_issue,True
RF0067631,T0067631,2026-06-19 03:15:00,other,True
RF0067634,T0067634,2026-04-11 11:27:00,customer_request,True
RF0067635,T0067635,2026-04-09 20:58:00,duplicate,True
RF0067643,T0067643,2026-03-03 23:27:00,duplicate,True
RF0067644,T0067644,2026-04-12 06:58:00,customer_request,True
RF0067645,T0067645,2026-03-14 08:40:00,duplicate,True
RF0067662,T0067662,2026-02-27 09:36:00,customer_request,True
RF0067681,T0067681,2026-04-22 02:45:00,product_issue,True
RF0067684,T0067684,2026-07-27 12:52:00,duplicate,True
RF0067688,T0067688,2026-04-10 17:34:00,duplicate,True
RF0067697,T0067697,2026-05-02 23:21:00,duplicate,True
RF0067708,T0067708,2026-03-22 01:51:00,duplicate,True
RF0067722,T0067722,2026-02-26 05:40:00,customer_request,True
RF0067761,T0067761,2026-05-31 06:43:00,customer_request,True
RF0067764,T0067764,2026-05-04 18:31:00,product_issue,True
RF0067780,T0067780,2026-01-05 01:14:00,customer_request,True
RF0067788,T0067788,2026-01-09 13:01:00,customer_request,True
RF0067791,T0067791,2026-06-01 19:10:00,duplicate,True
RF0067800,T0067800,2026-06-18 11:07:00,other,True
RF0067808,T0067808,2026-01-26 20:42:00,duplicate,True
RF0067822,T0067822,2026-07-25 08:36:00,other,True
RF0067827,T0067827,2026-02-22 15:44:00,product_issue,True
RF0067840,T0067840,2026-07-21 02:50:00,other,True
RF0067849,T0067849,2026-06-27 19:13:00,duplicate,True
RF0067857,T0067857,2026-07-18 11:39:00,product_issue,True
RF0067860,T0067860,2026-01-03 06:54:00,other,True
RF0067864,T0067864,2026-05-09 17:08:00,product_issue,True
RF0067875,T0067875,2026-05-09 18:44:00,customer_request,True
RF0067879,T0067879,2026-01-16 18:01:00,other,True
RF0067880,T0067880,2026-01-28 16:17:00,product_issue,True
RF0067899,T0067899,2026-02-04 12:36:00,customer_request,True
RF0067908,T0067908,2026-07-27 00:18:00,other,True
RF0067918,T0067918,2026-05-24 22:56:00,duplicate,True
RF0067919,T0067919,2026-05-16 07:57:00,product_issue,True
RF0067927,T0067927,2026-01-20 20:08:00,duplicate,True
RF0067978,T0067978,2026-02-25 23:25:00,product_issue,True
RF0067980,T0067980,2026-02-17 15:18:00,other,True
RF0068000,T0068000,2026-05-04 05:28:00,duplicate,True
RF0068003,T0068003,2026-04-30 04:53:00,product_issue,True
RF0068004,T0068004,2026-03-10 22:47:00,customer_request,True
RF0068012,T0068012,2026-01-03 22:32:00,duplicate,True
RF0068018,T0068018,2026-01-17 08:37:00,product_issue,True
RF0068027,T0068027,2026-02-09 19:07:00,product_issue,True
RF0068031,T0068031,2026-01-14 21:43:00,customer_request,True
RF0068036,T0068036,2026-01-03 05:47:00,customer_request,True
RF0068043,T0068043,2026-01-19 12:27:00,product_issue,True
RF0068076,T0068076,2026-01-13 04:36:00,product_issue,True
RF0068084,T0068084,2026-06-10 19:59:00,duplicate,True
RF0068087,T0068087,2026-05-24 23:37:00,duplicate,True
RF0068097,T0068097,2026-06-01 11:06:00,duplicate,True
RF0068099,T0068099,2026-03-14 12:39:00,duplicate,True
RF0068101,T0068101,2026-06-30 00:11:00,customer_request,True
RF0068110,T0068110,2026-05-23 01:39:00,duplicate,True
RF0068124,T0068124,2026-01-14 14:28:00,other,True
RF0068128,T0068128,2026-02-19 04:02:00,customer_request,True
RF0068130,T0068130,2026-05-14 12:53:00,customer_request,True
RF0068136,T0068136,2026-06-03 08:15:00,other,True
RF0068144,T0068144,2026-06-04 19:41:00,customer_request,True
RF0068154,T0068154,2026-04-18 10:05:00,duplicate,True
RF0068167,T0068167,2026-07-15 15:29:00,duplicate,True
RF0068173,T0068173,2026-05-22 01:46:00,customer_request,True
RF0068174,T0068174,2026-07-19 13:00:00,other,True
RF0068195,T0068195,2026-06-17 22:46:00,duplicate,True
RF0068204,T0068204,2026-06-11 14:42:00,customer_request,True
RF0068207,T0068207,2026-01-21 18:09:00,duplicate,True
RF0068208,T0068208,2026-02-01 13:32:00,customer_request,True
RF0068212,T0068212,2026-05-26 20:01:00,duplicate,True
RF0068213,T0068213,2026-05-08 19:49:00,customer_request,True
RF0068215,T0068215,2026-02-03 16:55:00,other,True
RF0068222,T0068222,2026-04-06 05:37:00,other,True
RF0068239,T0068239,2026-07-27 12:16:00,customer_request,True
RF0068240,T0068240,2026-04-01 02:08:00,other,True
RF0068250,T0068250,2026-04-10 20:26:00,customer_request,True
RF0068257,T0068257,2026-01-18 08:48:00,customer_request,True
RF0068297,T0068297,2026-01-20 08:34:00,duplicate,True
RF0068325,T0068325,2026-04-28 03:33:00,customer_request,True
RF0068327,T0068327,2026-06-09 10:51:00,customer_request,True
RF0068329,T0068329,2026-07-13 11:18:00,other,True
RF0068339,T0068339,2026-01-10 08:12:00,other,True
RF0068370,T0068370,2026-03-25 02:02:00,customer_request,True
RF0068371,T0068371,2026-03-27 18:58:00,duplicate,True
RF0068372,T0068372,2026-04-28 00:26:00,product_issue,True
RF0068403,T0068403,2026-03-01 06:10:00,other,True
RF0068408,T0068408,2026-03-28 09:03:00,other,True
RF0068413,T0068413,2026-03-28 17:02:00,duplicate,True
RF0068437,T0068437,2026-05-16 23:48:00,product_issue,True
RF0068444,T0068444,2026-07-17 10:26:00,product_issue,True
RF0068455,T0068455,2026-05-02 01:21:00,duplicate,True
RF0068456,T0068456,2026-05-03 07:39:00,product_issue,True
RF0068462,T0068462,2026-05-04 06:57:00,other,True
RF0068480,T0068480,2026-03-27 09:21:00,other,True
RF0068486,T0068486,2026-02-25 22:38:00,product_issue,True
RF0068487,T0068487,2026-02-03 12:39:00,product_issue,True
RF0068498,T0068498,2026-01-28 21:26:00,customer_request,True
RF0068509,T0068509,2026-01-16 06:18:00,duplicate,True
RF0068525,T0068525,2026-05-30 15:22:00,product_issue,True
RF0068531,T0068531,2026-04-10 19:51:00,product_issue,True
RF0068534,T0068534,2026-02-03 16:43:00,other,True
RF0068558,T0068558,2026-01-17 07:41:00,product_issue,True
RF0068565,T0068565,2026-07-11 12:14:00,customer_request,True
RF0068575,T0068575,2026-06-04 06:25:00,duplicate,True
RF0068576,T0068576,2026-05-12 05:37:00,product_issue,True
RF0068580,T0068580,2026-02-06 03:48:00,product_issue,True
RF0068583,T0068583,2026-06-25 09:06:00,other,True
RF0068585,T0068585,2026-05-05 22:50:00,customer_request,True
RF0068610,T0068610,2026-03-30 22:34:00,other,True
RF0068612,T0068612,2026-04-24 17:43:00,other,True
RF0068641,T0068641,2026-07-25 16:31:00,customer_request,True
RF0068642,T0068642,2026-06-01 14:22:00,product_issue,True
RF0068653,T0068653,2026-05-12 05:48:00,other,True
RF0068687,T0068687,2026-05-01 20:38:00,product_issue,True
RF0068705,T0068705,2026-05-29 23:27:00,product_issue,True
RF0068706,T0068706,2026-07-31 04:45:00,customer_request,True
RF0068709,T0068709,2026-03-29 12:13:00,product_issue,True
RF0068738,T0068738,2026-05-22 03:18:00,duplicate,True
RF0068740,T0068740,2026-03-17 10:09:00,customer_request,True
RF0068742,T0068742,2026-06-15 20:43:00,customer_request,True
RF0068746,T0068746,2026-04-15 20:26:00,product_issue,True
RF0068748,T0068748,2026-04-22 00:17:00,customer_request,True
RF0068756,T0068756,2026-07-25 00:18:00,other,True
RF0068787,T0068787,2026-04-07 06:12:00,product_issue,True
RF0068799,T0068799,2026-02-03 12:05:00,other,True
RF0068803,T0068803,2026-04-11 13:46:00,duplicate,True
RF0068807,T0068807,2026-04-16 06:54:00,customer_request,True
RF0068809,T0068809,2026-05-16 06:26:00,duplicate,True
RF0068826,T0068826,2026-05-08 02:22:00,customer_request,True
RF0068840,T0068840,2026-01-20 20:54:00,other,True
RF0068858,T0068858,2026-03-07 16:37:00,duplicate,True
RF0068896,T0068896,2026-05-25 22:24:00,product_issue,True
RF0068944,T0068944,2026-03-04 02:19:00,other,True
RF0068947,T0068947,2026-02-13 08:37:00,customer_request,True
RF0068951,T0068951,2026-04-20 07:28:00,duplicate,True
RF0068952,T0068952,2026-01-15 08:23:00,duplicate,True
RF0068957,T0068957,2026-06-17 10:30:00,duplicate,True
RF0068971,T0068971,2026-02-11 17:46:00,duplicate,True
RF0068976,T0068976,2026-02-28 12:16:00,other,True
RF0068994,T0068994,2026-01-11 21:55:00,product_issue,True
RF0069008,T0069008,2026-04-23 20:57:00,product_issue,True
RF0069020,T0069020,2026-06-13 01:17:00,product_issue,True
RF0069026,T0069026,2026-05-04 05:39:00,customer_request,True
RF0069035,T0069035,2026-03-23 17:16:00,product_issue,True
RF0069037,T0069037,2026-02-24 09:32:00,duplicate,True
RF0069041,T0069041,2026-07-19 07:38:00,customer_request,True
RF0069043,T0069043,2026-07-25 08:19:00,other,True
RF0069091,T0069091,2026-03-22 04:27:00,other,True
RF0069109,T0069109,2026-03-11 02:34:00,duplicate,True
RF0069115,T0069115,2026-06-25 18:19:00,duplicate,True
RF0069129,T0069129,2026-06-29 19:23:00,product_issue,True
RF0069136,T0069136,2026-02-26 22:41:00,duplicate,True
RF0069141,T0069141,2026-07-26 07:35:00,other,True
RF0069168,T0069168,2026-05-14 02:46:00,other,True
RF0069195,T0069195,2026-04-29 13:51:00,customer_request,True
RF0069197,T0069197,2026-04-19 23:58:00,duplicate,True
RF0069227,T0069227,2026-06-08 09:05:00,duplicate,True
RF0069233,T0069233,2026-02-20 17:45:00,duplicate,True
RF0069241,T0069241,2026-03-13 06:26:00,customer_request,True
RF0069245,T0069245,2026-02-20 16:32:00,duplicate,True
RF0069260,T0069260,2026-04-24 15:01:00,duplicate,True
RF0069261,T0069261,2026-07-19 23:07:00,duplicate,True
RF0069268,T0069268,2026-02-24 00:49:00,product_issue,True
RF0069270,T0069270,2026-02-05 12:39:00,duplicate,True
RF0069271,T0069271,2026-07-30 18:03:00,duplicate,True
RF0069281,T0069281,2026-01-07 06:10:00,other,True
RF0069311,T0069311,2026-05-09 09:27:00,duplicate,True
RF0069322,T0069322,2026-01-23 07:42:00,other,True
RF0069344,T0069344,2026-05-01 06:11:00,duplicate,True
RF0069346,T0069346,2026-07-24 23:46:00,other,True
RF0069350,T0069350,2026-05-18 10:53:00,duplicate,True
RF0069354,T0069354,2026-04-28 18:52:00,product_issue,True
RF0069370,T0069370,2026-04-26 17:06:00,duplicate,True
RF0069374,T0069374,2026-05-09 19:48:00,product_issue,True
RF0069383,T0069383,2026-02-05 19:30:00,other,True
RF0069389,T0069389,2026-02-08 18:49:00,customer_request,True
RF0069390,T0069390,2026-04-19 09:16:00,customer_request,True
RF0069410,T0069410,2026-04-12 07:39:00,duplicate,True
RF0069435,T0069435,2026-01-19 18:48:00,product_issue,True
RF0069451,T0069451,2026-02-10 18:23:00,duplicate,True
RF0069454,T0069454,2026-04-20 21:05:00,customer_request,True
RF0069459,T0069459,2026-03-18 02:22:00,duplicate,True
RF0069460,T0069460,2026-07-22 06:34:00,duplicate,True
RF0069464,T0069464,2026-05-22 20:36:00,product_issue,True
RF0069467,T0069467,2026-01-03 20:39:00,duplicate,True
RF0069475,T0069475,2026-01-21 15:54:00,product_issue,True
RF0069476,T0069476,2026-04-25 07:55:00,duplicate,True
RF0069490,T0069490,2026-03-31 02:12:00,customer_request,True
RF0069508,T0069508,2026-02-03 04:05:00,other,True
RF0069542,T0069542,2026-01-28 18:32:00,product_issue,True
RF0069553,T0069553,2026-03-20 00:20:00,customer_request,True
RF0069573,T0069573,2026-07-08 23:43:00,product_issue,True
RF0069580,T0069580,2026-05-08 21:02:00,product_issue,True
RF0069615,T0069615,2026-05-06 05:42:00,product_issue,True
RF0069643,T0069643,2026-05-25 01:39:00,other,True
RF0069653,T0069653,2026-01-08 09:20:00,customer_request,True
RF0069672,T0069672,2026-02-15 03:10:00,customer_request,True
RF0069675,T0069675,2026-05-16 19:15:00,product_issue,True
RF0069680,T0069680,2026-07-09 00:42:00,duplicate,True
RF0069687,T0069687,2026-03-22 18:02:00,product_issue,True
RF0069699,T0069699,2026-01-11 03:02:00,duplicate,True
RF0069704,T0069704,2026-07-07 19:00:00,duplicate,True
RF0069713,T0069713,2026-07-26 00:23:00,product_issue,True
RF0069719,T0069719,2026-01-22 06:57:00,other,True
RF0069731,T0069731,2026-07-17 00:47:00,customer_request,True
RF0069743,T0069743,2026-04-29 14:14:00,customer_request,True
RF0069763,T0069763,2026-05-05 23:44:00,other,True
RF0069775,T0069775,2026-03-02 00:08:00,customer_request,True
RF0069790,T0069790,2026-03-11 19:45:00,other,True
RF0069795,T0069795,2026-01-18 05:57:00,product_issue,True
RF0069801,T0069801,2026-02-07 11:47:00,duplicate,True
RF0069809,T0069809,2026-04-02 18:25:00,other,True
RF0069812,T0069812,2026-02-07 11:44:00,duplicate,True
RF0069820,T0069820,2026-05-19 13:56:00,customer_request,True
RF0069834,T0069834,2026-04-10 19:04:00,customer_request,True
RF0069845,T0069845,2026-05-19 08:43:00,product_issue,True
RF0069847,T0069847,2026-04-10 22:14:00,product_issue,True
RF0069849,T0069849,2026-07-17 12:25:00,other,True
RF0069902,T0069902,2026-02-16 17:20:00,other,True
RF0069915,T0069915,2026-07-05 07:18:00,customer_request,True
RF0069940,T0069940,2026-04-26 03:52:00,product_issue,True
RF0069959,T0069959,2026-01-27 09:22:00,customer_request,True
RF0069971,T0069971,2026-05-23 19:12:00,product_issue,True
RF0069984,T0069984,2026-06-23 02:22:00,customer_request,True
RF0069985,T0069985,2026-06-22 16:34:00,other,True
RF0069987,T0069987,2026-06-13 06:11:00,product_issue,True
RF0070002,T0070002,2026-05-27 22:33:00,product_issue,True
RF0070040,T0070040,2026-04-09 16:54:00,duplicate,True
RF0070049,T0070049,2026-01-22 09:53:00,customer_request,True
RF0070054,T0070054,2026-01-09 23:29:00,duplicate,True
RF0070056,T0070056,2026-02-26 16:08:00,product_issue,True
RF0070076,T0070076,2026-05-08 03:44:00,customer_request,True
RF0070085,T0070085,2026-07-17 07:27:00,product_issue,True
RF0070087,T0070087,2026-02-01 00:29:00,duplicate,True
RF0070096,T0070096,2026-05-08 12:17:00,product_issue,True
RF0070101,T0070101,2026-01-12 19:14:00,other,True
RF0070117,T0070117,2026-07-28 09:31:00,product_issue,True
RF0070120,T0070120,2026-03-15 07:27:00,other,True
RF0070149,T0070149,2026-04-05 15:40:00,other,True
RF0070152,T0070152,2026-02-12 09:12:00,duplicate,True
RF0070190,T0070190,2026-01-09 21:19:00,product_issue,True
RF0070204,T0070204,2026-07-12 13:21:00,other,True
RF0070223,T0070223,2026-02-08 13:07:00,customer_request,True
RF0070234,T0070234,2026-03-15 05:11:00,other,True
RF0070239,T0070239,2026-01-19 04:54:00,customer_request,True
RF0070243,T0070243,2026-06-03 12:05:00,other,True
RF0070251,T0070251,2026-07-11 23:13:00,duplicate,True
RF0070262,T0070262,2026-05-30 09:30:00,customer_request,True
RF0070264,T0070264,2026-01-25 11:33:00,product_issue,True
RF0070279,T0070279,2026-07-20 21:01:00,customer_request,True
RF0070286,T0070286,2026-06-28 19:30:00,customer_request,True
RF0070295,T0070295,2026-03-08 05:17:00,other,True
RF0070326,T0070326,2026-05-17 13:25:00,other,True
RF0070327,T0070327,2026-01-17 00:23:00,other,True
RF0070331,T0070331,2026-06-21 05:22:00,other,True
RF0070340,T0070340,2026-02-16 01:12:00,other,True
RF0070367,T0070367,2026-04-12 09:36:00,product_issue,True
RF0070376,T0070376,2026-03-03 09:03:00,customer_request,True
RF0070380,T0070380,2026-04-03 23:57:00,other,True
RF0070381,T0070381,2026-03-24 03:27:00,product_issue,True
RF0070383,T0070383,2026-01-11 19:39:00,product_issue,True
RF0070389,T0070389,2026-01-18 02:49:00,customer_request,True
RF0070396,T0070396,2026-03-11 09:04:00,duplicate,True
RF0070398,T0070398,2026-05-14 20:09:00,customer_request,True
RF0070402,T0070402,2026-05-15 06:48:00,product_issue,True
RF0070403,T0070403,2026-03-16 14:45:00,other,True
RF0070404,T0070404,2026-05-18 21:17:00,other,True
RF0070405,T0070405,2026-03-26 04:37:00,other,True
RF0070407,T0070407,2026-02-19 08:16:00,duplicate,True
RF0070440,T0070440,2026-07-22 03:48:00,product_issue,True
RF0070467,T0070467,2026-06-18 11:15:00,other,True
RF0070483,T0070483,2026-04-17 16:02:00,other,True
RF0070491,T0070491,2026-04-19 16:55:00,product_issue,True
RF0070494,T0070494,2026-05-30 18:20:00,duplicate,True
RF0070516,T0070516,2026-05-07 01:28:00,customer_request,True
RF0070526,T0070526,2026-05-06 22:53:00,other,True
RF0070529,T0070529,2026-07-14 18:27:00,duplicate,True
RF0070551,T0070551,2026-07-01 04:56:00,other,True
RF0070566,T0070566,2026-03-05 18:49:00,duplicate,True
RF0070577,T0070577,2026-02-17 00:13:00,product_issue,True
RF0070600,T0070600,2026-07-24 10:29:00,duplicate,True
RF0070601,T0070601,2026-01-04 19:55:00,customer_request,True
RF0070624,T0070624,2026-01-08 07:07:00,product_issue,True
RF0070638,T0070638,2026-06-12 11:18:00,other,True
RF0070649,T0070649,2026-03-08 06:30:00,customer_request,True
RF0070656,T0070656,2026-05-01 05:30:00,customer_request,True
RF0070677,T0070677,2026-01-29 13:09:00,customer_request,True
RF0070687,T0070687,2026-07-05 05:34:00,customer_request,True
RF0070717,T0070717,2026-07-22 02:09:00,duplicate,True
RF0070729,T0070729,2026-03-12 10:01:00,product_issue,True
RF0070743,T0070743,2026-07-11 05:04:00,product_issue,True
RF0070754,T0070754,2026-03-05 00:05:00,customer_request,True
RF0070763,T0070763,2026-06-14 08:38:00,duplicate,True
RF0070764,T0070764,2026-05-12 20:50:00,product_issue,True
RF0070797,T0070797,2026-07-30 06:52:00,other,True
RF0070816,T0070816,2026-01-22 06:20:00,product_issue,True
RF0070823,T0070823,2026-06-05 17:50:00,product_issue,True
RF0070831,T0070831,2026-03-09 18:16:00,other,True
RF0070835,T0070835,2026-03-05 23:50:00,duplicate,True
RF0070851,T0070851,2026-04-27 14:07:00,other,True
RF0070880,T0070880,2026-03-11 07:14:00,customer_request,True
RF0070881,T0070881,2026-05-15 20:22:00,duplicate,True
RF0070883,T0070883,2026-03-21 16:19:00,duplicate,True
RF0070909,T0070909,2026-07-20 01:01:00,duplicate,True
RF0070913,T0070913,2026-05-10 20:10:00,customer_request,True
RF0070915,T0070915,2026-06-29 21:58:00,other,True
RF0070933,T0070933,2026-02-10 22:11:00,duplicate,True
RF0070935,T0070935,2026-03-29 01:51:00,product_issue,True
RF0070959,T0070959,2026-03-21 06:51:00,other,True
RF0070998,T0070998,2026-04-25 15:09:00,duplicate,True
RF0071033,T0071033,2026-04-04 00:26:00,customer_request,True
RF0071037,T0071037,2026-06-15 09:48:00,product_issue,True
RF0071042,T0071042,2026-07-06 00:53:00,product_issue,True
RF0071057,T0071057,2026-06-10 10:49:00,customer_request,True
RF0071060,T0071060,2026-01-26 15:12:00,product_issue,True
RF0071071,T0071071,2026-04-25 01:12:00,other,True
RF0071075,T0071075,2026-06-14 09:30:00,other,True
RF0071083,T0071083,2026-04-07 04:20:00,other,True
RF0071104,T0071104,2026-03-29 01:36:00,product_issue,True
RF0071128,T0071128,2026-05-06 07:24:00,product_issue,True
RF0071140,T0071140,2026-06-10 10:24:00,customer_request,True
RF0071144,T0071144,2026-04-01 21:09:00,product_issue,True
RF0071152,T0071152,2026-07-20 00:27:00,other,True
RF0071161,T0071161,2026-03-14 22:40:00,product_issue,True
RF0071167,T0071167,2026-03-26 05:40:00,product_issue,True
RF0071175,T0071175,2026-01-28 21:50:00,customer_request,True
RF0071177,T0071177,2026-01-21 13:12:00,other,True
RF0071199,T0071199,2026-05-23 00:55:00,product_issue,True
RF0071213,T0071213,2026-02-20 12:18:00,other,True
RF0071215,T0071215,2026-05-20 19:21:00,product_issue,True
RF0071216,T0071216,2026-03-21 21:45:00,product_issue,True
RF0071218,T0071218,2026-05-23 23:40:00,duplicate,True
RF0071231,T0071231,2026-03-26 08:20:00,other,True
RF0071234,T0071234,2026-05-06 14:26:00,customer_request,True
RF0071245,T0071245,2026-04-09 07:38:00,customer_request,True
RF0071251,T0071251,2026-07-31 16:17:00,other,True
RF0071256,T0071256,2026-06-27 04:00:00,duplicate,True
RF0071260,T0071260,2026-02-18 04:36:00,customer_request,True
RF0071268,T0071268,2026-04-23 20:46:00,duplicate,True
RF0071288,T0071288,2026-04-07 03:11:00,other,True
RF0071289,T0071289,2026-01-23 13:41:00,product_issue,True
RF0071306,T0071306,2026-03-02 14:35:00,other,True
RF0071309,T0071309,2026-02-14 15:28:00,duplicate,True
RF0071319,T0071319,2026-04-20 09:30:00,product_issue,True
RF0071320,T0071320,2026-04-20 06:46:00,product_issue,True
RF0071329,T0071329,2026-01-11 00:13:00,customer_request,True
RF0071332,T0071332,2026-02-01 20:06:00,customer_request,True
RF0071334,T0071334,2026-07-25 04:01:00,other,True
RF0071355,T0071355,2026-07-20 22:31:00,other,True
RF0071369,T0071369,2026-06-07 19:24:00,duplicate,True
RF0071396,T0071396,2026-06-01 09:41:00,product_issue,True
RF0071401,T0071401,2026-06-06 18:48:00,product_issue,True
RF0071419,T0071419,2026-03-09 23:51:00,customer_request,True
RF0071430,T0071430,2026-06-29 18:26:00,other,True
RF0071436,T0071436,2026-05-25 20:33:00,other,True
RF0071451,T0071451,2026-01-26 14:29:00,product_issue,True
RF0071453,T0071453,2026-07-26 12:53:00,other,True
RF0071454,T0071454,2026-05-26 19:42:00,duplicate,True
RF0071455,T0071455,2026-02-14 18:27:00,product_issue,True
RF0071456,T0071456,2026-05-08 02:07:00,product_issue,True
RF0071458,T0071458,2026-07-14 07:12:00,duplicate,True
RF0071472,T0071472,2026-01-31 17:09:00,product_issue,True
RF0071505,T0071505,2026-06-21 00:12:00,customer_request,True
RF0071525,T0071525,2026-07-15 14:16:00,customer_request,True
RF0071539,T0071539,2026-03-11 01:27:00,customer_request,True
RF0071547,T0071547,2026-06-14 13:51:00,customer_request,True
RF0071554,T0071554,2026-04-14 09:29:00,product_issue,True
RF0071561,T0071561,2026-05-06 07:05:00,product_issue,True
RF0071563,T0071563,2026-07-26 05:32:00,customer_request,True
RF0071583,T0071583,2026-03-16 17:28:00,product_issue,True
RF0071586,T0071586,2026-04-19 22:16:00,customer_request,True
RF0071603,T0071603,2026-05-29 05:24:00,customer_request,True
RF0071604,T0071604,2026-07-08 00:00:00,customer_request,True
RF0071605,T0071605,2026-03-25 16:36:00,product_issue,True
RF0071622,T0071622,2026-06-07 13:12:00,customer_request,True
RF0071631,T0071631,2026-02-11 04:28:00,other,True
RF0071639,T0071639,2026-02-14 10:00:00,product_issue,True
RF0071666,T0071666,2026-04-01 00:30:00,other,True
RF0071677,T0071677,2026-01-13 12:11:00,product_issue,True
RF0071690,T0071690,2026-02-26 04:23:00,other,True
RF0071694,T0071694,2026-03-09 16:24:00,product_issue,True
RF0071695,T0071695,2026-05-27 23:22:00,product_issue,True
RF0071697,T0071697,2026-01-26 22:56:00,other,True
RF0071698,T0071698,2026-06-27 17:26:00,duplicate,True
RF0071703,T0071703,2026-07-24 09:06:00,product_issue,True
RF0071708,T0071708,2026-05-07 09:20:00,other,True
RF0071715,T0071715,2026-07-20 07:45:00,duplicate,True
RF0071717,T0071717,2026-03-07 23:20:00,customer_request,True
RF0071723,T0071723,2026-01-11 11:59:00,product_issue,True
RF0071732,T0071732,2026-07-03 01:21:00,product_issue,True
RF0071734,T0071734,2026-06-04 06:40:00,product_issue,True
RF0071740,T0071740,2026-03-24 15:29:00,duplicate,True
RF0071748,T0071748,2026-03-30 07:31:00,product_issue,True
RF0071775,T0071775,2026-01-16 17:26:00,customer_request,True
RF0071800,T0071800,2026-06-17 03:12:00,product_issue,True
RF0071815,T0071815,2026-06-29 14:33:00,other,True
RF0071817,T0071817,2026-03-21 11:52:00,other,True
RF0071832,T0071832,2026-07-23 20:34:00,customer_request,True
RF0071834,T0071834,2026-05-06 11:02:00,product_issue,True
RF0071850,T0071850,2026-03-07 20:53:00,customer_request,True
RF0071870,T0071870,2026-02-05 08:45:00,other,True
RF0071872,T0071872,2026-03-06 11:31:00,customer_request,True
RF0071881,T0071881,2026-07-20 05:51:00,other,True
RF0071907,T0071907,2026-02-01 23:55:00,customer_request,True
RF0071924,T0071924,2026-05-02 08:29:00,other,True
RF0071954,T0071954,2026-04-17 00:56:00,other,True
RF0071958,T0071958,2026-01-12 00:52:00,product_issue,True
RF0071964,T0071964,2026-02-11 11:31:00,product_issue,True
RF0071966,T0071966,2026-02-23 03:40:00,duplicate,True
RF0071978,T0071978,2026-04-13 08:08:00,customer_request,True
RF0071987,T0071987,2026-02-23 05:53:00,duplicate,True
RF0071991,T0071991,2026-01-22 03:09:00,customer_request,True
RF0071995,T0071995,2026-05-21 04:21:00,other,True
RF0072000,T0072000,2026-02-07 07:26:00,duplicate,True
RF0072025,T0072025,2026-06-17 08:42:00,customer_request,True
RF0072034,T0072034,2026-02-18 11:50:00,duplicate,True
RF0072035,T0072035,2026-03-04 20:18:00,duplicate,True
RF0072052,T0072052,2026-02-23 17:02:00,other,True
RF0072056,T0072056,2026-05-11 05:28:00,product_issue,True
RF0072063,T0072063,2026-01-04 01:15:00,duplicate,True
RF0072078,T0072078,2026-07-28 19:13:00,product_issue,True
RF0072079,T0072079,2026-04-14 18:48:00,product_issue,True
RF0072095,T0072095,2026-01-30 18:07:00,product_issue,True
RF0072098,T0072098,2026-07-21 22:18:00,customer_request,True
RF0072109,T0072109,2026-04-06 05:09:00,customer_request,True
RF0072115,T0072115,2026-07-13 00:44:00,product_issue,True
RF0072118,T0072118,2026-01-15 05:39:00,product_issue,True
RF0072123,T0072123,2026-05-03 03:57:00,product_issue,True
RF0072130,T0072130,2026-05-10 11:03:00,other,True
RF0072145,T0072145,2026-01-19 07:21:00,duplicate,True
RF0072162,T0072162,2026-03-27 22:40:00,duplicate,True
RF0072163,T0072163,2026-03-27 23:56:00,duplicate,True
RF0072170,T0072170,2026-05-21 07:46:00,customer_request,True
RF0072186,T0072186,2026-05-06 13:14:00,product_issue,True
RF0072193,T0072193,2026-05-25 12:55:00,other,True
RF0072202,T0072202,2026-01-19 16:35:00,customer_request,True
RF0072204,T0072204,2026-05-04 01:46:00,product_issue,True
RF0072220,T0072220,2026-04-30 13:01:00,customer_request,True
RF0072222,T0072222,2026-07-26 12:58:00,other,True
RF0072262,T0072262,2026-03-13 03:12:00,product_issue,True
RF0072263,T0072263,2026-01-04 15:16:00,product_issue,True
RF0072307,T0072307,2026-02-15 01:10:00,duplicate,True
RF0072310,T0072310,2026-03-16 19:19:00,other,True
RF0072314,T0072314,2026-06-27 04:27:00,customer_request,True
RF0072329,T0072329,2026-04-28 12:52:00,other,True
RF0072339,T0072339,2026-02-19 16:32:00,other,True
RF0072345,T0072345,2026-06-05 18:42:00,duplicate,True
RF0072360,T0072360,2026-02-18 13:47:00,product_issue,True
RF0072363,T0072363,2026-04-18 00:43:00,other,True
RF0072370,T0072370,2026-05-01 21:03:00,other,True
RF0072391,T0072391,2026-07-09 20:28:00,duplicate,True
RF0072398,T0072398,2026-02-11 12:51:00,other,True
RF0072405,T0072405,2026-07-11 07:30:00,duplicate,True
RF0072407,T0072407,2026-05-02 14:11:00,customer_request,True
RF0072412,T0072412,2026-07-15 19:11:00,product_issue,True
RF0072419,T0072419,2026-03-30 09:08:00,product_issue,True
RF0072428,T0072428,2026-07-21 18:28:00,duplicate,True
RF0072432,T0072432,2026-08-01 04:03:00,product_issue,True
RF0072451,T0072451,2026-07-29 02:23:00,other,True
RF0072453,T0072453,2026-05-20 05:22:00,other,True
RF0072459,T0072459,2026-05-01 09:28:00,other,True
RF0072462,T0072462,2026-07-20 07:53:00,product_issue,True
RF0072466,T0072466,2026-04-02 10:54:00,duplicate,True
RF0072472,T0072472,2026-07-06 09:44:00,other,True
RF0072481,T0072481,2026-03-28 23:43:00,product_issue,True
RF0072486,T0072486,2026-04-14 02:27:00,customer_request,True
RF0072503,T0072503,2026-02-26 03:22:00,product_issue,True
RF0072510,T0072510,2026-06-26 21:50:00,customer_request,True
RF0072512,T0072512,2026-03-14 10:38:00,duplicate,True
RF0072524,T0072524,2026-01-16 11:02:00,duplicate,True
RF0072530,T0072530,2026-06-23 01:33:00,other,True
RF0072539,T0072539,2026-07-25 02:44:00,duplicate,True
RF0072554,T0072554,2026-05-03 23:59:00,customer_request,True
RF0072560,T0072560,2026-02-12 01:47:00,other,True
RF0072561,T0072561,2026-04-16 05:22:00,customer_request,True
RF0072567,T0072567,2026-05-09 01:03:00,duplicate,True
RF0072578,T0072578,2026-03-18 09:04:00,duplicate,True
RF0072599,T0072599,2026-01-15 18:43:00,duplicate,True
RF0072607,T0072607,2026-06-15 09:20:00,duplicate,True
RF0072630,T0072630,2026-01-31 06:30:00,duplicate,True
RF0072645,T0072645,2026-03-25 01:31:00,customer_request,True
RF0072647,T0072647,2026-05-20 07:01:00,customer_request,True
RF0072656,T0072656,2026-01-20 13:05:00,other,True
RF0072674,T0072674,2026-01-19 05:14:00,customer_request,True
RF0072678,T0072678,2026-01-07 02:26:00,product_issue,True
RF0072679,T0072679,2026-02-05 21:55:00,customer_request,True
RF0072683,T0072683,2026-04-03 11:03:00,customer_request,True
RF0072689,T0072689,2026-05-14 10:40:00,other,True
RF0072707,T0072707,2026-02-19 12:49:00,duplicate,True
RF0072710,T0072710,2026-02-14 03:59:00,duplicate,True
RF0072711,T0072711,2026-04-21 22:53:00,customer_request,True
RF0072726,T0072726,2026-05-15 10:18:00,product_issue,True
RF0072743,T0072743,2026-06-27 20:11:00,other,True
RF0072756,T0072756,2026-04-02 01:43:00,other,True
RF0072765,T0072765,2026-02-11 05:48:00,customer_request,True
RF0072784,T0072784,2026-05-20 00:47:00,customer_request,True
RF0072790,T0072790,2026-05-27 05:32:00,duplicate,True
RF0072851,T0072851,2026-01-20 18:53:00,duplicate,True
RF0072853,T0072853,2026-06-03 03:02:00,product_issue,True
RF0072858,T0072858,2026-05-08 09:36:00,other,True
RF0072859,T0072859,2026-07-22 14:41:00,customer_request,True
RF0072865,T0072865,2026-02-08 11:41:00,customer_request,True
RF0072879,T0072879,2026-02-19 04:16:00,duplicate,True
RF0072892,T0072892,2026-05-12 08:25:00,product_issue,True
RF0072893,T0072893,2026-02-10 03:27:00,duplicate,True
RF0072896,T0072896,2026-02-20 16:56:00,product_issue,True
RF0072920,T0072920,2026-06-17 06:33:00,product_issue,True
RF0072941,T0072941,2026-03-30 00:56:00,duplicate,True
RF0072944,T0072944,2026-02-12 06:49:00,customer_request,True
RF0072948,T0072948,2026-07-16 06:16:00,customer_request,True
RF0072952,T0072952,2026-07-15 06:21:00,product_issue,True
RF0072953,T0072953,2026-07-24 19:01:00,other,True
RF0072962,T0072962,2026-05-29 07:17:00,other,True
RF0072972,T0072972,2026-01-04 15:13:00,product_issue,True
RF0072973,T0072973,2026-07-03 00:15:00,duplicate,True
RF0072974,T0072974,2026-03-24 22:04:00,other,True
RF0072977,T0072977,2026-06-27 16:13:00,customer_request,True
RF0072978,T0072978,2026-01-31 20:03:00,customer_request,True
RF0072979,T0072979,2026-01-15 17:05:00,other,True
RF0073021,T0073021,2026-03-15 09:20:00,product_issue,True
RF0073054,T0073054,2026-06-10 09:14:00,customer_request,True
RF0073063,T0073063,2026-01-20 10:27:00,duplicate,True
RF0073083,T0073083,2026-06-22 21:18:00,duplicate,True
RF0073091,T0073091,2026-02-07 11:55:00,customer_request,True
RF0073098,T0073098,2026-06-18 04:22:00,customer_request,True
RF0073144,T0073144,2026-05-25 18:42:00,customer_request,True
RF0073149,T0073149,2026-06-14 07:59:00,other,True
RF0073165,T0073165,2026-05-20 14:43:00,duplicate,True
RF0073177,T0073177,2026-03-29 23:30:00,customer_request,True
RF0073181,T0073181,2026-06-15 19:23:00,other,True
RF0073198,T0073198,2026-05-24 04:55:00,other,True
RF0073200,T0073200,2026-02-09 10:56:00,product_issue,True
RF0073208,T0073208,2026-07-30 06:46:00,customer_request,True
RF0073223,T0073223,2026-06-13 13:52:00,customer_request,True
RF0073237,T0073237,2026-03-30 03:07:00,other,True
RF0073240,T0073240,2026-07-12 17:16:00,duplicate,True
RF0073250,T0073250,2026-01-29 00:38:00,duplicate,True
RF0073260,T0073260,2026-05-22 00:25:00,product_issue,True
RF0073270,T0073270,2026-01-21 15:39:00,customer_request,True
RF0073281,T0073281,2026-04-20 23:13:00,product_issue,True
RF0073287,T0073287,2026-07-13 18:02:00,product_issue,True
RF0073290,T0073290,2026-06-09 03:07:00,product_issue,True
RF0073297,T0073297,2026-07-29 06:11:00,other,True
RF0073302,T0073302,2026-06-23 03:19:00,other,True
RF0073303,T0073303,2026-03-25 18:12:00,duplicate,True
RF0073304,T0073304,2026-05-18 14:41:00,other,True
RF0073350,T0073350,2026-04-09 22:39:00,product_issue,True
RF0073369,T0073369,2026-02-20 10:29:00,other,True
RF0073377,T0073377,2026-01-12 03:56:00,other,True
RF0073399,T0073399,2026-03-02 13:31:00,duplicate,True
RF0073417,T0073417,2026-05-18 07:06:00,other,True
RF0073425,T0073425,2026-01-20 13:18:00,duplicate,True
RF0073464,T0073464,2026-02-25 07:52:00,duplicate,True
RF0073466,T0073466,2026-05-24 18:36:00,duplicate,True
RF0073474,T0073474,2026-06-06 21:38:00,other,True
RF0073476,T0073476,2026-03-12 00:33:00,customer_request,True
RF0073484,T0073484,2026-02-24 22:09:00,product_issue,True
RF0073486,T0073486,2026-01-04 21:47:00,customer_request,True
RF0073504,T0073504,2026-07-29 12:32:00,product_issue,True
RF0073513,T0073513,2026-06-21 15:04:00,product_issue,True
RF0073518,T0073518,2026-07-26 04:32:00,duplicate,True
RF0073530,T0073530,2026-03-24 08:34:00,customer_request,True
RF0073548,T0073548,2026-04-26 11:13:00,other,True
RF0073556,T0073556,2026-04-25 07:00:00,other,True
RF0073564,T0073564,2026-05-24 10:01:00,product_issue,True
RF0073566,T0073566,2026-02-23 22:44:00,customer_request,True
RF0073612,T0073612,2026-05-09 00:01:00,other,True
RF0073613,T0073613,2026-04-18 02:02:00,product_issue,True
RF0073636,T0073636,2026-04-23 02:18:00,customer_request,True
RF0073644,T0073644,2026-04-19 04:23:00,product_issue,True
RF0073652,T0073652,2026-03-28 06:09:00,customer_request,True
RF0073653,T0073653,2026-05-04 20:24:00,other,True
RF0073658,T0073658,2026-05-26 05:28:00,customer_request,True
RF0073663,T0073663,2026-03-11 02:18:00,other,True
RF0073679,T0073679,2026-07-17 20:25:00,duplicate,True
RF0073680,T0073680,2026-03-19 10:41:00,duplicate,True
RF0073710,T0073710,2026-04-30 23:34:00,other,True
RF0073723,T0073723,2026-04-22 02:18:00,customer_request,True
RF0073726,T0073726,2026-02-23 20:59:00,other,True
RF0073782,T0073782,2026-01-29 20:40:00,product_issue,True
RF0073784,T0073784,2026-06-10 00:58:00,customer_request,True
RF0073785,T0073785,2026-02-26 19:36:00,other,True
RF0073787,T0073787,2026-02-15 23:24:00,product_issue,True
RF0073821,T0073821,2026-04-25 11:08:00,duplicate,True
RF0073826,T0073826,2026-06-13 20:54:00,other,True
RF0073830,T0073830,2026-04-14 21:31:00,product_issue,True
RF0073836,T0073836,2026-04-02 12:21:00,product_issue,True
RF0073837,T0073837,2026-05-23 13:47:00,product_issue,True
RF0073838,T0073838,2026-05-27 00:21:00,other,True
RF0073846,T0073846,2026-04-08 14:20:00,other,True
RF0073862,T0073862,2026-04-02 20:21:00,customer_request,True
RF0073872,T0073872,2026-04-29 09:36:00,other,True
RF0073873,T0073873,2026-01-28 00:44:00,product_issue,True
RF0073876,T0073876,2026-04-19 07:36:00,product_issue,True
RF0073878,T0073878,2026-05-21 18:18:00,product_issue,True
RF0073879,T0073879,2026-06-18 13:10:00,product_issue,True
RF0073884,T0073884,2026-02-16 06:32:00,product_issue,True
RF0073887,T0073887,2026-01-04 04:27:00,other,True
RF0073890,T0073890,2026-01-19 02:09:00,duplicate,True
RF0073893,T0073893,2026-05-18 12:01:00,duplicate,True
RF0073894,T0073894,2026-05-24 15:42:00,other,True
RF0073908,T0073908,2026-02-03 19:05:00,product_issue,True
RF0073913,T0073913,2026-03-12 14:48:00,product_issue,True
RF0073918,T0073918,2026-06-29 01:32:00,customer_request,True
RF0073931,T0073931,2026-05-30 15:14:00,duplicate,True
RF0073942,T0073942,2026-03-03 13:15:00,other,True
RF0073950,T0073950,2026-06-24 19:38:00,other,True
RF0073951,T0073951,2026-05-05 21:46:00,duplicate,True
RF0073957,T0073957,2026-02-13 17:31:00,other,True
RF0073963,T0073963,2026-07-27 10:31:00,duplicate,True
RF0073969,T0073969,2026-04-13 10:59:00,other,True
RF0073975,T0073975,2026-02-04 00:57:00,other,True
RF0073986,T0073986,2026-02-12 19:08:00,customer_request,True
RF0074007,T0074007,2026-05-21 06:51:00,other,True
RF0074008,T0074008,2026-05-06 01:12:00,other,True
RF0074013,T0074013,2026-02-22 08:56:00,customer_request,True
RF0074015,T0074015,2026-04-13 10:03:00,customer_request,True
RF0074025,T0074025,2026-02-05 22:30:00,product_issue,True
RF0074035,T0074035,2026-07-02 17:09:00,duplicate,True
RF0074053,T0074053,2026-05-08 19:48:00,duplicate,True
RF0074065,T0074065,2026-06-13 13:05:00,duplicate,True
RF0074068,T0074068,2026-07-16 01:10:00,other,True
RF0074073,T0074073,2026-01-14 07:05:00,product_issue,True
RF0074089,T0074089,2026-05-07 12:11:00,other,True
RF0074095,T0074095,2026-06-09 11:11:00,other,True
RF0074097,T0074097,2026-05-15 13:29:00,other,True
RF0074098,T0074098,2026-01-08 02:50:00,product_issue,True
RF0074101,T0074101,2026-02-25 17:37:00,product_issue,True
RF0074108,T0074108,2026-04-02 02:41:00,duplicate,True
RF0074112,T0074112,2026-01-18 14:04:00,product_issue,True
RF0074120,T0074120,2026-03-31 09:58:00,duplicate,True
RF0074121,T0074121,2026-05-15 05:39:00,product_issue,True
RF0074125,T0074125,2026-07-02 17:17:00,customer_request,True
RF0074127,T0074127,2026-06-09 20:51:00,customer_request,True
RF0074131,T0074131,2026-01-09 14:43:00,other,True
RF0074139,T0074139,2026-02-12 12:52:00,customer_request,True
RF0074144,T0074144,2026-01-13 16:53:00,other,True
RF0074145,T0074145,2026-03-10 12:50:00,duplicate,True
RF0074147,T0074147,2026-01-07 16:30:00,duplicate,True
RF0074160,T0074160,2026-07-15 16:47:00,customer_request,True
RF0074164,T0074164,2026-04-20 04:04:00,other,True
RF0074167,T0074167,2026-05-09 00:16:00,product_issue,True
RF0074172,T0074172,2026-04-04 06:13:00,duplicate,True
RF0074175,T0074175,2026-01-09 06:45:00,customer_request,True
RF0074181,T0074181,2026-01-28 07:52:00,product_issue,True
RF0074182,T0074182,2026-02-11 02:20:00,product_issue,True
RF0074191,T0074191,2026-07-06 04:46:00,product_issue,True
RF0074212,T0074212,2026-03-12 03:01:00,customer_request,True
RF0074216,T0074216,2026-03-12 01:55:00,duplicate,True
RF0074218,T0074218,2026-01-24 08:11:00,product_issue,True
RF0074241,T0074241,2026-02-13 09:14:00,other,True
RF0074243,T0074243,2026-01-31 22:45:00,other,True
RF0074252,T0074252,2026-06-04 15:21:00,duplicate,True
RF0074262,T0074262,2026-06-03 11:58:00,duplicate,True
RF0074280,T0074280,2026-07-28 12:57:00,other,True
RF0074302,T0074302,2026-04-04 10:54:00,other,True
RF0074304,T0074304,2026-03-06 01:46:00,other,True
RF0074311,T0074311,2026-01-08 01:41:00,product_issue,True
RF0074313,T0074313,2026-04-08 11:21:00,duplicate,True
RF0074326,T0074326,2026-07-11 03:12:00,product_issue,True
RF0074347,T0074347,2026-04-18 23:56:00,duplicate,True
RF0074355,T0074355,2026-06-07 01:01:00,duplicate,True
RF0074379,T0074379,2026-05-08 13:14:00,duplicate,True
RF0074386,T0074386,2026-01-31 01:07:00,product_issue,True
RF0074409,T0074409,2026-01-22 12:15:00,product_issue,True
RF0074425,T0074425,2026-05-26 09:01:00,product_issue,True
RF0074439,T0074439,2026-07-19 19:03:00,duplicate,True
RF0074456,T0074456,2026-05-25 04:46:00,customer_request,True
RF0074457,T0074457,2026-02-20 13:54:00,duplicate,True
RF0074469,T0074469,2026-01-01 21:42:00,other,True
RF0074475,T0074475,2026-07-10 11:28:00,other,True
RF0074484,T0074484,2026-04-06 04:18:00,product_issue,True
RF0074524,T0074524,2026-06-07 20:11:00,product_issue,True
RF0074534,T0074534,2026-02-08 02:40:00,other,True
RF0074536,T0074536,2026-05-05 23:57:00,duplicate,True
RF0074573,T0074573,2026-04-10 04:54:00,product_issue,True
RF0074595,T0074595,2026-07-11 18:03:00,customer_request,True
RF0074597,T0074597,2026-06-07 13:10:00,product_issue,True
RF0074605,T0074605,2026-01-06 04:10:00,other,True
RF0074616,T0074616,2026-03-14 22:19:00,product_issue,True
RF0074638,T0074638,2026-07-30 11:07:00,other,True
RF0074656,T0074656,2026-06-09 13:11:00,product_issue,True
RF0074667,T0074667,2026-07-07 13:02:00,other,True
RF0074671,T0074671,2026-02-19 15:42:00,duplicate,True
RF0074678,T0074678,2026-03-25 18:53:00,customer_request,True
RF0074692,T0074692,2026-01-27 14:37:00,other,True
RF0074698,T0074698,2026-06-15 23:18:00,product_issue,True
RF0074699,T0074699,2026-06-30 21:27:00,customer_request,True
RF0074701,T0074701,2026-06-21 03:31:00,other,True
RF0074703,T0074703,2026-01-25 23:48:00,customer_request,True
RF0074720,T0074720,2026-04-09 11:37:00,duplicate,True
RF0074747,T0074747,2026-06-27 10:51:00,customer_request,True
RF0074761,T0074761,2026-06-11 09:23:00,product_issue,True
RF0074764,T0074764,2026-04-14 14:44:00,duplicate,True
RF0074767,T0074767,2026-05-30 05:36:00,product_issue,True
RF0074768,T0074768,2026-03-27 12:48:00,product_issue,True
RF0074783,T0074783,2026-03-26 12:37:00,customer_request,True
RF0074790,T0074790,2026-01-12 21:11:00,other,True
RF0074792,T0074792,2026-05-27 19:29:00,duplicate,True
RF0074820,T0074820,2026-07-16 09:22:00,product_issue,True
RF0074822,T0074822,2026-01-20 17:58:00,customer_request,True
RF0074836,T0074836,2026-06-18 07:22:00,product_issue,True
RF0074837,T0074837,2026-05-14 08:16:00,product_issue,True
RF0074840,T0074840,2026-07-15 20:05:00,other,True
RF0074843,T0074843,2026-07-25 13:03:00,customer_request,True
RF0074846,T0074846,2026-06-13 21:46:00,product_issue,True
RF0074853,T0074853,2026-07-03 01:20:00,product_issue,True
RF0074861,T0074861,2026-02-20 22:43:00,duplicate,True
RF0074873,T0074873,2026-01-22 13:30:00,customer_request,True
RF0074877,T0074877,2026-05-15 18:29:00,customer_request,True
RF0074879,T0074879,2026-06-03 03:39:00,customer_request,True
RF0074898,T0074898,2026-07-23 16:57:00,customer_request,True
RF0074904,T0074904,2026-04-23 02:21:00,customer_request,True
RF0074905,T0074905,2026-06-11 04:38:00,other,True
RF0074920,T0074920,2026-07-29 01:08:00,duplicate,True
RF0074939,T0074939,2026-02-19 02:49:00,other,True
RF0074967,T0074967,2026-02-14 13:35:00,other,True
RF0074968,T0074968,2026-06-08 07:12:00,customer_request,True
RF0074978,T0074978,2026-01-23 22:31:00,product_issue,True
RF0074984,T0074984,2026-01-12 18:31:00,product_issue,True
RF0074992,T0074992,2026-04-18 13:32:00,customer_request,True
RF0074993,T0074993,2026-05-07 12:39:00,duplicate,True
RF0074998,T0074998,2026-07-22 15:30:00,product_issue,True
RF0075000,T0075000,2026-04-16 12:18:00,duplicate,True
RF0075014,T0075014,2026-01-06 07:22:00,other,True
RF0075015,T0075015,2026-07-15 01:23:00,other,True
RF0075022,T0075022,2026-02-14 20:21:00,other,True
RF0075024,T0075024,2026-02-19 08:03:00,customer_request,True
RF0075025,T0075025,2026-04-03 21:13:00,other,True
RF0075030,T0075030,2026-07-20 10:27:00,duplicate,True
RF0075032,T0075032,2026-01-23 13:43:00,customer_request,True
RF0075037,T0075037,2026-01-23 11:29:00,other,True
RF0075042,T0075042,2026-04-30 19:30:00,product_issue,True
RF0075045,T0075045,2026-02-10 02:42:00,other,True
RF0075068,T0075068,2026-04-11 04:59:00,product_issue,True
RF0075075,T0075075,2026-04-08 23:08:00,customer_request,True
RF0075105,T0075105,2026-07-18 19:39:00,duplicate,True
RF0075107,T0075107,2026-07-25 12:00:00,product_issue,True
RF0075108,T0075108,2026-06-10 21:18:00,customer_request,True
RF0075155,T0075155,2026-02-02 10:35:00,product_issue,True
RF0075169,T0075169,2026-04-25 06:59:00,duplicate,True
RF0075176,T0075176,2026-02-17 20:44:00,customer_request,True
RF0075182,T0075182,2026-01-09 20:53:00,duplicate,True
RF0075194,T0075194,2026-04-07 03:46:00,product_issue,True
RF0075203,T0075203,2026-02-26 11:17:00,other,True
RF0075206,T0075206,2026-05-01 23:47:00,other,True
RF0075213,T0075213,2026-02-18 04:18:00,customer_request,True
RF0075235,T0075235,2026-05-27 03:32:00,customer_request,True
RF0075240,T0075240,2026-05-07 11:02:00,customer_request,True
RF0075256,T0075256,2026-05-22 16:13:00,duplicate,True
RF0075261,T0075261,2026-02-06 13:27:00,product_issue,True
RF0075275,T0075275,2026-03-11 01:31:00,customer_request,True
RF0075298,T0075298,2026-07-20 00:13:00,duplicate,True
RF0075300,T0075300,2026-05-20 19:33:00,product_issue,True
RF0075310,T0075310,2026-05-06 05:22:00,product_issue,True
RF0075311,T0075311,2026-01-11 21:16:00,other,True
RF0075320,T0075320,2026-06-01 20:01:00,other,True
RF0075327,T0075327,2026-04-30 20:14:00,duplicate,True
RF0075332,T0075332,2026-03-11 07:05:00,product_issue,True
RF0075333,T0075333,2026-02-16 14:16:00,customer_request,True
RF0075343,T0075343,2026-07-07 13:21:00,product_issue,True
RF0075361,T0075361,2026-04-03 05:01:00,duplicate,True
RF0075364,T0075364,2026-01-08 17:21:00,product_issue,True
RF0075371,T0075371,2026-03-15 06:52:00,duplicate,True
RF0075379,T0075379,2026-01-02 07:32:00,customer_request,True
RF0075384,T0075384,2026-03-15 06:04:00,duplicate,True
RF0075397,T0075397,2026-07-17 19:06:00,other,True
RF0075418,T0075418,2026-03-30 23:30:00,customer_request,True
RF0075419,T0075419,2026-04-25 18:44:00,customer_request,True
RF0075425,T0075425,2026-07-05 14:39:00,product_issue,True
RF0075439,T0075439,2026-03-28 05:14:00,product_issue,True
RF0075442,T0075442,2026-05-28 13:52:00,other,True
RF0075452,T0075452,2026-03-13 06:14:00,duplicate,True
RF0075459,T0075459,2026-06-11 04:29:00,other,True
RF0075488,T0075488,2026-05-03 19:13:00,duplicate,True
RF0075495,T0075495,2026-05-17 14:33:00,product_issue,True
RF0075504,T0075504,2026-06-24 23:34:00,customer_request,True
RF0075515,T0075515,2026-05-23 09:01:00,product_issue,True
RF0075523,T0075523,2026-01-04 19:54:00,duplicate,True
RF0075534,T0075534,2026-03-19 20:38:00,duplicate,True
RF0075536,T0075536,2026-03-03 17:39:00,customer_request,True
RF0075551,T0075551,2026-03-09 05:42:00,product_issue,True
RF0075564,T0075564,2026-05-16 05:47:00,other,True
RF0075585,T0075585,2026-02-01 05:38:00,duplicate,True
RF0075592,T0075592,2026-06-20 16:51:00,other,True
RF0075602,T0075602,2026-01-21 12:35:00,product_issue,True
RF0075609,T0075609,2026-03-23 16:12:00,product_issue,True
RF0075612,T0075612,2026-03-23 05:23:00,product_issue,True
RF0075640,T0075640,2026-01-24 02:26:00,other,True
RF0075645,T0075645,2026-05-24 14:18:00,product_issue,True
RF0075682,T0075682,2026-05-03 17:16:00,product_issue,True
RF0075683,T0075683,2026-04-02 14:50:00,duplicate,True
RF0075694,T0075694,2026-02-18 09:06:00,other,True
RF0075702,T0075702,2026-07-07 05:04:00,other,True
RF0075703,T0075703,2026-05-21 08:23:00,other,True
RF0075721,T0075721,2026-01-09 07:44:00,product_issue,True
RF0075724,T0075724,2026-03-05 05:48:00,customer_request,True
RF0075745,T0075745,2026-04-19 01:20:00,duplicate,True
RF0075746,T0075746,2026-02-05 15:31:00,other,True
RF0075747,T0075747,2026-01-08 16:11:00,product_issue,True
RF0075767,T0075767,2026-01-18 16:50:00,duplicate,True
RF0075771,T0075771,2026-02-23 06:59:00,product_issue,True
RF0075795,T0075795,2026-02-07 01:12:00,duplicate,True
RF0075811,T0075811,2026-06-27 01:52:00,other,True
RF0075830,T0075830,2026-03-27 06:53:00,product_issue,True
RF0075834,T0075834,2026-04-21 17:06:00,duplicate,True
RF0075844,T0075844,2026-04-05 13:42:00,duplicate,True
RF0075847,T0075847,2026-07-31 21:21:00,product_issue,True
RF0075852,T0075852,2026-04-09 06:54:00,other,True
RF0075858,T0075858,2026-03-18 21:02:00,other,True
RF0075861,T0075861,2026-07-14 05:33:00,duplicate,True
RF0075863,T0075863,2026-05-19 21:39:00,other,True
RF0075879,T0075879,2026-04-22 23:22:00,duplicate,True
RF0075900,T0075900,2026-06-12 23:42:00,customer_request,True
RF0075934,T0075934,2026-06-25 08:35:00,product_issue,True
RF0075955,T0075955,2026-04-29 03:48:00,product_issue,True
RF0075956,T0075956,2026-07-21 07:00:00,other,True
RF0075957,T0075957,2026-04-17 17:52:00,customer_request,True
RF0075968,T0075968,2026-01-22 13:13:00,other,True
RF0075970,T0075970,2026-02-02 15:36:00,product_issue,True
RF0075972,T0075972,2026-02-09 15:14:00,duplicate,True
RF0075978,T0075978,2026-03-01 16:31:00,product_issue,True
RF0075980,T0075980,2026-05-19 14:34:00,customer_request,True
RF0076005,T0076005,2026-07-23 00:34:00,customer_request,True
RF0076012,T0076012,2026-05-16 18:40:00,other,True
RF0076018,T0076018,2026-05-15 16:28:00,customer_request,True
RF0076025,T0076025,2026-07-26 01:43:00,customer_request,True
RF0076039,T0076039,2026-01-19 05:06:00,duplicate,True
RF0076045,T0076045,2026-04-11 03:19:00,duplicate,True
RF0076072,T0076072,2026-04-13 07:28:00,customer_request,True
RF0076080,T0076080,2026-06-16 03:34:00,duplicate,True
RF0076085,T0076085,2026-06-28 21:15:00,product_issue,True
RF0076095,T0076095,2026-07-28 11:36:00,other,True
RF0076097,T0076097,2026-07-03 05:08:00,other,True
RF0076100,T0076100,2026-03-22 06:03:00,product_issue,True
RF0076105,T0076105,2026-04-01 01:35:00,duplicate,True
RF0076114,T0076114,2026-04-22 18:42:00,duplicate,True
RF0076117,T0076117,2026-06-07 10:34:00,duplicate,True
RF0076130,T0076130,2026-02-20 16:46:00,other,True
RF0076151,T0076151,2026-01-08 15:16:00,duplicate,True
RF0076170,T0076170,2026-01-02 22:30:00,duplicate,True
RF0076179,T0076179,2026-02-04 00:31:00,other,True
RF0076198,T0076198,2026-07-02 01:23:00,product_issue,True
RF0076210,T0076210,2026-07-19 14:54:00,duplicate,True
RF0076213,T0076213,2026-03-30 10:02:00,customer_request,True
RF0076216,T0076216,2026-07-13 05:48:00,customer_request,True
RF0076217,T0076217,2026-05-23 07:40:00,other,True
RF0076218,T0076218,2026-05-16 22:55:00,other,True
RF0076243,T0076243,2026-06-08 22:19:00,other,True
RF0076247,T0076247,2026-03-07 05:36:00,other,True
RF0076248,T0076248,2026-01-02 16:23:00,duplicate,True
RF0076258,T0076258,2026-07-26 08:32:00,product_issue,True
RF0076281,T0076281,2026-02-03 11:51:00,product_issue,True
RF0076284,T0076284,2026-03-23 13:07:00,other,True
RF0076292,T0076292,2026-02-08 17:39:00,other,True
RF0076293,T0076293,2026-07-17 14:34:00,duplicate,True
RF0076303,T0076303,2026-06-14 09:47:00,other,True
RF0076330,T0076330,2026-05-02 04:50:00,customer_request,True
RF0076347,T0076347,2026-03-27 18:35:00,duplicate,True
RF0076357,T0076357,2026-03-20 21:20:00,duplicate,True
RF0076391,T0076391,2026-02-06 07:51:00,customer_request,True
RF0076401,T0076401,2026-05-15 02:35:00,duplicate,True
RF0076412,T0076412,2026-03-28 00:12:00,duplicate,True
RF0076428,T0076428,2026-07-01 22:24:00,customer_request,True
RF0076431,T0076431,2026-02-15 17:17:00,other,True
RF0076433,T0076433,2026-06-05 20:06:00,product_issue,True
RF0076470,T0076470,2026-03-17 08:26:00,customer_request,True
RF0076480,T0076480,2026-05-11 23:24:00,customer_request,True
RF0076514,T0076514,2026-04-28 11:18:00,customer_request,True
RF0076516,T0076516,2026-06-14 09:20:00,duplicate,True
RF0076529,T0076529,2026-03-31 16:01:00,product_issue,True
RF0076555,T0076555,2026-05-18 23:21:00,product_issue,True
RF0076556,T0076556,2026-02-21 13:55:00,other,True
RF0076559,T0076559,2026-03-22 13:07:00,duplicate,True
RF0076565,T0076565,2026-03-14 08:31:00,other,True
RF0076571,T0076571,2026-07-14 13:19:00,other,True
RF0076575,T0076575,2026-05-09 11:33:00,duplicate,True
RF0076580,T0076580,2026-03-08 09:50:00,product_issue,True
RF0076591,T0076591,2026-05-15 11:26:00,duplicate,True
RF0076618,T0076618,2026-01-26 01:43:00,customer_request,True
RF0076635,T0076635,2026-06-16 21:52:00,product_issue,True
RF0076649,T0076649,2026-05-17 19:53:00,other,True
RF0076662,T0076662,2026-04-15 19:44:00,other,True
RF0076663,T0076663,2026-02-17 08:14:00,customer_request,True
RF0076665,T0076665,2026-02-14 12:08:00,duplicate,True
RF0076666,T0076666,2026-02-21 10:33:00,customer_request,True
RF0076667,T0076667,2026-05-11 12:43:00,other,True
RF0076670,T0076670,2026-01-04 15:17:00,other,True
RF0076684,T0076684,2026-02-05 22:11:00,product_issue,True
RF0076717,T0076717,2026-06-27 19:04:00,other,True
RF0076724,T0076724,2026-03-03 22:54:00,duplicate,True
RF0076745,T0076745,2026-04-11 01:26:00,product_issue,True
RF0076747,T0076747,2026-07-20 13:17:00,other,True
RF0076754,T0076754,2026-02-21 03:58:00,other,True
RF0076757,T0076757,2026-02-01 04:44:00,other,True
RF0076762,T0076762,2026-05-18 17:11:00,product_issue,True
RF0076774,T0076774,2026-01-18 13:45:00,duplicate,True
RF0076809,T0076809,2026-03-30 07:46:00,customer_request,True
RF0076814,T0076814,2026-04-11 01:58:00,product_issue,True
RF0076821,T0076821,2026-03-08 00:17:00,other,True
RF0076822,T0076822,2026-03-20 02:34:00,duplicate,True
RF0076832,T0076832,2026-04-06 19:12:00,product_issue,True
RF0076835,T0076835,2026-05-23 02:36:00,product_issue,True
RF0076838,T0076838,2026-04-30 15:06:00,product_issue,True
RF0076839,T0076839,2026-06-06 07:59:00,product_issue,True
RF0076843,T0076843,2026-01-11 05:57:00,customer_request,True
RF0076859,T0076859,2026-04-18 23:37:00,product_issue,True
RF0076860,T0076860,2026-03-06 22:00:00,duplicate,True
RF0076865,T0076865,2026-02-21 16:12:00,customer_request,True
RF0076896,T0076896,2026-03-28 12:57:00,customer_request,True
RF0076924,T0076924,2026-06-30 18:53:00,other,True
RF0076927,T0076927,2026-03-30 08:39:00,customer_request,True
RF0076931,T0076931,2026-03-30 03:16:00,customer_request,True
RF0076935,T0076935,2026-02-12 06:15:00,customer_request,True
RF0076938,T0076938,2026-04-23 09:47:00,duplicate,True
RF0076953,T0076953,2026-04-25 20:03:00,other,True
RF0076955,T0076955,2026-02-07 16:23:00,product_issue,True
RF0076975,T0076975,2026-06-07 21:32:00,other,True
RF0077014,T0077014,2026-07-10 11:46:00,duplicate,True
RF0077018,T0077018,2026-06-11 00:44:00,other,True
RF0077028,T0077028,2026-04-16 18:53:00,customer_request,True
RF0077037,T0077037,2026-03-30 14:42:00,customer_request,True
RF0077039,T0077039,2026-05-26 20:44:00,product_issue,True
RF0077047,T0077047,2026-06-18 14:39:00,customer_request,True
RF0077051,T0077051,2026-06-30 08:18:00,customer_request,True
RF0077054,T0077054,2026-02-23 09:30:00,customer_request,True
RF0077070,T0077070,2026-06-24 01:28:00,duplicate,True
RF0077088,T0077088,2026-01-22 07:00:00,customer_request,True
RF0077090,T0077090,2026-06-03 18:21:00,product_issue,True
RF0077095,T0077095,2026-07-15 10:15:00,customer_request,True
RF0077098,T0077098,2026-03-14 04:34:00,other,True
RF0077100,T0077100,2026-02-24 22:37:00,other,True
RF0077114,T0077114,2026-01-21 22:08:00,other,True
RF0077116,T0077116,2026-01-31 19:47:00,other,True
RF0077124,T0077124,2026-01-06 07:47:00,product_issue,True
RF0077139,T0077139,2026-05-23 17:30:00,other,True
RF0077170,T0077170,2026-01-17 17:07:00,other,True
RF0077176,T0077176,2026-02-10 07:32:00,other,True
RF0077179,T0077179,2026-07-31 21:55:00,duplicate,True
RF0077195,T0077195,2026-07-13 06:29:00,product_issue,True
RF0077199,T0077199,2026-05-18 17:55:00,product_issue,True
RF0077207,T0077207,2026-06-23 09:31:00,product_issue,True
RF0077213,T0077213,2026-07-20 13:28:00,product_issue,True
RF0077215,T0077215,2026-01-29 14:14:00,other,True
RF0077222,T0077222,2026-02-13 11:48:00,other,True
RF0077244,T0077244,2026-01-28 08:22:00,customer_request,True
RF0077268,T0077268,2026-04-14 07:52:00,product_issue,True
RF0077271,T0077271,2026-04-14 02:46:00,product_issue,True
RF0077279,T0077279,2026-01-13 08:01:00,product_issue,True
RF0077288,T0077288,2026-07-04 14:23:00,customer_request,True
RF0077315,T0077315,2026-05-19 16:16:00,product_issue,True
RF0077318,T0077318,2026-03-30 22:05:00,other,True
RF0077330,T0077330,2026-01-16 10:14:00,product_issue,True
RF0077342,T0077342,2026-06-05 05:59:00,product_issue,True
RF0077358,T0077358,2026-03-28 10:00:00,product_issue,True
RF0077386,T0077386,2026-03-28 03:25:00,product_issue,True
RF0077387,T0077387,2026-03-03 17:04:00,duplicate,True
RF0077419,T0077419,2026-01-28 21:18:00,duplicate,True
RF0077425,T0077425,2026-05-31 19:52:00,duplicate,True
RF0077427,T0077427,2026-01-03 13:42:00,duplicate,True
RF0077439,T0077439,2026-01-24 05:04:00,duplicate,True
RF0077447,T0077447,2026-04-15 02:47:00,other,True
RF0077455,T0077455,2026-07-04 07:20:00,duplicate,True
RF0077461,T0077461,2026-04-13 03:03:00,other,True
RF0077464,T0077464,2026-07-08 05:00:00,product_issue,True
RF0077465,T0077465,2026-02-21 07:26:00,product_issue,True
RF0077486,T0077486,2026-04-07 07:21:00,other,True
RF0077495,T0077495,2026-06-11 15:46:00,customer_request,True
RF0077511,T0077511,2026-06-02 05:00:00,customer_request,True
RF0077522,T0077522,2026-05-14 23:18:00,duplicate,True
RF0077523,T0077523,2026-06-29 20:43:00,customer_request,True
RF0077533,T0077533,2026-06-22 09:51:00,product_issue,True
RF0077544,T0077544,2026-04-02 08:01:00,other,True
RF0077558,T0077558,2026-07-30 23:30:00,duplicate,True
RF0077574,T0077574,2026-06-28 19:18:00,product_issue,True
RF0077604,T0077604,2026-05-18 22:11:00,customer_request,True
RF0077614,T0077614,2026-01-04 22:18:00,product_issue,True
RF0077623,T0077623,2026-05-21 17:33:00,other,True
RF0077639,T0077639,2026-01-09 17:10:00,product_issue,True
RF0077649,T0077649,2026-03-31 06:32:00,duplicate,True
RF0077651,T0077651,2026-03-25 05:36:00,duplicate,True
RF0077652,T0077652,2026-06-08 07:21:00,product_issue,True
RF0077665,T0077665,2026-05-03 21:18:00,duplicate,True
RF0077685,T0077685,2026-03-03 16:01:00,customer_request,True
RF0077688,T0077688,2026-01-16 01:16:00,duplicate,True
RF0077689,T0077689,2026-03-24 06:48:00,other,True
RF0077709,T0077709,2026-07-10 14:44:00,product_issue,True
RF0077725,T0077725,2026-07-10 10:24:00,other,True
RF0077745,T0077745,2026-03-22 06:22:00,other,True
RF0077752,T0077752,2026-05-04 02:47:00,other,True
RF0077761,T0077761,2026-05-31 15:08:00,duplicate,True
RF0077780,T0077780,2026-05-31 21:03:00,duplicate,True
RF0077784,T0077784,2026-04-14 15:57:00,product_issue,True
RF0077793,T0077793,2026-03-11 22:27:00,product_issue,True
RF0077797,T0077797,2026-01-20 20:52:00,other,True
RF0077803,T0077803,2026-07-21 12:49:00,product_issue,True
RF0077817,T0077817,2026-02-05 21:17:00,customer_request,True
RF0077823,T0077823,2026-03-30 15:59:00,customer_request,True
RF0077831,T0077831,2026-01-30 17:36:00,product_issue,True
RF0077834,T0077834,2026-07-18 03:19:00,customer_request,True
RF0077839,T0077839,2026-06-28 12:53:00,customer_request,True
RF0077853,T0077853,2026-02-19 13:01:00,product_issue,True
RF0077878,T0077878,2026-04-24 19:24:00,other,True
RF0077879,T0077879,2026-04-28 01:56:00,customer_request,True
RF0077880,T0077880,2026-06-13 09:16:00,other,True
RF0077891,T0077891,2026-02-26 05:22:00,other,True
RF0077897,T0077897,2026-03-28 21:59:00,duplicate,True
RF0077900,T0077900,2026-06-07 04:50:00,customer_request,True
RF0077902,T0077902,2026-02-06 03:23:00,product_issue,True
RF0077918,T0077918,2026-01-18 17:55:00,product_issue,True
RF0077920,T0077920,2026-01-26 10:03:00,other,True
RF0077933,T0077933,2026-02-10 04:54:00,product_issue,True
RF0077946,T0077946,2026-01-18 14:12:00,duplicate,True
RF0077949,T0077949,2026-07-09 07:07:00,other,True
RF0077954,T0077954,2026-06-30 11:34:00,other,True
RF0077955,T0077955,2026-03-11 21:40:00,duplicate,True
RF0077958,T0077958,2026-02-11 18:50:00,customer_request,True
RF0077960,T0077960,2026-07-29 13:00:00,product_issue,True
RF0077977,T0077977,2026-04-27 10:05:00,product_issue,True
RF0077983,T0077983,2026-05-23 08:24:00,other,True
RF0077995,T0077995,2026-01-08 00:55:00,product_issue,True
RF0077998,T0077998,2026-03-02 22:25:00,customer_request,True
RF0078000,T0078000,2026-07-06 14:15:00,duplicate,True
RF0078009,T0078009,2026-02-03 12:51:00,customer_request,True
RF0078035,T0078035,2026-03-19 08:46:00,customer_request,True
RF0078071,T0078071,2026-07-05 23:04:00,customer_request,True
RF0078073,T0078073,2026-01-18 01:38:00,customer_request,True
RF0078084,T0078084,2026-03-07 19:13:00,duplicate,True
RF0078124,T0078124,2026-04-25 07:35:00,duplicate,True
RF0078125,T0078125,2026-04-06 12:25:00,customer_request,True
RF0078130,T0078130,2026-07-16 14:54:00,other,True
RF0078137,T0078137,2026-07-16 19:34:00,customer_request,True
RF0078145,T0078145,2026-04-16 14:24:00,duplicate,True
RF0078162,T0078162,2026-01-27 15:11:00,customer_request,True
RF0078164,T0078164,2026-05-28 09:21:00,other,True
RF0078165,T0078165,2026-08-01 19:51:00,customer_request,True
RF0078174,T0078174,2026-04-20 16:40:00,duplicate,True
RF0078177,T0078177,2026-02-09 09:48:00,other,True
RF0078195,T0078195,2026-05-22 20:14:00,duplicate,True
RF0078196,T0078196,2026-04-24 15:56:00,other,True
RF0078203,T0078203,2026-05-18 06:32:00,other,True
RF0078212,T0078212,2026-04-04 21:51:00,customer_request,True
RF0078227,T0078227,2026-07-31 10:00:00,other,True
RF0078236,T0078236,2026-01-13 01:24:00,duplicate,True
RF0078237,T0078237,2026-05-16 04:17:00,customer_request,True
RF0078243,T0078243,2026-01-15 17:40:00,customer_request,True
RF0078248,T0078248,2026-05-24 19:19:00,customer_request,True
RF0078251,T0078251,2026-02-11 22:56:00,customer_request,True
RF0078255,T0078255,2026-03-15 17:26:00,other,True
RF0078256,T0078256,2026-03-12 17:16:00,product_issue,True
RF0078268,T0078268,2026-04-09 13:24:00,customer_request,True
RF0078273,T0078273,2026-01-22 21:14:00,product_issue,True
RF0078279,T0078279,2026-06-22 05:52:00,customer_request,True
RF0078289,T0078289,2026-04-07 04:03:00,customer_request,True
RF0078306,T0078306,2026-05-28 13:18:00,other,True
RF0078309,T0078309,2026-02-07 10:03:00,customer_request,True
RF0078313,T0078313,2026-07-07 05:26:00,duplicate,True
RF0078334,T0078334,2026-06-26 12:39:00,duplicate,True
RF0078335,T0078335,2026-03-28 12:06:00,customer_request,True
RF0078340,T0078340,2026-06-28 21:03:00,customer_request,True
RF0078345,T0078345,2026-04-12 07:29:00,duplicate,True
RF0078351,T0078351,2026-06-26 02:58:00,customer_request,True
RF0078365,T0078365,2026-03-03 16:02:00,product_issue,True
RF0078366,T0078366,2026-05-04 01:42:00,duplicate,True
RF0078369,T0078369,2026-04-08 01:04:00,product_issue,True
RF0078371,T0078371,2026-07-16 23:59:00,other,True
RF0078396,T0078396,2026-05-28 20:44:00,duplicate,True
RF0078400,T0078400,2026-04-29 10:49:00,customer_request,True
RF0078405,T0078405,2026-04-30 09:30:00,product_issue,True
RF0078424,T0078424,2026-04-08 16:50:00,customer_request,True
RF0078435,T0078435,2026-01-03 06:36:00,duplicate,True
RF0078449,T0078449,2026-07-08 16:03:00,other,True
RF0078454,T0078454,2026-01-22 06:51:00,duplicate,True
RF0078457,T0078457,2026-07-21 12:04:00,other,True
RF0078459,T0078459,2026-04-04 13:23:00,customer_request,True
RF0078506,T0078506,2026-07-21 08:16:00,other,True
RF0078518,T0078518,2026-06-03 05:27:00,product_issue,True
RF0078539,T0078539,2026-03-25 08:55:00,other,True
RF0078554,T0078554,2026-02-11 03:18:00,product_issue,True
RF0078561,T0078561,2026-05-20 04:48:00,duplicate,True
RF0078578,T0078578,2026-05-25 15:52:00,duplicate,True
RF0078580,T0078580,2026-03-25 06:57:00,duplicate,True
RF0078589,T0078589,2026-06-08 18:22:00,duplicate,True
RF0078593,T0078593,2026-04-18 15:06:00,product_issue,True
RF0078600,T0078600,2026-07-03 20:23:00,product_issue,True
RF0078617,T0078617,2026-07-04 20:59:00,duplicate,True
RF0078640,T0078640,2026-04-13 04:22:00,product_issue,True
RF0078645,T0078645,2026-04-14 20:21:00,customer_request,True
RF0078647,T0078647,2026-07-01 08:57:00,other,True
RF0078661,T0078661,2026-02-02 09:25:00,product_issue,True
RF0078667,T0078667,2026-07-27 10:26:00,product_issue,True
RF0078668,T0078668,2026-05-20 15:57:00,product_issue,True
RF0078683,T0078683,2026-03-12 13:23:00,customer_request,True
RF0078686,T0078686,2026-06-25 23:27:00,other,True
RF0078692,T0078692,2026-04-05 13:43:00,other,True
RF0078702,T0078702,2026-02-06 15:17:00,customer_request,True
RF0078713,T0078713,2026-04-09 02:35:00,other,True
RF0078734,T0078734,2026-03-10 10:51:00,customer_request,True
RF0078737,T0078737,2026-03-21 08:04:00,other,True
RF0078738,T0078738,2026-06-14 12:56:00,customer_request,True
RF0078752,T0078752,2026-01-30 22:31:00,other,True
RF0078755,T0078755,2026-07-06 00:13:00,product_issue,True
RF0078762,T0078762,2026-04-14 16:19:00,product_issue,True
RF0078783,T0078783,2026-02-25 09:19:00,duplicate,True
RF0078815,T0078815,2026-06-12 10:14:00,product_issue,True
RF0078832,T0078832,2026-05-31 12:55:00,other,True
RF0078844,T0078844,2026-03-31 10:36:00,duplicate,True
RF0078852,T0078852,2026-04-19 05:45:00,duplicate,True
RF0078854,T0078854,2026-02-01 23:54:00,duplicate,True
RF0078870,T0078870,2026-07-31 07:02:00,duplicate,True
RF0078895,T0078895,2026-04-22 10:38:00,customer_request,True
RF0078911,T0078911,2026-06-29 12:57:00,duplicate,True
RF0078921,T0078921,2026-02-18 17:38:00,customer_request,True
RF0078934,T0078934,2026-03-16 03:49:00,customer_request,True
RF0078939,T0078939,2026-05-25 22:52:00,customer_request,True
RF0078961,T0078961,2026-07-24 20:56:00,duplicate,True
RF0078962,T0078962,2026-04-18 07:27:00,product_issue,True
RF0078964,T0078964,2026-07-18 10:10:00,duplicate,True
RF0078966,T0078966,2026-07-25 04:19:00,other,True
RF0078987,T0078987,2026-05-12 16:48:00,customer_request,True
RF0078988,T0078988,2026-06-09 11:14:00,duplicate,True
RF0079045,T0079045,2026-06-04 21:30:00,product_issue,True
RF0079069,T0079069,2026-03-23 06:04:00,other,True
RF0079071,T0079071,2026-06-23 04:22:00,product_issue,True
RF0079089,T0079089,2026-06-03 10:34:00,product_issue,True
RF0079119,T0079119,2026-05-14 03:55:00,other,True
RF0079124,T0079124,2026-07-05 10:10:00,customer_request,True
RF0079130,T0079130,2026-01-27 02:37:00,duplicate,True
RF0079141,T0079141,2026-01-10 01:37:00,duplicate,True
RF0079155,T0079155,2026-03-10 09:49:00,customer_request,True
RF0079168,T0079168,2026-01-16 22:52:00,other,True
RF0079169,T0079169,2026-01-06 16:01:00,other,True
RF0079177,T0079177,2026-03-04 15:54:00,other,True
RF0079186,T0079186,2026-03-16 15:29:00,other,True
RF0079188,T0079188,2026-03-04 11:18:00,product_issue,True
RF0079195,T0079195,2026-01-08 04:29:00,other,True
RF0079231,T0079231,2026-06-16 16:00:00,customer_request,True
RF0079243,T0079243,2026-07-16 03:52:00,duplicate,True
RF0079252,T0079252,2026-03-05 00:46:00,duplicate,True
RF0079278,T0079278,2026-02-16 23:12:00,other,True
RF0079280,T0079280,2026-01-13 21:38:00,product_issue,True
RF0079293,T0079293,2026-07-20 14:06:00,duplicate,True
RF0079304,T0079304,2026-02-28 02:26:00,other,True
RF0079308,T0079308,2026-03-17 06:17:00,product_issue,True
RF0079327,T0079327,2026-05-16 12:34:00,duplicate,True
RF0079331,T0079331,2026-06-18 01:22:00,other,True
RF0079339,T0079339,2026-02-03 16:29:00,customer_request,True
RF0079363,T0079363,2026-06-07 19:30:00,other,True
RF0079399,T0079399,2026-06-24 13:11:00,duplicate,True
RF0079433,T0079433,2026-03-30 04:30:00,product_issue,True
RF0079442,T0079442,2026-05-27 03:27:00,customer_request,True
RF0079460,T0079460,2026-07-11 14:50:00,customer_request,True
RF0079470,T0079470,2026-06-10 23:15:00,product_issue,True
RF0079472,T0079472,2026-05-10 19:43:00,duplicate,True
RF0079474,T0079474,2026-04-06 13:28:00,product_issue,True
RF0079535,T0079535,2026-03-12 13:01:00,product_issue,True
RF0079548,T0079548,2026-04-12 15:02:00,customer_request,True
RF0079554,T0079554,2026-07-12 13:00:00,duplicate,True
RF0079565,T0079565,2026-03-16 19:49:00,duplicate,True
RF0079568,T0079568,2026-05-12 16:08:00,duplicate,True
RF0079570,T0079570,2026-04-06 08:46:00,customer_request,True
RF0079574,T0079574,2026-01-19 20:12:00,customer_request,True
RF0079601,T0079601,2026-02-16 23:01:00,other,True
RF0079604,T0079604,2026-06-17 10:08:00,duplicate,True
RF0079619,T0079619,2026-02-16 21:59:00,duplicate,True
RF0079625,T0079625,2026-05-16 12:32:00,customer_request,True
RF0079626,T0079626,2026-03-06 05:31:00,customer_request,True
RF0079636,T0079636,2026-01-16 18:26:00,product_issue,True
RF0079640,T0079640,2026-02-25 21:46:00,product_issue,True
RF0079660,T0079660,2026-06-11 04:40:00,customer_request,True
RF0079676,T0079676,2026-06-26 04:29:00,duplicate,True
RF0079677,T0079677,2026-05-24 03:17:00,other,True
RF0079681,T0079681,2026-01-02 19:09:00,other,True
RF0079682,T0079682,2026-07-23 00:23:00,product_issue,True
RF0079688,T0079688,2026-07-08 21:16:00,other,True
RF0079700,T0079700,2026-06-04 18:27:00,customer_request,True
RF0079702,T0079702,2026-04-29 17:56:00,product_issue,True
RF0079705,T0079705,2026-03-14 13:18:00,duplicate,True
RF0079706,T0079706,2026-05-02 01:42:00,other,True
RF0079708,T0079708,2026-07-27 20:41:00,other,True
RF0079767,T0079767,2026-06-10 03:28:00,product_issue,True
RF0079777,T0079777,2026-01-20 22:03:00,product_issue,True
RF0079820,T0079820,2026-07-21 21:08:00,product_issue,True
RF0079825,T0079825,2026-04-05 22:06:00,other,True
RF0079853,T0079853,2026-01-12 22:19:00,other,True
RF0079857,T0079857,2026-02-12 15:21:00,duplicate,True
RF0079863,T0079863,2026-07-02 15:11:00,customer_request,True
RF0079865,T0079865,2026-02-11 18:20:00,duplicate,True
RF0079879,T0079879,2026-01-30 04:00:00,other,True
RF0079891,T0079891,2026-04-22 16:59:00,customer_request,True
RF0079906,T0079906,2026-02-20 10:57:00,customer_request,True
RF0079910,T0079910,2026-06-21 17:43:00,other,True
RF0079915,T0079915,2026-06-04 08:29:00,customer_request,True
RF0079933,T0079933,2026-05-21 11:27:00,other,True
RF0079944,T0079944,2026-06-14 16:20:00,customer_request,True
